fecha,afp,retorno_real,retorno_predicho,segmento
2024-02-26,Habitat,0.0019222664572737802,-0.0020451813264365146,prueba_intocable
2024-02-27,Habitat,-0.0002943195237536944,0.0030966488008757793,prueba_intocable
2024-02-28,Habitat,-0.0028007562377548867,-0.002285381981037021,prueba_intocable
2024-02-29,Habitat,0.0004234486753136313,0.0007427630881896013,prueba_intocable
2024-03-01,Habitat,0.0022815748209255027,0.0026519982437643716,prueba_intocable
2024-03-04,Habitat,0.0033835428018016422,-0.0020054609992762617,prueba_intocable
2024-03-05,Habitat,-0.00472275024283475,-0.0013388879727712546,prueba_intocable
2024-03-06,Habitat,0.0021329726973080554,0.0018520250460371808,prueba_intocable
2024-03-07,Habitat,0.0012981996551719721,0.001710892616867386,prueba_intocable
2024-03-08,Habitat,-0.005123098941332227,-0.0013183700939674884,prueba_intocable
2024-03-11,Habitat,-0.0010267827267891327,0.0011184258248303051,prueba_intocable
2024-03-12,Habitat,0.0020984939944472814,0.0026045462767537017,prueba_intocable
2024-03-13,Habitat,0.001167143825787198,0.005381969434382448,prueba_intocable
2024-03-14,Habitat,-0.00041057121088949877,-0.001220655663134987,prueba_intocable
2024-03-15,Habitat,0.00024343674680782357,0.0025618257627363647,prueba_intocable
2024-03-18,Habitat,0.005180512848205643,-0.0010564277323004212,prueba_intocable
2024-03-19,Habitat,-0.004202196997884378,0.0009350176656153569,prueba_intocable
2024-03-20,Habitat,0.004343356849127344,0.0034598126843909814,prueba_intocable
2024-03-21,Habitat,0.0005550947493080383,-8.731361969939531e-05,prueba_intocable
2024-03-22,Habitat,0.0034323066054442464,-0.0020465324259097057,prueba_intocable
2024-03-25,Habitat,-0.0013455750675547273,-0.0006423789453776161,prueba_intocable
2024-03-26,Habitat,-0.008302291110609872,0.0009380308428169029,prueba_intocable
2024-03-27,Habitat,-0.010418747411144014,0.002206860447257764,prueba_intocable
2024-03-28,Habitat,0.00020163296155417676,0.001910366517762961,prueba_intocable
2024-04-02,Habitat,-0.005392904124236431,0.0006974283441239096,prueba_intocable
2024-04-03,Habitat,-0.001318825994413908,0.002245396561912366,prueba_intocable
2024-04-04,Habitat,-0.011139673241167714,-0.0022155417352401415,prueba_intocable
2024-04-05,Habitat,-0.019399649822493203,-7.577619886821356e-05,prueba_intocable
2024-04-08,Habitat,-0.0006346591467241147,0.0016113149096534604,prueba_intocable
2024-04-09,Habitat,0.0012000976366373095,0.0022846278568872634,prueba_intocable
2024-04-10,Habitat,0.0014368253879903925,0.00018247173436551812,prueba_intocable
2024-04-11,Habitat,-0.0011857044808564199,0.00118352634938238,prueba_intocable
2024-04-12,Habitat,-0.00385065200746737,-0.004659491232013141,prueba_intocable
2024-04-15,Habitat,-0.0012002654605678398,-0.0010972637514585317,prueba_intocable
2024-04-16,Habitat,-0.001323646057886596,0.001623040655703081,prueba_intocable
2024-04-17,Habitat,-0.0010087892284185163,0.0018725270472116228,prueba_intocable
2024-04-18,Habitat,-0.0006267472670973273,0.0013524122954743768,prueba_intocable
2024-04-19,Habitat,-0.003965502248598041,0.0001248185148762006,prueba_intocable
2024-04-22,Habitat,0.009627492316584885,7.896547800912454e-05,prueba_intocable
2024-04-23,Habitat,0.00787768737521466,0.0009052442224587618,prueba_intocable
2024-04-24,Habitat,0.008114458055080265,0.0008029767093820051,prueba_intocable
2024-04-25,Habitat,0.006637832735191473,0.003655800613412474,prueba_intocable
2024-04-26,Habitat,0.0027836761680601896,0.003598553235895183,prueba_intocable
2024-04-29,Habitat,0.0023677191117277285,0.0009405838193304811,prueba_intocable
2024-04-30,Habitat,0.0043963701792197885,-0.0038476227030559327,prueba_intocable
2024-05-01,Habitat,-0.0037761313341667657,0.0007440107515909815,prueba_intocable
2024-05-02,Habitat,0.0008440816080521607,0.0022928849975820892,prueba_intocable
2024-05-03,Habitat,0.005022285598152765,0.003065022251562372,prueba_intocable
2024-05-06,Habitat,0.005822402895138135,-0.00011965451257260699,prueba_intocable
2024-05-07,Habitat,-0.004173601882197953,0.0016690719227393555,prueba_intocable
2024-05-08,Habitat,0.0034084154077171913,-0.0006667519268083461,prueba_intocable
2024-05-09,Habitat,-0.0003058278108354351,0.0034235117183490766,prueba_intocable
2024-05-10,Habitat,0.007876787821512687,0.0008385097083763904,prueba_intocable
2024-05-13,Habitat,0.0010563359830511043,-0.0017290283137432446,prueba_intocable
2024-05-14,Habitat,0.00459714717872628,0.003129721145341952,prueba_intocable
2024-05-15,Habitat,0.006791043146471054,0.0013417263561902718,prueba_intocable
2024-05-16,Habitat,0.003271014363301017,0.0007761360110649432,prueba_intocable
2024-05-17,Habitat,0.005045453604766159,0.004367679875482928,prueba_intocable
2024-05-20,Habitat,0.002224312389523586,0.00032167492758888215,prueba_intocable
2024-05-21,Habitat,0.001692797801942536,-0.0007395688446847006,prueba_intocable
2024-05-22,Habitat,-0.002662329030951649,-0.004859449113719651,prueba_intocable
2024-05-23,Habitat,0.0012209965535008305,-0.0017025960609210905,prueba_intocable
2024-05-24,Habitat,0.0014359915894193165,0.0028158385277307317,prueba_intocable
2024-05-29,Habitat,-0.0025890264229107007,-0.0032481620276368487,prueba_intocable
2024-05-30,Habitat,-0.001834658515342813,0.0008783683107428141,prueba_intocable
2024-05-31,Habitat,-0.005034952363516698,0.001988534666038894,prueba_intocable
2024-06-03,Habitat,-0.0005365254806845021,-0.002213442791227219,prueba_intocable
2024-06-04,Habitat,-0.0049999592140789195,-0.0012026413412894864,prueba_intocable
2024-06-05,Habitat,0.002670028787676415,0.0016446916677653864,prueba_intocable
2024-06-06,Habitat,0.001563391488055066,0.0014263927039712765,prueba_intocable
2024-06-07,Habitat,-0.00745371703724973,-0.003221911019077541,prueba_intocable
2024-06-10,Habitat,0.006688896031864067,0.0009357283528148375,prueba_intocable
2024-06-11,Habitat,-0.002180389942778138,-0.0024437315163968083,prueba_intocable
2024-06-12,Habitat,0.008414064122290732,0.0024462554866054535,prueba_intocable
2024-06-13,Habitat,-0.004670050870538955,-0.0008861737711904566,prueba_intocable
2024-06-14,Habitat,0.0003009654210093249,-0.0016438454168651213,prueba_intocable
2024-06-17,Habitat,0.004478514677756618,-0.0013984551087286607,prueba_intocable
2024-06-18,Habitat,0.00448957370837566,0.002528715552598503,prueba_intocable
2024-06-21,Habitat,-0.0019127974171525564,-0.0009930207521048678,prueba_intocable
2024-06-24,Habitat,0.00012690990762243004,0.001173286624453605,prueba_intocable
2024-06-25,Habitat,5.8613736063417576e-05,6.2658535657993e-05,prueba_intocable
2024-06-26,Habitat,-0.0009491871646338801,0.0014696383430686934,prueba_intocable
2024-06-27,Habitat,-0.0005132843247132035,-0.0014201364964584386,prueba_intocable
2024-06-28,Habitat,0.0037998003153321136,-0.0006444677582720035,prueba_intocable
2024-07-01,Habitat,-0.0018563280324094267,0.0013006535691077283,prueba_intocable
2024-07-02,Habitat,-0.0027650288539350365,0.0019607210274580245,prueba_intocable
2024-07-03,Habitat,0.003631342313075825,0.002533798534821537,prueba_intocable
2024-07-09,Habitat,-0.0002768618971608072,0.00041887463226283206,prueba_intocable
2024-07-10,Habitat,0.006398377260298238,-0.0005981400258973537,prueba_intocable
2024-07-11,Habitat,-0.005823617065116582,0.0016474780155732091,prueba_intocable
2024-07-12,Habitat,0.0006539548573392118,0.002140740187295826,prueba_intocable
2024-07-16,Habitat,-6.895374220072803e-05,-0.00031842223022482044,prueba_intocable
2024-07-17,Habitat,-0.008407911811175617,-0.004263108455414211,prueba_intocable
2024-07-18,Habitat,-0.003677488449324584,-0.00437857629546923,prueba_intocable
2024-07-19,Habitat,-0.003765879853609766,6.37789487675868e-05,prueba_intocable
2024-07-23,Habitat,-0.0019520336481498868,0.0005307499568269325,prueba_intocable
2024-07-24,Habitat,-0.004239776202861645,-0.004470368557962834,prueba_intocable
2024-07-25,Habitat,-0.007152939281465098,-0.0006500808825404595,prueba_intocable
2024-07-26,Habitat,0.003224776417357633,0.0022691252577263124,prueba_intocable
2024-07-30,Habitat,-0.002967873365447682,-0.002029403202758561,prueba_intocable
2024-07-31,Habitat,0.009071464858437794,0.005077809446061342,prueba_intocable
2024-08-01,Habitat,-0.011076728153862292,-0.005179970768131046,prueba_intocable
2024-08-02,Habitat,-0.017922204359026916,-0.00487081951655829,prueba_intocable
2024-08-06,Habitat,-0.0008076247579527074,0.006982996159678828,prueba_intocable
2024-08-07,Habitat,0.0005735606923311654,-0.002087378567571587,prueba_intocable
2024-08-08,Habitat,0.006239827819671362,0.0036943689455166493,prueba_intocable
2024-08-09,Habitat,0.005476588433692031,0.004059417165181593,prueba_intocable
2024-08-13,Habitat,0.0033076696219915824,0.003405124555809151,prueba_intocable
2024-08-14,Habitat,-0.0016489500070208107,0.0015079586582123646,prueba_intocable
2024-08-15,Habitat,0.008253890925721263,0.003727219217227361,prueba_intocable
2024-08-16,Habitat,0.00021594590609086417,0.0007825772086448449,prueba_intocable
2024-08-20,Habitat,0.0005960282219918955,-0.001979546684970108,prueba_intocable
2024-08-21,Habitat,-0.0016675544160495992,0.0018257444849097597,prueba_intocable
2024-08-22,Habitat,-0.005273859000729075,-0.002294427148828738,prueba_intocable
2024-08-23,Habitat,0.003853614524481408,0.003910384726370625,prueba_intocable
2024-08-27,Habitat,-0.0007769878062515723,0.002975720724951514,prueba_intocable
2024-08-28,Habitat,-0.0033370833429973157,-0.005200603480401355,prueba_intocable
2024-08-29,Habitat,0.002751842477431099,0.0017858215993763534,prueba_intocable
2024-08-30,Habitat,0.002346434895296401,0.0032942081970474706,prueba_intocable
2024-09-04,Habitat,0.00028703300939336707,0.0003595654627477998,prueba_intocable
2024-09-05,Habitat,0.00227524608727947,0.0014869592899432607,prueba_intocable
2024-09-06,Habitat,-0.008859889464118198,-0.004476060930219792,prueba_intocable
2024-09-10,Habitat,-0.001012194590158999,0.0003593878246582563,prueba_intocable
2024-09-11,Habitat,0.0030865876107513124,0.0040170338892160165,prueba_intocable
2024-09-12,Habitat,0.006275803501622601,0.0025322851826807212,prueba_intocable
2024-09-13,Habitat,0.01178921287583945,0.0011036057417038293,prueba_intocable
2024-09-17,Habitat,-0.005307665840261433,0.0012346937691646801,prueba_intocable
2024-09-18,Habitat,0.0025859321184533712,-0.0007723526499383813,prueba_intocable
2024-09-19,Habitat,0.007543047093280908,0.005906686802918909,prueba_intocable
2024-09-20,Habitat,-0.00021972544033799224,-0.00022744502012665978,prueba_intocable
2024-09-24,Habitat,0.006300075923107551,0.009642302336060476,prueba_intocable
2024-09-25,Habitat,-0.0026230245628067195,-0.0012422851082016866,prueba_intocable
2024-09-26,Habitat,0.008382104266402735,0.006322990982353535,prueba_intocable
2024-09-27,Habitat,-0.0009122387283854172,-0.0022901147048665633,prueba_intocable
2024-10-01,Habitat,0.015431557830014153,-4.679939891186934e-05,prueba_intocable
2024-10-02,Habitat,0.0014242454581190334,0.003309255678017231,prueba_intocable
2024-10-03,Habitat,0.002819206920731121,-0.004808204957460829,prueba_intocable
2024-10-04,Habitat,0.005833679863959329,0.0036337974065452842,prueba_intocable
2024-10-08,Habitat,-0.005597291258800374,-0.005457902091081427,prueba_intocable
2024-10-09,Habitat,0.0014830327575385827,-0.00020899750586153364,prueba_intocable
2024-10-10,Habitat,0.003995258716940064,0.0015393754504919141,prueba_intocable
2024-10-11,Habitat,0.00016206364174409238,0.001601677652379637,prueba_intocable
2024-10-15,Habitat,-0.008295881187753595,-0.0030817598449737068,prueba_intocable
2024-10-16,Habitat,0.002954695116321071,0.003867618206481877,prueba_intocable
2024-10-17,Habitat,0.0003190044635894562,-0.001798100157204063,prueba_intocable
2024-10-18,Habitat,0.004998917357339483,0.004363326706483148,prueba_intocable
2024-10-22,Habitat,-0.0006191245083257968,0.0029993463822094242,prueba_intocable
2024-10-23,Habitat,-0.0024498450941026206,-0.0019404581628442727,prueba_intocable
2024-10-24,Habitat,0.0025808437757546265,-8.362425174766522e-05,prueba_intocable
2024-10-25,Habitat,0.0036254912981692478,-0.000937943193058734,prueba_intocable
2024-10-29,Habitat,0.006279453277445057,0.0009280132013365591,prueba_intocable
2024-10-30,Habitat,-0.006570218247669013,-0.0013837141335198936,prueba_intocable
2024-10-31,Habitat,-0.00813485556418203,-0.0034509637836496153,prueba_intocable
2024-11-01,Habitat,-0.0012001767568062816,0.0024210811131623066,prueba_intocable
2024-11-05,Habitat,0.0019588474032710135,0.00451454770706441,prueba_intocable
2024-11-06,Habitat,0.0056120431740220855,0.0008218464528128959,prueba_intocable
2024-11-07,Habitat,0.003029055942334047,0.007359368052486242,prueba_intocable
2024-11-08,Habitat,-0.00042203563033627045,-0.004762769001530461,prueba_intocable
2024-11-12,Habitat,0.0021548581893107155,-0.0022716506829769723,prueba_intocable
2024-11-13,Habitat,-0.0005563780942882124,0.0009532119645031432,prueba_intocable
2024-11-14,Habitat,-0.0029282479905922143,0.0009606713347338626,prueba_intocable
2024-11-15,Habitat,-0.0034083803769052734,-0.002665107656875108,prueba_intocable
2024-11-19,Habitat,0.00031852752434358145,0.0007685573383145307,prueba_intocable
2024-11-20,Habitat,-0.0018479683390330015,-0.000912727471453417,prueba_intocable
2024-11-21,Habitat,0.005234116773896291,0.000818695010964105,prueba_intocable
2024-11-22,Habitat,-0.0004551139647730462,0.0006159139689909392,prueba_intocable
2024-11-26,Habitat,-0.0022475311598005865,0.0007326374253660752,prueba_intocable
2024-11-27,Habitat,-0.0033456183553399743,0.0019341339435446163,prueba_intocable
2024-12-03,Habitat,-0.005749071434545061,0.002056681937589347,prueba_intocable
2024-12-04,Habitat,0.006667345636697464,-0.0011218896327607948,prueba_intocable
2024-12-05,Habitat,-0.0031470326969955664,0.00016160492937054513,prueba_intocable
2024-12-06,Habitat,-0.0015212203384212808,0.0005995171992576192,prueba_intocable
2024-12-10,Habitat,-0.00503971852180829,-0.001771826337624446,prueba_intocable
2024-12-11,Habitat,0.009108886422722229,0.0012913402375153175,prueba_intocable
2024-12-12,Habitat,-0.0004475750807783063,-0.0022261632512496523,prueba_intocable
2024-12-13,Habitat,-0.0035938637883380364,-0.002634857257807218,prueba_intocable
2024-12-17,Habitat,-0.004712634334379295,-0.0014044089378210584,prueba_intocable
2024-12-18,Habitat,-0.012734045339770739,-0.01689448777754839,prueba_intocable
2024-12-19,Habitat,-0.006998050603879369,0.0031447029713190413,prueba_intocable
2024-12-20,Habitat,0.0044058083563591754,0.006393895137160319,prueba_intocable
2024-12-24,Habitat,0.004891320339918348,0.0038946800347272287,prueba_intocable
2024-12-27,Habitat,0.0006449098816685428,-0.0018830816209380592,prueba_intocable
2024-12-31,Habitat,-0.004360379703646666,0.0006020196740644851,prueba_intocable
2025-01-02,Habitat,-0.0018940980975069577,-0.0007484467150366218,prueba_intocable
2025-01-03,Habitat,0.004502338317706078,0.0028517062594255074,prueba_intocable
2025-01-07,Habitat,-0.0012876920730852115,-0.0012859627182742219,prueba_intocable
2025-01-08,Habitat,0.0015421486444402444,0.0009660632524653688,prueba_intocable
2025-01-14,Habitat,0.0012925989715657504,0.0026345435056249495,prueba_intocable
2025-01-15,Habitat,0.004453900786446807,0.003414775256514366,prueba_intocable
2025-01-16,Habitat,-0.00035571358763852867,-0.0004863421455095916,prueba_intocable
2025-01-17,Habitat,0.0008197861385557115,0.0017687039695121888,prueba_intocable
2025-01-22,Habitat,0.0004114922919757902,-0.0015671894856841995,prueba_intocable
2025-01-23,Habitat,-0.00018357132070689897,0.00045316454522939856,prueba_intocable
2025-01-24,Habitat,-0.0006400405651478813,0.0021999390086492212,prueba_intocable
2025-01-28,Habitat,-0.00047475000411134616,0.0012971876696056454,prueba_intocable
2025-01-29,Habitat,-0.0017221968307797875,0.00091345976526548,prueba_intocable
2025-01-30,Habitat,0.00604755629541831,0.0020113051838780743,prueba_intocable
2025-01-31,Habitat,-0.0009558960602316091,-0.00246257224305396,prueba_intocable
2025-02-04,Habitat,0.004431832402186142,0.004586982863014408,prueba_intocable
2025-02-05,Habitat,0.006663846762053893,0.0016935934346662207,prueba_intocable
2025-02-06,Habitat,0.001075655506747486,0.0016149725731251395,prueba_intocable
2025-02-07,Habitat,-0.0039414580793930565,0.0018922877314319752,prueba_intocable
2025-02-11,Habitat,-0.0016733045405977753,-0.0016568781037722274,prueba_intocable
2025-02-12,Habitat,-0.0004576806402862843,0.0021859277622539746,prueba_intocable
2025-02-13,Habitat,0.003683065247902517,0.0029716899810042514,prueba_intocable
2025-02-14,Habitat,-0.0001228483632720323,0.0012048837590122924,prueba_intocable
2025-02-19,Habitat,-0.0007094302939090191,-0.0014179097039998811,prueba_intocable
2025-02-20,Habitat,-0.005426951563328952,0.002029533202527397,prueba_intocable
2025-02-21,Habitat,-0.007572015769094831,-0.005034195983600539,prueba_intocable
2025-02-25,Habitat,-0.00675385870876366,0.0013081121037358747,prueba_intocable
2025-02-26,Habitat,0.0019889037429954293,0.0017019008017427019,prueba_intocable
2025-02-27,Habitat,-0.008477603218510654,-0.002105328788645483,prueba_intocable
2025-02-28,Habitat,0.005812198284479875,0.00034244645973749785,prueba_intocable
2025-03-04,Habitat,-0.0031608731110651656,0.0008936480208689699,prueba_intocable
2025-03-05,Habitat,0.004801048877721481,0.007533266434304687,prueba_intocable
2025-03-06,Habitat,-0.00477967552553793,-0.0025665793045001155,prueba_intocable
2025-03-07,Habitat,0.0021223166743669086,-7.900325459828903e-05,prueba_intocable
2025-03-11,Habitat,-0.0013681971991097441,0.003946280067185142,prueba_intocable
2025-03-12,Habitat,0.0033815510085939415,0.001181417015769867,prueba_intocable
2025-03-13,Habitat,0.0014767470247172287,0.002530442656540458,prueba_intocable
2025-03-14,Habitat,0.00850431437731447,0.003846252398309269,prueba_intocable
2025-03-18,Habitat,-0.00022419601916745524,0.0011769799538756398,prueba_intocable
2025-03-19,Habitat,0.003075936441818916,0.0020445742396047063,prueba_intocable
2025-03-20,Habitat,0.0007140540821046759,-0.0015096347470020793,prueba_intocable
2025-03-21,Habitat,0.0028409122326433778,-0.0014316134398863136,prueba_intocable
2025-03-25,Habitat,0.002076729979997305,0.003153282222183171,prueba_intocable
2025-03-26,Habitat,-0.00675359565985012,-0.002615264746949835,prueba_intocable
2025-03-27,Habitat,-0.0019122202091576002,-0.00019910561028253126,prueba_intocable
2025-03-28,Habitat,-0.006102952046599608,-0.005702509244436279,prueba_intocable
2025-04-01,Habitat,0.0009590829258272482,0.0030194548948898722,prueba_intocable
2025-04-02,Habitat,0.00026208890092949133,-0.0004130935613184925,prueba_intocable
2025-04-03,Habitat,-0.02386953294071159,-0.011437152823117044,prueba_intocable
2025-04-04,Habitat,-0.028715154076635274,-0.017173738021177307,prueba_intocable
2025-04-08,Habitat,-0.001368454778422734,-0.003861852293585291,prueba_intocable
2025-04-09,Habitat,0.029499775533669004,0.014989552439151824,prueba_intocable
2025-04-10,Habitat,-0.006415666895737471,-0.005673733909596915,prueba_intocable
2025-04-11,Habitat,0.009492161856496706,0.0059300444431525,prueba_intocable
2025-04-15,Habitat,0.003989494227676582,0.0011433679599811854,prueba_intocable
2025-04-16,Habitat,-0.009205061923905467,-0.0022588655740198413,prueba_intocable
2025-04-17,Habitat,-0.0029719426677411453,0.0021429931129881095,prueba_intocable
2025-04-22,Habitat,0.007914844214282457,0.005399572870692008,prueba_intocable
2025-04-23,Habitat,0.007152730881342606,0.0023019994806299958,prueba_intocable
2025-04-24,Habitat,0.009973673547279294,0.0027438143773621756,prueba_intocable
2025-04-25,Habitat,0.0025418699290225,0.0007053501109498378,prueba_intocable
2025-04-29,Habitat,-0.0006448890373053073,0.0004015810829635966,prueba_intocable
2025-04-30,Habitat,0.0003226154234212686,-0.002477697039404287,prueba_intocable
2025-05-01,Habitat,-0.0033126124205984375,0.0005096331101906543,prueba_intocable
2025-05-02,Habitat,0.009390597960235558,0.0025791852355463636,prueba_intocable
2025-05-06,Habitat,-0.0010817681203172391,0.0025693005661992763,prueba_intocable
2025-05-07,Habitat,-0.0029530698884644435,-0.0016865250965800507,prueba_intocable
2025-05-08,Habitat,-0.0006085930942058004,0.002519297111869312,prueba_intocable
2025-05-09,Habitat,0.005356299809621268,0.0007411045372333869,prueba_intocable
2025-05-13,Habitat,0.009083432665406788,0.0010880656888671413,prueba_intocable
2025-05-14,Habitat,0.0011074590127180262,0.00036903997012533303,prueba_intocable
2025-05-15,Habitat,0.0028330590358642826,-0.0010179687975545883,prueba_intocable
2025-05-16,Habitat,0.0014449812355827873,0.0007866971294642655,prueba_intocable
2025-05-20,Habitat,0.0023429525610108026,0.0010040352887556929,prueba_intocable
2025-05-21,Habitat,-0.00355786598222696,-0.0014318425053049112,prueba_intocable
2025-05-22,Habitat,-0.007223616889100004,0.0007534675025373575,prueba_intocable
2025-05-23,Habitat,0.0026580247995395823,-0.0008713245519381455,prueba_intocable
2025-05-28,Habitat,-0.0007834761970939574,-0.0013635092077777153,prueba_intocable
2025-05-29,Habitat,0.0003939952819578263,0.0009484140868611219,prueba_intocable
2025-05-30,Habitat,-0.004627572852296646,0.0005930830822346257,prueba_intocable
2025-06-03,Habitat,0.0052571193684993744,0.0016062818441896138,prueba_intocable
2025-06-04,Habitat,0.0017560244124918967,0.001543532842085095,prueba_intocable
2025-06-05,Habitat,0.007802586106337994,0.0011588194862516552,prueba_intocable
2025-06-06,Habitat,0.00604097745151666,0.0016838582365511698,prueba_intocable
2025-06-10,Habitat,0.0022132407301491686,0.0009654438216965848,prueba_intocable
2025-06-11,Habitat,-0.000771115346424156,-0.0007571648366537346,prueba_intocable
2025-06-12,Habitat,0.0008432012364700814,-0.00042305048910037225,prueba_intocable
2025-06-13,Habitat,-0.003082049938679887,-0.0036564120868924203,prueba_intocable
2025-06-17,Habitat,-0.0016758112163279826,-0.001977913761818077,prueba_intocable
2025-06-18,Habitat,-0.00554319521830815,0.001366878270158306,prueba_intocable
2025-06-24,Habitat,0.004048081608449827,0.0042421604201983735,prueba_intocable
2025-06-25,Habitat,0.0010043671278396893,-0.00031658915931584924,prueba_intocable
2025-06-26,Habitat,0.005767631228411396,0.005188471583632332,prueba_intocable
2025-06-27,Habitat,0.0003502914620743258,-0.0005354855591487933,prueba_intocable
2025-07-01,Habitat,0.0032060966924689627,0.00198717564618005,prueba_intocable
2025-07-02,Habitat,0.0010233192956816684,0.0021403459122166786,prueba_intocable
2025-07-03,Habitat,0.0027082279877330695,-0.001382260462848317,prueba_intocable
2025-07-08,Habitat,-0.003873930011443316,0.0033037853423748265,prueba_intocable
2025-07-09,Habitat,0.0035650511485201264,-0.0005206845030816909,prueba_intocable
2025-07-10,Habitat,-0.00039219075249674606,0.0016352990410341203,prueba_intocable
2025-07-11,Habitat,0.0010524689131643505,-0.0008862082141200241,prueba_intocable
2025-07-15,Habitat,-0.004134773049788376,0.0006930931760258932,prueba_intocable
2025-07-16,Habitat,-0.0017258690922379305,-0.00013609365833466657,prueba_intocable
2025-07-17,Habitat,0.006630180898159033,0.00034433055855702583,prueba_intocable
2025-07-18,Habitat,-0.000845292479508708,-5.20088559297949e-05,prueba_intocable
2025-07-22,Habitat,0.00034695370099191436,0.004259861311734103,prueba_intocable
2025-07-23,Habitat,0.0035735189624022112,0.002056972198616642,prueba_intocable
2025-07-24,Habitat,-0.000988696591885052,-0.0008702492188362128,prueba_intocable
2025-07-25,Habitat,-0.0005460939148987931,0.00019631577169372446,prueba_intocable
2025-07-29,Habitat,0.0009209595878201249,0.00031431424652638226,prueba_intocable
2025-07-30,Habitat,0.0016409334825264743,-0.002576400298451482,prueba_intocable
2025-07-31,Habitat,0.0010014179801258738,-0.0010419868531281724,prueba_intocable
2025-08-01,Habitat,-0.0062832238883870906,-0.004954595888139198,prueba_intocable
2025-08-05,Habitat,-0.0019154175290817532,0.0023013050721042857,prueba_intocable
2025-08-06,Habitat,0.004685357729454553,0.0018531712507047033,prueba_intocable
2025-08-07,Habitat,0.000934769842631411,0.0012952030404234018,prueba_intocable
2025-08-08,Habitat,-0.0011274339867678451,0.0037888114138414797,prueba_intocable
2025-08-12,Habitat,0.005988280226855824,0.0045609325387623995,prueba_intocable
2025-08-13,Habitat,0.006349453295417584,0.0027022037836909,prueba_intocable
2025-08-14,Habitat,0.0032571947308621674,-0.001440065387451514,prueba_intocable
2025-08-15,Habitat,-0.0008548723004906389,0.0014759923902916985,prueba_intocable
2025-08-19,Habitat,-0.008490374242538512,-0.0001682277520955601,prueba_intocable
2025-08-20,Habitat,-0.0039424040785631664,0.00022462908370760775,prueba_intocable
2025-08-21,Habitat,0.002147518942256843,-0.000173785512483523,prueba_intocable
2025-08-22,Habitat,0.007123954025871404,0.005856225601364429,prueba_intocable
2025-08-26,Habitat,0.008442517257494675,0.0031088135537897283,prueba_intocable
2025-08-27,Habitat,-0.0009790074255963122,-0.0015757921183680345,prueba_intocable
2025-08-28,Habitat,0.00560365540514951,0.002120668774422979,prueba_intocable
2025-08-29,Habitat,-0.0024115478371382615,0.0005329434759743668,prueba_intocable
2025-09-03,Habitat,0.002405387281634752,0.0028576510203877016,prueba_intocable
2025-09-04,Habitat,-0.0007864031410126371,-0.0004166116946340836,prueba_intocable
2025-09-05,Habitat,0.0046249898724355365,0.000980130707607919,prueba_intocable
2025-09-09,Habitat,-0.003116923990842402,0.0012539433478043424,prueba_intocable
2025-09-10,Habitat,0.0010507881359593796,-0.0017382446631214361,prueba_intocable
2025-09-11,Habitat,0.006674100501233626,0.0032828769727006133,prueba_intocable
2025-09-12,Habitat,0.0014693720185201542,0.0013067405420074678,prueba_intocable
2025-09-16,Habitat,-0.002841218728050987,-0.0005369906170019287,prueba_intocable
2025-09-17,Habitat,0.0010817566484409014,0.00047626382117092357,prueba_intocable
2025-09-18,Habitat,0.001458882951801188,-0.0009457656713075309,prueba_intocable
2025-09-19,Habitat,0.005581986433078168,0.0016539521250002716,prueba_intocable
2025-09-23,Habitat,0.000795938772833571,-0.0003184347215346582,prueba_intocable
2025-09-24,Habitat,0.0012621871579030497,0.004527068082669212,prueba_intocable
2025-09-25,Habitat,-0.0026760594858221687,0.00044573687116557394,prueba_intocable
2025-09-26,Habitat,-7.739929083272479e-05,0.0029001763123129454,prueba_intocable
2025-09-30,Habitat,-0.000864113065960681,0.0015124735940074095,prueba_intocable
2025-10-01,Habitat,0.0046594468380010134,0.0006181160502728188,prueba_intocable
2025-10-02,Habitat,0.0016126683278632203,0.0004830816582648283,prueba_intocable
2025-10-03,Habitat,-0.0028991288168082052,0.001241788822794326,prueba_intocable
2025-10-07,Habitat,-0.0059229189693776885,-0.00012459522542728412,prueba_intocable
2025-10-08,Habitat,0.010063325265211143,0.003015567670300211,prueba_intocable
2025-10-09,Habitat,-0.007921770110723703,0.0003610837192790667,prueba_intocable
2025-10-10,Habitat,-0.013403269006212581,-0.011012545172622618,prueba_intocable
2025-10-14,Habitat,0.000413899825250752,-0.003502078347164913,prueba_intocable
2025-10-15,Habitat,0.003681536244191763,0.001921877160545444,prueba_intocable
2025-10-16,Habitat,0.00206221536760709,-0.005927304233956508,prueba_intocable
2025-10-17,Habitat,-0.0075530209124980985,0.0018646757579085411,prueba_intocable
2025-10-21,Habitat,-0.011007291306934341,-0.0020107443568285863,prueba_intocable
2025-10-22,Habitat,-0.002816647352418822,-0.000819278564450741,prueba_intocable
2025-10-23,Habitat,0.003342374779052193,0.0036531060861995945,prueba_intocable
2025-10-24,Habitat,0.00128465098723618,0.0016774332011986015,prueba_intocable
2025-10-28,Habitat,0.005157445175899111,0.0008674422938134121,prueba_intocable
2025-10-29,Habitat,0.005007943781077051,0.0005497656964181831,prueba_intocable
2025-10-30,Habitat,-0.005335225173518698,-0.0006585388587693397,prueba_intocable
2025-10-31,Habitat,-0.0012048382563286664,-0.001553166554366537,prueba_intocable
2025-11-04,Habitat,-0.013062012927152367,-0.002933911297837252,prueba_intocable
2025-11-05,Habitat,0.005079490912809348,0.0029949145017072955,prueba_intocable
2025-11-06,Habitat,-0.00502034109356031,-0.00020362780962629917,prueba_intocable
2025-11-07,Habitat,-0.002017760218437137,0.0016466305758779107,prueba_intocable
2025-11-11,Habitat,-0.0012718530016518903,2.8800651438418124e-05,prueba_intocable
2025-11-12,Habitat,0.006005845501174445,0.0014926884325139028,prueba_intocable
2025-11-13,Habitat,-0.007897159663916686,-0.0023984144675015693,prueba_intocable
2025-11-14,Habitat,-0.004996665521861177,-0.0013299984647653037,prueba_intocable
2025-11-18,Habitat,-0.00641395572179515,-0.0023855390821970303,prueba_intocable
2025-11-19,Habitat,0.007611470935557252,0.0023873156580342426,prueba_intocable
2025-11-20,Habitat,-0.01645549995534945,-0.004710152739984573,prueba_intocable
2025-11-21,Habitat,0.0014299584467318827,0.0030352922071126805,prueba_intocable
2025-11-25,Habitat,0.0011646338559156977,0.004050151548060138,prueba_intocable
2025-11-26,Habitat,0.01436472919218823,0.002875993952438678,prueba_intocable
2025-12-02,Habitat,0.003253797493863786,0.0015012841859627138,prueba_intocable
2025-12-03,Habitat,0.0056786005548576934,0.003668033097913435,prueba_intocable
2025-12-04,Habitat,0.0018589627927092511,0.0002832939217727948,prueba_intocable
2025-12-05,Habitat,0.0032755015242600383,0.0016465286999039713,prueba_intocable
2025-12-09,Habitat,0.005284413957005629,-0.0012711849168070073,prueba_intocable
2025-12-10,Habitat,0.0079539222892413,0.004046530402863333,prueba_intocable
2025-12-11,Habitat,0.0035694625554436588,0.001453590654686821,prueba_intocable
2025-12-12,Habitat,-0.007459317363674556,0.0001584003724656356,prueba_intocable
2025-12-16,Habitat,0.005838421554485329,0.0010119602933348236,prueba_intocable
2025-12-17,Habitat,-0.008361573530826005,-0.0001399643355408564,prueba_intocable
2025-12-18,Habitat,0.0073513639092934735,0.0010135925198647784,prueba_intocable
2025-12-19,Habitat,0.012023472434274263,0.003651626080377073,prueba_intocable
2025-12-23,Habitat,0.006142163309907023,0.0020474339061476677,prueba_intocable
2025-12-24,Habitat,0.001582862083355785,0.0006298874226678655,prueba_intocable
2025-12-30,Habitat,0.004848685499222238,0.0021938580746709373,prueba_intocable
2025-12-31,Habitat,-0.003646642561225266,-0.0015511942416197345,prueba_intocable
2026-01-06,Habitat,0.018524000492847303,0.0023605852312047868,prueba_intocable
2026-01-07,Habitat,-0.0006154474132245014,-0.0028958699387113987,prueba_intocable
2026-01-08,Habitat,-0.0017805256339998854,0.00041547835862701474,prueba_intocable
2026-01-09,Habitat,0.010241193977800878,0.003052300716233788,prueba_intocable
2026-01-13,Habitat,0.0037099897144530214,-0.0002610431183714754,prueba_intocable
2026-01-14,Habitat,0.0037619960575618894,0.0013679632507335043,prueba_intocable
2026-01-15,Habitat,0.007389266809386452,0.0006655093414334454,prueba_intocable
2026-01-16,Habitat,0.0026136408269805678,-0.001537909862999144,prueba_intocable
2026-01-21,Habitat,0.007898924690148856,0.005610030362964058,prueba_intocable
2026-01-22,Habitat,0.003571950052685846,8.334112020139453e-06,prueba_intocable
2026-01-23,Habitat,0.007044846933442983,0.0025714901347018344,prueba_intocable
2026-01-27,Habitat,0.007849224933666354,0.0012373937380766717,prueba_intocable
2026-01-28,Habitat,0.007946985857417488,0.002412655201864073,prueba_intocable
2026-01-29,Habitat,-0.001323294131340913,0.001124979168371772,prueba_intocable
2026-01-30,Habitat,-0.03521834768522125,-0.007618583601567911,prueba_intocable
2026-02-02,Habitat,-0.0012354529524275515,0.001376615771983522,prueba_intocable
2026-02-03,Habitat,0.014822675843147781,0.003255936669117132,prueba_intocable
2026-02-04,Habitat,-0.009874690888289739,-0.004024358873973259,prueba_intocable
2026-02-05,Habitat,-0.013265890254190671,-0.007639500129077077,prueba_intocable
2026-02-06,Habitat,0.02117919322850348,0.005009175482228781,prueba_intocable
2026-02-10,Habitat,-0.0024815022706593526,0.00010388527909099035,prueba_intocable
2026-02-11,Habitat,0.006851146561661414,0.0008559994952347936,prueba_intocable
2026-02-12,Habitat,-0.020494824324267857,-0.006096576807004794,prueba_intocable
2026-02-13,Habitat,0.0056852799367381746,0.0006488245506479061,prueba_intocable
2026-02-18,Habitat,0.008345018016282957,0.002290278303452096,prueba_intocable
2026-02-19,Habitat,0.002701560303467243,0.00020133010483787498,prueba_intocable
2026-02-20,Habitat,0.010862579373122294,0.002693081292279842,prueba_intocable
2026-02-24,Habitat,0.006510405660439256,0.002187045522025198,prueba_intocable
2026-02-25,Habitat,0.007687044827892953,0.003596958148763528,prueba_intocable
2026-02-26,Habitat,0.0004481116011387787,-0.0025427078354812093,prueba_intocable
2026-02-27,Habitat,0.005461741248450336,0.001043816600850471,prueba_intocable
2026-03-03,Habitat,-0.034833312556791896,-0.0037104002466749396,prueba_intocable
2026-03-04,Habitat,0.005751664028999182,0.0034351455879751383,prueba_intocable
2026-03-05,Habitat,-0.01820814311164909,-0.006554480252436965,prueba_intocable
2026-03-06,Habitat,-0.005731214368599913,-0.006645145508745854,prueba_intocable
2026-03-10,Habitat,0.0035690406712123313,0.003980907869549259,prueba_intocable
2026-03-11,Habitat,-0.0014008677122222535,-0.00106135644703228,prueba_intocable
2026-03-12,Habitat,-0.018950753991668567,-0.0027801315633255897,prueba_intocable
2026-03-13,Habitat,-0.012918987891864187,-0.00311140436504387,prueba_intocable
2026-03-17,Habitat,0.002560886365975623,0.0005340675043327438,prueba_intocable
2026-03-18,Habitat,-0.016464001732634292,-0.004813098936927452,prueba_intocable
2026-03-19,Habitat,-0.015403102129137092,-0.0017781191308600132,prueba_intocable
2026-03-20,Habitat,-0.02261101386905362,-0.003985645616304687,prueba_intocable
2026-03-24,Habitat,0.0016896626311693197,0.0016449170534515117,prueba_intocable
2026-03-25,Habitat,0.013887751410354365,0.0028433355844652733,prueba_intocable
2026-03-26,Habitat,-0.016164833861846528,-0.0038067827265043474,prueba_intocable
2026-03-27,Habitat,-0.0005368105707409532,-0.002345107500623385,prueba_intocable
2026-03-31,Habitat,0.025702964422613883,0.008172587853413871,prueba_intocable
2026-04-01,Habitat,0.017362438698385718,0.0027565907917086654,prueba_intocable
2026-04-02,Habitat,-0.005361583364459355,-0.0001697567296057634,prueba_intocable
2026-04-07,Habitat,0.00013167046638495883,-0.0010986720688137162,prueba_intocable
2026-04-08,Habitat,0.030160181239376582,0.006688150697311923,prueba_intocable
2026-04-09,Habitat,0.005322116664342458,0.0008235173471903014,prueba_intocable
2026-04-10,Habitat,0.0038820860908608257,0.0018940156744165812,prueba_intocable
2026-04-14,Habitat,0.005048659129825328,0.0023884890021606806,prueba_intocable
2026-04-15,Habitat,-0.008613874624034068,0.00019895579458443385,prueba_intocable
2026-04-16,Habitat,0.01314640255930577,0.0017116415917732592,prueba_intocable
2026-04-17,Habitat,0.005874532994973425,-0.00026413054682762025,prueba_intocable
2026-04-21,Habitat,-0.015622380626171939,-0.003799834795031485,prueba_intocable
2026-04-22,Habitat,0.010736135116734102,0.002550812360100706,prueba_intocable
2026-04-23,Habitat,-0.0035888848594527456,-0.0019152495097666997,prueba_intocable
2026-04-24,Habitat,0.014140812452591023,-4.637155716257028e-05,prueba_intocable
2026-04-28,Habitat,-0.015065140977776004,-0.0012967532201892573,prueba_intocable
2026-04-29,Habitat,-0.003958541561278284,-0.000272815402680443,prueba_intocable
2026-04-30,Habitat,0.01670092233848064,0.003370421130822464,prueba_intocable
2026-05-01,Habitat,0.0004765009790606012,-0.0006127451878800406,prueba_intocable
2026-05-05,Habitat,0.010364741305540326,0.0012277254661848523,prueba_intocable
2026-05-06,Habitat,0.024222634827797185,0.003984776809889609,prueba_intocable
2026-05-07,Habitat,-0.007809556842519938,-4.3091028460861744e-05,prueba_intocable
2026-05-08,Habitat,0.015360412515409871,0.0014098802805078824,prueba_intocable
2026-05-12,Habitat,-0.007565849852659179,0.005869731751699844,prueba_intocable
2026-05-13,Habitat,0.0061988958478989,0.00017214167445882495,prueba_intocable
2026-05-14,Habitat,0.0016386878476977174,-0.0021077092583201046,prueba_intocable
2026-05-15,Habitat,-0.02629284053443992,-0.005218536966469554,prueba_intocable
2026-05-19,Habitat,-0.007678250764223016,-0.0005366361737634056,prueba_intocable
2026-05-20,Habitat,0.014095220382578377,0.001417524490675411,prueba_intocable
2026-05-21,Habitat,0.007291069714779885,0.0012351378572868924,prueba_intocable
2026-05-22,Habitat,0.00439792945392381,0.00031626967992468604,prueba_intocable
2026-05-27,Habitat,-0.00532569595969945,0.00031832430198484114,prueba_intocable
2026-05-28,Habitat,0.004448149709839422,0.0012332696122556277,prueba_intocable
2026-05-29,Habitat,0.005117065393624554,0.0015918565268314758,prueba_intocable
2026-06-23,Habitat,-0.02910671430861378,-0.002783752760758205,prueba_intocable
2026-06-24,Habitat,-0.0050227065172447904,-0.0033788829717836953,prueba_intocable
2026-06-25,Habitat,0.0095243065412427,0.0007675142945059914,prueba_intocable
2026-06-26,Habitat,-0.00936816262325113,0.000977635925217754,prueba_intocable
2026-06-30,Habitat,0.01095641440076256,0.0028968232221121015,prueba_intocable
2024-02-26,Integra,0.0019369255681040976,-0.0019639808237291883,prueba_intocable
2024-02-27,Integra,-0.0008979881227815234,0.0026311433120281167,prueba_intocable
2024-02-28,Integra,-0.0018958691789439097,-0.001945048780833409,prueba_intocable
2024-02-29,Integra,0.0019330869273010975,0.0004158052192103792,prueba_intocable
2024-03-01,Integra,0.001898030939916584,0.0028592078733027317,prueba_intocable
2024-03-04,Integra,0.004212689492297805,-0.0014695690724244946,prueba_intocable
2024-03-05,Integra,-0.004367411024682966,-0.0005815172547044571,prueba_intocable
2024-03-06,Integra,0.0014488672321069096,0.0010712779614626509,prueba_intocable
2024-03-07,Integra,0.0010483868908031102,0.003055665999823792,prueba_intocable
2024-03-08,Integra,-0.0033846542761092335,-0.0013278998461902444,prueba_intocable
2024-03-11,Integra,0.0010141593224923806,0.0004022550036714813,prueba_intocable
2024-03-12,Integra,0.0021573467934594692,0.0024380538132726674,prueba_intocable
2024-03-13,Integra,0.0035238244806405916,0.004601218836524828,prueba_intocable
2024-03-14,Integra,0.0015662231851214514,-0.0012494867608795624,prueba_intocable
2024-03-15,Integra,0.0009634721582829631,0.0028447710705672984,prueba_intocable
2024-03-18,Integra,0.005954494317507164,-0.00171941025805717,prueba_intocable
2024-03-19,Integra,-0.004144725343972588,0.0004876317526772327,prueba_intocable
2024-03-20,Integra,0.0028533529900858223,0.0042490070127397415,prueba_intocable
2024-03-21,Integra,-0.0020389125447961565,0.00045008150998262456,prueba_intocable
2024-03-22,Integra,0.004578151331366076,-0.0022668941362859654,prueba_intocable
2024-03-25,Integra,-0.001178414148803486,-0.0006986181219701923,prueba_intocable
2024-03-26,Integra,-0.009116738478018749,0.0005965043193435092,prueba_intocable
2024-03-27,Integra,-0.011863288936550864,0.0015996499593265942,prueba_intocable
2024-03-28,Integra,-0.00036746280584554203,0.0019332484868571141,prueba_intocable
2024-04-02,Integra,-0.005920904755671308,0.0011635617835502262,prueba_intocable
2024-04-03,Integra,-0.0035509148537522517,0.0033021014802411463,prueba_intocable
2024-04-04,Integra,-0.013990702541333389,-0.003107914975896057,prueba_intocable
2024-04-05,Integra,-0.021936079078598736,-0.00022131416541401136,prueba_intocable
2024-04-08,Integra,-0.0021547488015414284,0.001288048306456235,prueba_intocable
2024-04-09,Integra,0.0003728207151794116,0.0020468885817182285,prueba_intocable
2024-04-10,Integra,0.0016399235441137971,-0.00017909770169451477,prueba_intocable
2024-04-11,Integra,-0.0004591260305657485,0.0017710824036430582,prueba_intocable
2024-04-12,Integra,-0.0026308935179250037,-0.005666846683925369,prueba_intocable
2024-04-15,Integra,0.00048011900823263787,-0.0029244120734054943,prueba_intocable
2024-04-16,Integra,-0.001307746918326469,0.0018819273185269382,prueba_intocable
2024-04-17,Integra,0.0005976811192218712,0.00236366203801567,prueba_intocable
2024-04-18,Integra,0.0006101310636272839,0.0009149508286384596,prueba_intocable
2024-04-19,Integra,-0.0009460606743341149,0.0009383327709125671,prueba_intocable
2024-04-22,Integra,0.009240727364200563,-0.0005676074439720077,prueba_intocable
2024-04-23,Integra,0.007350999958153359,0.0009715468799035652,prueba_intocable
2024-04-24,Integra,0.00824278919326038,0.0005527368022068732,prueba_intocable
2024-04-25,Integra,0.004693151289389297,0.0036237107409597836,prueba_intocable
2024-04-26,Integra,0.0029070028774977885,0.0030018424163755367,prueba_intocable
2024-04-29,Integra,0.0016372453596651404,0.0015696922950309711,prueba_intocable
2024-04-30,Integra,-0.007902992202786008,-0.002749017039431958,prueba_intocable
2024-05-01,Integra,-0.0017412330099183526,0.00040694016697584553,prueba_intocable
2024-05-02,Integra,0.0020326227998663793,0.0013529401119416087,prueba_intocable
2024-05-03,Integra,0.0037156838926524216,0.002987991364426911,prueba_intocable
2024-05-06,Integra,0.004751392158180101,-0.0009220937944600424,prueba_intocable
2024-05-07,Integra,-0.0035716470003358536,0.002046941884306481,prueba_intocable
2024-05-08,Integra,0.002667623495249183,-4.834411747404809e-06,prueba_intocable
2024-05-09,Integra,0.0018765958000233063,0.0026852942550261304,prueba_intocable
2024-05-10,Integra,0.006720416633855919,0.000916900139310567,prueba_intocable
2024-05-13,Integra,0.0014148172404879755,-0.003097317448850928,prueba_intocable
2024-05-14,Integra,0.004924846178474773,0.0038478333330853208,prueba_intocable
2024-05-15,Integra,0.004142072879070646,0.0016753566296686014,prueba_intocable
2024-05-16,Integra,-0.021705545714398977,-0.0002113436961598805,prueba_intocable
2024-05-17,Integra,0.004910756341657718,0.004157063745689013,prueba_intocable
2024-05-20,Integra,0.0017034774933868402,0.0003879154904368749,prueba_intocable
2024-05-21,Integra,0.002639559527100932,0.00024298747946726795,prueba_intocable
2024-05-22,Integra,-0.0013925165604087297,-0.004739730304034656,prueba_intocable
2024-05-23,Integra,0.0015653051989772404,-0.00104141728077468,prueba_intocable
2024-05-24,Integra,0.001458694724051357,0.0026437865821921803,prueba_intocable
2024-05-29,Integra,-0.0010157611069420147,-0.00381108291563664,prueba_intocable
2024-05-30,Integra,-0.002024353336652407,0.0007328729634908013,prueba_intocable
2024-05-31,Integra,-0.004852700591279957,0.003310017368978635,prueba_intocable
2024-06-03,Integra,0.0006564442809591231,-0.001967854975815748,prueba_intocable
2024-06-04,Integra,-0.006436227373792014,-0.0030473487749432277,prueba_intocable
2024-06-05,Integra,0.0013122725086969211,0.0017184184551519903,prueba_intocable
2024-06-06,Integra,8.041856067086961e-05,0.0018665807944283806,prueba_intocable
2024-06-07,Integra,-0.0075072630158988796,-0.0035158297169490737,prueba_intocable
2024-06-10,Integra,0.005682489482034869,0.000664941831788391,prueba_intocable
2024-06-11,Integra,-0.0013916068082572286,-0.002518007992293138,prueba_intocable
2024-06-12,Integra,0.007262935610796273,0.004011956557485654,prueba_intocable
2024-06-13,Integra,-0.005011317893957812,-0.0015733532765514464,prueba_intocable
2024-06-14,Integra,0.0013287257120231377,-0.0018414317802735393,prueba_intocable
2024-06-17,Integra,0.0038018770792525025,-0.0016484532382766185,prueba_intocable
2024-06-18,Integra,0.0038206470569017714,0.0038175042473082934,prueba_intocable
2024-06-21,Integra,-0.0018691418583764996,-0.0005173073374762119,prueba_intocable
2024-06-24,Integra,0.002176122531553082,0.00018106598915885425,prueba_intocable
2024-06-25,Integra,-0.0012907505515008522,0.0004741689470805766,prueba_intocable
2024-06-26,Integra,-1.1680288571125352e-05,0.0007773650195067369,prueba_intocable
2024-06-27,Integra,0.00044615841218398344,-0.0006302103802581982,prueba_intocable
2024-06-28,Integra,0.0021434624725940044,-5.0145553642778434e-05,prueba_intocable
2024-07-01,Integra,-0.0007584830304887547,0.0005886910550630826,prueba_intocable
2024-07-02,Integra,-0.003321951751942054,0.002027507131172405,prueba_intocable
2024-07-03,Integra,0.0029775856723417427,0.003353263728770904,prueba_intocable
2024-07-09,Integra,-4.9015158238074896e-05,-0.00028498750204230313,prueba_intocable
2024-07-10,Integra,0.005960200114086378,-0.00037314708075688837,prueba_intocable
2024-07-11,Integra,-0.005421700549872233,0.002329037355080691,prueba_intocable
2024-07-12,Integra,0.0010961684127075433,0.0007641685535102447,prueba_intocable
2024-07-16,Integra,0.0009178661979412084,0.0014469069633406754,prueba_intocable
2024-07-17,Integra,-0.006269283042980134,-0.004389933498220672,prueba_intocable
2024-07-18,Integra,-0.0017381560777821603,-0.005253938458417269,prueba_intocable
2024-07-19,Integra,-0.0024633304974128745,0.00021262391552126527,prueba_intocable
2024-07-23,Integra,-0.0035319551852895925,0.0013872404945980698,prueba_intocable
2024-07-24,Integra,-0.0034539279256406985,-0.0041214622383174485,prueba_intocable
2024-07-25,Integra,-0.0059912077298539534,-0.0008001621633104946,prueba_intocable
2024-07-26,Integra,0.004352648914138557,0.001733136069046743,prueba_intocable
2024-07-30,Integra,-0.0035721391911384126,-0.0017988377987746072,prueba_intocable
2024-07-31,Integra,0.009676866482495328,0.004908860851484641,prueba_intocable
2024-08-01,Integra,-0.012154345864633487,-0.00528518973827684,prueba_intocable
2024-08-02,Integra,-0.014825063730168453,-0.006914484557966314,prueba_intocable
2024-08-06,Integra,0.00042631015001215466,0.008772832947420352,prueba_intocable
2024-08-07,Integra,-0.0016323219343742368,-0.0012631980818366402,prueba_intocable
2024-08-08,Integra,0.009513065393421671,0.003763354507992031,prueba_intocable
2024-08-09,Integra,0.002906284025354422,0.0049381086443021135,prueba_intocable
2024-08-13,Integra,0.006073925523249146,0.0041311131066865655,prueba_intocable
2024-08-14,Integra,-0.008219897716089553,0.0019746971585534296,prueba_intocable
2024-08-15,Integra,0.009796437260078061,0.0028221841723971046,prueba_intocable
2024-08-16,Integra,-0.00014108976647475568,0.0003490002760370844,prueba_intocable
2024-08-20,Integra,0.0012539722873878834,-0.0007825547072300772,prueba_intocable
2024-08-21,Integra,5.455849323854345e-05,0.0005376271465451048,prueba_intocable
2024-08-22,Integra,-0.0072011649270126155,-0.002981829612135388,prueba_intocable
2024-08-23,Integra,0.005978644641544184,0.0041118165121189765,prueba_intocable
2024-08-27,Integra,0.0002822756282023775,0.0032179091657665877,prueba_intocable
2024-08-28,Integra,-0.00410383403537562,-0.004523475408278534,prueba_intocable
2024-08-29,Integra,0.0017572433788026753,0.0013929440766905562,prueba_intocable
2024-08-30,Integra,0.003161443852362611,0.0031489130246836654,prueba_intocable
2024-09-04,Integra,0.0006491703239790425,0.0006048460609375614,prueba_intocable
2024-09-05,Integra,0.0004016988957191714,0.00268118295572401,prueba_intocable
2024-09-06,Integra,-0.011249754445521676,-0.005312298207352833,prueba_intocable
2024-09-10,Integra,-0.0004969437865831594,-3.959556908123612e-05,prueba_intocable
2024-09-11,Integra,0.003888526658138991,0.0041779749914413015,prueba_intocable
2024-09-12,Integra,0.0062856201376813026,0.003268611428485596,prueba_intocable
2024-09-13,Integra,0.009308617795519503,0.001562879611732724,prueba_intocable
2024-09-17,Integra,-0.00574057234458647,0.0006081671982499494,prueba_intocable
2024-09-18,Integra,0.0016452891739413555,-0.0005509788241749845,prueba_intocable
2024-09-19,Integra,0.00737308143957538,0.005028118469019411,prueba_intocable
2024-09-20,Integra,-0.00040653027649373286,-0.00032232875422796544,prueba_intocable
2024-09-24,Integra,0.006242011962902305,0.007974621696541725,prueba_intocable
2024-09-25,Integra,-0.0027886548417159762,-0.0012750559140958537,prueba_intocable
2024-09-26,Integra,0.009257467954100207,0.0055090558497670064,prueba_intocable
2024-09-27,Integra,-0.0016555320451808742,-0.003936557121641709,prueba_intocable
2024-10-01,Integra,0.012674217546929656,-0.00216924691339982,prueba_intocable
2024-10-02,Integra,0.0011516344641333554,0.0013460539575524436,prueba_intocable
2024-10-03,Integra,0.0018671435193271524,-0.0036329489563183257,prueba_intocable
2024-10-04,Integra,0.006735809651971847,0.0019832957973319842,prueba_intocable
2024-10-08,Integra,-0.0034188589547631265,-0.0014036266265463207,prueba_intocable
2024-10-09,Integra,0.0021385211876270294,0.00047296512039988656,prueba_intocable
2024-10-10,Integra,0.004131057504627833,0.0020181421556718046,prueba_intocable
2024-10-11,Integra,0.0011177044903616373,0.0018902889661820675,prueba_intocable
2024-10-15,Integra,-0.007705504535574725,-0.0025512153487786526,prueba_intocable
2024-10-16,Integra,0.0017304785944207701,0.004432771037907948,prueba_intocable
2024-10-17,Integra,0.00013449364058182312,0.0007295264491026094,prueba_intocable
2024-10-18,Integra,0.00525080805656053,0.003337082777932498,prueba_intocable
2024-10-22,Integra,0.00042402133262831043,0.002351320452404884,prueba_intocable
2024-10-23,Integra,-0.0035590695358743707,-0.0014565265462679398,prueba_intocable
2024-10-24,Integra,0.0028718806288221543,4.823987763456582e-05,prueba_intocable
2024-10-25,Integra,0.0020940330537795315,-0.0011694631075596003,prueba_intocable
2024-10-29,Integra,0.005540894332261459,0.0008477123615868289,prueba_intocable
2024-10-30,Integra,-0.006514977193395777,-0.0016950245815729897,prueba_intocable
2024-10-31,Integra,-0.009020784559467199,-0.0034481979269230024,prueba_intocable
2024-11-01,Integra,-0.0016389136080865452,0.0012200015616406332,prueba_intocable
2024-11-05,Integra,0.0025129727707957628,0.003639823013421979,prueba_intocable
2024-11-06,Integra,0.00513873551827837,0.0013145054375605471,prueba_intocable
2024-11-07,Integra,0.0025092039803344957,0.005196294970993363,prueba_intocable
2024-11-08,Integra,-0.0012513501896774804,-0.003939856990712936,prueba_intocable
2024-11-12,Integra,0.0015575789569308718,-0.0013787879751014254,prueba_intocable
2024-11-13,Integra,-0.000518316184848544,0.0015478981455938046,prueba_intocable
2024-11-14,Integra,-0.004936341261829735,0.0006859849214824844,prueba_intocable
2024-11-15,Integra,-0.005520355463275783,-0.002126364207465452,prueba_intocable
2024-11-19,Integra,5.5346881283169225e-05,0.0010755256788757205,prueba_intocable
2024-11-20,Integra,-0.0016698677011095509,-0.0012366818383142417,prueba_intocable
2024-11-21,Integra,0.004435441068508794,0.0009111394705320851,prueba_intocable
2024-11-22,Integra,0.00019340642847387457,0.001541304963305715,prueba_intocable
2024-11-26,Integra,-0.0007126769998226923,0.0014682415044352311,prueba_intocable
2024-11-27,Integra,-0.004675395740019961,0.0006319849096804738,prueba_intocable
2024-12-03,Integra,-0.006207510778259762,0.0024695604829488467,prueba_intocable
2024-12-04,Integra,0.006517374123687691,-0.0008933313016749841,prueba_intocable
2024-12-05,Integra,-0.00271225763057803,0.0004794081173310348,prueba_intocable
2024-12-06,Integra,-0.002018474594977171,-0.0002264955222487817,prueba_intocable
2024-12-10,Integra,-0.004556217653140737,-0.0012616473331447807,prueba_intocable
2024-12-11,Integra,0.009619994806985055,0.003207705663415579,prueba_intocable
2024-12-12,Integra,-0.0018490830077519949,-0.002444367834896377,prueba_intocable
2024-12-13,Integra,-0.0027469248021172454,-0.0022651680530566733,prueba_intocable
2024-12-17,Integra,-0.004604889268902013,-0.002168403776795052,prueba_intocable
2024-12-18,Integra,-0.0143469065692442,-0.018081256515828575,prueba_intocable
2024-12-19,Integra,-0.005167963604622461,0.002958182169274122,prueba_intocable
2024-12-20,Integra,0.0044841128750623405,0.005888640428133489,prueba_intocable
2024-12-24,Integra,0.004719299245088626,0.0038634746135636643,prueba_intocable
2024-12-27,Integra,-0.0005347488594856786,-0.002191376691171673,prueba_intocable
2024-12-31,Integra,-0.002185113693572993,0.0010233549853505316,prueba_intocable
2025-01-02,Integra,-0.0002710882096361722,0.00023773525030191083,prueba_intocable
2025-01-03,Integra,0.004325724885302362,0.002260396906764422,prueba_intocable
2025-01-07,Integra,-0.0013769541691734943,-0.0008902953131105604,prueba_intocable
2025-01-08,Integra,0.0011825162869563144,0.0011731501912686535,prueba_intocable
2025-01-14,Integra,0.0022790872413225305,0.0035643566884843735,prueba_intocable
2025-01-15,Integra,0.005766609733787176,0.0035985671194067904,prueba_intocable
2025-01-16,Integra,-0.001995416466763378,-0.0007715208516605801,prueba_intocable
2025-01-17,Integra,0.0021206426626865227,0.0002060548873805072,prueba_intocable
2025-01-22,Integra,-0.0001742854878560296,-0.0009807641023167498,prueba_intocable
2025-01-23,Integra,-0.0005940047267879445,6.884753426762968e-05,prueba_intocable
2025-01-24,Integra,-0.0019368013020177877,0.0009805686460349367,prueba_intocable
2025-01-28,Integra,0.0008190428846093223,0.002578676444221399,prueba_intocable
2025-01-29,Integra,-0.00238425982204149,0.0012637455692453311,prueba_intocable
2025-01-30,Integra,0.006122978674519164,0.0024606572941088638,prueba_intocable
2025-01-31,Integra,-0.0022474898007244226,-0.0024171343926986653,prueba_intocable
2025-02-04,Integra,0.005314620313707774,0.005054538860600919,prueba_intocable
2025-02-05,Integra,0.005810057457883877,0.0022988040023292277,prueba_intocable
2025-02-06,Integra,0.0016199597480988093,0.000932078518053623,prueba_intocable
2025-02-07,Integra,-0.004141649286574456,0.0006675205945042854,prueba_intocable
2025-02-11,Integra,-0.002088719645146897,-0.001889213746117555,prueba_intocable
2025-02-12,Integra,-0.0007808565570408543,0.0017845282583080452,prueba_intocable
2025-02-13,Integra,0.004328121096781601,0.0025229880058338762,prueba_intocable
2025-02-14,Integra,-0.0008021245306791824,0.0008357790503553624,prueba_intocable
2025-02-19,Integra,-0.0005249416203849666,-0.0005406324211766325,prueba_intocable
2025-02-20,Integra,-0.0056377565461354084,0.0017604158700271232,prueba_intocable
2025-02-21,Integra,-0.009647066680067207,-0.005884323738991518,prueba_intocable
2025-02-25,Integra,-0.0079506871038042,0.0013994058549946693,prueba_intocable
2025-02-26,Integra,0.001892990899374114,0.0016881159948752124,prueba_intocable
2025-02-27,Integra,-0.011493608250468856,-0.0035344366806754337,prueba_intocable
2025-02-28,Integra,0.007287682877646029,0.0005893665461423105,prueba_intocable
2025-03-04,Integra,-0.009549047145360645,0.0015616799974071346,prueba_intocable
2025-03-05,Integra,0.005441968235359473,0.005946431257329686,prueba_intocable
2025-03-06,Integra,-0.006076883663888588,-0.002513323685859421,prueba_intocable
2025-03-07,Integra,0.0012825001501242106,0.00017151045843742514,prueba_intocable
2025-03-11,Integra,-0.0011827252490739237,0.004470438361127137,prueba_intocable
2025-03-12,Integra,0.0029843813688068543,0.002107492096778607,prueba_intocable
2025-03-13,Integra,-3.524620401973433e-05,0.0031530670649669553,prueba_intocable
2025-03-14,Integra,0.008743221608426666,0.0034922574305416543,prueba_intocable
2025-03-18,Integra,-0.0005862838562430417,0.001428594755345009,prueba_intocable
2025-03-19,Integra,0.0031926422052912518,0.001609808554652447,prueba_intocable
2025-03-20,Integra,0.00011534938474788703,-0.00022074605075947945,prueba_intocable
2025-03-21,Integra,0.003941905333561868,-3.506544893738011e-05,prueba_intocable
2025-03-25,Integra,0.0034882260683843924,0.004141278622962071,prueba_intocable
2025-03-26,Integra,-0.0063155069659752705,-0.002729832103464322,prueba_intocable
2025-03-27,Integra,0.0013646600513539386,0.0011896248852571916,prueba_intocable
2025-03-28,Integra,-0.006190467244596709,-0.00590555676284436,prueba_intocable
2025-04-01,Integra,0.0015339440619595024,0.004433474284006266,prueba_intocable
2025-04-02,Integra,-0.0005562160731331645,0.00043542185236098997,prueba_intocable
2025-04-03,Integra,-0.023190169245688286,-0.011107161004232877,prueba_intocable
2025-04-04,Integra,-0.030473461955732306,-0.018021745818196457,prueba_intocable
2025-04-08,Integra,0.001564375438767085,-0.003413149553171669,prueba_intocable
2025-04-09,Integra,0.02317924388657211,0.014891548834817284,prueba_intocable
2025-04-10,Integra,-0.0075726107814848564,-0.005281779014771488,prueba_intocable
2025-04-11,Integra,0.00943411327522381,0.006081265395614945,prueba_intocable
2025-04-15,Integra,0.002706703322480797,0.001962636853260748,prueba_intocable
2025-04-16,Integra,-0.009124522274071567,-0.0015403545657701513,prueba_intocable
2025-04-17,Integra,-0.0020712569743609466,0.0023587242572389905,prueba_intocable
2025-04-22,Integra,0.007084943265130539,0.003851695310289214,prueba_intocable
2025-04-23,Integra,0.0042246558536467305,0.0009602451705314342,prueba_intocable
2025-04-24,Integra,0.007710728064974859,0.0017857865503540108,prueba_intocable
2025-04-25,Integra,0.0009918247912772404,0.00031136885584955227,prueba_intocable
2025-04-29,Integra,-0.0005742765990464083,0.0009604248460391607,prueba_intocable
2025-04-30,Integra,0.0006107521517277892,-0.0018185929614649044,prueba_intocable
2025-05-01,Integra,-0.0027112279836909448,-0.0009992410233826043,prueba_intocable
2025-05-02,Integra,0.008296041697866352,0.0027374129331187227,prueba_intocable
2025-05-06,Integra,-0.0013889814441924164,0.0023186704119110444,prueba_intocable
2025-05-07,Integra,-0.003326882388163921,-0.002080045925263248,prueba_intocable
2025-05-08,Integra,0.0011416964984503064,0.0015006583400704848,prueba_intocable
2025-05-09,Integra,0.004970608231894991,0.001715936323346804,prueba_intocable
2025-05-13,Integra,0.007001774043851272,0.0012491850392755005,prueba_intocable
2025-05-14,Integra,-0.005162694565488457,0.0005696491688725626,prueba_intocable
2025-05-15,Integra,0.0028338845536475255,-0.00015004139819302438,prueba_intocable
2025-05-16,Integra,0.002181795425223454,0.0008559199258373498,prueba_intocable
2025-05-20,Integra,0.0014581082876585771,0.0010101879369216584,prueba_intocable
2025-05-21,Integra,-0.004636792357492592,-0.000821980638685853,prueba_intocable
2025-05-22,Integra,-0.007274632898216837,0.0007396824609942357,prueba_intocable
2025-05-23,Integra,0.0019678878085875873,-0.0005784283805046187,prueba_intocable
2025-05-28,Integra,-0.0016942242245991945,-0.0008636751760414236,prueba_intocable
2025-05-29,Integra,-0.001628042146113784,0.0003233328823285869,prueba_intocable
2025-05-30,Integra,-0.003065998848093665,0.0007311954413342773,prueba_intocable
2025-06-03,Integra,0.005332429037007147,0.0013973370038316989,prueba_intocable
2025-06-04,Integra,-0.0007028999847821238,0.0013242934917945491,prueba_intocable
2025-06-05,Integra,0.007464680595962836,0.0021654135536596435,prueba_intocable
2025-06-06,Integra,0.007576227820282,0.0015931046397852028,prueba_intocable
2025-06-10,Integra,0.0017362787970436333,0.0010699000646820743,prueba_intocable
2025-06-11,Integra,-0.0015083930010230118,-3.72505846028912e-05,prueba_intocable
2025-06-12,Integra,-0.00044371453677227723,-0.0005657738970700238,prueba_intocable
2025-06-13,Integra,-0.004067266157592564,-0.003975527863071193,prueba_intocable
2025-06-17,Integra,-0.0034608429199527446,-0.001850527524131925,prueba_intocable
2025-06-18,Integra,-0.00521180830173007,0.0016397415536372722,prueba_intocable
2025-06-24,Integra,0.004265764771320457,0.005180851121637909,prueba_intocable
2025-06-25,Integra,0.0004938153248297272,-0.00045668092849853836,prueba_intocable
2025-06-26,Integra,0.006075406915482251,0.005814600663642514,prueba_intocable
2025-06-27,Integra,-0.00016271550219426612,-0.001478913337896796,prueba_intocable
2025-07-01,Integra,0.002852272751435514,0.002448189918713458,prueba_intocable
2025-07-02,Integra,0.002375792697565826,0.0029389484352994274,prueba_intocable
2025-07-03,Integra,0.003072024775517379,-0.000923555769215134,prueba_intocable
2025-07-08,Integra,-0.0016643899053615518,0.003202343059727641,prueba_intocable
2025-07-09,Integra,0.002568025723258982,-0.0005366821526551519,prueba_intocable
2025-07-10,Integra,-0.00012399978804067402,0.001258196797966686,prueba_intocable
2025-07-11,Integra,0.0015027938440741462,-0.0011920002393450973,prueba_intocable
2025-07-15,Integra,-0.0020843236291521183,0.0004704174768794362,prueba_intocable
2025-07-16,Integra,-0.0026128342100830704,8.918816899691702e-05,prueba_intocable
2025-07-17,Integra,0.006751803961227321,0.0007532447250742276,prueba_intocable
2025-07-18,Integra,-0.0004683682941442058,-0.0008089393124219122,prueba_intocable
2025-07-22,Integra,0.0018370187943732574,0.003565377024194044,prueba_intocable
2025-07-23,Integra,0.00589851620035331,0.0026161270022357994,prueba_intocable
2025-07-24,Integra,-0.0018335537148566061,-0.0012261212557890147,prueba_intocable
2025-07-25,Integra,-0.001203818974612969,-1.6338722839128876e-05,prueba_intocable
2025-07-29,Integra,0.0013728543448798813,0.002067959913404421,prueba_intocable
2025-07-30,Integra,-0.0002719732401016417,-0.003898020990855894,prueba_intocable
2025-07-31,Integra,0.001851710042204413,-0.00036053683938358006,prueba_intocable
2025-08-01,Integra,-0.007357057543674661,-0.0047249284189620575,prueba_intocable
2025-08-05,Integra,-0.0016442769893177944,0.00307987428559159,prueba_intocable
2025-08-06,Integra,0.00510426942276565,0.0015826338239641586,prueba_intocable
2025-08-07,Integra,-0.00040768147472713956,0.002149872627158564,prueba_intocable
2025-08-08,Integra,0.00013425831568003588,0.0038621790810901054,prueba_intocable
2025-08-12,Integra,0.00592887720811075,0.004718525175398859,prueba_intocable
2025-08-13,Integra,0.004670280190181453,0.001917436694221567,prueba_intocable
2025-08-14,Integra,0.0008310946326226532,-0.0011961919748820448,prueba_intocable
2025-08-15,Integra,-0.002791601391776255,0.0010164484400414702,prueba_intocable
2025-08-19,Integra,-0.009880426604095938,-0.0004006103476560455,prueba_intocable
2025-08-20,Integra,-0.003276317167220877,-0.0004823851523856331,prueba_intocable
2025-08-21,Integra,0.0021551365774359343,-0.000410947072330376,prueba_intocable
2025-08-22,Integra,0.008089091977735885,0.006115250217208905,prueba_intocable
2025-08-26,Integra,0.007628050786691487,0.0031787972125413414,prueba_intocable
2025-08-27,Integra,-0.001676281573164129,-0.0011527937439197737,prueba_intocable
2025-08-28,Integra,0.003784617490075526,0.002231844568005976,prueba_intocable
2025-08-29,Integra,-0.0025627301871895547,-0.001049048439478446,prueba_intocable
2025-09-03,Integra,0.002995652139992533,0.004283465287760312,prueba_intocable
2025-09-04,Integra,-0.0010885448992266067,0.00015507870446457276,prueba_intocable
2025-09-05,Integra,0.0040474782879278415,0.0011135273765246752,prueba_intocable
2025-09-09,Integra,-0.003033082837704759,0.0004922648516917179,prueba_intocable
2025-09-10,Integra,0.0013847885443134533,-0.001118097594060464,prueba_intocable
2025-09-11,Integra,0.007496806684645474,0.0032425122707142404,prueba_intocable
2025-09-12,Integra,0.0016816551741463126,0.0016824194847678373,prueba_intocable
2025-09-16,Integra,-0.002084507163714,-0.00013066987284105172,prueba_intocable
2025-09-17,Integra,0.00013042365044335646,0.0005890824369491029,prueba_intocable
2025-09-18,Integra,0.0003829019026486691,-0.0012478878778316796,prueba_intocable
2025-09-19,Integra,0.005567519973880497,0.0016730034899750067,prueba_intocable
2025-09-23,Integra,0.00035332054780545796,0.001214798652246799,prueba_intocable
2025-09-24,Integra,0.0007705669558324413,0.003514112124615071,prueba_intocable
2025-09-25,Integra,-0.0029202659655674923,-0.0005372926953047114,prueba_intocable
2025-09-26,Integra,0.00042470450366449697,0.0019063856607935824,prueba_intocable
2025-09-30,Integra,0.0002940212467197334,0.0020122772705548743,prueba_intocable
2025-10-01,Integra,0.005017135785991389,-0.0003133647819806109,prueba_intocable
2025-10-02,Integra,0.0008805896778711908,0.00030884340852238925,prueba_intocable
2025-10-03,Integra,-0.0009842450872079578,0.0021248185801422594,prueba_intocable
2025-10-07,Integra,-0.003701014609537312,-0.0007169206059654133,prueba_intocable
2025-10-08,Integra,0.012145401077793494,0.003248442766521111,prueba_intocable
2025-10-09,Integra,-0.007331376113613675,-0.000370667022721415,prueba_intocable
2025-10-10,Integra,-0.01930144566305747,-0.010753431395975042,prueba_intocable
2025-10-14,Integra,0.0020516061499529226,-0.002747966691959217,prueba_intocable
2025-10-15,Integra,0.002891526457891036,0.0027905557695454535,prueba_intocable
2025-10-16,Integra,-0.00247353736881617,-0.004805631737411126,prueba_intocable
2025-10-17,Integra,-0.007530225551232617,0.0011692939529692069,prueba_intocable
2025-10-21,Integra,-0.0141226451453349,-0.0031478658952729514,prueba_intocable
2025-10-22,Integra,-0.004600106720912933,-0.0008612215341438753,prueba_intocable
2025-10-23,Integra,0.004423487056793629,0.003659804615790038,prueba_intocable
2025-10-24,Integra,0.0023018970152604012,0.0011205604612906403,prueba_intocable
2025-10-28,Integra,0.00440324807962611,0.0018303658555594187,prueba_intocable
2025-10-29,Integra,0.005126363530594258,0.0005774418247984446,prueba_intocable
2025-10-30,Integra,-0.004251261789183891,0.00015716262637636592,prueba_intocable
2025-10-31,Integra,-0.002244679693021445,-0.0016042382259915027,prueba_intocable
2025-11-04,Integra,-0.014225339783461743,-0.0037897511051052145,prueba_intocable
2025-11-05,Integra,0.0067953059516612235,0.003469458948028927,prueba_intocable
2025-11-06,Integra,-0.0035570033747298613,-0.0015437486827092133,prueba_intocable
2025-11-07,Integra,0.0010151210091400298,0.0010987667158545611,prueba_intocable
2025-11-11,Integra,-0.0031177826965272937,0.0004215283057738116,prueba_intocable
2025-11-12,Integra,0.00782494407828982,0.0018611177485379738,prueba_intocable
2025-11-13,Integra,-0.011151058051182106,-0.0034447070636605386,prueba_intocable
2025-11-14,Integra,-0.005412682678746283,-0.00044015148334578436,prueba_intocable
2025-11-18,Integra,-0.007036286053776708,-0.0021539592423573343,prueba_intocable
2025-11-19,Integra,0.009217121815968898,0.002726679605872471,prueba_intocable
2025-11-20,Integra,-0.019267805889255585,-0.004915509049697857,prueba_intocable
2025-11-21,Integra,0.0017118755794645057,0.0018905290455907356,prueba_intocable
2025-11-25,Integra,0.0012143226927876505,0.004446315227704004,prueba_intocable
2025-11-26,Integra,0.01654698436080415,0.0041175120726132195,prueba_intocable
2025-12-02,Integra,0.0044327007627107395,0.002403812727706829,prueba_intocable
2025-12-03,Integra,0.0065106801299994466,0.003591095188239642,prueba_intocable
2025-12-04,Integra,0.004013046475903614,0.0010549156789081274,prueba_intocable
2025-12-05,Integra,0.0017277698859530233,0.0013051425551443053,prueba_intocable
2025-12-09,Integra,0.007877691340641757,0.0005156091892785612,prueba_intocable
2025-12-10,Integra,0.008059044615800426,0.00474756119042693,prueba_intocable
2025-12-11,Integra,0.005495896377578413,0.0016454058693119017,prueba_intocable
2025-12-12,Integra,-0.010417720556347598,0.00024109388891330947,prueba_intocable
2025-12-16,Integra,0.005245786724995538,0.0019073926333651862,prueba_intocable
2025-12-17,Integra,-0.008494436435162234,-0.0004930911379433579,prueba_intocable
2025-12-18,Integra,0.009907525360118186,0.0017043720377478398,prueba_intocable
2025-12-19,Integra,0.013189053890147129,0.00422749606233373,prueba_intocable
2025-12-23,Integra,0.006081173682514374,0.002696056842924388,prueba_intocable
2025-12-24,Integra,0.0011392062719846052,0.0008552033434490616,prueba_intocable
2025-12-30,Integra,0.004576304556775934,0.0029586015358442136,prueba_intocable
2025-12-31,Integra,-0.0055329314639387395,-0.0013242507254090372,prueba_intocable
2026-01-06,Integra,0.018488593103708872,0.00413447636738445,prueba_intocable
2026-01-07,Integra,-0.0026519765513486337,-0.003015979015255501,prueba_intocable
2026-01-08,Integra,-0.0007704881835004507,0.0012846501128152942,prueba_intocable
2026-01-09,Integra,0.012336009937052417,0.003771201832818324,prueba_intocable
2026-01-13,Integra,0.004065081892935973,0.00044469428157594966,prueba_intocable
2026-01-14,Integra,0.0040187122723633895,0.0015468942601248638,prueba_intocable
2026-01-15,Integra,0.007850506886388997,0.0019207760375237741,prueba_intocable
2026-01-16,Integra,0.004063008879132468,-0.0008026398442148516,prueba_intocable
2026-01-21,Integra,0.0057955335690889065,0.005967617227632135,prueba_intocable
2026-01-22,Integra,0.006907353802831695,0.0019994255913986228,prueba_intocable
2026-01-23,Integra,0.008121408270250985,0.002979158582339558,prueba_intocable
2026-01-27,Integra,0.008926352105459667,0.002037504353205119,prueba_intocable
2026-01-28,Integra,0.005849599194876376,0.0025369982345143103,prueba_intocable
2026-01-29,Integra,-0.0025222090856372725,-0.0005784341981781036,prueba_intocable
2026-01-30,Integra,-0.031778128609983414,-0.008521020107651262,prueba_intocable
2026-02-02,Integra,0.0005618419448567558,0.0027349195751679364,prueba_intocable
2026-02-03,Integra,0.014945056682997171,0.005347688627560262,prueba_intocable
2026-02-04,Integra,-0.01118376428058443,-0.0051647658862085735,prueba_intocable
2026-02-05,Integra,-0.014834699183131073,-0.007823440356476892,prueba_intocable
2026-02-06,Integra,0.020334144759188932,0.006194371020215349,prueba_intocable
2026-02-10,Integra,-0.004603181770222786,-0.0002788773153761081,prueba_intocable
2026-02-11,Integra,0.006175150833777732,0.002049688556512687,prueba_intocable
2026-02-12,Integra,-0.019614939676841914,-0.0066381752281359585,prueba_intocable
2026-02-13,Integra,0.003500188323235065,0.0005427236131591973,prueba_intocable
2026-02-18,Integra,0.00938905877511309,0.002667304469448986,prueba_intocable
2026-02-19,Integra,9.550723760121116e-05,0.0019697778685860683,prueba_intocable
2026-02-20,Integra,0.00996446229228276,0.00403180463850748,prueba_intocable
2026-02-24,Integra,0.007169691803432743,0.0037856277976840444,prueba_intocable
2026-02-25,Integra,0.008686218787288258,0.004566546492109156,prueba_intocable
2026-02-26,Integra,-0.002710689099879815,-0.002136515739007236,prueba_intocable
2026-02-27,Integra,0.003446393708291584,0.001223095023662037,prueba_intocable
2026-03-03,Integra,-0.03690134353454533,-0.0077664387698154255,prueba_intocable
2026-03-04,Integra,0.008901100413420737,0.0045319872098500595,prueba_intocable
2026-03-05,Integra,-0.018162930909148,-0.00839079498489268,prueba_intocable
2026-03-06,Integra,-0.006477009286584345,-0.008041684658082306,prueba_intocable
2026-03-10,Integra,0.00668818040782182,0.005985861365248149,prueba_intocable
2026-03-11,Integra,-0.005414372481623131,-0.001966519618847587,prueba_intocable
2026-03-12,Integra,-0.018737448859414307,-0.005697689956509606,prueba_intocable
2026-03-13,Integra,-0.01359274911706665,-0.0033920347495658685,prueba_intocable
2026-03-17,Integra,0.0012127019818322093,0.0022235698353930914,prueba_intocable
2026-03-18,Integra,-0.019006865372279358,-0.006730758376746337,prueba_intocable
2026-03-19,Integra,-0.016903392124389627,-0.0012046428231273388,prueba_intocable
2026-03-20,Integra,-0.023163306429415775,-0.0053209330196477556,prueba_intocable
2026-03-24,Integra,0.001159400230619223,0.00129872518574652,prueba_intocable
2026-03-25,Integra,0.0164939779412987,0.0029587828591846354,prueba_intocable
2026-03-26,Integra,-0.021796963885962306,-0.0037683374309261846,prueba_intocable
2026-03-27,Integra,0.0015719161883644972,-0.002844255616191014,prueba_intocable
2026-03-31,Integra,0.0300196075953032,0.010261317316107169,prueba_intocable
2026-04-01,Integra,0.01946867561483856,0.004265979410894951,prueba_intocable
2026-04-02,Integra,-0.008168642875608478,-0.001508211722402125,prueba_intocable
2026-04-07,Integra,-0.0005223735092173554,-0.0008087532635637498,prueba_intocable
2026-04-08,Integra,0.03512281884666191,0.009707151494155715,prueba_intocable
2026-04-09,Integra,0.0011918359039022608,0.0007771340027951064,prueba_intocable
2026-04-10,Integra,0.0052531030168943005,0.0013047801843673954,prueba_intocable
2026-04-14,Integra,0.008119222165104079,0.0022092765096539627,prueba_intocable
2026-04-15,Integra,-0.011642525094635259,-0.0033543110604543637,prueba_intocable
2026-04-16,Integra,0.01188964571130846,0.00307524035481453,prueba_intocable
2026-04-17,Integra,0.007230911666304074,-7.394413496355511e-05,prueba_intocable
2026-04-21,Integra,-0.01785978815834066,-0.0036401828161459026,prueba_intocable
2026-04-22,Integra,0.015783902382783044,0.0031248599118596887,prueba_intocable
2026-04-23,Integra,-0.006606231633638937,-0.0028052947110295844,prueba_intocable
2026-04-24,Integra,0.01402102292574714,0.0014427790324638005,prueba_intocable
2026-04-28,Integra,-0.016366733262381694,-0.0016462426555990475,prueba_intocable
2026-04-29,Integra,-0.00425893840362257,-0.0010624085336642145,prueba_intocable
2026-04-30,Integra,0.016771716729311326,0.004683131949133789,prueba_intocable
2026-05-01,Integra,-0.004647962371078007,-0.001039624731948707,prueba_intocable
2026-05-05,Integra,0.008667759183009327,0.002678187116599921,prueba_intocable
2026-05-06,Integra,0.025146411424220805,0.004712528836783936,prueba_intocable
2026-05-07,Integra,-0.005407483873703489,-0.00036121719937618813,prueba_intocable
2026-05-08,Integra,0.015745669953533437,0.0024765308044260616,prueba_intocable
2026-05-12,Integra,-0.0075752216335098765,0.0026270808864142497,prueba_intocable
2026-05-13,Integra,0.005566306359995776,-0.0002752330795941333,prueba_intocable
2026-05-14,Integra,-0.0026286314605022953,0.00021099532292672755,prueba_intocable
2026-05-15,Integra,-0.02848077416284578,-0.007101132156967536,prueba_intocable
2026-05-19,Integra,-0.010767315458321769,-0.0009422492081100457,prueba_intocable
2026-05-20,Integra,0.015482269315137964,0.0031228476020440064,prueba_intocable
2026-05-21,Integra,0.005239246285783539,0.003787617544147649,prueba_intocable
2026-05-22,Integra,0.0010897347093572485,-0.0005838546771761349,prueba_intocable
2026-05-27,Integra,-0.008059929784337339,0.0009962862912395113,prueba_intocable
2026-05-28,Integra,0.0058496767220839185,0.0007173804693078991,prueba_intocable
2026-05-29,Integra,0.009870241794454726,0.002317678050096152,prueba_intocable
2026-06-23,Integra,-0.03698905698730848,-0.00639517473715275,prueba_intocable
2026-06-24,Integra,-0.002902437426013149,-0.0023265213457930706,prueba_intocable
2026-06-25,Integra,0.012815067461781737,0.002436177900748638,prueba_intocable
2026-06-26,Integra,-0.013220020875492344,0.0008525835433582586,prueba_intocable
2026-06-30,Integra,0.013681151070292774,0.004320231236315933,prueba_intocable
2024-02-26,Prima,0.0013373005893708712,-0.001968978612429682,prueba_intocable
2024-02-27,Prima,-0.0010502010161707043,0.002565213909059716,prueba_intocable
2024-02-28,Prima,-0.0025585749834974303,-0.0020044719715498027,prueba_intocable
2024-02-29,Prima,0.0032206361084528012,0.00021957299232632413,prueba_intocable
2024-03-01,Prima,0.0014082603553304818,0.0028517896735115967,prueba_intocable
2024-03-04,Prima,0.0033004224349766353,-0.001552571197996649,prueba_intocable
2024-03-05,Prima,-0.004374010872290945,-0.0004608023719236537,prueba_intocable
2024-03-06,Prima,0.002488023649918958,0.0010249240165359525,prueba_intocable
2024-03-07,Prima,-0.0004881194336575634,0.0030474511420106585,prueba_intocable
2024-03-08,Prima,-0.004653483659300739,-0.0013586192330539613,prueba_intocable
2024-03-11,Prima,0.0013722876608239787,0.00038035678881167607,prueba_intocable
2024-03-12,Prima,0.0030270040457713865,0.0024241914036624633,prueba_intocable
2024-03-13,Prima,0.0028736584826725142,0.004341064004704825,prueba_intocable
2024-03-14,Prima,0.0016948196991153353,-0.0013169431621217515,prueba_intocable
2024-03-15,Prima,0.0017803597612986444,0.002734818279146917,prueba_intocable
2024-03-18,Prima,0.006763912746852174,-0.0018481912820690928,prueba_intocable
2024-03-19,Prima,-0.004489177984198123,0.0004278558619974712,prueba_intocable
2024-03-20,Prima,0.0033227914418705318,0.004127476327555939,prueba_intocable
2024-03-21,Prima,-0.002000178550571441,0.00034606495725593206,prueba_intocable
2024-03-22,Prima,0.0028669313801987784,-0.002305624475141694,prueba_intocable
2024-03-25,Prima,-0.0009229756022036684,-0.0006697638828473458,prueba_intocable
2024-03-26,Prima,-0.009308000254147353,0.0006631435096960464,prueba_intocable
2024-03-27,Prima,-0.01138995393494946,0.00142382851048156,prueba_intocable
2024-03-28,Prima,0.0006789817677070875,0.0018404993904348548,prueba_intocable
2024-04-02,Prima,-0.004935080913907486,0.0011883794450220097,prueba_intocable
2024-04-03,Prima,-0.0017187741458125627,0.0032055747344622893,prueba_intocable
2024-04-04,Prima,-0.014429624235390626,-0.002967574988510997,prueba_intocable
2024-04-05,Prima,-0.0203359707593197,-0.0003655505895195072,prueba_intocable
2024-04-08,Prima,-0.0011905260700333375,0.0011992545241740278,prueba_intocable
2024-04-09,Prima,0.0007963222982516616,0.0019042746137910226,prueba_intocable
2024-04-10,Prima,0.0014066018385043844,-0.0001566464032654983,prueba_intocable
2024-04-11,Prima,-0.0004234393890811816,0.001665583177540929,prueba_intocable
2024-04-12,Prima,-0.0026850882449009905,-0.005616292893111478,prueba_intocable
2024-04-15,Prima,0.0007243035256254693,-0.0028024116432186345,prueba_intocable
2024-04-16,Prima,-0.00016948732824506596,0.0017673586227011748,prueba_intocable
2024-04-17,Prima,0.0003124719089211414,0.0023945455214630395,prueba_intocable
2024-04-18,Prima,0.000647158441443807,0.0008067173688371104,prueba_intocable
2024-04-19,Prima,-0.00240701758919204,0.001063091887620648,prueba_intocable
2024-04-22,Prima,0.008365118158638385,-0.0005840710683126735,prueba_intocable
2024-04-23,Prima,0.006341592895217074,0.0010719381700306702,prueba_intocable
2024-04-24,Prima,0.00874739673708902,0.0004957549261836213,prueba_intocable
2024-04-25,Prima,0.005624504434990296,0.0034556096696670142,prueba_intocable
2024-04-26,Prima,0.0034861945456330368,0.0028899710235915006,prueba_intocable
2024-04-29,Prima,0.00033219488177604894,0.0014957496378690807,prueba_intocable
2024-04-30,Prima,0.004563048777490586,-0.0025761391511521063,prueba_intocable
2024-05-01,Prima,-0.0016236625849636033,0.00037604393922301485,prueba_intocable
2024-05-02,Prima,0.0023314462827810356,0.0014510034561942586,prueba_intocable
2024-05-03,Prima,0.002915500985440911,0.00281279885536608,prueba_intocable
2024-05-06,Prima,0.00383153595210195,-0.0010549452755623467,prueba_intocable
2024-05-07,Prima,-0.004194921347130731,0.0020036365944474353,prueba_intocable
2024-05-08,Prima,0.001578380971102522,5.86596459601352e-05,prueba_intocable
2024-05-09,Prima,0.0016262087746492515,0.002567709824812831,prueba_intocable
2024-05-10,Prima,0.005751997128599973,0.0009210966967665086,prueba_intocable
2024-05-13,Prima,0.0007285485233057276,-0.003030879222668349,prueba_intocable
2024-05-14,Prima,0.004554914563032142,0.0038066266658133333,prueba_intocable
2024-05-15,Prima,0.002919144644539129,0.0016427408124824383,prueba_intocable
2024-05-16,Prima,0.001874031860837011,-0.00022938051189993594,prueba_intocable
2024-05-17,Prima,0.006251217134957354,0.003938254681247038,prueba_intocable
2024-05-20,Prima,0.0017977518973322226,0.00023705968579350466,prueba_intocable
2024-05-21,Prima,0.0010295381299783024,0.00020429201588679984,prueba_intocable
2024-05-22,Prima,-0.0031537164805887086,-0.00452187415675995,prueba_intocable
2024-05-23,Prima,-0.0005241113185204815,-0.0009974790163227271,prueba_intocable
2024-05-24,Prima,0.00243213553958066,0.0024894779241203275,prueba_intocable
2024-05-29,Prima,-0.0022688180775027877,-0.003762539740577013,prueba_intocable
2024-05-30,Prima,-0.001431376594688727,0.0008597463075373892,prueba_intocable
2024-05-31,Prima,-0.006300295772830533,0.0030880544826334933,prueba_intocable
2024-06-03,Prima,0.001844874791908424,-0.0018832345432885683,prueba_intocable
2024-06-04,Prima,-0.005363103451984097,-0.002986290078533818,prueba_intocable
2024-06-05,Prima,0.001516419517689327,0.0016419228398608203,prueba_intocable
2024-06-06,Prima,0.0009280007126755141,0.0018411384460160843,prueba_intocable
2024-06-07,Prima,-0.006563162146428492,-0.0036175354635401475,prueba_intocable
2024-06-10,Prima,0.006967916851226885,0.0006153862218084723,prueba_intocable
2024-06-11,Prima,-0.0025085637681967476,-0.002624939109849482,prueba_intocable
2024-06-12,Prima,0.006924334656988718,0.004089245181850854,prueba_intocable
2024-06-13,Prima,-0.0059759014067883864,-0.0017353223548565665,prueba_intocable
2024-06-14,Prima,0.0018846045066307493,-0.0019406487570252516,prueba_intocable
2024-06-17,Prima,0.0035354099916351522,-0.001623337665093708,prueba_intocable
2024-06-18,Prima,0.0032513851777447034,0.003811257400519581,prueba_intocable
2024-06-21,Prima,-0.0021786554296343574,-0.0005739489462524905,prueba_intocable
2024-06-24,Prima,0.0024813452342171693,0.00013562830888138994,prueba_intocable
2024-06-25,Prima,-0.0013635030213925425,0.00045103851209793997,prueba_intocable
2024-06-26,Prima,0.0011824374730553533,0.0005842022106013835,prueba_intocable
2024-06-27,Prima,-0.0012423257725588943,-0.0006627246338473924,prueba_intocable
2024-06-28,Prima,0.0025637746949203066,-6.094300414982015e-05,prueba_intocable
2024-07-01,Prima,0.00029440288655768754,0.000644205908228376,prueba_intocable
2024-07-02,Prima,-0.003248779258785528,0.0019067049218483862,prueba_intocable
2024-07-03,Prima,0.0038914825263460795,0.003366778907633479,prueba_intocable
2024-07-09,Prima,0.0004274185920472018,-0.000341006863039161,prueba_intocable
2024-07-10,Prima,0.0045398664339941774,-0.00036680139235931186,prueba_intocable
2024-07-11,Prima,-0.005680071911552398,0.0024389765539004652,prueba_intocable
2024-07-12,Prima,-0.0005409227120060089,0.0006980411345072167,prueba_intocable
2024-07-16,Prima,0.0021879314427737384,0.0014252300396050692,prueba_intocable
2024-07-17,Prima,-0.0049799565446804195,-0.004271116207309134,prueba_intocable
2024-07-18,Prima,-0.002606636355626857,-0.005086487379064888,prueba_intocable
2024-07-19,Prima,-0.0019320107327867042,0.00019294028007500147,prueba_intocable
2024-07-23,Prima,-0.0034935515491619773,0.0012349479360823483,prueba_intocable
2024-07-24,Prima,-0.0036832751452031687,-0.0038044051733355975,prueba_intocable
2024-07-25,Prima,-0.006043255195720243,-0.0008201383450606686,prueba_intocable
2024-07-26,Prima,0.0035707243717504333,0.0015573480099963174,prueba_intocable
2024-07-30,Prima,-0.0003963980997239158,-0.001676058357047115,prueba_intocable
2024-07-31,Prima,0.004521371134642793,0.004712398927753636,prueba_intocable
2024-08-01,Prima,-0.010871541737715429,-0.005180229138760395,prueba_intocable
2024-08-02,Prima,-0.014900488478440277,-0.006542141349075431,prueba_intocable
2024-08-06,Prima,0.0005743584032353866,0.008430810179043765,prueba_intocable
2024-08-07,Prima,-0.00084204849339653,-0.0010760220386093684,prueba_intocable
2024-08-08,Prima,0.006582453500043828,0.0035016337589691697,prueba_intocable
2024-08-09,Prima,0.0031746864195676405,0.0048181292726279575,prueba_intocable
2024-08-13,Prima,0.005376473559422168,0.004017563616510653,prueba_intocable
2024-08-14,Prima,-0.003212740344175069,0.001836440457083049,prueba_intocable
2024-08-15,Prima,0.007949638532781522,0.0025588619008249814,prueba_intocable
2024-08-16,Prima,0.0008864709066374044,0.00036215315502385404,prueba_intocable
2024-08-20,Prima,0.0012411464073129874,-0.0007221706673647208,prueba_intocable
2024-08-21,Prima,0.00042090146318374266,0.000501467918801458,prueba_intocable
2024-08-22,Prima,-0.007330163096220033,-0.0029248591832488533,prueba_intocable
2024-08-23,Prima,0.005742952372173482,0.003998083287258408,prueba_intocable
2024-08-27,Prima,0.0004712735143057589,0.003198849042397849,prueba_intocable
2024-08-28,Prima,-0.003862609363287528,-0.004345817140673633,prueba_intocable
2024-08-29,Prima,0.0025901467898916675,0.0012604273971081115,prueba_intocable
2024-08-30,Prima,0.0036374873935607344,0.002965544946909459,prueba_intocable
2024-09-04,Prima,0.0008240997291906194,0.0006459403225457646,prueba_intocable
2024-09-05,Prima,-0.0001386897839512624,0.0026299057304752784,prueba_intocable
2024-09-06,Prima,-0.007985379815947269,-0.0051792645677452755,prueba_intocable
2024-09-10,Prima,-0.0012697655875266722,-0.00018572011725697044,prueba_intocable
2024-09-11,Prima,-0.0004386426265644561,0.0040341144581737985,prueba_intocable
2024-09-12,Prima,0.005111385311942662,0.0031120823194620882,prueba_intocable
2024-09-13,Prima,0.008343473513449107,0.001471010099325025,prueba_intocable
2024-09-17,Prima,-0.0045234233559517945,0.0005815255195096368,prueba_intocable
2024-09-18,Prima,0.0004193232846358974,-0.0005858165942876068,prueba_intocable
2024-09-19,Prima,0.008912607054981647,0.004889240472118667,prueba_intocable
2024-09-20,Prima,-0.0010644891639254306,-0.00048488338637323633,prueba_intocable
2024-09-24,Prima,0.006255116668027805,0.007941795732096704,prueba_intocable
2024-09-25,Prima,-0.0034026443355247293,-0.0013181871320937773,prueba_intocable
2024-09-26,Prima,0.008318861087606821,0.005622246062179599,prueba_intocable
2024-09-27,Prima,-0.002799454541074442,-0.003845193200990173,prueba_intocable
2024-10-01,Prima,0.013719578411407252,-0.002097155071654908,prueba_intocable
2024-10-02,Prima,0.003734103548212797,0.0013526356626991736,prueba_intocable
2024-10-03,Prima,-0.0014047321902431742,-0.003579589082642557,prueba_intocable
2024-10-04,Prima,0.006706083824060238,0.0018111903458308332,prueba_intocable
2024-10-08,Prima,-0.005701119287366829,-0.0015433023265909757,prueba_intocable
2024-10-09,Prima,0.0032683632472536583,0.00035535937480546317,prueba_intocable
2024-10-10,Prima,0.004204983533273587,0.0019219620323323442,prueba_intocable
2024-10-11,Prima,0.0008794184188987142,0.001829581568960297,prueba_intocable
2024-10-15,Prima,-0.007720290228246718,-0.00268403393333341,prueba_intocable
2024-10-16,Prima,-0.0007205536367560494,0.004326885389082208,prueba_intocable
2024-10-17,Prima,-0.0005272317763240775,0.0007383487368944502,prueba_intocable
2024-10-18,Prima,0.0072896329963085815,0.0032670916359667434,prueba_intocable
2024-10-22,Prima,0.0004978790754364137,0.0022785533367154073,prueba_intocable
2024-10-23,Prima,-0.004697087611550077,-0.0013699740146653453,prueba_intocable
2024-10-24,Prima,0.0019535580635245964,7.628413803126513e-05,prueba_intocable
2024-10-25,Prima,0.0023223057552483883,-0.0011629010703091162,prueba_intocable
2024-10-29,Prima,0.0042954139670075,0.0007200081003113882,prueba_intocable
2024-10-30,Prima,-0.005423458884829091,-0.001768001820452955,prueba_intocable
2024-10-31,Prima,-0.010049728329258212,-0.003173847863811495,prueba_intocable
2024-11-01,Prima,-9.514467237026203e-05,0.0010954939054291127,prueba_intocable
2024-11-05,Prima,0.003822990677709859,0.0035135029483963835,prueba_intocable
2024-11-06,Prima,0.00888019506350779,0.0006262484442818746,prueba_intocable
2024-11-07,Prima,0.002389576078998923,0.00511957716103026,prueba_intocable
2024-11-08,Prima,0.0012892933859307565,-0.0041513950148924575,prueba_intocable
2024-11-12,Prima,0.0014018079283624196,-0.0015778343101144582,prueba_intocable
2024-11-13,Prima,0.00027954637308225116,0.0014690478415746255,prueba_intocable
2024-11-14,Prima,-0.005083679204007985,0.0007222471925517416,prueba_intocable
2024-11-15,Prima,-0.004425056856495968,-0.001895083627896749,prueba_intocable
2024-11-19,Prima,3.0717546487757375e-05,0.0009902168991398328,prueba_intocable
2024-11-20,Prima,-0.0011672968412165252,-0.0012515778398932472,prueba_intocable
2024-11-21,Prima,0.00532223725152603,0.0007103947903418595,prueba_intocable
2024-11-22,Prima,-0.00026759787771435395,0.0014031628411967153,prueba_intocable
2024-11-26,Prima,0.000215361681185966,0.0013716241074658276,prueba_intocable
2024-11-27,Prima,-0.00389204954685185,0.0006939297174278674,prueba_intocable
2024-12-03,Prima,-0.007202741393622758,0.0024763275341466687,prueba_intocable
2024-12-04,Prima,0.006625941979471195,-0.0008578134150688255,prueba_intocable
2024-12-05,Prima,-0.002146606508716231,0.0006469759264985265,prueba_intocable
2024-12-06,Prima,-0.0018328253287092089,-0.0002650907743186702,prueba_intocable
2024-12-10,Prima,-0.00348682936668665,-0.0013783554775037145,prueba_intocable
2024-12-11,Prima,0.009739404533077867,0.003163374961330775,prueba_intocable
2024-12-12,Prima,-0.002495197629788559,-0.0023872654947590904,prueba_intocable
2024-12-13,Prima,-0.004528576833733866,-0.002200601004901499,prueba_intocable
2024-12-17,Prima,-0.003940082271836287,-0.002085362213581157,prueba_intocable
2024-12-18,Prima,-0.019128337495402437,-0.01718112281049661,prueba_intocable
2024-12-19,Prima,-0.0054344257440259724,0.002805907409168281,prueba_intocable
2024-12-20,Prima,0.006203704369350582,0.005402953481483841,prueba_intocable
2024-12-24,Prima,0.007019961649889606,0.0036452703534910905,prueba_intocable
2024-12-27,Prima,-0.001860697960534563,-0.002078236803198075,prueba_intocable
2024-12-31,Prima,-0.004601738881546025,0.0009811249903515222,prueba_intocable
2025-01-02,Prima,-0.00421838535786534,0.00020983697668896007,prueba_intocable
2025-01-03,Prima,0.005367349596879123,0.0020817271452587653,prueba_intocable
2025-01-07,Prima,-0.0046218230416245065,-0.0006747754470652849,prueba_intocable
2025-01-08,Prima,0.0015193553014469785,0.0010058854518344566,prueba_intocable
2025-01-14,Prima,0.0007566279722357461,0.003574797247655732,prueba_intocable
2025-01-15,Prima,0.003687688207281825,0.0034077494941831547,prueba_intocable
2025-01-16,Prima,-0.002934768943719801,-0.0007004151667473796,prueba_intocable
2025-01-17,Prima,0.0013043286592027137,0.00011291275230116351,prueba_intocable
2025-01-22,Prima,-0.0025760457300481043,-0.0009371384287902925,prueba_intocable
2025-01-23,Prima,0.00038807588389144776,6.388036291039907e-05,prueba_intocable
2025-01-24,Prima,-0.0019526494131548722,0.0009783164341198786,prueba_intocable
2025-01-28,Prima,0.0019203213366145722,0.0025171528173615772,prueba_intocable
2025-01-29,Prima,-0.002635419214701895,0.001248753490818928,prueba_intocable
2025-01-30,Prima,0.006745142758930234,0.0024488649998024355,prueba_intocable
2025-01-31,Prima,-0.003168274835293805,-0.002410580341128212,prueba_intocable
2025-02-04,Prima,0.00595190293450476,0.005019023971651691,prueba_intocable
2025-02-05,Prima,0.004532064789314338,0.002192709317071793,prueba_intocable
2025-02-06,Prima,0.002869453091708607,0.0008380180477020419,prueba_intocable
2025-02-07,Prima,-0.005482450591798083,0.0006825166985298232,prueba_intocable
2025-02-11,Prima,-0.0024378262800797135,-0.0017340658175147086,prueba_intocable
2025-02-12,Prima,-0.0003275044402015759,0.0018828976949870444,prueba_intocable
2025-02-13,Prima,0.005585373870572896,0.0023207831541161945,prueba_intocable
2025-02-14,Prima,-0.0008527930106176917,0.0009093940564625429,prueba_intocable
2025-02-19,Prima,-0.0014612258202044703,-0.0005782739319505019,prueba_intocable
2025-02-20,Prima,-0.0036330140857714355,0.0018499005295146186,prueba_intocable
2025-02-21,Prima,-0.009035807096844706,-0.00543408346480783,prueba_intocable
2025-02-25,Prima,-0.0070578936720451235,0.0015616218561546812,prueba_intocable
2025-02-26,Prima,0.0016066315008749221,0.0016820430780178468,prueba_intocable
2025-02-27,Prima,-0.011994369337698152,-0.003504536608697441,prueba_intocable
2025-02-28,Prima,0.007080978444488739,0.00033260997660416764,prueba_intocable
2025-03-04,Prima,-0.009661454300158079,0.0018190763148914033,prueba_intocable
2025-03-05,Prima,0.007278334010291543,0.005851417912936715,prueba_intocable
2025-03-06,Prima,-0.006657494954388055,-0.0023470455284503255,prueba_intocable
2025-03-07,Prima,0.0008478692201212557,0.0001928038439450433,prueba_intocable
2025-03-11,Prima,-0.0013586844104626072,0.004495164481083844,prueba_intocable
2025-03-12,Prima,0.0010629459678876962,0.0019498594161493853,prueba_intocable
2025-03-13,Prima,-0.0007458094007842808,0.0031132912279985088,prueba_intocable
2025-03-14,Prima,0.010513606654670715,0.003328450791696256,prueba_intocable
2025-03-18,Prima,-0.00373636873324934,0.0015512875495657824,prueba_intocable
2025-03-19,Prima,0.003790078900527405,0.0013430239773497984,prueba_intocable
2025-03-20,Prima,-0.002528097967146592,-0.00034857367824030444,prueba_intocable
2025-03-21,Prima,0.00201381432759673,-0.00011618669518804079,prueba_intocable
2025-03-25,Prima,0.004555291984114973,0.004104619166833238,prueba_intocable
2025-03-26,Prima,-0.006834365185807267,-0.0026910096054732643,prueba_intocable
2025-03-27,Prima,0.002835921827613719,0.0013523471445834978,prueba_intocable
2025-03-28,Prima,-0.008181419145842805,-0.005612597050655709,prueba_intocable
2025-04-01,Prima,0.002268554999723005,0.004395848224839743,prueba_intocable
2025-04-02,Prima,0.00027969670885630293,0.00036896015065811445,prueba_intocable
2025-04-03,Prima,-0.023311697708514045,-0.010189148013601745,prueba_intocable
2025-04-04,Prima,-0.03237035764065388,-0.017446703450506782,prueba_intocable
2025-04-08,Prima,-0.0021301783434165555,-0.0030842480749721933,prueba_intocable
2025-04-09,Prima,0.027826808092047628,0.014170574984495839,prueba_intocable
2025-04-10,Prima,-0.0058720090724730944,-0.0047454566932489724,prueba_intocable
2025-04-11,Prima,0.010358289286381828,0.006013768777875808,prueba_intocable
2025-04-15,Prima,0.0015955452661360336,0.0020839199182601646,prueba_intocable
2025-04-16,Prima,-0.010470628571976337,-0.0014206635215427334,prueba_intocable
2025-04-17,Prima,-0.002320351384534347,0.0023272831332539633,prueba_intocable
2025-04-22,Prima,0.00943154824776804,0.0036593356436710567,prueba_intocable
2025-04-23,Prima,0.00482980265631805,0.0007360157330936728,prueba_intocable
2025-04-24,Prima,0.006920736874779898,0.0014941457546493956,prueba_intocable
2025-04-25,Prima,0.0018185464604447699,0.00023300622551624504,prueba_intocable
2025-04-29,Prima,-0.000366041481763113,0.0008474204536932066,prueba_intocable
2025-04-30,Prima,0.0004468642771107145,-0.001739408410536408,prueba_intocable
2025-05-01,Prima,-0.0035714827363492185,-0.0011359237269237062,prueba_intocable
2025-05-02,Prima,0.00697821632952933,0.002748742159468796,prueba_intocable
2025-05-06,Prima,-0.0009068935820468749,0.0023160528173267404,prueba_intocable
2025-05-07,Prima,-0.003898162458166099,-0.002225446757673732,prueba_intocable
2025-05-08,Prima,-0.002201423911245337,0.0012485399076243976,prueba_intocable
2025-05-09,Prima,0.005052010460663059,0.0017357041214420502,prueba_intocable
2025-05-13,Prima,0.005873020671123719,0.001180756166855514,prueba_intocable
2025-05-14,Prima,0.000130625616385327,0.0006758923953851951,prueba_intocable
2025-05-15,Prima,0.004789695413992101,-0.0002050382962725174,prueba_intocable
2025-05-16,Prima,0.00225449526848287,0.0007929531456823315,prueba_intocable
2025-05-20,Prima,0.002697444562911544,0.0010659548001733213,prueba_intocable
2025-05-21,Prima,-0.0042551725933475115,-0.0005663118703531887,prueba_intocable
2025-05-22,Prima,-0.00610820750424923,0.0006397601513229522,prueba_intocable
2025-05-23,Prima,0.00030781997092366176,-0.0005650516435018796,prueba_intocable
2025-05-28,Prima,-0.001016859665759151,-0.0008619894363137454,prueba_intocable
2025-05-29,Prima,-0.000260519679333715,0.00029318425230840566,prueba_intocable
2025-05-30,Prima,-0.002459346162949627,0.0006180350652904685,prueba_intocable
2025-06-03,Prima,0.00395330849268305,0.0011591811419819204,prueba_intocable
2025-06-04,Prima,1.0435376138984154e-05,0.001381114304331561,prueba_intocable
2025-06-05,Prima,0.006372012392055648,0.002259773597872618,prueba_intocable
2025-06-06,Prima,0.006584298420927004,0.0014299093766774193,prueba_intocable
2025-06-10,Prima,0.0018494289638926187,0.001039562648988798,prueba_intocable
2025-06-11,Prima,-0.0009135726519088339,4.064160983090418e-05,prueba_intocable
2025-06-12,Prima,0.00037890923214201067,-0.0005022125257333838,prueba_intocable
2025-06-13,Prima,-0.003819258175463247,-0.0039289686584379835,prueba_intocable
2025-06-17,Prima,-0.0031988520410083376,-0.0018038864332846028,prueba_intocable
2025-06-18,Prima,-0.006720361035225886,0.0015323257676895323,prueba_intocable
2025-06-24,Prima,0.0033010532893704703,0.005174960111159242,prueba_intocable
2025-06-25,Prima,0.0002872075549809061,-0.0005753723757637899,prueba_intocable
2025-06-26,Prima,0.0050421969278284795,0.005601494374726396,prueba_intocable
2025-06-27,Prima,-0.00011574856878082684,-0.0014781503677670652,prueba_intocable
2025-07-01,Prima,0.0019232967153390845,0.002343425403495326,prueba_intocable
2025-07-02,Prima,0.002339848169143899,0.0027786293862276574,prueba_intocable
2025-07-03,Prima,0.003808107923762627,-0.0010243189796256583,prueba_intocable
2025-07-08,Prima,-0.0029777801260769676,0.0032352895718714635,prueba_intocable
2025-07-09,Prima,0.00360969690451185,-0.0005580472134401368,prueba_intocable
2025-07-10,Prima,-0.0005111630306646742,0.0011466576220584318,prueba_intocable
2025-07-11,Prima,0.0010541253425810915,-0.0012353253844922772,prueba_intocable
2025-07-15,Prima,-0.0027276267117966047,0.0005570313379227696,prueba_intocable
2025-07-16,Prima,-0.00210986713989203,7.926478095658142e-05,prueba_intocable
2025-07-17,Prima,0.006272774468588871,0.0006757348794530544,prueba_intocable
2025-07-18,Prima,-0.000553757138042843,-0.000889890047545239,prueba_intocable
2025-07-22,Prima,0.0015185284410228483,0.00346070434807866,prueba_intocable
2025-07-23,Prima,0.005499563629038029,0.002657107578706307,prueba_intocable
2025-07-24,Prima,-0.001438977528376073,-0.0013199465674200437,prueba_intocable
2025-07-25,Prima,-0.0002390555161642105,-0.00010826582468245795,prueba_intocable
2025-07-29,Prima,0.0017816070782510351,0.002217601431851859,prueba_intocable
2025-07-30,Prima,-0.0009832622096301868,-0.00397436023737806,prueba_intocable
2025-07-31,Prima,0.00017378640153808966,-0.00038983479799921806,prueba_intocable
2025-08-01,Prima,-0.006641560210109865,-0.00442144768109718,prueba_intocable
2025-08-05,Prima,-0.0024191163829916373,0.003110182066537849,prueba_intocable
2025-08-06,Prima,0.006183498691139544,0.0014947522373964595,prueba_intocable
2025-08-07,Prima,-0.0005780073604649827,0.002192127858623131,prueba_intocable
2025-08-08,Prima,0.0005326296660161933,0.003601214135374468,prueba_intocable
2025-08-12,Prima,0.00699892961522508,0.004572049848720215,prueba_intocable
2025-08-13,Prima,0.0050632617250794265,0.0018697853228168938,prueba_intocable
2025-08-14,Prima,0.0016586498685382534,-0.0011559314564232551,prueba_intocable
2025-08-15,Prima,-0.0016107013691848415,0.00100359225095915,prueba_intocable
2025-08-19,Prima,-0.009482333551453448,-0.00031909433260265345,prueba_intocable
2025-08-20,Prima,-0.0027670076622735573,-0.00046723497361697477,prueba_intocable
2025-08-21,Prima,0.0027953792157486834,-0.00046616996374606483,prueba_intocable
2025-08-22,Prima,0.008097266066430908,0.005901663850398862,prueba_intocable
2025-08-26,Prima,0.00653939685490168,0.003047324958177912,prueba_intocable
2025-08-27,Prima,-0.0023402125542961727,-0.0012390298719031293,prueba_intocable
2025-08-28,Prima,0.0034828861790812127,0.0021596655480704626,prueba_intocable
2025-08-29,Prima,-0.003032383762615165,-0.0011163850963273507,prueba_intocable
2025-09-03,Prima,0.003876268195807109,0.00421883215283355,prueba_intocable
2025-09-04,Prima,-0.0016995092144201918,6.517251137065646e-05,prueba_intocable
2025-09-05,Prima,0.004049968636872903,0.0011052642974296862,prueba_intocable
2025-09-09,Prima,-0.002844311596319593,0.0005383996810431955,prueba_intocable
2025-09-10,Prima,0.0006210019070820305,-0.00119373796752013,prueba_intocable
2025-09-11,Prima,0.008271605742083077,0.003137587279554599,prueba_intocable
2025-09-12,Prima,0.0012212423139013051,0.001655269312006957,prueba_intocable
2025-09-16,Prima,-0.0025963465039718914,-2.0292685897587277e-05,prueba_intocable
2025-09-17,Prima,0.0009581107332030658,0.0005391926797267437,prueba_intocable
2025-09-18,Prima,-0.0011134597921862444,-0.0012775112665838466,prueba_intocable
2025-09-19,Prima,0.006242088217273567,0.0014758147282214792,prueba_intocable
2025-09-23,Prima,-0.0005770718604812819,0.0012977002959955026,prueba_intocable
2025-09-24,Prima,0.0016324357245498522,0.0033341937266313892,prueba_intocable
2025-09-25,Prima,-0.002191199118247611,-0.0006042223252749556,prueba_intocable
2025-09-26,Prima,0.00037592646318596046,0.001746818701908215,prueba_intocable
2025-09-30,Prima,-0.00012673432499721304,0.00203250730829289,prueba_intocable
2025-10-01,Prima,0.0047729183149629595,-0.0002047107747296158,prueba_intocable
2025-10-02,Prima,0.0008056557042996904,0.00027951028320657425,prueba_intocable
2025-10-03,Prima,-0.005059862227245748,0.002096108831065008,prueba_intocable
2025-10-07,Prima,-0.0027904473413782327,-0.0007429577191151076,prueba_intocable
2025-10-08,Prima,0.012034903050752943,0.00305190255147766,prueba_intocable
2025-10-09,Prima,-0.008927315282130865,-0.00047615679806420667,prueba_intocable
2025-10-10,Prima,-0.018235455804196943,-0.01030744732020808,prueba_intocable
2025-10-14,Prima,0.0003548326210041086,-0.0026135009193880144,prueba_intocable
2025-10-15,Prima,0.004980199353314063,0.0027869792178536975,prueba_intocable
2025-10-16,Prima,0.00048627990993721504,-0.0043470385316654765,prueba_intocable
2025-10-17,Prima,-0.008401791358071398,0.0009768956894626241,prueba_intocable
2025-10-21,Prima,-0.014793982100292813,-0.0031358144709169064,prueba_intocable
2025-10-22,Prima,-0.003397600550123281,-0.0007700764852320735,prueba_intocable
2025-10-23,Prima,0.003968915251880034,0.0035085746537923714,prueba_intocable
2025-10-24,Prima,0.0007613271396831323,0.000995281073971179,prueba_intocable
2025-10-28,Prima,0.004033864280918786,0.0017572226605592832,prueba_intocable
2025-10-29,Prima,0.004769421855021605,0.000573524369628111,prueba_intocable
2025-10-30,Prima,-0.005440300874004267,0.00019158655828306422,prueba_intocable
2025-10-31,Prima,-0.0022923834844240654,-0.0016600921585028172,prueba_intocable
2025-11-04,Prima,-0.012632278864239566,-0.003658847702925895,prueba_intocable
2025-11-05,Prima,0.006099161648578155,0.003397650189865463,prueba_intocable
2025-11-06,Prima,-0.0033489228406970994,-0.0015390253038879917,prueba_intocable
2025-11-07,Prima,0.0007343529107213254,0.0009733874753727616,prueba_intocable
2025-11-11,Prima,-0.0026838736577995403,0.00046401132721765235,prueba_intocable
2025-11-12,Prima,0.005965923344858348,0.001794875667378354,prueba_intocable
2025-11-13,Prima,-0.00921067716916335,-0.0031796633193174684,prueba_intocable
2025-11-14,Prima,-0.002667467325627726,-0.000505108380542257,prueba_intocable
2025-11-18,Prima,-0.0054479692125001256,-0.002047791980489653,prueba_intocable
2025-11-19,Prima,0.008025921714166273,0.0024855091731161806,prueba_intocable
2025-11-20,Prima,-0.01764058179559136,-0.004721633939107255,prueba_intocable
2025-11-21,Prima,0.002661284512294859,0.0016488770572686954,prueba_intocable
2025-11-25,Prima,0.001500956124377728,0.004378326369680657,prueba_intocable
2025-11-26,Prima,0.013372229509929667,0.003942902433387801,prueba_intocable
2025-12-02,Prima,0.0036087871365992896,0.0024382773137582563,prueba_intocable
2025-12-03,Prima,0.004449429343929001,0.0033996849133999902,prueba_intocable
2025-12-04,Prima,0.004091163158166378,0.001000024078766209,prueba_intocable
2025-12-05,Prima,0.0017218991133949313,0.0012708739882456993,prueba_intocable
2025-12-09,Prima,0.006968180497771037,0.0004975721945870005,prueba_intocable
2025-12-10,Prima,0.006576018493303248,0.004654951659367828,prueba_intocable
2025-12-11,Prima,0.0038663381683998743,0.0014433958263206882,prueba_intocable
2025-12-12,Prima,-0.00809527133659782,0.0002986469379855671,prueba_intocable
2025-12-16,Prima,0.0038618752346346596,0.001902607944258821,prueba_intocable
2025-12-17,Prima,-0.007912270507980157,-0.00048447475984089423,prueba_intocable
2025-12-18,Prima,0.00912918291612086,0.001682263793472537,prueba_intocable
2025-12-19,Prima,0.011812097877631045,0.004025167302210295,prueba_intocable
2025-12-23,Prima,0.006402903992578812,0.0026473252224102828,prueba_intocable
2025-12-24,Prima,0.001054617455604312,0.0007940723112075895,prueba_intocable
2025-12-30,Prima,0.005168281463485469,0.0029773472034353306,prueba_intocable
2025-12-31,Prima,-0.004647663792886947,-0.0012435693047716252,prueba_intocable
2026-01-06,Prima,0.01754256041636637,0.004006448817611543,prueba_intocable
2026-01-07,Prima,-0.0034949332339490047,-0.0028948263856478544,prueba_intocable
2026-01-08,Prima,-0.00039704782341432043,0.001207936169662598,prueba_intocable
2026-01-09,Prima,0.010835183179085162,0.0035687635256448982,prueba_intocable
2026-01-13,Prima,0.002748953233901341,0.0004044280782018663,prueba_intocable
2026-01-14,Prima,0.005740046123705378,0.0015556181308338704,prueba_intocable
2026-01-15,Prima,0.007865750063325017,0.0018157159491264969,prueba_intocable
2026-01-16,Prima,0.0030385261435941224,-0.0007519003303175201,prueba_intocable
2026-01-21,Prima,0.009640808394367317,0.005746602441334349,prueba_intocable
2026-01-22,Prima,0.004480898985102844,0.0019971638449638855,prueba_intocable
2026-01-23,Prima,0.01012656999235828,0.0029004130448226817,prueba_intocable
2026-01-27,Prima,0.01023923496299961,0.0021838200395430337,prueba_intocable
2026-01-28,Prima,0.00923951692812608,0.002386915440977805,prueba_intocable
2026-01-29,Prima,-0.0025026589128722687,-0.0006396978221894414,prueba_intocable
2026-01-30,Prima,-0.03919741594050263,-0.00831995595160985,prueba_intocable
2026-02-02,Prima,-0.0005171031653420366,0.002655475625113483,prueba_intocable
2026-02-03,Prima,0.018371164975445664,0.005205251029623019,prueba_intocable
2026-02-04,Prima,-0.015752895418463142,-0.005155106271355228,prueba_intocable
2026-02-05,Prima,-0.0132297317701352,-0.007435312083843751,prueba_intocable
2026-02-06,Prima,0.023296888810129257,0.006094556691002462,prueba_intocable
2026-02-10,Prima,-0.004971006306203951,-0.00029948296532442413,prueba_intocable
2026-02-11,Prima,0.010449869829346703,0.0020084767545174966,prueba_intocable
2026-02-12,Prima,-0.01927859611232896,-0.00632755942166097,prueba_intocable
2026-02-13,Prima,0.0034165891605479892,0.0004364883132988262,prueba_intocable
2026-02-18,Prima,0.01106428187173969,0.002529048339844604,prueba_intocable
2026-02-19,Prima,0.00231262353691708,0.001979098961873234,prueba_intocable
2026-02-20,Prima,0.013124076964411868,0.003997288942274216,prueba_intocable
2026-02-24,Prima,0.00982906739734224,0.0036222551741454654,prueba_intocable
2026-02-25,Prima,0.00961629072533099,0.004513001234525861,prueba_intocable
2026-02-26,Prima,-0.002732051365662125,-0.0021494218465573224,prueba_intocable
2026-02-27,Prima,0.004922100078946556,0.0012073976001901977,prueba_intocable
2026-03-03,Prima,-0.04134729557664696,-0.007870178592442234,prueba_intocable
2026-03-04,Prima,0.009242659991781865,0.004480320266454698,prueba_intocable
2026-03-05,Prima,-0.022224670166673954,-0.008294274268282583,prueba_intocable
2026-03-06,Prima,-0.005461981593869347,-0.007659099393734355,prueba_intocable
2026-03-10,Prima,0.003289588514538533,0.005979450672240862,prueba_intocable
2026-03-11,Prima,-0.0045420636887797405,-0.0020046752593809885,prueba_intocable
2026-03-12,Prima,-0.02126538635538211,-0.005697601561875259,prueba_intocable
2026-03-13,Prima,-0.012757582133117062,-0.0033858175891451994,prueba_intocable
2026-03-17,Prima,0.0022296280703262283,0.0022473704187213005,prueba_intocable
2026-03-18,Prima,-0.017835102430480476,-0.006645159328275356,prueba_intocable
2026-03-19,Prima,-0.014361252227139132,-0.0011077633277161388,prueba_intocable
2026-03-20,Prima,-0.023390146552855096,-0.005410842530571438,prueba_intocable
2026-03-24,Prima,0.002358640688678859,0.0011688624054081015,prueba_intocable
2026-03-25,Prima,0.014814541424869931,0.0028331330655730165,prueba_intocable
2026-03-26,Prima,-0.02096887567984118,-0.0037029795341411375,prueba_intocable
2026-03-27,Prima,0.00050939765551683,-0.002761609673268126,prueba_intocable
2026-03-31,Prima,0.031031268126441303,0.010028171790009545,prueba_intocable
2026-04-01,Prima,0.017914011996855717,0.004238175670340628,prueba_intocable
2026-04-02,Prima,-0.006469816327244415,-0.001648233099319097,prueba_intocable
2026-04-07,Prima,0.00030752407181244834,-0.0007620864261296306,prueba_intocable
2026-04-08,Prima,0.03373619960030205,0.009643756297813263,prueba_intocable
2026-04-09,Prima,0.003783607549876278,0.0006199602923952518,prueba_intocable
2026-04-10,Prima,0.0058696756293168395,0.0012375863435238905,prueba_intocable
2026-04-14,Prima,0.00655030171112303,0.002220484252575768,prueba_intocable
2026-04-15,Prima,-0.011435035116424852,-0.0034428560638686584,prueba_intocable
2026-04-16,Prima,0.013569454459023023,0.002988149236901875,prueba_intocable
2026-04-17,Prima,0.005090669689677529,-2.635842454568632e-05,prueba_intocable
2026-04-21,Prima,-0.016248122981924795,-0.0036596224091918587,prueba_intocable
2026-04-22,Prima,0.014223911692342384,0.002973316810009709,prueba_intocable
2026-04-23,Prima,-0.0042269311150854305,-0.0028647674611939943,prueba_intocable
2026-04-24,Prima,0.01734619305398244,0.001535284249617355,prueba_intocable
2026-04-28,Prima,-0.01781117852041303,-0.0015926564024381976,prueba_intocable
2026-04-29,Prima,-0.002403100498821753,-0.0010841028765036097,prueba_intocable
2026-04-30,Prima,0.01852991368520085,0.004685271633162729,prueba_intocable
2026-05-01,Prima,-0.001138051856448663,-0.0010299886354335984,prueba_intocable
2026-05-05,Prima,0.012114711842050818,0.0026822866956682655,prueba_intocable
2026-05-06,Prima,0.028184539929768215,0.004730157612731007,prueba_intocable
2026-05-07,Prima,-0.00811255175146508,-0.0005750245383974971,prueba_intocable
2026-05-08,Prima,0.020327544320634106,0.0024634858438045645,prueba_intocable
2026-05-12,Prima,-0.008494967656624497,0.0022052890830696003,prueba_intocable
2026-05-13,Prima,0.007922123860287789,-0.00023902957070856412,prueba_intocable
2026-05-14,Prima,-0.0012862510504854097,0.0002226145285761424,prueba_intocable
2026-05-15,Prima,-0.0279372573547243,-0.007034270492039824,prueba_intocable
2026-05-19,Prima,-0.009964568355933512,-0.0008442722435091628,prueba_intocable
2026-05-20,Prima,0.019050629462227908,0.003111746297007831,prueba_intocable
2026-05-21,Prima,0.0066522653923895,0.003775268021948925,prueba_intocable
2026-05-22,Prima,0.0008802589670393601,-0.0007372371466365467,prueba_intocable
2026-05-27,Prima,-0.007943848053987068,0.0009720141933880454,prueba_intocable
2026-05-28,Prima,0.007462826687647084,0.0004636166208596482,prueba_intocable
2026-05-29,Prima,0.005731871022786272,0.002278637229925642,prueba_intocable
2026-06-23,Prima,-0.03846653424149904,-0.0063484781699622555,prueba_intocable
2026-06-24,Prima,-0.0042093816302803955,-0.0022972124477691797,prueba_intocable
2026-06-25,Prima,0.01327977259474511,0.0025429251620933953,prueba_intocable
2026-06-26,Prima,-0.01299622993744165,0.0006676422851070274,prueba_intocable
2026-06-30,Prima,0.014777017443869944,0.004258278025641059,prueba_intocable
2024-02-26,Profuturo,0.0021289092048595304,-0.0017847067358771444,prueba_intocable
2024-02-27,Profuturo,-0.001742981212824235,0.002648395268982015,prueba_intocable
2024-02-28,Profuturo,-0.002631448405519765,-0.0019972378164919186,prueba_intocable
2024-02-29,Profuturo,0.0022104347969691407,0.0006325982258346477,prueba_intocable
2024-03-01,Profuturo,0.0024672200412489964,0.0029091808373698574,prueba_intocable
2024-03-04,Profuturo,0.004177338984966861,-0.0014708361621575297,prueba_intocable
2024-03-05,Profuturo,-0.004608495196213203,-0.0008577173734339374,prueba_intocable
2024-03-06,Profuturo,0.002550197119722375,0.0010155879425520831,prueba_intocable
2024-03-07,Profuturo,0.0016897283733183777,0.002876026043583648,prueba_intocable
2024-03-08,Profuturo,-0.004474883257901019,-0.0012152580819457695,prueba_intocable
2024-03-11,Profuturo,0.0006176908972905792,0.00030228185437553267,prueba_intocable
2024-03-12,Profuturo,0.0027345967617364852,0.002849504202694282,prueba_intocable
2024-03-13,Profuturo,0.0027160519015341222,0.004300897363706645,prueba_intocable
2024-03-14,Profuturo,0.0007959789582339116,-0.0013343380250895407,prueba_intocable
2024-03-15,Profuturo,0.001046843552494403,0.002689490940876317,prueba_intocable
2024-03-18,Profuturo,0.0062891769246042895,-0.0014117713053459248,prueba_intocable
2024-03-19,Profuturo,-0.004926983169300514,0.0006246614205199042,prueba_intocable
2024-03-20,Profuturo,0.002777609869123898,0.004357493876940091,prueba_intocable
2024-03-21,Profuturo,-0.0006576802016067251,0.0005934054752621326,prueba_intocable
2024-03-22,Profuturo,0.0044407407576878555,-0.0021619528640660756,prueba_intocable
2024-03-25,Profuturo,-0.0013620908597273829,-0.0006641922993608905,prueba_intocable
2024-03-26,Profuturo,-0.008976129957128487,0.0005549426614922027,prueba_intocable
2024-03-27,Profuturo,-0.011169305230790516,0.0016477078040327748,prueba_intocable
2024-03-28,Profuturo,0.0002612119955509584,0.001837497798178952,prueba_intocable
2024-04-02,Profuturo,-0.005584918411855155,0.0009280588764018216,prueba_intocable
2024-04-03,Profuturo,-0.004059490618800954,0.0032379183960888833,prueba_intocable
2024-04-04,Profuturo,-0.013630624585990514,-0.0035986815249913857,prueba_intocable
2024-04-05,Profuturo,-0.02211148329467494,-5.2935070539713983e-05,prueba_intocable
2024-04-08,Profuturo,-0.0022792966063097664,0.0015121037321344953,prueba_intocable
2024-04-09,Profuturo,0.0006458484649423113,0.0021300627635259055,prueba_intocable
2024-04-10,Profuturo,0.0032549973916216057,-0.00038573282054878627,prueba_intocable
2024-04-11,Profuturo,-0.00026560260922781076,0.0021414155285783454,prueba_intocable
2024-04-12,Profuturo,-0.0026392267011760007,-0.00616695867827683,prueba_intocable
2024-04-15,Profuturo,0.0022217246967399795,-0.0034020777222765783,prueba_intocable
2024-04-16,Profuturo,-0.0013432259589596374,0.002047487226118765,prueba_intocable
2024-04-17,Profuturo,-0.001269254409868581,0.002293352653545085,prueba_intocable
2024-04-18,Profuturo,0.0014018959135146947,0.0010468528063530588,prueba_intocable
2024-04-19,Profuturo,-0.0023003754874297844,0.000699728754811972,prueba_intocable
2024-04-22,Profuturo,0.008156941527420747,2.3258423132148148e-05,prueba_intocable
2024-04-23,Profuturo,0.008727070066329778,0.0013267514290384434,prueba_intocable
2024-04-24,Profuturo,0.010218052458054405,0.0006126086164760895,prueba_intocable
2024-04-25,Profuturo,0.0066443058786793685,0.003668362826056433,prueba_intocable
2024-04-26,Profuturo,0.003988352015972474,0.003006716453273901,prueba_intocable
2024-04-29,Profuturo,0.0013576681867144558,0.0017632724971329296,prueba_intocable
2024-04-30,Profuturo,0.005210927930283216,-0.002773273766553133,prueba_intocable
2024-05-01,Profuturo,-0.0027077564586520664,0.0005409690265334288,prueba_intocable
2024-05-02,Profuturo,0.0007543239673299951,0.0017603363220079007,prueba_intocable
2024-05-03,Profuturo,0.003392890282245098,0.0032666620754250334,prueba_intocable
2024-05-06,Profuturo,0.005108352715829767,-0.0008907958501091781,prueba_intocable
2024-05-07,Profuturo,-0.006343399970320518,0.0019385102118706634,prueba_intocable
2024-05-08,Profuturo,0.002865299793975984,0.00013132378580141618,prueba_intocable
2024-05-09,Profuturo,0.0032951509719398864,0.00265499220802544,prueba_intocable
2024-05-10,Profuturo,0.008511113350416766,0.0009708745040496723,prueba_intocable
2024-05-13,Profuturo,0.00015630739439709274,-0.003234614003445698,prueba_intocable
2024-05-14,Profuturo,0.0057192844145870225,0.003688336375997848,prueba_intocable
2024-05-15,Profuturo,0.0027806593841823712,0.002024927990894188,prueba_intocable
2024-05-16,Profuturo,-0.0018429938248489819,-3.1351319417206815e-05,prueba_intocable
2024-05-17,Profuturo,0.006347209617882266,0.0041239810376226035,prueba_intocable
2024-05-20,Profuturo,0.0025837861657469485,0.0003425195375420488,prueba_intocable
2024-05-21,Profuturo,0.002968453483656708,0.00040938981088237597,prueba_intocable
2024-05-22,Profuturo,-0.0033300701774743313,-0.004490287723894655,prueba_intocable
2024-05-23,Profuturo,0.002565058700880085,-0.0011220464589305717,prueba_intocable
2024-05-24,Profuturo,0.00046813681967372567,0.002792638563804531,prueba_intocable
2024-05-29,Profuturo,-0.0020554990535345263,-0.004013319844099679,prueba_intocable
2024-05-30,Profuturo,-0.0016475799839589245,0.0005184678819542799,prueba_intocable
2024-05-31,Profuturo,-0.006530124386068592,0.0036164224925911348,prueba_intocable
2024-06-03,Profuturo,0.0001715619405640023,-0.0017622376568706792,prueba_intocable
2024-06-04,Profuturo,-0.0072646658532893316,-0.0029054175433224304,prueba_intocable
2024-06-05,Profuturo,0.0019108615882728053,0.0018983245271528095,prueba_intocable
2024-06-06,Profuturo,0.00023494788313649373,0.0018391690204258714,prueba_intocable
2024-06-07,Profuturo,-0.007484937085186494,-0.0030448606658602787,prueba_intocable
2024-06-10,Profuturo,0.00703593537969982,0.0005590873583808701,prueba_intocable
2024-06-11,Profuturo,-0.001987587543003877,-0.002224620254601909,prueba_intocable
2024-06-12,Profuturo,0.00843613756285233,0.004128884271357578,prueba_intocable
2024-06-13,Profuturo,-0.005366497075185994,-0.0012221865965941277,prueba_intocable
2024-06-14,Profuturo,0.0014806847016510805,-0.0017746658023370943,prueba_intocable
2024-06-17,Profuturo,0.0047094075081957065,-0.0015271898772666833,prueba_intocable
2024-06-18,Profuturo,0.004674289814079469,0.0038940279585194647,prueba_intocable
2024-06-21,Profuturo,-0.0027460981819489305,-0.00031990144665735486,prueba_intocable
2024-06-24,Profuturo,0.0004945967585245903,3.5256216589735895e-05,prueba_intocable
2024-06-25,Profuturo,9.789042484631416e-05,0.0007310461986523716,prueba_intocable
2024-06-26,Profuturo,-0.00010217745908847053,0.0009751125829595487,prueba_intocable
2024-06-27,Profuturo,-0.0007662217049461129,-0.0003897636953942751,prueba_intocable
2024-06-28,Profuturo,0.0032576852773469334,1.1695885275618426e-05,prueba_intocable
2024-07-01,Profuturo,-0.0012096669810248706,0.0006264189679300013,prueba_intocable
2024-07-02,Profuturo,-0.0038393184130037783,0.002146135438284068,prueba_intocable
2024-07-03,Profuturo,0.0028660173323489246,0.003225144833604893,prueba_intocable
2024-07-09,Profuturo,-0.00034328334893851675,-0.00012394264273860468,prueba_intocable
2024-07-10,Profuturo,0.006522404758307454,-0.0005076521245671796,prueba_intocable
2024-07-11,Profuturo,-0.007491605165512949,0.0022652426432037795,prueba_intocable
2024-07-12,Profuturo,-5.901136246977412e-05,0.0007987896178806373,prueba_intocable
2024-07-16,Profuturo,0.0006727465562426094,0.0015091406031634402,prueba_intocable
2024-07-17,Profuturo,-0.009319836898339817,-0.004634180477289291,prueba_intocable
2024-07-18,Profuturo,-0.0008835974196875762,-0.005403118100446977,prueba_intocable
2024-07-19,Profuturo,-0.004244288377246774,9.101838436583864e-05,prueba_intocable
2024-07-23,Profuturo,-0.0034320857105946123,0.0014708281729966413,prueba_intocable
2024-07-24,Profuturo,-0.005390535288830378,-0.004988805105024526,prueba_intocable
2024-07-25,Profuturo,-0.00620433097711337,-0.0008584849253226784,prueba_intocable
2024-07-26,Profuturo,0.005002074764042241,0.0021721047334376663,prueba_intocable
2024-07-30,Profuturo,-0.004293150111541633,-0.0020445915496584005,prueba_intocable
2024-07-31,Profuturo,0.009495320533298823,0.005145531591827273,prueba_intocable
2024-08-01,Profuturo,-0.01199656734752308,-0.005505243439458414,prueba_intocable
2024-08-02,Profuturo,-0.01716351438396646,-0.007914769964205605,prueba_intocable
2024-08-06,Profuturo,8.237297224322759e-07,0.009842011188645538,prueba_intocable
2024-08-07,Profuturo,-0.0021965742607814587,-0.001046039782809634,prueba_intocable
2024-08-08,Profuturo,0.009436151710803031,0.00444424185646132,prueba_intocable
2024-08-09,Profuturo,0.0039336094716850845,0.005417139462963211,prueba_intocable
2024-08-13,Profuturo,0.0057096155975193685,0.004580721942327243,prueba_intocable
2024-08-14,Profuturo,-0.0035078963871314484,0.00233768607025126,prueba_intocable
2024-08-15,Profuturo,0.009019508352680727,0.0029917962264635247,prueba_intocable
2024-08-16,Profuturo,-0.0006384373928167708,0.0005682847701844814,prueba_intocable
2024-08-20,Profuturo,0.00031666246785388985,-0.001105546770223754,prueba_intocable
2024-08-21,Profuturo,-0.0009064474482179952,0.00031743512140257715,prueba_intocable
2024-08-22,Profuturo,-0.007858020631999585,-0.0032075250326023584,prueba_intocable
2024-08-23,Profuturo,0.004723584185098995,0.004364009448482433,prueba_intocable
2024-08-27,Profuturo,-0.00046771343992801917,0.0032824380759809476,prueba_intocable
2024-08-28,Profuturo,-0.004115818232797386,-0.004722964954793115,prueba_intocable
2024-08-29,Profuturo,0.0015543786845111374,0.0017967427126458094,prueba_intocable
2024-08-30,Profuturo,0.002574524936022282,0.003246617761979504,prueba_intocable
2024-09-04,Profuturo,0.00012333108225237588,0.0005016513412398958,prueba_intocable
2024-09-05,Profuturo,0.001894953988810455,0.003032672206157643,prueba_intocable
2024-09-06,Profuturo,-0.008708547100055974,-0.005600481075402923,prueba_intocable
2024-09-10,Profuturo,-0.001612214102916898,0.00014513702619034014,prueba_intocable
2024-09-11,Profuturo,0.0010153210296128812,0.004387632888816342,prueba_intocable
2024-09-12,Profuturo,0.007973864293797206,0.0033364511639957994,prueba_intocable
2024-09-13,Profuturo,0.011664144034472246,0.0016936399448136093,prueba_intocable
2024-09-17,Profuturo,-0.005415561646939682,0.0005277183981864354,prueba_intocable
2024-09-18,Profuturo,0.0021413917307235852,-0.000611219219766807,prueba_intocable
2024-09-19,Profuturo,0.005510002965978922,0.005300154142876972,prueba_intocable
2024-09-20,Profuturo,-3.916428073402756e-05,4.207549792438893e-07,prueba_intocable
2024-09-24,Profuturo,0.007290317228398457,0.007927913611710228,prueba_intocable
2024-09-25,Profuturo,-0.0028265801126959866,-0.0012010859315730448,prueba_intocable
2024-09-26,Profuturo,0.007352607090697072,0.005423062500069863,prueba_intocable
2024-09-27,Profuturo,-0.001734024009310664,-0.004183990680004397,prueba_intocable
2024-10-01,Profuturo,0.009445215991409128,-0.0025850827651586862,prueba_intocable
2024-10-02,Profuturo,0.0017988525197234484,0.0016735419712241768,prueba_intocable
2024-10-03,Profuturo,0.00011178468355965698,-0.003674138174143038,prueba_intocable
2024-10-04,Profuturo,0.00515062165230451,0.0022805363503875485,prueba_intocable
2024-10-08,Profuturo,-0.007894718069681339,-0.0011606741941482834,prueba_intocable
2024-10-09,Profuturo,0.0005034168282647133,0.0005571040538620293,prueba_intocable
2024-10-10,Profuturo,0.005610109926799556,0.002041836038368449,prueba_intocable
2024-10-11,Profuturo,0.0003779272799189215,0.0019686019827962866,prueba_intocable
2024-10-15,Profuturo,-0.0072864752272071565,-0.0026516718410401234,prueba_intocable
2024-10-16,Profuturo,-0.0002897220451180127,0.004586138271788402,prueba_intocable
2024-10-17,Profuturo,0.0011170375628966056,0.0009320732060620728,prueba_intocable
2024-10-18,Profuturo,0.005763746621756605,0.0035455341466048202,prueba_intocable
2024-10-22,Profuturo,-4.932935999890642e-05,0.00233500364556783,prueba_intocable
2024-10-23,Profuturo,-0.0032918037681232137,-0.001553225616178809,prueba_intocable
2024-10-24,Profuturo,0.002273434318695422,9.582803277158368e-05,prueba_intocable
2024-10-25,Profuturo,0.002487218160408755,-0.0013057287335899877,prueba_intocable
2024-10-29,Profuturo,0.005937806489531905,0.0010343026351569604,prueba_intocable
2024-10-30,Profuturo,-0.004878061700452685,-0.0018082759279128674,prueba_intocable
2024-10-31,Profuturo,-0.009348363908305068,-0.0038851504595069156,prueba_intocable
2024-11-01,Profuturo,-0.0026111011603286993,0.00141122494918998,prueba_intocable
2024-11-05,Profuturo,0.001335680481468593,0.0038638306491240214,prueba_intocable
2024-11-06,Profuturo,0.0022701016123838347,0.0025999579725345633,prueba_intocable
2024-11-07,Profuturo,0.0029563809357553428,0.005237834012037507,prueba_intocable
2024-11-08,Profuturo,-0.0006742755559562275,-0.0035526365617825953,prueba_intocable
2024-11-12,Profuturo,0.00330549477527442,-0.001010058917426739,prueba_intocable
2024-11-13,Profuturo,-0.0006344465336206584,0.0018264469224152056,prueba_intocable
2024-11-14,Profuturo,-0.003532090594033477,0.0004651252187822208,prueba_intocable
2024-11-15,Profuturo,-0.0028613581363927665,-0.002538183148405574,prueba_intocable
2024-11-19,Profuturo,0.00016931904402639475,0.000867272165590138,prueba_intocable
2024-11-20,Profuturo,-0.0010988793930917229,-0.0013159198243980056,prueba_intocable
2024-11-21,Profuturo,0.004169819171106592,0.00101596775125349,prueba_intocable
2024-11-22,Profuturo,0.0001614535292218111,0.0019500602527725765,prueba_intocable
2024-11-26,Profuturo,-0.0009379426969798876,0.001722169436518915,prueba_intocable
2024-11-27,Profuturo,-0.003380277349724903,0.000557877394542428,prueba_intocable
2024-12-03,Profuturo,-0.00499690308331413,0.002401943373839757,prueba_intocable
2024-12-04,Profuturo,0.006998182465459468,-0.0008388490437477303,prueba_intocable
2024-12-05,Profuturo,-0.001387958314176374,0.0004392148681732662,prueba_intocable
2024-12-06,Profuturo,-0.0030195195079461,0.00012330311317538417,prueba_intocable
2024-12-10,Profuturo,-0.0037907313649104823,-0.0012239396987806304,prueba_intocable
2024-12-11,Profuturo,0.007532262063678852,0.003389406939497082,prueba_intocable
2024-12-12,Profuturo,-0.001786090508578475,-0.0022922464238090846,prueba_intocable
2024-12-13,Profuturo,-0.004292572921718252,-0.0020139552251543895,prueba_intocable
2024-12-17,Profuturo,-0.004187955623554229,-0.002330054902936517,prueba_intocable
2024-12-18,Profuturo,-0.01089422935495743,-0.020686552481058884,prueba_intocable
2024-12-19,Profuturo,-0.008060617995649166,0.0035625166558279813,prueba_intocable
2024-12-20,Profuturo,0.003124015236528166,0.006868132382054986,prueba_intocable
2024-12-24,Profuturo,0.004230403089445556,0.004461943499545052,prueba_intocable
2024-12-27,Profuturo,0.0005380446053315779,-0.0024654539145461877,prueba_intocable
2024-12-31,Profuturo,-0.004340724857554434,0.0010333526120135466,prueba_intocable
2025-01-02,Profuturo,0.001940082038932367,0.0001737025911844004,prueba_intocable
2025-01-03,Profuturo,0.004156220718383397,0.0027249865276523376,prueba_intocable
2025-01-07,Profuturo,-0.0018908403507381655,-0.0014302146224786818,prueba_intocable
2025-01-08,Profuturo,0.0010201723299079202,0.0012219548862782046,prueba_intocable
2025-01-14,Profuturo,0.0007131748757844836,0.003662924414552586,prueba_intocable
2025-01-15,Profuturo,0.00496265535219953,0.00416338189401537,prueba_intocable
2025-01-16,Profuturo,-0.0014501803594794138,-0.0009466921046845087,prueba_intocable
2025-01-17,Profuturo,0.0006588495368620162,0.00043156633542949547,prueba_intocable
2025-01-22,Profuturo,-0.0012516453930080385,-0.0007716648722930612,prueba_intocable
2025-01-23,Profuturo,-0.0014234411747244824,3.575230931269596e-05,prueba_intocable
2025-01-24,Profuturo,-0.0014770425766462703,0.0010516131487198614,prueba_intocable
2025-01-28,Profuturo,0.0020212189502113453,0.003179122798155934,prueba_intocable
2025-01-29,Profuturo,-0.00129966910247159,0.0011878558781998696,prueba_intocable
2025-01-30,Profuturo,0.004932686386853513,0.0026958736079755025,prueba_intocable
2025-01-31,Profuturo,-0.0018385540440527537,-0.0024229345661008106,prueba_intocable
2025-02-04,Profuturo,0.004838642194748166,0.005254553143165849,prueba_intocable
2025-02-05,Profuturo,0.004026872348126931,0.002510871361776631,prueba_intocable
2025-02-06,Profuturo,0.00247011229835592,0.0010007610814749867,prueba_intocable
2025-02-07,Profuturo,-0.0042045550992536596,0.00038849272077254207,prueba_intocable
2025-02-11,Profuturo,-0.001539264300552512,-0.0019499804941666694,prueba_intocable
2025-02-12,Profuturo,0.0007618567963985079,0.0017787393337445978,prueba_intocable
2025-02-13,Profuturo,0.0044038457586870194,0.002578234981521336,prueba_intocable
2025-02-14,Profuturo,0.0007658940646630974,0.0010676647512732026,prueba_intocable
2025-02-19,Profuturo,-0.0006642238442442494,-0.00019291927616857347,prueba_intocable
2025-02-20,Profuturo,-0.004104894252051294,0.0015778187678848333,prueba_intocable
2025-02-21,Profuturo,-0.005971143137272095,-0.006261579498050423,prueba_intocable
2025-02-25,Profuturo,-0.007158547116582037,0.0011215777522290134,prueba_intocable
2025-02-26,Profuturo,0.0016416719098615307,0.001866208348081727,prueba_intocable
2025-02-27,Profuturo,-0.007127955429316657,-0.0038826124149832827,prueba_intocable
2025-02-28,Profuturo,0.0033400612399288043,0.00084624178072843,prueba_intocable
2025-03-04,Profuturo,-0.008192334507332588,0.0014374180036153656,prueba_intocable
2025-03-05,Profuturo,0.006119008498788103,0.005874261308346226,prueba_intocable
2025-03-06,Profuturo,-0.0012903588417293443,-0.00289756447801392,prueba_intocable
2025-03-07,Profuturo,-0.0013301699183093652,0.0004329095321035971,prueba_intocable
2025-03-11,Profuturo,-0.001629259580826381,0.004554023367722807,prueba_intocable
2025-03-12,Profuturo,0.00444727989189575,0.0026322308559783626,prueba_intocable
2025-03-13,Profuturo,0.0002477288341631301,0.002997583996452235,prueba_intocable
2025-03-14,Profuturo,0.009175018865358764,0.003929610978698979,prueba_intocable
2025-03-18,Profuturo,0.00019013963447367388,0.0009783277627368047,prueba_intocable
2025-03-19,Profuturo,0.0026342267505847783,0.0020300041780143096,prueba_intocable
2025-03-20,Profuturo,0.0009544251518018854,-3.4967645121360526e-05,prueba_intocable
2025-03-21,Profuturo,0.0012225516789361457,0.00030330534915407547,prueba_intocable
2025-03-25,Profuturo,0.003129721544843589,0.003956368493958674,prueba_intocable
2025-03-26,Profuturo,-0.005615980340854865,-0.0027342471461886233,prueba_intocable
2025-03-27,Profuturo,-0.00043405049838940446,0.0012206785104065068,prueba_intocable
2025-03-28,Profuturo,-0.006093651979149239,-0.006440017242319848,prueba_intocable
2025-04-01,Profuturo,0.005114188141575049,0.004422158100633898,prueba_intocable
2025-04-02,Profuturo,-0.0005872435073538407,0.0005630353301407671,prueba_intocable
2025-04-03,Profuturo,-0.018628623930389887,-0.012415656109537591,prueba_intocable
2025-04-04,Profuturo,-0.03310694193988095,-0.019330408188077887,prueba_intocable
2025-04-08,Profuturo,0.005133212059768466,-0.003786068512311046,prueba_intocable
2025-04-09,Profuturo,0.016546833438621622,0.01575597101430068,prueba_intocable
2025-04-10,Profuturo,0.005015277207573776,-0.0059639059098959,prueba_intocable
2025-04-11,Profuturo,0.013795981056167639,0.006127899862785074,prueba_intocable
2025-04-15,Profuturo,0.0017968035174500407,0.0019198918004223954,prueba_intocable
2025-04-16,Profuturo,-0.007192576661500527,-0.0018904956917692216,prueba_intocable
2025-04-17,Profuturo,-0.00337966368088205,0.002676478407542601,prueba_intocable
2025-04-22,Profuturo,0.005337675284720067,0.004057945764298111,prueba_intocable
2025-04-23,Profuturo,0.003035661098842457,0.0013581922272843346,prueba_intocable
2025-04-24,Profuturo,0.006338137031188795,0.0020174695916549495,prueba_intocable
2025-04-25,Profuturo,0.0023228292464472222,0.0006274252401686259,prueba_intocable
2025-04-29,Profuturo,0.0017059891936250793,0.0012064572160508378,prueba_intocable
2025-04-30,Profuturo,5.775983307154675e-05,-0.0016685582069754438,prueba_intocable
2025-05-01,Profuturo,-0.0005096777223272397,-0.0008839945280711566,prueba_intocable
2025-05-02,Profuturo,0.006538007223379383,0.0030951485907413463,prueba_intocable
2025-05-06,Profuturo,-0.0008416328947570273,0.00199835941082539,prueba_intocable
2025-05-07,Profuturo,-0.004017499002329394,-0.0017195031491467738,prueba_intocable
2025-05-08,Profuturo,-0.00025263300741351635,0.0017480248358675674,prueba_intocable
2025-05-09,Profuturo,0.00449057565119837,0.0018030146076291518,prueba_intocable
2025-05-13,Profuturo,0.008400354195718052,0.0012568392192758545,prueba_intocable
2025-05-14,Profuturo,-0.0008241613541986048,0.0006361256761176894,prueba_intocable
2025-05-15,Profuturo,0.0036491172315906706,4.240609905167017e-05,prueba_intocable
2025-05-16,Profuturo,-4.202948998832667e-06,0.0010135049644904904,prueba_intocable
2025-05-20,Profuturo,0.0029763245550555872,0.000970586732222176,prueba_intocable
2025-05-21,Profuturo,-0.0025394437152267413,-0.0014705353524808063,prueba_intocable
2025-05-22,Profuturo,-0.007635376473137945,0.0008949541481331797,prueba_intocable
2025-05-23,Profuturo,0.0043869937402269965,-0.0009270670090371744,prueba_intocable
2025-05-28,Profuturo,-0.0009218068462534257,-0.0007621177467134655,prueba_intocable
2025-05-29,Profuturo,0.00038733244116162524,0.00036809624180493496,prueba_intocable
2025-05-30,Profuturo,-0.0010851797532677177,0.0007854574396221644,prueba_intocable
2025-06-03,Profuturo,0.001631747361167335,0.001716651631770178,prueba_intocable
2025-06-04,Profuturo,-0.00014148681396819462,0.0013568400082880315,prueba_intocable
2025-06-05,Profuturo,0.008643289328629011,0.0019100656477274627,prueba_intocable
2025-06-06,Profuturo,0.005708521506741615,0.0020416861203688404,prueba_intocable
2025-06-10,Profuturo,-0.0025212837706503066,0.0011660514835411444,prueba_intocable
2025-06-11,Profuturo,0.0017323963788691277,4.014657704602741e-05,prueba_intocable
2025-06-12,Profuturo,-0.0005041715205766906,-0.0007943875965228582,prueba_intocable
2025-06-13,Profuturo,-0.0026818116156344107,-0.0044437524452473716,prueba_intocable
2025-06-17,Profuturo,-0.0033029331739165,-0.002267667200717015,prueba_intocable
2025-06-18,Profuturo,-0.0061083635675078796,0.0019415925026823758,prueba_intocable
2025-06-24,Profuturo,0.003727232780271983,0.005669806253043809,prueba_intocable
2025-06-25,Profuturo,0.0003625310149630856,-5.830591072363006e-05,prueba_intocable
2025-06-26,Profuturo,0.0066461030732078985,0.00553720242231305,prueba_intocable
2025-06-27,Profuturo,-0.00029045720028419986,-0.0014263041451841568,prueba_intocable
2025-07-01,Profuturo,0.005435801517619909,0.002337829293881822,prueba_intocable
2025-07-02,Profuturo,0.002717975925679017,0.002897712091449237,prueba_intocable
2025-07-03,Profuturo,0.003634438881797486,-0.0006259391693074186,prueba_intocable
2025-07-08,Profuturo,-0.004196471907524368,0.003255282492768501,prueba_intocable
2025-07-09,Profuturo,0.002690491591486044,-0.0003046828018919958,prueba_intocable
2025-07-10,Profuturo,0.001562516056830221,0.0013215132695611627,prueba_intocable
2025-07-11,Profuturo,0.001533979006176578,-0.0011521512289039638,prueba_intocable
2025-07-15,Profuturo,-0.007267479387761511,0.0006889893009160498,prueba_intocable
2025-07-16,Profuturo,-0.003833598549329964,0.0002049934605530705,prueba_intocable
2025-07-17,Profuturo,0.006457654976065985,0.0010577356161650129,prueba_intocable
2025-07-18,Profuturo,0.0006199932329371549,-0.0006554243797741218,prueba_intocable
2025-07-22,Profuturo,0.0015970831826743748,0.0033660895423042697,prueba_intocable
2025-07-23,Profuturo,0.009060347700564408,0.0027810263298201797,prueba_intocable
2025-07-24,Profuturo,-0.0015313936016253527,-0.0009827237264346752,prueba_intocable
2025-07-25,Profuturo,-0.0029912629701975835,0.00014273750982971725,prueba_intocable
2025-07-29,Profuturo,0.0011377220196711058,0.0017902370867396741,prueba_intocable
2025-07-30,Profuturo,-0.003060512929973891,-0.0034226583229718666,prueba_intocable
2025-07-31,Profuturo,0.0019251433251756822,-0.00054832195001845,prueba_intocable
2025-08-01,Profuturo,-0.008765135082628439,-0.0055331002853736795,prueba_intocable
2025-08-05,Profuturo,-0.0014197628811822849,0.002894508324201018,prueba_intocable
2025-08-06,Profuturo,0.006644726128624878,0.0018842435249734274,prueba_intocable
2025-08-07,Profuturo,0.0020379632821236893,0.0020877169703971982,prueba_intocable
2025-08-08,Profuturo,0.0022582731987723648,0.004107164862689037,prueba_intocable
2025-08-12,Profuturo,0.0057097307554114796,0.004984825639652369,prueba_intocable
2025-08-13,Profuturo,0.007067629989429447,0.0019704893264236682,prueba_intocable
2025-08-14,Profuturo,0.0020302155195890403,-0.0013009116472227707,prueba_intocable
2025-08-15,Profuturo,-0.0006423692107280221,0.0008886192617400112,prueba_intocable
2025-08-19,Profuturo,-0.009475613152306384,-0.0006530359324904008,prueba_intocable
2025-08-20,Profuturo,-0.004408286562365027,-0.0005257420513794066,prueba_intocable
2025-08-21,Profuturo,0.0028462996112161854,-0.0005722257303150148,prueba_intocable
2025-08-22,Profuturo,0.008770630688513581,0.00657628168492786,prueba_intocable
2025-08-26,Profuturo,0.005898989300553215,0.0031176684242995465,prueba_intocable
2025-08-27,Profuturo,-0.0025846744117716813,-0.0011394775588617406,prueba_intocable
2025-08-28,Profuturo,0.0022137874762799825,0.0023386599710951018,prueba_intocable
2025-08-29,Profuturo,-0.0010051639547138391,-0.001284556611350422,prueba_intocable
2025-09-03,Profuturo,0.007336661651691223,0.004378421759458322,prueba_intocable
2025-09-04,Profuturo,-0.0019340825394575933,0.00047210744624590176,prueba_intocable
2025-09-05,Profuturo,0.005413708144261786,0.0012155856944557927,prueba_intocable
2025-09-09,Profuturo,-0.0029709639034841695,0.0005987677172707238,prueba_intocable
2025-09-10,Profuturo,0.0013352025937389822,-0.0009757199896512974,prueba_intocable
2025-09-11,Profuturo,0.007775099880832137,0.003367535514769656,prueba_intocable
2025-09-12,Profuturo,0.0010996806822116678,0.0016703452675619831,prueba_intocable
2025-09-16,Profuturo,-0.0030153058124691157,-0.00015514688222277503,prueba_intocable
2025-09-17,Profuturo,-0.0012735075827465803,0.0009531412036609447,prueba_intocable
2025-09-18,Profuturo,-0.0010667950131760806,-0.0012091802785706698,prueba_intocable
2025-09-19,Profuturo,0.007328548294089909,0.0017621210187058248,prueba_intocable
2025-09-23,Profuturo,-0.0008510888194422916,0.0010798746760598108,prueba_intocable
2025-09-24,Profuturo,0.0010573048698261367,0.003531269323579375,prueba_intocable
2025-09-25,Profuturo,-0.0025535974754526958,-0.0005820958953166519,prueba_intocable
2025-09-26,Profuturo,0.001729420905610235,0.0020684324284362776,prueba_intocable
2025-09-30,Profuturo,-0.00017211924237203746,0.0018835816075514617,prueba_intocable
2025-10-01,Profuturo,0.005063061660937951,-0.0003576428574417734,prueba_intocable
2025-10-02,Profuturo,0.0011254451158690948,0.00027657926383292707,prueba_intocable
2025-10-03,Profuturo,0.0017673672145337438,0.0020320660826722205,prueba_intocable
2025-10-07,Profuturo,-0.0031923756303102735,-0.0009321589454177387,prueba_intocable
2025-10-08,Profuturo,0.014270061976733084,0.00340789118283272,prueba_intocable
2025-10-09,Profuturo,-0.01006453205685598,-0.00034954975269085804,prueba_intocable
2025-10-10,Profuturo,-0.01751265363143406,-0.011912126224914658,prueba_intocable
2025-10-14,Profuturo,-0.0017761058465074475,-0.0030566240615025777,prueba_intocable
2025-10-15,Profuturo,0.006746483313493146,0.0028888270537758536,prueba_intocable
2025-10-16,Profuturo,-0.0006336464086051929,-0.005562058295207433,prueba_intocable
2025-10-17,Profuturo,-0.013213260213253863,0.0020500619545907313,prueba_intocable
2025-10-21,Profuturo,-0.020191166542802286,-0.0028683651849783246,prueba_intocable
2025-10-22,Profuturo,-0.005168273240636401,-0.0010044968849597811,prueba_intocable
2025-10-23,Profuturo,0.005697200058127683,0.0038969719126108545,prueba_intocable
2025-10-24,Profuturo,0.003496289807801256,0.0014246341311637543,prueba_intocable
2025-10-28,Profuturo,0.005659461019844159,0.0016521608839463087,prueba_intocable
2025-10-29,Profuturo,0.004894017128691974,0.0005859966668822809,prueba_intocable
2025-10-30,Profuturo,-0.007037775380156042,0.00019230403453851953,prueba_intocable
2025-10-31,Profuturo,-0.0021969199580389454,-0.0015710557197572677,prueba_intocable
2025-11-04,Profuturo,-0.01646780767174083,-0.004129235321327458,prueba_intocable
2025-11-05,Profuturo,0.007470307632155171,0.003595225274983819,prueba_intocable
2025-11-06,Profuturo,-0.0037433085214972905,-0.001858283699732486,prueba_intocable
2025-11-07,Profuturo,0.0006977136475792012,0.0010684826626618737,prueba_intocable
2025-11-11,Profuturo,-0.0025103270904448527,0.00045135283094327244,prueba_intocable
2025-11-12,Profuturo,0.006620413762673305,0.001701476810326218,prueba_intocable
2025-11-13,Profuturo,-0.012731972387350687,-0.004002930666783573,prueba_intocable
2025-11-14,Profuturo,-0.0034845744829613556,-0.00017885502882247767,prueba_intocable
2025-11-18,Profuturo,-0.00723542917125608,-0.002418695573951737,prueba_intocable
2025-11-19,Profuturo,0.0077918576412041585,0.002869050416536521,prueba_intocable
2025-11-20,Profuturo,-0.016040163220979342,-0.0051410929388439755,prueba_intocable
2025-11-21,Profuturo,-0.001586431870979288,0.0021847422061225547,prueba_intocable
2025-11-25,Profuturo,0.0016104403523433675,0.004570895350120735,prueba_intocable
2025-11-26,Profuturo,0.01713523458917643,0.004306794522568073,prueba_intocable
2025-12-02,Profuturo,0.003250866403648134,0.002496534574484284,prueba_intocable
2025-12-03,Profuturo,0.008192610577234749,0.0034789830355053306,prueba_intocable
2025-12-04,Profuturo,0.005038428756745983,0.0012449500399864073,prueba_intocable
2025-12-05,Profuturo,-0.00026276503968691856,0.001457152410975373,prueba_intocable
2025-12-09,Profuturo,0.006533496114154103,0.0005766578227843123,prueba_intocable
2025-12-10,Profuturo,0.005394958020239704,0.004833801618191748,prueba_intocable
2025-12-11,Profuturo,0.006876775295596715,0.0018145311374242342,prueba_intocable
2025-12-12,Profuturo,-0.005341626846669945,-4.130523269860756e-05,prueba_intocable
2025-12-16,Profuturo,-0.0006282299759019505,0.0018700612843216247,prueba_intocable
2025-12-17,Profuturo,-0.00593627026813226,-0.0008042758575010959,prueba_intocable
2025-12-18,Profuturo,0.00847531525488776,0.0019647323925435964,prueba_intocable
2025-12-19,Profuturo,0.01027260442773481,0.0047215050444679284,prueba_intocable
2025-12-23,Profuturo,0.005595920805786525,0.0026278727959943987,prueba_intocable
2025-12-24,Profuturo,0.001877325842462696,0.0010756207758195815,prueba_intocable
2025-12-30,Profuturo,0.005615374786590577,0.002815488091509281,prueba_intocable
2025-12-31,Profuturo,-0.005558732116012655,-0.001391993604869948,prueba_intocable
2026-01-06,Profuturo,0.014437713135774022,0.004115033376465573,prueba_intocable
2026-01-07,Profuturo,-0.004238537720703817,-0.003018120368310753,prueba_intocable
2026-01-08,Profuturo,0.0010705308919229939,0.0013298268729331339,prueba_intocable
2026-01-09,Profuturo,0.009141803587750186,0.003912938258554363,prueba_intocable
2026-01-13,Profuturo,0.0022603404854308895,0.00021462722975945327,prueba_intocable
2026-01-14,Profuturo,0.0038863126125847636,0.0012354436175804487,prueba_intocable
2026-01-15,Profuturo,0.004702448515080393,0.002303966809556998,prueba_intocable
2026-01-16,Profuturo,0.0004670445843297788,-0.0007441941531947732,prueba_intocable
2026-01-21,Profuturo,0.005098137564183869,0.006504800750953652,prueba_intocable
2026-01-22,Profuturo,0.012102545415126897,0.0024689350505774105,prueba_intocable
2026-01-23,Profuturo,0.01195589452207968,0.0026638405529261972,prueba_intocable
2026-01-27,Profuturo,0.010089152685238911,0.0019151292931797361,prueba_intocable
2026-01-28,Profuturo,0.006892581145957921,0.0026576161197789426,prueba_intocable
2026-01-29,Profuturo,-0.00753623615291743,-0.0008279305223272599,prueba_intocable
2026-01-30,Profuturo,-0.04495773254927127,-0.008214762196917691,prueba_intocable
2026-02-02,Profuturo,0.0013024841180988567,0.0029255605501492857,prueba_intocable
2026-02-03,Profuturo,0.02429697546233034,0.004668170541919187,prueba_intocable
2026-02-04,Profuturo,-0.01813060878125783,-0.0051538201135104145,prueba_intocable
2026-02-05,Profuturo,-0.018791004476021667,-0.007997698046661592,prueba_intocable
2026-02-06,Profuturo,0.02510280683887589,0.006308964090733607,prueba_intocable
2026-02-10,Profuturo,-0.008505683354533389,-0.00032312162164426086,prueba_intocable
2026-02-11,Profuturo,0.012074625863115918,0.0021343503604944283,prueba_intocable
2026-02-12,Profuturo,-0.021371658305542884,-0.0071808942086689365,prueba_intocable
2026-02-13,Profuturo,0.008585006687615637,0.0006364904835009267,prueba_intocable
2026-02-18,Profuturo,0.013051503592526492,0.0027780618894336973,prueba_intocable
2026-02-19,Profuturo,0.004060988953992428,0.0019012714461697651,prueba_intocable
2026-02-20,Profuturo,0.011968240304335298,0.00423263813985224,prueba_intocable
2026-02-24,Profuturo,0.013228015110174907,0.004114205420725018,prueba_intocable
2026-02-25,Profuturo,0.007695884031585276,0.004819317105012691,prueba_intocable
2026-02-26,Profuturo,-0.00043531727037127155,-0.002224597351419012,prueba_intocable
2026-02-27,Profuturo,0.0021823993526945973,0.0008670517857544541,prueba_intocable
2026-03-03,Profuturo,-0.03911030739136234,-0.00797269931433562,prueba_intocable
2026-03-04,Profuturo,0.007085841686314431,0.004857999640626828,prueba_intocable
2026-03-05,Profuturo,-0.027357170676970743,-0.008452663416143499,prueba_intocable
2026-03-06,Profuturo,-0.006951625578011877,-0.008707615031331674,prueba_intocable
2026-03-10,Profuturo,0.007788155684593123,0.005993227184443573,prueba_intocable
2026-03-11,Profuturo,-0.008350445520898586,-0.0016803416113493252,prueba_intocable
2026-03-12,Profuturo,-0.019611390274212326,-0.00616877977552061,prueba_intocable
2026-03-13,Profuturo,-0.01632838620357069,-0.002937049731714698,prueba_intocable
2026-03-17,Profuturo,0.0015078833134576364,0.0024764607844755078,prueba_intocable
2026-03-18,Profuturo,-0.021678378926125896,-0.006942396278418573,prueba_intocable
2026-03-19,Profuturo,-0.017667970869984173,-0.0007893404069111887,prueba_intocable
2026-03-20,Profuturo,-0.022332677423223646,-0.005511077542800346,prueba_intocable
2026-03-24,Profuturo,0.0018526442961053213,0.0010759877075090319,prueba_intocable
2026-03-25,Profuturo,0.015644083484683824,0.00313551389974186,prueba_intocable
2026-03-26,Profuturo,-0.02290506135328152,-0.003970355708949912,prueba_intocable
2026-03-27,Profuturo,0.0036322297587063623,-0.0032808599299299014,prueba_intocable
2026-03-31,Profuturo,0.032401500778177716,0.010661894300399115,prueba_intocable
2026-04-01,Profuturo,0.019118100224269075,0.00416814820304002,prueba_intocable
2026-04-02,Profuturo,-0.007622858863202686,-0.0012828051661093911,prueba_intocable
2026-04-07,Profuturo,-7.054471073575375e-05,-0.0009667016934957534,prueba_intocable
2026-04-08,Profuturo,0.034720442465594026,0.010257744348365804,prueba_intocable
2026-04-09,Profuturo,-0.0001998494672871276,0.001182164584953063,prueba_intocable
2026-04-10,Profuturo,0.007263603228770288,0.0012737018359934495,prueba_intocable
2026-04-14,Profuturo,0.01054323000188484,0.002389470478375266,prueba_intocable
2026-04-15,Profuturo,-0.014717293835395995,-0.0031861304226229914,prueba_intocable
2026-04-16,Profuturo,0.010014806431104306,0.0032138881190580423,prueba_intocable
2026-04-17,Profuturo,0.00860251979306792,0.00013772300398112394,prueba_intocable
2026-04-21,Profuturo,-0.022202880729674246,-0.0033808371296658777,prueba_intocable
2026-04-22,Profuturo,0.017019913149575627,0.003273568951930978,prueba_intocable
2026-04-23,Profuturo,-0.01198580117591852,-0.0027768844707233074,prueba_intocable
2026-04-24,Profuturo,0.011001182422089695,0.0017606953505740115,prueba_intocable
2026-04-28,Profuturo,-0.01691005405959367,-0.001468608067528906,prueba_intocable
2026-04-29,Profuturo,-0.009965504662854063,-0.0011324735884115536,prueba_intocable
2026-04-30,Profuturo,0.01735949421960825,0.004962218428439315,prueba_intocable
2026-05-01,Profuturo,-0.0028115620224591353,-0.0009342038038093099,prueba_intocable
2026-05-05,Profuturo,0.005828983063679516,0.0028380524107781257,prueba_intocable
2026-05-06,Profuturo,0.026902583096497068,0.004479926490594428,prueba_intocable
2026-05-07,Profuturo,-0.004658206976299595,-1.4632791553624558e-05,prueba_intocable
2026-05-08,Profuturo,0.012747180319852225,0.002421574809951963,prueba_intocable
2026-05-12,Profuturo,-0.00781375667908979,0.002318104143156699,prueba_intocable
2026-05-13,Profuturo,0.0038371905122136507,-2.0997789811286335e-05,prueba_intocable
2026-05-14,Profuturo,-0.0033407318724936186,0.000560763221895289,prueba_intocable
2026-05-15,Profuturo,-0.033426914252942086,-0.007078321943357767,prueba_intocable
2026-05-19,Profuturo,-0.012577906603291278,-0.0008536602458602772,prueba_intocable
2026-05-20,Profuturo,0.019875829221389862,0.003150688268503998,prueba_intocable
2026-05-21,Profuturo,0.006507287629267111,0.003910653055257317,prueba_intocable
2026-05-22,Profuturo,-0.0036410673735881582,-0.0005061246935019179,prueba_intocable
2026-05-27,Profuturo,-0.009689569935809161,0.0012271402850871558,prueba_intocable
2026-05-28,Profuturo,0.007483312967451861,0.0009240727449153095,prueba_intocable
2026-05-29,Profuturo,0.006844711247757651,0.0024441035451211583,prueba_intocable
2026-06-23,Profuturo,-0.024820625070491098,-0.007049228571020879,prueba_intocable
2026-06-24,Profuturo,-0.0027457854692833905,-0.0017867726086674418,prueba_intocable
2026-06-25,Profuturo,0.010089230516794778,0.0022359119376842936,prueba_intocable
2026-06-26,Profuturo,-0.004681213145730889,0.0010225653556024264,prueba_intocable
2026-06-30,Profuturo,0.00899596330108543,0.004589952697790556,prueba_intocable
