isin_normalizado,primera_fecha,ultima_fecha,meses_presentes,afp_presentes,lista_afp,moneda_reportada,gestora_reportada,peso_max_total_fondo_pct,peso_mediano_total_fondo_pct,peso_max_exterior_pct,valor_max_reconciliado_miles_soles,aparece_modelo_principal,aparece_analisis_ampliado,formato_isin_valido,checksum_isin_valido,prefijo_isin,prioridad,clasificacion_identificador,estado_openfigi,mensaje,numero_resultados,numero_resultado,puntaje_seleccion,figi,compositeFIGI,shareClassFIGI,ticker,name,exchCode,marketSector,securityType,securityType2,securityDescription,metadata,seleccion_ambigua,mapeo_utilizable
US78462F1030,2015-01-30,2025-12-31,118,4,Habitat | Integra | Prima | Profuturo,USD,STATE ST BANK | State Street GA | State Street Global Advisors Inc,12.511238656661591,0.7091929967040337,22.137735672377868,414714.1694599908,True,True,True,True,US,1112629.2386566617,isin_estandar_valido,resuelto,,174,1.0,25.0,BBG000BDTBL9,BBG000BDTBL9,BBG001S72SM3,SPY,SS SPDR S&P 500 ETF TRUST-US,US,Equity,ETP,Mutual Fund,SPY,,True,True
US46138G6492,2023-09-29,2025-12-31,27,3,Integra | Prima | Profuturo,USD,Invesco CM | Invesco Capital Management LLC,12.001244245007255,5.498381830315674,21.562114266224945,385830.68873040826,True,True,True,True,US,1112028.2442450072,isin_estandar_valido,resuelto,,61,1.0,25.0,BBG00XS6PB10,BBG00XS6PB10,BBG00XS6PBW6,QQQM,INVESCO NASDAQ 100 ETF,US,Equity,ETP,Mutual Fund,QQQM,,True,True
US4642875235,2015-03-31,2026-01-30,63,4,Habitat | Integra | Prima | Profuturo,USD,BlackRock Fund Advisors | BlackRock Luxembourg S.A. | BlackRock USA,11.099502343715516,2.648106571953275,23.053217597368576,474458.6398732066,True,True,True,True,US,1111162.5023437154,isin_estandar_valido,resuelto,,93,1.0,25.0,BBG000JP3063,BBG000JP3063,BBG001SJ8F58,SOXX,ISHARES SEMICONDUCTOR ETF,US,Equity,ETP,Mutual Fund,SOXX,,True,True
US4642882579,2015-01-30,2025-12-31,43,3,Habitat | Integra | Profuturo,USD,BlackRock Fund Advisors | BlackRock USA,10.952942119104211,0.7423187802209884,17.054131983829148,342951.33645318926,True,True,True,True,US,1110995.9421191043,isin_estandar_valido,resuelto,,96,1.0,25.0,BBG000TH6VB3,BBG000TH6VB3,BBG001S56QV7,ACWI,ISHARES MSCI ACWI ETF,US,Equity,ETP,Mutual Fund,ACWI,,True,True
US92189F6768,2023-03-31,2026-01-30,29,4,Habitat | Integra | Prima | Profuturo,USD,VAN ECK | VAN ECK ASSOCIATES CORPORATION | Van Eck Associates Corporation,9.833859910007249,4.59289801774346,18.32436047162974,323348.2701023166,True,True,True,True,US,1109862.8599100073,isin_estandar_valido,resuelto,,92,1.0,25.0,BBG000BV7ZQ5,BBG000BV7ZQ5,BBG002D68GN8,SMH,VANECK SEMICONDUCTOR ETF,US,Equity,ETP,Mutual Fund,SMH,,True,True
US46090E1038,2018-06-29,2026-01-30,57,3,Integra | Prima | Profuturo,USD,BANK NEW YORK | BANK OF NEW YORK | Invesco Capital Management LLC | bank of new york,9.730377165029669,0.9590378259480687,17.37108364172959,263173.654968115,True,True,True,True,US,1109787.3771650298,isin_estandar_valido,resuelto,,170,2.0,25.0,BBG000BSWKH7,BBG000BSWKH7,BBG001S9GN63,QQQ,INVESCO QQQ TRUST SERIES 1,US,Equity,ETP,Mutual Fund,QQQ,,True,True
US4642866085,2015-01-30,2025-11-28,128,4,Habitat | Integra | Prima | Profuturo,USD,BlackRock Fund Advisors | BlackRock Luxembourg S.A. | BlackRock USA,9.599284461925253,1.605568776004493,14.570764316050708,696855.8127387586,True,True,True,True,US,1109727.2844619253,isin_estandar_valido,resuelto,,73,1.0,25.0,BBG000CS4KW0,BBG000CS4KW0,BBG001SFQPM5,EZU,ISHARES MSCI EUROZONE ETF,US,Equity,ETP,Mutual Fund,EZU,,True,True
US92189F1066,2016-05-31,2026-01-30,77,4,Habitat | Integra | Prima | Profuturo,USD,VAN ECK | VAN ECK ASSOCIATES CORPORATION | Van Eck Associates Corporation,9.433158625360347,1.0265602095412487,16.39044464662687,429628.0193868476,True,True,True,True,US,1109510.1586253603,isin_estandar_valido,resuelto,,143,1.0,25.0,BBG000PLNQN7,BBG000PLNQN7,BBG001SR42Z0,GDX,VANECK GOLD MINERS ETF,US,Equity,ETP,Mutual Fund,GDX,,True,True
US9220427424,2015-01-30,2026-01-30,99,3,Habitat | Integra | Profuturo,USD,THE VANGUARD GROUP INC. | VANGUARD GROUP,9.180184659587304,0.8879607313001181,15.574947013706536,738623.9492874696,True,True,True,True,US,1109279.1846595872,isin_estandar_valido,resuelto,,93,1.0,25.0,BBG000GM5FZ6,BBG000GM5FZ6,BBG001T2YZG9,VT,VANGUARD TOT WORLD STK ETF,US,Equity,ETP,Mutual Fund,VT,,True,True
US4642872000,2015-01-30,2025-12-31,129,4,Habitat | Integra | Prima | Profuturo,USD,BlackRock Fund Advisors | BlackRock Luxembourg S.A. | BlackRock USA,9.028195651079171,1.544507029486043,17.398421723869227,655337.8636652911,True,True,True,True,US,1109157.195651079,isin_estandar_valido,resuelto,,135,1.0,25.0,BBG000BVZ4F5,BBG000BVZ4F5,BBG001SFB7R6,IVV,ISHARES CORE S&P 500 ETF,US,Equity,ETP,Mutual Fund,IVV,,True,True
US9229083632,2015-01-30,2025-12-31,97,3,Habitat | Integra | Prima,USD,THE VANGUARD GROUP INC. | The Vanguard Group Inc. | VANGUARD GROUP,9.04746869851198,2.310023010254809,13.696506609518655,625830.9911724566,True,True,True,True,US,1109144.468698512,isin_estandar_valido,resuelto,,108,1.0,25.0,BBG0015VYNT4,BBG0015VYNT4,BBG001TC6MC1,VOO,VANGUARD S&P 500 ETF,US,Equity,ETP,Mutual Fund,VOO,,True,True
US4642868065,2015-01-30,2025-03-31,110,4,Habitat | Integra | Prima | Profuturo,USD,BlackRock Fund Advisors | BlackRock Luxembourg S.A. | BlackRock USA,8.608337241043353,1.361317150702134,12.975669848054116,498496.76289668056,True,True,True,True,US,1108718.3372410433,isin_estandar_valido,resuelto,,97,1.0,25.0,BBG000BJZKN7,BBG000BJZKN7,BBG001S8SJC4,EWG,ISHARES MSCI GERMANY ETF,US,Equity,ETP,Mutual Fund,EWG,,True,True
US4642881829,2015-01-30,2025-01-31,110,4,Habitat | Integra | Prima | Profuturo,USD,BlackRock Fund Advisors | BlackRock USA,8.534059232893215,0.8894610069290386,12.756902972648302,514450.27976589656,True,True,True,True,US,1108644.0592328932,isin_estandar_valido,resuelto,,85,1.0,25.0,BBG000G6GXC5,BBG000G6GXC5,BBG001T2V2D8,AAXJ,ISHARES MSCI ALL COUNTRY ASI,US,Equity,ETP,Mutual Fund,AAXJ,,True,True
US46434G8226,2016-11-30,2026-01-30,109,4,Habitat | Integra | Prima | Profuturo,USD,BlackRock Fund Advisors | BlackRock Luxembourg S.A. | BlackRock USA,8.471231839889777,1.1940887698750555,15.430903063376036,682804.5189672278,True,True,True,True,US,1108580.2318398897,isin_estandar_valido,resuelto,,125,1.0,25.0,BBG000BK38F5,BBG000BK38F5,BBG001S8SYN9,EWJ,ISHARES MSCI JAPAN ETF,US,Equity,ETP,Mutual Fund,EWJ,,True,True
US4642868487,2015-01-30,2016-10-31,22,4,Habitat | Integra | Prima | Profuturo,USD,BlackRock USA,8.266939507400703,3.865193530057798,14.174490090093911,672900.43745337,True,True,True,True,US,1108288.9395074006,isin_estandar_valido,sin_coincidencia,No identifier found.,0,,,,,,,,,,,,,,,False
US81369Y8030,2015-01-30,2026-01-30,120,4,Habitat | Integra | Prima | Profuturo,USD,STATE ST BANK | State Street GA | State Street Global Advisors Inc,8.097619548968892,0.9333698622735248,13.216944088132191,413507.3395393844,True,True,True,True,US,1108217.619548969,isin_estandar_valido,resuelto,,119,1.0,25.0,BBG000BJ7007,BBG000BJ7007,BBG001S7TCZ5,XLK,SS TECHNOLOGY SELECT SECTOR,US,Equity,ETP,Mutual Fund,XLK,,True,True
US9229087690,2015-01-30,2019-05-31,53,1,Habitat,USD,VANGUARD GROUP,8.153923091140554,1.885333769890578,12.908091828869416,14442.126450553493,True,True,True,True,US,1108206.9230911406,isin_estandar_valido,resuelto,,98,1.0,25.0,BBG000HR9779,BBG000HR9779,BBG001SHTB03,VTI,VANGUARD TOTAL STOCK MKT ETF,US,Equity,ETP,Mutual Fund,VTI,,True,True
US4642872349,2015-01-30,2024-12-31,106,4,Habitat | Integra | Prima | Profuturo,USD,BlackRock Fund Advisors | BlackRock USA,7.988292390090611,0.7369975631728751,12.409411081712063,489318.2761207082,True,True,True,True,US,1108094.2923900906,isin_estandar_valido,resuelto,,146,1.0,25.0,BBG000M0P5L2,BBG000M0P5L2,BBG001SK77D5,EEM,ISHARES MSCI EMERGING MARKET,US,Equity,ETP,Mutual Fund,EEM,,True,True
US4642867729,2015-01-30,2026-01-30,82,4,Habitat | Integra | Prima | Profuturo,USD,BlackRock Fund Advisors | BlackRock Luxembourg S.A. | BlackRock USA,7.805159295966462,0.6055324829783489,13.127439163257469,277753.8369994662,True,True,True,True,US,1107887.1592959664,isin_estandar_valido,resuelto,,120,1.0,25.0,BBG000CDKWX8,BBG000CDKWX8,BBG001SF9FC7,EWY,ISHARES MSCI SOUTH KOREA ETF,US,Equity,ETP,Mutual Fund,EWY,,True,True
CL0002535517,2019-12-31,2023-11-30,27,2,Habitat | Profuturo,USD,Moneda S.A. AGF | Moneda S.A. Administradora General de Fondos,7.162187069456348,1.1124834553094516,18.00071393570374,276299.542043798,True,True,True,True,CL,1107189.1870694563,isin_estandar_valido,resuelto,,1,1.0,23.0,BBG00PH29FX2,BBG00PH29FX2,BBG00PKFMNM9,MDELAAE,MONEDA DEUDA LATINOAMERI-AE,CI,Equity,Closed-End Fund,Mutual Fund,MDELAAE,,False,True
US97717X7012,2015-01-30,2019-09-30,45,2,Habitat | Integra,USD,WisdomTreeAsset,7.016084690770681,4.113579297079363,11.032345449018804,355017.4796966029,True,True,True,True,US,1107061.0846907706,isin_estandar_valido,resuelto,,83,1.0,25.0,BBG000Q3NW62,BBG000Q3NW62,BBG001T6DPF6,HEDJ,WISDOMTREE EUROPE HEDGED EQU,US,Equity,ETP,Mutual Fund,HEDJ,,True,True
US33733E3027,2016-04-29,2025-11-28,94,4,Habitat | Integra | Prima | Profuturo,USD,First Trust Adv | First Trust Advisors L.P.,6.905622599320342,0.7246232436932009,13.493989988109902,253977.52132115132,True,True,True,True,US,1106999.6225993203,isin_estandar_valido,resuelto,,88,1.0,25.0,BBG000F0YTN6,BBG000F0YTN6,BBG001SN9872,FDN,FIRST TRUST DJ INTERNET IND,US,Equity,ETP,Mutual Fund,FDN,,True,True
US46641Q2176,2022-08-31,2026-01-30,38,4,Habitat | Integra | Prima | Profuturo,USD,J.P. Morgan Inv | J.P. Morgan Investment Management Inc.,6.553892796852878,1.6118783130214012,14.35605989844603,196817.0280627074,True,True,True,True,US,1106591.8927968529,isin_estandar_valido,resuelto,,43,1.0,25.0,BBG00L52MGS3,BBG00L52MGS3,BBG00L52MHJ1,BBJP,JPMORGAN BETABUILDERS JAPAN,US,Equity,ETP,Mutual Fund,BBJP,,True,True
US81369Y5069,2015-01-30,2026-01-30,124,4,Habitat | Integra | Prima | Profuturo,USD,STATE ST BANK | State Street GA | State Street Global Advisors Inc,6.445178708521141,0.7273093619437558,17.027231524043525,171805.1290018286,True,True,True,True,US,1106569.1787085212,isin_estandar_valido,resuelto,,110,1.0,25.0,BBG000BJ20S2,BBG000BJ20S2,BBG001S7T1S7,XLE,SS ENERGY SELECT SECTOR,US,Equity,ETP,Mutual Fund,XLE,,True,True
US46641Q7613,2024-10-31,2025-06-30,9,1,Prima,USD,J.P. Morgan Investment Management Inc.,6.523774352696369,2.4742935747913024,10.74577930375859,178092.16510448977,True,True,True,True,US,1106532.7743526963,isin_estandar_valido,resuelto,,43,1.0,25.0,BBG00J5DPVL5,BBG00J5DPVL5,BBG00J5DPW97,JQUA,JPMORGAN US QUALITY FACTOR,US,Equity,ETP,Mutual Fund,JQUA,,True,True
US46434G1031,2016-07-29,2026-01-30,105,4,Habitat | Integra | Prima | Profuturo,USD,BlackRock Fund Advisors | BlackRock USA,6.400212182542206,1.4128153391028608,10.717472573736856,473986.50194931054,True,True,True,True,US,1106505.2121825423,isin_estandar_valido,resuelto,,118,1.0,25.0,BBG003HC3CQ0,BBG003HC3CQ0,BBG003HC3DG9,IEMG,ISHARES CORE MSCI EMERGING,US,Equity,ETP,Mutual Fund,IEMG,,True,True
LU0050381036,2016-01-29,2025-07-31,115,1,Habitat,GBP | USD,Wellington Luxe | Wellington Luxembourg S.à r.l.,6.363961864670167,0.7057033782112333,10.088147680758553,24784.485051221844,True,True,True,True,LU,1106478.9618646703,isin_estandar_valido,resuelto,,1,1.0,23.0,BBG000BVLLM4,BBG000BVLLM4,BBG001S9YR37,WMPUSEA,WL MG LX IIISI-US RES EQ-SUA,LX,Equity,Open-End Fund,Mutual Fund,WMPUSEA,,False,True
US92204A8760,2016-02-29,2019-09-30,16,1,Profuturo,USD,VANGUARD GROUP,6.257622707447952,0.3443130138585685,9.601145328085089,344310.0076806896,True,True,True,True,US,1106273.622707448,isin_estandar_valido,resuelto,,84,1.0,25.0,BBG000HX1FV9,BBG000HX1FV9,BBG001SHVTP4,VPU,VANGUARD UTILITIES ETF,US,Equity,ETP,Mutual Fund,VPU,,True,True
US5007673065,2019-06-28,2026-01-30,71,4,Habitat | Integra | Prima | Profuturo,USD,"Krane Funds | Krane Funds Advisors, LLC",6.092951469133286,1.2570637166054153,10.330977273300498,263838.99747854134,True,True,True,True,US,1106163.9514691334,isin_estandar_valido,resuelto,,154,1.0,25.0,BBG004XB9HY6,BBG004XB9HY6,BBG004XB9HZ5,KWEB,KRANESH CSI CHINA INTERNET,US,Equity,ETP,Mutual Fund,KWEB,,True,True
US46432F3881,2016-10-31,2022-01-31,14,1,Prima,USD,BlackRock USA,5.927002783489934,1.8841436789085586,9.46510081656477,436910.3704898351,True,True,True,True,US,1105941.0027834899,isin_estandar_valido,resuelto,,69,1.0,25.0,BBG004FPWG26,BBG004FPWG26,BBG004FPWGT7,VLUE,ISHARES MSCI USA VALUE FACTO,US,Equity,ETP,Mutual Fund,VLUE,,True,True
US9220428745,2015-01-30,2025-12-31,86,3,Integra | Prima | Profuturo,USD,THE VANGUARD GROUP INC. | The Vanguard Group Inc. | VANGUARD GROUP,5.784454776806438,1.0445314081490091,8.881125239997465,321848.1484121627,True,True,True,True,US,1105870.4547768065,isin_estandar_valido,resuelto,,93,1.0,25.0,BBG000HT8SM3,BBG000HT8SM3,BBG001SHTV18,VGK,VANGUARD FTSE EUROPE ETF,US,Equity,ETP,Mutual Fund,VGK,,True,True
US97717W8516,2015-01-30,2026-01-30,107,3,Habitat | Integra | Profuturo,USD,WisdomTree Asset Management Inc. | WisdomTreeAsset,5.648261197971665,0.6999779236798332,8.64499598080337,343465.3805154494,True,True,True,True,US,1105755.2611979716,isin_estandar_valido,resuelto,,88,1.0,25.0,BBG000BT12H9,BBG000BT12H9,BBG001SHL470,DXJ,WISDOMTREE JAPAN HEDGED EQ,US,Equity,ETP,Mutual Fund,DXJ,,True,True
IE00BKM4GZ66,2019-02-28,2022-06-30,41,2,Integra | Profuturo,USD,BlackRock AMIL,5.693596499647864,0.9529705068788408,10.364192426671902,415786.3308981945,True,True,True,True,IE,1105734.596499648,isin_estandar_valido,resuelto,,192,1.0,23.0,BBG006B70NW2,BBG006B70NV3,BBG006B70NT6,EMIM,ISHARES CORE EM IMI ACC,LN,Equity,ETP,Mutual Fund,EMIM,,True,True
US46138E6288,2024-11-29,2026-01-30,14,3,Habitat | Integra | Prima,USD,Invesco Capital Management LLC,5.677442357247272,2.0202937597398973,10.189718819585854,170829.24887455942,True,True,True,True,US,1105691.4423572472,isin_estandar_valido,resuelto,,70,1.0,25.0,BBG0027F1TD5,BBG0027F1TD5,BBG0027F1V40,KBWB,INVESCO KBW BANK ETF,US,Equity,ETP,Mutual Fund,KBWB,,True,True
US46429B6719,2018-01-31,2025-11-28,93,3,Integra | Prima | Profuturo,USD,BlackRock Fund Advisors | BlackRock Luxembourg S.A. | BlackRock USA,5.150935507084771,0.8899200726580079,12.332488750397037,224062.60838469453,True,True,True,True,US,1105243.9355070847,isin_estandar_valido,resuelto,,97,1.0,25.0,BBG001LRJJH4,BBG001LRJJH4,BBG001S56D46,MCHI,ISHARES MSCI CHINA ETF,US,Equity,ETP,Mutual Fund,MCHI,,True,True
US5771307924,2015-01-30,2021-07-30,79,4,Habitat | Integra | Prima | Profuturo,USD,Matthews Intern,5.117129719850039,1.3093201826408394,8.511125557959033,237222.7386630468,True,True,True,True,US,1105196.1297198501,isin_estandar_valido,resuelto,,1,1.0,25.0,BBG0017VPM87,BBG0017VPM87,BBG001TBPH88,MIJFX,MATTHEWS JAPAN FUND-INST,US,Equity,Open-End Fund,Mutual Fund,MIJFX,,False,True
US81369Y4070,2015-01-30,2024-01-31,95,4,Habitat | Integra | Prima | Profuturo,USD,STATE ST BANK | State Street GA,5.065773840366669,0.0708298497351134,8.505740651912989,417507.9036564549,True,True,True,True,US,1105160.7738403666,isin_estandar_valido,resuelto,,127,1.0,25.0,BBG000BJ1MF9,BBG000BJ1MF9,BBG001S7T1Q9,XLY,SS CONSUMER DISC SELECT SECT,US,Equity,ETP,Mutual Fund,XLY,,True,True
US92189H6071,2020-04-30,2026-01-30,49,4,Habitat | Integra | Prima | Profuturo,USD,VAN ECK | VAN ECK ASSOCIATES CORPORATION | Van Eck Associates Corporation,5.064422632538614,0.5188276540354334,10.80647172518671,117685.6894045768,True,True,True,True,US,1105113.4226325387,isin_estandar_valido,resuelto,,79,1.0,25.0,BBG000D02J82,BBG000D02J82,BBG001SGYST1,OIH,VANECK OIL SERVICES ETF,US,Equity,ETP,Mutual Fund,OIH,,True,True
US81369Y6059,2015-01-30,2025-09-30,119,4,Habitat | Integra | Prima | Profuturo,EUR | USD,STATE ST BANK | State Street GA | State Street Global Advisors Inc,4.968869666928789,1.27740164809507,9.78279281782878,405984.4123379496,True,True,True,True,US,1105087.869666929,isin_estandar_valido,resuelto,,151,1.0,25.0,BBG000BJ29X7,BBG000BJ29X7,BBG001S7T223,XLF,SS FINANCIAL SELECT SECTOR,US,Equity,ETP,Mutual Fund,XLF,,True,True
US4642875987,2015-10-30,2017-04-28,17,1,Prima,USD,BlackRock USA,5.05944215509687,2.7541083944852898,8.737372179286798,389310.1828642491,True,True,True,True,US,1105076.442155097,isin_estandar_valido,resuelto,,88,1.0,25.0,BBG000CG9VP5,BBG000CG9VP5,BBG001S562P7,IWD,ISHARES RUSSELL 1000 VALUE E,US,Equity,ETP,Mutual Fund,IWD,,True,True
US37954Y8306,2022-02-28,2026-01-30,28,4,Habitat | Integra | Prima | Profuturo,USD,Global X MC | Global X Management Company LLC,5.026926775642374,0.9368026808159879,9.16411272195114,151433.7598702803,True,True,True,True,US,1105054.9267756424,isin_estandar_valido,resuelto,,102,1.0,25.0,BBG000QRNHZ0,BBG000QRNHZ0,BBG001T8JBX7,COPX,GLOBAL X COPPER MINERS ETF,US,Equity,ETP,Mutual Fund,COPX,,True,True
US4642871846,2015-01-30,2025-10-31,121,4,Habitat | Integra | Prima | Profuturo,USD,BlackRock Fund Advisors | BlackRock Luxembourg S.A. | BlackRock USA,4.916415645580151,0.5565600031985524,10.291285891961255,287418.3207012961,True,True,True,True,US,1105037.41564558,isin_estandar_valido,resuelto,,93,1.0,25.0,BBG000Q8RVM1,BBG000Q8RVM1,BBG001SMDNB1,FXI,ISHARES CHINA LARGE-CAP ETF,US,Equity,ETP,Mutual Fund,FXI,,True,True
IE00BYYJHR67,2019-10-31,2020-04-30,6,1,Habitat,USD,HSBC GL Fund,5.03034845415964,2.9043594066621274,10.417460217900851,62258.520668902325,True,True,True,True,IE,1105036.3484541597,isin_estandar_valido,resuelto,,1,1.0,23.0,BBG00B9MWC78,BBG00B9MWC78,BBG00B9MWC87,HSBUSHI,HSBC GLF-USD LIQUIDITY-H,ID,Equity,Open-End Fund,Mutual Fund,HSBUSHI,,False,True
US78464A7550,2017-02-28,2026-01-30,36,2,Integra | Profuturo,USD,STATE ST BANK | State Street GA | State Street Global Advisors Inc,4.951104698362815,0.5888690009366297,7.994355221963404,168324.53348664884,True,True,True,True,US,1104987.1046983628,isin_estandar_valido,resuelto,,97,1.0,25.0,BBG000D83WR4,BBG000D83WR4,BBG001SMH2W0,XME,SS SPDR S&P METALS MINING,US,Equity,ETP,Mutual Fund,XME,,True,True
US46434V6395,2016-03-31,2019-07-31,30,1,Habitat,USD,BlackRock USA,4.918182113190669,1.6605234359687224,7.91350756699251,32608.786976276413,True,True,True,True,US,1104948.1821131906,isin_estandar_valido,resuelto,,62,1.0,25.0,BBG006S5D508,BBG006S5D508,BBG006S5D517,HEZU,ISHARES CURRENCY HEDGED MSCI,US,Equity,ETP,Mutual Fund,HEZU,,True,True
US46432F3394,2016-09-30,2017-05-31,9,1,Prima,USD,BlackRock USA,4.906984181045661,2.749364172167068,9.127047809248491,370299.0493125969,True,True,True,True,US,1104915.9841810456,isin_estandar_valido,resuelto,,55,1.0,25.0,BBG004TRTWV4,BBG004TRTWV4,BBG004TRTWW3,QUAL,ISHARES MSCI USA QUALITY FAC,US,Equity,ETP,Mutual Fund,QUAL,,True,True
US4642864007,2017-10-31,2026-01-30,90,4,Habitat | Integra | Prima | Profuturo,USD,BlackRock Fund Advisors | BlackRock Luxembourg S.A. | BlackRock USA,4.716802514470564,1.2720561948643678,10.82525725165127,250643.5814247585,True,True,True,True,US,1104806.8025144706,isin_estandar_valido,resuelto,,99,1.0,25.0,BBG000CPLR52,BBG000CPLR52,BBG001SFN5N1,EWZ,ISHARES MSCI BRAZIL ETF,US,Equity,ETP,Mutual Fund,EWZ,,True,True
US92189F7188,2016-07-29,2022-08-31,47,3,Habitat | Integra | Profuturo,EUR | USD,VAN ECK,4.756019484923392,0.0384689511248599,10.62532976951852,145819.67430181778,True,True,True,True,US,1104803.0194849235,isin_estandar_valido,resuelto,,20,1.0,23.0,BBG005XND5K3,BBG005XND5K3,BBG001SGYST1,OSVEUR,VANECK VECTORS OIL SERVICES,EO,Equity,ETP,Mutual Fund,OSVEUR,,True,True
US78464A8541,2024-09-30,2025-06-30,9,1,Prima,USD,"SSGA Funds Management, Inc.",4.753608437798808,1.7988387401124577,8.348120901552633,126460.2099483136,True,True,True,True,US,1104762.608437799,isin_estandar_valido,resuelto,,53,1.0,25.0,BBG000KMT5K3,BBG000KMT5K3,BBG001SPTB87,SPYM,STE STR SPDR PT S&P 500 ETF,US,Equity,ETP,Mutual Fund,SPYM,,True,True
LU0103813712,2017-12-29,2020-02-28,8,1,Habitat,GBP | USD,JP MORGAN ASSET,4.641893767977312,0.948561210092064,9.613000789962951,57450.779350581535,True,True,True,True,LU,1104649.8937679774,isin_estandar_valido,resuelto,,1,1.0,23.0,BBG000C4LN12,BBG000C4LN12,BBG001SDGK15,JPMULCD,JPM USD LIQ LVNAV-INST DIST,LX,Equity,Open-End Fund,Mutual Fund,JPMULCD,,False,True
US97717Y4778,2025-01-31,2025-12-31,12,1,Prima,USD,WisdomTree Asset Management Inc.,4.625788220726236,3.369470553649214,7.820187051713974,129219.87211698724,True,True,True,True,US,1104637.7882207262,isin_estandar_valido,resuelto,,40,1.0,25.0,BBG01BY3ZNC8,BBG01BY3ZNC8,BBG01BY3ZP60,QGRW,WISDOMTREE US QUALITY GROWTH,US,Equity,ETP,Mutual Fund,QGRW,,True,True
LU0635707705,2017-12-29,2019-09-30,22,1,Habitat,USD,CREDIT SUISSE,4.609251577092553,1.9429576873839853,7.775410602850473,50311.857558699696,True,True,True,True,LU,1104631.2515770926,isin_estandar_valido,resuelto,,1,1.0,23.0,BBG003Q2RKM2,BBG003Q2RKM2,BBG003Q2RKN1,CSNGSMU,UBSNV LX GBL SEN LN FN-U IA3,LX,Equity,Open-End Fund,Mutual Fund,CSNGSMU,,False,True
US73935A1043,2015-01-30,2018-05-31,41,4,Habitat | Integra | Prima | Profuturo,USD,BANK NEW YORK,4.573169301749887,1.174432753565814,7.569395520746546,379815.23407192726,True,True,True,True,US,1104614.16930175,isin_estandar_valido,sin_coincidencia,No identifier found.,0,,,,,,,,,,,,,,,False
FR0010589325,2017-01-31,2026-01-30,109,3,Habitat | Integra | Prima,EUR,GRAM | Groupama Asset Management,4.472098488038577,1.1704635206083258,8.69422499453063,232380.95300138916,True,True,True,True,FR,1104581.0984880386,isin_estandar_valido,resuelto,,1,1.0,23.0,BBG000S92ZT8,BBG000S92ZT8,BBG001T2HPQ9,GPAVEUM,GROUPAMA AVENIR EURO-IC,FP,Equity,Open-End Fund,Mutual Fund,GPAVEUM,,False,True
LU0048575426,2015-06-30,2026-01-30,128,1,Habitat,USD,FIDELITY | FIDELITY INTERNATIONAL LTD. | Fidelity International Ltd,4.374537675340231,0.38896531941580265,6.831279100845308,12673.516222418011,True,True,True,True,LU,1104502.5376753402,isin_estandar_valido,resuelto,,16,1.0,23.0,BBG000BL1ZM7,BBG000BL1ZM7,BBG001S88X71,FIDLEMI,FIDELITY FUNDS-EMERGING M-A,LX,Equity,Open-End Fund,Mutual Fund,FIDLEMI,,True,True
US4642865095,2015-12-31,2025-06-30,93,2,Habitat | Profuturo,USD,BlackRock Fund Advisors | BlackRock Luxembourg S.A. | BlackRock USA,4.356554294583737,0.0252699879604031,6.759277879851743,151330.48799769182,True,True,True,True,US,1104449.5542945839,isin_estandar_valido,resuelto,,33,1.0,25.0,BBG000BJSXB0,BBG000BJSXB0,BBG001S8R7V0,EWC,ISHARES MSCI CANADA ETF,US,Equity,ETP,Mutual Fund,EWC,,True,True
US81369Y7040,2015-01-30,2025-02-28,103,4,Habitat | Integra | Prima | Profuturo,USD,STATE ST BANK | State Street GA | State Street Global Advisors Inc,4.2432622455326925,0.379889946082113,7.103909197901531,356458.1778599639,True,True,True,True,US,1104346.2622455326,isin_estandar_valido,resuelto,,91,1.0,25.0,BBG000BJ2RF7,BBG000BJ2RF7,BBG001S7T232,XLI,SS INDUSTRIAL SELECT SECTOR,US,Equity,ETP,Mutual Fund,XLI,,True,True
LU0113993397,2015-01-30,2026-01-30,112,4,Habitat | Integra | Prima | Profuturo,EUR | USD,GARTMORE | GARTMORE INVESTMENT LIMITED | Janus Henderson | Janus Henderson Investors Europe S.A | Janus Henderson Investors Europe S.A.,4.204414023254963,1.8871108179716982,6.360429135915406,245929.8616650701,True,True,True,True,LU,1104316.414023255,isin_estandar_valido,resuelto,,10,1.0,23.0,BBG000FQ3HN9,BBG000FQ3HN9,BBG001SGXWT3,GAEUFUB,JAN HND CONT EUR IEA,LX,Equity,Open-End Fund,Mutual Fund,GAEUFUB,,True,True
US81369Y3080,2015-01-30,2025-02-28,83,4,Habitat | Integra | Prima | Profuturo,USD,"SSGA Funds Mana | SSGA Funds Management, Inc. | STATE ST BANK",4.223981337282775,0.0954062236581669,6.505491492215001,231149.16835862712,True,True,True,True,US,1104306.9813372828,isin_estandar_valido,resuelto,,114,1.0,25.0,BBG000BJ10N8,BBG000BJ10N8,BBG001S7T107,XLP,SS CONSUMER STAPLES SEL SECT,US,Equity,ETP,Mutual Fund,XLP,,True,True
US4642875151,2015-01-30,2025-10-31,79,4,Habitat | Integra | Prima | Profuturo,USD,BlackRock Fund Advisors | BlackRock Luxembourg S.A. | BlackRock USA,4.20525674294819,0.9884800372660726,6.664191470612452,265274.71244557784,True,True,True,True,US,1104284.2567429482,isin_estandar_valido,resuelto,,112,1.0,25.0,BBG000BGQ921,BBG000BGQ921,BBG001S7W2J1,IGV,ISHARES EXPANDED TECH-SOFTWA,US,Equity,ETP,Mutual Fund,IGV,,True,True
GB00B5STJW84,2019-05-31,2023-02-28,46,1,Prima,GBP,Jupiter Unit,4.234346818032388,1.6946746997047197,9.45672198261294,203910.5277673291,True,True,True,True,GB,1104280.3468180324,isin_estandar_valido,resuelto,,1,1.0,23.0,BBG0024268Z4,BBG0024268Z4,BBG002426900,JUPEUIA,JUPITER EUROPEAN-IA,LN,Equity,Open-End Fund,Mutual Fund,JUPEUIA,,False,True
US9220428588,2018-08-31,2025-04-30,59,2,Prima | Profuturo,USD,THE VANGUARD GROUP INC. | The Vanguard Group Inc. | VANGUARD GROUP,4.203247802656372,0.01909087316833875,6.443013020879581,249598.86094672483,True,True,True,True,US,1104262.2478026564,isin_estandar_valido,resuelto,,95,1.0,25.0,BBG000HT88C8,BBG000HT88C8,BBG001SHTTZ6,VWO,VANGUARD FTSE EMERGING MARKE,US,Equity,ETP,Mutual Fund,VWO,,True,True
LU1767066605,2018-05-31,2022-04-29,48,2,Integra | Prima,USD,VONTOBEL | Vontobel,4.154908317057463,1.322010305192108,8.19329635494615,217926.66945855983,True,True,True,True,LU,1104202.9083170574,isin_estandar_valido,resuelto,,1,1.0,23.0,BBG00K9N11J1,BBG00K9N11J1,BBG00K9RJ9Y9,VOMSEMG,VONTBL-MTX EM MRK LEAD-G USD,LX,Equity,Open-End Fund,Mutual Fund,VOMSEMG,,False,True
LU0212179997,2015-08-31,2020-02-28,55,3,Habitat | Prima | Profuturo,EUR | USD,BNP PARIBAS INV,4.084254799156809,1.4974744242164477,6.439078898288711,233857.53475048635,True,True,True,True,LU,1104139.254799157,isin_estandar_valido,resuelto,,1,1.0,23.0,BBG000TJXRL7,BBG000TJXRL7,BBG001T08LP3,PREURIC,BNP EUROPE SMALL CAP-IC,LX,Equity,Open-End Fund,Mutual Fund,PREURIC,,False,True
IE0007292422,2018-06-29,2020-01-31,20,1,Habitat,USD,Vanguard Grp Ir,4.113828026466735,1.5993251180215349,6.955884931348931,43901.17712856854,True,True,True,True,IE,1104133.8280264668,isin_estandar_valido,resuelto,,3,1.0,23.0,BBG000C61YQ8,BBG000C61YQ8,BBG001SF3312,VANSTOC,VANGUARD-JPN STK IND-USD ACC,ID,Equity,Open-End Fund,Mutual Fund,VANSTOC,,True,True
LU1951186714,2020-04-30,2026-01-30,70,3,Habitat | Integra | Profuturo,USD,UBS | UBS GLOBAL ASSET MANAGEMENT (US) INC. | UBS Global Asset Management (US) Inc.,4.014502393853384,0.07900096646001739,7.764447675191026,228819.83808209337,True,True,True,True,LU,1104084.5023938534,isin_estandar_valido,resuelto,,1,1.0,23.0,BBG00NBK3CP5,BBG00NBK3CP5,BBG00NDLMKR0,UBCOIA3,UBS L EQ CHIN OPP USD-IA3A,LX,Equity,Open-End Fund,Mutual Fund,UBCOIA3,,False,True
US78464A6982,2015-06-30,2025-09-30,69,3,Integra | Prima | Profuturo,USD,STATE ST BANK | State Street GA | State Street Global Advisors Inc,3.961125449485584,0.7615495538844679,7.400787539715075,130138.2425926523,True,True,True,True,US,1104030.1254494856,isin_estandar_valido,resuelto,,89,1.0,25.0,BBG000D82H52,BBG000D82H52,BBG001SMH2R6,KRE,SS SPDR S&P REGIONAL BANK,US,Equity,ETP,Mutual Fund,KRE,,True,True
US4642874329,2019-10-31,2026-01-30,25,3,Habitat | Integra | Profuturo,USD,BlackRock Fund Advisors | BlackRock Luxembourg S.A. | BlackRock USA,3.982120390666207,0.5265277328328423,9.19307001441696,147540.33470532263,True,True,True,True,US,1104007.1203906662,isin_estandar_valido,resuelto,,101,1.0,25.0,BBG000BJKYW3,BBG000BJKYW3,BBG001S8MLN3,TLT,ISHARES 20+ YEAR TREASURY BD,US,Equity,ETP,Mutual Fund,TLT,,True,True
LU1866781336,2018-10-31,2025-06-30,81,1,Profuturo,EUR,GRAM | Groupama Asset Management,3.881724176348945,1.4580106593403463,6.586050836234728,162587.18741924973,True,True,True,True,LU,1103962.724176349,isin_estandar_valido,resuelto,,1,1.0,23.0,BBG00M4Q7779,BBG00M4Q7779,BBG00M4YWTV9,GFAVEAC,GROUPAMA AVENIR EUROPE-ACEUR,LX,Equity,Open-End Fund,Mutual Fund,GFAVEAC,,False,True
LU0823411292,2015-12-31,2025-07-31,114,1,Habitat,USD,BNP PARIBAS INV | BNP PARIBAS INVESTMENT PARTNERS LUXEMBOURG,3.8318368427186713,0.5503990824179975,6.53316906533333,31816.72054644884,True,True,True,True,LU,1103945.8368427188,isin_estandar_valido,resuelto,,1,1.0,23.0,BBG000J5T8P1,BBG000J5T8P1,BBG001SJ0DM2,FOLESCI,BNP US SMALL CAP-I,LX,Equity,Open-End Fund,Mutual Fund,FOLESCI,,False,True
LU1240965456,2016-10-31,2025-06-30,105,3,Integra | Prima | Profuturo,EUR,Invesco Managem | Invesco Management S.A.,3.814123576543992,1.477410948824085,6.277083329635877,303906.7052431631,True,True,True,True,LU,1103919.123576544,isin_estandar_valido,resuelto,,1,1.0,23.0,BBG009QNC515,BBG009QNC515,BBG009QNC524,INVSACE,INVESCO EURO EQ-S ACC EUR,LX,Equity,Open-End Fund,Mutual Fund,INVSACE,,False,True
LU0181496059,2018-01-31,2025-06-30,90,1,Profuturo,USD,SCHRODER | SCHRODER INVESTMENT MANAGEMENT | Schroder Investment Management,3.790363203447314,1.2851676966739465,6.624472958884277,178232.66539459312,True,True,True,True,LU,1103880.3632034473,isin_estandar_valido,resuelto,,13,1.0,23.0,BBG000JS7BR6,BBG000JS7BR6,BBG001SJ9R24,SCHECAC,SCHRODER IN EM ASIA-CUSD-ACC,LX,Equity,Open-End Fund,Mutual Fund,SCHECAC,,True,True
LU1259265335,2017-01-31,2026-01-30,101,2,Integra | Prima,JPY,Eastspring Inv | Eastspring Investments (Luxembourg) S.A.,3.775269081134221,0.5207450395834726,6.201377102599745,300050.715221775,True,True,True,True,LU,1103876.269081134,isin_estandar_valido,resuelto,,1,1.0,23.0,BBG009LM8G77,BBG009LM8G77,BBG009LM8G86,ESJDCJJ,EASTSPRING JAPAN DY-CJ JPY,LX,Equity,Open-End Fund,Mutual Fund,ESJDCJJ,,False,True
LU1235249262,2019-06-28,2025-06-30,65,2,Prima | Profuturo,USD,Investec Asset | Investec Global Strategy Fund | Ninety One Global Natural Resources,3.800326773641943,0.8724865078941765,7.732309879634921,199328.72001866816,True,True,True,True,LU,1103865.3267736419,isin_estandar_valido,resuelto,,1,1.0,23.0,BBG008TMP923,BBG008TMP923,BBG008TMP932,INGSACI,NTYONGSF-AL CHIN EQ-IACC USD,LX,Equity,Open-End Fund,Mutual Fund,INGSACI,,False,True
US4642876555,2015-01-30,2025-10-31,101,4,Habitat | Integra | Prima | Profuturo,USD,BlackRock Fund Advisors | BlackRock USA,3.7349624276604447,0.4821344780268568,8.113746377568736,299945.5775761581,True,True,True,True,US,1103835.9624276604,isin_estandar_valido,resuelto,,135,1.0,25.0,BBG000CGC9C4,BBG000CGC9C4,BBG001SFC7Y7,IWM,ISHARES RUSSELL 2000 ETF,US,Equity,ETP,Mutual Fund,IWM,,True,True
US4642873412,2022-05-31,2023-12-29,20,1,Habitat,USD,BlackRock Luxembourg S.A. | BlackRock USA,3.797686691541957,0.9171056221963212,8.762687365685832,99467.01722205986,True,True,True,True,US,1103817.686691542,isin_estandar_valido,resuelto,,98,1.0,25.0,BBG000L74NQ7,BBG000L74NQ7,BBG001S7RSN5,IXC,ISHARES GLOBAL ENERGY ETF,US,Equity,ETP,Mutual Fund,IXC,,True,True
IE00B53QG562,2015-12-31,2021-08-31,61,2,Integra | Prima,EUR,BlackRock AMIL,3.699147782487274,2.0794009359003773,5.945621622178471,316879.1107499339,True,True,True,True,IE,1103760.1477824873,isin_estandar_valido,resuelto,,143,1.0,23.0,BBG000CKQVX8,BBG000CKQV77,BBG001T03591,CSEMU,ISHARES CORE MSCI EMU EUR A,IM,Equity,ETP,Mutual Fund,CSEMU,,True,True
US4642867075,2017-12-29,2023-05-31,58,2,Habitat | Profuturo,USD,BlackRock USA,3.688513760682612,0.0864547200773608,6.0455844589998256,218497.5424535185,True,True,True,True,US,1103746.5137606827,isin_estandar_valido,resuelto,,32,1.0,25.0,BBG000BJX6S5,BBG000BJX6S5,BBG001S8S2R5,EWQ,ISHARES MSCI FRANCE ETF,US,Equity,ETP,Mutual Fund,EWQ,,True,True
US81369Y2090,2015-01-30,2026-01-30,86,3,Integra | Prima | Profuturo,EUR | USD,STATE ST BANK | State Street GA | State Street Global Advisors Inc,3.615643974072988,0.9981353184071678,5.76316727252905,284511.1539124713,True,True,True,True,US,1103701.643974073,isin_estandar_valido,resuelto,,114,1.0,25.0,BBG000BHVSG6,BBG000BHVSG6,BBG001S7SCQ6,XLV,SS HEALTH CARE SELECT SECTOR,US,Equity,ETP,Mutual Fund,XLV,,True,True
IE00B95PGT31,2015-11-30,2021-10-29,63,2,Integra | Prima,USD,Vanguard Grp Ir,3.5753958574209954,1.4938229066728153,5.871492363189825,307265.5199157175,True,True,True,True,IE,1103638.395857421,isin_estandar_valido,resuelto,,177,1.0,23.0,BBG004LT7VD4,BBG004LT7VC5,BBG004LT7VK6,VDJP,VANG FTSE JPN USDD,LN,Equity,ETP,Mutual Fund,VDJP,,True,True
US4642868222,2015-01-30,2024-08-30,104,4,Habitat | Integra | Prima | Profuturo,USD,BlackRock Fund Advisors | BlackRock Luxembourg S.A. | BlackRock USA,3.5118895034894555,0.10492759328459886,8.278010309981422,214779.05638067023,True,True,True,True,US,1103615.8895034895,isin_estandar_valido,resuelto,,116,1.0,25.0,BBG000BK42M9,BBG000BK42M9,BBG001S8SYQ6,EWW,ISHARES MSCI MEXICO ETF,US,Equity,ETP,Mutual Fund,EWW,,True,True
US46137V3574,2023-07-31,2025-01-31,9,2,Integra | Prima,USD,Invesco CM | Invesco Capital Management LLC,3.5901802420148656,2.307636949323149,7.068406265524446,105576.5221632638,True,True,True,True,US,1103599.1802420148,isin_estandar_valido,resuelto,,49,1.0,25.0,BBG00KJR2MY7,BBG00KJR2MY7,BBG00KJR2NN7,RSP,INVESCO S&P 500 EQUAL WEIGHT,US,Equity,ETP,Mutual Fund,RSP,,True,True
LU0106259988,2015-01-30,2026-01-30,133,2,Integra | Prima,EUR | USD,SCHRODER | SCHRODER INVESTMENT MANAGEMENT | Schroder Investment Management,3.4607746381939046,1.2101563318711792,6.742530857690783,192329.269036751,True,True,True,True,LU,1103593.774638194,isin_estandar_valido,resuelto,,13,1.0,23.0,BBG000BRFHC0,BBG000BRFHC0,BBG001SDQZC9,SCHPFCA,SISF-ASIAN OPPORT-CAC,LX,Equity,Open-End Fund,Mutual Fund,SCHPFCA,,True,True
US4642887529,2015-01-30,2024-08-30,83,3,Integra | Prima | Profuturo,USD,BlackRock Fund Advisors | BlackRock USA,3.4605787987405203,0.001638634142562,5.335183207757071,267520.0397456877,True,True,True,True,US,1103543.5787987406,isin_estandar_valido,resuelto,,114,1.0,25.0,BBG000PB3SM8,BBG000PB3SM8,BBG001SQZTR8,ITB,ISHARES U.S. HOME CONSTRUCTI,US,Equity,ETP,Mutual Fund,ITB,,True,True
DE0006289309,2017-07-31,2026-01-30,55,3,Integra | Prima | Profuturo,EUR | JPY,BlackRock AMAG | BlackRock Asset Management (Deutschland) AG,3.474402448230517,1.0469159135019634,5.827122763654454,137211.02763057192,True,True,True,True,DE,1103529.4024482304,isin_estandar_valido,resuelto,,152,1.0,23.0,BBG000BGYL98,BBG000BGYL98,BBG001S7Y5Q4,SX7EEXN,ISHARES EURO STOXX BANKS 30-,MM,Equity,ETP,Mutual Fund,SX7EEXN,,True,True
IE00B5BMR087,2015-10-30,2021-05-31,61,1,Integra,EUR | USD,BlackRock AMIL,3.4381261120199147,0.5880005589111006,6.370908474663168,261649.12872349104,True,True,True,True,IE,1103499.1261120199,isin_estandar_valido,resuelto,,259,1.0,23.0,BBG000Q362M9,BBG000Q362M9,BBG001T6CZQ3,CSSPX,ISHARES CORE S&P 500,SW,Equity,ETP,Mutual Fund,CSSPX,,True,True
US97717Y5437,2023-07-31,2026-01-30,18,1,Habitat,USD,WisdomTree Asset Management Inc. | WisdomTreeAsset,3.480667868398064,0.7615157650483466,5.901688340452639,150721.02996489953,True,True,True,True,US,1103498.6678683981,isin_estandar_valido,resuelto,,20,1.0,25.0,BBG013Y3WJW6,BBG013Y3WJW6,BBG013Y3WKR9,WTAI,WISDOMTREE AI AND INNOVATION,US,Equity,ETP,Mutual Fund,WTAI,,True,True
GB00B0119B50,2017-04-28,2019-12-31,33,1,Prima,GBP | USD,Man Fund Manag,3.415342124747818,2.2971834320565767,5.597491355951308,279322.8577790557,True,True,True,True,GB,1103448.3421247478,isin_estandar_valido,resuelto,,1,1.0,23.0,BBG000D5SHK3,BBG000D5SHK3,BBG001SG3JG9,SGJPNCA,MN JPN CORALPH FND-CP GBP AC,LN,Equity,Open-End Fund,Mutual Fund,SGJPNCA,,False,True
US97717X5784,2019-10-31,2023-08-31,39,3,Habitat | Prima | Profuturo,USD,WisdomTreeAsset,3.379319307768798,0.16708360286138058,5.66087449986767,149733.86648344333,True,True,True,True,US,1103418.3193077687,isin_estandar_valido,resuelto,,42,1.0,25.0,BBG007PB9N11,BBG007PB9N11,BBG007PB9N20,XSOE,WISDMTREE EMERG MKT EX-ST OW,US,Equity,ETP,Mutual Fund,XSOE,,True,True
US46435G1022,2020-08-31,2026-01-30,15,2,Habitat | Profuturo,USD,BlackRock Fund Advisors | BlackRock USA,3.3809326633828927,2.078919534629603,6.875645373519658,93008.4198544868,True,True,True,True,US,1103395.932663383,isin_estandar_valido,resuelto,,47,1.0,25.0,BBG009BKDML7,BBG009BKDML7,BBG009BKDMM6,ICVT,ISHARES CONVERTIBLE BOND ETF,US,Equity,ETP,Mutual Fund,ICVT,,True,True
IE00B3XXRP09,2015-11-30,2017-12-29,26,1,Integra,USD,Vanguard Grp Ir,3.32018009414482,2.886235232815519,5.745182734005956,266155.42038637906,True,True,True,True,IE,1103346.1800941448,isin_estandar_valido,resuelto,,171,1.0,23.0,BBG003241JV5,BBG003241JT8,BBG003241JZ1,VUSA,VANG S&P500 USDD,LN,Equity,ETP,Mutual Fund,VUSA,,True,True
US4642874576,2016-05-31,2022-07-29,14,1,Integra,USD,BlackRock USA,3.327411334852696,0.1276460879321987,5.671436401597449,260202.50676084324,True,True,True,True,US,1103341.4113348527,isin_estandar_valido,resuelto,,94,1.0,25.0,BBG000NTFYM5,BBG000NTFYM5,BBG001SKXPR1,SHY,ISHARES 1-3 YEAR TREASURY BO,US,Equity,ETP,Mutual Fund,SHY,,True,True
US46434V8862,2015-09-30,2019-11-29,46,1,Habitat,USD,BlackRock USA,3.266264273344123,0.8836220431829502,5.469414427277703,32211.691876710192,True,True,True,True,US,1103312.264273344,isin_estandar_valido,resuelto,,64,1.0,25.0,BBG005XKRJK4,BBG005XKRJK4,BBG005XKRJL3,HEWJ,ISHA CURR HEDGED MSCI JAPAN,US,Equity,ETP,Mutual Fund,HEWJ,,True,True
LU1079841513,2017-05-31,2024-10-31,87,4,Habitat | Integra | Prima | Profuturo,EUR | USD,OSSIAM LUX,3.20529529370214,1.0062278861166785,5.054528697237445,240730.82735527595,True,True,True,True,LU,1103292.295293702,isin_estandar_valido,resuelto,,114,1.0,23.0,BBG009F4HRZ9,BBG009F4HRZ9,BBG009F4HS05,UCAP,OSSIAM SHILLER BRLY CAPE USD,SW,Equity,ETP,Mutual Fund,UCAP,,True,True
PRIVFAEA10FE,2021-02-26,2026-01-30,60,2,Habitat | Prima,USD,APAX X USD Feeder L.P. | Apax X USD GP,3.173376176501568,0.3611340723971293,7.394151676752414,95074.02300600108,True,True,False,False,PR,1103233.3761765016,identificador_no_estandar,no_consultado_identificador_no_estandar,identificador_no_estandar,0,,,,,,,,,,,,,,,False
GB00B0119487,2017-09-29,2026-01-30,101,4,Habitat | Integra | Prima | Profuturo,GBP,Man Fund Manag | Man Fund Management UK Limited,3.127793794741053,0.6917340650521131,5.648084832954861,147076.94089430434,True,True,True,True,GB,1103228.7937947412,isin_estandar_valido,resuelto,,1,1.0,23.0,BBG000D5PT57,BBG000D5PT57,BBG001SG3H28,SGESOCA,MN CNTNTL ERP GRWT FND-C PRF,LN,Equity,Open-End Fund,Mutual Fund,SGESOCA,,False,True
US97717W4481,2015-06-30,2018-04-30,35,1,Habitat,USD,WisdomTreeAsset,3.139535776482578,0.947733576345942,4.697747483133233,4427.572117274047,True,True,True,True,US,1103174.5357764827,isin_estandar_valido,resuelto,,2,1.0,23.0,BBG00JX5YHT4,BBG00JX5YHS5,BBG005DZMD85,DXGEUSD,WISDOMTREE GERMANY HEDGED EQ,XB,Equity,ETP,Mutual Fund,DXGEUSD,,True,True
US81369Y8865,2015-01-30,2024-11-29,46,4,Habitat | Integra | Prima | Profuturo,USD,STATE ST BANK | State Street GA | State Street Global Advisors Inc,3.1226427277092528,0.0562643114771867,5.229020044536947,172478.75375257642,True,True,True,True,US,1103168.6427277091,isin_estandar_valido,resuelto,,115,1.0,25.0,BBG000BJ7G75,BBG000BJ7G75,BBG001S7TD56,XLU,ST SR UTL SL SE SPDR ETF-USD,US,Equity,ETP,Mutual Fund,XLU,,True,True
US78468R5569,2022-02-28,2024-09-30,23,3,Habitat | Integra | Profuturo,USD,SSGA Funds Mana | State Street GA | State Street Global Advisors Inc,3.145301395143481,0.8571749108983928,7.422398236968757,133904.27890295905,True,True,True,True,US,1103168.3013951434,isin_estandar_valido,resuelto,,62,1.0,25.0,BBG000BGB482,BBG000BGB482,BBG001SB12P9,XOP,SS SPDR S&P OG EXP & PROD,US,Equity,ETP,Mutual Fund,XOP,,True,True
LU0067412154,2015-01-30,2020-04-30,64,3,Habitat | Integra | Profuturo,USD,UBS,3.0488525250039085,1.351406138488036,5.963347550608995,194393.9164570264,True,True,True,True,LU,1103112.852525004,isin_estandar_valido,resuelto,,22,1.0,23.0,BBG000C6TH21,BBG000C6TH21,BBG001SDYDS2,SBCEHKI,UBS L EQ-CHINA OPP USD-P,LX,Equity,Open-End Fund,Mutual Fund,SBCEHKI,,True,True
US4642882819,2016-08-31,2024-08-30,81,4,Habitat | Integra | Prima | Profuturo,USD,BlackRock Fund Advisors | BlackRock Luxembourg S.A. | BlackRock USA,3.022612304288598,0.0306517559340199,5.797443269790343,195246.7316421769,True,True,True,True,US,1103103.6123042887,isin_estandar_valido,resuelto,,116,1.0,25.0,BBG000NXKWH0,BBG000NXKWH0,BBG001SQS9Y2,EMB,ISHARES JP MORGAN USD EMERGI,US,Equity,ETP,Mutual Fund,EMB,,True,True
US33738R7044,2024-04-30,2026-01-30,13,3,Habitat | Integra | Profuturo,USD,First Trust Advisors L.P.,3.0765196313528547,1.4597476978920254,5.189841469588253,97302.1817606288,True,True,True,True,US,1103089.5196313527,isin_estandar_valido,resuelto,,39,1.0,25.0,BBG0063G4FW4,BBG0063G4FW4,BBG0063G4FX3,AIRR,FIRST TRUST RBA AMERICAN IND,US,Equity,ETP,Mutual Fund,AIRR,,True,True
US2330518794,2020-01-31,2025-05-30,56,4,Habitat | Integra | Prima | Profuturo,USD,DBX Advisors LL | DBX Advisors LLC | DWS,3.0136201291127604,0.6446338578148595,5.470275037671445,93110.68139691088,True,True,True,True,US,1103069.6201291129,isin_estandar_valido,resuelto,,111,1.0,25.0,BBG005HJL923,BBG005HJL923,BBG005HJL932,ASHR,XTRACKERS HARVEST CSI 300 CH,US,Equity,ETP,Mutual Fund,ASHR,,True,True
US2332034139,2015-01-30,2020-05-29,65,1,Habitat,EUR | USD,DIMENSIONAL,3.002901091131161,0.2943225480294624,4.753751366559834,3469.5641058761776,True,True,True,True,US,1103067.9010911311,isin_estandar_valido,resuelto,,1,1.0,25.0,BBG000K5F981,BBG000K5F981,BBG001SPPQ15,DFEOX,DFA US CORE EQTY 1 PORT-INST,US,Equity,Open-End Fund,Mutual Fund,DFEOX,,False,True
LU2134542260,2021-04-30,2026-01-30,58,2,Habitat | Profuturo,USD,BlackRock Fund Advisors | BlackRock Lu | BlackRock Luxembourg S.A.,3.002015275679316,0.529836656110425,5.4403996468109455,96800.73757838624,True,True,True,True,LU,1103060.0152756793,isin_estandar_valido,resuelto,,3,1.0,23.0,BBG00SBXC1D3,BBG00SBXC1D3,BBG00SBXGCL6,BGBWTIU,BGF-WRLD TECH-I2 USD INC,LX,Equity,Open-End Fund,Mutual Fund,BGBWTIU,,True,True
US78468R8530,2023-01-31,2025-02-28,21,1,Habitat,USD,"SSGA Funds Mana | SSGA Funds Management, Inc.",3.0380288435839864,0.9588322476658556,5.850636628743046,107000.56135764364,True,True,True,True,US,1103059.028843584,isin_estandar_valido,resuelto,,64,1.0,25.0,BBG004T58LY6,BBG004T58LY6,BBG004T58LZ5,SPSM,SS SPDR P S&P 600 SMALL CAP,US,Equity,ETP,Mutual Fund,SPSM,,True,True
GB0030810021,2015-01-30,2019-12-31,60,2,Habitat | Integra,EUR | USD,THREADNEEDLE IN,2.9904170908193373,1.0603981376082243,4.6402078823740665,89737.09424756521,True,True,True,True,GB,1103050.4170908195,isin_estandar_valido,resuelto,,1,1.0,23.0,BBG000FFP0R2,BBG000FFP0R2,BBG001SGCXZ7,TDNEUG2,CT EUROPEAN FUND-I ACC EUR,LN,Equity,Open-End Fund,Mutual Fund,TDNEUG2,,False,True
IE00B3CTFW21,2015-09-30,2025-06-30,117,2,Habitat | Profuturo,EUR | USD,GAM (Luxembourg) S.A. | GAM Fund Manage | GAM Fund Management Limited | GAM Internation,2.920817104397407,0.6092293162796842,4.548198209938906,31736.05780220575,True,True,True,True,IE,1103037.8171043973,isin_estandar_valido,resuelto,,1,1.0,23.0,BBG003GXHTQ3,BBG003GXHTQ3,BBG003GXHV60,GAMCIEA,GAM STAR-CONT EUR EQ-IEA,ID,Equity,Open-End Fund,Mutual Fund,GAMCIEA,,False,True
US4642867646,2015-01-30,2025-12-31,68,4,Habitat | Integra | Prima | Profuturo,USD,BlackRock Fund Advisors | BlackRock USA,2.958663697079249,0.382305921158082,5.2295571861098455,237602.95013996484,True,True,True,True,US,1103026.6636970793,isin_estandar_valido,resuelto,,71,1.0,25.0,BBG000BK58Q1,BBG000BK58Q1,BBG001S8SYT3,EWP,ISHARES MSCI SPAIN ETF,US,Equity,ETP,Mutual Fund,EWP,,True,True
GB0006014921,2019-01-31,2026-01-30,85,2,Prima | Profuturo,GBP,Baillie Gifford | Baillie Gifford & Co Ltd | Baillie Gifford Overseas Growth Funds ICVC,2.924588659792432,0.0006532823334812,5.243849837086209,126229.73122477584,True,True,True,True,GB,1103009.5886597924,isin_estandar_valido,resuelto,,1,1.0,23.0,BBG000BSDYW1,BBG000BSDYW1,BBG001SD49Q6,BGFJSBI,BAILLIE GIFFORD JPN SM-B-ACC,LN,Equity,Open-End Fund,Mutual Fund,BGFJSBI,,False,True
LU1997245763,2020-02-28,2026-01-30,72,2,Habitat | Integra,USD,ALLIANZ | ALLIANZ GLOBAL INVESTORS | Allainz Global Investors,2.9342406465837323,0.2024138988052604,5.967228612678217,87826.15426345178,True,True,True,True,LU,1103006.2406465837,isin_estandar_valido,resuelto,,1,1.0,23.0,BBG00QJ0WM52,BBG00QJ0WM52,BBG00QNGVYG5,ALLCWUI,ALLIANZ CHIN A SHRS-W7 USD I,LX,Equity,Open-End Fund,Mutual Fund,ALLCWUI,,False,True
IE00BD065N65,2017-12-29,2026-01-30,98,3,Habitat | Integra | Prima,USD,Veritas AM | Veritas Asset Management LLP,2.900506401306472,0.40736170758719037,5.650975853182031,152132.76721051903,True,True,True,True,IE,1102998.5064013065,isin_estandar_valido,resuelto,,1,1.0,23.0,BBG00FN5M3K6,BBG00FN5M3K6,BBG00FP2P0L3,VERASCU,VERITAS ASIAN FUND-C USD,ID,Equity,Open-End Fund,Mutual Fund,VERASCU,,False,True
LU0099405374,2015-01-30,2019-12-31,60,3,Habitat | Integra | Prima,EUR | JPY | USD,GAM Luxembourg | Swiss & Global,2.9136871340320347,1.285332393208829,4.281431250269124,208232.6322327761,True,True,True,True,LU,1102973.6871340321,isin_estandar_valido,resuelto,,1,1.0,23.0,BBG000L35FV6,BBG000L35FV6,BBG001SD7WC7,JBSJAPC,GAM MULST-JAP SPE SIT-CJPYAC,LX,Equity,Open-End Fund,Mutual Fund,JBSJAPC,,False,True
IE00BQ1YBP44,2018-10-31,2025-06-30,81,2,Prima | Profuturo,JPY,Comgest AMI | Comgest Asset Management International,2.8863654507963616,0.0841208506474463,5.435581139685213,145572.42266804303,True,True,True,True,IE,1102967.3654507964,isin_estandar_valido,resuelto,,1,1.0,23.0,BBG007T9G2S1,BBG007T9G2S1,BBG007T9G2T0,CGJPYIA,COMGEST GROWTH JAPAN-YEN IA,ID,Equity,Open-End Fund,Mutual Fund,CGJPYIA,,False,True
US4642887784,2015-01-30,2025-09-30,46,3,Habitat | Prima | Profuturo,USD,BlackRock Fund Advisors | BlackRock USA,2.9118297096974928,1.147708476810127,4.454184638897344,217610.1058546985,True,True,True,True,US,1102957.8297096975,isin_estandar_valido,resuelto,,86,1.0,25.0,BBG000PB1WV1,BBG000PB1WV1,BBG001SQZTM3,IAT,ISHARES US REGIONAL BANKS ET,US,Equity,ETP,Mutual Fund,IAT,,True,True
LU1034966249,2017-08-31,2026-01-30,50,1,Prima,USD,Global Evolutio | Global Evolution Asset Management A/S | Global Evolution Manco S.A.,2.9026339872604794,2.012655951359966,5.488566496300534,181607.67472743883,True,True,True,True,LU,1102952.6339872605,isin_estandar_valido,resuelto,,1,1.0,23.0,BBG0065B00X9,BBG0065B00X9,BBG0065B00Y8,SXGFIUS,GEF - FRONTIER MKT I USD,LX,Equity,Open-End Fund,Mutual Fund,SXGFIUS,,False,True
US37954Y8488,2025-08-29,2026-01-30,5,4,Habitat | Integra | Prima | Profuturo,USD,Global X Management Company LLC,2.931575885345262,0.9304099875939654,4.392478478773952,100382.8839955404,True,True,True,True,US,1102936.5758853452,isin_estandar_valido,resuelto,,118,1.0,25.0,BBG000BW4G60,BBG000BW4G60,BBG001SSPRJ8,SIL,GLOBAL X SILVER MINERS ETF,US,Equity,ETP,Mutual Fund,SIL,,True,True
US92204A7028,2016-02-29,2025-01-31,86,1,Profuturo,USD,THE VANGUARD GROUP INC. | The Vanguard Group Inc. | VANGUARD GROUP,2.830232234965525,0.46829874031555785,5.7707433476488665,124839.72183739278,True,True,True,True,US,1102916.2322349655,isin_estandar_valido,resuelto,,113,1.0,25.0,BBG000HSZQ76,BBG000HSZQ76,BBG001SHTTR5,VGT,VANGUARD INFO TECH ETF,US,Equity,ETP,Mutual Fund,VGT,,True,True
LU0129464904,2015-01-30,2026-01-30,133,1,Integra,USD,JP MORGAN F.F. | JP MORGAN FLEMING FUNDS SICAV | JPMorgan Fleming Funds Sicav,2.7447834223336782,1.206852057057779,5.111112183418949,164860.7695802558,True,True,True,True,LU,1102877.7834223337,isin_estandar_valido,resuelto,,1,1.0,23.0,BBG000DZJT03,BBG000DZJT03,BBG001SFH9T4,FLEJPEC,JPM JAPAN EQTY-C USD,LX,Equity,Open-End Fund,Mutual Fund,FLEJPEC,,False,True
LU1548499711,2019-11-29,2026-01-30,75,1,Habitat,EUR,ALLIANZ | ALLIANZ GLOBAL INVESTORS | Allainz Global Investors,2.783892389967208,0.3124947252089334,5.216206094179579,46312.78736890759,True,True,True,True,LU,1102858.892389967,isin_estandar_valido,resuelto,,1,1.0,23.0,BBG00MCLJ652,BBG00MCLJ652,BBG00MDKVVX3,ALGAIWT,ALLIANZ GLOBAL ARTIF INT-WTE,LX,Equity,Open-End Fund,Mutual Fund,ALGAIWT,,False,True
US4642873909,2017-10-31,2026-01-30,72,4,Habitat | Integra | Prima | Profuturo,USD,BlackRock Fund Advisors | BlackRock USA,2.786799553207641,0.7531783872100827,5.072879124081521,198778.6944736443,True,True,True,True,US,1102858.7995532076,isin_estandar_valido,resuelto,,80,1.0,25.0,BBG000KWYDJ0,BBG000KWYDJ0,BBG001SJRVW2,ILF,ISHARES LATIN AMERICA 40 ETF,US,Equity,ETP,Mutual Fund,ILF,,True,True
US78464A3591,2018-02-28,2026-01-30,42,2,Habitat | Integra,USD,"SSGA Funds Mana | SSGA Funds Management, Inc. | STATE ST BANK",2.772777741310877,0.4628523190440774,4.572115078787144,74197.96494734973,True,True,True,True,US,1102814.777741311,isin_estandar_valido,resuelto,,106,1.0,25.0,BBG000FTQMS2,BBG000FTQMS2,BBG001T2PMD1,CWB,SS SPDR BB CONV SEC ETF,US,Equity,ETP,Mutual Fund,CWB,,True,True
US46138E8003,2022-01-31,2026-01-30,12,3,Integra | Prima | Profuturo,USD,Invesco CM | Invesco Capital Management LLC,2.766831620280554,0.6208394659704044,4.145636620640392,94222.79961314838,True,True,True,True,US,1102778.8316202806,isin_estandar_valido,resuelto,,109,1.0,25.0,BBG00KXH51H5,BBG00KXH51H5,BBG00KXH5265,CQQQ,INVESCO CHINA TECHNOLOGY ETF,US,Equity,ETP,Mutual Fund,CQQQ,,True,True
US912810RJ97,2015-01-30,2016-08-31,6,2,Prima | Profuturo,USD,TREASURY,2.770004362829432,0.5569213539112,4.250050808480502,152412.54834782289,True,True,True,True,US,1102776.0043628295,isin_estandar_valido,resuelto,,1,1.0,6.0,BBG007GY22Y8,,,T 3 11/15/44,US TREASURY N/B,FRANKFURT,Govt,US GOVERNMENT,Bond,T 3 11/15/44,,False,True
US97717W3079,2016-07-29,2016-12-30,6,1,Prima,USD,WisdomTreeAsset,2.7368542496708907,2.548884201363631,4.540080093443752,208771.34499651735,True,True,True,True,US,1102742.8542496709,isin_estandar_valido,resuelto,,45,1.0,25.0,BBG000BT3296,BBG000BT3296,BBG001SHL7K8,DLN,WISDOMTREE US LARGECAP DIVID,US,Equity,ETP,Mutual Fund,DLN,,True,True
LU1112790479,2016-12-30,2024-06-28,91,1,Habitat,EUR | USD,GAM (Luxembourg) S.A. | GAM International Management Limited | GAM Luxembourg,2.6506671398575765,0.4986495043549543,4.237348836853084,23391.829737145195,True,True,True,True,LU,1102741.6671398575,isin_estandar_valido,resuelto,,1,1.0,23.0,BBG0083CPS21,BBG0083CPS21,BBG0083CPS30,JBEMEUC,GAM EMERGING MKTS EQ-USD C,LX,Equity,Open-End Fund,Mutual Fund,JBEMEUC,,False,True
LU0248056110,2017-01-31,2026-01-30,109,2,Habitat | Profuturo,USD,JP MORGAN ASSET MANAGMENT (EUROPE) | JP MORGAN F.F. | JP MORGAN FLEMING FUNDS SICAV | JPMorgan Fleming Funds Sicav,2.6106861961839862,0.8763498445267646,5.194154872867345,38090.77084268867,True,True,True,True,LU,1102719.686196184,isin_estandar_valido,resuelto,,1,1.0,23.0,BBG000JJT327,BBG000JJT327,BBG001SRC8B4,JPJEIAC,JPM JAPAN EQTY-I USD,LX,Equity,Open-End Fund,Mutual Fund,JPJEIAC,,False,True
IE0002459539,2019-11-29,2020-08-31,10,1,Habitat,USD,PIMCO,2.673683196078798,1.9113661515295441,5.335960549953357,34253.577157063715,True,True,True,True,IE,1102683.6831960788,isin_estandar_valido,resuelto,,1,1.0,23.0,BBG000CS3368,BBG000CS3368,BBG001SCDSC1,PIMSISA,PIMCO STOCKSPLUS-USDH-INSACC,ID,Equity,Open-End Fund,Mutual Fund,PIMSISA,,False,True
LU0184624863,2016-01-29,2020-09-30,57,2,Habitat | Integra,EUR,AXA FUNDS,2.596584585052085,1.0762227127519717,4.475917219798572,100389.99658865364,True,True,True,True,LU,1102653.584585052,isin_estandar_valido,resuelto,,1,1.0,23.0,BBG000R44S05,BBG000R44S05,BBG001SQPPM2,AXWESFI,AXA WRD FD-EUR SMALL CAP I,LX,Equity,Open-End Fund,Mutual Fund,AXWESFI,,False,True
US97717X6691,2017-06-30,2023-02-28,29,2,Prima | Profuturo,USD,WisdomTreeAsset,2.6199109583858595,1.2255795838376475,6.048759291930659,182830.1082426305,True,True,True,True,US,1102648.9109583858,isin_estandar_valido,resuelto,,45,1.0,25.0,BBG004LMH377,BBG004LMH377,BBG004LMH3Z6,DGRW,WISDOMTREE U.S. QUALITY DIVI,US,Equity,ETP,Mutual Fund,DGRW,,True,True
LU0675296932,2018-09-28,2026-01-30,89,1,Habitat,EUR,GRAM | Groupama Asset Management,2.5557381734322533,0.2207626347633849,4.994334423928478,32975.222985244465,True,True,True,True,LU,1102644.7381734322,isin_estandar_valido,resuelto,,1,1.0,23.0,BBG0080FGDD8,BBG0080FGDD8,BBG0080FGDF6,GFESMIC,GROUPAMA AVENIR EUROPE-ICEUR,LX,Equity,Open-End Fund,Mutual Fund,GFESMIC,,False,True
LU0048581077,2015-07-31,2017-05-31,23,1,Prima,EUR,FILIMSA,2.6081184758322142,2.013092039600353,4.016983949632183,195273.46084341744,True,True,True,True,LU,1102631.1184758323,isin_estandar_valido,resuelto,,16,1.0,23.0,BBG000BKYX39,BBG000BKYX39,BBG001S87M21,FIDLIBI,FIDELITY FNDS-IBERIA FUND A,LX,Equity,Open-End Fund,Mutual Fund,FIDLIBI,,True,True
IE00BQN1K901,2017-06-30,2022-02-28,37,1,Prima,EUR | USD,BlackRock AMIL,2.591999347533337,0.7566049199971112,4.019239199952706,196759.8071283833,True,True,True,True,IE,1102628.9993475333,isin_estandar_valido,resuelto,,155,1.0,23.0,BBG007X184V4,BBG007X184S8,BBG007X184T7,IEVL,ISHARES EDGE MSCI ERP VALUE,LN,Equity,ETP,Mutual Fund,IEVL,,True,True
DE0008475005,2015-01-30,2016-01-29,13,1,Prima,EUR,ALLIANZ,2.5995987164352394,1.6707506162141574,3.976569313610732,194276.1109893273,True,True,True,True,DE,1102612.5987164353,isin_estandar_valido,resuelto,,16,1.0,23.0,BBG000BGCG39,BBG000BGCG39,BBG001S7NQX2,CONCENT,CONCENTRA-A,GR,Equity,Open-End Fund,Mutual Fund,CONCENT,,True,True
LU0852482198,2016-02-29,2026-01-30,120,3,Habitat | Integra | Prima,EUR,ALLIANZ | ALLIANZ GLOBAL INVESTORS | Allainz Global Investors,2.48183300199122,0.9751014385244324,4.662785576046037,152717.4666327917,True,True,True,True,LU,1102601.8330019913,isin_estandar_valido,resuelto,,1,1.0,23.0,BBG003N9CXF6,BBG003N9CXF6,BBG003N9CXG5,ALRRGWT,ALLIANZ RCM EURL EQTY GRW-WT,LX,Equity,Open-End Fund,Mutual Fund,ALRRGWT,,False,True
LU0721876877,2020-06-30,2026-01-30,68,1,Habitat,USD,"Matthews Intern | Matthews International Capital Management, LLC | Matthews International Capital Management,LLC",2.528819467147766,3.326103673914169e-06,5.353786657266955,31084.12432554045,True,True,True,True,LU,1102596.8194671478,isin_estandar_valido,resuelto,,1,1.0,23.0,BBG002CYSWP9,BBG002CYSWP9,BBG002CYSWQ8,MACSMCI,MATTHEWS ASIA-CH DSCRYF-IUSD,LX,Equity,Open-End Fund,Mutual Fund,MACSMCI,,False,True
IE00B5N2XQ43,2018-03-30,2019-11-29,3,1,Habitat,EUR | USD,Deutsche Asset,2.550395161466184,0.8233366156340537,4.38184875987159,32781.45824734151,True,True,True,True,IE,1102553.3951614662,isin_estandar_valido,resuelto,,1,1.0,23.0,BBG000Q03168,BBG000Q03168,BBG001T939S3,DEUMACC,DEUTSCHE-MANAGED DLLR-ADVACC,ID,Equity,Open-End Fund,Mutual Fund,DEUMACC,,False,True
US46429B5984,2015-01-30,2025-08-29,41,4,Habitat | Integra | Prima | Profuturo,USD,BlackRock Fund Advisors | BlackRock USA,2.492765412005954,0.502617613732724,4.898864358701012,112390.89134793633,True,True,True,True,US,1102533.765412006,isin_estandar_valido,resuelto,,107,1.0,25.0,BBG002DMN3L7,BBG002DMN3L7,BBG002DMN4B6,INDA,ISHARES MSCI INDIA ETF,US,Equity,ETP,Mutual Fund,INDA,,True,True
PRIVFAEDSFFX,2021-05-31,2024-07-31,39,1,Prima,USD,Dover X | Dover X Associates L.P.,2.485172229068624,1.9625031002742823,6.7437740073930135,88753.34817928626,True,True,False,False,PR,1102524.1722290686,identificador_no_estandar,no_consultado_identificador_no_estandar,identificador_no_estandar,0,,,,,,,,,,,,,,,False
IE00B5769310,2017-01-31,2019-04-30,28,1,Habitat,USD,GAM Internation,2.4955181771810686,1.5510087754635409,3.8638422763540383,15328.542892870772,True,True,True,True,IE,1102523.518177181,isin_estandar_valido,resuelto,,1,1.0,23.0,BBG004D955D6,BBG004D955D6,BBG004D955F4,GAMCOIU,GAM STAR CREDIT OPP-INST USD,ID,Equity,Open-End Fund,Mutual Fund,GAMCOIU,,False,True
LU1865158890,2019-02-28,2025-07-31,78,1,Profuturo,EUR,THREADNEEDLE IN | THREADNEEDLE INVESTMENT SERVICES LIMITED | Threadneedle Investment Services Limited,2.4375973026105227,0.4544400636111631,4.236892077247156,114622.11959207644,True,True,True,True,LU,1102515.5973026105,isin_estandar_valido,resuelto,,1,1.0,23.0,BBG00LNJ3GM3,BBG00LNJ3GM3,BBG00LNNY7Z6,THESC2E,CTLX EU SMLR COS 2E EUR,LX,Equity,Open-End Fund,Mutual Fund,THESC2E,,False,True
LU0102000758,2015-05-29,2026-01-30,129,3,Habitat | Integra | Profuturo,JPY | USD,BNP PARIBAS INV | BNP PARIBAS INVESTMENT PARTNERS LUXEMBOURG,2.3853600298108555,0.6188298912600476,4.25355507609375,124430.63956996096,True,True,True,True,LU,1102514.3600298108,isin_estandar_valido,resuelto,,1,1.0,23.0,BBG000CCGJ64,BBG000CCGJ64,BBG001SFDBD0,PARJSCI,BNP JAPAN SMALL CAP-I,LX,Equity,Open-End Fund,Mutual Fund,PARJSCI,,False,True
US78464A7147,2015-06-30,2016-06-30,7,1,Prima,USD,STATE ST BANK,2.496976885595412,0.8701597782833661,3.849595667359079,186515.5270783283,True,True,True,True,US,1102503.9768855954,isin_estandar_valido,resuelto,,75,1.0,25.0,BBG000D80VV4,BBG000D80VV4,BBG001SMH2H7,XRT,SS SPDR S&P RETAIL ETF,US,Equity,ETP,Mutual Fund,XRT,,True,True
LU0840619489,2016-02-29,2017-07-31,18,1,Prima,EUR,ALLIANZ,2.4594848001287395,2.3559993336416207,4.073653387222207,186715.42388711983,True,True,True,True,LU,1102477.4848001287,isin_estandar_valido,resuelto,,1,1.0,23.0,BBG003H4K753,BBG003H4K753,BBG003H4K762,ALLGEQW,ALLIANZ GERMAN EQUITY-W,LX,Equity,Open-End Fund,Mutual Fund,ALLGEQW,,False,True
US57060U1007,2015-01-30,2016-11-30,12,3,Habitat | Integra | Prima,USD,VAN ECK,2.4344848056203165,0.8892316988035984,4.087647224324252,200643.9054935111,True,True,True,True,US,1102446.4848056203,isin_estandar_valido,sin_coincidencia,No identifier found.,0,,,,,,,,,,,,,,,False
US97717X7194,2021-09-30,2022-11-30,9,1,Prima,USD,WisdomTreeAsset,2.419443423748414,0.9663616895487188,5.728236329667614,113871.4793176032,True,True,True,True,US,1102428.4434237485,isin_estandar_valido,resuelto,,85,1.0,25.0,BBG003D52F83,BBG003D52F83,BBG003D52G09,CXSE,WISDOMTREE CHINA EX-ST OW,US,Equity,ETP,Mutual Fund,CXSE,,True,True
PRIVFAEEQTI4,2019-08-30,2026-01-30,78,1,Habitat,USD,EQT Infrastruct | EQT Infrastructure IV (GP) SCS | EQT Infrastructure VI (General Partner) S.à r,2.3352112352119816,1.6458184058822178,5.081988260570364,64106.241414506345,True,True,True,False,PR,1102413.211235212,formato_isin_checksum_invalido,no_consultado_identificador_no_estandar,formato_isin_checksum_invalido,0,,,,,,,,,,,,,,,False
US4642888105,2015-01-30,2019-09-30,40,2,Prima | Profuturo,USD,BlackRock USA,2.3719711996444457,0.7188048406916591,3.779712772727162,137204.925525253,True,True,True,True,US,1102411.9711996445,isin_estandar_valido,resuelto,,96,1.0,25.0,BBG000P9YC26,BBG000P9YC26,BBG001SQZT52,IHI,ISHARES U.S. MEDICAL DEVICES,US,Equity,ETP,Mutual Fund,IHI,,True,True
IE0003895277,2020-07-31,2026-01-30,67,2,Integra | Prima,USD,PineBridge inve | PineBridge investments Ireland Limited,2.3375611879390745,0.0011410491832734,4.575734553771592,118620.87350235236,True,True,True,True,IE,1102404.561187939,isin_estandar_valido,resuelto,,1,1.0,23.0,BBG000ND9X30,BBG000ND9X30,BBG001SHBCH2,PBISEAI,PBI-ASIA EX JP SM CAP-Y,ID,Equity,Open-End Fund,Mutual Fund,PBISEAI,,False,True
PRIVFAEBSGLP,2021-05-31,2026-01-30,57,1,Prima,USD,Blackstone GA | Blackstone Growth Associates L.P.,2.336971038378083,1.6836914174575643,5.818712570694228,79027.9357954672,True,True,False,False,PR,1102393.971038378,identificador_no_estandar,no_consultado_identificador_no_estandar,identificador_no_estandar,0,,,,,,,,,,,,,,,False
US33734X1274,2022-11-30,2025-01-31,25,2,Habitat | Profuturo,USD,First Trust Adv | First Trust Advisors L.P.,2.3524798984057047,1.0059217577407313,4.629993761772545,77476.23402814021,True,True,True,True,US,1102377.4798984057,isin_estandar_valido,resuelto,,44,1.0,25.0,BBG000R6GG30,BBG000R6GG30,BBG001ST6998,FXN,FIRST TRUST ENERGY ALPHADEX,US,Equity,ETP,Mutual Fund,FXN,,True,True
US2332033719,2015-01-30,2015-08-31,8,1,Habitat,USD,DIMENSIONAL,2.3548760950549386,2.1301612532408365,3.7278934987264782,2665.034418295252,True,True,True,True,US,1102362.876095055,isin_estandar_valido,resuelto,,1,1.0,25.0,BBG000K5FB13,BBG000K5FB13,BBG001SPPQ24,DFIEX,INTERNATIONAL CORE EQUITY 2,US,Equity,Open-End Fund,Mutual Fund,DFIEX,,False,True
US4642891802,2015-01-30,2026-01-30,48,3,Habitat | Integra | Prima,USD,BlackRock Fund Advisors | BlackRock Luxembourg S.A. | BlackRock USA,2.3146682253692523,0.45900963164451636,5.021961596928396,84035.24755830358,True,True,True,True,US,1102362.6682253692,isin_estandar_valido,resuelto,,92,1.0,25.0,BBG000Q6VJG4,BBG000Q6VJG4,BBG001T6MGZ4,EUFN,ISHARES MSCI EUROPE FINANCIA,US,Equity,ETP,Mutual Fund,EUFN,,True,True
US46434V2824,2017-05-31,2018-04-30,12,1,Prima,USD,BlackRock USA,2.343850837838092,1.9647529959940373,3.678882517821193,177922.74493803328,True,True,True,True,US,1102355.8508378381,isin_estandar_valido,resuelto,,45,1.0,25.0,BBG008LNYFC4,BBG008LNYFC4,BBG008LNYFB5,LRGF,ISHARES US EQUITY FACTOR ETF,US,Equity,ETP,Mutual Fund,LRGF,,True,True
US97717Y6914,2020-06-30,2024-03-29,28,1,Habitat,USD,WisdomTreeAsset,2.3164739006757595,0.4034834043088764,4.734103466892934,70257.90494204048,True,True,True,True,US,1102344.4739006758,isin_estandar_valido,resuelto,,85,1.0,25.0,BBG00Q5FMYM0,BBG00Q5FMYM0,BBG00Q5FMZC8,WCLD,WISDOMTREE CLOUD COMPUTING,US,Equity,ETP,Mutual Fund,WCLD,,True,True
US78463V1070,2015-02-27,2022-07-29,67,3,Integra | Prima | Profuturo,USD,STATE ST BANK | State Street GA,2.2663416794499303,7.731416796253324e-05,3.585612664491547,173695.6223037017,True,True,True,True,US,1102333.34167945,isin_estandar_valido,resuelto,,228,5.0,25.0,BBG000CRF6Q8,BBG000CRF6Q8,BBG001SCPX28,GLD,SPDR GOLD SHARES,US,Equity,ETP,Mutual Fund,GLD,,True,True
US4642867315,2015-01-30,2016-10-31,11,3,Habitat | Integra | Profuturo,USD,BlackRock USA,2.2854390813264622,0.6449743826517802,3.580275091607728,127880.03928311348,True,True,True,True,US,1102296.4390813264,isin_estandar_valido,sin_coincidencia,No identifier found.,0,,,,,,,,,,,,,,,False
LU0132199406,2015-01-30,2019-05-31,53,4,Habitat | Integra | Prima | Profuturo,EUR | USD,PIONEER,2.238216841358699,0.0753533519597753,3.837645407822193,170270.17133685967,True,True,True,True,LU,1102291.2168413587,isin_estandar_valido,sin_coincidencia,No identifier found.,0,,,,,,,,,,,,,,,False
US46434V5488,2015-01-30,2015-12-31,12,2,Habitat | Prima,USD,BlackRock USA,2.253553467764017,0.0467856748498429,3.799321020391798,185732.01523654815,True,True,True,True,US,1102265.553467764,isin_estandar_valido,sin_coincidencia,No identifier found.,0,,,,,,,,,,,,,,,False
LU1397645281,2018-01-31,2025-06-30,90,1,Profuturo,EUR,Candriam Luxemb | Candriam Luxembourg,2.1677951071956483,0.9345328961976453,3.767937347541412,101935.3236738461,True,True,True,True,LU,1102257.7951071956,isin_estandar_valido,resuelto,,1,1.0,23.0,BBG00DGXPVL2,BBG00DGXPVL2,BBG00DHT2K02,CAEMVCE,CANDR EQ L EMR MK-V2 CAP EUR,LX,Equity,Open-End Fund,Mutual Fund,CAEMVCE,,False,True
LU0742536872,2018-06-29,2022-07-29,50,1,Prima,USD,FILIMSA,2.2050338255117445,0.9255923548162195,4.152502681534204,111209.79706716082,True,True,True,True,LU,1102255.0338255118,isin_estandar_valido,resuelto,,1,1.0,23.0,BBG002N8QQS6,BBG002N8QQS6,BBG002N8QQT5,FIDEMIA,FIDELITY FDS-EMERG MK-Y I AC,LX,Equity,Open-End Fund,Mutual Fund,FIDEMIA,,False,True
US4642891315,2020-01-31,2026-01-30,49,2,Habitat | Integra,USD,BlackRock Fund Advisors | BlackRock Luxembourg S.A. | BlackRock USA,2.1786556397766925,0.2703450325485512,4.049619059043183,76733.1017786164,True,True,True,True,US,1102227.6556397767,isin_estandar_valido,resuelto,,80,1.0,25.0,BBG0016RKFL2,BBG0016RKFL2,BBG001S56JK5,EWZS,ISHARES MSCI BRAZIL SMALL-CA,US,Equity,ETP,Mutual Fund,EWZS,,True,True
LU0492943443,2018-01-31,2024-07-31,76,1,Habitat,USD,INVESTEC | Investec Asset Management Luxembourg S.A. | Investec Global Strategy Fund,2.1450378698572115,0.44245064333700423,4.098404510345816,26813.590477568272,True,True,True,True,LU,1102221.0378698572,isin_estandar_valido,resuelto,,1,1.0,23.0,BBG000QT13Y2,BBG000QT13Y2,BBG001T8L5W8,INLAEIA,NTYONGSF-LAT AM EQ-I ACC USD,LX,Equity,Open-End Fund,Mutual Fund,INLAEIA,,False,True
LU0211118053,2015-01-30,2019-06-28,29,1,Habitat,USD,AXA FUNDS,2.1872414044982293,0.4861628343711965,3.722145450351352,8045.23529702643,True,True,True,True,LU,1102216.2414044982,isin_estandar_valido,resuelto,,1,1.0,23.0,BBG000RGFRH0,BBG000RGFRH0,BBG001SSFFH7,AXAUSHB,AXA IM FIIS-US SH DUR HY-B,LX,Equity,Open-End Fund,Mutual Fund,AXAUSHB,,False,True
US4642885135,2016-03-31,2025-05-30,38,3,Habitat | Integra | Prima,USD,BlackRock Fund Advisors | BlackRock Luxembourg S.A. | BlackRock USA,2.154451347218176,1.5673907710467402e-05,4.411530581006244,155421.1783674141,True,True,True,True,US,1102192.4513472181,isin_estandar_valido,resuelto,,119,1.0,25.0,BBG000R2T3H9,BBG000R2T3H9,BBG001ST0ZQ7,HYG,ISHR IBX USD HIYLD CB ETF-UI,US,Equity,ETP,Mutual Fund,HYG,,True,True
LU0106235459,2016-09-30,2019-05-31,33,1,Prima,EUR | USD,SCHRODER,2.146814671512034,1.972634795402678,3.5501975351794792,171157.8718459229,True,True,True,True,LU,1102179.814671512,isin_estandar_valido,resuelto,,12,1.0,23.0,BBG000C6XFQ4,BBG000C6XFQ4,BBG001SDQXK5,SCHEUCA,SCHRODER INTL EURO EQT-C ACC,LX,Equity,Open-End Fund,Mutual Fund,SCHEUCA,,True,True
US4642877702,2016-09-30,2017-05-31,9,1,Integra,USD,BlackRock USA,2.1566817840186903,1.3299219867338374,3.540715641651288,172885.9672032306,True,True,True,True,US,1102165.6817840186,isin_estandar_valido,resuelto,,87,1.0,25.0,BBG000BXXGQ4,BBG000BXXGQ4,BBG001SFGXS3,IYG,ISHARES U.S. FINANCIAL SERVI,US,Equity,ETP,Mutual Fund,IYG,,True,True
US4642865335,2018-08-31,2021-07-30,35,2,Integra | Profuturo,USD,BlackRock USA,2.127536859290282,0.0176753517083603,3.487322186021596,177461.01609468518,True,True,True,True,US,1102162.5368592902,isin_estandar_valido,resuelto,,68,1.0,25.0,BBG0025X3F19,BBG0025X3F19,BBG0025X3FS0,EEMV,ISHARES MSCI EMG MKT MIN VOL,US,Equity,ETP,Mutual Fund,EEMV,,True,True
IE00BHWQNN83,2020-12-31,2023-01-31,26,1,Prima,EUR,Comgest AMI,2.1054774961060443,1.0399644583022531,4.203672596060086,99416.693183401,True,True,True,True,IE,1102131.477496106,isin_estandar_valido,resuelto,,1,1.0,23.0,BBG00614GBB2,BBG00614GBB2,BBG00614GBC1,COMGEUI,COMGEST GROWTH EURO OP-EURIA,ID,Equity,Open-End Fund,Mutual Fund,COMGEUI,,False,True
GB0033028001,2017-01-31,2019-12-31,36,2,Habitat | Integra,GBP,Invesco Fund,2.0900176295628348,1.2610872550493486,3.853467031000096,160254.4088996014,True,True,True,True,GB,1102126.0176295629,isin_estandar_valido,resuelto,,1,1.0,23.0,BBG000BQG3J5,BBG000BQG3J5,BBG001SBG282,INVEUEA,INVESCO EU EQUITY FD-UK ACC,LN,Equity,Open-End Fund,Mutual Fund,INVEUEA,,False,True
US97717W2816,2017-09-29,2020-06-30,34,1,Prima,USD,WisdomTreeAsset,2.091099138897367,1.8040425747706987,4.015453600331502,150986.95868880325,True,True,True,True,US,1102125.0991388974,isin_estandar_valido,resuelto,,61,1.0,25.0,BBG000Q3FFR5,BBG000Q3FFR5,BBG001SRPT24,DGS,WISDOMTREE EM SMALL CAP,US,Equity,ETP,Mutual Fund,DGS,,True,True
LU1353442731,2020-03-31,2026-01-30,71,3,Habitat | Integra | Prima,EUR,FIL Investment Management (Luxembourg) S.A. | FILIMSA,2.046502401356689,0.0373644848283152,3.981993979709479,116615.71835736316,True,True,True,True,LU,1102117.5024013566,isin_estandar_valido,resuelto,,1,1.0,23.0,BBG00C5ZBVR0,BBG00C5ZBVR0,BBG00C5ZBVS9,FFEDGIE,FIDELITY EUR DYN GR-IA EUR,LX,Equity,Open-End Fund,Mutual Fund,FFEDGIE,,False,True
US2332038197,2015-04-30,2017-11-30,32,1,Prima,USD,DIMENSIONAL,2.0845169064318805,1.36331422141209,3.557869725049979,159617.40061402033,True,True,True,True,US,1102116.5169064319,isin_estandar_valido,resuelto,,1,1.0,25.0,BBG000BFY826,BBG000BFY826,BBG001S6Y5K2,DFSVX,DFA US SM CAP VAL PORT-INST,US,Equity,Open-End Fund,Mutual Fund,DFSVX,,False,True
PRIVFAECDRXI,2022-03-31,2026-01-30,47,1,Prima,USD,"CD&R A XI, L.P. | CD&R Associates XI, L.P.",1.9919503692681224,1.3084719191243337,3.621727157692737,54960.52539674463,True,True,False,False,PR,1102038.9503692682,identificador_no_estandar,no_consultado_identificador_no_estandar,identificador_no_estandar,0,,,,,,,,,,,,,,,False
LU0823432371,2018-04-30,2026-01-30,94,1,Habitat,EUR,BNP PARIBAS INV | BNP PARIBAS INVESTMENT PARTNERS LUXEMBOURG,1.943443095258336,0.0058738814907749,3.922075779871793,24981.400896917385,True,True,True,True,LU,1102037.4430952584,isin_estandar_valido,sin_coincidencia,No identifier found.,0,,,,,,,,,,,,,,,False
LU0274209740,2015-12-31,2020-01-31,50,1,Integra,USD,DeAWM Investmen | Deutsche Asset,1.9840602472455924,1.2397637863540276,3.14243738924601,152280.62237031915,True,True,True,True,LU,1102034.0602472455,isin_estandar_valido,resuelto,,172,1.0,23.0,BBG000K82X59,BBG000K82WN1,BBG001SKYP63,XMJP,X MSCI JAPAN,IM,Equity,ETP,Mutual Fund,XMJP,,True,True
PRIVFAECOL8F,2020-02-28,2026-01-30,72,2,Habitat | Prima,USD,"Coller International General Partner VIII, L.P. | Coller International Partners VII Feeder Fund, LP",1.9587365542273127,0.36731222506445255,5.104664777883271,67028.54656669979,True,True,False,False,PR,1102030.7365542273,identificador_no_estandar,no_consultado_identificador_no_estandar,identificador_no_estandar,0,,,,,,,,,,,,,,,False
LU0886779783,2016-11-30,2018-03-30,17,1,Prima,GBP | USD,Aberdeen GS,1.997021866682532,1.863047813716497,3.221097648350442,155851.2951553219,True,True,True,True,LU,1102014.0218666825,isin_estandar_valido,resuelto,,3,1.0,23.0,BBG004HPN3R6,BBG004HPN3R6,BBG004HPN412,ABEMG2A,ABR SV I-EM MKT EQTY-GAUSD,LX,Equity,Open-End Fund,Mutual Fund,ABEMG2A,,True,True
IE00B02JYG83,2018-07-31,2020-01-31,19,1,Habitat,USD,Vanguard Grp Ir,1.9845214996445957,0.0374889888335645,3.358135012761857,22440.46307040406,True,True,True,True,IE,1102003.5214996445,isin_estandar_valido,resuelto,,1,1.0,23.0,BBG00639JZ23,BBG00639JZ23,BBG00639JZ32,VANESUI,VANGUARD EUROZONE STK-USDACC,ID,Equity,Open-End Fund,Mutual Fund,VANESUI,,False,True
US4642875565,2015-01-30,2017-09-29,33,1,Profuturo,USD,BlackRock USA,1.951761780326847,0.0238412544534437,3.0575499228797822,109209.37476688925,True,True,True,True,US,1101984.761780327,isin_estandar_valido,resuelto,,119,1.0,25.0,BBG000FS8GY0,BBG000FS8GY0,BBG001SGYSW7,IBB,ISHARES BIOTECHNOLOGY ETF,US,Equity,ETP,Mutual Fund,IBB,,True,True
US2332038270,2015-01-30,2020-08-31,68,1,Integra,JPY | USD,DIMENSIONAL,1.89090146839256,1.4205774191599172,3.679232557152833,132742.99732440937,True,True,True,True,US,1101958.9014683925,isin_estandar_valido,resuelto,,1,1.0,25.0,BBG000BBRST0,BBG000BBRST0,BBG001S64NG1,DFLVX,DFA US LRG CAP VAL PORT-INST,US,Equity,Open-End Fund,Mutual Fund,DFLVX,,False,True
LU0440072402,2016-05-31,2026-01-30,117,2,Habitat | Integra,USD,Robeco Luxembou | Robeco Luxembourg S.A.,1.8056984068305209,0.4958734268944513,3.300059972010945,107707.25691157866,True,True,True,True,LU,1101922.6984068304,isin_estandar_valido,resuelto,,1,1.0,23.0,BBG000TNYXN2,BBG000TNYXN2,BBG001T6QJC9,ROCEQIU,ROBECO CHINESE EQUIT-USD I,LX,Equity,Open-End Fund,Mutual Fund,ROCEQIU,,False,True
LU2501015387,2024-03-29,2025-06-30,16,1,Profuturo,EUR,BlackRock Lu | BlackRock Luxembourg S.A.,1.9059556784768557,0.5770650657106184,3.534603092417052,61966.1091600715,True,True,True,True,LU,1101921.955678477,isin_estandar_valido,resuelto,,1,1.0,23.0,BBG018YQZNG0,BBG018YQZNG0,BBG018YR42J5,BGFI2ER,BLACKRC GLB JP FLX-I2 EUR,LX,Equity,Open-End Fund,Mutual Fund,BGFI2ER,,False,True
LU0206294794,2017-07-31,2026-01-30,103,1,Habitat,USD,ALLIANCE | ALLIANCE BERNSTEIN L.P | Alliance Bernstein L.P,1.8142790832657456,0.4354714674272178,3.516266581529558,42746.42378607531,True,True,True,True,LU,1101917.2790832657,isin_estandar_valido,resuelto,,1,1.0,23.0,BBG000CH7XB6,BBG000CH7XB6,BBG001SN8SW1,ALLDMCS,AB FCP I-EMER MRKT GRW-S1USD,LX,Equity,Open-End Fund,Mutual Fund,ALLDMCS,,False,True
LU0145647722,2015-01-30,2016-08-31,20,2,Prima | Profuturo,EUR,DWS,1.878433799283279,1.599830618640713,2.885045203502757,141806.84805489003,True,True,True,True,LU,1101898.4337992833,isin_estandar_valido,resuelto,,13,1.0,23.0,BBG000NR6BD9,BBG000NR6BD9,BBG001SKW7Q3,DWSTEFC,DWS INVEST ESG TOP ERLND-FC,LX,Equity,Open-End Fund,Mutual Fund,DWSTEFC,,True,True
US4642878791,2017-01-31,2018-06-29,18,1,Prima,USD,BlackRock USA,1.8797949272489485,1.2145789042482895,3.0003766828389287,141295.27193751643,True,True,True,True,US,1101897.794927249,isin_estandar_valido,resuelto,,65,1.0,25.0,BBG000C160L3,BBG000C160L3,BBG001SFQL26,IJS,ISHARES S&P SMALL-CAP 600 VA,US,Equity,ETP,Mutual Fund,IJS,,True,True
US33737J1824,2018-02-28,2019-07-31,18,1,Prima,USD,First Trust Adv,1.862780115754164,1.706078754310262,3.569492068443995,132170.2313644316,True,True,True,True,US,1101880.780115754,isin_estandar_valido,resuelto,,86,1.0,25.0,BBG001MKMZJ6,BBG001MKMZJ6,BBG001V11W80,FEM,FIRST TRUST EMERGING MARKETS,US,Equity,ETP,Mutual Fund,FEM,,True,True
US912828P469,2016-04-29,2016-04-29,1,1,Prima,USD,TREASURY,1.8763589112893844,1.8763589112893844,3.006791054391468,138351.06107150097,True,True,True,True,US,1101877.3589112894,isin_estandar_valido,resuelto,,1,1.0,6.0,BBG00C59XZ86,,,T 1.625 02/15/26,US TREASURY N/B,FRANKFURT,Govt,US GOVERNMENT,Note,T 1 5/8 02/15/26,,False,True
BRSTNCNTF212,2023-06-30,2023-10-31,5,2,Habitat | Profuturo,BRL,GOB BRA | REPUBLICA FEDERAL DE BRASIL,1.8690080819921568,0.4498469984047103,4.269977112879031,70882.69853238494,True,True,True,True,BR,1101874.0080819922,isin_estandar_valido,resuelto,,1,1.0,6.0,BBG014BF94J6,,,BNTNF 10 01/01/33 NTNF,NOTA DO TESOURO NACIONAL,SAO PAULO,Govt,DOMESTIC,Govt,BNTNF 10 01/01/33,,False,True
LU024805611X,2025-05-30,2026-01-30,9,1,Habitat,USD,JP MORGAN FLEMING FUNDS SICAV,1.8566994157143828,1.4106223861471163,3.324825700170734,76476.15248733832,True,True,False,False,LU,1101865.6994157145,identificador_no_estandar,no_consultado_identificador_no_estandar,identificador_no_estandar,0,,,,,,,,,,,,,,,False
LU0411709560,2015-07-31,2020-09-30,63,2,Habitat | Prima,USD,BLACKROCK | BlackRock SICAV,1.7967159717597654,1.0774677510919095,3.275752717068583,118696.3976467806,True,True,True,True,LU,1101859.7159717598,isin_estandar_valido,resuelto,,1,1.0,23.0,BBG000PT55Q3,BBG000PT55Q3,BBG001T3VZG0,MERDUD2,BGF-ASIAN DRAGON-D2 USD,LX,Equity,Open-End Fund,Mutual Fund,MERDUD2,,False,True
US912828R366,2016-05-31,2016-05-31,1,1,Prima,USD,TREASURY,1.8470319771053487,1.8470319771053487,2.855131137919505,139766.21710158343,True,True,True,True,US,1101848.0319771054,isin_estandar_valido,resuelto,,1,1.0,6.0,BBG00CV1QFL1,,,T 1.625 05/15/26,US TREASURY N/B,FRANKFURT,Govt,US GOVERNMENT,Note,T 1 5/8 05/15/26,,False,True
COL17CT03813,2023-06-30,2024-07-31,14,2,Habitat | Integra,COP,GOB COL | REPUBLICA DE COLOMBIA | República de Colombia,1.8293088243726745,0.9198274902704272,3.6645352601994734,59834.44381395661,True,True,True,True,CO,1101843.3088243727,isin_estandar_valido,resuelto,,1,1.0,6.0,BBG014JC5VB7,,,COLTES 9.25 05/28/42 B,TITULOS DE TESORERIA,COLOMBIA,Govt,DOMESTIC,Govt,COLTES 9 1/4 05/28/42,,False,True
LU0129463179,2016-02-29,2017-02-28,13,1,Prima,USD,JP MORGAN ASSET,1.8081083706734489,1.5972756753424122,3.245731231536036,132939.56086484555,True,True,True,True,LU,1101821.1083706734,isin_estandar_valido,resuelto,,1,1.0,23.0,BBG000H2Q2B1,BBG000H2Q2B1,BBG001SHJK68,JPMUSVC,JPMORGAN F-JPM US VALUE-C,LX,Equity,Open-End Fund,Mutual Fund,JPMUSVC,,False,True
GB00B4ZM1M76,2024-10-31,2025-05-30,8,2,Integra | Prima,GBP,Liontrust Fund Partners LLP | Liontrust Fund Partners LLP *,1.7981351925187132,0.6792027076357123,3.22388912569578,47453.05199884787,True,True,True,True,GB,1101806.1351925188,isin_estandar_valido,resuelto,,1,1.0,23.0,BBG00194MKP3,BBG00194MKP3,BBG001TG1J34,LIOEGWI,LIONTRUST EUROPEAN DYNAM-II,LN,Equity,Open-End Fund,Mutual Fund,LIOEGWI,,False,True
IE00B8JGVH80,2024-07-31,2026-01-30,16,3,Integra | Prima | Profuturo,JPY,Lazard FM Irela | Lazard Fund Managers Ireland Ltd. | Lazard Japan Asset Management K.K.,1.7878815579744716,0.7546157539426898,3.353597755637212,58602.93570050789,True,True,True,True,IE,1101803.8815579745,isin_estandar_valido,resuelto,,1,1.0,23.0,BBG004FL8XG0,BBG004FL8XG0,BBG004FL8XH9,LJSEYIA,LAZARD GL-LAZ JP ST E-YEN IA,ID,Equity,Open-End Fund,Mutual Fund,LJSEYIA,,False,True
LU0729060128,2018-01-31,2025-06-30,90,1,Profuturo,USD,Amundi Asset | Amundi Asset Management,1.7120265693271235,1.1601140749470416,3.04953247414261,86236.9302932515,True,True,True,True,LU,1101802.026569327,isin_estandar_valido,resuelto,,1,1.0,23.0,BBG002DVG512,BBG002DVG512,BBG002DVG549,AEIDI4C,AMUNDI-EMER MKT EQ F-QI4USD,LX,Equity,Open-End Fund,Mutual Fund,AEIDI4C,,False,True
US78464A8889,2015-08-31,2023-06-30,22,2,Prima | Profuturo,USD,STATE ST BANK | State Street GA,1.7706167913457502,0.1070314609188371,2.820859396053038,100423.69974944886,True,True,True,True,US,1101792.6167913456,isin_estandar_valido,resuelto,,92,1.0,25.0,BBG000MQSW88,BBG000MQSW88,BBG001SQDKH2,XHB,SS SPDR S&P HOMEBLDRS ETF,US,Equity,ETP,Mutual Fund,XHB,,True,True
GB00B5TGB445,2020-01-31,2020-12-31,12,2,Habitat | Prima,GBP,Jupiter Unit,1.7789673432332822,1.4242127792636206,3.700964829207648,93386.22859624863,True,True,True,True,GB,1101790.9673432333,isin_estandar_valido,resuelto,,1,1.0,23.0,BBG003CVZPF1,BBG003CVZPF1,BBG003CVZPG0,JUPJIIA,JUPITER JAPAN INCOME-I ACC,LN,Equity,Open-End Fund,Mutual Fund,JUPJIIA,,False,True
BRSTNCNTF170,2019-10-31,2022-05-31,11,2,Habitat | Prima,BRL,GOB BRA,1.775080380878875,0.9302426876233462,3.9165173443678856,70969.3192244403,True,True,True,True,BR,1101786.0803808789,isin_estandar_valido,resuelto,,1,1.0,6.0,BBG005T8QGS5,,,BNTNF 10 01/01/25 NTNF,NOTA DO TESOURO NACIONAL,SAO PAULO,Govt,DOMESTIC,Govt,BNTNF 10 01/01/25,,False,True
US46435G3341,2022-01-31,2023-12-29,21,3,Habitat | Integra | Profuturo,USD,BlackRock USA,1.7395945677466305,0.2585312774581295,3.867040147580664,53204.49568837134,True,True,True,True,US,1101760.5945677466,isin_estandar_valido,resuelto,,34,1.0,25.0,BBG000BK6997,BBG000BK6997,BBG001S8SYX8,EWU,ISHARES MSCI UNITED KINGDOM,US,Equity,ETP,Mutual Fund,EWU,,True,True
LU0939496179,2022-03-31,2026-01-30,47,3,Habitat | Prima | Profuturo,USD,LARRAINVIAL ASSET MANAGEMENT SICAV | LarrainVial AM,1.7052979493583909,0.7005703514724889,3.108766713721512,51371.28342941108,True,True,True,True,LU,1101752.2979493584,isin_estandar_valido,resuelto,,1,1.0,23.0,BBG004WG48K6,BBG004WG48K6,BBG004WG48J8,LSMMEQI,LARRAINVIAL-LATAM EQUITY-I,LX,Equity,Open-End Fund,Mutual Fund,LSMMEQI,,False,True
LU010200075Y,2017-05-31,2017-09-29,5,2,Habitat | Profuturo,JPY,BNP PARIBAS INV,1.744234289972371,1.5784812973880804,2.5920718715104143,106233.66056922954,True,True,False,False,LU,1101749.2342899723,identificador_no_estandar,no_consultado_identificador_no_estandar,identificador_no_estandar,0,,,,,,,,,,,,,,,False
GB00BKPQVT86,2023-01-31,2026-01-30,37,4,Habitat | Integra | Prima | Profuturo,GBP,LionTrust Europ | LionTrust European Dynamic | LionTrust Fund Partners LLP | Liontrust Fund Partners LLP | Liontrust Fund Partners LLP *,1.7090764455974377,0.4554631678256777,3.100028100197969,55402.43167274806,True,True,True,True,GB,1101746.0764455975,isin_estandar_valido,resuelto,,1,1.0,23.0,BBG0194CNNW7,BBG0194CNNW7,BBG01958X9Y3,LNTEDYS,LIONTRUST EUROP DYNM FD-S,LN,Equity,Open-End Fund,Mutual Fund,LNTEDYS,,False,True
PRIVFAEAIP4B,2020-09-30,2026-01-30,65,1,Habitat,EUR,"Antin Inf IV | Antin Infrastructure Partners IV Luxembourg G | Antin Infrastructure Partners IV Luxembourg GP, S.A R.L.",1.656455320253444,1.4739674213045388,3.647155808149121,61186.983803906114,True,True,False,False,PR,1101721.4553202535,identificador_no_estandar,no_consultado_identificador_no_estandar,identificador_no_estandar,0,,,,,,,,,,,,,,,False
IE00BYYTL417,2016-12-30,2019-12-31,37,1,Habitat,JPY | USD,Tokio Marine,1.6735359302793753,0.5285522755750824,2.7016408263958978,7966.265455428687,True,True,True,True,IE,1101710.5359302794,isin_estandar_valido,resuelto,,1,1.0,23.0,BBG009H4FDT7,BBG009H4FDT7,BBG009H4FDX2,TOKMJPI,TOKIO MARINE-JPN EQ FOCUS-I,ID,Equity,Open-End Fund,Mutual Fund,TOKMJPI,,False,True
LU0106820292,2017-11-30,2026-01-30,62,3,Habitat | Prima | Profuturo,EUR | USD,SCHRODER | SCHRODER INVESTMENT MANAGEMENT | Schroder Investment Management,1.642828412885836,0.8216809703623915,3.7041002009493873,79932.36149421691,True,True,True,True,LU,1101704.8284128858,isin_estandar_valido,resuelto,,1,1.0,23.0,BBG000BPTJ71,BBG000BPTJ71,BBG001SDV8V2,SCHEMCA,SCHRODER INTL EMG EUROPE-CAC,LX,Equity,Open-End Fund,Mutual Fund,SCHEMCA,,False,True
LU0571488617,2024-01-31,2025-06-30,18,1,Profuturo,USD,Robeco Luxembou | Robeco Luxembourg S.A.,1.6855017819693636,0.3398247650913019,3.2713502379411383,55668.87313072378,True,True,True,True,LU,1101703.5017819693,isin_estandar_valido,resuelto,,3,1.0,23.0,BBG007QTJ7M2,BBG007QTJ7M2,BBG007QTJ7P9,ROBIEDU,ROBECO INDIAN EQUITIES-DUSD,LX,Equity,Open-End Fund,Mutual Fund,ROBIEDU,,True,True
US46434G7723,2016-11-30,2025-12-31,51,3,Habitat | Integra | Profuturo,USD,BlackRock Fund Advisors | BlackRock USA,1.648091849852498,0.303084559290133,3.289366798083148,54463.27055156745,True,True,True,True,US,1101699.0918498526,isin_estandar_valido,resuelto,,123,1.0,25.0,BBG000CJLQ12,BBG000CJLQ12,BBG001SFGL81,EWT,ISHARES MSCI TAIWAN ETF,US,Equity,ETP,Mutual Fund,EWT,,True,True
GB0030810245,2015-01-30,2019-01-31,49,1,Profuturo,EUR | USD,THREADNEEDLE IN,1.647054989852253,0.7894616298912343,2.610925475922325,97647.2468358606,True,True,True,True,GB,1101696.0549898522,isin_estandar_valido,sin_coincidencia,No identifier found.,0,,,,,,,,,,,,,,,False
IE00B138F130,2018-08-31,2020-03-31,20,1,Habitat,EUR,Russell Investm,1.6735880631932851,1.156326065218731,3.209477258840732,19157.07806477784,True,True,True,True,IE,1101693.5880631933,isin_estandar_valido,sin_coincidencia,No identifier found.,0,,,,,,,,,,,,,,,False
PRIVFAEPECPV,2021-02-26,2026-01-30,60,1,Habitat,USD,"Platinum EPV | Platinum Equity Partners V, L.P.",1.6183086966853135,1.0389476211933986,3.6192465834106944,39237.07957029204,True,True,False,False,PR,1101678.3086966854,identificador_no_estandar,no_consultado_identificador_no_estandar,identificador_no_estandar,0,,,,,,,,,,,,,,,False
LU0132212944,2016-02-29,2017-08-31,19,1,Prima,USD,PIONEER,1.6436541627286552,1.5419034574949149,2.8943846201768286,124362.2936367501,True,True,True,True,LU,1101662.6541627287,isin_estandar_valido,sin_coincidencia,No identifier found.,0,,,,,,,,,,,,,,,False
BRSTNCNTF238,2024-02-29,2025-10-31,8,2,Habitat | Integra,BRL,GOB BRA | REPUBLICA FEDERAL DE BRASIL | República Federal de Brasil,1.6503666111335045,0.7866663590228444,2.69373031078612,54414.415386615445,True,True,True,True,BR,1101658.3666111336,isin_estandar_valido,resuelto,,1,1.0,6.0,BBG01KWNRY68,,,BNTNF 10 01/01/35 NTNF,NOTA DO TESOURO NACIONAL,SAO PAULO,Govt,DOMESTIC,Govt,BNTNF 10 01/01/35,,False,True
LU1805531933,2020-12-31,2024-08-30,45,1,Habitat,USD,Credit Suisse F | Credit Suisse Fund Management S.A.,1.612531288118276,0.0068957116242289,3.064939712524207,28054.700153030084,True,True,True,True,LU,1101657.5312881183,isin_estandar_valido,resuelto,,1,1.0,23.0,BBG00Y8XH9Y9,BBG00Y8XH9Y9,BBG00Y9DGV47,CSDHEMB,UBS LUX DIG HEALTH EQ-MB USD,LX,Equity,Open-End Fund,Mutual Fund,CSDHEMB,,False,True
US912810RN00,2015-08-31,2015-12-31,5,2,Integra | Prima,USD,TREASURY,1.6304317064820328,0.0459734510351764,2.598831831416724,128296.92566885428,True,True,True,True,US,1101635.431706482,isin_estandar_valido,resuelto,,1,1.0,6.0,BBG009R4CNK6,,,T 2.875 08/15/45,US TREASURY N/B,FRANKFURT,Govt,US GOVERNMENT,Bond,T 2 7/8 08/15/45,,False,True
IE00BD9G0980,2018-01-31,2018-08-31,8,1,Habitat,EUR,Invesco Global,1.6263683692312303,1.3962620205143268,2.66115111801328,15218.25566004041,True,True,True,True,IE,1101634.3683692312,isin_estandar_valido,sin_coincidencia,No identifier found.,0,,,,,,,,,,,,,,,False
IE00B3RW8498,2015-10-30,2020-07-31,52,1,Habitat,USD,Nomura Asset Ma,1.576547128803242,0.25062735065123243,2.545068803632463,6869.636694530124,True,True,True,True,IE,1101628.5471288033,isin_estandar_valido,resuelto,,1,1.0,23.0,BBG000LPT552,BBG000LPT552,BBG001T4D9C0,NUSHYIU,NOMURA-US HIGH YLD BD-I USD,ID,Equity,Open-End Fund,Mutual Fund,NUSHYIU,,False,True
US92189H3003,2018-11-30,2026-01-30,37,4,Habitat | Integra | Prima | Profuturo,USD,VAN ECK | VAN ECK ASSOCIATES CORPORATION,1.5869237460748695,0.3655148612044273,2.8606042713609137,100763.94313582736,True,True,True,True,US,1101623.9237460748,isin_estandar_valido,resuelto,,110,1.0,25.0,BBG000BF8YP3,BBG000BF8YP3,BBG001T9BPT7,EMLC,VANECK JPM EM LOCAL CURR BND,US,Equity,ETP,Mutual Fund,EMLC,,True,True
US46434G8309,2017-01-31,2023-08-31,30,2,Habitat | Profuturo,USD,BlackRock USA,1.587439635342019,0.1007328680213155,2.359062455168208,96683.98584099436,True,True,True,True,US,1101617.439635342,isin_estandar_valido,resuelto,,67,1.0,25.0,BBG000BK2V65,BBG000BK2V65,BBG001S8SYM0,EWI,ISHARES MSCI ITALY ETF,US,Equity,ETP,Mutual Fund,EWI,,True,True
FR0013185550,2018-08-31,2021-09-30,38,1,Habitat,USD,Lazard Freres,1.5578633129038928,1.0268001605330492,3.063847261998185,19327.229367017084,True,True,True,True,FR,1101595.8633129038,isin_estandar_valido,resuelto,,1,1.0,23.0,BBG00DY6NW77,BBG00DY6NW77,BBG00DZBNW39,OBJCGAU,LAZARD CONVERTIBLE GLOBAL-IU,FP,Equity,Open-End Fund,Mutual Fund,OBJCGAU,,False,True
US33741X1028,2026-01-30,2026-01-30,1,1,Habitat,USD,First Trust Advisors L.P.,1.5839164837490234,1.5839164837490234,2.94552125127933,78977.78292329158,True,True,True,True,US,1101584.916483749,isin_estandar_valido,resuelto,,23,1.0,25.0,BBG00J3TCRL5,BBG00J3TCRL5,BBG00J3TCS97,SDVY,FIRST TRUST SMID CAP RISING,US,Equity,ETP,Mutual Fund,SDVY,,True,True
US53656G4982,2024-09-30,2025-01-31,5,1,Prima,USD,Roundhill Financial Inc.,1.577959528315985,0.5712876886085292,2.928856646765382,45421.82780680331,True,True,True,True,US,1101582.959528316,isin_estandar_valido,resuelto,,58,1.0,25.0,BBG01G5ZXR40,BBG01G5ZXR40,BBG01G5ZXS48,MAGS,ROUNDHILL MAGNIFICENT SEVEN,US,Equity,ETP,Mutual Fund,MAGS,,True,True
DE0009789842,2015-01-30,2016-01-29,13,2,Integra | Prima,EUR,ALLIANZ,1.5506925164039569,0.9672178382826694,2.5042479809207463,133954.76173792567,True,True,True,True,DE,1101563.692516404,isin_estandar_valido,resuelto,,16,1.0,23.0,BBG000BLBTK2,BBG000BLBTK2,BBG001SD6VY6,ALZEUWP,ALL WACHSTUM EUROLAND-A,GR,Equity,Open-End Fund,Mutual Fund,ALZEUWP,,True,True
LU0345777493,2015-01-30,2019-11-29,59,1,Integra,USD,INVESTEC,1.5038720694593457,0.8944103878507229,2.872515657210179,122387.3511504289,True,True,True,True,LU,1101562.8720694594,isin_estandar_valido,sin_coincidencia,No identifier found.,0,,,,,,,,,,,,,,,False
BRSTNCNTF1Q6,2019-06-28,2024-04-30,55,2,Integra | Profuturo,BRL,GOB BRA | REPUBLICA FEDERAL DE BRASIL | República Federal de Brasil,1.505050881410115,0.0023497076135875,2.520968516859989,84357.96154124221,True,True,True,True,BR,1101560.05088141,isin_estandar_valido,resuelto,,1,1.0,6.0,BBG00JNKWY26,,,BNTNF 10 01/01/29 NTNF,NOTA DO TESOURO NACIONAL,SAO PAULO,Govt,DOMESTIC,Govt,BNTNF 10 01/01/29,,False,True
US912810RU43,2016-12-30,2016-12-30,1,1,Profuturo,USD,TREASURY,1.5566634331378482,1.5566634331378482,2.562847120882041,89159.29659911634,True,True,True,True,US,1101557.6634331378,isin_estandar_valido,resuelto,,1,1.0,6.0,BBG00F5RQCH8,,,T 2.875 11/15/46,US TREASURY N/B,FRANKFURT,Govt,US GOVERNMENT,Bond,T 2 7/8 11/15/46,,False,True
US78463X5095,2018-12-31,2021-05-31,29,3,Habitat | Integra | Prima,USD,SSGA Funds Mana | State Street,1.5286602140577343,0.49736899157651737,3.005659762178254,63701.08564978412,True,True,True,True,US,1101557.6602140577,isin_estandar_valido,resuelto,,47,1.0,25.0,BBG000Q8RM32,BBG000Q8RM32,BBG001SRXRD7,SPEM,STATE STREET SP PTF EM ETF,US,Equity,ETP,Mutual Fund,SPEM,,True,True
IE0030395952,2018-09-28,2023-01-31,53,1,Prima,JPY,PineBridge inve,1.503538547962134,0.7564517153020993,2.8669870954373304,75576.63466757226,True,True,True,True,IE,1101556.5385479622,isin_estandar_valido,resuelto,,1,1.0,23.0,BBG000BW6054,BBG000BW6054,BBG001SHN566,PBIJSYI,PBI-JPN SM CAP EQUITY FUN-Y3,ID,Equity,Open-End Fund,Mutual Fund,PBIJSYI,,False,True
US4642861458,2017-07-31,2022-08-31,27,2,Habitat | Profuturo,USD,BlackRock USA,1.509984733594382,0.1784185144159297,2.7761115750956877,61313.51173130743,True,True,True,True,US,1101536.9847335943,isin_estandar_valido,resuelto,,4,1.0,23.0,BBG00JWTMP27,BBG00JWTMP18,BBG003CG2XQ1,FMUSD,ISHARES MSCI FRONTIER 100,XB,Equity,ETP,Mutual Fund,FMUSD,,True,True
GB0001448785,2015-05-29,2016-06-30,14,1,Prima,GBP,THREADNEEDLE IN,1.5162553355087025,1.2132424736620544,2.345083629979292,114797.94111163028,True,True,True,True,GB,1101530.2553355086,isin_estandar_valido,resuelto,,1,1.0,23.0,BBG000BRD280,BBG000BRD280,BBG001S9RYZ5,TDNUKEA,CT UK EQY INC-II-GBP,LN,Equity,Open-End Fund,Mutual Fund,TDNUKEA,,False,True
LU0127786860,2015-01-30,2018-04-30,30,2,Integra | Profuturo,EUR | USD,NNIPL,1.4971612780301158,1.2311464982827545,2.3975040966368875,95706.32230275666,True,True,True,True,LU,1101527.1612780301,isin_estandar_valido,resuelto,,3,1.0,23.0,BBG000M79R46,BBG000M79R46,BBG001SK9LW1,INGEHYX,GS EUROZONE EQ INC-X CAP EUR,LX,Equity,Open-End Fund,Mutual Fund,INGEHYX,,True,True
LU0564079282,2024-08-30,2025-03-31,8,1,Prima,USD,Invesco Management S.A.,1.5101452945723688,1.1471473570181778,3.217974384439045,44339.72346560334,True,True,True,True,LU,1101518.1452945725,isin_estandar_valido,resuelto,,1,1.0,23.0,BBG001DGYLJ3,BBG001DGYLJ3,BBG001V06C81,IUSSENG,INVESCO US SENIOR LOAN-G,LX,Equity,Open-End Fund,Mutual Fund,IUSSENG,,False,True
LU0273179522,2015-03-31,2021-12-31,60,1,Habitat,USD,DWS,1.4579714198207876,0.4879622458185898,2.3993259093933887,10425.53582033726,True,True,True,True,LU,1101517.9714198208,isin_estandar_valido,resuelto,,1,1.0,23.0,BBG000RL1XB7,BBG000RL1XB7,BBG001STJVP7,DWSCNE2,DWS INVEST-CONVERTIB-USD FCH,LX,Equity,Open-End Fund,Mutual Fund,DWSCNE2,,False,True
LU0040507039,2015-01-30,2018-05-31,41,1,Integra,USD,VONTOBEL,1.464488896199422,0.8265314860893069,2.3650358292132765,126633.20605006344,True,True,True,True,LU,1101505.4888961995,isin_estandar_valido,resuelto,,21,1.0,23.0,BBG000J59356,BBG000J59356,BBG001S9SVP1,VONEMBI,VONTOBEL-EMERG MARKET EQ-B,LX,Equity,Open-End Fund,Mutual Fund,VONEMBI,,True,True
US5771308344,2016-10-31,2020-01-31,40,1,Habitat,USD,Matthews Intern,1.464954098028645,0.09779546922886409,2.374410845118302,7962.972022160027,True,True,True,True,US,1101504.9540980286,isin_estandar_valido,resuelto,,1,1.0,25.0,BBG0017VPML2,BBG0017VPML2,BBG001TCSHF5,MIPTX,MATTHEWS PACIFIC TIGER-INST,US,Equity,Open-End Fund,Mutual Fund,MIPTX,,False,True
US912828G385,2015-01-30,2015-03-31,3,1,Profuturo,USD,TREASURY,1.4943239936061856,1.4485178635605938,2.3680982687255074,80879.926650886,True,True,True,True,US,1101497.3239936063,isin_estandar_valido,resuelto,,1,1.0,6.0,BBG007GY2HH4,,,T 2.25 11/15/24,US TREASURY N/B,BERLIN,Govt,US GOVERNMENT,Note,T 2 1/4 11/15/24,,False,True
LU0346389850,2015-10-30,2020-02-28,53,1,Integra,EUR | USD,FILIMSA,1.442960472926414,1.1311418537786349,2.6765204921935832,108272.40913507673,True,True,True,True,LU,1101495.9604729265,isin_estandar_valido,resuelto,,1,1.0,23.0,BBG000F2W5D7,BBG000F2W5D7,BBG001SRPRH2,FFIBERY,FIDELITY FNDS-IBERIA-Y ACCE,LX,Equity,Open-End Fund,Mutual Fund,FFIBERY,,False,True
MX0MGO0000P2,2016-05-31,2019-04-30,22,1,Integra,MXN,GOB MEX,1.466265476194886,0.05887143067272595,2.293517995970961,124133.6457199982,True,True,True,True,MX,1101488.265476195,isin_estandar_valido,resuelto,,1,1.0,6.0,BBG0021RCFH9,,,MBONO 7.75 05/29/31 M,MEX BONOS DESARR FIX RT,MEXICO,Govt,DOMESTIC,Govt,MBONO 7 3/4 05/29/31,,False,True
US33733E2037,2020-04-30,2020-07-31,4,1,Habitat,USD,First Trust Adv,1.4756212239462168,1.3366121813560632,3.14203969631095,17499.778826636248,True,True,True,True,US,1101479.621223946,isin_estandar_valido,resuelto,,84,1.0,25.0,BBG000LGNRH7,BBG000LGNRH7,BBG001SQ1891,FBT,FIRST TRUST NYSE ARCA BIOTEC,US,Equity,ETP,Mutual Fund,FBT,,True,True
US4642878049,2017-04-28,2025-02-28,56,4,Habitat | Integra | Prima | Profuturo,USD,BlackRock Fund Advisors | BlackRock USA,1.4146409975034089,0.24656756133875374,2.847945090791518,73866.81601781477,True,True,True,True,US,1101470.6409975034,isin_estandar_valido,resuelto,,92,1.0,25.0,BBG000BWCNN7,BBG000BWCNN7,BBG001SFC7W9,IJR,ISHARES CORE S&P SMALL-CAP E,US,Equity,ETP,Mutual Fund,IJR,,True,True
US9229087443,2015-01-30,2024-11-29,79,1,Integra,USD,THE VANGUARD GROUP INC. | VANGUARD GROUP,1.369821103272628,0.6325522414408712,2.3823121544746355,109808.89628204529,True,True,True,True,US,1101448.8211032727,isin_estandar_valido,resuelto,,85,1.0,25.0,BBG000HWV1X7,BBG000HWV1X7,BBG001SHVR78,VTV,VANGUARD VALUE ETF,US,Equity,ETP,Mutual Fund,VTV,,True,True
US78464A8624,2024-07-31,2025-10-31,3,1,Profuturo,USD,State Street Global Advisors Inc,1.4436380690342012,0.9846618742798215,3.659864597469261,50400.63740975456,True,True,True,True,US,1101446.638069034,isin_estandar_valido,resuelto,,84,1.0,25.0,BBG000MQVF45,BBG000MQVF45,BBG001SQDKJ0,XSD,SS SPDR S&P SEMICONDUCTOR,US,Equity,ETP,Mutual Fund,XSD,,True,True
LU0260086037,2018-10-31,2026-01-30,88,1,Habitat,EUR,Jupiter Unit | Jupiter Unit Trust Managers Limited,1.358054948635386,0.07675208818738716,2.7059835396615237,16833.864516814087,True,True,True,True,LU,1101446.0549486354,isin_estandar_valido,resuelto,,1,1.0,23.0,BBG000PZV465,BBG000PZV465,BBG001SRKSC0,JGEUGRI,JUPITER EUROPE SELECT-I EUR,LX,Equity,Open-End Fund,Mutual Fund,JGEUGRI,,False,True
LU0107852435,2016-06-30,2022-04-29,68,2,Habitat | Integra,USD,GAM Luxembourg,1.376544955450773,0.10599250065303295,2.400012845493778,46095.50079151738,True,True,True,True,LU,1101444.5449554508,isin_estandar_valido,resuelto,,1,1.0,23.0,BBG000C38YT5,BBG000C38YT5,BBG001SFWND3,JBLEMBC,GSL-GRAMERCY EMG MKT BO-CUSD,LX,Equity,Open-End Fund,Mutual Fund,JBLEMBC,,False,True
US46137V7203,2021-03-31,2021-05-31,3,1,Habitat,USD,Invesco CM,1.412581421637735,1.3516384046828918,2.730056095368864,23696.57988370032,True,True,True,True,US,1101415.5814216377,isin_estandar_valido,resuelto,,89,1.0,25.0,BBG000DTM8B7,BBG000DTM8B7,BBG001SN68L9,PEJ,INVESCO LEISURE & ENTERTAINM,US,Equity,ETP,Mutual Fund,PEJ,,True,True
MX0MGO0000J5,2015-01-30,2024-08-30,77,2,Integra | Profuturo,MXN,GOB MEX | GOBIERNO DE MEXICO | Gobierno de México,1.3281082245481477,0.023798080919385,2.1447916363726955,114727.07767629532,True,True,True,True,MX,1101405.1082245482,isin_estandar_valido,resuelto,,1,1.0,6.0,BBG0000HPNX7,,,MBONO 8.5 11/18/38 M,MEX BONOS DESARR FIX RT,MEXICO,Govt,DOMESTIC,Govt,MBONO 8 1/2 11/18/38,,False,True
IE00B29K0P99,2023-08-31,2026-01-30,30,1,Habitat,USD,PIMCO | PIMCO Global Advisors (Ireland) Limited,1.3745131747341908,0.22431759751642483,3.040125772621935,48093.46095605715,True,True,True,True,IE,1101404.513174734,isin_estandar_valido,resuelto,,3,1.0,23.0,BBG000C3LWH7,BBG000C3LWH7,BBG001SV60S1,PIMEMLC,PIMCO-EMRG LCL BD-USDINS-ACC,ID,Equity,Open-End Fund,Mutual Fund,PIMEMLC,,True,True
LU0345781172,2022-09-30,2026-01-30,41,2,Habitat | Profuturo,USD,Ninety One Global Natural Resources | Ninety One Luxe | Ninety One Luxembourg SA,1.35662324343583,0.5610797218361935,3.4202112993013145,39226.15123368075,True,True,True,True,LU,1101397.6232434358,isin_estandar_valido,resuelto,,1,1.0,23.0,BBG000VKV345,BBG000VKV345,BBG001T31BL0,INGDRIA,NTYONGSF-GL NA R - I ACC USD,LX,Equity,Open-End Fund,Mutual Fund,INGDRIA,,False,True
US91282CMM00,2025-05-30,2025-05-30,1,1,Prima,USD,GOBIERNO DE LOS ESTADOS UNIDOS,1.3956627222236586,1.3956627222236586,2.4510140654976467,37128.80502862083,True,True,True,True,US,1101396.6627222237,isin_estandar_valido,resuelto,,1,1.0,6.0,BBG01S53LJM6,,,T 4.625 02/15/35,US TREASURY N/B,FRANKFURT,Govt,US GOVERNMENT,Note,T 4 5/8 02/15/35,,False,True
LU0100600369,2015-01-30,2015-07-31,7,1,Profuturo,USD,INVESCO,1.3821253959999946,0.4821664165695773,2.1902939198148967,77155.96474187309,True,True,True,True,LU,1101389.125396,isin_estandar_valido,resuelto,,1,1.0,23.0,BBG000BQJHX5,BBG000BQJHX5,BBG001SD72G9,INVPGCC,INVESCO GRTER CHINA EQTY-C,LX,Equity,Open-End Fund,Mutual Fund,INVPGCC,,False,True
PRIVFAEEQTI5,2021-12-31,2026-01-30,50,1,Habitat,EUR,EQT Infr. V GP | EQT Infrastructure V (General Partner) S.à.r. | EQT Infrastructure V (General Partner) S.à.r.l.,1.3379843420926332,0.966619491728524,2.8294675892878045,47535.29480072857,True,True,True,False,PR,1101387.9843420926,formato_isin_checksum_invalido,no_consultado_identificador_no_estandar,formato_isin_checksum_invalido,0,,,,,,,,,,,,,,,False
US4642878619,2015-01-30,2020-09-30,69,2,Habitat | Integra,USD,BlackRock USA,1.3177431296897104,0.0222388268810426,2.086057120575233,2099.2669010913464,True,True,True,True,US,1101386.7431296897,isin_estandar_valido,resuelto,,92,1.0,25.0,BBG000BXV152,BBG000BXV152,BBG001SFGXD9,IEV,ISHARES EUROPE ETF,US,Equity,ETP,Mutual Fund,IEV,,True,True
LU2308715312,2021-09-30,2025-06-30,46,2,Prima | Profuturo,USD,ALLIANZ | ALLIANZ GLOBAL INVESTORS | Allainz Global Investors,1.3404521722902056,0.3751554376513391,3.805009947896635,56229.16951200525,True,True,True,True,LU,1101386.4521722903,isin_estandar_valido,resuelto,,1,1.0,23.0,BBG00ZKDHDM0,BBG00ZKDHDM0,BBG00ZKH6MT6,ALCAOWU,ALLIANZ CHINA A OPOR-WT7,LX,Equity,Open-End Fund,Mutual Fund,ALCAOWU,,False,True
LU0936248318,2020-08-31,2026-01-30,66,1,Habitat,USD,Robeco Luxembou | Robeco Luxembourg S.A.,1.3123769834243728,0.0061360487725569,2.6162924633542484,21893.554393243623,True,True,True,True,LU,1101378.3769834244,isin_estandar_valido,resuelto,,1,1.0,23.0,BBG004N19GG1,BBG004N19GG1,BBG004N19GH0,RGCTIUS,ROBECO-ROB GL CON TR-IUSD,LX,Equity,Open-End Fund,Mutual Fund,RGCTIUS,,False,True
PRIVFAEIPCXI,2020-05-29,2026-01-30,69,1,Habitat,USD,"Insight A XI | Insight Associates XI, L.P.",1.3071188424659794,0.6433311353363913,3.395391669348625,31020.273805553337,True,True,False,False,PR,1101376.118842466,identificador_no_estandar,no_consultado_identificador_no_estandar,identificador_no_estandar,0,,,,,,,,,,,,,,,False
LU1683287707,2020-08-31,2020-11-30,4,1,Habitat,USD,Credit Suisse F,1.3640041906395954,1.3298822407302209,2.772889454453744,19482.08626997443,True,True,True,True,LU,1101368.0041906396,isin_estandar_valido,resuelto,,1,1.0,23.0,BBG00JGGB9V9,BBG00JGGB9V9,BBG00JGMLH92,CSGDEBU,UBS LUX DIG HEALTH EQ-EB USD,LX,Equity,Open-End Fund,Mutual Fund,CSGDEBU,,False,True
US2547091080,2015-01-30,2016-01-29,13,1,Profuturo,USD,Discover Financ,1.343471096586509,0.9859765279652756,2.104626696333508,75172.92322991882,True,True,True,True,US,1101356.4710965864,isin_estandar_valido,resuelto,,10,1.0,17.0,BBG007256888,BBG0072567S8,BBG001SS0KV6,DFSEUR,DISCOVER FINANCIAL SERVICES,XS,Equity,Common Stock,Common Stock,DFSEUR,,True,True
MXBIGO000KJ4,2016-09-30,2016-10-31,2,1,Integra,MXN,GOB MEX,1.3437289563178665,1.3030058722882452,2.2312537335825904,108350.56136725988,True,True,True,True,MX,1101345.7289563178,isin_estandar_valido,resuelto,,1,1.0,6.0,BBG00DBPG9W1,,,MCET 0 07/20/17 BI,MEXICO CETES,MEXICO,Govt,DOMESTIC,Govt,MCET 0 07/20/17,,False,True
LU0363170191,2016-03-31,2020-07-31,48,1,Habitat,USD,Santander Asset,1.2748312196241511,0.5549873191962023,2.066257965109149,8257.509965725738,True,True,True,True,LU,1101322.8312196243,isin_estandar_valido,resuelto,,1,1.0,23.0,BBG000RYQ8T8,BBG000RYQ8T8,BBG001T0HFJ3,SANHYDI,SANTANDER-LATIN AM CORP BD-I,LX,Equity,Open-End Fund,Mutual Fund,SANHYDI,,False,True
US78464A7303,2015-06-30,2022-10-31,31,1,Profuturo,USD,STATE ST BANK | State Street GA,1.2864902445984336,0.5185464819355536,2.0869434157411866,73353.7726261799,True,True,True,True,US,1101317.4902445984,isin_estandar_valido,resuelto,,17,1.0,23.0,BBG00JVBL087,BBG00JVBL087,BBG001SB12P9,XOPUSD,SPDR S&P OIL & GAS EXP & PR,X2,Equity,ETP,Mutual Fund,XOPUSD,,True,True
US2332038437,2015-02-27,2015-03-31,2,1,Prima,USD,DIMENSIONAL,1.2971869732718853,1.2802699914942965,2.1832818813927397,105447.39911581564,True,True,True,True,US,1101299.186973272,isin_estandar_valido,resuelto,,1,1.0,25.0,BBG000BGVGL8,BBG000BGVGL8,BBG001S71N72,DFSTX,DFA US SMALL CAP PORTFOLIO,US,Equity,Open-End Fund,Mutual Fund,DFSTX,,False,True
US4642866408,2021-03-31,2025-11-28,32,3,Habitat | Integra | Profuturo,USD,BlackRock Fund Advisors | BlackRock Luxembourg S.A. | BlackRock USA,1.2650875387932323,0.21123805276799346,2.789586219152437,49919.82016791815,True,True,True,True,US,1101297.0875387932,isin_estandar_valido,resuelto,,91,1.0,25.0,BBG000TVZM75,BBG000TVZM75,BBG001T0LL05,ECH,ISHARES MSCI CHILE ETF,US,Equity,ETP,Mutual Fund,ECH,,True,True
LU1797946594,2021-01-29,2023-02-28,26,1,Prima,USD,Candriam Luxemb,1.251414044963902,0.858059979954269,2.8293367030412298,59089.42099056705,True,True,True,True,LU,1101277.414044964,isin_estandar_valido,resuelto,,1,1.0,23.0,BBG00L8PSTJ5,BBG00L8PSTJ5,BBG00L8YWQZ9,CSEEMIU,CANDRIAM SUS EQTY EM MK-VUSD,LX,Equity,Open-End Fund,Mutual Fund,CSEEMIU,,False,True
US78468R6633,2019-05-31,2019-05-31,1,1,Prima,USD,STATE ST BANK,1.2689778162130845,1.2689778162130845,2.2702323345482736,85458.25379126116,True,True,True,True,US,1101269.9778162132,isin_estandar_valido,resuelto,,65,1.0,25.0,BBG000RFQSH8,BBG000RFQSH8,BBG001STKCW9,BIL,SS SPDR BB 1-3M T-BILL ETF,US,Equity,ETP,Mutual Fund,BIL,,True,True
PRIVFAEPGSF6,2019-04-30,2026-01-30,82,1,Habitat,USD,"PGSF VI | PGSF VI Feeder GP, LLC",1.1859526497505768,0.5744683530537505,2.58657742688395,24325.34173428559,True,True,True,False,PR,1101267.9526497505,formato_isin_checksum_invalido,no_consultado_identificador_no_estandar,formato_isin_checksum_invalido,0,,,,,,,,,,,,,,,False
LU0602539354,2017-10-31,2018-02-28,5,1,Habitat,USD,Nordea Investme,1.258770925592337,1.2221819809712215,2.0715095335243485,10005.534462328207,True,True,True,True,LU,1101263.7709255924,isin_estandar_valido,resuelto,,1,1.0,23.0,BBG001PM3855,BBG001PM3855,BBG001SDK390,NEMSBIU,NORDE 1 SICA-ES STAR EF-BI $,LX,Equity,Open-End Fund,Mutual Fund,NEMSBIU,,False,True
US4642888519,2015-01-30,2021-05-31,77,3,Integra | Prima | Profuturo,USD,BlackRock USA,1.1865047904341215,0.01050084667615615,1.8469407286124169,77950.61587243323,True,True,True,True,US,1101263.5047904341,isin_estandar_valido,resuelto,,88,3.0,25.0,BBG000P8H1P6,BBG000P8H1P6,BBG001SJTHR7,IEO,ISHARES U.S. OIL & GAS EXPLO,US,Equity,ETP,Mutual Fund,IEO,,True,True
LU1529950328,2021-02-26,2026-01-30,60,2,Habitat | Prima,USD,Robeco Luxembou | Robeco Luxembourg S.A.,1.2031063338014327,0.0803331583703288,3.4151398036608263,44945.91481609005,True,True,True,True,LU,1101263.1063338015,isin_estandar_valido,resuelto,,1,1.0,23.0,BBG00FZ9KX85,BBG00FZ9KX85,BBG00FZQFDZ7,ROCAEIU,ROBECO CHINESE A SH EQ-I USD,LX,Equity,Open-End Fund,Mutual Fund,ROCAEIU,,False,True
PRIVFAEWPGGF,2021-06-30,2026-01-30,56,1,Habitat,USD,"Warburg Pincus | Warburg Pincus Global Growth GP, L.P.",1.1982104444441244,0.8310375202937857,3.093345932801498,30435.73966753043,True,True,False,False,PR,1101254.210444444,identificador_no_estandar,no_consultado_identificador_no_estandar,identificador_no_estandar,0,,,,,,,,,,,,,,,False
US97717W8367,2018-08-31,2019-12-31,17,1,Prima,USD,WisdomTreeAsset,1.2367493663313878,1.0409992713778238,2.2293765082796604,81551.29581152336,True,True,True,True,US,1101253.7493663314,isin_estandar_valido,resuelto,,88,1.0,25.0,BBG000BT2803,BBG000BT2803,BBG001SHL7C7,DFJ,WISDOMTREE JPN S/C DVD FUND,US,Equity,ETP,Mutual Fund,DFJ,,True,True
US57060U1916,2015-01-30,2015-11-30,7,2,Integra | Prima,USD,VAN ECK,1.2393110763916677,0.013789907768384,1.9712812829672213,99465.91515009895,True,True,True,True,US,1101246.3110763917,isin_estandar_valido,resuelto,,1,1.0,23.0,BBG001M4LB06,BBG001M4L9Z3,BBG001SGYST1,OIH,MARKET VECTORS OIL SERVICE E,EB,Equity,ETP,Mutual Fund,OIH,,False,True
LU0161305759,2017-05-31,2018-08-31,16,1,Profuturo,EUR,SCHRODER,1.229638273150402,0.8592931036052808,1.901480644493181,74563.0199160484,True,True,True,True,LU,1101245.6382731504,isin_estandar_valido,resuelto,,9,1.0,23.0,BBG000P72X10,BBG000P72X10,BBG001SL5GF3,SISEECA,SCHRODER INTL EU VAL-C AC,LX,Equity,Open-End Fund,Mutual Fund,SISEECA,,True,True
LU1573968200,2020-01-31,2026-01-30,70,1,Habitat,EUR,DWS | DWS INVESTMENT SA | DWS Investment S.A.,1.175082574510682,0.38982057936322984,2.9625253130521183,35917.62447250181,True,True,True,True,LU,1101245.0825745107,isin_estandar_valido,resuelto,,1,1.0,23.0,BBG00G3XV9G7,BBG00G3XV9G7,BBG00G52YYK0,DBRZEIC,DWS INVEST- BRAZILIAN EQ-IC,LX,Equity,Open-End Fund,Mutual Fund,DBRZEIC,,False,True
US46434G7988,2019-08-30,2021-06-30,14,1,Habitat,USD,BlackRock USA,1.2257886974228664,0.45333776764070866,2.4737725396398877,15756.529707477905,True,True,True,True,US,1101239.788697423,isin_estandar_valido,resuelto,,78,1.0,23.0,BBG003P7W512,BBG003P7W503,BBG001TCWG44,ERUS,ISHARES MSCI RUSSIA ETF,EU,Equity,ETP,Mutual Fund,ERUS,,True,True
PRIVFAEGIP4F,2021-05-31,2026-01-30,57,1,Integra,USD,"Global Inf IV, | Global Infrastructure GP IV, L.P.",1.1826515112626743,0.7659262749814586,2.2497577517816074,36964.39598724796,True,True,False,False,PR,1101239.6515112626,identificador_no_estandar,no_consultado_identificador_no_estandar,identificador_no_estandar,0,,,,,,,,,,,,,,,False
US92826C8394,2015-01-30,2016-11-30,23,1,Profuturo,USD,Visa,1.2152251450001093,0.6010479536423687,1.9360368010449356,64910.822693894544,True,True,True,True,US,1101238.225145,isin_estandar_valido,resuelto,,223,1.0,19.0,BBG000PSKYX7,BBG000PSKYX7,BBG001SRCFY3,V,VISA INC-CLASS A SHARES,US,Equity,Common Stock,Common Stock,V,,True,True
LU0101689882,2019-10-31,2026-01-30,76,2,Habitat | Profuturo,USD,Pic Asset Ma Eu | Pictet Asset Management (Europe) S.A.,1.1604497813333532,0.0087991236475059,2.345150872196599,31657.51687789468,True,True,True,True,LU,1101236.4497813333,isin_estandar_valido,resuelto,,3,1.0,23.0,BBG000PQNTF9,BBG000PQNTF9,BBG001SDBRZ8,PIPTELI,PICTET-DIGITAL-IUSD,LX,Equity,Open-End Fund,Mutual Fund,PIPTELI,,True,True
LU0823397798,2015-05-29,2017-06-30,26,1,Prima,EUR,BNP PARIBAS INV,1.205215773571137,0.7464253254180491,2.065843881499868,99855.91376680268,True,True,True,True,LU,1101231.215773571,isin_estandar_valido,resuelto,,1,1.0,23.0,BBG000BJ5D47,BBG000BJ5D47,BBG001SBG184,FOBASII,BNP PARIBAS ASI EX-JA EQ-IEA,LX,Equity,Open-End Fund,Mutual Fund,FOBASII,,False,True
LU0080998981,2015-01-30,2016-05-31,16,2,Habitat | Prima,JPY | USD,PAI Europe | PICTET | Pic Asset Ma Eu,1.195790193056168,0.9777797155167612,1.8291833109320852,89365.12654718284,True,True,True,True,LU,1101211.7901930562,isin_estandar_valido,resuelto,,7,1.0,23.0,BBG000C46D57,BBG000C46D57,BBG001SDYLD0,PICJAPI,PICTET-JAPAN EQ SELECT-I YEN,LX,Equity,Open-End Fund,Mutual Fund,PICJAPI,,True,True
US91282CLW90,2024-12-31,2024-12-31,1,1,Prima,USD,GOBIERNO DE LOS ESTADOS UNIDOS,1.1981647157614674,1.1981647157614674,2.223918059180414,34489.370878596244,True,True,True,True,US,1101199.1647157616,isin_estandar_valido,resuelto,,1,1.0,6.0,BBG01QKHSMP5,,,T 4.25 11/15/34,US TREASURY N/B,FRANKFURT,Govt,US GOVERNMENT,Note,T 4 1/4 11/15/34,,False,True
LU0338482002,2020-01-31,2026-01-30,71,1,Habitat,USD,Pic Asset Ma Eu | Pictet Asset Management (Europe) S.A.,1.1210795951890915,0.0048521006833977,2.3216686061430694,13875.133658156255,True,True,True,True,LU,1101192.079595189,isin_estandar_valido,resuelto,,1,1.0,23.0,BBG000V39RX3,BBG000V39RX3,BBG001T13ZN7,PFLRUSI,PICTET-RUSSIAN EQUITIES-IUSD,LX,Equity,Open-End Fund,Mutual Fund,PFLRUSI,,False,True
IE00B0JY6L58,2017-05-31,2023-11-30,79,1,Integra,USD,PineBridge inve | PineBridge investments Ireland Limited,1.1092380597665563,0.7268383713909996,2.0191730655868927,79120.47105328557,True,True,True,True,IE,1101188.2380597666,isin_estandar_valido,resuelto,,1,1.0,23.0,BBG000FHN7T3,BBG000FHN7T3,BBG001SNKXJ1,PBIINEY,PINEBRIDGE-INDIA EQUITY-Y,ID,Equity,Open-End Fund,Mutual Fund,PBIINEY,,False,True
PRIVFAENBDF3,2019-04-30,2026-01-30,82,1,Habitat,USD,"NB Private Debt | NB Private Debt Associates III, LP",1.105035823209389,0.5629225198437788,2.21635633190495,19656.712597023758,True,True,True,False,PR,1101187.0358232094,formato_isin_checksum_invalido,no_consultado_identificador_no_estandar,formato_isin_checksum_invalido,0,,,,,,,,,,,,,,,False
LU1136112601,2021-03-31,2026-01-30,59,1,Integra,EUR,Henderson | Henderson Management SA,1.1238641099603994,2.7518056008319126e-06,2.0714213112691,59423.77129783622,True,True,True,True,LU,1101182.8641099604,isin_estandar_valido,resuelto,,1,1.0,23.0,BBG00CRHLLY9,BBG00CRHLLY9,BBG00CRHLLZ8,HHEUC2E,JAN HND HRZN EUROLAND-C2EUR,LX,Equity,Open-End Fund,Mutual Fund,HHEUC2E,,False,True
GB0006063233,2021-10-29,2026-01-30,52,2,Integra | Profuturo,GBP,Baillie Gifford | Baillie Gifford & Co Ltd | Baillie Gifford Overseas Growth Funds ICVC,1.1298161074557698,0.8267295673493045,2.499850354064102,50962.88004987557,True,True,True,True,GB,1101181.8161074559,isin_estandar_valido,resuelto,,1,1.0,23.0,BBG000BQLQH0,BBG000BQLQH0,BBG001SB4Y94,BGFPABA,BAILLIE GIFFORD PAC-B-ACC,LN,Equity,Open-End Fund,Mutual Fund,BGFPABA,,False,True
US5771307684,2015-03-31,2018-05-31,39,1,Prima,USD,Matthews Intern,1.1410705728358588,0.620087982523867,1.9564789983379391,86666.75071981193,True,True,True,True,US,1101180.0705728359,isin_estandar_valido,resuelto,,1,1.0,25.0,BBG0017VPM23,BBG0017VPM23,BBG001TCSHB9,MIDNX,MATTHEWS INDIA FUND-INST,US,Equity,Open-End Fund,Mutual Fund,MIDNX,,False,True
LU0616840772,2016-01-29,2016-06-30,6,1,Habitat,EUR,DeAWM Investmen | Deutsche Asset,1.1715267678803798,1.0533061953596103,1.875827438171396,2766.865064831204,True,True,True,True,LU,1101177.5267678804,isin_estandar_valido,resuelto,,1,1.0,23.0,BBG0037XCHP5,BBG0037XCHP5,BBG0037XCHQ4,DEHYCFC,DWS- INVEST- EU H YL CP-FC,LX,Equity,Open-End Fund,Mutual Fund,DEHYCFC,,False,True
LU0823426647,2022-12-30,2026-01-30,38,1,Integra,USD,BNP PARIBAS ASSET MANAGEMENT S.A.S | BNP Paribas | BNP Paribas Asset Management | BNP Paribas S.A.,1.13749420949214,0.10152540752737896,2.942508365489905,46628.95830396881,True,True,True,True,LU,1101175.494209492,isin_estandar_valido,resuelto,,1,1.0,23.0,BBG000NJV6P7,BBG000NJV6P7,BBG001T0RL72,FOREGCI,BNP CHINA EQUITY-I C,LX,Equity,Open-End Fund,Mutual Fund,FOREGCI,,False,True
US0378331005,2015-01-30,2016-02-29,14,2,Integra | Profuturo,USD,Apple,1.1612407340851358,0.849205069379468,1.8247359999550956,67013.73880216978,True,True,True,True,US,1101175.2407340852,isin_estandar_valido,resuelto,,249,1.0,19.0,BBG000B9XRY4,BBG000B9XRY4,BBG001S5N8V8,AAPL,APPLE INC,US,Equity,Common Stock,Common Stock,AAPL,,True,True
LU1932874412,2024-07-31,2026-01-30,19,1,Habitat,USD,BlueBay Funds Management Company S.A.,1.1558344629712856,1.834010975116315e-05,2.5034651913475465,41348.24177645497,True,True,True,True,LU,1101174.8344629712,isin_estandar_valido,resuelto,,1,1.0,23.0,BBG00NKYWB02,BBG00NKYWB02,BBG00NLFDSH8,BBEMUSU,BLUEBAY EMG MK UN RE B-S USD,LX,Equity,Open-End Fund,Mutual Fund,BBEMUSU,,False,True
US4385161066,2016-07-29,2017-03-31,8,1,Profuturo,USD,Honeywell,1.1561551998847952,1.0751783360418665,1.8534805147132865,64670.5846427076,True,True,True,True,US,1101164.155199885,isin_estandar_valido,resuelto,,4,1.0,13.0,BBG00QFYDC91,BBG000NHQWY0,,HONGBP,HONEYWELL INTERNATIONAL INC,X1,Equity,Common Stock,Common Stock,,,True,True
IE00B41Q3618,2016-07-29,2016-09-30,3,1,Prima,JPY,Invesco Global,1.1577142240852183,1.154871032850196,1.9943973512819644,88864.15521731086,True,True,True,True,IE,1101160.7142240852,isin_estandar_valido,sin_coincidencia,No identifier found.,0,,,,,,,,,,,,,,,False
PRIVFAEGS5SC,2021-09-30,2026-01-30,53,1,Habitat,USD,G Squared EGP V | G Squared Equity GP V S.à.r.l,1.1045637296963728,0.7479007021094937,2.514778220744365,28148.25243202705,True,True,False,False,PR,1101157.5637296964,identificador_no_estandar,no_consultado_identificador_no_estandar,identificador_no_estandar,0,,,,,,,,,,,,,,,False
LU0194163308,2018-01-31,2018-08-31,8,1,Habitat,EUR | USD,Deutsche Asset,1.142643272494271,0.5168113902693235,1.8841382264471984,12006.136744782889,True,True,True,True,LU,1101150.6432724942,isin_estandar_valido,sin_coincidencia,No identifier found.,0,,,,,,,,,,,,,,,False
US4642871929,2015-01-30,2019-02-28,23,2,Habitat | Profuturo,USD,BlackRock USA,1.11371099651343,0.6853293476441588,1.794397886917637,66580.66165913198,True,True,True,True,US,1101136.7109965135,isin_estandar_valido,resuelto,,87,1.0,25.0,BBG000BPNZB6,BBG000BPNZB6,BBG001SB7HJ7,IYT,ISHARES US TRANSPORTATION ET,US,Equity,ETP,Mutual Fund,IYT,,True,True
LU0276015889,2015-08-31,2020-06-30,44,1,Habitat,USD,AXA FUNDS,1.0922344808579092,0.24960208200653985,1.6799997338545891,6436.754939200505,True,True,True,True,LU,1101136.2344808578,isin_estandar_valido,resuelto,,1,1.0,23.0,BBG000DBH1R0,BBG000DBH1R0,BBG001SMHZD8,AXUHYIU,AXA WF-US HI YLD BD-I USD CP,LX,Equity,Open-End Fund,Mutual Fund,AXUHYIU,,False,True
LU1959967503,2020-12-31,2026-01-30,62,1,Habitat,EUR,"Joh. Berenberg, | Joh. Berenberg, Gossier & Co. KG",1.068942806327584,0.25966411335132866,2.002888473990564,20547.938458969576,True,True,True,True,LU,1101130.9428063275,isin_estandar_valido,resuelto,,1,1.0,23.0,BBG00W25QHC6,BBG00W25QHC6,BBG00W2NVKB5,BESCIIE,BERENBERG EU SM/CAP-I EUR AC,LX,Equity,Open-End Fund,Mutual Fund,BESCIIE,,False,True
LU0912262945,2016-04-29,2018-06-29,27,1,Integra,USD,ABERDEEN | Aberdeen GS,1.10147076019628,1.0103255648351486,1.814852149235553,92774.34509791851,True,True,True,True,LU,1101128.4707601962,isin_estandar_valido,resuelto,,1,1.0,23.0,BBG005CHDLS6,BBG005CHDLS6,BBG005CHDLT5,AGJEI2A,ABR SV I-JAPNSE SU EQ-IAHU,LX,Equity,Open-End Fund,Mutual Fund,AGJEI2A,,False,True
US912810UE63,2024-11-29,2024-12-31,2,1,Prima,USD,GOBIERNO DE LOS ESTADOS UNIDOS,1.1212529120198491,0.5932622230650317,2.207541286036028,32972.71304965238,True,True,True,True,US,1101123.2529120198,isin_estandar_valido,resuelto,,1,1.0,6.0,BBG01QKHSL31,,,T 4.5 11/15/54,US TREASURY N/B,FRANKFURT,Govt,US GOVERNMENT,Bond,T 4 1/2 11/15/54,,False,True
IE00B59XD059,2015-01-30,2018-08-31,41,3,Habitat | Integra | Prima,USD,Muzinich,1.0753548511233304,0.2558385437222106,1.7484325330763315,36603.25026657104,True,True,True,True,IE,1101116.3548511234,isin_estandar_valido,resuelto,,1,1.0,23.0,BBG001794QB6,BBG001794QB6,BBG001TCR3W8,MUZSDUA,MUZINICH SH DUR HG YD-HUSDA,ID,Equity,Open-End Fund,Mutual Fund,MUZSDUA,,False,True
US72201R8824,2024-04-30,2024-06-28,3,1,Habitat,USD,PIMCO ETF Trust,1.1079394321737144,1.062158153030912,2.368120421652594,41373.03575475478,True,True,True,True,US,1101110.9394321737,isin_estandar_valido,resuelto,,65,1.0,25.0,BBG000PN8QP8,BBG000PN8QP8,BBG001T5RZK5,ZROZ,PIMCO 25+ YR ZERO CPN US TIF,US,Equity,ETP,Mutual Fund,ZROZ,,True,True
LU0858455784,2025-07-31,2026-01-30,7,2,Prima | Profuturo,USD,Robeco Luxembourg S.A.,1.1015452101079009,0.7054535225708208,1.910395903541996,31241.94205036195,True,True,True,True,LU,1101108.545210108,isin_estandar_valido,resuelto,,1,1.0,23.0,BBG003PGMYF5,BBG003PGMYF5,BBG003PGMYH3,RCEMEIU,ROBECO-QI EMER MKT ACT-I USD,LX,Equity,Open-End Fund,Mutual Fund,RCEMEIU,,False,True
LU0727122698,2019-09-30,2021-09-30,25,1,Habitat,USD,FRANKLIN TEMP,1.0750127810851355,0.5822113001895913,2.214319976763122,12748.858311001546,True,True,True,True,LU,1101100.0127810852,isin_estandar_valido,resuelto,,1,1.0,23.0,BBG002PDL7Y3,BBG002PDL7Y3,BBG002PDL7Z2,FGCSIAU,FRANK TEMP GL CONV SEC-IAUSD,LX,Equity,Open-End Fund,Mutual Fund,FGCSIAU,,False,True
LU2061828062,2021-02-26,2023-12-29,35,1,Prima,USD,UBS | UBS GLOBAL ASSET MANAGEMENT (US) INC.,1.0545721408134678,0.3704780489372647,2.0643062560511827,53514.86376484092,True,True,True,True,LU,1101089.5721408136,isin_estandar_valido,resuelto,,1,1.0,23.0,BBG00QKL2YF0,BBG00QKL2YF0,BBG00QLDYPJ7,UBACIA3,UBS EQ-ALL CHINA USD-IA3A,LX,Equity,Open-End Fund,Mutual Fund,UBACIA3,,False,True
MX0MGO0000R8,2015-01-30,2024-09-30,23,2,Habitat | Integra,MXN | USD,GOB MEX | GOBIERNO DE MEXICO | Gobierno de México,1.0664984419371293,0.1671651371000677,2.6471418529543924,42320.4953563673,True,True,True,True,MX,1101089.4984419371,isin_estandar_valido,resuelto,,1,1.0,6.0,BBG002W625T1,,,MBONO 7.75 11/13/42 M,MEX BONOS DESARR FIX RT,MEXICO,Govt,DOMESTIC,Govt,MBONO 7 3/4 11/13/42,,False,True
MX52GB0W0043,2015-01-30,2017-04-28,28,1,Prima,MXN,GBM,1.0518833974095292,0.6305158400094735,1.859246248670654,84474.14914864476,True,True,True,True,MX,1101079.8833974095,isin_estandar_valido,resuelto,,1,1.0,23.0,BBG004336N68,BBG004336N68,BBG004336N77,GBMCREBP,GBMCRE - BP,MM,Equity,Open-End Fund,Mutual Fund,GBMCREBP,,False,True
US4642866655,2016-07-29,2022-10-31,16,2,Habitat | Profuturo,USD,BlackRock USA,1.0608603580991467,0.43389409954709995,1.7861333162488255,17478.63909128679,True,True,True,True,US,1101076.8603580992,isin_estandar_valido,resuelto,,110,1.0,25.0,BBG000BJ1XP4,BBG000BJ1XP4,BBG001S89L03,EPP,ISHARES MSCI PACIFIC EX JAPA,US,Equity,ETP,Mutual Fund,EPP,,True,True
LU008099898X,2015-07-31,2015-07-31,1,1,Prima,JPY,PICTET,1.0749278214648434,1.0749278214648434,1.7098088892773686,86272.67319646922,True,True,False,False,LU,1101075.9278214648,identificador_no_estandar,no_consultado_identificador_no_estandar,identificador_no_estandar,0,,,,,,,,,,,,,,,False
LU0794787092,2018-05-31,2026-01-30,36,1,Habitat,USD,Ashmore | Ashmore Inv Ire | Ashmore Investment Management (Ireland) Limit | Ashmore Investment Management (Ireland) Limited,1.0339258682726244,0.8478623568600575,1.977323313145664,41203.43203785778,True,True,True,True,LU,1101069.9258682725,isin_estandar_valido,resuelto,,1,1.0,23.0,BBG0037Q7LY7,BBG0037Q7LY7,BBG0037Q7LZ6,AEMFUII,ASHMORE E/M FRNTIER EQ-USDII,LX,Equity,Open-End Fund,Mutual Fund,AEMFUII,,False,True
LU1966825462,2020-12-31,2026-01-30,62,2,Habitat | Integra,EUR,"Joh. Berenberg, | Joh. Berenberg, Gossier & Co. KG | Universal-Inv L | Universal-Investment-Luxembourg S.A.",1.004816983036147,0.05698644089511355,1.8827352987268409,16716.118571152263,True,True,True,True,LU,1101066.8169830362,isin_estandar_valido,resuelto,,1,1.0,23.0,BBG00S90HJC5,BBG00S90HJC5,BBG00S90KJX8,BEBEFIE,BERENBERG EUROPEAN FOC-I EUR,LX,Equity,Open-End Fund,Mutual Fund,BEBEFIE,,False,True
US912810TY47,2024-10-31,2024-10-31,1,1,Prima,USD,GOBIERNO DE LOS ESTADOS UNIDOS,1.0605709248270376,1.0605709248270376,1.9744015482986703,31059.140362787068,True,True,True,True,US,1101061.5709248271,isin_estandar_valido,resuelto,,1,1.0,6.0,BBG01LK8Y558,,,TII 2.125 02/15/54,TSY INFL IX N/B,Gettex,Govt,US GOVERNMENT,Bond,TII 2 1/8 02/15/54,,False,True
GB00BZ2YND85,2022-10-31,2026-01-30,40,2,Habitat | Profuturo,GBP,Jupiter Unit | Jupiter Unit Trust Managers Limited,1.0201773246819237,0.4728484812028028,2.4197882007946525,37914.294429222544,True,True,True,True,GB,1101060.177324682,isin_estandar_valido,resuelto,,1,1.0,23.0,BBG00C7V4YL5,BBG00C7V4YL5,BBG00C7V4YM4,JUPAIIA,JUPITER ASIAN INCOME-I ACC,LN,Equity,Open-End Fund,Mutual Fund,JUPAIIA,,False,True
IE00BK70NJ20,2025-02-28,2025-06-30,5,1,Prima,USD,BlackRock Asset Management Ireland Limited,1.0542523143789349,1.0440510268909329,1.887915348445976,28513.94453966703,True,True,True,True,IE,1101059.252314379,isin_estandar_valido,resuelto,,1,1.0,23.0,BBG00R9Q1RH4,BBG00R9Q1RH4,BBG00RC91899,BLGUEDU,BLACKROCK GL UNCO EQ-D USD A,ID,Equity,Open-End Fund,Mutual Fund,BLGUEDU,,False,True
US78467V6083,2024-05-31,2025-02-28,4,2,Integra | Prima,USD,State Street Global Advisors Inc,1.044696854949945,0.7908611433617314,2.414632289341303,42544.51665577684,True,True,True,True,US,1101048.69685495,isin_estandar_valido,resuelto,,43,1.0,25.0,BBG004DF1D49,BBG004DF1D49,BBG004DF1DW8,SRLN,SS BLACKSTONE SR LOAN ETF,US,Equity,ETP,Mutual Fund,SRLN,,True,True
US5771308260,2015-01-30,2016-05-31,17,1,Prima,USD,Matthews Intern,1.0289666084482956,0.8111017108077218,1.6367017568649116,82583.87044049773,True,True,True,True,US,1101045.9666084482,isin_estandar_valido,sin_coincidencia,No identifier found.,0,,,,,,,,,,,,,,,False
IE0030395846,2018-06-29,2022-06-30,49,2,Habitat | Integra,USD,PineBridge inve,0.991513929681172,0.5598251518999674,1.63493659126807,48526.96300377632,True,True,True,True,IE,1101040.5139296812,isin_estandar_valido,resuelto,,1,1.0,23.0,BBG000BNPG85,BBG000BNPG85,BBG001SBLRL6,PBIJEGI,PBI-JPN SM CAP EQUITY FUN-Y,ID,Equity,Open-End Fund,Mutual Fund,PBIJEGI,,False,True
LU2301227331,2023-08-31,2026-01-30,30,1,Habitat,USD,Carne Global FM | Carne Global Fund Managers (Ireland) Limited | Carne Global Fund Managers (Luxembourg) S.A.,1.0035684934065514,0.5336130793509455,1.8329723003349645,49147.1885926424,True,True,True,True,LU,1101033.5684934065,isin_estandar_valido,resuelto,,1,1.0,23.0,BBG011C73X65,BBG011C73X65,BBG011DJSRY3,MLLSCIU,MONEDA LATIN AMR SM CP-I USD,LX,Equity,Open-End Fund,Mutual Fund,MLLSCIU,,False,True
US46137V1347,2021-02-26,2022-12-30,8,1,Habitat,USD,Invesco CM,1.0228457121008967,0.27890073505152385,1.8613094348636208,17477.469953713455,True,True,True,True,US,1101030.8457121009,isin_estandar_valido,resuelto,,90,1.0,25.0,BBG000QTL566,BBG000QTL566,BBG001SNPT69,PBW,INVESCO WILDERHILL CLEAN ENE,US,Equity,ETP,Mutual Fund,PBW,,True,True
IE00B95PGT3Z,2018-03-30,2018-05-31,3,1,Prima,GBP | USD,Vanguard Grp Ir,1.0249508165150287,1.0240486956334025,1.6806403478047596,81671.99890807136,True,True,False,False,IE,1101027.9508165151,identificador_no_estandar,no_consultado_identificador_no_estandar,identificador_no_estandar,0,,,,,,,,,,,,,,,False
US912828YB05,2019-09-30,2019-11-29,3,1,Prima,USD,TREASURY,1.0216755581594554,1.0118557149820466,1.9407636554970704,65361.1847485021,True,True,True,True,US,1101024.6755581594,isin_estandar_valido,resuelto,,1,1.0,6.0,BBG00PVTJ2L8,,,T 1.625 08/15/29,US TREASURY N/B,DUSSELDORF,Govt,US GOVERNMENT,Note,T 1 5/8 08/15/29,,False,True
US4642868149,2022-03-31,2025-07-31,23,3,Habitat | Integra | Profuturo,USD,BlackRock Fund Advisors | BlackRock USA,1.0011671127760366,0.39713348215715594,2.117192113496737,35569.0065671249,True,True,True,True,US,1101024.167112776,isin_estandar_valido,resuelto,,31,1.0,25.0,BBG000BK4FC1,BBG000BK4FC1,BBG001S8SYR5,EWN,ISHARES MSCI NETHERLANDS ETF,US,Equity,ETP,Mutual Fund,EWN,,True,True
LU1034951563,2016-03-31,2019-02-28,36,1,Prima,EUR | USD,EDM Gestión,0.9797110469343568,0.9085037304800514,1.6625417548027532,75692.26264717839,True,True,True,True,LU,1101015.7110469344,isin_estandar_valido,resuelto,,1,1.0,23.0,BBG0067TYN61,BBG0067TYN61,BBG0067TYN70,EDMSEQI,EDM INTL-SPANISH EQTY-L EUR,LX,Equity,Fund of Funds,Mutual Fund,EDMSEQI,,False,True
LU0278930234,2021-01-29,2021-04-30,4,1,Prima,JPY,Aberdeen GS,1.0110899080026707,0.9472086393712433,1.9515231547509684,52756.72918526665,True,True,True,True,LU,1101015.0899080026,isin_estandar_valido,resuelto,,1,1.0,23.0,BBG000R60WV1,BBG000R60WV1,BBG001ST5RM4,AJSIAJP,ABR SV I-JP S C S EQ-IAJPY,LX,Equity,Open-End Fund,Mutual Fund,AJSIAJP,,False,True
IE00B3SHFF36,2019-10-31,2026-01-30,76,1,Habitat,USD,Nomura Asset Ma | Nomura Asset Management UK Ltd.,0.9341330603291912,0.0012035747425407002,1.8229937623143488,34141.825133446175,True,True,True,True,IE,1101010.1330603291,isin_estandar_valido,resuelto,,1,1.0,23.0,BBG00D2WVZX0,BBG00D2WVZX0,BBG00D32WXP8,NOINEIU,NOMURA FDS IRE-IND EQ-IUSD,ID,Equity,Open-End Fund,Mutual Fund,NOINEIU,,False,True
LU1086912554,2017-05-31,2019-11-29,31,2,Habitat | Profuturo,EUR | USD,NNIPL,0.959947750494711,0.6137492867313505,1.5372282853832528,61364.84435633728,True,True,True,True,LU,1100990.9477504948,isin_estandar_valido,resuelto,,1,1.0,23.0,BBG006TP9JP1,BBG006TP9JP1,BBG006TP9JQ0,IICZEIE,GS CENTRALEUROPE EQ-ICAPEUR,LX,Equity,Open-End Fund,Mutual Fund,IICZEIE,,False,True
US912828XB14,2015-06-30,2015-06-30,1,1,Prima,USD,TREASURY,0.9851580908068068,0.9851580908068068,1.6162361829757728,80250.7536667454,True,True,True,True,US,1100986.1580908068,isin_estandar_valido,resuelto,,1,1.0,6.0,BBG008N18XD9,,,T 2.125 05/15/25,US TREASURY N/B,BERLIN,Govt,US GOVERNMENT,Note,T 2 1/8 05/15/25,,False,True
LU0106243982,2015-01-30,2015-06-30,6,1,Integra,JPY | USD,SCHRODER,0.9713838905261788,0.9221027365197922,1.5394400951623688,83158.56566234914,True,True,True,True,LU,1100977.3838905261,isin_estandar_valido,resuelto,,1,1.0,23.0,BBG000BPHPW2,BBG000BPHPW2,BBG001SBJFP1,SCHJSCA,SCHRODER INTL JPN SM CO-C AC,LX,Equity,Open-End Fund,Mutual Fund,SCHJSCA,,False,True
LU0099390162,2015-01-30,2016-08-31,20,1,Prima,EUR,GAM Luxembourg | Swiss & Global,0.9553252961104464,0.8624296905426521,1.4613475660729058,71394.43564296306,True,True,True,True,LU,1100975.3252961105,isin_estandar_valido,resuelto,,2,1.0,23.0,BBG00NNFS250,BBG00NNFS250,BBG001SD7W55,JBSG1EUR,GAM GERMAN FOCUS EQ C,EO,Equity,Open-End Fund,Mutual Fund,JBSG1EUR,,True,True
US4642861037,2017-01-31,2025-06-30,48,2,Habitat | Profuturo,USD,BlackRock Fund Advisors | BlackRock USA,0.9256913117319308,0.0339072386563371,2.2587329238917007,46517.76961564866,True,True,True,True,US,1100973.691311732,isin_estandar_valido,resuelto,,33,1.0,25.0,BBG000BDNJ29,BBG000BDNJ29,BBG001S6ZW40,EWA,ISHARES MSCI AUSTRALIA ETF,US,Equity,ETP,Mutual Fund,EWA,,True,True
IE00B5M4WH52,2019-01-31,2022-06-30,42,2,Habitat | Integra,USD,BlackRock AMIL,0.918468747202164,0.0021984732634758,1.752199458799892,70063.20879198414,True,True,True,True,IE,1100960.468747202,isin_estandar_valido,resuelto,,179,1.0,23.0,BBG001RW4QP8,BBG001RW4QN0,BBG001V29BG7,SEML,ISHARES JPM EM LCL GOV BND,LN,Equity,ETP,Mutual Fund,SEML,,True,True
IE000NG9LZQ6,2023-08-31,2026-01-30,29,1,Integra,USD,Carne Global Fund Managers (Ireland) Limited | Carne Global Fund Managers (Ireland) Limited Carne | Carne Global Fund Managers (Luxembourg) S.A. | Carne Global IR | Moneda Latam HY,0.9294269888506728,2.023388974798006e-06,2.4334824412080955,37296.4337398528,True,True,True,True,IE,1100958.4269888506,isin_estandar_valido,sin_coincidencia,No identifier found.,0,,,,,,,,,,,,,,,False
LU1432415641,2016-07-29,2017-11-30,17,1,Habitat,EUR,Deutsche Asset,0.9318759074449848,1.5641716473320866e-05,1.600274736811805,3000.034131415677,True,True,True,True,LU,1100948.875907445,isin_estandar_valido,resuelto,,1,1.0,23.0,BBG00DDLDDN2,BBG00DDLDDN2,BBG00DDY0NK9,DEHYCRD,DWS- INVEST- EU H YL CP-RD,LX,Equity,Open-End Fund,Mutual Fund,DEHYCRD,,False,True
LU0912263752,2019-04-30,2020-01-31,8,1,Habitat,USD,Ashmore Inv Ire | Northern Trust,0.9379785682999886,0.479884524588851,1.868963084980813,10952.104355999376,True,True,True,True,LU,1100945.9785683,isin_estandar_valido,resuelto,,1,1.0,23.0,BBG004JD4ZJ0,BBG004JD4ZJ0,BBG004JD4ZM6,ASHMDIU,ASHMORE-EMER MKTS DEBT-INST,LX,Equity,Open-End Fund,Mutual Fund,ASHMDIU,,False,True
US4642877629,2015-01-30,2025-03-31,16,1,Habitat,USD,BlackRock Fund Advisors | BlackRock USA,0.9259719514974336,0.41416922724102445,1.7910550239550649,33489.58281537946,True,True,True,True,US,1100941.9719514975,isin_estandar_valido,resuelto,,96,1.0,25.0,BBG000BXX310,BBG000BXX310,BBG001SFGXR4,IYH,ISHARES U.S. HEALTHCARE ETF,US,Equity,ETP,Mutual Fund,IYH,,True,True
US9220427754,2015-01-30,2015-05-29,5,1,Habitat,USD,VANGUARD GROUP,0.936425135364984,0.8852865969654529,1.4824105529381342,1056.606037964703,True,True,True,True,US,1100941.425135365,isin_estandar_valido,resuelto,,89,1.0,25.0,BBG000HMNZV5,BBG000HMNZV5,BBG001SP7T00,VEU,VANGUARD FTSE ALL-WORLD EX-U,US,Equity,ETP,Mutual Fund,VEU,,True,True
LU2055182070,2021-10-29,2025-06-30,45,1,Profuturo,USD,JP MORGAN ASSET | JP MORGAN ASSET MANAGMENT (EUROPE) | JP Morgan Asset Managment (Europe),0.8799888671228582,7.526351558525849e-06,1.9369352653050476,39888.38312726728,True,True,True,True,LU,1100924.988867123,isin_estandar_valido,resuelto,,1,1.0,23.0,BBG00QNP2PC0,BBG00QNP2PC0,BBG00QQFN4N1,JPCAIUA,JPMORGAN CN A SH OPP-I USD A,LX,Equity,Open-End Fund,Mutual Fund,JPCAIUA,,False,True
LU0100598878,2015-11-30,2017-05-31,19,1,Prima,USD,INVESCO,0.9050873390265052,0.7382775968513616,1.4769334236721698,68160.42700644447,True,True,True,True,LU,1100924.0873390266,isin_estandar_valido,resuelto,,1,1.0,23.0,BBG000K62JB7,BBG000K62JB7,BBG001SCDM16,INVPGLC,INV GLB CONSUMER TRDS-C,LX,Equity,Open-End Fund,Mutual Fund,INVPGLC,,False,True
CVL79033FI12,2017-10-31,2021-02-26,41,1,Profuturo,USD,LARRAIN VIAL,0.8822829773865979,0.5721589402412453,1.4941499307571806,38708.59514458082,True,True,True,True,CV,1100923.2829773866,isin_estandar_valido,sin_coincidencia,No identifier found.,0,,,,,,,,,,,,,,,False
PRIVFAECCM7F,2021-11-30,2026-01-30,51,1,Habitat,EUR,Cinven CM VII | Cinven Capital Management (VII) Limited Partn | Cinven Capital Management (VII) Limited Partnership,0.8570422668757882,0.6937486055172577,1.8822105985067628,30659.39976588283,True,True,False,False,PR,1100908.0422668757,identificador_no_estandar,no_consultado_identificador_no_estandar,identificador_no_estandar,0,,,,,,,,,,,,,,,False
IE00BN6Q7C39,2024-03-29,2026-01-30,23,2,Habitat | Profuturo,USD,NS Partners Eur | NS Partners Europe S.A.,0.8780327161969714,0.4757533085511127,1.7212689172163411,28908.670706153734,True,True,True,True,IE,1100901.032716197,isin_estandar_valido,resuelto,,1,1.0,23.0,BBG00ZF12Y88,BBG00ZF12Y88,BBG00ZGWYCP3,IEPFIIJ,NIPPON INDIA EQUITY FN-J USD,ID,Equity,Open-End Fund,Mutual Fund,IEPFIIJ,,False,True
LU2791994721,2024-04-30,2026-01-30,22,3,Habitat | Integra | Profuturo,USD,Auna S.A.A.,0.8740348074894808,0.5239226592952824,1.9040593633456493,28973.280786003463,True,True,True,True,LU,1100896.0348074895,isin_estandar_valido,resuelto,,73,1.0,17.0,BBG01KY2P870,BBG01KY2P870,BBG01KY2P8C4,AUNA,AUNA SA-CLASS A,US,Equity,Common Stock,Common Stock,AUNA,,True,True
IE00BKLWXN81,2023-08-31,2025-05-30,22,1,Integra,USD,THE VANGUARD GROUP INC. | The Vanguard Group Inc. | VANGUARD GROUP,0.8732561792962001,0.18172345371180293,2.357730835113355,36448.77632276642,True,True,True,True,IE,1100895.2561792962,isin_estandar_valido,resuelto,,1,1.0,23.0,BBG00QVFTZP8,BBG00QVFTZP8,BBG00QXSG9C4,VEMBIPU,VANGUARD EMERMKT BD-IPUSDHA,ID,Equity,Open-End Fund,Mutual Fund,VEMBIPU,,False,True
GB00B4YXVT80,2015-01-30,2015-07-31,7,1,Integra,USD,Henderson Inves,0.8873712646651507,0.7968131768267883,1.389569655911718,76836.25061794868,True,True,True,True,GB,1100894.3712646652,isin_estandar_valido,resuelto,,1,1.0,23.0,BBG0029SJG62,BBG0029SJG62,BBG0029SJG99,HCHNOIA,JAN HND CHINA OPP-IACCUSD,LN,Equity,Open-End Fund,Mutual Fund,HCHNOIA,,False,True
US78468R556X,2022-06-30,2023-11-30,11,1,Habitat,USD,SSGA Funds Mana,0.8668810599535042,0.3662795052958379,1.849751954605657,20268.30315999938,True,True,False,False,US,1100877.8810599535,identificador_no_estandar,no_consultado_identificador_no_estandar,identificador_no_estandar,0,,,,,,,,,,,,,,,False
PRIVFAEHLGII,2020-05-29,2026-01-30,69,1,Habitat,USD,Hamilton Lane Global SMID II GP LLC | Hamilton LaneII,0.8033922932986656,0.6539926038723202,1.8886820127229536,26771.070013731303,True,True,False,False,PR,1100872.3922932986,identificador_no_estandar,no_consultado_identificador_no_estandar,identificador_no_estandar,0,,,,,,,,,,,,,,,False
US5007678502,2021-02-26,2021-02-26,1,1,Habitat,USD,Krane Funds,0.8618331140780674,0.8618331140780674,1.6422916758890256,14225.437626360626,True,True,True,True,US,1100862.833114078,isin_estandar_valido,resuelto,,46,1.0,25.0,BBG00HYC3SY6,BBG00HYC3SY6,BBG00HYC3TN6,KGRN,KRANESHARES MSCI CHINA CLEAN,US,Equity,ETP,Mutual Fund,KGRN,,True,True
US5007678353,2021-01-29,2021-02-26,2,1,Habitat,USD,Krane Funds,0.857502366866685,0.4368398441454422,1.6340390919728909,14153.954211155631,True,True,True,True,US,1100859.5023668667,isin_estandar_valido,resuelto,,40,1.0,25.0,BBG00JXJX9K2,BBG00JXJX9K2,BBG00JXJXB81,KURE,KRANESHARES MSCI ALL CHINA H,US,Equity,ETP,Mutual Fund,KURE,,True,True
IE00B4JNQZ49,2018-08-31,2020-05-29,22,2,Integra | Prima,USD,BlackRock AMIL,0.8336067725511144,0.565954928751356,1.385410091033686,67469.70206827318,True,True,True,True,IE,1100855.606772551,isin_estandar_valido,resuelto,,155,1.0,23.0,BBG00BDQVDQ2,BBG00BDQVDN5,BBG00BDQVDP3,IUFS,ISHARES S&P 500 FINANCIALS,LN,Equity,ETP,Mutual Fund,IUFS,,True,True
AN8068571086,2015-01-30,2015-01-30,1,1,Profuturo,USD,SCC,0.8453546146888985,0.8453546146888985,1.3396578038426885,45624.88634667503,True,True,True,True,AN,1100846.354614689,isin_estandar_valido,resuelto,,123,1.0,17.0,BBG000BT41Q8,BBG000BT41Q8,BBG001S5W4C8,SLB,SLB LTD,US,Equity,Common Stock,Common Stock,SLB,,True,True
SCHLUMBERGER,2015-01-30,2015-01-30,1,1,Profuturo,,SCC,0.8453546146888985,0.8453546146888985,1.3396578038426885,45624.88634667503,True,True,False,False,SC,1100846.354614689,identificador_no_estandar,no_consultado_identificador_no_estandar,identificador_no_estandar,0,,,,,,,,,,,,,,,False
LU0149084476,2015-01-30,2016-08-31,20,2,Habitat | Profuturo,USD,MORGAN STAN INV,0.8258530377916228,0.7077110524284603,1.3157083524791546,45115.05961290047,True,True,True,True,LU,1100845.8530377916,isin_estandar_valido,resuelto,,1,1.0,23.0,BBG000CBQHX9,BBG000CBQHX9,BBG001SF7N50,MORSCUI,MORGAN ST-GLOBAL CONV BOND-,LX,Equity,Open-End Fund,Mutual Fund,MORSCUI,,False,True
LU0131718073,2017-10-31,2018-08-31,11,1,Prima,EUR,Pic Asset Ma Eu,0.8346162757335619,0.7408634003848321,1.3276954567790245,66598.77967234868,True,True,True,True,LU,1100845.6162757336,isin_estandar_valido,resuelto,,2,1.0,23.0,BBG00NWMW0Y2,BBG00NWMW0Y2,BBG001SJ7PH4,PIPP1EUR,PICTET-EMERGING EUROPE-IE,EO,Equity,Open-End Fund,Mutual Fund,PIPP1EUR,,True,True
US46434V4648,2016-09-30,2020-08-31,48,1,Integra,USD,BlackRock USA,0.796524009643926,0.4072524627251697,1.514882477881129,45400.51967443898,True,True,True,True,US,1100844.5240096438,isin_estandar_valido,resuelto,,45,1.0,25.0,BBG007PGJH67,BBG007PGJH67,BBG007PGJH85,CRBN,ISH LOW CAR OPT MS AC ETF-US,US,Equity,ETP,Mutual Fund,CRBN,,True,True
US92204A8018,2016-04-29,2019-03-29,36,1,Profuturo,USD,VANGUARD GROUP,0.8082970436990451,0.00481493841721855,1.2582138250605452,45597.12637296813,True,True,True,True,US,1100844.297043699,isin_estandar_valido,resuelto,,84,1.0,25.0,BBG000HSWLH9,BBG000HSWLH9,BBG001SHTTP7,VAW,VANGUARD MATERIALS ETF,US,Equity,ETP,Mutual Fund,VAW,,True,True
LU0195951966,2015-01-30,2019-11-29,59,2,Habitat | Integra,USD,FRANKLIN TEMP,0.7852640078755753,5.266274472575161e-06,1.3558431469510857,8667.59687543185,True,True,True,True,LU,1100844.2640078755,isin_estandar_valido,resuelto,,3,1.0,23.0,BBG000C00QX1,BBG000C00QX1,BBG001SK34K8,TEMEFIA,FRANK TEMP INV EMKT BND-IACC,LX,Equity,Open-End Fund,Mutual Fund,TEMEFIA,,True,True
LU1863154644,2021-09-30,2025-06-30,46,3,Habitat | Prima | Profuturo,USD,MDO Mang Com | Waystone MC Lu | Waystone Management Company (Lux) S.A,0.7871260593150514,0.0081124918606072,2.0540910103886247,35210.09909732831,True,True,True,True,LU,1100833.1260593152,isin_estandar_valido,resuelto,,1,1.0,23.0,BBG00MMM0BY6,BBG00MMM0BY6,BBG00MMNFV10,CCLAMES,CREDICORP CAP LATN AMER EQ-S,LX,Equity,Open-End Fund,Mutual Fund,CCLAMES,,False,True
IE00BKLWXM74,2023-07-31,2025-05-30,23,1,Integra,USD,THE VANGUARD GROUP INC. | The Vanguard Group Inc. | VANGUARD GROUP,0.8092162148866098,1.3807148867065534e-05,2.048741877347731,33044.92619377063,True,True,True,True,IE,1100832.2162148866,isin_estandar_valido,resuelto,,3,1.0,23.0,BBG00QVFTTL6,BBG00QVFTTL6,BBG00QXSG6B1,VEMBIUA,VANGUARD EMER MKT BD-I USDHA,ID,Equity,Open-End Fund,Mutual Fund,VEMBIUA,,True,True
LU0946219929,2024-05-31,2025-06-30,14,1,Profuturo,USD,Jupiter Asset Management International S.A.,0.8161645303802053,0.2619208588227955,1.5999843873275084,26871.699898607203,True,True,True,True,LU,1100830.1645303802,isin_estandar_valido,resuelto,,1,1.0,23.0,BBG007HM6RR2,BBG007HM6RR2,BBG007HM6RS1,JGFDUSA,JUPITER JGF-INDIA SEL-DUSDA,LX,Equity,Open-End Fund,Mutual Fund,JGFDUSA,,False,True
MXBIGO000NO8,2019-04-30,2019-08-30,5,1,Profuturo,MXN,GOB MEX,0.8217910287070396,0.8004565744488268,1.347062995297224,48600.47367287767,True,True,True,True,MX,1100826.791028707,isin_estandar_valido,resuelto,,1,1.0,6.0,BBG00LY0GJ33,,,MCET 0 09/12/19 BI,MEXICO CETES,MEXICO,Govt,DOMESTIC,Govt,MCET 0 09/12/19,,False,True
PRIVFAECVCII,2019-05-31,2026-01-30,75,1,Habitat,USD,CVC Credit Part | CVC Credit Partners Global Special Situations | CVC Credit Partners Global Special Situations II S.à R.L.,0.7464322661342839,0.6074987167069291,1.6318566894820876,24713.46754477909,True,True,False,False,PR,1100821.4322661343,identificador_no_estandar,no_consultado_identificador_no_estandar,identificador_no_estandar,0,,,,,,,,,,,,,,,False
LU0815264279,2022-03-31,2025-06-30,40,1,Profuturo,USD,MSI Mang | Morgan Stanley Investment Management Inc.,0.776634573321785,4.337912673108303e-07,2.026712337291282,32071.63612482933,True,True,True,True,LU,1100816.6345733218,isin_estandar_valido,resuelto,,1,1.0,23.0,BBG00395L7H5,BBG00395L7H5,BBG00395L7J3,MSEMLEZ,MORGAN ST EMERG LEAD EQ-Z,LX,Equity,Open-End Fund,Mutual Fund,MSEMLEZ,,False,True
GB00BZ0FTN58,2018-03-30,2018-11-30,9,2,Habitat | Prima,USD,M&G,0.8073547378841673,0.6610905395079021,1.3210371057384396,58008.75654298006,True,True,True,True,GB,1100816.3547378841,isin_estandar_valido,sin_coincidencia,No identifier found.,0,,,,,,,,,,,,,,,False
LU0963031652,2015-09-30,2019-08-30,48,1,Prima,USD,Robeco Luxembou,0.7660641821069337,0.6839246420666414,1.4809618744693376,61231.29445113965,True,True,True,True,LU,1100814.0641821069,isin_estandar_valido,resuelto,,1,1.0,23.0,BBG005474DG8,BBG005474DG8,BBG005474DK3,ROBASIL,ROBECO ASIAN STARS EQ-IL-USD,LX,Equity,Open-End Fund,Mutual Fund,ROBASIL,,False,True
LU1003376065,2023-01-31,2023-07-31,7,1,Habitat,USD,Aberdeen GS,0.8025203923147327,0.7191204407918689,1.6587276921148617,23680.058394252384,True,True,True,True,LU,1100809.5203923148,isin_estandar_valido,resuelto,,1,1.0,23.0,BBG0060GNF38,BBG0060GNF38,BBG0060GNF47,AFMEI2A,ABR SV I-FTR MKT B-IACCUSD,LX,Equity,Open-End Fund,Mutual Fund,AFMEI2A,,False,True
MX0MGO0000H9,2019-01-31,2019-10-31,10,1,Profuturo,MXN,GOB MEX,0.7931917190372941,0.007165527924826999,1.2552152939033876,47101.61258133861,True,True,True,True,MX,1100803.1917190372,isin_estandar_valido,resuelto,,1,1.0,6.0,BBG0000B07Z0,,,MBONO 8.5 05/31/29 M,MEX BONOS DESARR FIX RT,MEXICO,Govt,DOMESTIC,Govt,MBONO 8 1/2 05/31/29,,False,True
IE0007357332,2015-12-31,2016-09-30,10,1,Integra,USD,PineBridge inve,0.7899323474328994,0.7505049791630789,1.293368573924615,62527.694865155056,True,True,True,True,IE,1100799.932347433,isin_estandar_valido,resuelto,,1,1.0,23.0,BBG000ND5S62,BBG000ND5S62,BBG001SH9X89,PBIBALI,PBI-GLOBAL DYN ASSET ALL-Y,ID,Equity,Open-End Fund,Mutual Fund,PBIBALI,,False,True
LU0114720955,2015-01-30,2015-11-30,11,1,Prima,EUR,FIDELITY,0.7872103822347419,0.7377380782122003,1.2283476713320414,61391.045068665815,True,True,True,True,LU,1100798.2103822348,isin_estandar_valido,resuelto,,18,1.0,23.0,BBG000C3PBH9,BBG000C3PBH9,BBG001SFXSM1,FIDHCFE,FDLTY FD-GLBL HLTHCRE-A EURI,LX,Equity,Open-End Fund,Mutual Fund,FIDHCFE,,True,True
LU2026682919,2020-08-31,2021-12-31,17,1,Habitat,USD,Candriam Luxemb,0.7755339882457917,0.6764014524975202,1.5731242567219854,12694.245600422477,True,True,True,True,LU,1100792.5339882458,isin_estandar_valido,resuelto,,1,1.0,23.0,BBG00RCYJ207,BBG00RCYJ207,BBG00RD23BQ5,CACELBV,CANDR EQ L BIOTEC-V2,LX,Equity,Open-End Fund,Mutual Fund,CACELBV,,False,True
LU1892591238,2019-02-28,2023-07-31,19,1,Habitat,USD,DMS Investment,0.7679931940020668,0.7121384616552175,1.575334807945025,15769.898178170852,True,True,True,True,LU,1100786.993194002,isin_estandar_valido,sin_coincidencia,No identifier found.,0,,,,,,,,,,,,,,,False
LU1571394011,2023-12-29,2026-01-30,26,1,Profuturo,EUR,DWS | DWS INVESTMENT SA | DWS Investment S.A.,0.7561615846194988,0.5342817088596434,1.3856840496129457,26908.71173227683,True,True,True,True,LU,1100782.1615846194,isin_estandar_valido,resuelto,,1,1.0,23.0,BBG00G2BZ605,BBG00G2BZ605,BBG00G38XBL9,DILAEIC,DWS INVEST-LATIN AM EQ-IC,LX,Equity,Open-End Fund,Mutual Fund,DILAEIC,,False,True
LU079478709X,2019-09-30,2019-10-31,2,1,Habitat,USD,Ashmore,0.7718614682029793,0.7669606754910632,1.5639422338769766,10057.574687131872,True,True,False,False,LU,1100773.861468203,identificador_no_estandar,no_consultado_identificador_no_estandar,identificador_no_estandar,0,,,,,,,,,,,,,,,False
US40053C1053,2015-05-29,2016-04-29,10,1,Prima,USD,Santander Mexic,0.7625046175909185,0.5737540287144084,1.2128602006926776,61197.88730984256,True,True,True,True,US,1100772.504617591,isin_estandar_valido,sin_coincidencia,No identifier found.,0,,,,,,,,,,,,,,,False
IE00BD4GV785,2022-09-30,2026-01-30,41,1,Habitat,USD,FRANKLIN TEMP | FRANKLIN TEMPLETON INTERNATIONAL SERVICES S.A,0.7292253549343307,1.9170445244899024e-06,1.8384653298190257,20063.27179188441,True,True,True,True,IE,1100770.2253549343,isin_estandar_valido,resuelto,,1,1.0,23.0,BBG00FGDTH65,BBG00FGDTH65,BBG00FGXKTY3,LMRIPUA,FTGF CB INF VL-PR USD AC,ID,Equity,Open-End Fund,Mutual Fund,LMRIPUA,,False,True
US4642872422,2015-01-30,2024-08-30,21,3,Habitat | Integra | Prima,USD,BlackRock Fund Advisors | BlackRock Luxembourg S.A. | BlackRock USA,0.7394026755910849,0.00529598939854395,1.7425990154251707,29577.807423159244,True,True,True,True,US,1100760.4026755912,isin_estandar_valido,resuelto,,121,1.0,25.0,BBG000BBV9N3,BBG000BBV9N3,BBG001S60QR6,LQD,ISHR IBX USD INVGD CB ETF-UI,US,Equity,ETP,Mutual Fund,LQD,,True,True
LU0085136942,2015-01-30,2017-04-28,25,2,Integra | Prima,EUR,ROBECO,0.7353743826831854,0.2634994307291962,1.26995021894726,56585.03973756645,True,True,True,True,LU,1100760.374382683,isin_estandar_valido,resuelto,,11,1.0,23.0,BBG000BZWSG5,BBG000BZWSG5,BBG001SBMT95,RGCGMNA,ROBECO HIGH YLD BD-DE,LX,Equity,Open-End Fund,Mutual Fund,RGCGMNA,,True,True
US195325EM30,2023-11-30,2024-08-30,8,2,Habitat | Integra,USD,GOB COL | República de Colombia,0.7477494645230237,0.3091263597685605,1.9343035210983175,30652.26909473775,True,True,True,True,US,1100755.749464523,isin_estandar_valido,resuelto,,1,1.0,6.0,BBG01K2C9RD2,,,COLOM 8.75 11/14/53,REPUBLIC OF COLOMBIA,MUNICH,Govt,GLOBAL,Govt,COLOM 8 3/4 11/14/53,,False,True
LU0313358250,2018-06-29,2019-05-31,12,1,Prima,USD,GOLDMAN,0.725601561986942,0.6800305734254527,1.2529526728275748,51280.0326324603,True,True,True,True,LU,1100737.6015619868,isin_estandar_valido,resuelto,,1,1.0,23.0,BBG000RSRL20,BBG000RSRL20,BBG001SV75J9,GSECSAI,GS EMRG MKT CORE EQ I CLAUSD,LX,Equity,Open-End Fund,Mutual Fund,GSECSAI,,False,True
LU1670715629,2018-12-31,2019-09-30,10,2,Habitat | Prima,USD,M&G Luxembourg,0.7170723405911662,0.1928204013298062,1.3636289567014626,50696.567561364296,True,True,True,True,LU,1100727.072340591,isin_estandar_valido,resuelto,,1,1.0,23.0,BBG00LY0LHQ6,BBG00LY0LHQ6,BBG00LY8K4R8,MGJSUAA,M&G LX 1 JP SMLR COS-USD A A,LX,Equity,Open-End Fund,Mutual Fund,MGJSUAA,,False,True
LU0113993553,2018-03-30,2019-12-31,22,1,Habitat,EUR | USD,Henderson,0.7002216209872335,0.005664226078453349,1.1457401562894745,6610.9167177363415,True,True,True,True,LU,1100722.2216209872,isin_estandar_valido,resuelto,,1,1.0,23.0,BBG000FQ3PP9,BBG000FQ3PP9,BBG001SGXX57,GASMCOB,JAN HND P/E SM CO-IEUA,LX,Equity,Open-End Fund,Mutual Fund,GASMCOB,,False,True
COL17CT03722,2023-07-31,2024-05-31,11,1,Habitat,COP,GOB COL | REPUBLICA DE COLOMBIA | República de Colombia,0.7023426642825366,0.640773521711885,1.523083778812147,25139.73726454069,True,True,True,True,CO,1100713.3426642825,isin_estandar_valido,resuelto,,1,1.0,6.0,BBG00X8RDPM5,,,COLTES 7.25 10/26/50 B,TITULOS DE TESORERIA,COLOMBIA,Govt,DOMESTIC,Govt,COLTES 7 1/4 10/26/50,,False,True
LU1769937829,2018-09-28,2025-06-30,82,1,Habitat,EUR,Deutsche Asset | Deutsche Asset Management S.A.,0.6250954941509086,0.00766288853026135,1.1621944750634838,13953.456663622774,True,True,True,True,LU,1100707.0954941509,isin_estandar_valido,resuelto,,1,1.0,23.0,BBG00LPZQ991,BBG00LPZQ991,BBG00LQ0GKG5,DIICEIC,DWSI CROCI EURO-IC,LX,Equity,Open-End Fund,Mutual Fund,DIICEIC,,False,True
US26875P1012,2015-01-30,2015-08-31,4,1,Profuturo,USD,EOG Resources,0.6985463523520017,0.5857342159041239,1.107006522485945,37701.453780640295,True,True,True,True,US,1100702.546352352,isin_estandar_valido,resuelto,,142,1.0,19.0,BBG000BZ9223,BBG000BZ9223,BBG001S5ZB93,EOG,EOG RESOURCES INC,US,Equity,Common Stock,Common Stock,EOG,,True,True
US279158AV11,2024-01-31,2024-07-31,7,1,Integra,USD,ECOPETROL | ECOPETROL S.A.,0.6942040116820589,0.2744804226311294,1.8308944849252515,28999.06653223155,True,True,True,True,US,1100701.204011682,isin_estandar_valido,resuelto,,1,1.0,6.0,BBG01KY1MDH3,,,ECOPET 8.375 01/19/36,ECOPETROL SA,NEW YORK,Corp,GLOBAL,Corp,ECOPET 8 3/8 01/19/36,,False,True
IE00B945VV12,2015-11-30,2020-09-30,59,1,Integra,EUR | GBP,Vanguard Grp Ir,0.6412257944149308,0.2053956236744215,1.0474643170136226,55808.83670244364,True,True,True,True,IE,1100700.225794415,isin_estandar_valido,resuelto,,163,1.0,23.0,BBG004LT5543,BBG004LT5525,BBG004LT5598,VEUR,VANG FTSE EUR EURD,LN,Equity,ETP,Mutual Fund,VEUR,,True,True
LU0264410993,2015-06-30,2016-12-30,19,1,Prima,EUR | USD,SCHRODER,0.6806906472776808,0.6310493667736891,1.1717155226128806,52068.46582967597,True,True,True,True,LU,1100699.6906472777,isin_estandar_valido,resuelto,,3,1.0,23.0,BBG000QCTNP5,BBG000QCTNP5,BBG001SS1YF3,SISINCA,SCHRODER INTL-INDIAN EQ-C-AC,LX,Equity,Open-End Fund,Mutual Fund,SISINCA,,True,True
US92189F4946,2018-05-31,2018-10-31,5,1,Integra,USD,VAN ECK,0.6901513835530486,0.511065500502138,1.131251955080541,57566.5541349694,True,True,True,True,US,1100695.151383553,isin_estandar_valido,sin_coincidencia,No identifier found.,0,,,,,,,,,,,,,,,False
XS0835507087,2015-01-30,2015-12-31,12,2,Integra | Prima,COP | USD,BTG Pactual,0.6825382309522875,0.2881442696819303,1.1936190234516395,56225.42919324654,True,True,True,True,XS,1100694.5382309523,isin_estandar_valido,resuelto,,1,1.0,6.0,BBG003FD9XT5,,,BTGPBZ 7 09/27/17,BANCO BTG PACTUAL/CAYMAN,NOT LISTED,Corp,EURO NON-DOLLAR,Corp,BTGPBZ 7 09/27/17,,False,True
LU0187077309,2015-01-30,2016-04-29,12,1,Prima,EUR,ROBECO,0.6800177436075059,0.42993296936698694,1.0816543768510871,54577.57013126998,True,True,True,True,LU,1100692.0177436075,isin_estandar_valido,resuelto,,18,1.0,23.0,BBG000HJTMV5,BBG000HJTMV5,BBG001SHQGR6,ROCHINE,ROBECO CHINESE EQUIT-DE,LX,Equity,Open-End Fund,Mutual Fund,ROCHINE,,True,True
LU1694772994,2021-03-31,2026-01-30,59,1,Habitat,USD,AXA FUNDS | AXA FUNDS MANAGEMENT | AXA Funds Management,0.6312994098205258,0.0058415185456361,1.1505025131318074,10779.998857376457,True,True,True,True,LU,1100690.2994098205,isin_estandar_valido,resuelto,,1,1.0,23.0,BBG00J299QP2,BBG00J299QP2,BBG00J2D5BX1,AXFDICU,AXA WRD FD-DIGITAL ECONO ICU,LX,Equity,Open-End Fund,Mutual Fund,AXFDICU,,False,True
LU0880945901,2017-03-31,2017-04-28,2,1,Prima,USD,Ashmore,0.6879051843376253,0.5818755514128409,1.1047052099634838,51153.14247003486,True,True,True,True,LU,1100689.9051843376,isin_estandar_valido,resuelto,,1,1.0,23.0,BBG0046LYRS1,BBG0046LYRS1,BBG0046LYRV7,ASHIUSA,ASHMORE-EM LOC CUR BD-I US A,LX,Equity,Open-End Fund,Mutual Fund,ASHIUSA,,False,True
LU084619477X,2015-12-31,2020-04-30,53,1,Integra,GBP,DeAWM Investmen | Deutsche Asset,0.6326820070143384,0.5522824733535642,1.0948494580951422,52695.01426341818,True,True,False,False,LU,1100685.6820070143,identificador_no_estandar,no_consultado_identificador_no_estandar,identificador_no_estandar,0,,,,,,,,,,,,,,,False
LU0318933560,2021-05-31,2026-01-30,57,1,Prima,USD,JP MORGAN ASSET | JP MORGAN ASSET MANAGMENT (EUROPE) | JP Morgan Asset Managment (Europe),0.6233149198091218,0.0002329418865512,1.2314708727253827,29431.759899550405,True,True,True,True,LU,1100680.314919809,isin_estandar_valido,resuelto,,1,1.0,23.0,BBG001KWF0Y0,BBG001KWF0Y0,BBG001V0SJN5,JPMEMSU,JPM EM MKT SC-I PERF ACC USD,LX,Equity,Open-End Fund,Mutual Fund,JPMEMSU,,False,True
LU1102506067,2022-08-31,2025-06-30,35,1,Profuturo,USD,FIL Investment Management (Luxembourg) S.A. | FILIMSA,0.640733854082469,1.7482673393254358e-06,1.7714247185907663,25876.408330029008,True,True,True,True,LU,1100675.7338540824,isin_estandar_valido,resuelto,,1,1.0,23.0,BBG0076MC9K4,BBG0076MC9K4,BBG0076MC9J6,FEMFIAU,FDFN-EMR MRK EQU ES FN-I USD,LX,Equity,Open-End Fund,Mutual Fund,FEMFIAU,,False,True
US4642863504,2022-05-31,2022-11-30,7,1,Habitat,USD,BlackRock USA,0.6652557335022595,0.6277461996622358,1.5767093406544432,17239.028102765977,True,True,True,True,US,1100672.2557335023,isin_estandar_valido,resuelto,,40,1.0,25.0,BBG002GKQWJ4,BBG002GKQWJ4,BBG002GKQX93,VEGI,ISHARES MSCI AGRICULTURE PRO,US,Equity,ETP,Mutual Fund,VEGI,,True,True
LU1130125799,2021-02-26,2025-06-30,53,1,Profuturo,USD,Aberdeen GS | Aberdeen Global Services S.A.,0.618905892873178,1.587240107763034e-06,1.0717978321027384,29027.888910513248,True,True,True,True,LU,1100671.9058928732,isin_estandar_valido,resuelto,,3,1.0,23.0,BBG0087KWRT4,BBG0087KWRT4,BBG0087KWRV1,ABCAI2A,ABR SV I-CHNA A SH-IACCUSD,LX,Equity,Open-End Fund,Mutual Fund,ABCAI2A,,True,True
US5007676118,2021-02-26,2021-02-26,1,1,Habitat,USD,Krane Funds,0.6703296223566605,0.6703296223566605,1.27736651204894,11064.476493383812,True,True,True,True,US,1100671.3296223567,isin_estandar_valido,sin_coincidencia,No identifier found.,0,,,,,,,,,,,,,,,False
US1512908898,2015-01-30,2018-06-29,29,2,Integra | Prima,MXN | USD,Cemex,0.6374674438995691,0.0314034378755855,1.070346391826913,52538.40864962177,True,True,True,True,US,1100666.4674438995,isin_estandar_valido,resuelto,,116,1.0,19.0,BBG000BPCTB2,BBG000BPCTB2,BBG001SD8F15,CX,CEMEX SAB-SPONS ADR PART CER,US,Equity,ADR,Depositary Receipt,CX,,True,True
LU1796233820,2020-02-28,2026-01-30,47,1,Habitat,EUR,DWS | DWS INVESTMENT SA | DWS Investment S.A.,0.6184115902588367,0.199703974782635,1.1988038171936923,30835.449238527483,True,True,True,True,LU,1100665.4115902588,isin_estandar_valido,resuelto,,1,1.0,23.0,BBG00KN2JQ34,BBG00KN2JQ34,BBG00KP2PML4,DFC5IDH,DWS INVEST-LATIN AM EQ-FC50,LX,Equity,Open-End Fund,Mutual Fund,DFC5IDH,,False,True
LU1887442066,2021-07-30,2026-01-30,55,1,Habitat,USD,Invesco Managem | Invesco Management S.A.,0.6028409898078648,0.0051979359504747,1.098638875632708,10294.046026680098,True,True,True,True,LU,1100657.8409898079,isin_estandar_valido,resuelto,,1,1.0,23.0,BBG00M53PZH6,BBG00M53PZH6,BBG00M5688S6,INVGLSA,INV GLB CONSUMER TRDS-SACC,LX,Equity,Open-End Fund,Mutual Fund,INVGLSA,,False,True
IE0032895942,2015-01-30,2015-03-31,3,1,Profuturo,USD,BlackRock AMIL,0.6542184776326468,0.6339887135541964,1.0367588627894295,35399.60530670251,True,True,True,True,IE,1100657.2184776326,isin_estandar_valido,resuelto,,130,1.0,23.0,BBG000PQKX18,BBG000PQKWN6,BBG001SLN5S3,LQDE,ISHARES USD CORP BOND USD D,LN,Equity,ETP,Mutual Fund,LQDE,,True,True
GB00BPCJD997,2023-10-31,2024-05-31,5,1,Integra,GBP,GOB UK | GOBIERNO DEL REINO UNIDO | Gobierno Reino Unido,0.6463351443954837,0.4427151053449782,1.581187946240269,26321.52684834598,True,True,True,True,GB,1100651.3351443955,isin_estandar_valido,resuelto,,1,1.0,6.0,BBG01C9QT7M4,,,UKT 3.75 10/22/53,UNITED KINGDOM GILT,LONDON,Govt,UK GILT STOCK,Govt,UKT 3 3/4 10/22/53,,False,True
LU2026683131,2020-06-30,2021-02-26,9,1,Habitat,EUR,Candriam Equiti,0.6319596553535021,0.493538771976562,1.3043628280732136,8116.900415650138,True,True,True,True,LU,1100640.9596553536,isin_estandar_valido,resuelto,,1,1.0,23.0,BBG00RCYJ1Z1,BBG00RCYJ1Z1,BBG00RD2C631,CAELEIV,CANDR EQUITIES L-E INN-V2EUR,LX,Equity,Open-End Fund,Mutual Fund,CAELEIV,,False,True
LU154849971X,2019-10-31,2019-10-31,1,1,Habitat,EUR,ALLIANZ,0.6380133753977612,0.6380133753977612,1.309367001349082,8300.678195591374,True,True,False,False,LU,1100639.0133753978,identificador_no_estandar,no_consultado_identificador_no_estandar,identificador_no_estandar,0,,,,,,,,,,,,,,,False
US59156R1086,2015-01-30,2017-06-30,30,1,Profuturo,USD,MetLife,0.6064825311797992,3.052833753338645e-05,0.9669672092791416,34999.34228933289,True,True,True,True,US,1100636.48253118,isin_estandar_valido,resuelto,,116,1.0,19.0,BBG000BB6KF5,BBG000BB6KF5,BBG001S5T3R8,MET,METLIFE INC,US,Equity,Common Stock,Common Stock,MET,,True,True
LU2058011201,2022-09-30,2026-01-30,41,1,Habitat,EUR,DWS | DWS INVESTMENT SA | DWS Investment S.A.,0.5935877656090589,1.4892292571318417e-05,1.4029428754354605,15546.939308115378,True,True,True,True,LU,1100634.5877656091,isin_estandar_valido,resuelto,,1,1.0,23.0,BBG00QPV81Z7,BBG00QPV81Z7,BBG00QS3FPF7,DWIGAIC,DWS INVEST-GLB AGRI-IC,LX,Equity,Open-End Fund,Mutual Fund,DWIGAIC,,False,True
US4642865178,2017-03-31,2019-12-31,20,2,Habitat | Integra,USD,BlackRock USA,0.6142723455470795,0.24423661915509035,1.0966388576971324,19020.21727169127,True,True,True,True,US,1100634.272345547,isin_estandar_valido,resuelto,,53,1.0,25.0,BBG0025X4HC2,BBG0025X4HC2,BBG0025X4J38,LEMB,ISHARES JP MORGAN EM LOCAL C,US,Equity,ETP,Mutual Fund,LEMB,,True,True
US4062161017,2015-01-30,2015-03-31,3,1,Profuturo,USD,Halliburton,0.6204081413816667,0.6047260141970316,0.9716237126396444,34641.31594843992,True,True,True,True,US,1100623.4081413816,isin_estandar_valido,resuelto,,176,1.0,19.0,BBG000BKTFN2,BBG000BKTFN2,BBG001S5RS59,HAL,HALLIBURTON CO,US,Equity,Common Stock,Common Stock,HAL,,True,True
PRIVFAESPOR7,2019-09-30,2026-01-30,77,1,Habitat,USD,SPFSA RE VII | SPFSA RE VII L.L.C.,0.5320342197798495,0.3165432736647804,1.208187398446208,13310.613317514746,True,True,True,False,PR,1100609.0342197798,formato_isin_checksum_invalido,no_consultado_identificador_no_estandar,formato_isin_checksum_invalido,0,,,,,,,,,,,,,,,False
LU1713307699,2020-12-31,2026-01-30,62,2,Habitat | Integra,USD,Schroder Invest | Schroder Investment Management (Europe) SA,0.5318147551611061,2.8807837487686328e-05,1.0815269113447112,11612.314733395917,True,True,True,True,LU,1100593.814755161,isin_estandar_valido,resuelto,,1,1.0,23.0,BBG00JGFCWF7,BBG00JGFCWF7,BBG00JGGVLD0,SCISCAC,SCHRODER INTL SEL CHINA A-C,LX,Equity,Open-End Fund,Mutual Fund,SCISCAC,,False,True
LU0132414144,2015-01-30,2026-01-30,133,2,Integra | Prima,USD,ABERDEEN | Aberdeen GS | Aberdeen Global Services S.A.,0.4608077260636374,4.042049798714163e-09,0.7748242680235339,37537.2923971834,True,True,True,True,LU,1100593.8077260635,isin_estandar_valido,resuelto,,18,1.0,23.0,BBG000K85V23,BBG000K85V23,BBG001SJJH43,ABESOAA,ABR SV I-SL EM MK BD-AAUSD,LX,Equity,Open-End Fund,Mutual Fund,ABESOAA,,True,True
LU1378878604,2021-04-30,2026-01-30,58,1,Habitat,USD,MSIM FM | MSIM Fund Management (Ireland) Limited,0.5336057027511056,0.05132111492531765,1.0229729708702855,9394.633582646546,True,True,True,True,LU,1100591.605702751,isin_estandar_valido,resuelto,,1,1.0,23.0,BBG00CGLQX35,BBG00CGLQX35,BBG00CGLQX26,MSAIOPZ,MSIF-ASIAN OPP-Z USD,LX,Equity,Open-End Fund,Mutual Fund,MSAIOPZ,,False,True
LU0231204701,2024-02-29,2025-06-30,17,1,Profuturo,USD,FRANKLIN TEMP | FRANKLIN TEMPLETON INTERNATIONAL SERVICES S.A,0.5698482748575462,5.95397233274445e-06,1.3531077637842517,21305.52571030226,True,True,True,True,LU,1100586.8482748575,isin_estandar_valido,resuelto,,1,1.0,23.0,BBG000K9ZK13,BBG000K9ZK13,BBG001SPQQH7,FRAINIA,FRANK-INDIA-I ACCUSD,LX,Equity,Open-End Fund,Mutual Fund,FRAINIA,,False,True
LU1564424452,2020-06-30,2026-01-30,35,1,Habitat,USD,Edm Roths LU | Edmond de Rothschild Asset Management Luxembo | Edmond de Rothschild Asset Management Luxembourg,0.5498429614741958,0.4924625314830583,1.2043331204974486,19572.61288616094,True,True,True,True,LU,1100584.842961474,isin_estandar_valido,resuelto,,1,1.0,23.0,BBG00JNG2BJ0,BBG00JNG2BJ0,BBG00JNKV8Y9,ERECKUA,EDR FUND EMERGING CRD-KUSACC,LX,Equity,Open-End Fund,Mutual Fund,ERECKUA,,False,True
LU0255798018,2015-01-30,2019-11-29,59,3,Integra | Prima | Profuturo,EUR | USD,PAI Europe | PICTET | Pic Asset Ma Eu,0.5105263648742242,0.00014331173971655,0.8262216154647917,32440.16395369699,True,True,True,True,LU,1100569.5263648743,isin_estandar_valido,resuelto,,5,1.0,23.0,BBG000PR6XB1,BBG000PR6XB1,BBG001SR9XG8,PFEMGDI,PICTET-EMERG LOCAL CCY-IUSD,LX,Equity,Open-End Fund,Mutual Fund,PFEMGDI,,True,True
LU0248053877,2021-02-26,2026-01-30,60,1,Habitat,USD,JP MORGAN ASSET | JP MORGAN ASSET MANAGMENT (EUROPE) | JP Morgan Asset Managment (Europe),0.5040535932972542,0.1218316012752501,1.04182729998998,14873.165389211255,True,True,True,True,LU,1100564.0535932973,isin_estandar_valido,resuelto,,1,1.0,23.0,BBG001BH15Y7,BBG001BH15Y7,BBG001SRC8F0,JPGACCI,JPM GREATER CHINA-I AC,LX,Equity,Open-End Fund,Mutual Fund,JPGACCI,,False,True
LU1562332939,2017-06-30,2020-05-29,36,1,Profuturo,JPY,Henderson,0.5269894496533855,0.00024014738865079998,0.8537357621411638,32638.30026434467,True,True,True,True,LU,1100562.9894496533,isin_estandar_valido,sin_coincidencia,No identifier found.,0,,,,,,,,,,,,,,,False
GB00B8JYLC77,2021-02-26,2022-08-31,19,1,Habitat,GBP,Legg Mason Inv,0.5388144873114122,0.4192355338068693,1.0413823869718148,9209.739660386247,True,True,True,True,GB,1100557.8144873115,isin_estandar_valido,sin_coincidencia,No identifier found.,0,,,,,,,,,,,,,,,False
PRIVFAESPOS8,2019-10-31,2026-01-30,76,1,Habitat,USD,Strategic PFS | Strategic Partners Fund Solutions GP (Offshor | Strategic Partners Fund Solutions GP (Offshore) Ltd.,0.4766804553481212,0.22761313495649885,1.2505224487693083,11132.427296522335,True,True,True,False,PR,1100552.6804553482,formato_isin_checksum_invalido,no_consultado_identificador_no_estandar,formato_isin_checksum_invalido,0,,,,,,,,,,,,,,,False
IE00B3VTL690,2025-10-31,2026-01-30,4,1,Prima,JPY,Nomura Asset Management UK Ltd.,0.5461243993196008,0.5325395333291769,0.9652679077179716,15950.71481363546,True,True,True,True,IE,1100550.1243993195,isin_estandar_valido,resuelto,,1,1.0,23.0,BBG000P3RGN5,BBG000P3RGN5,BBG001T5H737,NOMIRL6,NOMURA FDS IR-JP STR V-I JPY,ID,Equity,Open-End Fund,Mutual Fund,NOMIRL6,,False,True
LU0990544842,2017-03-31,2020-06-30,29,1,Habitat,EUR | USD,Robeco Luxembou,0.5131219708642536,0.2660811391201634,1.010916396345381,5595.39858751902,True,True,True,True,LU,1100542.1219708642,isin_estandar_valido,resuelto,,1,1.0,23.0,BBG005NKJPV8,BBG005NKJPV8,BBG005NKJPW7,RHYBIUS,ROBECO HIGH YLD BD-I USD,LX,Equity,Open-End Fund,Mutual Fund,RHYBIUS,,False,True
PRIVFAEOSF6F,2019-08-30,2026-01-30,78,1,Habitat,USD,"Oaktree SSF II | Oaktree Special Situations Fund II GP, L.P.",0.4603177329320205,0.3351841431901853,1.1180758642970607,14532.01250598959,True,True,False,False,PR,1100538.317732932,identificador_no_estandar,no_consultado_identificador_no_estandar,identificador_no_estandar,0,,,,,,,,,,,,,,,False
US81369Y1001,2015-01-30,2021-02-26,66,2,Habitat | Integra,USD,STATE ST BANK,0.4693571195830905,0.0159378671497583,0.8122614245289964,27917.491235246955,True,True,True,True,US,1100535.357119583,isin_estandar_valido,resuelto,,87,1.0,25.0,BBG000BHNNF7,BBG000BHNNF7,BBG001S7R733,XLB,SS MATERIALS SELECT SECTOR,US,Equity,ETP,Mutual Fund,XLB,,True,True
IE00BKZGKM40,2023-02-28,2024-02-29,13,1,Habitat,USD,BARING INT | BARING INTERNATIONAL FUND MANAGERS (IRL) LTD,0.5222435981988325,0.4957340180802971,1.0958330140384367,17636.849817791826,True,True,True,True,IE,1100535.2435981988,isin_estandar_valido,resuelto,,1,1.0,23.0,BBG00HVTRG90,BBG00HVTRG90,BBG00HVYQZ98,BAEMBUA,BARINGS EM MK LOC DB-B USD A,ID,Equity,Open-End Fund,Mutual Fund,BAEMBUA,,False,True
LU0248044025,2019-10-31,2026-01-30,76,1,Habitat,USD,JP MORGAN ASSET | JP MORGAN ASSET MANAGMENT (EUROPE) | JP Morgan Asset Managment (Europe),0.4574206664474539,0.060786733970896345,0.9034290597482598,7609.642578021656,True,True,True,True,LU,1100533.4206664474,isin_estandar_valido,resuelto,,1,1.0,23.0,BBG000Q70RQ7,BBG000Q70RQ7,BBG001SRC833,JPEMIUS,JPMORGAN F-EMR MKTS E-I-A,LX,Equity,Open-End Fund,Mutual Fund,JPEMIUS,,False,True
COL17CT02914,2020-04-30,2022-05-31,4,1,Habitat,COP,GOB COL,0.5284047513631346,0.3990482679811088,1.2045263983128105,12410.20318878696,True,True,True,True,CO,1100532.4047513632,isin_estandar_valido,resuelto,,1,1.0,6.0,BBG003TD1FJ8,,,COLTES 6 04/28/28 B,TITULOS DE TESORERIA,COLOMBIA,Govt,DOMESTIC,Govt,COLTES 6 04/28/28,,False,True
CVL79033FI1X,2015-01-30,2017-09-29,33,1,Profuturo,USD,LARRAIN VIAL,0.4974207730594246,0.4280327981743406,0.7743925743182323,30295.717650474413,True,True,False,False,CV,1100530.4207730594,identificador_no_estandar,no_consultado_identificador_no_estandar,identificador_no_estandar,0,,,,,,,,,,,,,,,False
MX0MGO0000Q0,2019-03-29,2019-04-30,2,1,Habitat,MXN,GOB MEX,0.5248373656996489,0.5213456884267318,0.9405493509259604,6010.928781720068,True,True,True,True,MX,1100526.8373656997,isin_estandar_valido,resuelto,,1,1.0,6.0,BBG002N70M96,,,MBONO 6.5 06/09/22 M,MEX BONOS DESARR FIX RT,MEXICO,Govt,DOMESTIC,Govt,MBONO 6 1/2 06/09/22,,False,True
CL0002535566,2020-02-28,2022-08-31,31,1,Habitat,USD,Moneda S.A. AGF,0.4928054370771811,0.3801649817683967,0.974480594076785,8415.091105678697,True,True,True,True,CL,1100523.805437077,isin_estandar_valido,resuelto,,1,1.0,23.0,BBG00PH2C098,BBG00PH2C098,BBG00PKFMWP6,MSCLAAE,MONEDA S/C LATINOAMERICA-AE,CI,Equity,Closed-End Fund,Mutual Fund,MSCLAAE,,False,True
IE0030759645,2017-09-29,2024-02-29,30,1,Habitat,JPY | USD,PIMCO | PIMCO Global Advisors (Ireland) Limited,0.4934803950567049,0.18082544146124335,1.0702887148281557,17989.231468814927,True,True,True,True,IE,1100523.4803950568,isin_estandar_valido,resuelto,,2,1.0,23.0,BBG000C26647,BBG000C26647,BBG001SDLZT6,PIMEMBI,PIMCO GIS-EMERGING MKT INS A,ID,Equity,Open-End Fund,Mutual Fund,PIMEMBI,,True,True
US0846701086,2015-02-27,2017-03-31,26,1,Profuturo,USD,BERKSHIRE,0.4924724445732696,0.10223836922952051,0.771487125172243,27559.99619164111,True,True,True,True,US,1100518.4724445732,isin_estandar_valido,resuelto,,103,1.0,19.0,BBG000DWCFL4,BBG000DWCFL4,BBG001S902J2,BRK/A,BERKSHIRE HATHAWAY INC-CL A,US,Equity,Common Stock,Common Stock,BRK/A,,True,True
CL0000006727,2019-01-31,2019-07-31,7,1,Habitat,USD,MONEDA,0.4933392035637788,0.467692113074405,0.9318968727153016,5753.5492945445085,True,True,True,True,CL,1100500.3392035638,isin_estandar_valido,resuelto,,3,1.0,23.0,BBG000PWXCX2,BBG000PWXCX2,BBG001T62KL2,CFIMLDL,MONEDA LATAM DEUDA LOCAL-A,CI,Equity,Closed-End Fund,Mutual Fund,CFIMLDL,,True,True
IE00B0M63953,2017-09-29,2017-10-31,2,1,Prima,GBP,BlackRock AMIL,0.4927965304766236,0.4859285312060267,0.7981792828488949,38724.96823845671,True,True,True,True,IE,1100494.7965304765,isin_estandar_valido,resuelto,,40,1.0,23.0,BBG006T6HTH1,BBG006T6HTG2,BBG001SMQD83,IQQRD,ISHARES MSCI EAST EUROPE CPD,B3,Equity,ETP,Mutual Fund,IQQRD,,True,True
LU0943624824,2019-10-31,2021-01-29,16,1,Habitat,USD,JP MORGAN ASSET,0.4680691432140258,0.41730713799108843,0.9518904277160856,7327.142166195852,True,True,True,True,LU,1100484.069143214,isin_estandar_valido,resuelto,,1,1.0,23.0,BBG005D7SL38,BBG005D7SL38,BBG005D7SL56,JPALCIA,JPM ASIA GROWTH FUND-I-AUSD,LX,Equity,Open-End Fund,Mutual Fund,JPALCIA,,False,True
US51817R1068,2015-01-30,2015-03-31,3,2,Integra | Prima,USD,LAN,0.4802705313793116,0.3657359503391119,0.838074293270346,39582.64799473053,True,True,True,True,US,1100483.2705313794,isin_estandar_valido,resuelto,,1,1.0,17.0,BBG00L9CBRC2,BBG00L9CBRB3,BBG001S8X5F5,LTM1GBP,LATAM AIRLINES GROUP-SP ADR,EU,Equity,ADR,Depositary Receipt,LTM1GBP,,False,True
LU091226375X,2019-09-30,2019-10-31,2,1,Habitat,USD,Northern Trust,0.4751003118418407,0.468282655440887,0.9470444748023924,6190.692328966438,True,True,False,False,LU,1100477.1003118418,identificador_no_estandar,no_consultado_identificador_no_estandar,identificador_no_estandar,0,,,,,,,,,,,,,,,False
US71647NBK46,2023-07-31,2023-10-31,4,1,Habitat,USD,Petrobras GF B. | Petrobras Global Finance B.V.,0.4716180142528103,0.4507014796134571,0.9536686498351912,15413.32297550067,True,True,True,True,US,1100475.6180142527,isin_estandar_valido,resuelto,,1,1.0,6.0,BBG01H6WSCT6,,,PETBRA 6.5 07/03/33,PETROBRAS GLOBAL FINANCE,NEW YORK,Corp,GLOBAL,Corp,PETBRA 6 1/2 07/03/33,,False,True
LU1883863851,2019-06-28,2020-10-30,17,2,Habitat | Integra,USD,Amundi Asset,0.4549269515810776,1.1879074364550955e-06,0.963129980232624,5591.939680033726,True,True,True,True,LU,1100471.9269515811,isin_estandar_valido,resuelto,,1,1.0,23.0,BBG00NXBGPS5,BBG00NXBGPS5,BBG00NZ6K6F5,APUHI2U,AMUNDI FD US H/Y BD-I2 USD C,LX,Equity,Open-End Fund,Mutual Fund,APUHI2U,,False,True
CL0002535525,2019-08-30,2020-04-30,9,1,Habitat,USD,MONEDA,0.4582220140746199,0.423612765850427,0.948942135140062,5738.40694610052,True,True,True,True,CL,1100467.2220140747,isin_estandar_valido,resuelto,,1,1.0,23.0,BBG00PH29MY6,BBG00PH29MY6,BBG00PKFMV96,MLADLAE,MONEDA LATINOAM DEUD LOC-AE,CI,Equity,Closed-End Fund,Mutual Fund,MLADLAE,,False,True
PRIVFAEIEF5S,2022-02-28,2026-01-30,48,1,Habitat,EUR,InfraVia Europ | InfraVia European Fund V SCSp,0.4179155027574943,0.2544538085624428,0.9164784398539138,17090.04820127696,True,True,False,False,PR,1100465.9155027575,identificador_no_estandar,no_consultado_identificador_no_estandar,identificador_no_estandar,0,,,,,,,,,,,,,,,False
IE00B3CTGR43,2018-09-28,2022-04-29,44,1,Integra,USD,GAM Fund Manage,0.4217517261866113,1.5142968743552172e-06,0.6972255136555536,35178.93922351625,True,True,True,True,IE,1100465.7517261866,isin_estandar_valido,resuelto,,1,1.0,23.0,BBG004Z232W5,BBG004Z232W5,BBG004Z23406,GAMSJUA,GAM JAPAN LEADERS-USD INS4A,ID,Equity,Open-End Fund,Mutual Fund,GAMSJUA,,False,True
LU0242142494,2015-09-30,2016-04-29,8,1,Prima,USD,NNIPL,0.454530913700388,0.4444453927099449,0.6962247135741465,33968.51124746921,True,True,True,True,LU,1100462.5309137003,isin_estandar_valido,sin_coincidencia,No identifier found.,0,,,,,,,,,,,,,,,False
CL0002935048,2024-05-31,2024-05-31,1,1,Habitat,CLP,República de Chile,0.4534848096312169,0.4534848096312169,0.9562686922901684,17048.339780199043,True,True,True,True,CL,1100454.4848096312,isin_estandar_valido,resuelto,,1,1.0,6.0,BBG01N1QH037,,,BTPCL 6.2 10/01/40,BONOS TESORERIA PESOS,SANTIAGO,Govt,DOMESTIC,Govt,BTPCL 6.2 10/01/40,,False,True
LU0927735406,2015-12-31,2020-01-31,50,1,Integra,USD,DeAWM Investmen | Deutsche Asset,0.4019160972990664,0.3216691380402824,0.7344326846029385,30485.27081696288,True,True,True,True,LU,1100451.916097299,isin_estandar_valido,resuelto,,82,1.0,23.0,BBG004NC83L1,BBG004NC83L1,BBG004NC8411,XMUJ,X MSCI JAPAN 2D USD,GR,Equity,ETP,Mutual Fund,XMUJ,,True,True
LU1410485624,2017-08-31,2020-01-31,30,1,Habitat,USD,Candriam Luxemb,0.4218690926489963,0.2894953784561868,0.6993479768453633,4629.614830608657,True,True,True,True,LU,1100451.869092649,isin_estandar_valido,resuelto,,1,1.0,23.0,BBG00F0XT6V4,BBG00F0XT6V4,BBG00F2YQ7D1,CABEMV2,CANDR BONDS-EMER MKTS-V2,LX,Equity,Open-End Fund,Mutual Fund,CABEMV2,,False,True
CL0002839505,2024-05-31,2024-06-28,2,1,Habitat,CLP,República de Chile,0.4495969147134694,0.4485064672275879,0.9609727791311536,16820.189266899273,True,True,True,True,CL,1100451.5969147135,isin_estandar_valido,resuelto,,1,1.0,6.0,BBG01G6YHY27,,,BTPCL 6 04/01/33,BONOS TESORERIA PESOS,SANTIAGO,Govt,DOMESTIC,Govt,BTPCL 6 04/01/33,,False,True
IE00B3CTFW2X,2023-11-30,2026-01-30,27,1,Habitat,EUR,GAM Internation | GAM International Management Limited,0.4221743381739405,0.3694121673219879,0.9429379126639322,14556.068504341312,True,True,False,False,IE,1100449.174338174,identificador_no_estandar,no_consultado_identificador_no_estandar,identificador_no_estandar,0,,,,,,,,,,,,,,,False
US4642868552,2015-04-30,2015-12-31,9,1,Habitat,USD,BlackRock USA,0.4389844800139534,0.2614204299972952,0.6557620987107738,526.6913528958268,True,True,True,True,US,1100447.9844800138,isin_estandar_valido,sin_coincidencia,No identifier found.,0,,,,,,,,,,,,,,,False
PRIVFAEPLEP6,2023-11-30,2026-01-30,27,1,Habitat,USD,"Platinum EPVILP | Platinum Equity Partners VI, LP",0.4082284710184449,0.305280814684401,0.7674668687020989,15566.13781635056,True,True,True,True,PR,1100435.2284710184,isin_estandar_valido,sin_coincidencia,No identifier found.,0,,,,,,,,,,,,,,,False
COL17CT02302,2019-03-29,2019-12-31,10,1,Integra,COP,GOB COL,0.4204537428257536,0.24193081679822284,0.7623434109685955,31891.348224629917,True,True,True,True,CO,1100430.4537428257,isin_estandar_valido,resuelto,,1,1.0,6.0,BBG0000BBJK8,,,COLTES 11 07/24/20 B,TITULOS DE TESORERIA,COLOMBIA,Govt,DOMESTIC,Govt,COLTES 11 07/24/20,,False,True
FR0010655746,2016-01-29,2018-06-29,30,1,Integra,GBP | USD,Amundi Asset,0.3955879834029859,0.3330384683009112,0.6393111513325598,33444.91928475102,True,True,True,True,FR,1100425.587983403,isin_estandar_valido,resuelto,,72,1.0,23.0,BBG000J36H71,BBG000J36GT9,BBG001T3H9R2,CS1,AMUNDI IBEX 35 UCITS ACC,FP,Equity,ETP,Mutual Fund,CS1,,True,True
IE0002420739,2017-04-28,2019-04-30,25,1,Habitat,USD,PIMCO,0.3990719866745284,0.0765662909830523,0.6468194835715452,2038.2587019049456,True,True,True,True,IE,1100424.0719866746,isin_estandar_valido,resuelto,,3,1.0,23.0,BBG000BNL7F1,BBG000BNL7F1,BBG001SF8BD6,PGHYBFI,PIMCO-GLB H/Y BD-INST ACC,ID,Equity,Open-End Fund,Mutual Fund,PGHYBFI,,True,True
US2332034212,2015-01-30,2015-05-29,5,1,Habitat,USD,DIMENSIONAL,0.4167247535264609,0.3857341657671349,0.6596973414830324,462.8018959111669,True,True,True,True,US,1100421.7247535265,isin_estandar_valido,resuelto,,1,1.0,25.0,BBG000C3LDD3,BBG000C3LDD3,BBG001SL75Z3,DFCEX,EMERGING MARKETS CORE EQUITY,US,Equity,Open-End Fund,Mutual Fund,DFCEX,,False,True
US195325ES00,2025-06-30,2025-06-30,1,1,Prima,USD,REPUBLICA DE COLOMBIA,0.4193841749885179,0.4193841749885179,0.7487024868805372,11342.917576122472,True,True,True,True,US,1100420.3841749886,isin_estandar_valido,resuelto,,1,1.0,6.0,BBG01THQTDJ9,,,COLOM 8.5 04/25/35,REPUBLIC OF COLOMBIA,LONDON,Govt,GLOBAL,Govt,COLOM 8 1/2 04/25/35,,False,True
PRIVFAENHIP3,2020-06-30,2026-01-30,68,1,Habitat,USD,MORGAN STANLEY | Morgan Stanley | Morgan Stanley Infrastructure III Investors G | Morgan Stanley Infrastructure III Investors GP,0.3474306957380337,0.27059692709446137,0.8202901538213945,12981.710619672796,True,True,True,False,PR,1100415.430695738,formato_isin_checksum_invalido,no_consultado_identificador_no_estandar,formato_isin_checksum_invalido,0,,,,,,,,,,,,,,,False
IE00BYPC7R45,2019-09-30,2026-01-30,55,1,Habitat,USD,UTI Inter SPL | UTI International (Singapore) Private Limited,0.3590713450153681,0.0810424508749683,0.7436088148113487,4526.694615175116,True,True,True,True,IE,1100414.0713450154,isin_estandar_valido,resuelto,,1,1.0,23.0,BBG009LVKCP2,BBG009LVKCP2,BBG009LVKCN4,UTIIDEI,UTI INDIAN DYN EQTY-USD INST,ID,Equity,Open-End Fund,Mutual Fund,UTIIDEI,,False,True
US78464A5810,2023-12-29,2024-06-28,7,1,Integra,USD,"SSGA Funds Mana | SSGA Funds Management, Inc.",0.3971208499540932,0.3828438695107452,1.096466470555146,16704.48563436175,True,True,True,True,US,1100404.1208499542,isin_estandar_valido,resuelto,,57,1.0,25.0,BBG001F6WJL7,BBG001F6WJL7,BBG001V08KL6,XHE,SS SPDR S&P HC EQUIP ETF,US,Equity,ETP,Mutual Fund,XHE,,True,True
US195325CU73,2016-10-31,2023-10-31,22,1,Integra,USD,GOB COL | REPUBLICA DE COLOMBIA,0.3767331330545747,0.058749891305307056,0.9938998123139826,15355.054901240665,True,True,True,True,US,1100398.7331330546,isin_estandar_valido,resuelto,,1,1.0,6.0,BBG007ZB1134,,,COLOM 5 06/15/45,REPUBLIC OF COLOMBIA,EUROMTF,Govt,GLOBAL,Govt,COLOM 5 06/15/45,,False,True
PAP310761054,2015-01-30,2015-11-30,11,1,Integra,USD,Copa,0.3833216164693163,0.0276389663626032,0.6002584351227416,33191.28865574397,True,True,True,True,PA,1100394.3216164694,isin_estandar_valido,resuelto,,77,1.0,17.0,BBG000C29813,BBG000C29813,BBG001SKXLQ1,CPA,COPA HOLDINGS SA-CLASS A,US,Equity,Common Stock,Common Stock,CPA,,True,True
LU0325327566,2019-07-31,2019-10-31,4,1,Habitat,USD,Pic Asset Ma Eu,0.3893358249810817,0.3854472342691705,0.793299793711107,5029.091380369495,True,True,True,True,LU,1100393.335824981,isin_estandar_valido,sin_coincidencia,No identifier found.,0,,,,,,,,,,,,,,,False
US279158AT64,2023-07-31,2023-10-31,4,1,Habitat,USD,ECOPETROL | ECOPETROL S.A.,0.3797801480867379,0.3558440146856907,0.7553419963204524,12411.896715646888,True,True,True,True,US,1100383.7801480868,isin_estandar_valido,resuelto,,1,1.0,6.0,BBG01H7RQ9N1,,,ECOPET 8.625 01/19/29,ECOPETROL SA,TRACE,Corp,GLOBAL,Corp,ECOPET 8 5/8 01/19/29,,False,True
US279158AS81,2023-05-31,2023-10-31,4,2,Habitat | Prima,USD,ECOPETROL | ECOPETROL S.A.,0.3759625017493312,0.27894174344919087,0.9774754938634026,13528.240738212437,True,True,True,True,US,1100379.9625017494,isin_estandar_valido,resuelto,,1,1.0,6.0,BBG01C9JG584,,,ECOPET 8.875 01/13/33,ECOPETROL SA,STUTTGART,Corp,GLOBAL,Corp,ECOPET 8 7/8 01/13/33,,False,True
PRIVFAEAIP5B,2023-05-31,2026-01-30,33,1,Habitat,EUR,"Antin Infrastru | Antin Infrastructure Partners V Luxembourg GP | Antin Infrastructure Partners V Luxembourg GP, S.A R.L.",0.3353882085445457,0.1748685437668975,0.6268152048209075,12775.353869550818,True,True,False,False,PR,1100368.3882085446,identificador_no_estandar,no_consultado_identificador_no_estandar,identificador_no_estandar,0,,,,,,,,,,,,,,,False
USP2205JAK62,2015-05-29,2015-10-30,6,1,Habitat,USD,CENCOSUD,0.3537861259336156,0.32444139083487367,0.5349614402087409,471.327180376394,True,True,True,True,US,1100359.7861259335,isin_estandar_valido,resuelto,,1,1.0,6.0,BBG0082Y4J81,,,CENSUD 5.15 02/12/25 REGS,CENCOSUD SA,TRACE,Corp,EURO-DOLLAR,Corp,CENSUD 5.15 02/12/25,,False,True
USP9379RAZ03,2018-08-31,2020-01-31,18,1,Prima,COP,EP Medellin,0.3318904973572622,0.298201150962388,0.6601645789909855,22145.18492803588,True,True,True,True,US,1100349.8904973574,isin_estandar_valido,resuelto,,1,1.0,6.0,BBG00J3TFM33,,,EEPPME 8.375 11/08/27 REGS,EMPRESAS PUBLIC MEDELLIN,LUXEMBOURG,Corp,EURO NON-DOLLAR,Corp,EEPPME 8 3/8 11/08/27,,False,True
CLP3880F1085,2015-07-31,2018-06-29,36,1,Integra,CLP | USD,FALABELLA SACI,0.3119166370399173,0.09514496703386066,0.536278010026177,25435.570956722226,True,True,True,True,CL,1100347.91663704,isin_estandar_valido,resuelto,,26,1.0,17.0,BBG000HJFWF6,BBG000HJFWF6,BBG001S98SM3,FALAB,FALABELLA SA,CI,Equity,Common Stock,Common Stock,FALAB,,True,True
USG4808VAC49,2017-12-29,2022-11-30,3,1,Habitat,USD,Inkia Energy,0.3434869350622929,0.3105746218594045,0.5497499320562635,2655.4218993320933,True,True,True,True,US,1100346.4869350623,isin_estandar_valido,resuelto,,1,1.0,6.0,BBG00J4V9MF1,,,INKENE 5.875 11/09/27 REGS,INKIA ENERGY LTD,TRACE,Corp,EURO-DOLLAR,Corp,INKENE 5 7/8 11/09/27,,False,True
US05966UAR59,2015-01-30,2016-02-29,14,2,Integra | Profuturo,BRL,B. Santander BR,0.3284353937202648,0.1541861964211907,0.5204810272638322,17726.084710884516,True,True,True,True,US,1100342.4353937202,isin_estandar_valido,resuelto,,1,1.0,6.0,BBG0047C47C4,,,SANBBZ 8 03/18/16 REGS,BANCO SANTANDER BRAS CI,EUROMTF,Corp,EURO NON-DOLLAR,Corp,SANBBZ 8 03/18/16,,False,True
US279158AE95,2015-01-30,2023-11-30,10,2,Habitat | Prima,USD,ECOPETROL | ECOPETROL S.A.,0.3233381256039547,0.2997869807605864,0.667087930744464,14045.269145300334,True,True,True,True,US,1100333.338125604,isin_estandar_valido,resuelto,,1,1.0,6.0,BBG00582F0G1,,,ECOPET 7.375 09/18/43,ECOPETROL SA,TRACE,Corp,GLOBAL,Corp,ECOPET 7 3/8 09/18/43,,False,True
PRIVFAEKVCXC,2023-01-31,2026-01-30,37,1,Habitat,USD,"Knightsbridge M | Knightsbridge Management X, LLC",0.2961076621255616,0.1829382841771634,0.5144974698573683,13486.060550520551,True,True,False,False,PR,1100333.1076621255,identificador_no_estandar,no_consultado_identificador_no_estandar,identificador_no_estandar,0,,,,,,,,,,,,,,,False
PRIVFAEEQTI6,2025-03-31,2026-01-30,11,1,Habitat,EUR,EQT Infrastructure IV (GP) SCS,0.3157129765138359,0.2641530044600919,0.5396746551996924,14014.519616540048,True,True,True,False,PR,1100326.712976514,formato_isin_checksum_invalido,no_consultado_identificador_no_estandar,formato_isin_checksum_invalido,0,,,,,,,,,,,,,,,False
MX0MGO0000D8,2019-03-29,2020-04-30,3,1,Habitat,MXN,GOB MEX,0.3061859434650008,0.1695794649950628,0.589044177896606,3282.028381372888,True,True,True,True,MX,1100309.185943465,isin_estandar_valido,resuelto,,1,1.0,6.0,BBG0000DCQS9,,,MBONO 7.5 06/03/27 M,MEX BONOS DESARR FIX RT,MEXICO,Govt,DOMESTIC,Govt,MBONO 7 1/2 06/03/27,,False,True
LU0325328531,2016-07-29,2017-04-28,10,1,Prima,EUR,Pic Asset Ma Eu,0.2978434940612912,0.28323241001008126,0.5021218432518454,21955.601522711306,True,True,True,True,LU,1100307.8434940614,isin_estandar_valido,sin_coincidencia,No identifier found.,0,,,,,,,,,,,,,,,False
LU0804456878,2019-11-29,2020-01-31,3,1,Habitat,USD,CREDIT SUISSE,0.296298442454191,0.2844476305655329,0.5979619097665648,3808.678625136915,True,True,True,True,LU,1100299.298442454,isin_estandar_valido,resuelto,,1,1.0,23.0,BBG0036X5CY5,BBG0036X5CY5,BBG0036X5CZ4,CLEBDMU,CS(LU)EMERG MRKT CRP B-M USD,LX,Equity,Open-End Fund,Mutual Fund,CLEBDMU,,False,True
USP09252AK62,2016-05-31,2016-06-30,2,1,Prima,USD,Banco de Bogotá,0.2957106699443663,0.28402272035904313,0.468924621403451,21332.438459524263,True,True,True,True,US,1100297.7106699443,isin_estandar_valido,resuelto,,1,1.0,6.0,BBG00CW2H790,,,BANBOG 6.25 05/12/26 REGS,BANCO DE BOGOTA SA,EUROMTF,Corp,EURO-DOLLAR,Corp,BANBOG 6 1/4 05/12/26,,False,True
GB0033031153,2022-09-30,2026-01-30,41,1,Habitat,GBP,Invesco Fund | Invesco Fund Managers Limited,0.2535582978579576,0.2223669464717829,0.6175158908283406,10047.061256286408,True,True,True,True,GB,1100294.5582978579,isin_estandar_valido,resuelto,,1,1.0,23.0,BBG000BQKYT1,BBG000BQKYT1,BBG001SBGMX0,INVUKWA,INVESCO UK OPPORT-ACC SHR,LN,Equity,Open-End Fund,Mutual Fund,INVUKWA,,False,True
US279158AJ82,2023-02-28,2023-11-30,10,1,Habitat,USD,ECOPETROL | ECOPETROL S.A.,0.273338818780157,0.16338662801882814,0.5657000430620972,8233.725941404484,True,True,True,True,US,1100283.3388187801,isin_estandar_valido,resuelto,,1,1.0,6.0,BBG006JMY0P2,,,ECOPET 5.875 05/28/45,ECOPETROL SA,TRACE,Corp,GLOBAL,Corp,ECOPET 5 7/8 05/28/45,,False,True
US105756BL31,2018-11-30,2018-11-30,1,1,Habitat,BRL,GOB BRA,0.272947846217238,0.272947846217238,0.4472625004501023,3055.860069030321,True,True,True,True,US,1100273.9478462173,isin_estandar_valido,resuelto,,1,1.0,6.0,BBG0000DMZ44,,,BRAZIL 12.5 01/05/22,FED REPUBLIC OF BRAZIL,FRANKFURT,Govt,GLOBAL,Govt,BRAZIL 12 1/2 01/05/22,,False,True
US912828H292,2015-01-30,2015-01-30,1,1,Prima,USD,TREASURY,0.2707331474296084,0.2707331474296084,0.4785317364918214,21741.908211283266,True,True,True,True,US,1100271.7331474295,isin_estandar_valido,resuelto,,1,1.0,6.0,BBG007R6X8B5,,,T 0.625 12/31/16,US TREASURY N/B,BERLIN,Govt,US GOVERNMENT,Note,T 0 5/8 12/31/16,,False,True
PRIVFAEP8SCS,2023-12-29,2026-01-30,26,1,Habitat,EUR,PAI Partn. VIII | PAI Partners VIII GP S.à r.l.,0.2391064918259413,0.2096270850121904,0.4577990809013294,10427.598795670314,True,True,False,False,PR,1100265.106491826,identificador_no_estandar,no_consultado_identificador_no_estandar,identificador_no_estandar,0,,,,,,,,,,,,,,,False
PRIVFAECEVVI,2024-05-31,2026-01-30,21,1,Habitat,USD,"Cortland Enhanced Value Fund V GP, LLC | Cortland Enhanced Value Fund VI GP, LLC",0.236893005946221,0.1896797283879933,0.4242086509504539,9757.457503672766,True,True,False,False,PR,1100257.8930059462,identificador_no_estandar,no_consultado_identificador_no_estandar,identificador_no_estandar,0,,,,,,,,,,,,,,,False
USP16259AB20,2015-01-30,2018-07-31,43,1,Profuturo,USD,Bancomer,0.2062757682547008,0.1453897873062269,0.3259849683173175,11542.00676933183,True,True,True,True,US,1100249.2757682547,isin_estandar_valido,resuelto,,1,1.0,6.0,BBG001KFNL27,,,BBVASM 6.5 03/10/21 REGS,BBVA BANCOMER SA TEXAS,LUXEMBOURG,Corp,EURO-DOLLAR,Corp,BBVASM 6 1/2 03/10/21,,False,True
US91086QBB32,2015-03-31,2015-10-30,8,1,Prima,USD,GOB MEX,0.2340616695479493,0.0804078477192853,0.383998205873031,19066.61028417944,True,True,True,True,US,1100242.061669548,isin_estandar_valido,resuelto,,1,1.0,6.0,BBG002Q8NRX8,,,MEX 4.75 03/08/44 MTN,UNITED MEXICAN STATES,LONDON,Govt,GLOBAL,Govt,MEX 4 3/4 03/08/44,,False,True
USP09252AL46,2016-10-31,2016-10-31,1,1,Prima,USD,Banco de Bogotá,0.2389177732645974,0.2389177732645974,0.4096482871871331,18070.50510957992,True,True,True,True,US,1100239.9177732647,isin_estandar_valido,resuelto,,1,1.0,6.0,BBG00F47WJD5,,,BANBOG 6.25 05/12/26 NOV,BANCO DE BOGOTA SA,EUROMTF,Corp,EURO-DOLLAR,Corp,BANBOG 6 1/4 05/12/26,,False,True
CL0002172501,2019-02-28,2019-04-30,3,1,Habitat,CLP,GOB CHILE,0.2317109561290248,0.1138523006370642,0.4011155158251013,2574.0784635124683,True,True,True,True,CL,1100234.710956129,isin_estandar_valido,resuelto,,1,1.0,6.0,BBG008KVQY08,,,BTPCL 4.5 03/01/26,BONOS TESORERIA PESOS,SANTIAGO,Govt,DOMESTIC,Govt,BTPCL 4 1/2 03/01/26,,False,True
LU1232062742,2017-06-30,2023-09-29,76,1,Habitat,GBP | USD,AZ Fund Managem,0.1549174977407355,4.2556737579790337e-07,0.2444568667037781,855.6940894978763,True,True,True,True,LU,1100230.9174977408,isin_estandar_valido,sin_coincidencia,No identifier found.,0,,,,,,,,,,,,,,,False
LU0260871479,2015-01-30,2015-02-27,2,1,Prima,USD,FRANKLIN TEMP,0.2276409313560265,0.2273317189686759,0.4012714192130229,18761.573459816816,True,True,True,True,LU,1100229.640931356,isin_estandar_valido,sin_coincidencia,No identifier found.,0,,,,,,,,,,,,,,,False
LU0529383175,2017-04-28,2017-04-28,1,1,Prima,EUR,NNIPL,0.2255040603127729,0.2255040603127729,0.3621364047943757,16768.650080545238,True,True,True,True,LU,1100226.5040603129,isin_estandar_valido,resuelto,,1,1.0,23.0,BBG0014RVK22,BBG0014RVK22,BBG001TBBJQ9,INGEHIH,GS EU HY-ICAP EUR (HGII),LX,Equity,Open-End Fund,Mutual Fund,INGEHIH,,False,True
LU1156968403,2018-02-28,2019-11-29,22,1,Habitat,USD,ALLIANZ,0.1971780294758453,0.016595905935690748,0.3234896922887094,1770.3080052758569,True,True,True,True,LU,1100219.1780294757,isin_estandar_valido,sin_coincidencia,No identifier found.,0,,,,,,,,,,,,,,,False
PAI69PA00017,2015-01-30,2015-07-31,7,1,Profuturo,COP,Avianca,0.2119042398745023,0.1879978393449807,0.3424136541267087,12101.786144826685,True,True,True,True,PA,1100218.9042398746,isin_estandar_valido,sin_coincidencia,No identifier found.,0,,,,,,,,,,,,,,,False
PRIVFAEV5FSC,2023-11-30,2026-01-30,27,1,Habitat,EUR,Vitruvian Luxca | Vitruvian Luxcar General Partner S.à.r.l,0.1896507467173747,0.0378441678758282,0.3295248378317013,8727.662244799614,True,True,False,False,PR,1100216.6507467174,identificador_no_estandar,no_consultado_identificador_no_estandar,identificador_no_estandar,0,,,,,,,,,,,,,,,False
US5007678270,2021-02-26,2021-02-26,1,1,Habitat,USD,Krane Funds,0.1964252591664674,0.1964252591664674,0.3743039839082036,3242.1999420426,True,True,True,True,US,1100197.4252591664,isin_estandar_valido,resuelto,,38,1.0,25.0,BBG00JRVTQX5,BBG00JRVTQX5,BBG00JRVTRM5,KARS,KRANESHARES ELECTRIC VEHICLE,US,Equity,ETP,Mutual Fund,KARS,,True,True
MXBIGO000OA5,2019-03-29,2019-06-28,4,1,Integra,MXN,GOB MEX,0.1924436705034105,0.18387020019097516,0.3280123580508227,15049.033749072676,True,True,True,True,MX,1100196.4436705033,isin_estandar_valido,resuelto,,1,1.0,6.0,BBG00NG3Q7M7,,,MCET 0 02/27/20 BI,MEXICO CETES,MEXICO,Govt,DOMESTIC,Govt,MCET 0 02/27/20,,False,True
MX0MGO000078,2024-04-30,2024-06-28,3,1,Habitat,MXN,Gobierno de México,0.1934202164078579,0.1877558789686099,0.419649299292077,7058.5076994968085,True,True,True,True,MX,1100196.4202164079,isin_estandar_valido,resuelto,,1,1.0,6.0,BBG00009QLC1,,,MBONO 10 12/05/24 M,MEX BONOS DESARR FIX RT,MEXICO,Govt,DOMESTIC,Govt,MBONO 10 12/05/24,,False,True
US91911TAH68,2015-02-27,2015-03-31,2,1,Prima,USD,Vale do Rio,0.19364553657186,0.1927365162585779,0.3251425674308337,15959.761444994692,True,True,True,True,US,1100195.645536572,isin_estandar_valido,resuelto,,1,1.0,6.0,BBG00000K4D3,,,VALEBZ 6.875 11/21/36,VALE OVERSEAS LIMITED,NEW YORK,Corp,GLOBAL,Corp,VALEBZ 6 7/8 11/21/36,,False,True
US29274F1049,2016-08-31,2020-02-28,43,1,Integra,USD,ENERSIS,0.1496236832450598,0.1167936863736363,0.2516133219778557,12341.106745508376,True,True,True,True,US,1100192.6236832452,isin_estandar_valido,sin_coincidencia,No identifier found.,0,,,,,,,,,,,,,,,False
USP9379RAB35,2015-01-30,2019-06-28,54,3,Integra | Prima | Profuturo,COP | USD,EP Medellin,0.1336207079242742,0.0789686442667048,0.215916184095445,7665.819858526465,True,True,True,True,US,1100187.6207079242,isin_estandar_valido,resuelto,,1,1.0,6.0,BBG001F5RFS6,,,EEPPME 8.375 02/01/21 REGS,EMPRESAS PUBLIC MEDELLIN,LUXEMBOURG,Corp,EURO NON-DOLLAR,Corp,EEPPME 8 3/8 02/01/21,,False,True
US02319V1035,2016-08-31,2019-06-28,35,1,Integra,BRL | USD,AMBEV,0.1412494963769243,0.1166045428186607,0.2335829372682993,11958.144842149184,True,True,True,True,US,1100176.2494963768,isin_estandar_valido,resuelto,,99,1.0,19.0,BBG000BN5VZ4,BBG000BN5VZ4,BBG005KLVT74,ABEV,AMBEV SA-ADR,US,Equity,ADR,Depositary Receipt,ABEV,,True,True
LU1224039393,2020-01-31,2020-02-28,2,1,Habitat,USD,LEMANIK AM,0.1707906284903953,0.1645861693552252,0.3446737334710688,2195.3764276220804,True,True,True,True,LU,1100172.7906284905,isin_estandar_valido,resuelto,,1,1.0,23.0,BBG00DQC8Y58,BBG00DQC8Y58,BBG00DRMCCR4,MONLAEI,MONEDA LATIN AMERICA EQTYS-I,LX,Equity,Open-End Fund,Mutual Fund,MONLAEI,,False,True
MXBIGO000JZ2,2016-09-30,2016-10-31,2,1,Integra,MXN,GOB MEX,0.1707397684018176,0.16553491353972044,0.2835123437106787,13767.471235230763,True,True,True,True,MX,1100172.7397684017,isin_estandar_valido,resuelto,,1,1.0,6.0,BBG00D2WY7P8,,,MCET 0 03/02/17 BI,MEXICO CETES,MEXICO,Govt,DOMESTIC,Govt,MCET 0 03/02/17,,False,True
PRIVFAEBCDSS,2020-06-30,2026-01-30,68,1,Habitat,USD,"Bain Capital DS | Bain Capital Distressed and Special Situation | Bain Capital Distressed and Special Situations 2019 Investors, LLC",0.1027875087923286,0.07074839042457615,0.254761618934759,2680.9436214552397,True,True,False,False,PR,1100170.7875087922,identificador_no_estandar,no_consultado_identificador_no_estandar,identificador_no_estandar,0,,,,,,,,,,,,,,,False
LU0129914015,2016-04-29,2017-04-28,13,1,Prima,USD,GOLDMAN,0.1510319503584859,0.1409256715963262,0.2674106219360732,11406.530093763256,True,True,True,True,LU,1100164.0319503585,isin_estandar_valido,resuelto,,1,1.0,23.0,BBG000BL56D7,BBG000BL56D7,BBG001SD4QY9,GSEMKDI,GS EMRG MKT DEBT PT I,LX,Equity,Open-End Fund,Mutual Fund,GSEMKDI,,False,True
CA00461M1032,2021-12-31,2025-11-28,48,2,Habitat | Integra,CAD,Aclara Resources Inc | Aclara Rss,0.1160132993389429,0.021526721093510198,0.1893570427173007,3825.086994619483,True,True,True,True,CA,1100164.013299339,isin_estandar_valido,resuelto,,113,1.0,17.0,BBG013357J17,BBG013357J17,BBG013357J26,ARA,ACLARA RESOURCES INC,CN,Equity,Common Stock,Common Stock,ARA,,True,True
LU0297941386,2016-04-29,2017-04-28,13,1,Prima,USD,BLACKROCK,0.1506427684421725,0.1482083455212336,0.2717282992542126,11404.22527387796,True,True,True,True,LU,1100163.6427684422,isin_estandar_valido,resuelto,,1,1.0,23.0,BBG000RC9YM5,BBG000RC9YM5,BBG001SRVPD3,MLEMUD2,BGF-EMR MRK BD-D2 USD,LX,Equity,Open-End Fund,Mutual Fund,MLEMUD2,,False,True
MXP370841019,2016-08-31,2019-03-29,32,1,Integra,MXN,Grupo Mexico,0.1301001492441925,0.09870890722389214,0.212630101452086,11365.649858595969,True,True,True,True,MX,1100162.1001492443,isin_estandar_valido,resuelto,,82,1.0,17.0,BBG000BQC9K4,BBG000BQC9K4,BBG001SF7CB7,GMEXICOB,GRUPO MEXICO SAB DE CV-SER B,MM,Equity,Common Stock,Common Stock,GMEXICOB,,True,True
CA5171036026,2021-03-31,2021-10-29,8,2,Integra | Prima,CAD,Largo Resources,0.1537945721049733,0.10862673183093591,0.2885445611932878,7282.458096148535,True,True,True,True,CA,1100161.794572105,isin_estandar_valido,sin_coincidencia,No identifier found.,0,,,,,,,,,,,,,,,False
LU1273585916,2017-11-30,2019-01-31,15,1,Habitat,EUR | USD,PIONEER,0.1341223418107085,0.0908425381437185,0.2208835675848852,1041.5946665358408,True,True,True,True,LU,1100149.1223418107,isin_estandar_valido,sin_coincidencia,No identifier found.,0,,,,,,,,,,,,,,,False
MX01WA000038,2016-08-31,2018-06-29,23,1,Integra,MXN,Wal-Mart Mexico,0.1233720576968274,0.0890636306775761,0.2051955303277109,10047.9923561595,True,True,True,True,MX,1100146.3720576968,isin_estandar_valido,resuelto,,59,1.0,17.0,BBG000BK6KY4,BBG000BK6KY4,BBG001S7WV70,WMMVF,WALMART DE MEXICO SAB DE CV,US,Equity,Common Stock,Common Stock,WMMVF,,True,True
CL0000000100,2016-08-31,2019-09-30,38,1,Integra,CLP,CENCOSUD,0.1069628290323859,0.0486991119909245,0.1750108954270618,8871.727409773961,True,True,True,True,CL,1100144.9628290324,isin_estandar_valido,resuelto,,26,1.0,17.0,BBG000PPDZT3,BBG000PPDZT3,BBG001SLL8P2,CENCOSUD,CENCOSUD SA,CI,Equity,Common Stock,Common Stock,CENCOSUD,,True,True
COL17CT03771,2025-12-31,2026-01-30,2,1,Prima,COP,REPUBLICA DE COLOMBIA,0.1364244463699356,0.13508487327934687,0.2438183529745867,4029.013068322412,True,True,True,True,CO,1100138.42444637,isin_estandar_valido,resuelto,,1,1.0,6.0,BBG011KQ0GL7,,,COLTES 7 03/26/31 B,TITULOS DE TESORERIA,COLOMBIA,Govt,DOMESTIC,Govt,COLTES 7 03/26/31,,False,True
US3444191064,2016-08-31,2018-06-29,23,1,Integra,USD,FEMSA | Femsa,0.1139527764899757,0.0755269876836019,0.1908837431014856,9470.370396422886,True,True,True,True,US,1100136.95277649,isin_estandar_valido,resuelto,,91,1.0,19.0,BBG000BD33X2,BBG000BD33X2,BBG001S5W9K8,FMX,FOMENTO ECONOMICO MEX-SP ADR,US,Equity,ADR,Depositary Receipt,FMX,,True,True
MXP4948K1056,2017-06-30,2019-09-30,28,1,Integra,MXN,Gruma,0.10310633022818,0.0466620600905018,0.1693205604841657,8634.918574510433,True,True,True,True,MX,1100131.1063302283,isin_estandar_valido,resuelto,,64,1.0,17.0,BBG000LXPKV7,BBG000LXPKV7,BBG001SF7FF6,GRUMAB,GRUMA S.A.B.-B,MM,Equity,Common Stock,Common Stock,GRUMAB,,True,True
BRRADLACNOR0,2016-08-31,2018-06-29,23,1,Integra,BRL,Raia Drogasil,0.107719061068038,0.0514840946635471,0.1813139131455927,8642.003275525176,True,True,True,True,BR,1100130.719061068,isin_estandar_valido,resuelto,,25,1.0,17.0,BBG000BTXK93,BBG000BTXK93,BBG001S739F2,RADL3,RAIA DROGASIL SA,BZ,Equity,Common Stock,Common Stock,RADL3,,True,True
CA5170971017,2021-11-30,2023-01-31,13,2,Integra | Prima,CAD,Largo Resources,0.1135745517580728,0.0754587053193592,0.2981846277188176,5591.853269118288,True,True,True,True,CA,1100126.5745517581,isin_estandar_valido,resuelto,,110,1.0,17.0,BBG000C47C85,BBG000C47C85,BBG001S6KXR9,LGO,LARGO INC,CN,Equity,Common Stock,Common Stock,LGO,,True,True
BRCIELACNOR3,2016-08-31,2019-01-31,30,1,Integra,BRL,Cielo,0.0962570566377593,0.044314022602053096,0.1598342552617177,7761.614478295278,True,True,True,True,BR,1100126.2570566377,isin_estandar_valido,sin_coincidencia,No identifier found.,0,,,,,,,,,,,,,,,False
LU0231459107,2015-01-30,2015-06-30,6,1,Integra,USD,ABERDEEN,0.1191187492067746,0.11766229376570295,0.198985893905236,10314.327758632187,True,True,True,True,LU,1100125.118749207,isin_estandar_valido,resuelto,,23,1.0,23.0,BBG000C21PD0,BBG000C21PD0,BBG001SKVQ19,AGASMA2,ABR SV I-ASIA SM CO-AAUSD,LX,Equity,Open-End Fund,Mutual Fund,AGASMA2,,True,True
USP3703CAA82,2015-01-30,2020-04-30,64,1,Integra,COP | USD,Emgesa,0.0579682915044665,0.0501998080490468,0.1127921411828328,4998.805237598726,True,True,True,True,US,1100121.9682915045,isin_estandar_valido,resuelto,,1,1.0,6.0,BBG001DPCKM5,,,EMGSA 8.75 01/25/21 REGS,EMGESA SA ESP,EUROMTF,Corp,EURO NON-DOLLAR,Corp,EMGSA 8 3/4 01/25/21,,False,True
COL17CT03615,2020-05-29,2020-06-30,2,1,Habitat,COP,GOB COL,0.1096311336404052,0.1072141868961323,0.2340277561754086,1242.817936296006,True,True,True,True,CO,1100111.6311336404,isin_estandar_valido,resuelto,,1,1.0,6.0,BBG00N13MCM6,,,COLTES 7.25 10/18/34 B,TITULOS DE TESORERIA,COLOMBIA,Govt,DOMESTIC,Govt,COLTES 7 1/4 10/18/34,,False,True
PRIVFAEIPC13,2025-03-31,2026-01-30,11,1,Habitat,USD,"Insight A XIII | Insight Partners XIII, L.P.",0.100265697183904,0.0709654261877482,0.1700067108930854,4351.942483730701,True,True,True,True,PR,1100111.265697184,isin_estandar_valido,sin_coincidencia,No identifier found.,0,,,,,,,,,,,,,,,False
CA5171034047,2020-12-31,2022-08-31,5,2,Integra | Prima,CAD,Largo Resources,0.1042046354278951,0.0816293628381033,0.2086442067604827,5465.576471980324,True,True,True,True,CA,1100109.2046354278,isin_estandar_valido,resuelto,,19,1.0,17.0,BBG007BW5PJ0,BBG007BW5PJ0,BBG001S6KXR9,LGOEUR,LARGO RESOURCES LTD,EO,Equity,Common Stock,Common Stock,LGOEUR,,True,True
US4642851053,2015-01-30,2022-01-31,85,1,Integra,USD,BlackRock USA,0.0233694498472019,5.5179775286823775e-06,0.0391242492481383,1963.1667872739863,True,True,True,True,US,1100108.3694498471,isin_estandar_valido,resuelto,,33,1.0,23.0,BBG00JRFCB89,BBG00JRFCB89,BBG001SJK6D5,IAUUSD,ISHARES GOLD TRUST,X2,Equity,ETP,Mutual Fund,IAUUSD,,True,True
CL0001737767,2015-01-30,2017-10-31,34,1,Profuturo,CLP,GOB CHILE,0.0708796385516732,0.0662596118229226,0.1116502290636908,3920.523228945935,True,True,True,True,CL,1100104.8796385517,isin_estandar_valido,resuelto,,1,1.0,6.0,BBG001J47JY2,,,BCPCL 6 02/01/21 10YR,BONO BCO CENT CHILE PES,SANTIAGO,Govt,DOMESTIC,Govt,BCPCL 6 02/01/21,,False,True
US4642873255,2015-01-30,2021-01-29,73,1,Integra,USD,BlackRock USA,0.0287810373431954,0.0122130593006193,0.0542837751531358,1762.832588784338,True,True,True,True,US,1100101.7810373432,isin_estandar_valido,resuelto,,91,1.0,25.0,BBG000L77VV0,BBG000L77VV0,BBG001SJX8Q3,IXJ,ISHARES GLOBAL HEALTHCARE ET,US,Equity,ETP,Mutual Fund,IXJ,,True,True
IE00B53QG56X,2021-02-26,2021-02-26,1,1,Prima,EUR,BlackRock AMIL,0.0986429003573505,0.0986429003573505,0.2004353816516027,5236.756456407125,True,True,False,False,IE,1100099.6429003573,identificador_no_estandar,no_consultado_identificador_no_estandar,identificador_no_estandar,0,,,,,,,,,,,,,,,False
US912828K742,2015-08-31,2015-12-31,5,1,Prima,USD,TREASURY,0.0920147700206521,0.0894645411078762,0.1407536896174603,6876.550430715281,True,True,True,True,US,1100097.0147700207,isin_estandar_valido,resuelto,,1,1.0,6.0,BBG009R4CLR3,,,T 2 08/15/25,US TREASURY N/B,BERLIN,Govt,US GOVERNMENT,Note,T 2 08/15/25,,False,True
LU1775962480,2018-09-28,2018-10-31,2,1,Habitat,EUR,Invesco Global,0.0887870753735115,0.047395197991650755,0.1406596405658199,1010.9782125357996,True,True,True,True,LU,1100090.7870753736,isin_estandar_valido,resuelto,,1,1.0,23.0,BBG00KG2D222,BBG00KG2D222,BBG00KGBY8W3,IVSCSEA,INVESCO-CONT EU SM CP-SEURA,LX,Equity,Open-End Fund,Mutual Fund,IVSCSEA,,False,True
BRCRFBACNOR2,2018-01-31,2018-10-31,10,1,Integra,BRL,Atacadao S.A.,0.0798950702254613,0.0563098538855739,0.1309143385721435,6957.651238522697,True,True,True,True,BR,1100089.8950702255,isin_estandar_valido,resuelto,,2,1.0,17.0,BBG00K7Z6VK3,BBG00K7Z6VJ5,BBG001SG1NZ1,CRFB3BRL,ATACADAO SA,XB,Equity,Common Stock,Common Stock,CRFB3BRL,,True,True
US1912411089,2017-10-31,2020-02-28,29,1,Integra,USD,FEMSA,0.0599834388053246,0.0538569798207907,0.1125252845037361,5004.609354724829,True,True,True,True,US,1100088.9834388052,isin_estandar_valido,resuelto,,85,1.0,19.0,BBG000BJ87V7,BBG000BJ87V7,BBG001S6R487,KOF,COCA-COLA FEMSA SAB-SP ADR,US,Equity,ADR,Depositary Receipt,KOF,,True,True
US0595201064,2016-08-31,2018-06-29,23,1,Integra,USD,BCHILE,0.0650351379826685,0.0469098503228506,0.1155721386136923,5222.58327153738,True,True,True,True,US,1100088.0351379826,isin_estandar_valido,resuelto,,83,5.0,19.0,BBG000D5HVG9,BBG000D5HVG9,BBG001SF8LP1,BCH,BANCO DE CHILE-ADR,US,Equity,ADR,Depositary Receipt,BCH,,True,True
XS0246220379,2015-01-30,2018-02-28,38,2,Integra | Profuturo,MXN,JPMC&CO,0.0485634093587444,0.032846361088031295,0.0769598334216124,2719.527831540398,True,True,True,True,XS,1100086.5634093587,isin_estandar_valido,resuelto,,1,1.0,6.0,BBG000097537,,,JPM 8.12 03/06/18 MXN,JPMORGAN CHASE & CO,MEXICO,Corp,EURO MTN,Corp,JPM 8.12 03/06/18,,False,True
MXBIGO000MQ5,2018-07-31,2018-12-31,6,1,Integra,MXN,GOB MEX,0.0774410919921167,0.07276420540015871,0.1302281162388947,6216.778302259045,True,True,True,True,MX,1100083.4410919922,isin_estandar_valido,resuelto,,1,1.0,6.0,BBG00JWV7SH7,,,MCET 0 01/31/19 BI,MEXICO CETES,MEXICO,Govt,DOMESTIC,Govt,MCET 0 01/31/19,,False,True
US5007674055,2020-03-31,2020-04-30,2,1,Habitat,USD,Krane Funds,0.081385082791474,0.07860043778634049,0.1565695950749315,872.3723516475941,True,True,True,True,US,1100083.3850827916,isin_estandar_valido,resuelto,,89,1.0,25.0,BBG0062S34P3,BBG0062S34P3,BBG0062S34N5,KBA,KRANESHARES BOSERA MSCI CHIN,US,Equity,ETP,Mutual Fund,KBA,,True,True
COL17CT03862,2023-07-31,2023-11-30,5,1,Habitat,COP,GOB COL | REPUBLICA DE COLOMBIA,0.0720188187376653,0.0695106713144035,0.1574374995697837,2415.5092529003687,True,True,True,True,CO,1100077.0188187377,isin_estandar_valido,resuelto,,1,1.0,6.0,BBG01C9WW658,,,COLTES 13.25 02/09/33 B,TITULOS DE TESORERIA,COLOMBIA,Govt,DOMESTIC,Govt,COLTES 13 1/4 02/09/33,,False,True
LU196682546X,2024-02-29,2026-01-30,24,1,Habitat,EUR,"Joh. Berenberg, | Joh. Berenberg, Gossier & Co. KG",0.0525039453511732,0.0462909164495226,0.1172689956717801,1887.78855027586,True,True,False,False,LU,1100076.503945351,identificador_no_estandar,no_consultado_identificador_no_estandar,identificador_no_estandar,0,,,,,,,,,,,,,,,False
BRLRENACNOR1,2016-08-31,2018-06-29,23,1,Integra,BRL,Lojas Renner,0.047766258375095,0.0302994754530468,0.0800138660368043,3969.751095122992,True,True,True,True,BR,1100070.766258375,isin_estandar_valido,resuelto,,21,1.0,17.0,BBG000BYWZK7,BBG000BYWZK7,BBG001S7GDQ7,LREN3,LOJAS RENNER S.A.,BZ,Equity,Common Stock,Common Stock,LREN3,,True,True
LU0188167505,2015-01-30,2020-10-30,70,1,Integra,EUR | USD,AXA FUNDS,2.8122962513637046e-05,2.4152838637300255e-05,4.773143417381688e-05,2.234169012395354,True,True,True,True,LU,1100070.0281229625,isin_estandar_valido,resuelto,,1,1.0,23.0,BBG000PLHFD9,BBG000PLHFD9,BBG001SLFJV8,AXASDHY,AXA IM FIIS-US SHDR HY-AUSDC,LX,Equity,Open-End Fund,Mutual Fund,AXASDHY,,False,True
PRIVFAETF6SC,2025-08-29,2026-01-30,6,1,Habitat,EUR,Triton Fund 6 General Partner SARL,0.0572223824321556,0.02903138775360555,0.0970240999662518,2540.1052878973123,True,True,False,False,PR,1100063.222382432,identificador_no_estandar,no_consultado_identificador_no_estandar,identificador_no_estandar,0,,,,,,,,,,,,,,,False
US59022CAP86,2015-01-30,2017-02-28,26,1,Integra,BRL,M. LYNCH & CO,0.0358408391453051,0.0307516890740599,0.0631296461571445,3001.5106119748752,True,True,True,True,US,1100061.8408391452,isin_estandar_valido,resuelto,,1,1.0,6.0,BBG0000GXRP0,,,BAC 10.71 03/08/17 BRL$,BANK OF AMERICA CORP,LONDON,Corp,GLOBAL,Corp,BAC 10.71 03/08/17,,False,True
LU0219455952,2015-01-30,2019-11-29,59,1,Integra,USD,MFS,1.5380335170010427e-05,1.388455237547232e-05,2.624141747978621e-05,1.2320387080305693,True,True,True,True,LU,1100059.0153803353,isin_estandar_valido,resuelto,,1,1.0,23.0,BBG000QZT0Q3,BBG000QZT0Q3,BBG001SPGZY9,MEMDIU1,MFS MER-EMRG MRKT DEBT-I1USD,LX,Equity,Open-End Fund,Mutual Fund,MEMDIU1,,False,True
IE00B06YCB08,2015-01-30,2019-11-29,59,1,Integra,EUR | USD,MELLON GLOBAL,2.943497659086772e-07,2.655952599467694e-07,4.998383310387548e-07,0.0237461665594313,True,True,True,True,IE,1100059.0002943499,isin_estandar_valido,resuelto,,1,1.0,23.0,BBG000GPZRN3,BBG000GPZRN3,BBG001SNZY85,MEEMDUC,BNY MELLON GL-EM MK DBT-CUSD,ID,Equity,Open-End Fund,Mutual Fund,MEEMDUC,,False,True
LU0990547431,2019-07-31,2019-10-31,4,1,Habitat,USD,NNIPL,0.0540256604494649,0.05239938566260765,0.1067916079349147,695.2536704773314,True,True,True,True,LU,1100058.0256604494,isin_estandar_valido,resuelto,,1,1.0,23.0,BBG005Q6WMG5,BBG005Q6WMG5,BBG005Q6WMH4,IRFFMIA,GS FRNTIERMRK DB HC-ICAP USD,LX,Equity,Open-End Fund,Mutual Fund,IRFFMIA,,False,True
US84265VAE56,2016-09-30,2017-01-31,5,1,Prima,USD,SCC,0.051130065541033,0.0491493698173162,0.090090135857081,3875.7073702976295,True,True,True,True,US,1100056.130065541,isin_estandar_valido,resuelto,,1,1.0,6.0,BBG0000D4SF8,,,SCCO 6.75 04/16/40,SOUTHERN COPPER CORP,NEW YORK,Corp,GLOBAL,Corp,SCCO 6 3/4 04/16/40,,False,True
VGG069731120,2020-12-31,2022-01-31,14,2,Integra | Prima,CAD,Aura Minerals,0.0420163603266871,0.03144450484789785,0.0822462799102357,2195.4851418130534,True,True,True,True,VG,1100056.0163603267,isin_estandar_valido,resuelto,,35,1.0,17.0,BBG000QCHWC2,BBG000QCHWC2,BBG001S5ZWZ8,AUGO,AURA MINERALS INC,US,Equity,Common Stock,Common Stock,AUGO,,True,True
PRIVFAEIEF6S,2025-01-31,2026-01-30,13,1,Habitat,EUR,InfraVia GP VI Sàrl,0.0414638961782317,0.0323271923872798,0.0724675118066451,1666.8652684615604,True,True,False,False,PR,1100054.4638961782,identificador_no_estandar,no_consultado_identificador_no_estandar,identificador_no_estandar,0,,,,,,,,,,,,,,,False
US195325BR53,2015-06-30,2015-10-30,5,1,Prima,USD,GOB COL,0.0444046749992859,0.0425612381932022,0.0683807259859577,3389.2008097950943,True,True,True,True,US,1100049.4046749992,isin_estandar_valido,resuelto,,1,1.0,6.0,BBG005WR6L91,,,COLOM 5.625 02/26/44,REPUBLIC OF COLOMBIA,STUTTGART,Govt,GLOBAL,Govt,COLOM 5 5/8 02/26/44,,False,True
MXP225611567,2015-01-30,2015-02-27,2,1,Prima,MXN,Cemex,0.0442490608927059,0.0417698853803116,0.0742968493865529,3646.892505320229,True,True,True,True,MX,1100046.2490608927,isin_estandar_valido,resuelto,,57,1.0,23.0,BBG000BJK0R3,BBG000BJK0R3,BBG001S7N586,CEMEXCPO,CEMEX SAB-CPO,MM,Equity,Unit,Unit,CEMEXCPO,,True,True
CA69480U2065,2015-01-30,2015-01-30,1,1,Prima,CAD,Pacific Rubiale,0.0441227926087273,0.0441227926087273,0.0779888121066244,3543.392141052333,True,True,True,True,CA,1100045.1227926088,isin_estandar_valido,sin_coincidencia,No identifier found.,0,,,,,,,,,,,,,,,False
IE00BGGJJ945,2022-01-31,2024-09-30,33,1,Habitat,USD,Baillie Gifford | Baillie Gifford & Co Ltd,0.0105924328911613,0.0055971806834422,0.0277881649412413,224.8124591649984,True,True,True,True,IE,1100043.5924328913,isin_estandar_valido,sin_coincidencia,No identifier found.,0,,,,,,,,,,,,,,,False
BRSTNCLTN7J0,2019-06-28,2020-02-28,9,1,Profuturo,BRL,GOB BRA,0.0322328754637921,0.0310289293510576,0.0568027735800082,1844.6396433867155,True,True,True,True,BR,1100041.2328754638,isin_estandar_valido,resuelto,,1,1.0,6.0,BBG00JNKWZ41,,,BLTN 0 04/01/20 LTN,LETRA TESOURO NACIONAL,SAO PAULO,Govt,DOMESTIC,Govt,BLTN 0 04/01/20,,False,True
US84265VAB18,2015-01-30,2015-06-30,6,1,Profuturo,USD,SCC,0.0347554430244209,0.03434937486702045,0.0552891539737238,1986.6700555449563,True,True,True,True,US,1100040.7554430244,isin_estandar_valido,resuelto,,1,1.0,6.0,BBG000061G17,,,SCCO 6.375 07/27/15,SOUTHERN COPPER CORP,EUROMTF,Corp,GLOBAL,Corp,SCCO 6 3/8 07/27/15,,False,True
MXBIGO000HH4,2015-01-30,2015-03-31,3,1,Integra,MXN,GOB MEX,0.0371144700293111,0.0361305704868184,0.0621356422865552,3117.826708168885,True,True,True,True,MX,1100040.1144700292,isin_estandar_valido,resuelto,,1,1.0,6.0,BBG006TP9ZN7,,,MCET 0 07/23/15 BI,MEXICAN CETES,MEXICO,Govt,DOMESTIC,Govt,MCET 0 07/23/15,,False,True
MXBIGO000HR3,2015-01-30,2015-03-31,3,1,Integra,MXN,GOB MEX,0.0369297082258554,0.0359248356421445,0.0618263210617424,3102.305665163052,True,True,True,True,MX,1100039.929708226,isin_estandar_valido,resuelto,,1,1.0,6.0,BBG007424W28,,,MCET 0 09/17/15 BI,MEXICAN CETES,MEXICO,Govt,DOMESTIC,Govt,MCET 0 09/17/15,,False,True
US61747YBA29,2015-01-30,2017-03-31,27,1,Prima,BRL,MORGAN STANLEY,0.0103362163941254,0.0089869359385313,0.0177477548232776,803.9288768366988,True,True,True,True,US,1100037.336216394,isin_estandar_valido,resuelto,,1,1.0,6.0,BBG0000HM4X2,,,MS 10.09 05/03/17,MORGAN STANLEY,LONDON,Corp,PRIV PLACEMENT,Corp,MS 10.09 05/03/17,,False,True
US912810RH32,2015-01-30,2015-12-31,12,1,Prima,USD,TREASURY,0.0242028648208301,0.02212537008905215,0.0411594667393125,1870.0647828125684,True,True,True,True,US,1100036.2028648208,isin_estandar_valido,resuelto,,1,1.0,6.0,BBG006XYRWF9,,,T 3.125 08/15/44,US TREASURY N/B,FRANKFURT,Govt,US GOVERNMENT,Bond,T 3 1/8 08/15/44,,False,True
AMERICAMOVIL,2015-01-30,2015-04-30,4,1,Integra,MXN,BON EMP PRI EXT,0.0287383723819486,0.0272417302065881,0.0481126963368286,2414.186835780756,True,True,False,False,AM,1100032.738372382,identificador_no_estandar,no_consultado_identificador_no_estandar,identificador_no_estandar,0,,,,,,,,,,,,,,,False
XS0860706935,2015-01-30,2015-04-30,4,1,Integra,MXN | USD,BON EMP PRI EXT,0.0287383723819486,0.0272417302065881,0.0481126963368286,2414.186835780756,True,True,True,True,XS,1100032.738372382,isin_estandar_valido,resuelto,,1,1.0,6.0,BBG003P08CP3,,,AMXLMM 6.45 12/05/22,AMERICA MOVIL SAB DE CV,MEXICO,Corp,EURO NON-DOLLAR,Corp,AMXLMM 6.45 12/05/22,,False,True
IE0004347849,2015-01-30,2016-09-30,21,1,Integra,USD,Muzinich,1.7173087274753352e-05,1.577449068274582e-05,2.821950608944756e-05,1.346635081051044,True,True,True,True,IE,1100021.0171730872,isin_estandar_valido,resuelto,,1,1.0,23.0,BBG000CQV1W6,BBG000CQV1W6,BBG001SFPG73,LARAMYA,MUZIN-AMERICAYIELD-USD A ACC,ID,Equity,Open-End Fund,Mutual Fund,LARAMYA,,False,True
XS0213272122,2015-01-30,2015-09-30,9,2,Integra | Profuturo,COP | USD,GOB COL,0.0089812507051626,0.0067939367477279,0.014512700993638,515.2543425309377,True,True,True,True,XS,1100017.9812507052,isin_estandar_valido,resuelto,,1,1.0,6.0,BBG00009VXV8,,,COLOM 12 10/22/15,REPUBLIC OF COLOMBIA,FRANKFURT,Govt,GLOBAL,Govt,COLOM 12 10/22/15,,False,True
LU0231483743,2015-01-30,2016-01-29,13,1,Integra,EUR | USD,ABERDEEN,9.67992848012824e-05,9.236932701963068e-05,0.0001515818172505,8.381716202446713,True,True,True,True,LU,1100013.0967992847,isin_estandar_valido,resuelto,,20,1.0,23.0,BBG000C22B04,BBG000C22B04,BBG001SKVRW3,ABGCHA2,ABR SV I- ALL CHINA SUSTA,LX,Equity,Open-End Fund,Mutual Fund,ABGCHA2,,True,True
US05367G1004,2015-01-30,2015-11-30,11,1,Integra,USD,Avianca Holding,0.0003973007967107,0.0003144409361594,0.0006274546531491,34.401726540353806,True,True,True,True,US,1100011.3973007968,isin_estandar_valido,sin_coincidencia,No identifier found.,0,,,,,,,,,,,,,,,False
US4642888444,2015-01-30,2015-01-30,1,1,Prima,USD,BlackRock USA,0.0070998068486109,0.0070998068486109,0.0125491944088807,570.1678951613239,True,True,True,True,US,1100008.0998068487,isin_estandar_valido,resuelto,,92,1.0,25.0,BBG000P8HGR1,BBG000P8HGR1,BBG001SQYZC1,IEZ,ISHARES U.S. OIL EQUIPMENT &,US,Equity,ETP,Mutual Fund,IEZ,,True,True
PRIVFAEVECIX,2025-11-28,2026-01-30,3,1,Habitat,USD,"Veritas Capital Partners IX, L.L.C",0.0023568117577971,0.0022460540613791,0.0039961205715484,102.29529642720829,True,True,False,False,PR,1100005.356811758,identificador_no_estandar,no_consultado_identificador_no_estandar,identificador_no_estandar,0,,,,,,,,,,,,,,,False
PRIVFAEICG9F,2025-11-28,2026-01-30,3,1,Habitat,EUR,ICG EUROPE FUND VI FEEDER LIMITED PARTNERSHIP,0.0004949905105964,0.0004774625160612,0.0008392871240443,21.972661045895176,True,True,False,False,PR,1100003.4949905106,identificador_no_estandar,no_consultado_identificador_no_estandar,identificador_no_estandar,0,,,,,,,,,,,,,,,False
IL0011762130,2021-09-30,2021-11-30,2,1,Habitat,USD,Monday.com Ltd,0.0007638924458627,0.0007017456389822,0.0015508351463043,14.92587163236775,True,True,True,True,IL,1100002.763892446,isin_estandar_valido,resuelto,,92,1.0,17.0,BBG00GF8K4W4,BBG00GF8K4W4,BBG00GF8K4X3,MNDY,MONDAY.COM LTD,US,Equity,Common Stock,Common Stock,MNDY,,True,True
IL0011684185,2023-08-31,2023-08-31,1,1,Habitat,USD,JFrog Ltd.,0.0006997714831228,0.0006997714831228,0.0013408458508282,23.38599339086042,True,True,True,True,IL,1100001.6997714832,isin_estandar_valido,resuelto,,71,1.0,17.0,BBG006PWZX16,BBG006PWZX16,BBG006PWZX25,FROG,JFROG LTD,US,Equity,Common Stock,Common Stock,FROG,,True,True
IE00B3YCGJ38,2025-02-28,2025-07-31,6,1,Profuturo,USD,Invesco Investment Management Ltd,13.535414760964107,12.97776601484116,23.27874379287497,432255.5696693835,False,True,True,True,IE,113541.41476096411,isin_estandar_valido,resuelto,,170,1.0,23.0,BBG000QXQZL9,BBG000QXQZ84,BBG001T8QMX5,SPXS,INVESCO S&P 500 ACC,LN,Equity,ETP,Mutual Fund,SPXS,,True,True
IE00BNRQM384,2025-07-31,2025-12-31,6,1,Profuturo,USD,Invesco Investment Management Ltd,10.564551835215628,7.100050866604954,15.363708142536586,344227.5194644541,False,True,True,True,IE,110570.55183521562,isin_estandar_valido,resuelto,,107,1.0,23.0,BBG00ZS13Y10,BBG00ZS13Y01,BBG00ZS13Y65,EQQS,INVESCO NASDAQ-100 SWAP ACC,LN,Equity,ETP,Mutual Fund,EQQS,,True,True
US92189H8051,2025-10-31,2026-01-30,3,1,Profuturo,USD,VAN ECK ASSOCIATES CORPORATION,3.508435583139549,0.3697152057277742,5.63515359196314,124850.93617321308,False,True,True,True,US,103511.43558313955,isin_estandar_valido,resuelto,,93,1.0,25.0,BBG0018555F4,BBG0018555F4,BBG001TCVD33,REMX,VANECK RAR EARTH ND STG-USDI,US,Equity,ETP,Mutual Fund,REMX,,True,True
IE0001ZFMLN7,2025-09-30,2025-12-31,4,1,Profuturo,USD,BlackRock Asset Management Ireland Limited,3.452035288834878,3.4202293728307733,5.516771980969335,116723.79875433772,False,True,True,True,IE,103456.03528883487,isin_estandar_valido,resuelto,,94,1.0,23.0,BBG01PV7RYF3,BBG01PV7RYD5,BBG01PV7RYK7,N100,ISHARES NASDAQ 100 SWAP UCIT,LN,Equity,ETP,Mutual Fund,N100,,True,True
IE00B4L5YX21,2019-10-31,2023-08-31,47,2,Integra | Profuturo,USD,BlackRock AMIL,3.302598285889907,0.06654989853403785,5.988088072194307,250501.54453026204,False,True,True,True,IE,103349.59828588991,isin_estandar_valido,resuelto,,170,1.0,23.0,BBG000P730F6,BBG000P73093,BBG001T5K145,IJPA,ISHARES CORE MSCI JAPAN,NA,Equity,ETP,Mutual Fund,IJPA,,True,True
US46090E103X,2025-05-30,2025-05-30,1,1,Integra,USD,BANK OF NEW YORK,3.2965062849613624,3.2965062849613624,5.723494708186302,97887.01870591262,False,True,False,False,US,103297.50628496136,identificador_no_estandar,no_consultado_identificador_no_estandar,identificador_no_estandar,0,,,,,,,,,,,,,,,False
IE00B53L3W79,2019-11-29,2021-06-30,20,1,Profuturo,EUR,BlackRock AMIL,2.1441856355501647,0.48230290279463905,3.955938535175604,92655.33006094676,False,True,True,True,IE,102164.18563555017,isin_estandar_valido,resuelto,,201,1.0,23.0,BBG000Q365X0,BBG000Q365X0,BBG001T6CZS1,CSSX5E,ISHARES CORE EURO STOXX 50,SW,Equity,ETP,Mutual Fund,CSSX5E,,True,True
IE00BYPC1H27,2022-02-28,2022-08-31,7,1,Profuturo,EUR,BlackRock AMIL,2.092771068402806,0.6317500123477173,4.665638501765549,103045.81544139895,False,True,True,True,IE,102099.7710684028,isin_estandar_valido,resuelto,,96,1.0,23.0,BBG00PNS7ZP5,BBG00PNS7ZN7,BBG00JSHSQC9,CNYB,ISHARES CHINA CNY BOND USD-D,NA,Equity,ETP,Mutual Fund,CNYB,,True,True
US46434V4234,2022-03-31,2022-04-29,2,1,Profuturo,USD,BlackRock USA,2.0761304196446817,1.3319999430774938,5.272545774402664,103293.6548834939,False,True,True,True,US,102078.13041964469,isin_estandar_valido,resuelto,,66,1.0,25.0,BBG00B094395,BBG00B094395,BBG00B0943B2,KSA,ISHRS MSCI SAUDI ARABIA ETF,US,Equity,ETP,Mutual Fund,KSA,,True,True
US4642874659,2022-01-31,2023-05-31,7,2,Integra | Profuturo,USD,BlackRock USA,1.836777871910832,0.0010472752985229,3.865353997653261,88330.50754531384,False,True,True,True,US,101843.77787191083,isin_estandar_valido,resuelto,,105,1.0,25.0,BBG000D2KQ55,BBG000D2KQ55,BBG001SG09V7,EFA,ISHARES MSCI EAFE ETF,US,Equity,ETP,Mutual Fund,EFA,,True,True
US912810TR95,2023-05-31,2023-10-31,6,2,Integra | Prima,USD,GOBIERNO DE LOS ESTADOS UNIDOS | TREASURY,1.7993302101436963,0.278311239600698,4.380097072332167,71977.3463137095,False,True,True,True,US,101805.3302101437,isin_estandar_valido,resuelto,,1,1.0,6.0,BBG01GJ2QXX1,,,T 3.625 05/15/53,US TREASURY N/B,FRANKFURT,Govt,US GOVERNMENT,Bond,T 3 5/8 05/15/53,,False,True
US91282CGM73,2023-05-31,2023-05-31,1,1,Profuturo,USD,TREASURY,1.794645151850374,1.794645151850374,4.3562160109166,66846.6328486523,False,True,True,True,US,101795.64515185037,isin_estandar_valido,resuelto,,1,1.0,6.0,BBG01DVKBC66,,,T 3.5 02/15/33,US TREASURY N/B,FRANKFURT,Govt,US GOVERNMENT,Note,T 3 1/2 02/15/33,,False,True
IE00B8JGVH8X,2025-04-30,2025-12-31,9,1,Profuturo,JPY,Lazard Japan Asset Management K.K.,1.518979436241061,1.0489146782299934,2.483053879389104,47016.6805402938,False,True,False,False,IE,101527.97943624106,identificador_no_estandar,no_consultado_identificador_no_estandar,identificador_no_estandar,0,,,,,,,,,,,,,,,False
DE000A0Q4R85,2024-11-29,2026-01-30,14,1,Integra,USD,BlackRock Asset Management (Deutschland) AG,1.4402315623087227,0.8516148196856254,2.415496260641006,48933.933129540885,False,True,True,True,DE,101454.23156230872,isin_estandar_valido,resuelto,,86,1.0,23.0,BBG00MCBG5F8,BBG00MCBG5F8,BBG00MCBG5Y7,4BRZ,ISHARES MSCI BRAZIL UCITS DE,GR,Equity,ETP,Mutual Fund,4BRZ,,True,True
US46429B6149,2025-05-30,2025-09-30,5,1,Integra,USD,BlackRock Fund Advisors,1.4162391034998274,1.0920158842722203,2.389081595739344,44791.89837142475,False,True,True,True,US,101421.23910349983,isin_estandar_valido,resuelto,,66,1.0,25.0,BBG002DMN4P1,BBG002DMN4P1,BBG002DMN5F9,SMIN,ISHARES MSCI INDIA SMALL-CAP,US,Equity,ETP,Mutual Fund,SMIN,,True,True
US33734X1928,2022-09-30,2026-01-30,15,1,Integra,USD,First Trust Por | First Trust Portfolios LP,1.3766682821507037,0.659442523762446,2.3902134401390445,40879.02228534716,False,True,True,True,US,101391.6682821507,isin_estandar_valido,resuelto,,95,1.0,25.0,BBG001VDB4Z5,BBG001VDB4Z5,BBG001VDB5R1,SKYY,FIRST TRUST CLOUD COMPUTING,US,Equity,ETP,Mutual Fund,SKYY,,True,True
US912796VU03,2019-08-30,2019-08-30,1,1,Profuturo,USD,TREASURY,1.3686062027816572,1.3686062027816572,2.2292905054614343,78323.3025757172,False,True,True,True,US,101369.60620278165,isin_estandar_valido,resuelto,,1,1.0,5.0,BBG00PNVXS66,,,B 0 09/10/19,TREASURY BILL,,Govt,US GOVERNMENT,Bill,B 09/10/19,,False,True
BRSTNCNTF204,2023-05-31,2023-06-30,2,2,Integra | Profuturo,BRL,GOB BRA,1.28812901375781,1.1920701551260549,2.973627762587116,48114.91776629678,False,True,True,True,BR,101290.1290137578,isin_estandar_valido,resuelto,,1,1.0,6.0,BBG00R7V2715,,,BNTNF 10 01/01/31 NTNF,NOTA DO TESOURO NACIONAL,SAO PAULO,Govt,DOMESTIC,Govt,BNTNF 10 01/01/31,,False,True
LU1244895048,2024-08-30,2025-11-28,16,1,Profuturo,USD,Edmond de Rothschild Asset Management Luxembo | Edmond de Rothschild Asset Management Luxembourg,1.189679011089893,1.1196639889595121,2.139049057644585,38247.25693820314,False,True,True,True,LU,101205.67901108989,isin_estandar_valido,resuelto,,1,1.0,23.0,BBG00GBJ66L7,BBG00GBJ66L7,BBG00GBQCCG7,EDRGDNU,EDR FUND-BIG DATA-N USD,LX,Equity,Open-End Fund,Mutual Fund,EDRGDNU,,False,True
US46434G7640,2022-11-30,2024-11-29,8,1,Integra,USD,BlackRock Fund Advisors | BlackRock Luxembourg S.A. | BlackRock USA,1.1954590861377985,0.47959049338285176,2.342255723400675,38413.065471634654,False,True,True,True,US,101203.4590861378,isin_estandar_valido,resuelto,,63,1.0,25.0,BBG00H5VLMJ6,BBG00H5VLMJ6,BBG00H5VLN77,EMXC,ISHARES MSCI EMR MRK EX CHNA,US,Equity,ETP,Mutual Fund,EMXC,,True,True
US46434G8481,2023-01-31,2023-02-28,2,1,Profuturo,USD,BlackRock USA,1.1545824283672492,0.5939667733971098,2.627313957769513,47503.38581239132,False,True,True,True,US,101156.58242836726,isin_estandar_valido,resuelto,,70,1.0,25.0,BBG002GKR8T5,BBG002GKR8T5,BBG002GKR9K2,PICK,ISHARES MSCI GLOBAL METALS &,US,Equity,ETP,Mutual Fund,PICK,,True,True
US4642874402,2023-08-31,2023-08-31,1,1,Integra,USD,BlackRock USA,1.1284640685675331,1.1284640685675331,2.8504018665139177,45994.43533526886,False,True,True,True,US,101129.46406856753,isin_estandar_valido,resuelto,,99,1.0,25.0,BBG000BHR296,BBG000BHR296,BBG001S80936,IEF,ISHARES 7-10 YEAR TREASURY B,US,Equity,ETP,Mutual Fund,IEF,,True,True
BRSTNCNTF1P8,2025-07-31,2026-01-30,6,1,Profuturo,BRL,REPUBLICA FEDERAL DE BRASIL,1.1200557467111332,1.0626592818125444,1.694914202736593,36724.1669917352,False,True,True,True,BR,101126.05574671114,isin_estandar_valido,resuelto,,1,1.0,6.0,BBG00BTJ9QT4,,,BNTNF 10 01/01/27 NTNF,NOTA DO TESOURO NACIONAL,SAO PAULO,Govt,DOMESTIC,Govt,BNTNF 10 01/01/27,,False,True
US9219107094,2024-10-31,2025-07-31,6,1,Integra,USD,THE VANGUARD GROUP INC.,1.1195748133005508,0.5451844819959726,2.3133810507964823,35844.904887906414,False,True,True,True,US,101125.57481330055,isin_estandar_valido,resuelto,,66,1.0,25.0,BBG000RRTPG6,BBG000RRTPG6,BBG001SV5CV2,EDV,VANGUARD EXTENDED DUR TREAS,US,Equity,ETP,Mutual Fund,EDV,,True,True
US81369Y8527,2020-09-30,2025-11-28,5,2,Integra | Profuturo,USD,"SSGA Funds Mana | SSGA Funds Management, Inc.",1.109938163520507,0.8952390050821857,1.8009142848199855,36105.501879403375,False,True,True,True,US,101114.9381635205,isin_estandar_valido,resuelto,,68,1.0,25.0,BBG00L5F9F38,BBG00L5F9F38,BBG00L5F9FV7,XLC,SS COMM SELECT SECTOR SPDR,US,Equity,ETP,Mutual Fund,XLC,,True,True
COL17CT03938,2026-01-30,2026-01-30,1,1,Integra,COP,REPUBLICA DE COLOMBIA,1.045822751662747,1.045822751662747,1.7540102661582635,35533.32806648169,False,True,True,True,CO,101046.82275166275,isin_estandar_valido,resuelto,,1,1.0,6.0,BBG01NQ7Q7Z2,,,COLTES 11.5 07/25/46 B,TITULOS DE TESORERIA,COLOMBIA,Govt,DOMESTIC,Govt,COLTES 11 1/2 07/25/46,,False,True
IE00B4PY7Y77,2020-05-29,2020-07-31,3,1,Integra,USD,BlackRock AMIL,1.0011931671729883,0.8513847314779434,1.966898067651967,56658.54321757867,False,True,True,True,IE,101004.19316717298,isin_estandar_valido,resuelto,,130,1.0,23.0,BBG0022FR5K6,BBG0022FR5J8,BBG0022FR5N3,IHYU,ISHARES USD HY CORP USD DIST,LN,Equity,ETP,Mutual Fund,IHYU,,True,True
LU0333811072,2024-12-31,2026-01-30,14,1,Integra,USD,GOLDMAN SACHS ASSET MANAGEMENT,0.95230886750908,0.5102851002644538,1.6064685569004251,30119.0116176442,False,True,True,True,LU,100966.30886750908,isin_estandar_valido,resuelto,,2,1.0,23.0,BBG000BXZTP5,BBG000BXZTP5,BBG001SJNW90,GSINDAI,GS INDIA EQ IUSDA,LX,Equity,Open-End Fund,Mutual Fund,GSINDAI,,True,True
IE00B4L5Y983,2019-10-31,2020-05-29,8,1,Integra,USD,BlackRock AMIL,0.892803252637019,0.08297557401460265,1.6852692677419523,68298.5048223886,False,True,True,True,IE,100900.80325263702,isin_estandar_valido,resuelto,,180,1.0,23.0,BBG000P71QK5,BBG000P71PV5,BBG001T5K109,IWDA,ISHARES CORE MSCI WORLD,NA,Equity,ETP,Mutual Fund,IWDA,,True,True
LU1701697515,2024-11-29,2024-12-31,2,1,Profuturo,USD,Invesco Management S.A.,0.8802005138831686,0.8740527748006969,1.621554494022289,28514.02651242743,False,True,True,True,LU,100882.20051388317,isin_estandar_valido,resuelto,,1,1.0,23.0,BBG00J3HBZC4,BBG00J3HBZC4,BBG00J3P0QK9,ININESA,INVESCO INDIA EQUITY-S A,LX,Equity,Open-End Fund,Mutual Fund,ININESA,,False,True
US05968LAL62,2022-09-30,2023-12-29,9,2,Integra | Profuturo,USD,BANCOLOMBIA | BANCOLOMBIA S.A.,0.86875044577808,0.1631451732209043,2.347488623356256,35527.4879045972,False,True,True,True,US,100877.75044577807,isin_estandar_valido,resuelto,,1,1.0,6.0,BBG00R2G7BF4,,,BCOLO V4.625 12/18/29,BANCOLOMBIA SA,TRACE,Corp,GLOBAL,Corp,BCOLO 4 5/8 12/18/29,,False,True
MX0MGO0000U2,2023-08-31,2023-08-31,1,1,Integra,MXN,GOB MEX,0.838543028101707,0.838543028101707,2.118086591350159,34177.70592449872,False,True,True,True,MX,100839.5430281017,isin_estandar_valido,resuelto,,1,1.0,6.0,BBG0069HXQ96,,,MBONO 7.75 11/23/34 M,MEX BONOS DESARR FIX RT,MEXICO,Govt,DOMESTIC,Govt,MBONO 7 3/4 11/23/34,,False,True
LU1217871059,2024-10-31,2025-06-30,9,1,Profuturo,JPY,GOLDMAN SACHS ASSET MANAGEMENT,0.8004709972105009,1.962243445637236e-05,1.4984353554036312,26298.55836474224,False,True,True,True,LU,100809.4709972105,isin_estandar_valido,resuelto,,23,1.0,23.0,BBG008HD2TZ1,BBG008HD2TZ1,BBG008HD2V04,GSJEPIJ,GS JAPAN EQ PART PORT-IJPYAS,LX,Equity,Open-End Fund,Mutual Fund,GSJEPIJ,,True,True
US912810TX63,2024-04-30,2024-04-30,1,1,Integra,USD,GOBIERNO DE LOS ESTADOS UNIDOS,0.8037187588451088,0.8037187588451088,1.978594282209628,32612.87091351236,False,True,True,True,US,100804.7187588451,isin_estandar_valido,resuelto,,1,1.0,6.0,BBG01L8YJKX8,,,T 4.25 02/15/54,US TREASURY N/B,FRANKFURT,Govt,US GOVERNMENT,Bond,T 4 1/4 02/15/54,,False,True
US84265V1052,2025-05-30,2025-08-29,4,1,Profuturo,USD,Southern Copper Corporation,0.686564669256052,0.43988069542943475,1.065218305154526,21925.54919558358,False,True,True,True,US,100690.56466925605,isin_estandar_valido,resuelto,,47,1.0,19.0,BBG000BSHH72,BBG000BSHH72,BBG001S6ZM88,SCCO,SOUTHERN COPPER CORP,US,Equity,Common Stock,Common Stock,SCCO,,True,True
LU1220257130,2020-01-31,2020-01-31,1,1,Integra,USD,Matthews Intern,0.6387715029291409,0.6387715029291409,1.1848453575112774,47930.16219543997,False,True,True,True,LU,100639.77150292914,isin_estandar_valido,resuelto,,1,1.0,23.0,BBG008LRNG17,BBG008LRNG17,BBG008LRNG26,MAFJFIU,MATTHEWS ASIA-JAPAN FD-I USD,LX,Equity,Open-End Fund,Mutual Fund,MAFJFIU,,False,True
MX0MGO0000N7,2019-09-30,2019-10-31,2,1,Profuturo,MXN,GOB MEX,0.6287189670134558,0.6199573305156524,1.0531077330147491,35239.63946646023,False,True,True,True,MX,100630.71896701345,isin_estandar_valido,resuelto,,1,1.0,6.0,BBG001HM5N86,,,MBONO 6.5 06/10/21 M,MEX BONOS DESARR FIX RT,MEXICO,Govt,DOMESTIC,Govt,MBONO 6 1/2 06/10/21,,False,True
US912810TP30,2023-05-31,2023-10-31,6,2,Integra | Prima,USD,GOBIERNO DE LOS ESTADOS UNIDOS | TREASURY,0.5892956214409376,0.2808872494814649,1.3751233486990573,23793.04812826626,False,True,True,True,US,100595.29562144094,isin_estandar_valido,resuelto,,1,1.0,6.0,BBG01F6N6J46,,,TII 1.5 02/15/53,TSY INFL IX N/B,FRANKFURT,Govt,US GOVERNMENT,Bond,TII 1 1/2 02/15/53,,False,True
US912810TT51,2023-08-31,2024-01-31,3,1,Integra,USD,TREASURY,0.5878667937358302,0.4896346011254135,1.5504405800157928,24557.029312361086,False,True,True,True,US,100590.86679373583,isin_estandar_valido,resuelto,,1,1.0,6.0,BBG01HQWRRD9,,,T 4.125 08/15/53,US TREASURY N/B,FRANKFURT,Govt,US GOVERNMENT,Bond,T 4 1/8 08/15/53,,False,True
LU0666200935,2024-08-30,2025-06-30,11,1,Profuturo,USD,HSBC Global Asset Management (UK) Limited,0.5607906964713635,3.143291139745301e-06,1.0888041307702976,18439.42289730615,False,True,True,True,LU,100571.79069647136,isin_estandar_valido,resuelto,,3,1.0,23.0,BBG005VLB5L0,BBG005VLB5L0,BBG005VLB5N8,HSBFMUX,HSBC GIF-FRONTIER MARKETS-XC,LX,Equity,Open-End Fund,Mutual Fund,HSBFMUX,,True,True
US46435G4745,2023-10-31,2023-10-31,1,1,Integra,USD,BlackRock Luxembourg S.A.,0.5685188164055819,0.5685188164055819,1.5158866496154657,22546.210214039056,False,True,True,True,US,100569.51881640559,isin_estandar_valido,resuelto,,78,1.0,25.0,BBG00D332C75,BBG00D332C75,BBG00D332C84,FALN,ISHARES FALLEN ANGELS ETF,US,Equity,ETP,Mutual Fund,FALN,,True,True
LU2416422678,2025-10-31,2026-01-30,4,1,Integra,USD,Vontobel Asset Management S.A.,0.5617454019641538,0.5507652573991648,0.9173213872832116,18177.29649915398,False,True,True,True,LU,100565.74540196416,isin_estandar_valido,resuelto,,1,1.0,23.0,BBG0140VCQW5,BBG0140VCQW5,BBG01422NY49,VOVCOIU,VONTOBEL-CREDIT OPPORT-IUSDA,LX,Equity,Open-End Fund,Mutual Fund,VOVCOIU,,False,True
US46429B6065,2021-11-30,2023-08-31,22,2,Integra | Profuturo,USD,BlackRock USA,0.5394432897705265,0.00138758714733795,1.073513293680143,24452.037317417664,False,True,True,True,US,100561.44328977053,isin_estandar_valido,resuelto,,66,1.0,25.0,BBG000QYG6S5,BBG000QYG6S5,BBG001S56L11,EPOL,ISHARES MSCI POLAND ETF,US,Equity,ETP,Mutual Fund,EPOL,,True,True
BRSTNCNTF0N5,2019-11-29,2019-12-31,2,1,Integra,BRL,GOB BRA,0.555977943605783,0.5503083729814413,1.0092253304602303,42170.83688108299,False,True,True,True,BR,100557.97794360579,isin_estandar_valido,resuelto,,1,1.0,6.0,BBG0000MXST1,,,BNTNF 10 01/01/21 NTNF,NOTA DO TESOURO NACIONAL,SAO PAULO,Govt,DOMESTIC,Govt,BNTNF 10 01/01/21,,False,True
US37954Y8710,2025-10-31,2025-12-31,3,1,Integra,USD,Global X Management Company LLC,0.5503348950031216,0.4378780622613501,0.8853946570934353,17541.989667177342,False,True,True,True,US,100553.33489500312,isin_estandar_valido,resuelto,,101,1.0,25.0,BBG0018JWV58,BBG0018JWV58,BBG001TF8NP6,URA,GLOBAL X URANIUM ETF,US,Equity,ETP,Mutual Fund,URA,,True,True
CL0002454248,2023-09-29,2023-09-29,1,1,Integra,CLP,GOB CHILE,0.5405863079543531,0.5405863079543531,1.369737974949417,21994.82902259892,False,True,True,True,CL,100541.58630795435,isin_estandar_valido,resuelto,,1,1.0,6.0,BBG00L9H72P7,,,BTPCL 4.7 09/01/30,BONOS TESORERIA PESOS,SANTIAGO,Govt,DOMESTIC,Govt,BTPCL 4.7 09/01/30,,False,True
GB00BMBL1D50,2024-06-28,2024-06-28,1,1,Integra,GBP,Gobierno Reino Unido,0.5269030680587978,0.5269030680587978,1.203245576159559,20519.3320512794,False,True,True,True,GB,100527.9030680588,isin_estandar_valido,resuelto,,1,1.0,6.0,BBG00TSXQSV9,,,UKT 0.5 10/22/61,UNITED KINGDOM GILT,LONDON,Govt,UK GILT STOCK,Govt,UKT 0 1/2 10/22/61,,False,True
LU2091609516,2022-03-31,2023-02-28,12,1,Prima,EUR,Jupiter Unit,0.4734691005508681,0.1998621152039766,1.2121512636343827,21644.476635921565,False,True,True,True,LU,100485.46910055086,isin_estandar_valido,sin_coincidencia,No identifier found.,0,,,,,,,,,,,,,,,False
US91282CMK44,2025-04-30,2025-04-30,1,1,Prima,USD,GOBIERNO DE LOS ESTADOS UNIDOS,0.477653773959957,0.477653773959957,0.856388782180531,12605.353294608787,False,True,True,True,US,100478.65377395996,isin_estandar_valido,resuelto,,1,1.0,6.0,BBG01RYZYPJ1,,,T 4.375 01/31/32,US TREASURY N/B,NEW YORK,Govt,US GOVERNMENT,Note,T 4 3/8 01/31/32,,False,True
LU1279333329,2024-10-31,2025-06-30,9,1,Profuturo,USD,Pictet Asset Management (Europe) S.A.,0.4657062022349468,2.3679030710076665e-05,0.8568997165399326,15068.048175983988,False,True,True,True,LU,100474.70620223494,isin_estandar_valido,resuelto,,3,1.0,23.0,BBG00B57JK27,BBG00B57JK27,BBG00B57JK18,PIROIUS,PICTET - ROBOTICS-I USD,LX,Equity,Open-End Fund,Mutual Fund,PIROIUS,,True,True
GB00BMCC1W62,2024-09-30,2026-01-30,17,1,Integra,EUR,Premier Portfolio Managers Ltd,0.4529278995943254,3.022973491670726e-07,0.8874188815110737,14553.69678711139,False,True,True,True,GB,100469.92789959433,isin_estandar_valido,resuelto,,1,1.0,23.0,BBG00W8ZF2C9,BBG00W8ZF2C9,BBG00W901VD5,LFMEOBE,PM MITON-EUROPEAN OP-BEURACC,LN,Equity,Open-End Fund,Mutual Fund,LFMEOBE,,False,True
US78467X1090,2020-11-30,2020-12-31,2,1,Integra,USD,STATE ST BANK,0.4285274755999252,0.29177060081000034,0.7416023391523091,25488.932723019083,False,True,True,True,US,100430.52747559993,isin_estandar_valido,resuelto,,91,2.0,25.0,BBG000BTDS98,BBG000BTDS98,BBG001S8LH99,DIA,SS SPDR DOW JONES INDUS AVG,US,Equity,ETP,Mutual Fund,DIA,,True,True
LU0301639745,2025-11-28,2026-01-30,3,1,Integra,USD,JP MORGAN ASSET MANAGMENT (EUROPE),0.4025752406694473,0.3445806100909923,0.6751823900490659,13678.07123664801,False,True,True,True,LU,100405.57524066945,isin_estandar_valido,resuelto,,1,1.0,23.0,BBG0029HDVM1,BBG0029HDVM1,BBG0029HDVP8,JPJFKIA,JPM KOREA EQ-I,LX,Equity,Open-End Fund,Mutual Fund,JPJFKIA,,False,True
US195325EG61,2023-05-31,2023-06-30,2,1,Prima,USD,GOB COL,0.3506623942206636,0.3481557341210483,0.957925416099072,12617.868177763105,False,True,True,True,US,100352.66239422066,isin_estandar_valido,resuelto,,1,1.0,6.0,BBG01D22SFB7,,,COLOM 7.5 02/02/34,REPUBLIC OF COLOMBIA,EUROMTF,Govt,GLOBAL,Govt,COLOM 7 1/2 02/02/34,,False,True
US4642867802,2025-12-31,2025-12-31,1,1,Profuturo,USD,BlackRock Fund Advisors,0.3401814805047582,0.3401814805047582,0.5492777391655088,11565.275326473193,False,True,True,True,US,100341.18148050476,isin_estandar_valido,resuelto,,101,1.0,25.0,BBG000PNJ9F5,BBG000PNJ9F5,BBG001SLJR19,EZA,ISHARES MSCI SOUTH AFRICA ET,US,Equity,ETP,Mutual Fund,EZA,,True,True
US91282CJJ18,2024-03-29,2024-03-29,1,1,Integra,USD,TREASURY,0.3209522724375406,0.3209522724375406,0.8873496795607437,13518.62585216412,False,True,True,True,US,100321.95227243754,isin_estandar_valido,resuelto,,1,1.0,6.0,BBG01JZY4GQ6,,,T 4.5 11/15/33,US TREASURY N/B,FRANKFURT,Govt,US GOVERNMENT,Note,T 4 1/2 11/15/33,,False,True
IE000NG9LZQX,2023-09-29,2023-09-29,1,1,Integra,USD,Moneda Latam HY,0.2950063302517955,0.2950063302517955,0.7474872512503108,12002.919236016778,False,True,False,False,IE,100296.0063302518,identificador_no_estandar,no_consultado_identificador_no_estandar,identificador_no_estandar,0,,,,,,,,,,,,,,,False
US78468R6229,2023-07-31,2023-10-31,2,1,Integra,USD,State Street GA | State Street Global Advisors Inc,0.2915089858757357,0.2863597304390352,0.7498137132614302,11903.979116921682,False,True,True,True,US,100293.50898587574,isin_estandar_valido,resuelto,,108,1.0,25.0,BBG000NXDKM8,BBG000NXDKM8,BBG001SQS7X7,JNK,SS SPDR BB HIGH YIELD BOND,US,Equity,ETP,Mutual Fund,JNK,,True,True
US912810TN81,2023-04-28,2023-10-31,7,1,Prima,USD,GOBIERNO DE LOS ESTADOS UNIDOS | TREASURY,0.284938106871117,0.2721428132391317,0.8483482390251074,10611.33261282978,False,True,True,True,US,100291.93810687112,isin_estandar_valido,resuelto,,1,1.0,6.0,BBG01DVKBH56,,,T 3.625 02/15/53,US TREASURY N/B,FRANKFURT,Govt,US GOVERNMENT,Bond,T 3 5/8 02/15/53,,False,True
USP1S81BAA64,2023-11-30,2024-01-31,3,1,Integra,USD,Bancomer,0.2616088031502159,0.2605229519348962,0.684509889740765,10841.775972345746,False,True,True,True,US,100264.60880315021,isin_estandar_valido,resuelto,,1,1.0,6.0,BBG01H504313,,,BBVASM V8.45 06/29/38 REGS,BBVA MEX BANCA GRUPO TX,TRACE,Corp,EURO-DOLLAR,Corp,BBVASM 8.45 06/29/38,,False,True
AU0000097495,2023-08-31,2024-02-29,7,1,Integra,AUD,GOB AUS | Gobierno de Australia,0.25598593385075,0.2339644266697754,0.662193042846239,10493.554460605472,False,True,True,True,AU,100262.98593385075,isin_estandar_valido,resuelto,,1,1.0,6.0,BBG00W041NP1,,,ACGB 1.75 06/21/51 162,AUSTRALIAN GOVERNMENT,AUSTRALIA,Govt,AUSTRALIAN,Govt,ACGB 1 3/4 06/21/51,,False,True
MXBIGO000OK4,2019-12-31,2020-02-28,3,1,Profuturo,MXN,GOB MEX,0.2558445520728472,0.2498237001675357,0.4584746977233927,13644.805472331347,False,True,True,True,MX,100258.84455207284,isin_estandar_valido,resuelto,,1,1.0,6.0,BBG00NX1GGG0,,,MCET 0 04/23/20 BI,MEXICO CETES,MEXICO,Govt,DOMESTIC,Govt,MCET 0 04/23/20,,False,True
USP0592VAA63,2023-05-31,2023-11-30,7,1,Profuturo,USD,Auna | Auna S.A.A.,0.2466069029602308,0.2079194700075657,0.569183174109808,8864.423933805474,False,True,True,True,US,100253.60690296024,isin_estandar_valido,resuelto,,1,1.0,6.0,BBG00Y71KLK4,,,AUNA 6.5 11/20/25 REGS,AUNA SA,TRACE,Corp,EURO-DOLLAR,Corp,AUNA 6 1/2 11/20/25,,False,True
USL0415AAA18,2023-12-29,2024-01-31,2,1,Profuturo,USD,Auna,0.2427168744784514,0.2358062635473838,0.5837477436332417,9112.208752423769,False,True,True,True,US,100244.71687447846,isin_estandar_valido,resuelto,,1,1.0,6.0,BBG01KMC8D06,,,AUNA 10 12/18/29 REGS,AUNA SA,TRACE,Corp,EURO-DOLLAR,Corp,AUNA 10 12/18/29,,False,True
USA8372TAC20,2023-05-31,2023-06-30,2,1,Prima,USD,Suzano GmbH,0.2391180397889505,0.23724404084359024,0.6523001572069518,8604.173001463801,False,True,True,True,US,100241.11803978895,isin_estandar_valido,resuelto,,1,1.0,6.0,BBG00G6CN3Y2,,,SUZANO 7 03/16/47 REGS,SUZANO AUSTRIA GMBH,TRACE,Corp,EURO-DOLLAR,Corp,SUZANO 7 03/16/47,,False,True
USP16259AM84,2023-08-31,2023-10-31,3,1,Integra,USD,BBVA Bancomer S.A. | Bancomer,0.2345936775995499,0.2294713463010928,0.6255156622708065,9336.498082197644,False,True,True,True,US,100237.59367759955,isin_estandar_valido,resuelto,,1,1.0,6.0,BBG00JR2T3G9,,,BBVASM V5.125 01/18/33 REGS,BBVA MEX BANCA GRUPO TX,TRACE,Corp,EURO-DOLLAR,Corp,BBVASM 5 1/8 01/18/33,,False,True
US46429B7477,2023-10-31,2023-10-31,1,1,Integra,USD,BlackRock Luxembourg S.A.,0.227732959845735,0.227732959845735,0.6072223883286326,9031.390056374654,False,True,True,True,US,100228.73295984573,isin_estandar_valido,resuelto,,68,1.0,25.0,BBG0019SRJP8,BBG0019SRJP8,BBG001TG5H89,STIP,ISHARES 0-5 YEAR TIPS BOND E,US,Equity,ETP,Mutual Fund,STIP,,True,True
US37950E2596,2025-11-28,2025-12-31,2,1,Integra,USD,Global X Management Company LLC,0.2265026745423625,0.22436165402800728,0.3644040377560348,7219.799457542335,False,True,True,True,US,100228.50267454237,isin_estandar_valido,resuelto,,93,1.0,25.0,BBG001K93GS6,BBG001K93GS6,BBG001V0LJT6,ARGT,GLOBAL X MSCI ARGENTINA ETF,US,Equity,ETP,Mutual Fund,ARGT,,True,True
US195325EL56,2023-11-30,2023-11-30,1,1,Integra,USD,GOB COL,0.1777599736196857,0.1777599736196857,0.4412157087581365,7053.821967574297,False,True,True,True,US,100178.75997361969,isin_estandar_valido,resuelto,,1,1.0,6.0,BBG01K2C9RC3,,,COLOM 8 11/14/35,REPUBLIC OF COLOMBIA,TRACE,Govt,GLOBAL,Govt,COLOM 8 11/14/35,,False,True
US37954Y3190,2025-09-30,2025-11-28,3,1,Profuturo,USD,Global X Management Company LLC,0.1576417083271499,0.1568086726812847,0.2361998591425225,5368.394298196328,False,True,True,True,US,100160.64170832715,isin_estandar_valido,resuelto,,77,1.0,25.0,BBG0029YL8G3,BBG0029YL8G3,BBG0029YL962,GREK,GLOBAL X MSCI GREECE ETF,US,Equity,ETP,Mutual Fund,GREK,,True,True
COL17CT02864,2019-11-29,2019-11-29,1,1,Integra,COP,GOB COL,0.1413142396364722,0.1413142396364722,0.256223142976153,10718.66216496787,False,True,True,True,CO,100142.31423963647,isin_estandar_valido,resuelto,,1,1.0,6.0,BBG002Z3LNS6,,,COLTES 7 05/04/22 B,TITULOS DE TESORERIA,COLOMBIA,Govt,DOMESTIC,Govt,COLTES 7 05/04/22,,False,True
US84265VAJ44,2023-05-31,2023-06-30,2,1,Prima,USD,SCC,0.1195859476457936,0.11923239403202165,0.3294586076801289,4303.055440721074,False,True,True,True,US,100121.5859476458,isin_estandar_valido,resuelto,,1,1.0,6.0,BBG008K96NQ5,,,SCCO 5.875 04/23/45,SOUTHERN COPPER CORP,NEW YORK,Corp,GLOBAL,Corp,SCCO 5 7/8 04/23/45,,False,True
US195325DX04,2023-09-29,2023-10-31,2,1,Integra,USD,GOB COL | REPUBLICA DE COLOMBIA,0.1161023352423789,0.11419944374349825,0.309572831899981,4604.364149748851,False,True,True,True,US,100118.10233524238,isin_estandar_valido,resuelto,,1,1.0,6.0,BBG00YVGRQM4,,,COLOM 3.875 02/15/61,REPUBLIC OF COLOMBIA,EUROMTF,Govt,GLOBAL,Govt,COLOM 3 7/8 02/15/61,,False,True
USP9379RBA43,2022-09-30,2022-12-30,4,1,Profuturo,USD,EP Medellin,0.0988208434507664,0.088277438728836,0.2578837325597861,3904.202395191891,False,True,True,True,US,100102.82084345077,isin_estandar_valido,resuelto,,1,1.0,6.0,BBG00PPPYQB4,,,EEPPME 4.25 07/18/29 REGS,EMPRESAS PUBLIC MEDELLIN,LONDON,Corp,EURO-DOLLAR,Corp,EEPPME 4 1/4 07/18/29,,False,True
US46138G7060,2022-09-30,2023-08-31,12,1,Profuturo,USD,Invesco CM,0.0344626333616511,0.02965129182030855,0.0899339877580561,1361.5457125926284,False,True,True,True,US,100046.46263336165,isin_estandar_valido,resuelto,,104,1.0,25.0,BBG00KXH5WT4,BBG00KXH5WT4,BBG00KXH5XJ3,TAN,INVESCO SOLAR ETF,US,Equity,ETP,Mutual Fund,TAN,,True,True
IE00B2NPKV68,2019-08-30,2020-01-31,6,1,Integra,USD,BlackRock AMIL,0.0372538874373195,0.0360368503652166,0.0695767153961392,2832.9490939087755,False,True,True,True,IE,100043.25388743731,isin_estandar_valido,resuelto,,153,1.0,23.0,BBG000RCHWN9,BBG000RCHW59,BBG001STFV35,IEMB,ISHARES JPM USD EM BND USD D,LN,Equity,ETP,Mutual Fund,IEMB,,True,True
IE00BKLWXN8X,2025-06-30,2026-01-30,8,1,Integra,USD,THE VANGUARD GROUP INC.,3.1124208276783104e-05,3.0713623647635726e-05,5.2504039037098746e-05,0.9920182725873355,False,True,False,False,IE,100008.03112420828,identificador_no_estandar,no_consultado_identificador_no_estandar,identificador_no_estandar,0,,,,,,,,,,,,,,,False
IE00BKLWXM7X,2025-06-30,2026-01-30,8,1,Integra,USD,THE VANGUARD GROUP INC.,1.686210692694723e-05,1.6638683091412996e-05,2.844501978868248e-05,0.5371037137762802,False,True,False,False,IE,100008.01686210693,identificador_no_estandar,no_consultado_identificador_no_estandar,identificador_no_estandar,0,,,,,,,,,,,,,,,False
US9026851066,2023-12-29,2023-12-29,1,1,Habitat,USD,"Udemy, Inc.",6.370696111084048e-05,6.370696111084048e-05,0.0001184165680881,2.2437840297815645,False,True,True,True,US,100001.06370696111,isin_estandar_valido,resuelto,,20,1.0,17.0,BBG0135LDPG3,BBG0135LDPG3,BBG0025DTRP3,7WH,UDEMY INC,GR,Equity,Common Stock,Common Stock,7WH,,True,True
US4227041062,2026-01-30,2026-01-30,1,1,Profuturo,USD,Hecla Mining Company,2.850939101417416,2.850939101417416,4.579100666697777,101453.3136921002,False,False,True,True,US,2851.939101417416,isin_estandar_valido,resuelto,,137,1.0,19.0,BBG000BL5W86,BBG000BL5W86,BBG001S5RXF7,HL,HECLA MINING CO,US,Equity,Common Stock,Common Stock,HL,,True,True
US00214Q8078,2026-01-30,2026-01-30,1,1,Profuturo,USD,ARK Investment Management LLC,2.631425739306672,2.631425739306672,4.226524288517468,93641.72698554564,False,False,True,True,US,2632.425739306672,isin_estandar_valido,resuelto,,81,1.0,25.0,BBG00ZV1N0C6,BBG00ZV1N0C6,BBG00ZV1N161,ARKX,ARK SPACE & DEFENSE INNOVATI,US,Equity,ETP,Mutual Fund,ARKX,,True,True
US4642886794,2022-07-29,2023-06-30,3,1,Integra,USD,BlackRock USA,2.070977141361741,1.4771694089506038,4.261403548641557,103451.74199294066,False,False,True,True,US,2073.977141361741,isin_estandar_valido,resuelto,,110,1.0,25.0,BBG000QN04L8,BBG000QN04L8,BBG001SSD803,SHV,ISHARES 0-1 YEAR TREASURY BO,US,Equity,ETP,Mutual Fund,SHV,,True,True
US912810TQ13,2023-04-28,2023-04-28,1,1,Profuturo,USD,TREASURY,1.2527328487553802,1.2527328487553802,3.148491575216074,48327.34876340045,False,False,True,True,US,1253.7328487553802,isin_estandar_valido,resuelto,,1,1.0,6.0,BBG01F6N6GN1,,,T 3.875 02/15/43,US TREASURY N/B,FRANKFURT,Govt,US GOVERNMENT,Bond,T 3 7/8 02/15/43,,False,True
US91282CHC82,2023-06-30,2023-06-30,1,1,Profuturo,USD,TREASURY,1.195170092467872,1.195170092467872,2.759033396513873,44642.66397359558,False,False,True,True,US,1196.170092467872,isin_estandar_valido,resuelto,,1,1.0,6.0,BBG01GJ2R4D6,,,T 3.375 05/15/33,US TREASURY N/B,FRANKFURT,Govt,US GOVERNMENT,Note,T 3 3/8 05/15/33,,False,True
US912810TE82,2023-05-31,2023-05-31,1,1,Integra,USD,TREASURY,0.9663270492569316,0.9663270492569316,2.2549274753874142,39015.843922947024,False,False,True,True,US,967.3270492569316,isin_estandar_valido,resuelto,,1,1.0,6.0,BBG0159JP9N4,,,TII 0.125 02/15/52,TSY INFL IX N/B,FRANKFURT,Govt,US GOVERNMENT,Bond,TII 0 1/8 02/15/52,,False,True
US92189F7006,2022-04-29,2022-04-29,1,1,Integra,USD,VanEck Vect ETF,0.4302297566833418,0.4302297566833418,0.9111635146874414,24224.35026658957,False,False,True,True,US,431.2297566833418,isin_estandar_valido,resuelto,,100,1.0,25.0,BBG000KJ4073,BBG000KJ4073,BBG001SPSH76,MOO,VANECK AGRIBUSINESS ETF,US,Equity,ETP,Mutual Fund,MOO,,True,True
