anio,mes,archivo,hoja,fila_excel_aprox,C1,C2,C3,C4,C5,C6,C7,C8,C9,C10,C11,C12,C13,C14,C15,C16,C17,C18,C19,C20,C21,C22,C23,C24,C25,C26,C27,C28,C29,C30,C31,C32,C33,C34,C35,C36,C37
2026,1,CA-0001-en2026.XLS,1,1,CARTERA POR TIPO DE INSTRUMENTO Y SECTOR DEL EMISOR,,,,,,,,,,,,,,,,,,,,,,,,,,,,,,,,,,,,
2026,1,CA-0001-en2026.XLS,1,2,(En miles de Soles),,,,,,,,,,,,,,,,,,,,,,,,,,,,,,,,,,,,
2026,1,CA-0001-en2026.XLS,1,3,Al 30-01-2026,,,,,,,,,,,,,,,,,,,,,,,,,,,,,,,,,,,,
2026,1,CA-0001-en2026.XLS,1,4,,HA00,,HA01,,HA02,,HA03,,IN00,,IN01,,IN02,,IN03,,PR00,,PR01,,PR02,,PR03,,RI00,,RI01,,RI02,,RI03,,TOTAL,,,
2026,1,CA-0001-en2026.XLS,1,5,,Monto,%,Monto,%,Monto,%,Monto,%,Monto,%,Monto,%,Monto,%,Monto,%,Monto,%,Monto,%,Monto,%,Monto,%,Monto,%,Monto,%,Monto,%,Monto,%,Monto,%,,
2026,1,CA-0001-en2026.XLS,1,6,I. NACIONAL,270067.4291518772,1.0029909409208464,948261.435945237,0.5678575981739283,8265683.12110366,0.6301491299106337,2459047.5226194947,0.49316728847439095,2850543.23658124,0.9999106957891641,4078797.5943567967,0.524268181009849,16217215.975425167,0.5991029007655682,1426668.187488894,0.4198993257141979,1793096.8659652262,0.9998573740581508,2901947.4392450233,0.6024000327823936,7780230.382157088,0.5967909441650838,1713918.970853257,0.4816282911660295,2067642.437940699,1.0039589521736483,3479036.9086993104,0.512300012588176,12746834.061147703,0.5819895769573847,1381031.793079397,0.45844108371812126,70380023.36176015,0.5958795206378077,,
2026,1,CA-0001-en2026.XLS,1,7,1. Gobierno,0,,457333.92978509044,0.2738701976974664,3790337.6417572354,0.2889631663864134,495580.3823458773,0.09938971538145278,0,,2204588.3584003504,0.28336672801149454,7213143.414171917,0.2664708387442655,0,,0,,1482503.404052926,0.3077450980414149,2654679.1727121724,0.20363002277819875,137012.61863793002,0.03850190966141012,0,,1929044.9201191852,0.28405842271724785,5055014.125025027,0.23079970430493169,149988.1455045,0.04978938813322535,25569226.112512216,0.2164844151967395,,
2026,1,CA-0001-en2026.XLS,1,8,BONOS GOBIERNO CENTRAL DE LA REPUBLICA,0,,457333.92978509044,0.2738701976974664,3790337.6417572354,0.2889631663864134,495580.3823458773,0.09938971538145278,0,,2196376.0216852245,0.2823111554482871,7178712.192258429,0.26519886672659415,0,,0,,1482503.404052926,0.3077450980414149,2654679.1727121724,0.20363002277819875,137012.61863793002,0.03850190966141012,0,,1929044.9201191852,0.28405842271724785,5049040.496874947,0.23052696290865335,149988.1455045,0.04978938813322535,25520608.92573352,0.21607279291290565,,
2026,1,CA-0001-en2026.XLS,1,9,VAL REP DER CRED SOBRE DEUDA GOB CEN-GDN,0,,0,,0,,0,,0,,8212.336715126,0.0010555725632074306,34431.221913488,0.0012719720176713526,0,,0,,0,,0,,0,,0,,0,,5973.62815008,0.0002727413962783444,0,,48617.186778694006,0.0004116222838338436,,
2026,1,CA-0001-en2026.XLS,1,10,2. Sistema Financiero,256584.82735194516,0.952918529346291,159339.1191052917,0.09541875904727382,1700288.2790262487,0.12962451668272737,297990.8757681878,0.05976271334364376,2840925.5817951546,0.9965370244953556,361960.95676689304,0.046524645563023666,2534157.1547184032,0.09361785060322657,244701.08924294505,0.0720208267596506,1731461.6831805245,0.9654886831198995,171641.3785239606,0.03563013259693946,873102.9732677449,0.06697230315503004,268246.8790950771,0.07538004315621989,1948795.5689143941,0.9462519831603774,320097.52237095765,0.04713544841391011,2409425.308007142,0.11000852517501399,265282.3697523196,0.08806193868237248,16384001.56688719,0.1387167911215891,,
2026,1,CA-0001-en2026.XLS,1,11,ACCIONES DEL CAPITAL SOCIAL,0,,9484.21841712,0.005679536556850686,792661.2615580246,0.060429948374062556,242055.5233829518,0.04854475768725978,0,,50657.82999791051,0.006511303336957761,1683075.9848924638,0.0621768684764343,222961.630339105,0.06562243348561189,0,,28510.2854309938,0.0059183004647162885,457437.63615344,0.035088246153061504,208164.02821571712,0.058496163994182705,0,,36918.170154287705,0.0054363260669875995,1482558.167799179,0.0676900159485148,250546.43532127963,0.08317026436754607,5465031.171662473,0.046270234070571264,,
2026,1,CA-0001-en2026.XLS,1,12,BONOS SUBORDINADOS SISTEMA FINANCIERO,0,,56945.6145586999,0.03410135505258394,176528.899216967,0.01345799622558004,0,,0,,91841.3388814025,0.011804824966916481,217258.1341977491,0.008026037182339126,0,,0,,0,,28506.8841341843,0.0021866512252208792,0,,0,,32775.89705555,0.004826362270593051,109441.21103196299,0.0049968206854072075,0,,713297.9790765159,0.006039208820083601,,
2026,1,CA-0001-en2026.XLS,1,13,CD SERIADOS SUBASTADO BCOS,22346.814022121296,0.08299279958719455,0,,0,,0,,451641.772850614,0.15842644782337378,0,,0,,0,,405717.1942236271,0.22623391749017957,0,,0,,0,,573893.1524885342,0.27865802977320464,0,,0,,0,,1453598.933584897,0.012307041037653553,,
2026,1,CA-0001-en2026.XLS,1,14,CUENTAS CORRIENTES,1294.90575,0.004809090606279379,1005.1048639200001,0.0006018977597350125,10358.76527808,0.0007897189901055647,1036.9213827199999,0.00020795682148200075,13317.155990000001,0.004671378613384601,5910.046904799999,0.0007596477806962597,27044.962491039994,0.0009991058578754143,3583.4589038400004,0.001054689514101658,3622.50254,0.00201996107734741,1161.8967008,0.0002411920357984738,12450.292491119999,0.000955013083924504,995.65087936,0.0002797878078129799,130.57606000000004,6.34021637257202e-05,360.55853271999996,5.30934697442714e-05,10889.8592364,0.0004972046030971287,178.33443104000003,5.919909319968274e-05,93340.99243583991,0.0007902808662428757,,
2026,1,CA-0001-en2026.XLS,1,15,DEPOSITOS A PLAZO,230541.198864,0.8561963014043675,5245.04,0.0031409437353710845,390093.76,0.02973949519307792,51978.88,0.01042447657954527,2272932.801538999,0.7972970870614269,105176,0.01351879541220216,344068,0.012710698135424147,18156,0.005343703759937048,1156660.8535723,0.6449712258607491,126652,0.026291023717440184,341761.2004987523,0.026215160670871367,59087.2,0.016604091354224207,1262326.71165,0.6129319941755271,209388.8,0.03083321266514748,776711.2,0.03546275259704463,14557.6,0.004832475221626734,7365337.246124051,0.062359365881381766,,
2026,1,CA-0001-en2026.XLS,1,16,OTROS BONOS SISTEMA FINANCIERO,0,,86659.1412655518,0.05189502594273308,330645.59297317726,0.0252073578999013,2919.551002516,0.0005855222553567133,0,,108375.74098278,0.013930074066251005,262710.07313715,0.009705140951153591,0,,160337.48807584,0.08940655847072262,15317.196392166801,0.003179616378984513,32946.9599902482,0.002527232021951773,0,,64702.30265523259,0.03141667765422052,40654.096628399995,0.00598645394143771,29824.869939599997,0.0013617313409502374,0,,1135093.0130426625,0.009610378743617849,,
2026,1,CA-0001-en2026.XLS,1,17,PAPELES COMERCIALES,2401.9087158239,0.008920337748449478,0,,0,,0,,103033.85141554248,0.036142110997170344,0,,0,,0,,5123.6447687574,0.00285702022090083,0,,0,,0,,47742.8260606269,0.023181879393699333,0,,0,,0,,158302.2309607507,0.001340281702038194,,
2026,1,CA-0001-en2026.XLS,1,18,3. Sistema no Financiero,0,,210192.04618292782,0.125871564503435,2326481.2552228654,0.17736345771459222,1589758.020603598,0.31882940249821573,9617.654786085,0.003373671293808545,1217431.6243858316,0.1564825536093501,5526808.843708453,0.20417359029195017,1002275.3992908193,0.2949913427893125,0,,798959.2866390215,0.16585176352758427,2424396.8027041107,0.18596596576815663,853644.6260355307,0.23988263709799262,115556.544026305,0.05610932757455067,1031870.3766215413,0.15194642103702688,4575685.030580428,0.20891469854107203,859474.4968793843,0.28530727659708527,22542152.007666904,0.190855388942247,,
2026,1,CA-0001-en2026.XLS,1,19,ACCIONES DEL CAPITAL SOCIAL,0,,54935.5216301396,0.03289762947728324,987147.741362485,0.07525697285982566,823859.4742619318,0.16522679585016045,0,,209260.1164511764,0.026897245590601027,2019882.5372246576,0.07461931129799124,435494.5866311401,0.12817548248584787,0,,104888.96972367141,0.021773350525083775,374323.36830220086,0.028712876794040224,241251.3688271562,0.06779403605751737,0,,93858.29100826908,0.013820952443708834,1176308.1415023992,0.05370738132782035,284991.68929745595,0.09460455548301237,6806201.806222686,0.05762538964799127,,
2026,1,CA-0001-en2026.XLS,1,20,ACCIONES DEL EXTRANJERO - LIMITE LOCAL,0,,3775.7044293120002,0.002261045706774473,199303.7783215526,0.01519427985045462,153454.1982843212,0.030775570694247398,0,,37292.7838561834,0.004793427353229053,527641.27308064,0.019492335660157043,157601.6893354304,0.046385588228363625,0,,83370.2499907155,0.01730639247571944,746680.101556565,0.05727490073034011,365466.73112773825,0.10269978930419214,0,,9676.3058049632,0.001424868926596988,289026.5691064152,0.013196253271735266,86722.21929217759,0.028787916682277856,2660011.604186015,0.022521254808997117,,
2026,1,CA-0001-en2026.XLS,1,21,ACCIONES DEL TRABAJO,0,,16255.63834,0.009734538803990247,341879.68455,0.02606380895527711,319422.58357,0.06406088860328092,0,,79410.313477,0.010207003323138387,960212.705404,0.035472563110167755,206036.20334199996,0.06064091399437098,0,,26327.67359,0.00546522353203829,256043.14146,0.01964006470673973,179050.14472,0.05031487293217389,0,,93361.89140000001,0.013747855913767135,926428.61999,0.04229848745521739,214812.10111000002,0.07130805599272212,3619240.7009529998,0.03064266408198566,,
2026,1,CA-0001-en2026.XLS,1,22,VALOR REP.DERECHO SOBRE ACC. EMP.NAC.,0,,5934.6951560064,0.0035539373525455328,548852.6059484924,0.041842759638896755,292233.3508351452,0.058608029290800556,0,,38750.07767239241,0.0049807405896784025,1012599.8228161049,0.03740786902530746,203142.91998224877,0.05978935808072999,0,,8412.9567559833,0.001746401522323813,112816.6444027934,0.00865372211664673,60217.975154492306,0.016921850428376937,0,,58047.25509304319,0.008547655657379315,1037463.3205259328,0.04736806301276402,220305.99206087037,0.07313178324792904,3598777.616403505,0.030469411326023252,,
2026,1,CA-0001-en2026.XLS,1,23,BONOS DE EMPRESAS PRIVADAS,,,129290.48662746981,0.0774244131628415,249297.4450403356,0.019005636410138083,788.4136522,0.00015811805972642444,0,0,831139.6745677963,0.10683052425882636,759854.6154436339,0.02807085414427622,0,0,0,0,542723.3955546606,0.1126611002158454,811471.122324762,0.0622447657032783,0,0,0,0,774700.9744208597,0.11407735225673649,1000864.9376933913,0.04569706947508575,11663.161212,0.0038716503793776464,5111794.226537108,0.043279518076475273,,
2026,1,CA-0001-en2026.XLS,1,24,BONO PARA NUEVOS PROYECTOS,0,,0,,0,,0,,0,,21578.658361283102,0.0027736124938768517,246617.88973941698,0.009110657054050493,0,,0,,33236.0410239906,0.006899295256573539,123062.424657789,0.009439635717111542,7658.4062061438,0.0021520883757322955,0,,2225.6588944062,0.0003277358388381011,145593.44176229,0.006647443998449251,40979.333906880296,0.013603314811766175,620951.8545522,0.005257351102710253,,
2026,1,CA-0001-en2026.XLS,1,25,PAPELES COMERCIALES,0,,0,,0,,0,,9617.654786085,0.003373671293808545,0,,0,,0,,0,,0,,0,,0,,115556.544026305,0.05610932757455067,0,,0,,0,,125174.19881239,0.0010597998980641894,,
2026,1,CA-0001-en2026.XLS,1,26,4. Administradoras de Fondos,13482.601799932,0.05007241157455546,66380.8513467186,0.03975155941347921,207608.5382664596,0.01582740807188843,75342.9685869638,0.015110194976656272,0,,42376.8386356723,0.005446906249824655,735921.1075989438,0.02718669289261764,179691.6989551299,0.052887156165234844,0,,251508.90880132985,0.05220941387773794,1168844.0338177187,0.0896574394665165,350840.03455901984,0.09858954197418637,0,,128677.56323042288,0.018948208654505836,550332.553699464,0.025126851779585346,106286.78094319279,0.035282480305438235,3877294.480240968,0.032827502264128644,,
2026,1,CA-0001-en2026.XLS,1,27,FONDOS MUTUOS DEL EXT - ETF DEL MERCADO LOCAL,0,,0,,0,,0,,0,,0,,70.2921808,2.596761952374115e-06,33334.827152,0.0098111611141768,0,,0,,481539.6470928,0.03693701683956525,277315.778352,0.07792849411927456,0,,0,,0,,0,,792260.5447776001,0.006707753295501586,,
2026,1,CA-0001-en2026.XLS,1,28,FONDO MUTUO ALTERNATIVO DEL EXTRANJERO - LÍMITE LOCAL,0,,0,,0,,0,,0,,0,,44270.4907412084,0.001635458235344727,27631.7220161843,0.00813261383737714,0,,0,,34754.4054650571,0.0026658740721810167,14894.7442513407,0.004185571396970357,0,,0,,33099.4342245096,0.0015112400168890774,33099.4342245096,0.010987538862161793,187750.23092280971,0.001589606144727539,,
2026,1,CA-0001-en2026.XLS,1,29,FONDO DE INVERSION TRADICIONAL,13482.601799932,0.05007241157455546,66380.8513467186,0.03975155941347921,170463.9519075796,0.01299562412469384,75342.9685869638,0.015110194976656272,0,,42376.8386356723,0.005446906249824655,87769.76572932472,0.0032424259088387804,19509.933,0.005742195545727026,0,,251495.79477257785,0.05220669160536206,394063.931471843,0.03022709793579193,0,,0,,128677.56323042288,0.018948208654505836,293866.6456365944,0.013417239445927818,166.8340484,5.538147806071572e-05,1543597.6801660296,0.013069024444438079,,
2026,1,CA-0001-en2026.XLS,1,30,FONDO DE INVERSION ALTERNATIVO,0,,0,,37144.58635888,0.0028317839471945906,0,,0,,0,,474823.83009852754,0.0175411324851143,99215.2167869456,0.029201185667953874,0,,13.114028752,2.7222723758805585e-06,258486.0497880184,0.019827450618978316,58629.5119556792,0.016475476457941444,0,,0,,223366.47383836,0.010198372316768449,73020.51267028319,0.024239559965215728,1224699.2955254458,0.010369039313784524,,
2026,1,CA-0001-en2026.XLS,1,31,FONDO MUTUO,0,,0,,0,,0,,0,,0,,128986.72884908301,0.00476507950136746,0,,0,,0,,0,,0,,0,,0,,0,,0,,128986.72884908301,0.001092079065676916,,
2026,1,CA-0001-en2026.XLS,1,32,5. Sociedades Titulizadoras,0,,55015.4895252086,0.03294551751227397,240967.4068308492,0.018370581055012238,375.2753148686,7.526227442240381e-05,0,,252439.81616804915,0.032447347576155965,207185.45522745693,0.007653928233508026,0,,61635.182784701494,0.03436869093825126,197334.461227786,0.04096362473871713,659207.399655339,0.05056521299718199,104174.8125256996,0.02927415927622051,3290.325,0.0015976414387203158,69346.5263572025,0.010211511765485449,156377.04383564,0.007139797156781702,0,,2007349.1944528015,0.01699542311310355,,
2026,1,CA-0001-en2026.XLS,1,33,PAPELES COMERCIALES TITULIZADOS,0,,0,,0,,0,,0,,0,,0,,0,,16498.3310135515,0.009199713767093085,0,,0,,0,,3290.325,0.0015976414387203158,0,,0,,0,,19788.6560135515,0.0001675426391777579,,
2026,1,CA-0001-en2026.XLS,1,34,TITULOS CON DERECHO DE PARTICIPACION,0,,0,,0,,0,,0,,0,,0,,0,,0,,0,,267799.94903200003,0.020541883283648733,104144.412742,0.029265616634401352,0,,0,,0,,0,,371944.361774,0.0031491042118387247,,
2026,1,CA-0001-en2026.XLS,1,35,TITULOS CON DERECHO CREDITICIO,0,,55015.4895252086,0.03294551751227397,240967.4068308492,0.018370581055012238,375.2753148686,7.526227442240381e-05,0,,252439.81616804915,0.032447347576155965,207185.45522745693,0.007653928233508026,0,,45136.85177115,0.025168977171158173,197334.461227786,0.04096362473871713,391407.4506233391,0.030023329713533255,30.3997836996,8.54264181915566e-06,0,,69346.5263572025,0.010211511765485449,156377.04383564,0.007139797156781702,0,,1615616.17666525,0.013678776262087067,,
2026,1,CA-0001-en2026.XLS,1,36,II. EXTRANJERO,0,,823519.7551006956,0.49315719531936036,6048025.472537699,0.4610820344015438,2681283.758825056,0.5377372453386239,0,,3869954.077226073,0.497424483005979,14399668.158985844,0.5319583199226543,1992498.7014223647,0.5864354925347202,0,,1990680.4266853982,0.41323489808159164,6609853.197673156,0.5070159027268144,1938257.1272615604,0.5446695461796655,0,,3582081.1630235324,0.5274736293599437,10151725.674124185,0.46350321202337763,1652465.0499715412,0.5485448431466489,55740012.56283708,0.471928402120072,,
2026,1,CA-0001-en2026.XLS,1,37,1. Gobierno,0,,230885.2821638756,0.1382635176475318,0,,0,,0,,1112284.4513578173,0.14296746347151298,478275.49579665705,0.017668645304537555,32198.5261908,0.0094767231477313,0,,450418.01007282914,0.09349990987577741,202158.05894731052,0.01550675146412525,28502.1481276732,0.008009387334372188,0,,911578.5859800985,0.13423304590560145,690520.2167688119,0.03152748101292991,3869.2309935,0.001284412465161767,4140690.006399374,0.035057566881451445,,
2026,1,CA-0001-en2026.XLS,1,38,TIT. DEUDA EMITIDOS POR ESTADOS DEL EXTRANJER,0,,230885.2821638756,0.1382635176475318,0,,0,,0,,1112284.4513578173,0.14296746347151298,478275.49579665705,0.017668645304537555,32198.5261908,0.0094767231477313,0,,450418.01007282914,0.09349990987577741,202158.05894731052,0.01550675146412525,28502.1481276732,0.008009387334372188,0,,911578.5859800985,0.13423304590560145,690520.2167688119,0.03152748101292991,3869.2309935,0.001284412465161767,4140690.006399374,0.035057566881451445,,
2026,1,CA-0001-en2026.XLS,1,39,2. Sistema Financiero,0,,1256.7289999695997,0.0007525805483873683,2566.0787666865,0.00019562960234722156,508.4856558622,0.00010197789584096885,0,,383161.941704376,0.04924971380964849,757485.3677382929,0.02798332844473242,59921.02407638649,0.01763605428818379,0,,90759.88417131967,0.018840367837383458,123075.21749529932,0.009440617005479794,74677.628093396,0.02098515683565184,0,,287105.27725526376,0.04227722815593611,475464.43583336053,0.021708554809885407,65533.2434461764,0.021754119851244706,2321515.3132363902,0.019655342040654233,,
2026,1,CA-0001-en2026.XLS,1,40,BONO SISTEMA FINANCIERO EXTRANJERO,0,,0,,0,,0,,0,,311019.5643811368,0.03997689453925634,310789.59158273897,0.011481313816571005,0,,0,,82703.6957320351,0.01716802597677803,0,,0,,0,,160009.7862168788,0.023561985010324374,296315.9241706179,0.013529067572898727,0,,1160838.5620834075,0.009828356014555948,,
2026,1,CA-0001-en2026.XLS,1,41,CUENTAS CORRIENTES DEL EXTERIOR,0,,1256.7289999695997,0.0007525805483873683,2566.0787666865,0.00019562960234722156,508.4856558622,0.00010197789584096885,0,,6519.6585443593,0.0008380042026565862,8976.546573153999,0.00033161518592236583,13112.2757835065,0.0038592265590248506,0,,8056.1884392846005,0.0016723418606054293,123075.21749529932,0.009440617005479794,74677.628093396,0.02098515683565184,0,,127095.49103838492,0.018715243145611737,179148.51166274273,0.00817948723698668,65533.2434461764,0.021754119851244706,610526.054498822,0.005169080021779525,,
2026,1,CA-0001-en2026.XLS,1,42,DEPÓSITOS OVERNIGHT - CMS,0,,0,,0,,0,,0,,65622.71877888,0.008434815067735562,437719.22958239994,0.01617039944223905,46808.74829288,0.01377682772915894,0,,0,,0,,0,,0,,0,,0,,0,,550150.69665416,0.0046579060043187605,,
2026,1,CA-0001-en2026.XLS,1,43,3. Sistema no Financiero,0,,92024.83775916361,0.055108223704335005,80179.5517430863,0.006112631470051346,17577.4960962,0.0035252047828249725,0,,306559.6374232224,0.039403637901835174,518741.4671991532,0.019163555459663393,10021.78558756,0.002949628405239441,0,,104727.144317552,0.021739758038661378,220990.18623016003,0.01695129005356645,79586.634848,0.02236463659796836,0,,509023.23334278987,0.07495540165070544,566293.3217880169,0.025855581801739216,0,,2505725.296334904,0.021214974322405964,,
2026,1,CA-0001-en2026.XLS,1,44,ACCIONES EN EL EXTRANJERO,0,,0,,0,,17577.4960962,0.0035252047828249725,0,,6822.5433702,0.0008769354987127292,129657.19606224001,0.0047898481702240165,10021.78558756,0.002949628405239441,0,,10246.978335999998,0.002127116432933327,166482.39816388002,0.012770211511338685,79586.634848,0.02236463659796836,0,,0,,571.51309088,2.6093903818883677e-05,0,,420966.54555496003,0.0035641554433773676,,
2026,1,CA-0001-en2026.XLS,1,45,BONOS DE EMPRESA PRIVADA EXTRANJERA,0,,0,,0,,0,,0,,15316.44788256,0.0019686993740585836,32547.451750440003,0.0012023810243240438,0,,0,,0,,0,,0,,0,,75472.399071344,0.01111356734894908,66635.2672528084,0.003042404946425768,0,,189971.5659571524,0.0016084133003977838,,
2026,1,CA-0001-en2026.XLS,1,46,TIT. DEUDA EMITIDOS EMPRESAS PÚBLICAS EXTRAN,0,,92024.83775916361,0.055108223704335005,80179.5517430863,0.006112631470051346,0,,0,,284420.64617046237,0.03655800302906386,356536.8193864733,0.013171326265115333,0,,0,,94480.16598155201,0.01961264160572805,54507.78806628,0.004181078542227767,0,,0,,433550.83427144587,0.06384183430175636,499086.5414443286,0.022787082951494564,0,,1894787.1848227924,0.016042405578630813,,
2026,1,CA-0001-en2026.XLS,1,47,4. Administradoras de Fondos,0,,499352.9061776865,0.29903287341910617,5965279.842027926,0.45477377332914526,2663197.777072993,0.534110062659958,0,,2067948.0467406563,0.26580366782298237,12645165.828251736,0.4671427907137209,1890357.3655676185,0.5563730866935656,0,,1344775.3881236978,0.2791548623297694,6063629.735000386,0.46511724420364287,1755490.7161924914,0.49331036541167306,0,,1874374.0664453807,0.2760079536477007,8419447.699733997,0.3844115943988231,1583062.5755318648,0.5255063108302425,46772081.94686642,0.3960005188755603,,
2026,1,CA-0001-en2026.XLS,1,48,FONDOS MUTUOS ALTERNATIVOS DEL EXTRANJERO,0,,0,,2485570.5760325505,0.18949191650226846,548015.8934311592,0.10990577031078186,0,,0,,5352988.111945818,0.19775223506242182,495004.37695001514,0.1456905017786457,0,,0,,2625810.570038328,0.2014156255431295,436562.7065199954,0.1226784660790387,0,,0,,2194738.3013951783,0.10020643631459823,226447.1145531848,0.07517036256574819,14365137.650866233,0.12162387746442807,,
2026,1,CA-0001-en2026.XLS,1,49,FONDOS MUTUOS DEL EXTRANJERO,0,,499352.9061776865,0.29903287341910617,3479709.265995373,0.2652818568268768,2115181.883641834,0.42420429234917606,0,,2067948.0467406563,0.26580366782298237,7292177.716305923,0.26939055565129905,1395352.988617603,0.4106825849149199,0,,1344775.3881236978,0.2791548623297694,3437819.164962059,0.26370161866051334,1318928.0096724962,0.37063189933263435,0,,1874374.0664453807,0.2760079536477007,6224709.398338818,0.28420515808422486,1356615.46097868,0.45033594826449425,32406944.296000212,0.27437664141113227,,
2026,1,CA-0001-en2026.XLS,1,50,III. OPERACIONES EN TRÁNSITO,-805.34698,-0.002990940920845758,-101888.17738444002,-0.06101479349328787,-1196681.6411866639,-0.09123116431217815,-154097.238577395,-0.030904533813015098,254.5882499999998,8.930421083616158e-05,-168768.55969500006,-0.02169266401582806,-3547717.961618559,-0.13106122068822376,-21523.453637090046,-0.006334818248917629,255.7786099999994,0.00014262594184903492,-75318.30198273866,-0.015634930863985597,-1353306.7013846366,-0.10380684689189787,-93583.29472315381,-0.026297837345694713,-8153.418530000001,-0.003958952173647917,-270103.38655239344,-0.03977364194811988,-996390.7517866921,-0.045492788980762436,-21044.769866888993,-0.006985926864770151,-8008872.637045652,-0.06780792275788003,,
2026,1,CA-0001-en2026.XLS,1,51,TOTAL,269262.08217187703,1,1669893.013661491,1,13117026.9524547,1,4986234.042867157,1,2850797.8248312413,1,7779983.1118878685,1,27069166.172792498,1,3397643.435274168,1,1793352.6445752261,1,4817309.563947684,1,13036776.878445601,1,3558592.803391663,1,2059489.019410698,1,6791014.685170448,1,21902168.9834852,1,3012452.073184049,1,118111163.28755155,1,,
2026,1,CA-0001-en2026.XLS,1-A,1,CARTERA POR TIPO DE INSTRUMENTO Y SECTOR DEL EMISOR,,,,,,,,,,,,,,,,,,,,,,,,,,,,,,,,,,,,
2026,1,CA-0001-en2026.XLS,1-A,2,(En miles de Soles),,,,,,,,,,,,,,,,,,,,,,,,,,,,,,,,,,,,
2026,1,CA-0001-en2026.XLS,1-A,3,Al 30-01-2026,,,,,,,,,,,,,,,,,,,,,,,,,,,,,,,,,,,,
2026,1,CA-0001-en2026.XLS,1-A,4,,HA00,,HA01,,HA02,,HA03,,IN00,,IN01,,IN02,,IN03,,PR00,,PR01,,PR02,,PR03,,RI00,,RI01,,RI02,,RI03,,TOTAL,,,
2026,1,CA-0001-en2026.XLS,1-A,5,,Monto,%,Monto,%,Monto,%,Monto,%,Monto,%,Monto,%,Monto,%,Monto,%,Monto,%,Monto,%,Monto,%,Monto,%,Monto,%,Monto,%,Monto,%,Monto,%,Monto,%,,
2026,1,CA-0001-en2026.XLS,1-A,6,I. NACIONAL,270067.4291518771,1.0029909409208462,948261.4359452374,0.5678575981739284,8265683.121103659,0.6301491299106337,2459047.522619495,0.4931672884743908,2850543.2365812417,0.999910695789164,4078797.5943567967,0.524268181009849,16217215.975425161,0.5991029007655679,1426668.1874888944,0.41989932571419797,1793096.8659652264,0.999857374058151,2901947.439245023,0.6024000327823935,7780230.382157088,0.5967909441650839,1713918.9708532568,0.48162829116602957,2067642.4379406995,1.0039589521736483,3479036.908699311,0.5123000125881761,12746834.061147701,0.5819895769573848,1381031.7930793967,0.4584410837181212,70380023.3617601,0.5958795206378075,,
2026,1,CA-0001-en2026.XLS,1-A,7,Corto Plazo,256584.8273519451,0.9529185293462907,18396.3707375062,0.011016496618049439,448637.44144617516,0.03420267741099808,53115.272015519986,0.010652382451141014,2850543.2365812417,0.999910695789164,193039.84201797887,0.02481237288587589,427326.3519144353,0.0157864615846182,21739.458903839997,0.006398393274038706,1689450.6605942363,0.9420627146059162,127932.98223366782,0.026556936093770436,354211.4929898724,0.02717017375479587,60082.85087935998,0.016883879162037183,2067642.4379406995,1.0039589521736483,209749.35853272004,0.030886306134891753,787601.0592364001,0.035959957200141765,14735.934431039997,0.004891674314826416,9580789.577806626,0.08111671506004382,,
2026,1,CA-0001-en2026.XLS,1-A,8,Inversiones Alternativas,0,,0,,37144.58635888,0.0028317839471945906,0,,0,,0,,519094.3208397359,0.019176590720459026,126846.9388031299,0.037333799505331014,0,,13.114028752,2.7222723758805585e-06,293240.45525307546,0.022493324691159333,73524.25620701989,0.020661047854911803,0,,0,,256465.90806286957,0.011709612333657526,106119.9468947928,0.03522709882737752,1412449.5264482559,0.011958645458512064,,
2026,1,CA-0001-en2026.XLS,1-A,9,Renta Fija,13482.601799932,0.05007241157455546,839479.2872351528,0.5027144136584348,4910056.021558049,0.37432689887392423,574907.1202696257,0.11529886389750085,0,,3470386.6308841547,0.4460660879303684,8938325.958223252,0.330203224627113,19509.933,0.005742195545727026,103646.20537099,0.05779465945223488,2522491.20749124,0.5236307058963656,4703937.89494634,0.3608206183787352,248845.83736977342,0.06992815731336292,0,,2977425.6367060286,0.4384360474448445,6790982.274924506,0.3100598064075337,202797.47467178028,0.06731973480242988,36316274.08445084,0.3074753738225047,,
2026,1,CA-0001-en2026.XLS,1-A,10,Renta Variable,0,,90385.77797257798,0.054126687897444174,2869845.071740554,0.2187877696785167,1831025.13033435,0.36721604212574893,0,,415371.1214546627,0.05338972019360463,6332469.344447751,0.23393662383337765,1258571.8567819241,0.3704249373891012,0,,251510.135491364,0.052209668519881604,2428840.5389677994,0.18630682734039355,1331466.0263971037,0.3741552068357176,0,,291861.9134605632,0.042977659008439875,4911784.818923926,0.22426020101605182,1057378.4370817838,0.35100257577348737,23070510.17305436,0.19532878629674688,,
2026,1,CA-0001-en2026.XLS,1-A,11,II. EXTRANJERO,0,,823519.7551006952,0.4931571953193604,6048025.472537698,0.46108203440154394,2681283.758825056,0.5377372453386239,0,,3869954.0772260707,0.497424483005979,14399668.158985844,0.5319583199226543,1992498.701422365,0.5864354925347202,0,,1990680.4266853982,0.41323489808159175,6609853.197673157,0.5070159027268144,1938257.1272615606,0.5446695461796656,0,,3582081.1630235333,0.5274736293599439,10151725.674124183,0.46350321202337763,1652465.0499715412,0.5485448431466489,55740012.562837094,0.4719284021200718,,
2026,1,CA-0001-en2026.XLS,1-A,12,Corto Plazo,0,,40352.5959007603,0.024164779162876536,2566.0787666865,0.00019562960234722156,508.4856558622,0.00010197789584096885,0,,150964.6896232205,0.019404243872013734,557047.0133755279,0.020578654319076208,59921.02407638649,0.01763605428818379,0,,165007.17669100763,0.034252973470068566,189285.95982728354,0.014519383248802862,103179.77622106919,0.028994544170024027,0,,340609.3705965739,0.050155887799854595,397454.7878087708,0.018146823180318895,65533.2434461764,0.021754119851244706,2072430.201989325,0.01754643798523785,,
2026,1,CA-0001-en2026.XLS,1-A,13,Inversiones Alternativas,0,,0,,2485570.5760325505,0.18949191650226846,548015.8934311592,0.10990577031078186,0,,0,,5352988.111945818,0.19775223506242182,495004.37695001514,0.1456905017786457,0,,0,,2625810.570038328,0.2014156255431295,436562.7065199954,0.1226784660790387,0,,0,,2194738.3013951783,0.10020643631459823,226447.1145531848,0.07517036256574819,14365137.650866233,0.12162387746442807,,
2026,1,CA-0001-en2026.XLS,1-A,14,Renta Fija,0,,712783.7489604657,0.42684396133712804,630961.1171539874,0.048102448782108384,1.6152726593,3.2394641836170103e-07,0,,3399777.748832926,0.43699037644928085,2972527.861958445,0.10981231719454158,65532.343607929404,0.019287587075081457,0,,1636084.2267487464,0.33962613467755015,855665.7689230981,0.0656347636307112,53834.401648,0.015128002730936485,0,,2895567.0099504823,0.4263820863579544,2940818.303191937,0.134270642574687,42708.0304516244,0.01417716511801086,16206262.176700307,0.13721194276314755,,
2026,1,CA-0001-en2026.XLS,1-A,15,Renta Variable,0,,70383.41023946929,0.042148454819355835,2928927.7005844717,0.22329203951481982,2132757.7644653744,0.4277291731855827,0,,319211.63876992324,0.041029862684684434,5517105.171706051,0.2038151133466147,1372040.9567880337,0.40382134939280917,0,,189589.0232456442,0.03935578993397301,2939090.8988844473,0.22544613030417082,1344680.2428724961,0.3778685331996663,0,,345904.7824764766,0.050935655202134895,4618714.2817283,0.21087930995377355,1317776.6615205558,0.43744319561164513,23096182.533281233,0.19554614390725836,,
2026,1,CA-0001-en2026.XLS,1-A,16,III. OPERACIONES EN TRÁNSITO,-805.34698,-0.002990940920845758,-101888.17738444002,-0.06101479349328787,-1196681.6411866639,-0.09123116431217815,-154097.238577395,-0.030904533813015098,254.5882499999998,8.930421083616158e-05,-168768.55969500006,-0.02169266401582806,-3547717.961618559,-0.13106122068822376,-21523.453637090046,-0.006334818248917629,255.7786099999994,0.00014262594184903492,-75318.30198273866,-0.015634930863985597,-1353306.7013846366,-0.10380684689189787,-93583.29472315381,-0.026297837345694713,-8153.418530000001,-0.003958952173647917,-270103.38655239344,-0.03977364194811988,-996390.7517866921,-0.045492788980762436,-21044.769866888993,-0.006985926864770151,-8008872.637045652,-0.06780792275788003,,
2026,1,CA-0001-en2026.XLS,1-A,17,TOTAL,269262.08217187703,1,1669893.013661491,1,13117026.9524547,1,4986234.042867157,1,2850797.8248312413,1,7779983.1118878685,1,27069166.172792498,1,3397643.435274168,1,1793352.6445752261,1,4817309.563947684,1,13036776.878445601,1,3558592.803391663,1,2059489.019410698,1,6791014.685170448,1,21902168.9834852,1,3012452.073184049,1,118111163.28755155,1,,
2026,1,CA-0001-en2026.XLS,2,1,CATEGORÍA DE RIESGO DE INVERSIONES DE CORTO Y LARGO PLAZO,,,,,,,,,,,,,,,,,,,,,,,,,,,,,,,,,,,,
2026,1,CA-0001-en2026.XLS,2,2,(En miles de Soles),,,,,,,,,,,,,,,,,,,,,,,,,,,,,,,,,,,,
2026,1,CA-0001-en2026.XLS,2,3,Al 30-01-2026,,,,,,,,,,,,,,,,,,,,,,,,,,,,,,,,,,,,
2026,1,CA-0001-en2026.XLS,2,4,,,,HA00,,HA01,,HA02,,HA03,,IN00,,IN01,,IN02,,IN03,,PR00,,PR01,,PR02,,PR03,,RI00,,RI01,,RI02,,RI03,,TOTAL,
2026,1,CA-0001-en2026.XLS,2,5,,,,Monto,%,Monto,%,Monto,%,Monto,%,Monto,%,Monto,%,Monto,%,Monto,%,Monto,%,Monto,%,Monto,%,Monto,%,Monto,%,Monto,%,Monto,%,Monto,%,Monto,%
2026,1,CA-0001-en2026.XLS,2,6,I.  INVERSIONES LOCALES,,,270067.4291518771,1.0029909409208457,948261.435945237,0.5678575981739277,8265683.121103658,0.6301491299106339,2459047.5226194956,0.493167288474391,2850543.2365812426,0.9999106957891638,4078797.5943567962,0.5242681810098488,16217215.975425173,0.5991029007655688,1426668.1874888942,0.4198993257141978,1793096.865965226,0.999857374058151,2901947.4392450238,0.6024000327823938,7780230.382157086,0.5967909441650837,1713918.9708532572,0.4816282911660294,2067642.4379406993,1.0039589521736478,3479036.90869931,0.5123000125881761,12746834.061147705,0.5819895769573847,1381031.7930793967,0.45844108371812137,70380023.3617601,0.595879520637808
2026,1,CA-0001-en2026.XLS,2,7,,Instrumentos de Corto Plazo ,,255289.92160194513,0.9481094387400109,5245.04,0.0031409437353710806,390093.76,0.02973949519307793,51978.88,0.010424476579545271,2837226.0805912428,0.9952393171757793,105176,0.01351879541220216,344068,0.012710698135424166,18156,0.0053437037599370464,1584000.0235782359,0.8832618773389227,126652,0.02629102371744019,341761.2004987523,0.026215160670871356,59087.2,0.0166040913542242,2002809.5592254666,0.9724788723557016,209388.8,0.030833212665147474,776711.2,0.03546275259704462,14557.6,0.004832475221626734,9122201.265495643,0.07723403115831547
2026,1,CA-0001-en2026.XLS,2,8,,,CP-1,255289.92160194513,0.9481094387400109,5245.04,0.0031409437353710806,390093.76,0.02973949519307793,51978.88,0.010424476579545271,2837226.0805912428,0.9952393171757793,105176,0.01351879541220216,344068,0.012710698135424166,18156,0.0053437037599370464,1584000.0235782359,0.8832618773389227,126652,0.02629102371744019,341761.2004987523,0.026215160670871356,59087.2,0.0166040913542242,2002809.5592254666,0.9724788723557016,209388.8,0.030833212665147474,776711.2,0.03546275259704462,14557.6,0.004832475221626734,9122201.265495643,0.07723403115831547
2026,1,CA-0001-en2026.XLS,2,9,,,CP-2,0,0,0,0,0,0,0,0,0,0,0,0,0,0,0,0,0,0,0,0,0,0,0,0,0,0,0,0,0,0,0,0,0,0
2026,1,CA-0001-en2026.XLS,2,10,,,CP-3,0,0,0,0,0,0,0,0,,0,,0,,0,,0,,0,,0,,0,,0,,0,,0,,0,,0,0,0
2026,1,CA-0001-en2026.XLS,2,11,,,CP-4,0,0,0,0,0,0,0,0,,0,,0,,0,,0,,0,,0,,0,,0,,0,,0,,0,,0,0,0
2026,1,CA-0001-en2026.XLS,2,12,,,E / V,0,0,0,0,0,0,0,0,,0,,0,,0,,0,,0,,0,,0,,0,,0,,0,,0,,0,0,0
2026,1,CA-0001-en2026.XLS,2,13,,,A-1+,0,0,0,0,0,0,0,0,0,0,0,0,0,0,0,0,0,0,0,0,0,0,0,0,0,0,0,0,0,0,0,0,0,0
2026,1,CA-0001-en2026.XLS,2,14,,Instrumentos de CP del Exterior  (1),,0,0,0,0,0,0,0,0,,0,,0,,0,,0,,0,,0,,0,,0,,0,,0,,0,,0,0,0
2026,1,CA-0001-en2026.XLS,2,15,,,CP-1,0,0,0,0,0,0,0,0,,0,,0,,0,,0,,0,,0,,0,,0,,0,,0,,0,,0,0,0
2026,1,CA-0001-en2026.XLS,2,16,,,CP-2,0,0,0,0,0,0,0,0,,0,,0,,0,,0,,0,,0,,0,,0,,0,,0,,0,,0,0,0
2026,1,CA-0001-en2026.XLS,2,17,,,CP-3,0,0,0,0,0,0,0,0,,0,,0,,0,,0,,0,,0,,0,,0,,0,,0,,0,,0,0,0
2026,1,CA-0001-en2026.XLS,2,18,,,CP-4,0,0,0,0,0,0,0,0,,0,,0,,0,,0,,0,,0,,0,,0,,0,,0,,0,,0,0,0
2026,1,CA-0001-en2026.XLS,2,19,,,E / V,0,0,0,0,0,0,0,0,,0,,0,,0,,0,,0,,0,,0,,0,,0,,0,,0,,0,0,0
2026,1,CA-0001-en2026.XLS,2,20,,Instrumentos de Largo Plazo,,0,0,327910.7319769301,0.19636631167043228,997439.3440613289,0.07604157159063168,4083.2399695846007,0.0008189025895055419,0,0,1313587.565676437,0.16884195592523407,1728057.3896588949,0.0638385895829989,0,0,205474.33984699,0.11457553564188082,788611.0941986041,0.16370363659012066,1655194.7907623227,0.1269634976647444,111833.2187318434,0.031426247651952795,64702.302655232605,0.0314166776542205,919703.1533564185,0.1354294160730908,1448075.1324129642,0.06611560405295248,52642.495118880295,0.01747496519114382,9617314.79842643,0.0814259595006466
2026,1,CA-0001-en2026.XLS,2,21,,,AAA,0,0,367.37788092090005,0.0002200008491055176,6252.135663077599,0.00047664273968024343,0,0,0,0,62058.635901977505,0.007976705734380255,7732.643599834099,0.0002856624230858752,0,0,0,0,12368.9071260378,0.0025675964896683416,23837.723821228803,0.0018284982586946757,30.3997836996,8.542641819155659e-06,34488.277251189,0.016746035995403096,20770.850002,0.003058578278052813,0,0,0,0,167906.9510299653,0.00142160102700184
2026,1,CA-0001-en2026.XLS,2,22,,,AA,0,0,50191.062724389005,0.030056454104408475,153941.07295739,0.011735972908752907,642.3366522,0.00012882200207165712,0,0,282348.18012223067,0.036291618639994305,423183.6832174624,0.015633421455102277,0,0,0,0,202233.82626697983,0.041980658204006614,286703.7987734981,0.021991923421464755,7658.4062061438,0.0021520883757322946,30214.0254040436,0.0146706416588174,109126.7567803027,0.0160692859372846,321861.5543025144,0.014695419186346627,40979.333906880296,0.013603314811766177,1909084.037314035,0.016163451312948374
2026,1,CA-0001-en2026.XLS,2,23,,,A,0,0,8575.89346472,0.005135594552800756,6431.920098539999,0.0004903489275316571,0,0,0,0,30938.029249823998,0.003976619075502937,0,0,0,0,0,0,0,0,285847.13276106404,0.021926211933079122,104144.412742,0.029265616634401345,0,0,20625.352833216,0.0030371533252984443,0,0,0,0,456562.741149364,0.003865534200504178
2026,1,CA-0001-en2026.XLS,2,24,,,A-,0,0,0,0,0,0,0,0,0,0,8212.336715126,0.0010555725632074308,34431.221913488,0.0012719720176713545,0,0,0,0,0,0,0,0,0,0,0,0,0,0,5973.62815008,0.00027274139627834435,0,0,48617.186778694006,0.0004116222838338437
2026,1,CA-0001-en2026.XLS,2,25,,,AF,0,0,0,0,0,0,0,0,0,0,0,0,0,0,0,0,0,0,0,0,0,0,0,0,0,0,0,0,0,0,0,0,0,0
2026,1,CA-0001-en2026.XLS,2,26,,,AAF,0,0,0,0,0,0,0,0,0,0,0,0,0,0,0,0,0,0,0,0,0,0,0,0,0,0,0,0,0,0,0,0,0,0
2026,1,CA-0001-en2026.XLS,2,27,,,BBB+,0,0,69169.40157074,0.04142145694655949,128206.79102015999,0.00977407391818827,0,0,0,0,438078.7055515999,0.05630843913815348,393342.2749722,0.01453100817592058,0,0,101828.13447599999,0.056780876189645925,357743.11827200605,0.07426201565897358,732052.9380953939,0.056152908416016216,0,0,0,0,278434.39446198,0.041000411185974556,151128.9499183526,0.006900181896701999,0,0,2649984.7083384325,0.02243636109049931
2026,1,CA-0001-en2026.XLS,2,28,,,BBB,0,0,0,0,0,0,0,0,0,0,0,0,0,0,0,0,0,0,0,0,0,0,0,0,0,0,0,0,0,0,0,0,0,0
2026,1,CA-0001-en2026.XLS,2,29,,,A(e),0,0,0,0,0,0,0,0,0,0,0,0,0,0,0,0,0,0,0,0,0,0,0,0,0,0,0,0,0,0,0,0,0,0
2026,1,CA-0001-en2026.XLS,2,30,,,BBB(e),0,0,95548.9244382229,0.057218590446532526,340899.4168719264,0.02598907649634212,3294.8263173846003,0.0006607845297791173,0,0,173961.47282909357,0.022360135019223785,247944.95367099802,0.009159681982380766,0,0,58509.353599840004,0.03262568228107671,62060.7157356976,0.01288285814143116,59176.8518530408,0.004539224104608327,0,0,0,0,250292.74913825202,0.03685645823809169,307441.226338604,0.014037021930130419,0,0,1599130.4907930598,0.013539198550604757
2026,1,CA-0001-en2026.XLS,2,31,,,B(e),0,0,34198.526459289606,0.0204794715466856,45687.0939417072,0.0034830372848442923,0,0,0,0,0,0,0,0,0,0,0,0,0,0,0,0,0,0,0,0,67684.583617344,0.009966785046886579,122484.159921849,0.005592330148407001,0,0,270054.3639401898,0.0022864423346904117
2026,1,CA-0001-en2026.XLS,2,32,,,CCC(e),0,0,1933.1372737499998,0.0011576413925532298,1549.87697,0.00011815764163768522,146.077,2.9296057654767373e-05,0,0,16392.176632,0.0021069681509915668,65130.475527999995,0.0024060761647495227,0,0,0,0,7171.5042379999995,0.0014886949121291479,50201.113974,0.0038507304713483407,0,0,0,0,23909.671956000002,0.003520780481922914,80009.734198,0.003653050721064631,11663.161212,0.003871650379377647,258106.92898175,0.002185288179351574
2026,1,CA-0001-en2026.XLS,2,33,,,CC(e),0,0,0,0,0,0,0,0,0,0,0,0,0,0,0,0,0,0,0,0,0,0,0,0,0,0,0,0,0,0,0,0,0,0
2026,1,CA-0001-en2026.XLS,2,34,,,C(e),0,0,0,0,0,0,0,0,0,0,37878.183415296,0.0048686716758315155,85028.630479128,0.003141161790369121,0,0,0,0,0,0,0,0,0,0,0,0,51885.219990744,0.00764027503931715,234903.92183642203,0.01072514425459623,0,0,409695.95572159,0.003468731865117193
2026,1,CA-0001-en2026.XLS,2,35,,,C,0,0,0,0,0,0,0,0,0,0,6164.6330223317,0.0007923710030825257,2975.258602517,0.00010991319730814124,0,0,0,0,0,0,0,0,0,0,0,0,0,0,0,0,0,0,9139.891624848698,7.738380835854494e-05
2026,1,CA-0001-en2026.XLS,2,36,,,D,0,0,0,0,0,0,0,0,0,0,0,0,0,0,0,0,0,0,0,0,0,0,0,0,0,0,0,0,0,0,0,0,0,0
2026,1,CA-0001-en2026.XLS,2,37,,,E-LP,0,0,0,0,0,0,0,0,0,0,0,0,0,0,0,0,0,0,0,0,0,0,0,0,0,0,0,0,0,0,0,0,0,0
2026,1,CA-0001-en2026.XLS,2,38,,,BB(e),0,0,67926.4081648977,0.040677101831786695,314471.0365385278,0.02397426167365451,0,0,0,0,257555.2122369576,0.033104854924866284,468288.2476752674,0.017299692376411265,0,0,45136.85177115,0.025168977171158177,147033.02255988278,0.030521813183911797,217375.23148409714,0.016674001059532984,0,0,0,0,96973.5745765797,0.014279688540262042,224271.9577471423,0.010239714519427238,0,0,1839031.5427545025,0.015570344847736582
2026,1,CA-0001-en2026.XLS,2,39,,,E2,0,0,0,0,0,0,0,0,0,0,0,0,0,0,0,0,0,0,0,0,0,0,0,0,0,0,0,0,0,0,0,0,0,0
2026,1,CA-0001-en2026.XLS,2,40,,Instrumentos de LP del Exterior  (1),,0,0,0,0,0,0,0,0,0,0,0,0,0,0,0,0,0,0,0,0,0,0,0,0,0,0,0,0,0,0,0,0,0,0
2026,1,CA-0001-en2026.XLS,2,41,,,AAA(e),0,0,0,0,0,0,0,0,0,0,0,0,0,0,0,0,0,0,0,0,0,0,0,0,0,0,0,0,0,0,0,0,0,0
2026,1,CA-0001-en2026.XLS,2,42,,,AA(e),0,0,0,0,0,0,0,0,0,0,0,0,0,0,0,0,0,0,0,0,0,0,0,0,0,0,0,0,0,0,0,0,0,0
2026,1,CA-0001-en2026.XLS,2,43,,,A(e),0,0,0,0,0,0,0,0,0,0,0,0,0,0,0,0,0,0,0,0,0,0,0,0,0,0,0,0,0,0,0,0,0,0
2026,1,CA-0001-en2026.XLS,2,44,,,BBB(e),0,0,0,0,0,0,0,0,0,0,0,0,0,0,0,0,0,0,0,0,0,0,0,0,0,0,0,0,0,0,0,0,0,0
2026,1,CA-0001-en2026.XLS,2,45,,,BB(e),0,0,0,0,0,0,0,0,0,0,0,0,0,0,0,0,0,0,0,0,0,0,0,0,0,0,0,0,0,0,0,0,0,0
2026,1,CA-0001-en2026.XLS,2,46,,,B(e),0,0,0,0,0,0,0,0,0,0,0,0,0,0,0,0,0,0,0,0,0,0,0,0,0,0,0,0,0,0,0,0,0,0
2026,1,CA-0001-en2026.XLS,2,47,,,CCC(e),0,0,0,0,0,0,0,0,0,0,0,0,0,0,0,0,0,0,0,0,0,0,0,0,0,0,0,0,0,0,0,0,0,0
2026,1,CA-0001-en2026.XLS,2,48,,,CC(e),0,0,0,0,0,0,0,0,0,0,0,0,0,0,0,0,0,0,0,0,0,0,0,0,0,0,0,0,0,0,0,0,0,0
2026,1,CA-0001-en2026.XLS,2,49,,,C(e),0,0,0,0,0,0,0,0,0,0,0,0,0,0,0,0,0,0,0,0,0,0,0,0,0,0,0,0,0,0,0,0,0,0
2026,1,CA-0001-en2026.XLS,2,50,,,E(e) / V(e),0,0,0,0,0,0,0,0,0,0,0,0,0,0,0,0,0,0,0,0,0,0,0,0,0,0,0,0,0,0,0,0,,0
2026,1,CA-0001-en2026.XLS,2,51,,,AAA,0,0,0,0,0,0,0,0,0,0,0,0,0,0,0,0,0,0,0,0,0,0,0,0,0,0,0,0,0,0,0,0,0,0
2026,1,CA-0001-en2026.XLS,2,52,,,AA,0,0,0,0,0,0,0,0,0,0,0,0,0,0,0,0,0,0,0,0,0,0,0,0,0,0,0,0,0,0,0,0,0,0
2026,1,CA-0001-en2026.XLS,2,53,,,A-,0,0,0,0,0,0,0,0,0,0,0,0,0,0,0,0,0,0,0,0,0,0,0,0,0,0,0,0,0,0,0,0,0,0
2026,1,CA-0001-en2026.XLS,2,54,,,A,0,0,0,0,0,0,0,0,0,0,0,0,0,0,0,0,0,0,0,0,0,0,0,0,0,0,0,0,0,0,0,0,0,0
2026,1,CA-0001-en2026.XLS,2,55,,,BBB+,0,0,0,0,0,0,0,0,0,0,0,0,0,0,0,0,0,0,0,0,0,0,0,0,0,0,0,0,0,0,0,0,0,0
2026,1,CA-0001-en2026.XLS,2,56,,Acciones Preferentes,,0,0,0,0,0,0,0,0,,0,,0,,0,,0,,0,,0,,0,,0,,0,,0,,0,,0,0,0
2026,1,CA-0001-en2026.XLS,2,57,,,AAA,0,0,0,0,0,0,0,0,,0,,0,,0,,0,,0,,0,,0,,0,,0,,0,,0,,0,0,0
2026,1,CA-0001-en2026.XLS,2,58,,,AA,0,0,0,0,0,0,0,0,,0,,0,,0,,0,,0,,0,,0,,0,,0,,0,,0,,0,0,0
2026,1,CA-0001-en2026.XLS,2,59,,,A,0,0,0,0,0,0,0,0,,0,,0,,0,,0,,0,,0,,0,,0,,0,,0,,0,,0,0,0
2026,1,CA-0001-en2026.XLS,2,60,,,BBB,0,0,0,0,0,0,0,0,,0,,0,,0,,0,,0,,0,,0,,0,,0,,0,,0,,0,0,0
2026,1,CA-0001-en2026.XLS,2,61,,,BB,0,0,0,0,0,0,0,0,,0,,0,,0,,0,,0,,0,,0,,0,,0,,0,,0,,0,0,0
2026,1,CA-0001-en2026.XLS,2,62,,,B,0,0,0,0,0,0,0,0,,0,,0,,0,,0,,0,,0,,0,,0,,0,,0,,0,,0,0,0
2026,1,CA-0001-en2026.XLS,2,63,,,CCC,0,0,0,0,0,0,0,0,,0,,0,,0,,0,,0,,0,,0,,0,,0,,0,,0,,0,0,0
2026,1,CA-0001-en2026.XLS,2,64,,,E / V,0,0,0,0,0,0,0,0,,0,,0,,0,,0,,0,,0,,0,,0,,0,,0,,0,,0,0,0
2026,1,CA-0001-en2026.XLS,2,65,,Cuotas de Participación de Fondos de Inversión,,0,0,0,0,37144.58635888,0.002831783947194592,0,0,0,0,0,0,474823.83009852766,0.017541132485114328,99215.21678694559,0.029201185667953863,0,0,13.114028752,2.722272375880559e-06,258486.04978801843,0.019827450618978306,58629.511955679205,0.01647547645794144,0,0,0,0,223366.47383836,0.010198372316768447,73020.5126702832,0.024239559965215735,1224699.295525446,0.01036903931378453
2026,1,CA-0001-en2026.XLS,2,66,,,AAA,0,0,,0,,0,,0,,0,,0,,0,,0,,0,,0,,0,,0,,0,,0,,0,,0,0,0
2026,1,CA-0001-en2026.XLS,2,67,,,AA,0,0,0,0,0,0,0,0,0,0,0,0,0,0,0,0,0,0,0,0,0,0,0,0,0,0,0,0,0,0,0,0,0,0
2026,1,CA-0001-en2026.XLS,2,68,,,A,0,0,0,0,37144.58635888,0.002831783947194592,0,0,0,0,0,0,296008.6738387884,0.010935271221479673,47855.39923999999,0.014084879756117892,0,0,0,0,118379.3384216512,0.009080414547661243,9673.74254,0.002718417946211783,0,0,0,0,119274.72899583999,0.005445795303916074,6762.76502,0.002244936966865007,635099.2344151596,0.005377131312041666
2026,1,CA-0001-en2026.XLS,2,69,,,BBB,0,0,0,0,0,0,0,0,0,0,0,0,86040.8510669312,0.003178555649542389,27429.5277957536,0.008073103702107636,0,0,0,0,87605.85084657121,0.006719901066299186,33280.610263107206,0.009352182759260273,0,0,0,0,54763.4710918,0.0025003674810971034,33984.6594611632,0.011281394238163827,323104.97052532644,0.0027356006115924897
2026,1,CA-0001-en2026.XLS,2,70,,,BB,0,0,0,0,0,0,0,0,0,0,0,0,0,0,0,0,0,0,0,0,0,0,0,0,0,0,0,0,0,0,0,0,0,0
2026,1,CA-0001-en2026.XLS,2,71,,,B,0,0,0,0,0,0,0,0,0,0,0,0,0,0,0,0,0,0,0,0,0,0,0,0,0,0,0,0,0,0,0,0,0,0
2026,1,CA-0001-en2026.XLS,2,72,,,CCC,0,0,0,0,0,0,0,0,0,0,0,0,0.80832,2.986128183041161e-08,0.20208,5.9476517724613266e-08,0,0,0,0,0,0,0,0,0,0,0,0,1.289944,5.889571945923032e-08,0.646656,2.1466100847091948e-07,2.947,2.4951070821521594e-08
2026,1,CA-0001-en2026.XLS,2,73,,,E / V,0,0,0,0,0,0,0,0,0,0,0,0,19307.776309608,0.0007132756209171481,5563.657530392001,0.0016375048283849855,0,0,13.114028752,2.722272375880559e-06,15505.622664756,0.001189375472889489,719.637466492,0.0002022252913584605,0,0,0,0,0,0,0,0,41109.808,0.00034806030908284864
2026,1,CA-0001-en2026.XLS,2,74,,,4  (5),0,0,0,0,0,0,0,0,0,0,0,0,73465.7205632,0.0027140001318932856,18366.4301408,0.0054056379048256255,0,0,0,0,36995.237855039995,0.0028377595321283883,14955.52168608,0.004202650461110926,0,0,0,0,49326.98380672,0.002252150636035811,32272.44153312,0.010713014099178427,225382.33558496,0.0019082221299967029
2026,1,CA-0001-en2026.XLS,2,75,,Instrumentos sin Categoría de Riesgo Equivalente,,13482.601799932,0.05007241157455544,614100.559104387,0.3677484450083893,6830646.66540537,0.5207465601896242,2401948.481267191,0.48171595248385823,0,0,2654123.9817755595,0.3411477818917164,13643221.79317671,0.5040133747041561,1305713.5117981087,0.3842997467722053,0,0,1985509.3343168676,0.41216145816665867,5512338.048616872,0.42282982212656506,1483373.3892863747,0.41684268789409795,0,0,2349584.396810171,0.3459842903801935,10287791.39565998,0.46971564338752203,1240632.8508591931,0.4118348842469354,50322467.00987673,0.42606020979881853
2026,1,CA-0001-en2026.XLS,2,76,,,Títulos de Deuda del Gobierno (2),0,0,457333.9297850904,0.27387019769746607,3790337.6417572354,0.28896316638641345,495580.3823458773,0.09938971538145279,0,0,2196376.0216852245,0.2823111554482871,7178712.192258429,0.2651988667265946,0,0,0,0,1482503.4040529258,0.307745098041415,2654679.172712173,0.2036300227781987,137012.61863793002,0.038501909661410115,0,0,1929044.9201191852,0.28405842271724785,5049040.496874951,0.23052696290865338,149988.1455045,0.04978938813322535,25520608.925733525,0.21607279291290576
2026,1,CA-0001-en2026.XLS,2,77,,,Certificados Banco Central de Reserva (3),0,0,0,0,0,0,0,0,0,0,0,0,0,0,0,0,0,0,0,0,0,0,0,0,0,0,0,0,0,0,0,0,0,0
2026,1,CA-0001-en2026.XLS,2,78,,,Fondos Mutuos ,13482.601799932,0.05007241157455544,66380.8513467186,0.039751559413479166,170463.9519075796,0.012995624124693846,75342.9685869638,0.015110194976656275,0,0,42376.8386356723,0.0054469062498246545,261097.27750041612,0.009645560407503358,80476.4821681843,0.023685970497280964,0,0,251495.79477257794,0.05220669160536207,910357.9840297,0.06982998884753816,292210.5226033407,0.08211406551624488,0,0,128677.5632304229,0.01894820865450583,326966.07986110396,0.014928479462816894,33266.2682729096,0.01104292034022251,2652595.1847155225,0.02245846295034413
2026,1,CA-0001-en2026.XLS,2,79,,,Acciones y Valores representativos sobre Acciones ,0,0,90385.77797257801,0.054126687897444126,2869845.0717405546,0.2187877696785168,1831025.13033435,0.36721604212574915,0,0,415371.12145466276,0.053389720193604634,6203412.323417867,0.22916894757005815,1225237.0296299243,0.3606137762749243,0,0,251510.135491364,0.05220966851988162,1947300.8918749993,0.14936981050082823,1054150.2480451039,0.29622671271644296,0,0,291861.9134605632,0.042977659008439875,4911784.818923926,0.22426020101605182,1057378.4370817835,0.3510025757734875,22149262.89942768,0.18752895393556862
2026,1,CA-0001-en2026.XLS,2,80,,Cuenta Corriente,,1294.90575,0.004809090606279376,1005.1048639200001,0.0006018977597350119,10358.76527808,0.0007897189901055652,1036.9213827199999,0.00020795682148200072,13317.155990000001,0.004671378613384599,5910.046904799999,0.0007596477806962596,27044.962491039994,0.0009991058578754158,3583.4589038400004,0.0010546895141016577,3622.50254,0.00201996107734741,1161.8967008,0.00024119203579847382,12450.292491119999,0.0009550130839245033,995.65087936,0.0002797878078129798,130.57606000000004,6.340216372572017e-05,360.55853271999996,5.309346974427139e-05,10889.8592364,0.0004972046030971287,178.33443104000003,5.9199093199682753e-05,93340.99243584,0.0007902808662428759
2026,1,CA-0001-en2026.XLS,2,81,II.  INVERSIONES EN EL EXTERIOR,,,0,0,823519.7551006954,0.49315719531936,6048025.472537698,0.46108203440154427,2681283.7588250553,0.5377372453386241,0,0,3869954.077226072,0.4974244830059792,14399668.158985842,0.5319583199226551,1992498.7014223647,0.5864354925347198,0,0,1990680.4266853982,0.4132348980815918,6609853.197673157,0.5070159027268141,1938257.1272615609,0.5446695461796653,0,0,3582081.1630235324,0.5274736293599437,10151725.674124185,0.4635032120233776,1652465.049971541,0.5485448431466488,55740012.5628371,0.4719284021200719
2026,1,CA-0001-en2026.XLS,2,82,,Instrumentos de Inversión de Corto Plazo con Equivalencia de Clasificación,,0,0,0,0,0,0,0,0,0,0,65622.71877888,0.00843481506773556,437719.22958239994,0.016170399442239074,46808.74829288,0.013776827729158938,0,0,0,0,0,0,0,0,0,0,0,0,0,0,0,0,550150.69665416,0.004657906004318761
2026,1,CA-0001-en2026.XLS,2,83,,,A-1+,0,0,0,0,0,0,0,0,0,0,0,0,0,0,0,0,0,0,0,0,0,0,0,0,0,0,0,0,0,0,0,0,0,0
2026,1,CA-0001-en2026.XLS,2,84,,,A-1,0,0,0,0,0,0,0,0,0,0,0,0,0,0,0,0,0,0,0,0,0,0,0,0,0,0,0,0,0,0,0,0,0,0
2026,1,CA-0001-en2026.XLS,2,85,,,CP-1,0,0,0,0,0,0,0,0,0,0,65622.71877888,0.00843481506773556,437719.22958239994,0.016170399442239074,46808.74829288,0.013776827729158938,0,0,0,0,0,0,0,0,0,0,0,0,0,0,0,0,550150.69665416,0.004657906004318761
2026,1,CA-0001-en2026.XLS,2,86,,,CP -2,0,0,0,0,0,0,0,0,0,0,0,0,0,0,0,0,0,0,0,0,0,0,0,0,0,0,0,0,0,0,0,0,0,0
2026,1,CA-0001-en2026.XLS,2,87,,,A-2,0,0,0,0,0,0,0,0,0,0,0,0,0,0,0,0,0,0,0,0,0,0,0,0,0,0,0,0,0,0,0,0,0,0
2026,1,CA-0001-en2026.XLS,2,88,,Instrumentos de Inversión de Largo Plazo con Equivalencia de Clasificación,,0,0,322910.1199230392,0.19337174135186663,80179.5517430863,0.006112631470051349,0,0,0,0,1723041.1097919762,0.2214710604138918,1178149.3585163094,0.04352366641054801,32198.5261908,0.009476723147731297,0,0,627601.8717864163,0.13028057745828356,256665.8470135905,0.01968783000635301,28502.1481276732,0.008009387334372184,0,0,1580611.605539767,0.23275043256663122,1552557.949636567,0.07088603648374897,3869.2309935,0.001284412465161767,7386287.319262725,0.06253674177503601
2026,1,CA-0001-en2026.XLS,2,89,,,AAA,0,0,0,0,0,0,0,0,0,0,0,0,0,0,0,0,0,0,0,0,0,0,0,0,0,0,0,0,0,0,0,0,0,0
2026,1,CA-0001-en2026.XLS,2,90,,,AA+,0,0,0,0,0,0,0,0,0,0,0,0,0,0,0,0,0,0,0,0,0,0,0,0,0,0,0,0,66648.15851552,0.003042993530265173,0,0,66648.15851552,0.0005642833129435823
2026,1,CA-0001-en2026.XLS,2,91,,,AA-,0,0,0,0,0,0,0,0,0,0,0,0,0,0,0,0,0,0,0,0,0,0,0,0,0,0,0,0,0,0,0,0,0,0
2026,1,CA-0001-en2026.XLS,2,92,,,A+,0,0,0,0,0,0,0,0,0,0,0,0,0,0,0,0,0,0,0,0,0,0,0,0,0,0,0,0,0,0,0,0,0,0
2026,1,CA-0001-en2026.XLS,2,93,,,A,0,0,53777.323297300005,0.0322040531083995,0,0,0,0,0,0,236939.52437355972,0.030455017827932616,0,0,0,0,0,0,225782.655065,0.046869035935480946,0,0,0,0,0,0,144500.8992416,0.021278248677203848,0,0,0,0,661000.4019774597,0.005596426142787186
2026,1,CA-0001-en2026.XLS,2,94,,,A-,0,0,0,0,0,0,0,0,0,0,0,0,0,0,0,0,0,0,0,0,0,0,0,0,0,0,0,0,0,0,0,0,0,0
2026,1,CA-0001-en2026.XLS,2,95,,,BBB+,0,0,44371.719734250095,0.026571594330440606,0,0,0,0,0,0,115494.5479821222,0.014845089805612267,147054.289366742,0.005432538572782047,0,0,0,0,0,0,0,0,0,0,0,0,88211.2693256708,0.012989409302603616,77543.98157999999,0.0035404704273111105,0,0,472675.8079887851,0.0040019570956050625
2026,1,CA-0001-en2026.XLS,2,96,,,BBB,0,0,0,0,0,0,0,0,0,0,22148.0200618704,0.002846795390600279,20763.666671087998,0.0007670597069206294,0,0,0,0,0,0,0,0,0,0,0,0,102843.2367384122,0.01514401624885176,52166.2060593679,0.0023817826489560263,0,0,197921.1295307385,0.0016757190770264692
2026,1,CA-0001-en2026.XLS,2,97,,,BB,0,0,224761.07689148912,0.13459609391302652,80179.5517430863,0.006112631470051349,0,0,0,0,1348459.0173744238,0.17332415738974666,1010331.4024784794,0.03732406813084533,32198.5261908,0.009476723147731297,0,0,368521.7233893811,0.0764994897042459,256665.8470135905,0.01968783000635301,28502.1481276732,0.008009387334372184,0,0,1245056.2002340842,0.18333875833797203,1356199.603481679,0.06192078987721666,3869.2309935,0.001284412465161767,5954744.327918187,0.05041643958260627
2026,1,CA-0001-en2026.XLS,2,98,,,B,0,0,0,0,0,0,0,0,0,0,0,0,0,0,0,0,0,0,33297.4933320351,0.006912051818556686,0,0,0,0,0,0,0,0,0,0,0,0,33297.4933320351,0.00028191656406744174
2026,1,CA-0001-en2026.XLS,2,99,,,CCC,0,0,0,0,0,0,0,0,0,0,0,0,0,0,0,0,0,0,0,0,0,0,0,0,0,0,0,0,0,0,0,0,0,0
2026,1,CA-0001-en2026.XLS,2,100,,Acciones Preferentes,,0,0,0,0,0,0,0,0,0,0,0,0,0,0,0,0,0,0,0,0,0,0,0,0,0,0,0,0,0,0,0,0,0,0
2026,1,CA-0001-en2026.XLS,2,101,,,AA,0,0,0,0,0,0,0,0,0,0,0,0,0,0,0,0,0,0,0,0,0,0,0,0,0,0,0,0,0,0,0,0,0,0
2026,1,CA-0001-en2026.XLS,2,102,,,A,0,0,0,0,0,0,0,0,0,0,0,0,0,0,0,0,0,0,0,0,0,0,0,0,0,0,0,0,0,0,0,0,0,0
2026,1,CA-0001-en2026.XLS,2,103,,Instrumentos sin Categoría de Riesgo Equivalente,,0,0,499352.90617768664,0.29903287341910606,5965279.842027925,0.45477377332914565,2680775.273169193,0.5376352674427831,0,0,2074770.5901108566,0.26668060332169524,12774823.024313977,0.47193263888394554,1900379.1511551782,0.5593227150988047,0,0,1355022.3664596973,0.2812819787627028,6230112.133164267,0.4778874557149813,1835077.3510404916,0.5156750020096413,0,0,1874374.0664453802,0.2760079536477007,8420019.212824875,0.38443768830264197,1583062.5755318645,0.5255063108302424,47193048.492421396,0.3995646743189376
2026,1,CA-0001-en2026.XLS,2,104,,,Fondos Mutuos   (4),0,0,499352.90617768664,0.29903287341910606,5965279.842027925,0.45477377332914565,2663197.777072993,0.5341100626599582,0,0,2067948.0467406565,0.2658036678229825,12645165.828251736,0.4671427907137215,1890357.3655676183,0.5563730866935653,0,0,1344775.3881236974,0.2791548623297695,6063629.735000387,0.4651172442036426,1755490.7161924916,0.49331036541167295,0,0,1874374.0664453802,0.2760079536477007,8419447.699733995,0.38441159439882305,1583062.5755318645,0.5255063108302424,46772081.94686644,0.39600051887556026
2026,1,CA-0001-en2026.XLS,2,105,,,Acciones y Valores representativos sobre Acciones ,0,0,0,0,0,0,17577.4960962,0.0035252047828249733,0,0,6822.5433702,0.0008769354987127293,129657.19606224001,0.004789848170224024,10021.78558756,0.0029496284052394402,0,0,10246.978335999998,0.0021271164329333273,166482.39816388,0.012770211511338676,79586.634848,0.02236463659796835,0,0,0,0,571.51309088,2.6093903818883677e-05,0,0,420966.54555496003,0.003564155443377368
2026,1,CA-0001-en2026.XLS,2,106,,Cuenta Corriente,,0,0,1256.7289999695997,0.0007525805483873674,2566.0787666865,0.00019562960234722161,508.4856558622,0.00010197789584096889,0,0,6519.6585443593,0.0008380042026565863,8976.546573153999,0.00033161518592236626,13112.2757835065,0.0038592265590248497,0,0,8056.1884392846005,0.00167234186060543,123075.21749529932,0.00944061700547979,74677.628093396,0.02098515683565183,0,0,127095.49103838492,0.01871524314561174,179148.51166274273,0.008179487236986681,65533.2434461764,0.02175411985124471,610526.0544988221,0.005169080021779526
2026,1,CA-0001-en2026.XLS,2,107,III. OPERACIONES EN TRÁNSITO,,,-805.34698,-0.0029909409208457565,-101888.17738444002,-0.06101479349328781,-1196681.6411866639,-0.09123116431217818,-154097.238577395,-0.0309045338130151,254.5882499999998,8.930421083616146e-05,-168768.55969500006,-0.021692664015828072,-3547717.961618559,-0.13106122068822396,-21523.453637090046,-0.006334818248917646,255.7786099999994,0.00014262594184903505,-75318.30198273866,-0.015634930863985604,-1353306.7013846366,-0.10380684689189781,-93583.29472315381,-0.02629783734569473,-8153.418530000001,-0.003958952173647915,-270103.38655239344,-0.03977364194811987,-996390.7517866921,-0.04549278898076243,-21044.769866888993,-0.006985926864770155,-8008872.637045652,-0.06780792275788003
2026,1,CA-0001-en2026.XLS,2,108,TOTAL,,,269262.08217187715,1,1669893.0136614926,1,13117026.952454694,1,4986234.042867156,1,2850797.8248312427,1,7779983.1118878685,1,27069166.172792457,1,3397643.435274169,1,1793352.644575226,1,4817309.563947683,1,13036776.878445607,1,3558592.8033916643,1,2059489.0194106994,1,6791014.685170449,1,21902168.9834852,1,3012452.0731840488,1,118111163.28755155,1
2026,1,CA-0001-en2026.XLS,2,109,(1) Financian actividad desarrollada en el país.,,,,,,,,,,,,,,,,,,,,,,,,,,,,,,,,,,,,
2026,1,CA-0001-en2026.XLS,2,110,(2) Incluye inversiones en Bonos Estructurados cuyo capital protegido corresponde a Instrumentos de Deuda del Gobierno Central.,,,,,,,,,,,,,,,,,,,,,,,,,,,,,,,,,,,,
2026,1,CA-0001-en2026.XLS,2,111,(3) Incluye Depósitos Overnight y Certificados de Depósito con Negociación Restringida del BCRP.,,,,,,,,,,,,,,,,,,,,,,,,,,,,,,,,,,,,
2026,1,CA-0001-en2026.XLS,2,112,(4) Incluye la participación de las AFP en Fondos Mutuos Alternativos.,,,,,,,,,,,,,,,,,,,,,,,,,,,,,,,,,,,,
2026,1,CA-0001-en2026.XLS,2,113,"(5) Categoría de riesgo equivalente para acciones y valores representativos de derechos sobre acciones, según lo indicado en el Anexo IV de la Circular Nº AFP-044-2004",,,,,,,,,,,,,,,,,,,,,,,,,,,,,,,,,,,,
2026,1,CA-0001-en2026.XLS,2,114,(e) Clasificación de riesgo otorgada por empresas Clasificadoras del Exterior.,,,,,,,,,,,,,,,,,,,,,,,,,,,,,,,,,,,,
2026,1,CA-0001-en2026.XLS,2,115,"Nota:  Las Categorías E y E(e) corresponden a los Títulos que no tienen información suficiente y las categorías V y V(e) se asignan cuando la categoría de riesgo ha sido observada, por considerar que el instrumento tiene una categoría de riesgo correpondiente al grado especulativo.",,,,,,,,,,,,,,,,,,,,,,,,,,,,,,,,,,,,
2026,1,CA-0001-en2026.XLS,2,116,"*Se modificó la calificación de riesgo de la Empresa de Energía de Bogotá S.A. E.S.P. a BBB(e), considerando la última información disponible.",,,,,,,,,,,,,,,,,,,,,,,,,,,,,,,,,,,,
2026,1,CA-0001-en2026.XLS,3,1,CARTERA POR EMISOR Y TIPO DE INSTRUMENTO,,,,,,,,,,,,,,,,,,,,,,,,,,,,,,,,,,,,
2026,1,CA-0001-en2026.XLS,3,2,(En miles de Soles),,,,,,,,,,,,,,,,,,,,,,,,,,,,,,,,,,,,
2026,1,CA-0001-en2026.XLS,3,3,Al 30-01-2026,,,,,,,,,,,,,,,,,,,,,,,,,,,,,,,,,,,,
2026,1,CA-0001-en2026.XLS,3,4,,HA00,,HA01,,HA02,,HA03,,IN00,,IN01,,IN02,,IN03,,PR00,,PR01,,PR02,,PR03,,RI00,,RI01,,RI02,,RI03,,TOTAL,,,
2026,1,CA-0001-en2026.XLS,3,5,,Monto,%,Monto,%,Monto,%,Monto,%,Monto,%,Monto,%,Monto,%,Monto,%,Monto,%,Monto,%,Monto,%,Monto,%,Monto,%,Monto,%,Monto,%,Monto,%,Monto,%,,
2026,1,CA-0001-en2026.XLS,3,6,NACIONAL,270067.42915187724,1.0029909409208464,948261.4359452372,0.5678575981739284,8265683.12110366,0.6301491299106339,2459047.522619495,0.49316728847439095,2850543.236581242,0.999910695789164,4078797.5943567967,0.524268181009849,16217215.975425165,0.5991029007655679,1426668.187488894,0.4198993257141978,1793096.8659652262,0.9998573740581511,2901947.4392450233,0.6024000327823936,7780230.382157087,0.5967909441650837,1713918.970853257,0.48162829116602957,2067642.437940699,1.0039589521736483,3479036.908699311,0.5123000125881758,12746834.061147697,0.5819895769573848,1381031.7930793967,0.45844108371812126,70380023.36176017,0.5958795206378075,,
2026,1,CA-0001-en2026.XLS,3,7,1. Gobierno,0,,457333.92978509044,0.2738701976974664,3790337.6417572354,0.2889631663864134,495580.3823458773,0.09938971538145278,0,,2204588.3584003504,0.28336672801149454,7213143.414171917,0.2664708387442655,0,,0,,1482503.404052926,0.3077450980414149,2654679.1727121724,0.20363002277819875,137012.61863793002,0.03850190966141012,0,,1929044.9201191852,0.28405842271724785,5055014.125025027,0.23079970430493169,149988.1455045,0.04978938813322535,25569226.112512216,0.2164844151967395,,
2026,1,CA-0001-en2026.XLS,3,8,GOBIERNO CENTRAL,0,,457333.92978509044,0.2738701976974664,3790337.6417572354,0.2889631663864134,495580.3823458773,0.09938971538145278,0,,2204588.3584003504,0.28336672801149454,7213143.414171917,0.2664708387442655,0,,0,,1482503.404052926,0.3077450980414149,2654679.1727121724,0.20363002277819875,137012.61863793002,0.03850190966141012,0,,1929044.9201191852,0.28405842271724785,5055014.125025027,0.23079970430493169,149988.1455045,0.04978938813322535,25569226.112512216,0.2164844151967395,,
2026,1,CA-0001-en2026.XLS,3,9,BONOS GOBIERNO CENTRAL DE LA REPUBLICA,0,,457333.92978509044,0.2738701976974664,3790337.6417572354,0.2889631663864134,495580.3823458773,0.09938971538145278,0,,2196376.0216852245,0.2823111554482871,7178712.192258429,0.26519886672659415,0,,0,,1482503.404052926,0.3077450980414149,2654679.1727121724,0.20363002277819875,137012.61863793002,0.03850190966141012,0,,1929044.9201191852,0.28405842271724785,5049040.496874947,0.23052696290865335,149988.1455045,0.04978938813322535,25520608.92573352,0.21607279291290565,,
2026,1,CA-0001-en2026.XLS,3,10,VAL REP DER CRED SOBRE DEUDA GOB CEN-GDN,0,,0,,0,,0,,0,,8212.336715126,0.0010555725632074306,34431.221913488,0.0012719720176713526,0,,0,,0,,0,,0,,0,,0,,5973.62815008,0.0002727413962783444,0,,48617.186778694006,0.0004116222838338436,,
2026,1,CA-0001-en2026.XLS,3,11,2. Sistema Financiero,256584.82735194525,0.9529185293462908,159339.1191052917,0.09541875904727376,1700288.279026249,0.12962451668272737,297990.8757681878,0.05976271334364376,2840925.581795157,0.9965370244953555,361960.9567668931,0.046524645563023666,2534157.154718403,0.09361785060322657,244701.08924294502,0.0720208267596506,1731461.6831805245,0.9654886831198999,171641.37852396062,0.035630132596939465,873102.9732677448,0.06697230315503003,268246.8790950771,0.07538004315621989,1948795.5689143941,0.9462519831603774,320097.52237095765,0.04713544841391012,2409425.308007142,0.110008525175014,265282.3697523196,0.08806193868237247,16384001.566887194,0.13871679112158908,,
2026,1,CA-0001-en2026.XLS,3,12,Banco BCI Peru S.A.,2951.7390918,0.010962327365187007,0,,0,,0,,51366.793479234395,0.018018392266128225,0,,0,,0,,30217.499399999997,0.016849725284876875,0,,0,,0,,145421.600565,0.07061052484106516,0,,0,,0,,229957.6325360344,0.0019469593401275978,,
2026,1,CA-0001-en2026.XLS,3,13,CD SERIADOS SUBASTADO BCOS,2951.7390918,0.010962327365187007,0,,0,,0,,51366.793479234395,0.018018392266128225,0,,0,,0,,0,,0,,0,,0,,145421.600565,0.07061052484106516,0,,0,,0,,199740.1331360344,0.0016911198533346946,,
2026,1,CA-0001-en2026.XLS,3,14,DEPOSITOS A PLAZO,0,,0,,0,,0,,0,,0,,0,,0,,30217.499399999997,0.016849725284876875,0,,0,,0,,0,,0,,0,,0,,30217.499399999997,0.0002558394867929033,,
2026,1,CA-0001-en2026.XLS,3,15,BANCO CITIBANK,0,,0,,181.22421,1.3815951637279055e-05,0,,0,,33.74736,4.337716356791803e-06,129.01512,4.7661283386584115e-06,33.74736,9.932578460010417e-06,20.46106,1.1409390150840307e-05,83.47106128,1.7327319361971254e-05,43.67644472,3.350248694691753e-06,77.162414,2.1683406408976377e-05,3.4807200000000003,1.6900891275428958e-06,15.13218,2.2282649503091446e-06,219.42793,1.0018547942235965e-05,3.54142,1.1755938066283828e-06,844.0872800000001,7.146549542865802e-06,,
2026,1,CA-0001-en2026.XLS,3,16,CUENTAS CORRIENTES,0,,0,,181.22421,1.3815951637279055e-05,0,,0,,33.74736,4.337716356791803e-06,129.01512,4.7661283386584115e-06,33.74736,9.932578460010417e-06,20.46106,1.1409390150840307e-05,83.47106128,1.7327319361971254e-05,43.67644472,3.350248694691753e-06,77.162414,2.1683406408976377e-05,3.4807200000000003,1.6900891275428958e-06,15.13218,2.2282649503091446e-06,219.42793,1.0018547942235965e-05,3.54142,1.1755938066283828e-06,844.0872800000001,7.146549542865802e-06,,
2026,1,CA-0001-en2026.XLS,3,17,BANCO CONTINENTAL,63553.33132000002,0.23602777935673927,253.55135864,0.00015183688809144164,24963.6256367446,0.0019031466297378425,21559.056436551797,0.004323715303214092,677892.9987809999,0.23779062579477353,8507.430734230502,0.0010935024680492026,59834.4429183836,0.002210428002711211,21963.907405504997,0.006464453325936674,483324.343305,0.2695088134322184,3848.5880366738,0.0007989081842438131,1002.40213184,7.689033425871736e-05,777.5371170770999,0.00021849566950622626,352159.70582,0.17099372829905496,7740.0351301277,0.001139746486932156,40508.07433637929,0.001849500584481995,31108.4321223996,0.0103266147864451,1798997.462590553,0.015231392296177306,,
2026,1,CA-0001-en2026.XLS,3,18,ACCIONES DEL CAPITAL SOCIAL,0,,0,,23847.0007190646,0.0018180187328655228,21312.5646875918,0.004274280850911837,0,,7654.5795162305,0.000983881250916117,56033.022486383605,0.002069994403547715,21464.999867745002,0.00631761403945347,0,,3600.5055301138,0.0007474100392176709,0,,564.5019901170999,0.00015863067827796373,0,,7684.4675860477,0.0011315639771517923,39385.090059979295,0.0017982278417117807,31072.9988252796,0.010314852508985015,212619.73126855298,0.0018001662615997806,,
2026,1,CA-0001-en2026.XLS,3,19,CD SERIADOS SUBASTADO BCOS,487.734278,0.0018113737889342565,0,,0,,0,,0,,0,,0,,0,,0,,0,,0,,0,,0,,0,,0,,0,,487.734278,4.129451140977841e-06,,
2026,1,CA-0001-en2026.XLS,3,20,CUENTAS CORRIENTES,164.43666000000002,0.0006106937102827415,253.55135864,0.00015183688809144164,1116.6249176800002,8.51278968723196e-05,246.49174896,4.943445230225569e-05,1136.89734,0.0003987997079615076,852.851218,0.00010962121713308572,3801.420432,0.00014043359916349573,498.90753775999997,0.00014683928648320373,78.69762,4.388295867968585e-05,248.08250656,5.1498145026142266e-05,1002.40213184,7.689033425871736e-05,213.03512695999999,5.986499122826251e-05,30.672840000000004,1.4893422451349958e-05,55.56754408,8.182509780363597e-06,1122.9842763999998,5.1272742770214184e-05,35.433297120000006,1.176227746008531e-05,10858.056556,9.193082392699111e-05,,
2026,1,CA-0001-en2026.XLS,3,21,DEPOSITOS A PLAZO,62901.16038200002,0.23360571185752227,0,,0,,0,,676756.1014409999,0.23739182608681203,0,,0,,0,,483245.645685,0.2694649304735387,0,,0,,0,,352129.03298,0.17097883487660362,0,,0,,0,,1575031.9404880002,0.013335165759509557,,
2026,1,CA-0001-en2026.XLS,3,22,BANCO DE CREDITO DEL PERU,25792.96846599999,0.09579131327349566,81599.5827284437,0.048865156067408405,277809.2981707264,0.021179288506282867,38626.22128952001,0.0077465720536674535,179528.59931,0.06297486189524071,51448.3257743361,0.006612909698444293,279583.567896327,0.010328488366122608,429.19570375999996,0.00012632158492680874,367693.90817229997,0.2050315699394371,3459.0427116400006,0.0007180445154546778,110104.58695295229,0.008445690831373674,201.52309448,5.6629995510565336e-05,248523.44971000002,0.1206723839591592,226460.56992307003,0.03334708882570853,840349.330383907,0.038368315531560004,12284.85801024,0.004078026043831916,2743895.0282977023,0.023231462225272132,,
2026,1,CA-0001-en2026.XLS,3,23,BONOS SUBORDINADOS SISTEMA FINANCIERO,0,,19358.0700080297,0.011592401339283544,52079.4654977054,0.003970371158531418,0,,0,,50755.117613536095,0.006523808199015486,127664.43937031699,0.00471623095278915,0,,0,,0,,0,,0,,0,,22301.07835355,0.003283909605180049,98620.94969750699,0.004502793753982527,0,,370779.1205406452,0.0031392385801666534,,
2026,1,CA-0001-en2026.XLS,3,24,CUENTAS CORRIENTES,830.26769,0.0030834927937236204,218.74917992000002,0.00013099592496668968,1065.15196792,8.120376452536519e-05,197.34128952000003,3.957722157111701e-05,4894.9095099999995,0.0017170314455006168,693.2081608,8.910149942880635e-05,3815.08355472,0.00014093834772622513,429.19570375999996,0.00012632158492680874,147.16266000000002,8.206007917358439e-05,259.56021064,5.388074135457798e-05,869.6589512,6.670812573603631e-05,201.52309448,5.6629995510565336e-05,72.94187000000001,3.541746001679173e-05,159.49156951999998,2.3485675839912706e-05,1728.3806864,7.891367689214906e-05,84.85801024,2.816908225540938e-05,15667.484109120001,0.000132650324262544,,
2026,1,CA-0001-en2026.XLS,3,25,DEPOSITOS A PLAZO,24962.700775999994,0.09270782047977204,1785.04,0.001068954708712765,45703.76,0.003484307851593388,38428.88,0.007706994832096336,174633.68980000002,0.06125783044974009,0,,0,,0,,367546.7455123,0.20494950986026353,0,,99636.4804987523,0.007642723460542353,0,,248450.50784,0.1206369664991424,204000,0.03003969354468857,740000,0.03378660810068533,12200,0.004049856961576506,1957347.8044270521,0.016572081333766264,,
2026,1,CA-0001-en2026.XLS,3,26,OTROS BONOS SISTEMA FINANCIERO,0,,60237.723540494,0.0360728040944454,178960.92070510102,0.013643405731632698,0,,0,,0,,148104.04497129,0.005471319065607234,0,,0,,3199.482501,0.0006641637741000998,9598.447503000001,0.0007362592450952832,0,,0,,0,,0,,0,,400100.619220885,0.003387491987076669,,
2026,1,CA-0001-en2026.XLS,3,27,BANCO DE LA NACION,0,,0,,19358.695194816002,0.0014758447371485538,0,,0,,0,,5493.454294318401,0.00020294139314272372,0,,0,,0,,0,,0,,0,,0,,0,,0,,24852.1494891344,0.00021041321410601764,,
2026,1,CA-0001-en2026.XLS,3,28,BONOS SUBORDINADOS SISTEMA FINANCIERO,0,,0,,19358.695194816002,0.0014758447371485538,0,,0,,0,,5493.454294318401,0.00020294139314272372,0,,0,,0,,0,,0,,0,,0,,0,,0,,24852.1494891344,0.00021041321410601764,,
2026,1,CA-0001-en2026.XLS,3,29,BANCO FALABELLA,0,,0,,0,,0,,0,,0,,0,,0,,38473.8191448,0.021453571477523272,0,,0,,0,,9718.959836,0.004719112238229356,0,,0,,0,,48192.7789808,0.00040802899268268676,,
2026,1,CA-0001-en2026.XLS,3,30,CD SERIADOS SUBASTADO BCOS,0,,0,,0,,0,,0,,0,,0,,0,,38473.8191448,0.021453571477523272,0,,0,,0,,9718.959836,0.004719112238229356,0,,0,,0,,48192.7789808,0.00040802899268268676,,
2026,1,CA-0001-en2026.XLS,3,31,Banco GNB Perú S.A.,44181.149616388,0.16408232923113922,0,,0,,0,,132705.3124072703,0.04655023630626141,0,,0,,0,,9991.532692296401,0.005571426636317252,0,,0,,0,,103917.06599633012,0.05045769363998111,0,0,0,0,0,0,290795.0607122848,0.0024620455223552384,,
2026,1,CA-0001-en2026.XLS,3,32,CD SERIADOS SUBASTADO BCOS,1776.2840043879999,0.006596859052936207,0,,0,,0,,53766.71895627029,0.01886023571645356,0,,0,,0,,9991.532692296401,0.005571426636317252,0,,0,,0,,58427.94056633011,0.028370115118675734,0,,0,,0,,123962.47621928478,0.001049540727301853,,
2026,1,CA-0001-en2026.XLS,3,33,CUENTAS CORRIENTES,0,,0,,0,,0,,0,,0,,0,,0,,0,,0,,0,,0,,0,,0,0,0,0,0,0,0,0,,
2026,1,CA-0001-en2026.XLS,3,34,DEPOSITOS A PLAZO,42404.865612,0.15748547017820302,0,,0,,0,,78938.59345100001,0.027690000589807848,0,,0,,0,,0,,0,,0,,0,,45489.12543,0.022087578521305374,0,,0,,0,,166832.58449300003,0.0014125047950533855,,
2026,1,CA-0001-en2026.XLS,3,35,BANCO INTERAMERICANO DE FINANZAS,4793.7207233808,0.017803177798799176,0,,2067.83219,0.00015764488382125565,0,,129837.8344148654,0.04554438525381975,20937.603594,0.002691214530017063,5761.5263185,0.00021284461744118922,110.03940000000001,3.238697706109368e-05,87504.5655091923,0.04879384195511567,123.92708,2.5725371881321315e-05,238.82742000000002,1.831951426543674e-05,131.70636000000002,3.701079816563217e-05,16232.02141161,0.007881577060437364,0,,936.14012,4.274189102941694e-05,0,,268675.74454154854,0.002274770115399125,,
2026,1,CA-0001-en2026.XLS,3,36,BONOS SUBORDINADOS SISTEMA FINANCIERO,0,,0,,0,,0,,0,,20826.074634,0.0026768791569968336,5206.5186585,0.00019234130173293354,0,,0,,0,,0,,0,,0,,0,,0,,0,,26032.5932925,0.00022040755986054813,,
2026,1,CA-0001-en2026.XLS,3,37,CD SERIADOS SUBASTADO BCOS,4793.7207233808,0.017803177798799176,0,,0,,0,,129733.6212448654,0.04550782946263306,0,,0,,0,,87383.8274891923,0.04872651664664094,0,,0,,0,,16232.02141161,0.007881577060437364,0,,0,,0,,238143.19086904853,0.002016263190036228,,
2026,1,CA-0001-en2026.XLS,3,38,CUENTAS CORRIENTES,0,,0,,2067.83219,0.00015764488382125565,0,,104.21317,3.655579118668968e-05,111.52896000000001,1.4335373020229692e-05,555.00766,2.050331570825569e-05,110.03940000000001,3.238697706109368e-05,120.73802,6.732530847473005e-05,123.92708,2.5725371881321315e-05,238.82742000000002,1.831951426543674e-05,131.70636000000002,3.701079816563217e-05,0,,0,,936.14012,4.274189102941694e-05,0,,4499.9603799999995,3.809936550234856e-05,,
2026,1,CA-0001-en2026.XLS,3,39,BANCO INTERNACIONAL DEL PERU,41766.8782593,0.15511607844077765,20655.270472832,0.01236921785039523,446642.67638984247,0.03405060293073946,13950.96819544,0.002797896784527585,704123.4022870001,0.24699170041238608,136702.88795262642,0.017571103431284242,182520.42880153374,0.00674274292885264,3474.05372488,0.0010224892020194185,267945.00232599996,0.14941010243384983,79581.6104652,0.016519928688158568,14839.518422000001,0.0011382812301202277,32550.91595008,0.009147131393919532,214566.973347,0.10418456778584631,39.330474880000004,5.791546139030745e-06,12393.720151496,0.0005658672509029212,10.301782000000001,3.419733077815045e-06,2171763.93900211,0.01838745702397976,,
2026,1,CA-0001-en2026.XLS,3,40,BONOS SUBORDINADOS SISTEMA FINANCIERO,0,,0,,43474.64153188241,0.0033143670200164246,0,,0,,20260.1466338664,0.0026041376109041618,78893.72187461371,0.002914523534674319,0,,0,,0,,0,,0,,0,,0,,10820.261334456001,0.0004940269314246802,0,,153448.7713748185,0.0012991894000843472,,
2026,1,CA-0001-en2026.XLS,3,41,CD SERIADOS SUBASTADO BCOS,3434.2746893000003,0.012754394014927853,0,,0,,0,,41578.085858000006,0.014584719230470614,0,,0,,0,,0,,0,,0,,0,,29188.998026999998,0.014172932097182114,0,,0,,0,,74201.3585743,0.000628233238154217,,
2026,1,CA-0001-en2026.XLS,3,42,CUENTAS CORRIENTES,161.01448000000002,0.0005979842341753127,276.00795632,0.00016528481409405456,1205.6583952800001,9.191552320889112e-05,400.96819544,8.041503707865214e-05,656.7029299999999,0.00023035759473363386,571.6404617600001,7.347579725289242e-05,1621.2329651199998,5.989223882150896e-05,474.05372488,0.00013952427142836633,16.84713,9.394209248784094e-06,81.61046520000001,1.6941087990434633e-05,189.51842200000002,1.453721450992545e-05,70.91595008000002,1.9928087870129633e-05,11.24796,5.461529483278572e-06,39.330474880000004,5.791546139030745e-06,1573.45881704,7.184031947824109e-05,10.301782000000001,3.419733077815045e-06,7360.510109999998,6.231849644965582e-05,,
2026,1,CA-0001-en2026.XLS,3,43,DEPOSITOS A PLAZO,38171.58909,0.1417637001916745,3460,0.0020719890266583194,344390,0.02625518734148453,13550,0.002717481747448933,661888.6134990001,0.23217662358718183,39500,0.005077131843595357,46000,0.001699350460459882,3000,0.0008829649305910522,166100.02072,0.09261983203495512,79500,0.016502987600168134,14650,0.0011237440156103022,32480,0.009127203306049401,185366.72736000002,0.09000617415918091,0,,0,,0,,1628056.9506690002,0.013784107321890973,,
2026,1,CA-0001-en2026.XLS,3,44,OTROS BONOS SISTEMA FINANCIERO,0,,16919.262516512,0.010131944009642856,57572.37646268,0.004389133046029611,0,,0,,76371.100857,0.009816358179531831,56005.4739618,0.0020689766948969296,0,,101828.13447599999,0.05678087618964592,0,,0,,0,,0,,0,,0,,0,,308696.3482739921,0.002613608567400566,,
2026,1,CA-0001-en2026.XLS,3,45,BANCO MIBANCO,56741.43413904999,0.2107293893049169,0,,0,,0,,278123.232258,0.09755978829346276,0,,0,,0,,69952.394506,0.03900649139900142,0,,0,,0,,150170.1516075,0.07291621863100278,10474.818702,0.0015424526654130024,0,,0,,565462.03121255,0.004787540952719981,,
2026,1,CA-0001-en2026.XLS,3,46,BONOS SUBORDINADOS SISTEMA FINANCIERO,0,,0,,0,,0,,0,,0,,0,,0,,0,,0,,0,,0,,0,,10474.818702,0.0015424526654130024,0,,0,,10474.818702,8.868610223148993e-05,,
2026,1,CA-0001-en2026.XLS,3,47,CD SERIADOS SUBASTADO BCOS,2942.3903510499995,0.010927607509072871,0,,0,,0,,19651.147748,0.006893209885609229,0,,0,,0,,14490.707421000001,0.008080233112451943,0,,0,,0,,29070.6138975,0.014115449814740097,0,,0,,0,,66154.85941755002,0.0005601067466966728,,
2026,1,CA-0001-en2026.XLS,3,48,DEPOSITOS A PLAZO,53799.04378799999,0.199801781795844,0,,0,,0,,258472.08451000002,0.09066657840785353,0,,0,,0,,55461.687085,0.030926258286549473,0,,0,,0,,121099.53771,0.05880076881626269,0,,0,,0,,488832.353093,0.004138748103791818,,
2026,1,CA-0001-en2026.XLS,3,49,Banco Pichincha,0,,0,,0,,0,,104.43316,3.6632959058112844e-05,110.8882,1.4253012944277739e-05,138.75648999999999,5.125997938549935e-06,119.56092,3.5189366476400785e-05,0,,0,,0,,0,,0,,0,,0,,0,,473.63877,4.010110109972302e-06,,
2026,1,CA-0001-en2026.XLS,3,50,CUENTAS CORRIENTES,0,,0,,0,,0,,104.43316,3.6632959058112844e-05,110.8882,1.4253012944277739e-05,138.75648999999999,5.125997938549935e-06,119.56092,3.5189366476400785e-05,0,,0,,0,,0,,0,,0,,0,,0,,473.63877,4.010110109972302e-06,,
2026,1,CA-0001-en2026.XLS,3,51,BANCO RIPLEY,777.394514963,0.002887129553082668,0,,0,,0,,0,,0,,0,,0,,38847.459155567,0.02166191868235063,0,,0,,0,,0,,0,,0,,0,,39624.85367053,0.00033548779444378136,,
2026,1,CA-0001-en2026.XLS,3,52,CD SERIADOS SUBASTADO BCOS,777.394514963,0.002887129553082668,0,,0,,0,,0,,0,,0,,0,,38847.459155567,0.02166191868235063,0,,0,,0,,0,,0,,0,,0,,39624.85367053,0.00033548779444378136,,
2026,1,CA-0001-en2026.XLS,3,53,BANCO SANTANDER PERÚ,0,,0,,0,,0,,0,,36.651418,4.710989403562634e-06,2.99752,1.1073558678777622e-07,36.29366904,1.0682012321599408e-05,0,,0,,0,,0,,0,,0,,0,,0,,75.94260704,6.429756927811416e-07,,
2026,1,CA-0001-en2026.XLS,3,54,CUENTAS CORRIENTES,0,,0,,0,,0,,0,,36.651418,4.710989403562634e-06,2.99752,1.1073558678777622e-07,36.29366904,1.0682012321599408e-05,0,,0,,0,,0,,0,,0,,0,,0,,75.94260704,6.429756927811416e-07,,
2026,1,CA-0001-en2026.XLS,3,55,BANCO SCOTIABANK DEL PERU S.A.A,8441.026136,0.0313487367694493,256.79636904,0.00015378013258282662,4722.2735972,0.00036001097004045434,192.12014879999998,3.853011052997587e-05,406462.96871799993,0.14257867225013104,69175.53112624,0.008891475743763417,315049.4487492,0.011638683169556198,17037.6605884,0.005014552266290171,57327.85122,0.03196685905218529,47517.24537712,0.009863855487456077,237580.92912136,0.018223900841178406,26908.50793384,0.007561558576804219,309804.013,0.1504276109656789,5479.836764240001,0.0008069245934935659,42020.66740656,0.001918561921344168,2401.7999216800004,0.0007972906666499717,1550378.67617768,0.013126436426700434,,
2026,1,CA-0001-en2026.XLS,3,56,CUENTAS CORRIENTES,139.18692,0.0005169198680977047,256.79636904,0.00015378013258282662,4722.2735972,0.00036001097004045434,192.12014879999998,3.853011052997587e-05,6419.99988,0.0022520011149440404,3499.5311262400005,0.00044981217515661334,16981.4487492,0.0006273354945919329,1881.6605884,0.0005538134369441749,3238.5960499999997,0.0018058891316197851,365.24537712,7.581937018402635e-05,10106.20912136,0.0007752076464596964,301.30793384000003,8.467052862941388e-05,12.23267,5.939662646757037e-06,91.03676424,1.3405473034655213e-05,5309.467406560001,0.0002424174249848714,44.19992168,1.4672406599744618e-05,53561.31262367998,0.0004534822207557169,,
2026,1,CA-0001-en2026.XLS,3,57,DEPOSITOS A PLAZO,8301.839216,0.030831816901351596,0,,0,,0,,400042.9688379999,0.14032667113518701,65676,0.008441663568606803,298068,0.011011347674964264,15156,0.004460738829345996,54089.255170000004,0.03016096992056551,47152,0.00978803611727205,227474.72,0.01744869319471871,26607.2,0.007476888048174805,309791.78033,0.15042167130303213,5388.8,0.0007935191204589107,36711.2,0.0016761444963592964,2357.6,0.0007826182600502271,1496817.363554,0.012672954205944716,,
2026,1,CA-0001-en2026.XLS,3,58,Caja Municipal de Ahorro y Crédito de Arequip,0,,0,,0,,0,,0,,0,,0,,0,,0,,0,,0,,0,,84279.24466350001,0.04092240544580115,0,,0,,0,,84279.24466350001,0.0007135586706424615,,
2026,1,CA-0001-en2026.XLS,3,59,CD SERIADOS SUBASTADO BCOS,0,,0,,0,,0,,0,,0,,0,,0,,0,,0,,0,,0,,84279.24466350001,0.04092240544580115,0,,0,,0,,84279.24466350001,0.0007135586706424615,,
2026,1,CA-0001-en2026.XLS,3,60,Compartamos Banco S.A.,2225.2117339395,0.00826411099546905,0,,0,,0,,54606.948726006,0.019154970671846423,0,,0,,0,,0,,0,,0,,0,,9560.746462919398,0.004642290574413992,0,,0,,0,,66392.9069228649,0.0005621221997553761,,
2026,1,CA-0001-en2026.XLS,3,61,CD SERIADOS SUBASTADO BCOS,2225.2117339395,0.00826411099546905,0,,0,,0,,32406.198726006,0.011367413867002074,0,,0,,0,,0,,0,,0,,0,,9560.746462919398,0.004642290574413992,0,,0,,0,,44192.1569228649,0.0003741573251232432,,
2026,1,CA-0001-en2026.XLS,3,62,DEPOSITOS A PLAZO,0,,0,,0,,0,,22200.75,0.0077875568048443485,0,,0,,0,,0,,0,,0,,0,,0,,0,,0,,0,,22200.75,0.00018796487463213282,,
2026,1,CA-0001-en2026.XLS,3,63,CONSORCIO CREDICORP,0,,5184.58004016,0.003104737847122332,488620.83001112,0.03725088251950876,200782.89711392001,0.04026744340273023,0,,40381.797387440005,0.005190473656136391,1302031.44328912,0.04810016810188285,186555.9479912,0.05490745322313262,0,,24909.779900880003,0.005170890425498617,457437.63615344,0.035088246153061504,207599.5262256,0.058337533315904744,0,,23364.260677039998,0.0034404668168455856,1153000.60590848,0.052643215691462894,195264.21571744,0.06481902814508615,4285133.52041584,0.03628051236768638,,
2026,1,CA-0001-en2026.XLS,3,64,ACCIONES DEL CAPITAL SOCIAL,0,,5184.58004016,0.003104737847122332,488620.83001112,0.03725088251950876,200782.89711392001,0.04026744340273023,0,,40381.797387440005,0.005190473656136391,1302031.44328912,0.04810016810188285,186555.9479912,0.05490745322313262,0,,24909.779900880003,0.005170890425498617,457437.63615344,0.035088246153061504,207599.5262256,0.058337533315904744,0,,23364.260677039998,0.0034404668168455856,1153000.60590848,0.052643215691462894,195264.21571744,0.06481902814508615,4285133.52041584,0.03628051236768638,,
2026,1,CA-0001-en2026.XLS,3,65,CORPORACION FINANCIERA DE DESARROLLO,0,,66.2809056728,3.969170787023605e-05,137.66034255120002,1.0494782319970645e-05,0,,71044.33417233801,0.024920860242533552,0,,0,,0,,116166.40290309401,0.06477610706097864,0,,0,,0,,45391.6680721436,0.022040257386335554,0,,0,,0,,232806.3463957996,0.0019710782614934795,,
2026,1,CA-0001-en2026.XLS,3,66,CD SERIADOS SUBASTADO BCOS,0,,0,,0,,0,,71044.33417233801,0.024920860242533552,0,,0,,0,,116166.40290309401,0.06477610706097864,0,,0,,0,,15177.6426681,0.007369615727518144,0,,0,,0,,202388.37974353202,0.0017135414986202487,,
2026,1,CA-0001-en2026.XLS,3,67,OTROS BONOS SISTEMA FINANCIERO,0,,66.2809056728,3.969170787023605e-05,137.66034255120002,1.0494782319970645e-05,0,,0,,0,,0,,0,,0,,0,,0,,0,,30214.0254040436,0.01467064165881741,0,,0,,0,,30417.9666522676,0.0002575367628732307,,
2026,1,CA-0001-en2026.XLS,3,68,Edpyme Santander Consumo Perú S.A.,2401.9087158239,0.008920337748449478,0,,0,,0,,103033.85141554248,0.036142110997170344,0,,0,,0,,5123.6447687574,0.00285702022090083,0,,0,,0,,47742.8260606269,0.023181879393699333,0,,0,,0,,158302.2309607507,0.001340281702038194,,
2026,1,CA-0001-en2026.XLS,3,69,Papeles Comerciales / Instrumentos de CP,2401.9087158239,0.008920337748449478,0,,0,,0,,103033.85141554248,0.036142110997170344,0,,0,,0,,5123.6447687574,0.00285702022090083,0,,0,,0,,47742.8260606269,0.023181879393699333,0,,0,,0,,158302.2309607507,0.001340281702038194,,
2026,1,CA-0001-en2026.XLS,3,70,Financiera Efectiva S.A.,996.2317093,0.0036998588931065283,0,,0,,0,,0,,0,,0,,0,,0,,0,,0,,0,,27618.5316769239,0.013410380641323674,0,,0,,0,,28614.7633862239,0.00024226976172064997,,
2026,1,CA-0001-en2026.XLS,3,71,CD SERIADOS SUBASTADO BCOS,996.2317093,0.0036998588931065283,0,,0,,0,,0,,0,,0,,0,,0,,0,,0,,0,,27618.5316769239,0.013410380641323674,0,,0,,0,,28614.7633862239,0.00024226976172064997,,
2026,1,CA-0001-en2026.XLS,3,72,Fondo Mivivienda S.A.,0,,0,,5823.9425431439995,0.0004439986716695826,0,,0,,0,,0,,0,,0,,12117.7138911668,0.0025154526048844134,23348.5124872482,0.00179097277685649,0,,34488.277251189,0.016746035995403107,20770.850002,0.0030585782780528136,0,,0,,96549.296174748,0.0008174442913553447,,
2026,1,CA-0001-en2026.XLS,3,73,OTROS BONOS SISTEMA FINANCIERO,0,,0,,5823.9425431439995,0.0004439986716695826,0,,0,,0,,0,,0,,0,,12117.7138911668,0.0025154526048844134,23348.5124872482,0.00179097277685649,0,,34488.277251189,0.016746035995403107,20770.850002,0.0030585782780528136,0,,0,,96549.296174748,0.0008174442913553447,,
2026,1,CA-0001-en2026.XLS,3,74,InFinance XP S.A.,0,,8575.89346472,0.005135594552800761,6431.920098539999,0.0004903489275316569,0,,0,,0,,0,,0,,100363.4454176774,0.05596414387391695,0,,0,,0,,144968.2132962909,0.0703903793270877,0,,0,,0,,260339.47227722828,0.002204190230887913,,
2026,1,CA-0001-en2026.XLS,3,75,BONOS SUBORDINADOS SISTEMA FINANCIERO,0,,8575.89346472,0.005135594552800761,6431.920098539999,0.0004903489275316569,0,,0,,0,,0,,0,,0,,0,,0,,0,,0,,0,,0,,0,,15007.81356326,0.00012706515747984136,,
2026,1,CA-0001-en2026.XLS,3,76,CD SERIADOS SUBASTADO BCOS,0,,0,,0,,0,,0,,0,,0,,0,,100363.4454176774,0.05596414387391695,0,,0,,0,,144968.2132962909,0.0703903793270877,0,,0,,0,,245331.6587139683,0.0020771250734080717,,
2026,1,CA-0001-en2026.XLS,3,77,Intercorp Financial Services Inc.,0,,4299.63837696,0.0025747987097283543,280193.43082784,0.021361047121688275,19960.06158144,0.004003033433617704,0,,2621.45309424,0.0003369484299052528,325011.51911696,0.012006705971003733,14940.68248016,0.004397366223025808,0,,0,,0,,0,,0,,5869.4418912,0.0008642952729902222,290172.47183072,0.013248572415340122,24209.22077856,0.008036383713474904,967277.91997808,0.008189555441285091,,
2026,1,CA-0001-en2026.XLS,3,78,ACCIONES DEL CAPITAL SOCIAL,0,,4299.63837696,0.0025747987097283543,280193.43082784,0.021361047121688275,19960.06158144,0.004003033433617704,0,,2621.45309424,0.0003369484299052528,325011.51911696,0.012006705971003733,14940.68248016,0.004397366223025808,0,,0,,0,,0,,0,,5869.4418912,0.0008642952729902222,290172.47183072,0.013248572415340122,24209.22077856,0.008036383713474904,967277.91997808,0.008189555441285091,,
2026,1,CA-0001-en2026.XLS,3,79,Intercorp Perú Ltd.,0,,9435.874302873,0.005650586130774587,88150.692919701,0.006720325668249438,2919.551002516,0.0005855222553567133,0,,32004.640125780003,0.004113715886719173,58600.554204060005,0.002164845190649427,0,,58509.353599840004,0.03262568228107671,0,,0,,0,,0,,19883.246626400003,0.002927875663384897,29824.869939599997,0.0013617313409502374,0,,299328.78272077,0.0025342971349120395,,
2026,1,CA-0001-en2026.XLS,3,80,OTROS BONOS SISTEMA FINANCIERO,0,,9435.874302873,0.005650586130774587,88150.692919701,0.006720325668249438,2919.551002516,0.0005855222553567133,0,,32004.640125780003,0.004113715886719173,58600.554204060005,0.002164845190649427,0,,58509.353599840004,0.03262568228107671,0,,0,,0,,0,,19883.246626400003,0.002927875663384897,29824.869939599997,0.0013617313409502374,0,,299328.78272077,0.0025342971349120395,,
2026,1,CA-0001-en2026.XLS,3,81,INTERSEGURO,0,,10534.9903879296,0.006308781641543641,0,,0,,0,,0,,0,,0,,0,,0,,0,,0,,0,,0,,0,,0,,10534.9903879296,8.919555184027168e-05,,
2026,1,CA-0001-en2026.XLS,3,82,BONOS SUBORDINADOS SISTEMA FINANCIERO,0,,10534.9903879296,0.006308781641543641,0,,0,,0,,0,,0,,0,,0,,0,,0,,0,,0,,0,,0,,0,,10534.9903879296,8.919555184027168e-05,,
2026,1,CA-0001-en2026.XLS,3,83,Pacifico Compañía de Seguros y Reaseguros,0,,18476.6606980206,0.011064577518955988,55184.1768940232,0.004207064382351988,0,,0,,0,,0,,0,,0,,0,,28506.8841341843,0.0021866512252208792,0,,0,,0,,0,,0,,102167.7217262281,0.0008650132543144307,,
2026,1,CA-0001-en2026.XLS,3,84,BONOS SUBORDINADOS SISTEMA FINANCIERO,0,,18476.6606980206,0.011064577518955988,55184.1768940232,0.004207064382351988,0,,0,,0,,0,,0,,0,,0,,28506.8841341843,0.0021866512252208792,0,,0,,0,,0,,0,,102167.7217262281,0.0008650132543144307,,
2026,1,CA-0001-en2026.XLS,3,85,Santander Consumer Bank S.A,1961.832926,0.007285960615678931,0,,0,,0,,52094.87266590001,0.01827378715254347,0,,0,,0,,0,,0,,0,,0,,4228.63941736,0.002053246886730177,0,,0,,0,,58285.34500926,0.0004934787143477659,,
2026,1,CA-0001-en2026.XLS,3,86,CD SERIADOS SUBASTADO BCOS,1961.832926,0.007285960615678931,0,,0,,0,,52094.87266590001,0.01827378715254347,0,,0,,0,,0,,0,,0,,0,,4228.63941736,0.002053246886730177,0,,0,,0,,58285.34500926,0.0004934787143477659,,
2026,1,CA-0001-en2026.XLS,3,87,3. Sistema no Financiero,0,,210192.04618292782,0.125871564503435,2326481.255222865,0.17736345771459217,1589758.0206035983,0.3188294024982158,9617.654786085,0.003373671293808545,1217431.6243858312,0.15648255360935007,5526808.843708452,0.20417359029195023,1002275.3992908197,0.29499134278931244,0,,798959.2866390214,0.16585176352758424,2424396.8027041107,0.18596596576815666,853644.6260355307,0.23988263709799262,115556.544026305,0.05610932757455067,1031870.3766215415,0.1519464210370269,4575685.030580428,0.208914698541072,859474.4968793842,0.2853072765970852,22542152.007666904,0.190855388942247,,
2026,1,CA-0001-en2026.XLS,3,88,Administradora Jockey Plaza Shopping Center S,0,,0,,17542.125280548,0.0013373552821178882,542.8660194,0.00010887295195791575,0,,26442.6457811351,0.0033988050360585684,30400.4970864,0.0011230673635213727,0,,0,,0,,63190.3964463303,0.004847087361816122,0,,0,,0,,0,,0,,138118.5306138134,0.0011693943804240775,,
2026,1,CA-0001-en2026.XLS,3,89,BONOS DE EMPRESAS PRIVADAS,0,,0,,17542.125280548,0.0013373552821178882,542.8660194,0.00010887295195791575,0,,26442.6457811351,0.0033988050360585684,30400.4970864,0.0011230673635213727,0,,0,,0,,63190.3964463303,0.004847087361816122,0,,0,,0,,0,,0,,138118.5306138134,0.0011693943804240775,,
2026,1,CA-0001-en2026.XLS,3,90,AENZA S.A.A. (antes GRANA & MONTERO S.A.A.),0,,875.3830912666999,0.0005242150749210521,18507.6814210404,0.0014109661806844809,51987.207144819804,0.010426146606412884,0,,3545.8039347387,0.00045575984982803967,24992.3705800463,0.0009232781837649063,37889.073623852,0.011151574420814582,0,,37417.652001392096,0.007767333924608556,121167.5889172547,0.00929429030250472,45047.6709152508,0.012658843931881238,0,,5914.2179061834995,0.0008708886934228531,43477.0830246206,0.0019850583317754258,30369.8749210551,0.010081446669773996,421191.60748152074,0.0035660609527322514,,
2026,1,CA-0001-en2026.XLS,3,91,ACCIONES DEL CAPITAL SOCIAL,0,,875.3830912666999,0.0005242150749210521,18507.6814210404,0.0014109661806844809,51987.207144819804,0.010426146606412884,0,,3545.8039347387,0.00045575984982803967,24992.3705800463,0.0009232781837649063,37889.073623852,0.011151574420814582,0,,2777.7720013921,0.0005766231055983403,22443.9309172547,0.0017215858740638917,45047.6709152508,0.012658843931881238,0,,5914.2179061834995,0.0008708886934228531,43477.0830246206,0.0019850583317754258,30369.8749210551,0.010081446669773996,287828.06948152074,0.0024369251937751135,,
2026,1,CA-0001-en2026.XLS,3,92,BONOS DE EMPRESAS PRIVADAS,0,,0,,0,,0,,0,,0,,0,,0,,0,,34639.88,0.007190710819010216,98723.658,0.007572704428440828,0,,0,,0,,0,,0,,133363.538,0.0011291357589571379,,
2026,1,CA-0001-en2026.XLS,3,93,ALICORP S.A.,0,,24504.652618644,0.014674384776850987,38598.604077352,0.0029426335874173626,0,,0,,134789.3095459698,0.017325141662584174,206498.95507983572,0.007628567269552246,8226.931243227,0.0024213639247177626,0,,96649.670874,0.020062997735772997,114606.44032600001,0.008791010339026739,0,,0,,106108.66325298,0.015624861404686649,0,,0,,729983.2270180085,0.006180476143823957,,
2026,1,CA-0001-en2026.XLS,3,94,ACCIONES DEL CAPITAL SOCIAL,0,,0,,0,,0,,0,,430.4228227698,5.5324390372019053e-05,81012.8250270357,0.0029928082937575864,8226.931243227,0.0024213639247177626,0,,0,,0,,0,,0,,0,,0,,0,,89670.17909303251,0.000759201557220488,,
2026,1,CA-0001-en2026.XLS,3,95,BONOS DE EMPRESAS PRIVADAS,0,,24504.652618644,0.014674384776850987,38598.604077352,0.0029426335874173626,0,,0,,134358.8867232,0.017269817272212155,125486.1300528,0.00463575897579466,0,,0,,96649.670874,0.020062997735772997,114606.44032600001,0.008791010339026739,0,,0,,106108.66325298,0.015624861404686649,0,,0,,640313.047924976,0.005421274586603469,,
2026,1,CA-0001-en2026.XLS,3,96,Asociación Tecsup N° 2,0,,0,,0,,0,,0,,1758.102583788,0.0002259776863913248,0,,0,,0,,9767.2365766,0.0020275293598935656,0,,0,,0,,0,,0,,0,,11525.339160388,9.758043896603229e-05,,
2026,1,CA-0001-en2026.XLS,3,97,BONOS DE EMPRESAS PRIVADAS,0,,0,,0,,0,,0,,1758.102583788,0.0002259776863913248,0,,0,,0,,9767.2365766,0.0020275293598935656,0,,0,,0,,0,,0,,0,,11525.339160388,9.758043896603229e-05,,
2026,1,CA-0001-en2026.XLS,3,98,CEMENTOS PACASMAYO S.A.A.,0,,9922.408582702801,0.005941942688260269,82787.63556226561,0.006311463402670896,96260.4482103186,0.01930524066515086,0,,35995.52011695,0.0046266835800644075,172000.4384488716,0.006354109223421556,54526.489896723004,0.016048326122344577,0,,24299.54372106,0.005044214700860335,32778.3934838052,0.0025143019466720693,18556.3312409808,0.005214513788510708,0,,19651.6363796256,0.0028937702671353246,131557.8566855668,0.0060066131708126635,38731.1593128834,0.012857020915836851,717067.8616417533,0.006071126908605508,,
2026,1,CA-0001-en2026.XLS,3,99,ACCIONES DEL CAPITAL SOCIAL,0,,9638.0173409364,0.005771637621145322,79246.67624138879,0.006041512038408879,92777.79770738099,0.018606787589543716,0,,29006.4761498844,0.0037283469299004388,96178.9771132812,0.0035530823705220626,32420.632095027,0.009542093722501185,0,,24299.54372106,0.005044214700860335,32778.3934838052,0.0025143019466720693,18556.3312409808,0.005214513788510708,0,,9898.971649142399,0.001457657229155873,113465.533011154,0.005180561482139506,24346.482530733,0.00808194850549097,562613.8322847742,0.00476342639107739,,
2026,1,CA-0001-en2026.XLS,3,100,VALOR REP.DERECHO SOBRE ACC. EMP.NAC.,0,,284.3912417664,0.0001703050671149462,3540.9593208768,0.0002699513642620175,3482.6505029376,0.0006984530756071421,0,,6989.0439670656,0.000898336650163969,75821.4613355904,0.0028010268528994935,22105.857801696,0.006506232399843393,0,,0,,0,,0,,0,,9752.6647304832,0.0014361130379794513,18092.3236744128,0.0008260516886731575,14384.6767821504,0.00477507241034588,154454.02935697918,0.0013077005175281178,,
2026,1,CA-0001-en2026.XLS,3,101,CIA MINERA BUENAVENTURA,0,,5650.30391424,0.0033836322854305864,549657.2244221952,0.04190410116671547,288750.51516383997,0.05790953907927761,0,,81610.0592805954,0.0104897476134485,977645.4812331984,0.03611657171087302,181032.76964112,0.05328186229362582,0,,70702.0800013312,0.014676673579472506,162789.15619212482,0.012486917411409625,60215.75313408,0.01692122601852308,0,,48294.59036256,0.007111542619399865,1019370.9968515199,0.046542011324090866,205921.31527872,0.06835671083758317,3651640.245475525,0.030916978072473122,,
2026,1,CA-0001-en2026.XLS,3,102,ACCIONES DEL CAPITAL SOCIAL,0,,0,,0,,0,,0,,0,,115.423653,4.264026910293732e-06,0,,0,,0,,0,,0,,0,,0,,0,,0,,115.423653,9.772459248326206e-07,,
2026,1,CA-0001-en2026.XLS,3,103,BONOS DE EMPRESAS PRIVADAS,0,,0,,4345.779796435199,0.0003313082920533252,0,,0,,49849.7157482754,0.0064074323853100254,40759.793007398395,0.0015057646307689554,0,,0,,62289.510415571196,0.012930352427782583,49976.4676590048,0.0038334987340033076,0,,0,,0,,0,,0,,207221.266626685,0.0017544596197244062,,
2026,1,CA-0001-en2026.XLS,3,104,VALOR REP.DERECHO SOBRE ACC. EMP.NAC.,0,,5650.30391424,0.0033836322854305864,545311.44462576,0.04157279287466214,288750.51516383997,0.05790953907927761,0,,31760.34353232,0.004082315228138474,936770.2645728,0.03460654305319377,181032.76964112,0.05328186229362582,0,,8412.569585759999,0.0017463211516899227,112812.68853312,0.008653418677406318,60215.75313408,0.01692122601852308,0,,48294.59036256,0.007111542619399865,1019370.9968515199,0.046542011324090866,205921.31527872,0.06835671083758317,3444303.55519584,0.029161541206823884,,
2026,1,CA-0001-en2026.XLS,3,105,CORPORACION PRIMAX S.A,0,,21013.660099966,0.01258383616677957,23628.205289356796,0.0018013384721249702,0,,0,,19774.378292572,0.002541699385228306,30644.655014561304,0.0011320871436875865,0,,0,,0,,0,,0,,0,,63523.3625271213,0.00935403109432783,90502.93626250418,0.004132144918192611,0,,249087.1974860816,0.002108921718768088,,
2026,1,CA-0001-en2026.XLS,3,106,BONOS DE EMPRESAS PRIVADAS,0,,21013.660099966,0.01258383616677957,23628.205289356796,0.0018013384721249702,0,,0,,19774.378292572,0.002541699385228306,30644.655014561304,0.0011320871436875865,0,,0,,0,,0,,0,,0,,63523.3625271213,0.00935403109432783,90502.93626250418,0.004132144918192611,0,,249087.1974860816,0.002108921718768088,,
2026,1,CA-0001-en2026.XLS,3,107,EDITORA EL COMERCIO,0,,0,,0,,0,,0,,440.561667,5.662758654666212e-05,1251.658064,4.623925450862445e-05,60.654951999999994,1.7852065160894534e-05,0,,0,,0,,0,,0,,0,,0,,0,,1752.8746830000002,1.4840889160768648e-05,,
2026,1,CA-0001-en2026.XLS,3,108,ACCIONES DEL TRABAJO,0,,0,,0,,0,,0,,440.561667,5.662758654666212e-05,1251.658064,4.623925450862445e-05,60.654951999999994,1.7852065160894534e-05,0,,0,,0,,0,,0,,0,,0,,0,,1752.8746830000002,1.4840889160768648e-05,,
2026,1,CA-0001-en2026.XLS,3,109,Electro Dunas S.A.A.,0,,24.1998662125,1.4491866254017174e-05,0,,0,,0,,0,,0,,0,,0,,0,,0,,0,,0,,0,,0,,0,,24.1998662125,2.0489059237849845e-07,,
2026,1,CA-0001-en2026.XLS,3,110,BONOS DE EMPRESAS PRIVADAS,0,,24.1998662125,1.4491866254017174e-05,0,,0,,0,,0,,0,,0,,0,,0,,0,,0,,0,,0,,0,,0,,24.1998662125,2.0489059237849845e-07,,
2026,1,CA-0001-en2026.XLS,3,111,Engie Energía Perú S.A.,0,,1176.408653051,0.0007044814508634584,66020.7061323642,0.005033206562102032,67855.46912073021,0.013608560797060446,0,,12596.817878323,0.0016191317766583546,192346.249231177,0.007105732330407215,33661.970697473305,0.00990744654015085,0,,22512.634583046998,0.0046732796147313325,39779.895946665,0.003051359727758724,23221.469794297598,0.0065254641588004736,0,,6463.681730688701,0.0009517991096092686,195701.86338947702,0.008935273193127187,27445.9044010578,0.00911081860699895,688783.0715583517,0.005831650898920125,,
2026,1,CA-0001-en2026.XLS,3,112,ACCIONES DEL CAPITAL SOCIAL,0,,1142.286148283,0.0006840475042040965,66020.7061323642,0.005033206562102032,67855.46912073021,0.013608560797060446,0,,12596.817878323,0.0016191317766583546,192346.249231177,0.007105732330407215,33661.970697473305,0.00990744654015085,0,,22512.634583046998,0.0046732796147313325,39779.895946665,0.003051359727758724,23221.469794297598,0.0065254641588004736,0,,6463.681730688701,0.0009517991096092686,195701.86338947702,0.008935273193127187,27445.9044010578,0.00911081860699895,688748.9490535838,0.00583136199731406,,
2026,1,CA-0001-en2026.XLS,3,113,BONOS DE EMPRESAS PRIVADAS,0,,34.122504768,2.0433946659361902e-05,0,,0,,0,,0,,0,,0,,0,,0,,0,,0,,0,,0,,0,,0,,34.122504768,2.889016060651768e-07,,
2026,1,CA-0001-en2026.XLS,3,114,Ferreycorp S.A.A.,0,,12517.24824,0.007495838438508139,160354.40808000002,0.0122249049774188,163394.2488,0.032769069280599986,0,,67087.48896,0.008623089278624506,371148.8076,0.013711128197699918,98705.66112,0.029051212406588242,0,,41536.18296,0.008622278142732013,134205.83088,0.01029440268337258,59211.51408,0.016639024848127053,0,,44197.04064,0.0065081644921948355,269081.2836,0.0122855998327332,80121.19584,0.02659667071659497,1501560.9108,0.012713115924058115,,
2026,1,CA-0001-en2026.XLS,3,115,ACCIONES DEL CAPITAL SOCIAL,0,,12517.24824,0.007495838438508139,160354.40808000002,0.0122249049774188,163394.2488,0.032769069280599986,0,,67087.48896,0.008623089278624506,371148.8076,0.013711128197699918,98705.66112,0.029051212406588242,0,,41536.18296,0.008622278142732013,134205.83088,0.01029440268337258,59211.51408,0.016639024848127053,0,,44197.04064,0.0065081644921948355,269081.2836,0.0122855998327332,80121.19584,0.02659667071659497,1501560.9108,0.012713115924058115,,
2026,1,CA-0001-en2026.XLS,3,116,Fossal S.A.A.,0,,0.025258104,1.5125582174044682e-08,0.697060694,5.314166819406842e-08,0.49500110999999997,9.927354106213738e-08,0,,0.6901730068,8.871137595985406e-08,8.0969077145,2.991192141942771e-07,4.2925394328,1.2633872607805356e-06,0,,0.38717022329999995,8.037063389024186e-08,3.9558696734,3.03439240410753e-07,2.2220204123,6.244098538563367e-07,0,,0.0791420592,1.1653937278743142e-08,0.5270524368,2.4063938014422734e-08,0.3839231808,1.2744540708798982e-07,21.8521180479,1.850131472729566e-07,,
2026,1,CA-0001-en2026.XLS,3,117,ACCIONES DEL CAPITAL SOCIAL,0,,0.025258104,1.5125582174044682e-08,0.49505883840000003,3.774169559873898e-08,0.30983274239999997,6.213762525712524e-08,0,,0,,0,,0,,0,,0,,0,,0,,0,,0.0791420592,1.1653937278743142e-08,0.5270524368,2.4063938014422734e-08,0.3839231808,1.2744540708798982e-07,1.8202673615999998,1.5411476027616508e-08,,
2026,1,CA-0001-en2026.XLS,3,118,VALOR REP.DERECHO SOBRE ACC. EMP.NAC.,0,,0,,0.2020018556,1.539997259532944e-08,0.18516836760000002,3.713591580501214e-08,0,,0.6901730068,8.871137595985406e-08,8.0969077145,2.991192141942771e-07,4.2925394328,1.2633872607805356e-06,0,,0.38717022329999995,8.037063389024186e-08,3.9558696734,3.03439240410753e-07,2.2220204123,6.244098538563367e-07,0,,0,,0,,0,,20.0318506863,1.6960167124534009e-07,,
2026,1,CA-0001-en2026.XLS,3,119,Gas Natural de Lima y Callao S.A.,0,,0,,87.3292044072,6.657698022863127e-06,0,,0,,0,,0,,0,,0,,0,,0,,0,,0,,0,,0,,0,,87.3292044072,7.393814604517077e-07,,
2026,1,CA-0001-en2026.XLS,3,120,BONOS DE EMPRESAS PRIVADAS,0,,0,,87.3292044072,6.657698022863127e-06,0,,0,,0,,0,,0,,0,,0,,0,,0,,0,,0,,0,,0,,87.3292044072,7.393814604517077e-07,,
2026,1,CA-0001-en2026.XLS,3,121,Hermes Transportes Blindados S.A.,0,,0,,0,,0,,0,,7004.9318068147,0.0009003787933820982,0,,0,,0,,0,,0,,0,,0,,0,,0,,0,,7004.9318068147,5.930795711291577e-05,,
2026,1,CA-0001-en2026.XLS,3,122,BONOS DE EMPRESAS PRIVADAS,0,,0,,0,,0,,0,,7004.9318068147,0.0009003787933820982,0,,0,,0,,0,,0,,0,,0,,0,,0,,0,,7004.9318068147,5.930795711291577e-05,,
2026,1,CA-0001-en2026.XLS,3,123,HOCHSCHILD MINING PLC,0,,592.902261952,0.00035505404064897116,27174.5829881926,0.0020717029161175272,18096.3131962412,0.0036292546720962894,0,,29018.2281744234,0.003729857476179266,225429.21013432,0.008327896348757918,66508.0310999104,0.01957475302129331,0,,56628.0950390355,0.01175512893396661,407316.239847765,0.03124363051125027,192279.29573941103,0.05403239605165035,0,,3016.0001904032,0.000444116281619777,67262.7956793752,0.0030710563748317845,44896.9932948176,0.014903803348268095,1138218.6876458472,0.009636842580872376,,
2026,1,CA-0001-en2026.XLS,3,124,ACCIONES DEL EXTRANJERO - LIMITE LOCAL,0,,592.902261952,0.00035505404064897116,27174.5829881926,0.0020717029161175272,18096.3131962412,0.0036292546720962894,0,,29018.2281744234,0.003729857476179266,225429.21013432,0.008327896348757918,66508.0310999104,0.01957475302129331,0,,56628.0950390355,0.01175512893396661,407316.239847765,0.03124363051125027,192279.29573941103,0.05403239605165035,0,,3016.0001904032,0.000444116281619777,67262.7956793752,0.0030710563748317845,44896.9932948176,0.014903803348268095,1138218.6876458472,0.009636842580872376,,
2026,1,CA-0001-en2026.XLS,3,125,HudBay Minerals Inc.,0,,1238.50359296,0.0007416664318179254,50557.488803839995,0.003854340544324242,34208.10886656,0.006860510070820871,0,,1654.34220032,0.00021264084722653879,147616.24551936,0.0054532985824931185,50354.275000320005,0.014820352976873436,0,,26742.15495168,0.00555126354175283,339363.8617088,0.026031270219089842,171089.35392768,0.0480778114777887,0,,0,,0,,0,,822824.3345715201,0.006966524684616684,,
2026,1,CA-0001-en2026.XLS,3,126,ACCIONES DEL EXTRANJERO - LIMITE LOCAL,0,,1238.50359296,0.0007416664318179254,50557.488803839995,0.003854340544324242,34208.10886656,0.006860510070820871,0,,1654.34220032,0.00021264084722653879,147616.24551936,0.0054532985824931185,50354.275000320005,0.014820352976873436,0,,26742.15495168,0.00555126354175283,339363.8617088,0.026031270219089842,171089.35392768,0.0480778114777887,0,,0,,0,,0,,822824.3345715201,0.006966524684616684,,
2026,1,CA-0001-en2026.XLS,3,127,"Hunt Oil Company of Peru L.L.C.,",0,,8975.400787507298,0.005374835821264613,0,,0,,0,,59798.5140186896,0.007686201005670186,41240.354495648,0.0015235177261240913,0,,0,,58861.2332346976,0.012218694367331057,49578.4043500408,0.003802964859513046,0,,0,,120228.60532086401,0.0177040708781572,193659.23099178402,0.008842011544053379,0,,532341.7431992312,0.004507124715241357,,
2026,1,CA-0001-en2026.XLS,3,128,BONOS DE EMPRESAS PRIVADAS,0,,8975.400787507298,0.005374835821264613,0,,0,,0,,59798.5140186896,0.007686201005670186,41240.354495648,0.0015235177261240913,0,,0,,58861.2332346976,0.012218694367331057,49578.4043500408,0.003802964859513046,0,,0,,120228.60532086401,0.0177040708781572,193659.23099178402,0.008842011544053379,0,,532341.7431992312,0.004507124715241357,,
2026,1,CA-0001-en2026.XLS,3,129,Inca Rail S.A.C.,0,,0,,0,,0,,0,,30938.029249823998,0.003976619075502937,0,,0,,0,,0,,18047.183729064,0.001384328649430395,0,,0,,20625.352833216,0.003037153325298445,0,,0,,69610.565812104,0.0005893648311856113,,
2026,1,CA-0001-en2026.XLS,3,130,BONOS DE EMPRESAS PRIVADAS,0,,0,,0,,0,,0,,30938.029249823998,0.003976619075502937,0,,0,,0,,0,,18047.183729064,0.001384328649430395,0,,0,,20625.352833216,0.003037153325298445,0,,0,,69610.565812104,0.0005893648311856113,,
2026,1,CA-0001-en2026.XLS,3,131,InRetail Peru Corp.,0,,5668.7305429798,0.0033946669017736997,304571.631281721,0.023219562816002598,157089.28392484097,0.03150459496572535,0,,18109.006553523803,0.0023276408564246254,449918.105155144,0.01662105519923112,82732.80829786921,0.024350056112110306,0,,0,,104294.364162155,0.008000011439529232,69226.256411447,0.019453267130048732,0,,18916.9689406882,0.0027855879890816937,454407.32785045303,0.02074713824886877,72732.0511274095,0.02414380357279326,1737666.5342482314,0.014712127845339531,,
2026,1,CA-0001-en2026.XLS,3,132,ACCIONES DEL CAPITAL SOCIAL,0,,5668.7305429798,0.0033946669017736997,304571.631281721,0.023219562816002598,157089.28392484097,0.03150459496572535,0,,18109.006553523803,0.0023276408564246254,449918.105155144,0.01662105519923112,82732.80829786921,0.024350056112110306,0,,0,,104294.364162155,0.008000011439529232,69226.256411447,0.019453267130048732,0,,18916.9689406882,0.0027855879890816937,454407.32785045303,0.02074713824886877,72732.0511274095,0.02414380357279326,1737666.5342482314,0.014712127845339531,,
2026,1,CA-0001-en2026.XLS,3,133,Inverfal Perú S.A.,0,,0,,36597.33995906,0.0027900636395514333,0,,0,,0,,0,,0,,0,,0,,0,,0,,0,,0,,0,,0,,36597.33995906,0.00030985504621574753,,
2026,1,CA-0001-en2026.XLS,3,134,BONOS DE EMPRESAS PRIVADAS,0,,0,,36597.33995906,0.0027900636395514333,0,,0,,0,,0,,0,,0,,0,,0,,0,,0,,0,,0,,0,,36597.33995906,0.00030985504621574753,,
2026,1,CA-0001-en2026.XLS,3,135,Inversiones Nacionales de Turismo S.A.,0,,0,,0,,0,,0,,59199.9799978329,0.0076092684452457125,59199.9799978329,0.0021869894188811558,0,,0,,20472.6155612102,0.004249802776725297,0,,0,,0,,17060.5129676752,0.0025122185356085706,51181.5389030256,0.0023368251309547378,0,,207114.6274275768,0.001753556748258747,,
2026,1,CA-0001-en2026.XLS,3,136,BONOS DE EMPRESAS PRIVADAS,0,,0,,0,,0,,0,,59199.9799978329,0.0076092684452457125,59199.9799978329,0.0021869894188811558,0,,0,,20472.6155612102,0.004249802776725297,0,,0,,0,,17060.5129676752,0.0025122185356085706,51181.5389030256,0.0023368251309547378,0,,207114.6274275768,0.001753556748258747,,
2026,1,CA-0001-en2026.XLS,3,137,Inversiones Portuarias Chancay S.A.A,0,,1266.1206061296,0.0007582046249498586,17856.3207349908,0.0013613085342977969,23023.2448059396,0.004617361441120983,0,,4778.072439925,0.0006141494616645211,36590.4570697702,0.0013517393493467727,17336.981361334398,0.005102648848122998,0,,5391.518306676,0.0011191969781277173,20776.5034699092,0.0015936840573117501,22218.4801408104,0.006243614082407564,0,,4470.9903932868,0.0006583685355665789,26152.7822258448,0.0011940727078475501,11894.8637806296,0.003948565318769428,191756.33533524637,0.0016235242291907622,,
2026,1,CA-0001-en2026.XLS,3,138,ACCIONES DEL CAPITAL SOCIAL,0,,1266.1206061296,0.0007582046249498586,17856.3207349908,0.0013613085342977969,23023.2448059396,0.004617361441120983,0,,4778.072439925,0.0006141494616645211,36590.4570697702,0.0013517393493467727,17336.981361334398,0.005102648848122998,0,,5391.518306676,0.0011191969781277173,20776.5034699092,0.0015936840573117501,22218.4801408104,0.006243614082407564,0,,4470.9903932868,0.0006583685355665789,26152.7822258448,0.0011940727078475501,11894.8637806296,0.003948565318769428,191756.33533524637,0.0016235242291907622,,
2026,1,CA-0001-en2026.XLS,3,139,KALLPA GENERACION S.A,0,,6885.436435584001,0.0041232799821628386,64403.530502572,0.004909918286820294,0,,0,,0,,0,,0,,0,,0,,0,,0,,0,,0,,53086.7149183526,0.0024238108544583576,0,,124375.68185650859,0.001053039174237117,,
2026,1,CA-0001-en2026.XLS,3,140,BONOS DE EMPRESAS PRIVADAS,0,,6885.436435584001,0.0041232799821628386,64403.530502572,0.004909918286820294,0,,0,,0,,0,,0,,0,,0,,0,,0,,0,,0,,53086.7149183526,0.0024238108544583576,0,,124375.68185650859,0.001053039174237117,,
2026,1,CA-0001-en2026.XLS,3,141,Línea Amarilla S.A.C.,0,,0,,0,,0,,0,,21578.658361283102,0.0027736124938768517,246617.88973941698,0.009110657054050493,0,,0,,33236.0410239906,0.006899295256573539,123062.424657789,0.009439635717111542,7658.4062061438,0.0021520883757322955,0,,2225.6588944062,0.0003277358388381011,145593.44176229,0.006647443998449251,40979.333906880296,0.013603314811766175,620951.8545522,0.005257351102710253,,
2026,1,CA-0001-en2026.XLS,3,142,BONO PARA NUEVOS PROYECTOS,0,,0,,0,,0,,0,,21578.658361283102,0.0027736124938768517,246617.88973941698,0.009110657054050493,0,,0,,33236.0410239906,0.006899295256573539,123062.424657789,0.009439635717111542,7658.4062061438,0.0021520883757322955,0,,2225.6588944062,0.0003277358388381011,145593.44176229,0.006647443998449251,40979.333906880296,0.013603314811766175,620951.8545522,0.005257351102710253,,
2026,1,CA-0001-en2026.XLS,3,143,LUZ DEL SUR S.A.,0,,20870.6506137634,0.012498196257496381,1062.0830078161998,8.096979686524496e-05,0,,4718.300900085001,0.001655080854554921,119006.58525,0.01529650945747647,73010.175,0.002697171184880578,0,,0,,127246.305,0.0264143923721033,237804.57,0.018241055455445816,0,,47185.982095305,0.022911499721812938,38069.59125,0.005605876737850772,98042.235,0.004476371042243642,0,,767016.4781169696,0.006494021875388725,,
2026,1,CA-0001-en2026.XLS,3,144,BONOS DE EMPRESAS PRIVADAS,0,,20870.6506137634,0.012498196257496381,1062.0830078161998,8.096979686524496e-05,0,,0,,119006.58525,0.01529650945747647,73010.175,0.002697171184880578,0,,0,,127246.305,0.0264143923721033,237804.57,0.018241055455445816,0,,0,,38069.59125,0.005605876737850772,98042.235,0.004476371042243642,0,,715112.1951215797,0.006054569062033355,,
2026,1,CA-0001-en2026.XLS,3,145,Papeles Comerciales / Instrumentos de CP,0,,0,,0,,0,,4718.300900085001,0.001655080854554921,0,,0,,0,,0,,0,,0,,0,,47185.982095305,0.022911499721812938,0,,0,,0,,51904.28299539001,0.00043945281335536977,,
2026,1,CA-0001-en2026.XLS,3,146,Marcobre S.A.C.,0,,0,,0,,0,,0,,20190.879337823997,0.0025952343401584245,0,,0,,0,,0,,0,,0,,0,,74033.22423868801,0.010901643962036262,16825.73278152,0.0007682222155352302,0,,111049.83635803201,0.0009402145679292974,,
2026,1,CA-0001-en2026.XLS,3,147,BONOS DE EMPRESAS PRIVADAS,0,,0,,0,,0,,0,,20190.879337823997,0.0025952343401584245,0,,0,,0,,0,,0,,0,,0,,74033.22423868801,0.010901643962036262,16825.73278152,0.0007682222155352302,0,,111049.83635803201,0.0009402145679292974,,
2026,1,CA-0001-en2026.XLS,3,148,MINSUR,0,,16255.63834,0.009734538803990247,352367.90599,0.026863397267325007,319422.58357,0.06406088860328092,0,,78969.75181,0.010150375736591725,958961.04734,0.03542632385565913,205975.54838999998,0.06062306192921008,0,,26327.67359,0.00546522353203829,256043.14146,0.01964006470673973,179050.14472,0.05031487293217389,0,,93361.89140000001,0.013747855913767135,944455.2505900001,0.04312153975718769,214812.10111000002,0.07130805599272212,3646002.67831,0.030869247045120524,,
2026,1,CA-0001-en2026.XLS,3,149,ACCIONES DEL TRABAJO,0,,16255.63834,0.009734538803990247,341879.68455,0.02606380895527711,319422.58357,0.06406088860328092,0,,78969.75181,0.010150375736591725,958961.04734,0.03542632385565913,205975.54838999998,0.06062306192921008,0,,26327.67359,0.00546522353203829,256043.14146,0.01964006470673973,179050.14472,0.05031487293217389,0,,93361.89140000001,0.013747855913767135,926428.61999,0.04229848745521739,214812.10111000002,0.07130805599272212,3617487.82627,0.030627823192824886,,
2026,1,CA-0001-en2026.XLS,3,150,BONOS DE EMPRESAS PRIVADAS,0,,0,,10488.22144,0.0007995883120478952,0,,0,,0,,0,,0,,0,,0,,0,,0,,0,,0,,18026.6306,0.0008230523019703001,0,,28514.852039999998,0.00024142385229563944,,
2026,1,CA-0001-en2026.XLS,3,151,MMG Limited,0,,0,,0,,0,,0,,0,,0,,0,,0,,0,,0,,2098.0814606472,0.0005895817747530813,0,,0,,0,,0,,2098.0814606472,1.7763616937200456e-05,,
2026,1,CA-0001-en2026.XLS,3,152,ACCIONES DEL EXTRANJERO - LIMITE LOCAL,0,,0,,0,,0,,0,,0,,0,,0,,0,,0,,0,,2098.0814606472,0.0005895817747530813,0,,0,,0,,0,,2098.0814606472,1.7763616937200456e-05,,
2026,1,CA-0001-en2026.XLS,3,153,Nexa Resources Perú S.A.A.,0,,28.720176408,1.719881224308299e-05,15196.563341883,0.0011585371743891356,7710.154520260499,0.0015462881312781397,0,,29460.290179227602,0.003786677908620659,316932.926274357,0.011708263352157097,32637.886615903797,0.009606036430150042,0,,6561.8293678014,0.001362135706808121,7791.327829662299,0.0005976421858184993,0,,0,,38.6590392573,5.692674960889102e-06,1100.9465641482,5.0266554192798995e-05,35.415082395,1.1756230982147238e-05,417494.71899130417,0.003534760875861311,,
2026,1,CA-0001-en2026.XLS,3,154,ACCIONES DEL CAPITAL SOCIAL,0,,28.720176408,1.719881224308299e-05,15196.563341883,0.0011585371743891356,7710.154520260499,0.0015462881312781397,0,,29460.290179227602,0.003786677908620659,316932.926274357,0.011708263352157097,32637.886615903797,0.009606036430150042,0,,6561.8293678014,0.001362135706808121,7791.327829662299,0.0005976421858184993,0,,0,,38.6590392573,5.692674960889102e-06,1100.9465641482,5.0266554192798995e-05,35.415082395,1.1756230982147238e-05,417494.71899130417,0.003534760875861311,,
2026,1,CA-0001-en2026.XLS,3,155,Nexa Resources S.A. Peru,0,,1944.2985744,0.0011643252343075763,121571.70652952,0.009268236390012851,101149.77622152,0.020285805951330237,0,,32225.635561439998,0.004142121531369265,154595.81742695998,0.005711140728906008,40739.3832352,0.011990482230196883,0,,0,,0,,0,,0,,6660.305614559999,0.000980752644977211,221763.77342704003,0.010125196896903482,41825.22599736,0.013884113334009759,722475.9225880001,0.0061169147985535586,,
2026,1,CA-0001-en2026.XLS,3,156,ACCIONES DEL EXTRANJERO - LIMITE LOCAL,0,,1944.2985744,0.0011643252343075763,121571.70652952,0.009268236390012851,101149.77622152,0.020285805951330237,0,,6620.213481440001,0.0008509290298232483,154595.81742695998,0.005711140728906008,40739.3832352,0.011990482230196883,0,,0,,0,,0,,0,,6660.305614559999,0.000980752644977211,221763.77342704003,0.010125196896903482,41825.22599736,0.013884113334009759,696870.500508,0.005900123926570853,,
2026,1,CA-0001-en2026.XLS,3,157,BONOS DE EMPRESA PRIVADA EXTRANJERA,0,,0,,0,,0,,0,,25605.422079999997,0.0032911925015460166,0,,0,,0,,0,,0,,0,,0,,0,,0,,0,,25605.422079999997,0.00021679087198270532,,
2026,1,CA-0001-en2026.XLS,3,158,Norvial S.A.,0,,99.4706328,5.956706925906332e-05,1492.059492,0.00011374982283777183,99.4706328,1.994905011374134e-05,0,,0,,0,,0,,0,,0,,0,,0,,0,,0,,0,,0,,1691.0007576,1.431702737092781e-05,,
2026,1,CA-0001-en2026.XLS,3,159,BONOS DE EMPRESAS PRIVADAS,0,,99.4706328,5.956706925906332e-05,1492.059492,0.00011374982283777183,99.4706328,1.994905011374134e-05,0,,0,,0,,0,,0,,0,,0,,0,,0,,0,,0,,0,,1691.0007576,1.431702737092781e-05,,
2026,1,CA-0001-en2026.XLS,3,160,Orazul Energía Perú S.A.C.,0,,10452.774439007999,0.006259547380277209,3484.2581463359998,0.00026562864885201456,0,,0,,72639.8138348129,0.00933675726414094,67138.17022174831,0.002480245227842651,0,,0,,50103.6321443116,0.010400749937118993,42229.2087335923,0.003239236900910079,0,,0,,57316.0465072272,0.008439982707206974,42142.1022799339,0.0019241063436096276,0,,345506.00630697026,0.0029252612258657273,,
2026,1,CA-0001-en2026.XLS,4,1,INVERSIÓN EN ACCIONES LOCALES,,,,,,,,,,,,,,,,,,,,,,,,,,,,,,,,,,,,
2026,1,CA-0001-en2026.XLS,4,2,(En miles de Soles),,,,,,,,,,,,,,,,,,,,,,,,,,,,,,,,,,,,
2026,1,CA-0001-en2026.XLS,4,3,Al 30-01-2026,,,,,,,,,,,,,,,,,,,,,,,,,,,,,,,,,,,,
2026,1,CA-0001-en2026.XLS,4,4,,Moneda,Tipo Oferta,HA01,,HA02,,HA03,,IN01,,IN02,,IN03,,PR01,,PR02,,PR03,,RI01,,RI02,,RI03,,TOTAL,,,,,,,,,
2026,1,CA-0001-en2026.XLS,4,5,,,,Monto,%,Monto,%,Monto,%,Monto,%,Monto,%,Monto,%,Monto,%,Monto,%,Monto,%,Monto,%,Monto,%,Monto,%,Monto,%,,,,,,,,
2026,1,CA-0001-en2026.XLS,4,6,Almacenes Comerciales,,,5668.7305429798,0.0033946669017736997,304571.631281721,0.023219562816002598,157089.28392484097,0.03150459496572535,18109.006553523803,0.0023276408564246254,449918.105155144,0.01662105519923112,82732.80829786921,0.024350056112110306,0,,104294.364162155,0.008000011439529232,69226.256411447,0.019453267130048732,18916.9689406882,0.0027855879890816937,454407.32785045303,0.02074713824886877,72732.0511274095,0.02414380357279326,1737666.5342482314,0.01471212784533953,,,,,,,,
2026,1,CA-0001-en2026.XLS,4,7,InRetail Peru Corp.,,,5668.7305429798,0.0033946669017736997,304571.631281721,0.023219562816002598,157089.28392484097,0.03150459496572535,18109.006553523803,0.0023276408564246254,449918.105155144,0.01662105519923112,82732.80829786921,0.024350056112110306,0,,104294.364162155,0.008000011439529232,69226.256411447,0.019453267130048732,18916.9689406882,0.0027855879890816937,454407.32785045303,0.02074713824886877,72732.0511274095,0.02414380357279326,1737666.5342482314,0.01471212784533953,,,,,,,,
2026,1,CA-0001-en2026.XLS,4,8,PAL1801171A1,USD,PUBLICA,5668.7305429798,0.0033946669017736997,304571.631281721,0.023219562816002598,157089.28392484097,0.03150459496572535,18109.006553523803,0.0023276408564246254,449918.105155144,0.01662105519923112,82732.80829786921,0.024350056112110306,0,,104294.364162155,0.008000011439529232,69226.256411447,0.019453267130048732,18916.9689406882,0.0027855879890816937,454407.32785045303,0.02074713824886877,72732.0511274095,0.02414380357279326,1737666.5342482314,0.01471212784533953,,,,,,,,
2026,1,CA-0001-en2026.XLS,4,9,Bancos,,,0,,23847.0007190646,0.0018180187328655228,21312.5646875918,0.004274280850911837,7654.5795162305,0.000983881250916117,56033.022486383605,0.002069994403547715,21464.999867745002,0.00631761403945347,3600.5055301138,0.0007474100392176709,0,,564.5019901170999,0.00015863067827796373,7684.4675860477,0.0011315639771517923,39385.090059979295,0.0017982278417117807,31072.9988252796,0.010314852508985015,212619.73126855298,0.0018001662615997809,,,,,,,,
2026,1,CA-0001-en2026.XLS,4,10,BANCO CONTINENTAL,,,0,,23847.0007190646,0.0018180187328655228,21312.5646875918,0.004274280850911837,7654.5795162305,0.000983881250916117,56033.022486383605,0.002069994403547715,21464.999867745002,0.00631761403945347,3600.5055301138,0.0007474100392176709,0,,564.5019901170999,0.00015863067827796373,7684.4675860477,0.0011315639771517923,39385.090059979295,0.0017982278417117807,31072.9988252796,0.010314852508985015,212619.73126855298,0.0018001662615997809,,,,,,,,
2026,1,CA-0001-en2026.XLS,4,11,PEP116001004,PEN,PUBLICA,0,,23847.0007190646,0.0018180187328655228,21312.5646875918,0.004274280850911837,7654.5795162305,0.000983881250916117,56033.022486383605,0.002069994403547715,21464.999867745002,0.00631761403945347,3600.5055301138,0.0007474100392176709,0,,564.5019901170999,0.00015863067827796373,7684.4675860477,0.0011315639771517923,39385.090059979295,0.0017982278417117807,31072.9988252796,0.010314852508985015,212619.73126855298,0.0018001662615997809,,,,,,,,
2026,1,CA-0001-en2026.XLS,4,12,Industria,,,25311.2064132388,0.015157382063501293,314715.0555315532,0.0239928648978386,293609.8042733846,0.05888407999889126,112085.8208435458,0.01440694911950103,732716.1570749849,0.02706829432416893,172480.93047899398,0.05076487093622168,65836.1138512833,0.013666573214226237,166988.1802334786,0.01280900806928506,77770.06734139309,0.02185416304649162,63848.7561616848,0.009401946413267439,436474.06957552047,0.019928349101161313,118852.73907606422,0.03945381907783891,2580688.9008551245,0.021849661192246673,,,,,,,,
2026,1,CA-0001-en2026.XLS,4,13,Alimentos,,,0,,0,,0,,430.4228227698,5.5324390372019053e-05,81012.8250270357,0.0029928082937575864,8226.931243227,0.0024213639247177626,0,,0,,0,,0,,0,,0,,89670.17909303251,0.0007592015572204881,,,,,,,,
2026,1,CA-0001-en2026.XLS,4,14,ALICORP S.A.,,,0,,0,,0,,430.4228227698,5.5324390372019053e-05,81012.8250270357,0.0029928082937575864,8226.931243227,0.0024213639247177626,0,,0,,0,,0,,0,,0,,89670.17909303251,0.0007592015572204881,,,,,,,,
2026,1,CA-0001-en2026.XLS,4,15,PEP214001005,PEN,PUBLICA,0,,0,,0,,430.4228227698,5.5324390372019053e-05,81012.8250270357,0.0029928082937575864,8226.931243227,0.0024213639247177626,0,,0,,0,,0,,0,,0,,89670.17909303251,0.0007592015572204881,,,,,,,,
2026,1,CA-0001-en2026.XLS,4,16,Cemento,,,12793.932915134801,0.0076615284994109795,154359.9503908592,0.011767906778751606,130215.0604722746,0.026114911444750206,44567.2188877692,0.005728446739128543,280546.42754023464,0.01036405871349723,65544.0455763342,0.019291031217654894,24299.54372106,0.005044214700860335,32778.3934838052,0.0025143019466720693,18556.3312409808,0.005214513788510708,19651.6363796256,0.0028937702671353246,167392.2589230836,0.007642725204490098,38731.1593128834,0.012857020915836851,989435.9588440452,0.008377158697820799,,,,,,,,
2026,1,CA-0001-en2026.XLS,4,17,CEMENTOS PACASMAYO S.A.A.,,,9922.408582702801,0.005941942688260269,82787.63556226561,0.006311463402670896,96260.4482103186,0.01930524066515086,35995.52011695,0.0046266835800644075,172000.4384488716,0.006354109223421556,54526.489896723004,0.016048326122344577,24299.54372106,0.005044214700860335,32778.3934838052,0.0025143019466720693,18556.3312409808,0.005214513788510708,19651.6363796256,0.0028937702671353246,131557.8566855668,0.0060066131708126635,38731.1593128834,0.012857020915836851,717067.8616417535,0.006071126908605509,,,,,,,,
2026,1,CA-0001-en2026.XLS,4,18,PEP239501005,PEN,PUBLICA,9638.0173409364,0.005771637621145322,79246.67624138879,0.006041512038408879,92777.79770738099,0.018606787589543716,29006.4761498844,0.0037283469299004388,96178.9771132812,0.0035530823705220626,32420.632095027,0.009542093722501185,24299.54372106,0.005044214700860335,32778.3934838052,0.0025143019466720693,18556.3312409808,0.005214513788510708,9898.971649142399,0.001457657229155873,113465.533011154,0.005180561482139506,24346.482530733,0.00808194850549097,562613.8322847743,0.004763426391077391,,,,,,,,
2026,1,CA-0001-en2026.XLS,4,19,US15126Q2084,USD,PUBLICA,284.3912417664,0.0001703050671149462,3540.9593208768,0.0002699513642620175,3482.6505029376,0.0006984530756071421,6989.0439670656,0.000898336650163969,75821.4613355904,0.0028010268528994935,22105.857801696,0.006506232399843393,0,,0,,0,,9752.6647304832,0.0014361130379794513,18092.3236744128,0.0008260516886731575,14384.6767821504,0.00477507241034588,154454.0293569792,0.0013077005175281178,,,,,,,,
2026,1,CA-0001-en2026.XLS,4,20,UNACEM CORP S.A.A.,,,2871.524332432,0.0017195858111507109,71572.3148285936,0.005456443376080711,33954.612261956,0.006809670779599347,8571.698770819201,0.0011017631590641353,108545.989091363,0.004009949490075675,11017.5556796112,0.003242705095310319,0,,0,,0,,0,,35834.4022375168,0.0016361120336774344,0,,272368.0972022917,0.00230603178921529,,,,,,,,
2026,1,CA-0001-en2026.XLS,4,21,PEP761001002,PEN,PUBLICA,2871.524332432,0.0017195858111507109,71572.3148285936,0.005456443376080711,33954.612261956,0.006809670779599347,8571.698770819201,0.0011017631590641353,108545.989091363,0.004009949490075675,11017.5556796112,0.003242705095310319,0,,0,,0,,0,,35834.4022375168,0.0016361120336774344,0,,272368.0972022917,0.00230603178921529,,,,,,,,
2026,1,CA-0001-en2026.XLS,4,22,Maquinaria,,,12517.24824,0.007495838438508139,160354.40808000002,0.0122249049774188,163394.2488,0.032769069280599986,67087.48896,0.008623089278624506,371148.8076,0.013711128197699918,98705.66112,0.029051212406588242,41536.18296,0.008622278142732013,134205.83088,0.01029440268337258,59211.51408,0.016639024848127053,44197.04064,0.0065081644921948355,269081.2836,0.0122855998327332,80121.19584,0.02659667071659497,1501560.9108,0.012713115924058115,,,,,,,,
2026,1,CA-0001-en2026.XLS,4,23,Ferreycorp S.A.A.,,,12517.24824,0.007495838438508139,160354.40808000002,0.0122249049774188,163394.2488,0.032769069280599986,67087.48896,0.008623089278624506,371148.8076,0.013711128197699918,98705.66112,0.029051212406588242,41536.18296,0.008622278142732013,134205.83088,0.01029440268337258,59211.51408,0.016639024848127053,44197.04064,0.0065081644921948355,269081.2836,0.0122855998327332,80121.19584,0.02659667071659497,1501560.9108,0.012713115924058115,,,,,,,,
2026,1,CA-0001-en2026.XLS,4,24,PEP736001004,PEN,PUBLICA,12517.24824,0.007495838438508139,160354.40808000002,0.0122249049774188,163394.2488,0.032769069280599986,67087.48896,0.008623089278624506,371148.8076,0.013711128197699918,98705.66112,0.029051212406588242,41536.18296,0.008622278142732013,134205.83088,0.01029440268337258,59211.51408,0.016639024848127053,44197.04064,0.0065081644921948355,269081.2836,0.0122855998327332,80121.19584,0.02659667071659497,1501560.9108,0.012713115924058115,,,,,,,,
2026,1,CA-0001-en2026.XLS,4,25,Otros ,,,0.025258104,1.5125582174044682e-08,0.697060694,5.314166819406842e-08,0.49500110999999997,9.927354106213738e-08,0.6901730068,8.871137595985406e-08,8.0969077145,2.991192141942771e-07,4.2925394328,1.2633872607805356e-06,0.38717022329999995,8.037063389024186e-08,3.9558696734,3.03439240410753e-07,2.2220204123,6.244098538563367e-07,0.0791420592,1.1653937278743142e-08,0.5270524368,2.4063938014422734e-08,0.3839231808,1.2744540708798982e-07,21.8521180479,1.8501314727295657e-07,,,,,,,,
2026,1,CA-0001-en2026.XLS,4,26,Fossal S.A.A.,,,0.025258104,1.5125582174044682e-08,0.697060694,5.314166819406842e-08,0.49500110999999997,9.927354106213738e-08,0.6901730068,8.871137595985406e-08,8.0969077145,2.991192141942771e-07,4.2925394328,1.2633872607805356e-06,0.38717022329999995,8.037063389024186e-08,3.9558696734,3.03439240410753e-07,2.2220204123,6.244098538563367e-07,0.0791420592,1.1653937278743142e-08,0.5270524368,2.4063938014422734e-08,0.3839231808,1.2744540708798982e-07,21.8521180479,1.8501314727295657e-07,,,,,,,,
2026,1,CA-0001-en2026.XLS,4,27,PEP736211009,PEN,PUBLICA,0.025258104,1.5125582174044682e-08,0.49505883840000003,3.774169559873898e-08,0.30983274239999997,6.213762525712524e-08,0,,0,,0,,0,,0,,0,,0.0791420592,1.1653937278743142e-08,0.5270524368,2.4063938014422734e-08,0.3839231808,1.2744540708798982e-07,1.8202673616,1.5411476027616508e-08,,,,,,,,
2026,1,CA-0001-en2026.XLS,4,28,US34988L7029,USD,PUBLICA,0,,0.2020018556,1.539997259532944e-08,0.18516836760000002,3.713591580501214e-08,0.6901730068,8.871137595985406e-08,8.0969077145,2.991192141942771e-07,4.2925394328,1.2633872607805356e-06,0.38717022329999995,8.037063389024186e-08,3.9558696734,3.03439240410753e-07,2.2220204123,6.244098538563367e-07,0,,0,,0,,20.0318506863,1.6960167124534006e-07,,,,,,,,
2026,1,CA-0001-en2026.XLS,4,29,Inmobiliaria y Construccion,,,875.3830912666999,0.0005242150749210521,18507.6814210404,0.0014109661806844809,51987.207144819804,0.010426146606412884,3545.8039347387,0.00045575984982803967,24992.3705800463,0.0009232781837649063,37889.073623852,0.011151574420814582,2777.7720013921,0.0005766231055983403,22443.9309172547,0.0017215858740638917,45047.6709152508,0.012658843931881238,5914.2179061834995,0.0008708886934228531,43477.0830246206,0.0019850583317754258,30369.8749210551,0.010081446669773996,287828.0694815207,0.0024369251937751135,,,,,,,,
2026,1,CA-0001-en2026.XLS,4,30,AENZA S.A.A. (antes GRANA & MONTERO S.A.A.),,,875.3830912666999,0.0005242150749210521,18507.6814210404,0.0014109661806844809,51987.207144819804,0.010426146606412884,3545.8039347387,0.00045575984982803967,24992.3705800463,0.0009232781837649063,37889.073623852,0.011151574420814582,2777.7720013921,0.0005766231055983403,22443.9309172547,0.0017215858740638917,45047.6709152508,0.012658843931881238,5914.2179061834995,0.0008708886934228531,43477.0830246206,0.0019850583317754258,30369.8749210551,0.010081446669773996,287828.0694815207,0.0024369251937751135,,,,,,,,
2026,1,CA-0001-en2026.XLS,4,31,PEP736581005,PEN,PUBLICA,875.3830912666999,0.0005242150749210521,18507.6814210404,0.0014109661806844809,51987.207144819804,0.010426146606412884,3545.8039347387,0.00045575984982803967,24992.3705800463,0.0009232781837649063,37889.073623852,0.011151574420814582,2777.7720013921,0.0005766231055983403,22443.9309172547,0.0017215858740638917,45047.6709152508,0.012658843931881238,5914.2179061834995,0.0008708886934228531,43477.0830246206,0.0019850583317754258,30369.8749210551,0.010081446669773996,287828.0694815207,0.0024369251937751135,,,,,,,,
2026,1,CA-0001-en2026.XLS,4,32,Minería,,,41270.863895030496,0.02471467546566827,1285177.8947205036,0.09797783441163072,911259.470687979,0.1827550537848383,191229.1760386236,0.024579638964308818,2907686.599260308,0.10741692524621813,630479.6738204065,0.18556381381130146,124672.3225342769,0.025880072866255772,1123327.2593793473,0.08616602630030466,604732.6289818182,0.16993588825488912,153116.9075567805,0.02254698519370635,2252320.9642542414,0.10283552126515641,542617.3653932926,0.1801248126811745,10767891.126522608,0.09116742928276195,,,,,,,,
2026,1,CA-0001-en2026.XLS,4,33,CIA MINERA BUENAVENTURA,,,5650.30391424,0.0033836322854305864,545311.44462576,0.04157279287466214,288750.51516383997,0.05790953907927761,31760.34353232,0.004082315228138474,936885.6882258,0.03461080708010406,181032.76964112,0.05328186229362582,8412.569585759999,0.0017463211516899227,112812.68853312,0.008653418677406318,60215.75313408,0.01692122601852308,48294.59036256,0.007111542619399865,1019370.9968515199,0.046542011324090866,205921.31527872,0.06835671083758317,3444418.9788488396,0.029162518452748726,,,,,,,,
2026,1,CA-0001-en2026.XLS,4,34,PEP612001003,PEN,PUBLICA,0,,0,,0,,0,,115.423653,4.264026910293732e-06,0,,0,,0,,0,,0,,0,,0,,115.423653,9.772459248326206e-07,,,,,,,,
2026,1,CA-0001-en2026.XLS,4,35,US2044481040,USD,PUBLICA,5650.30391424,0.0033836322854305864,545311.44462576,0.04157279287466214,288750.51516383997,0.05790953907927761,31760.34353232,0.004082315228138474,936770.2645728,0.03460654305319377,181032.76964112,0.05328186229362582,8412.569585759999,0.0017463211516899227,112812.68853312,0.008653418677406318,60215.75313408,0.01692122601852308,48294.59036256,0.007111542619399865,1019370.9968515199,0.046542011324090866,205921.31527872,0.06835671083758317,3444303.55519584,0.029161541206823894,,,,,,,,
2026,1,CA-0001-en2026.XLS,4,36,SOCIEDAD MINERA CERRO VERDE,,,10019.720815070501,0.006000217219365904,132959.51486130798,0.01013640631701425,79534.7263595573,0.015950861045789112,10005.0453508926,0.001285998337914747,102652.77542951099,0.0037922400259483564,23486.4603979522,0.006912573625035787,0,,0,,0,,0,,2890.685262158,0.0001319816893175124,0,,361548.9284764496,0.00306109023408929,,,,,,,,
2026,1,CA-0001-en2026.XLS,4,37,PEP646501002,USD,PUBLICA,10019.720815070501,0.006000217219365904,132959.51486130798,0.01013640631701425,79534.7263595573,0.015950861045789112,10005.0453508926,0.001285998337914747,102652.77542951099,0.0037922400259483564,23486.4603979522,0.006912573625035787,0,,0,,0,,0,,2890.685262158,0.0001319816893175124,0,,361548.9284764496,0.00306109023408929,,,,,,,,
2026,1,CA-0001-en2026.XLS,4,38,HOCHSCHILD MINING PLC,,,592.902261952,0.00035505404064897116,27174.5829881926,0.0020717029161175272,18096.3131962412,0.0036292546720962894,29018.2281744234,0.003729857476179266,225429.21013432,0.008327896348757918,66508.0310999104,0.01957475302129331,56628.0950390355,0.01175512893396661,407316.239847765,0.03124363051125027,192279.29573941103,0.05403239605165035,3016.0001904032,0.000444116281619777,67262.7956793752,0.0030710563748317845,44896.9932948176,0.014903803348268095,1138218.6876458467,0.009636842580872374,,,,,,,,
2026,1,CA-0001-en2026.XLS,4,39,GB00B1FW5029,GBP,PUBLICA,592.902261952,0.00035505404064897116,27174.5829881926,0.0020717029161175272,18096.3131962412,0.0036292546720962894,29018.2281744234,0.003729857476179266,225429.21013432,0.008327896348757918,66508.0310999104,0.01957475302129331,56628.0950390355,0.01175512893396661,407316.239847765,0.03124363051125027,192279.29573941103,0.05403239605165035,3016.0001904032,0.000444116281619777,67262.7956793752,0.0030710563748317845,44896.9932948176,0.014903803348268095,1138218.6876458467,0.009636842580872374,,,,,,,,
2026,1,CA-0001-en2026.XLS,4,40,HudBay Minerals Inc.,,,1238.50359296,0.0007416664318179254,50557.488803839995,0.003854340544324242,34208.10886656,0.006860510070820871,1654.34220032,0.00021264084722653879,147616.24551936,0.0054532985824931185,50354.275000320005,0.014820352976873436,26742.15495168,0.00555126354175283,339363.8617088,0.026031270219089842,171089.35392768,0.0480778114777887,0,,0,,0,,822824.3345715199,0.006966524684616684,,,,,,,,
2026,1,CA-0001-en2026.XLS,4,41,CA4436281022,USD,PUBLICA,1238.50359296,0.0007416664318179254,50557.488803839995,0.003854340544324242,34208.10886656,0.006860510070820871,1654.34220032,0.00021264084722653879,147616.24551936,0.0054532985824931185,50354.275000320005,0.014820352976873436,26742.15495168,0.00555126354175283,339363.8617088,0.026031270219089842,171089.35392768,0.0480778114777887,0,,0,,0,,822824.3345715199,0.006966524684616684,,,,,,,,
2026,1,CA-0001-en2026.XLS,4,42,MINSUR,,,16255.63834,0.009734538803990247,341879.68455,0.02606380895527711,319422.58357,0.06406088860328092,78969.75181,0.010150375736591725,958961.04734,0.03542632385565913,205975.54838999998,0.06062306192921008,26327.67359,0.00546522353203829,256043.14146,0.01964006470673973,179050.14472,0.05031487293217389,93361.89140000001,0.013747855913767135,926428.61999,0.04229848745521739,214812.10111000002,0.07130805599272212,3617487.8262700005,0.030627823192824897,,,,,,,,
2026,1,CA-0001-en2026.XLS,4,43,PEP622005002,PEN,PUBLICA,16255.63834,0.009734538803990247,341879.68455,0.02606380895527711,319422.58357,0.06406088860328092,78969.75181,0.010150375736591725,958961.04734,0.03542632385565913,205975.54838999998,0.06062306192921008,26327.67359,0.00546522353203829,256043.14146,0.01964006470673973,179050.14472,0.05031487293217389,93361.89140000001,0.013747855913767135,926428.61999,0.04229848745521739,214812.10111000002,0.07130805599272212,3617487.8262700005,0.030627823192824897,,,,,,,,
2026,1,CA-0001-en2026.XLS,4,44,MMG Limited,,,0,,0,,0,,0,,0,,0,,0,,0,,2098.0814606472,0.0005895817747530813,0,,0,,0,,2098.0814606472,1.7763616937200456e-05,,,,,,,,
2026,1,CA-0001-en2026.XLS,4,45,HK1208013172,HKD,PUBLICA,0,,0,,0,,0,,0,,0,,0,,0,,2098.0814606472,0.0005895817747530813,0,,0,,0,,2098.0814606472,1.7763616937200456e-05,,,,,,,,
2026,1,CA-0001-en2026.XLS,4,46,Nexa Resources Perú S.A.A.,,,28.720176408,1.719881224308299e-05,15196.563341883,0.0011585371743891356,7710.154520260499,0.0015462881312781397,29460.290179227602,0.003786677908620659,316932.926274357,0.011708263352157097,32637.886615903797,0.009606036430150042,6561.8293678014,0.001362135706808121,7791.327829662299,0.0005976421858184993,0,,38.6590392573,5.692674960889102e-06,1100.9465641482,5.0266554192798995e-05,35.415082395,1.1756230982147238e-05,417494.7189913041,0.0035347608758613106,,,,,,,,
2026,1,CA-0001-en2026.XLS,4,47,PEP620001003,PEN,PUBLICA,28.720176408,1.719881224308299e-05,15196.563341883,0.0011585371743891356,7710.154520260499,0.0015462881312781397,29460.290179227602,0.003786677908620659,316932.926274357,0.011708263352157097,32637.886615903797,0.009606036430150042,6561.8293678014,0.001362135706808121,7791.327829662299,0.0005976421858184993,0,,38.6590392573,5.692674960889102e-06,1100.9465641482,5.0266554192798995e-05,35.415082395,1.1756230982147238e-05,417494.7189913041,0.0035347608758613106,,,,,,,,
2026,1,CA-0001-en2026.XLS,4,48,Nexa Resources S.A. Peru,,,1944.2985744,0.0011643252343075763,121571.70652952,0.009268236390012851,101149.77622152,0.020285805951330237,6620.213481440001,0.0008509290298232483,154595.81742695998,0.005711140728906008,40739.3832352,0.011990482230196883,0,,0,,0,,6660.305614559999,0.000980752644977211,221763.77342704003,0.010125196896903482,41825.22599736,0.013884113334009759,696870.5005079999,0.005900123926570853,,,,,,,,
2026,1,CA-0001-en2026.XLS,4,49,LU1701428291,USD,PUBLICA,1944.2985744,0.0011643252343075763,121571.70652952,0.009268236390012851,101149.77622152,0.020285805951330237,6620.213481440001,0.0008509290298232483,154595.81742695998,0.005711140728906008,40739.3832352,0.011990482230196883,0,,0,,0,,6660.305614559999,0.000980752644977211,221763.77342704003,0.010125196896903482,41825.22599736,0.013884113334009759,696870.5005079999,0.005900123926570853,,,,,,,,
2026,1,CA-0001-en2026.XLS,4,50,VOLCAN CIA MINERA,,,5540.77622,0.003318042637863977,50526.90902000001,0.0038520092398334578,62387.29279,0.012511906230965123,3740.96131,0.000480844399814157,64612.88891,0.002386955272192429,29745.31944,0.008754691304916093,0,,0,,0,,1745.4609500000001,0.00025702505898147544,13503.146480000001,0.0006165209706025792,35126.31463,0.011660372937609196,266929.06975,0.002259981718240626,,,,,,,,
2026,1,CA-0001-en2026.XLS,4,51,PEP648011109,PEN,PUBLICA,0,,0,,0,,0.12060000000000001,1.550131899588861e-08,0.8442000000000001,3.118677518957027e-08,0.8352,2.4581743667654896e-07,0,,0,,0,,0,,1.0584,4.8323981099682914e-08,0,,2.8584,2.420093004283587e-08,,,,,,,,
2026,1,CA-0001-en2026.XLS,4,52,PEP648014202,PEN,PUBLICA,5540.77622,0.003318042637863977,50526.90902000001,0.0038520092398334578,62387.29279,0.012511906230965123,3740.84071,0.0004808288984951611,64612.04471,0.002386924085417239,29744.484239999998,0.008754445487479416,0,,0,,0,,1745.4609500000001,0.00025702505898147544,13502.08808,0.0006164726466214795,35126.31463,0.011660372937609196,266926.21135,0.002259957517310583,,,,,,,,
2026,1,CA-0001-en2026.XLS,4,53,Otras Empresas Financieras,,,9484.21841712,0.005679536556850686,768814.26083896,0.05861192964119703,220742.95869536,0.04427047683634794,43003.25048168001,0.005527422086041644,1627042.96240608,0.06010687407288658,201496.63047136,0.059304819446158424,24909.779900880003,0.005170890425498617,457437.63615344,0.035088246153061504,207599.5262256,0.058337533315904744,29233.70256824,0.004304762089835807,1443173.0777391999,0.06589178810680302,219473.436496,0.07285541185856105,5252411.44039392,0.04447006780897147,,,,,,,,
2026,1,CA-0001-en2026.XLS,4,54,CONSORCIO CREDICORP,,,5184.58004016,0.003104737847122332,488620.83001112,0.03725088251950876,200782.89711392001,0.04026744340273023,40381.797387440005,0.005190473656136391,1302031.44328912,0.04810016810188285,186555.9479912,0.05490745322313262,24909.779900880003,0.005170890425498617,457437.63615344,0.035088246153061504,207599.5262256,0.058337533315904744,23364.260677039998,0.0034404668168455856,1153000.60590848,0.052643215691462894,195264.21571744,0.06481902814508615,4285133.520415841,0.036280512367686375,,,,,,,,
2026,1,CA-0001-en2026.XLS,4,55,BMG2519Y1084,USD,PUBLICA,5184.58004016,0.003104737847122332,488620.83001112,0.03725088251950876,200782.89711392001,0.04026744340273023,40381.797387440005,0.005190473656136391,1302031.44328912,0.04810016810188285,186555.9479912,0.05490745322313262,24909.779900880003,0.005170890425498617,457437.63615344,0.035088246153061504,207599.5262256,0.058337533315904744,23364.260677039998,0.0034404668168455856,1153000.60590848,0.052643215691462894,195264.21571744,0.06481902814508615,4285133.520415841,0.036280512367686375,,,,,,,,
2026,1,CA-0001-en2026.XLS,4,56,Intercorp Financial Services Inc.,,,4299.63837696,0.0025747987097283543,280193.43082784,0.021361047121688275,19960.06158144,0.004003033433617704,2621.45309424,0.0003369484299052528,325011.51911696,0.012006705971003733,14940.68248016,0.004397366223025808,0,,0,,0,,5869.4418912,0.0008642952729902222,290172.47183072,0.013248572415340122,24209.22077856,0.008036383713474904,967277.91997808,0.008189555441285093,,,,,,,,
2026,1,CA-0001-en2026.XLS,4,57,PAL2400671A3,USD,PUBLICA,4299.63837696,0.0025747987097283543,280193.43082784,0.021361047121688275,19960.06158144,0.004003033433617704,2621.45309424,0.0003369484299052528,325011.51911696,0.012006705971003733,14940.68248016,0.004397366223025808,0,,0,,0,,5869.4418912,0.0008642952729902222,290172.47183072,0.013248572415340122,24209.22077856,0.008036383713474904,967277.91997808,0.008189555441285093,,,,,,,,
2026,1,CA-0001-en2026.XLS,4,58,Otros,,,1266.1206061296,0.0007582046249498586,17856.3207349908,0.0013613085342977969,23023.2448059396,0.004617361441120983,5218.634106925,0.0006707770482111832,37842.115133770196,0.0013979786038553971,17397.6363133344,0.005120500913283892,5391.518306676,0.0011191969781277173,20776.5034699092,0.0015936840573117501,22218.4801408104,0.006243614082407564,4470.9903932868,0.0006583685355665789,26152.7822258448,0.0011940727078475501,11894.8637806296,0.003948565318769428,193509.21001824638,0.0016383651183515307,,,,,,,,
2026,1,CA-0001-en2026.XLS,4,59,EDITORA EL COMERCIO,,,0,,0,,0,,440.561667,5.662758654666212e-05,1251.658064,4.623925450862445e-05,60.654951999999994,1.7852065160894534e-05,0,,0,,0,,0,,0,,0,,1752.8746830000002,1.4840889160768648e-05,,,,,,,,
2026,1,CA-0001-en2026.XLS,4,60,PEP294015008,PEN,PUBLICA,0,,0,,0,,440.561667,5.662758654666212e-05,1251.658064,4.623925450862445e-05,60.654951999999994,1.7852065160894534e-05,0,,0,,0,,0,,0,,0,,1752.8746830000002,1.4840889160768648e-05,,,,,,,,
2026,1,CA-0001-en2026.XLS,4,61,Inversiones Portuarias Chancay S.A.A,,,1266.1206061296,0.0007582046249498586,17856.3207349908,0.0013613085342977969,23023.2448059396,0.004617361441120983,4778.072439925,0.0006141494616645211,36590.4570697702,0.0013517393493467727,17336.981361334398,0.005102648848122998,5391.518306676,0.0011191969781277173,20776.5034699092,0.0015936840573117501,22218.4801408104,0.006243614082407564,4470.9903932868,0.0006583685355665789,26152.7822258448,0.0011940727078475501,11894.8637806296,0.003948565318769428,191756.3353352464,0.001623524229190762,,,,,,,,
2026,1,CA-0001-en2026.XLS,4,62,PEP746351100,PEN,PUBLICA,0,,0,,0,,0.1144387738,1.4709385888657877e-08,0.8010714166,2.9593501753488263e-08,0.7925312096,2.332590881585689e-07,0,,0,,0,,0,,1.0043283431999999,4.5855200183931074e-08,0,,2.7123697432000005,2.2964550239815243e-08,,,,,,,,
2026,1,CA-0001-en2026.XLS,4,63,PEP746354203,PEN,PUBLICA,1266.1206061296,0.0007582046249498586,17856.3207349908,0.0013613085342977969,23023.2448059396,0.004617361441120983,4777.958001151201,0.0006141347522786324,36589.6559983536,0.0013517097558450192,17336.1888301248,0.005102415589034839,5391.518306676,0.0011191969781277173,20776.5034699092,0.0015936840573117501,22218.4801408104,0.006243614082407564,4470.9903932868,0.0006583685355665789,26151.7778975016,0.0011940268526473663,11894.8637806296,0.003948565318769428,191753.6229655032,0.0016235012646405222,,,,,,,,
2026,1,CA-0001-en2026.XLS,4,64,Servicios Públicos,,,6509.255006812599,0.0038980072097793152,136355.2264927209,0.010395284463999949,152000.5961144342,0.03048404764150053,34524.8499793953,0.004437651018373174,367180.99132114934,0.013564547536385023,61295.276756363295,0.018040526595580555,24322.1233667419,0.005048901890957248,52033.0175594145,0.003991248607272206,26991.116038667198,0.007584772276542066,8675.902347651701,0.0012775561164073588,216394.4241940668,0.009880045412727561,30365.107462052998,0.010079864085591316,1116647.8866394705,0.009454211232522514,,,,,,,,
2026,1,CA-0001-en2026.XLS,4,65,Energía,,,6509.255006812599,0.0038980072097793152,136355.2264927209,0.010395284463999949,152000.5961144342,0.03048404764150053,34524.8499793953,0.004437651018373174,367180.99132114934,0.013564547536385023,61295.276756363295,0.018040526595580555,24322.1233667419,0.005048901890957248,52033.0175594145,0.003991248607272206,26991.116038667198,0.007584772276542066,8675.902347651701,0.0012775561164073588,216394.4241940668,0.009880045412727561,30365.107462052998,0.010079864085591316,1116647.8866394705,0.009454211232522514,,,,,,,,
2026,1,CA-0001-en2026.XLS,4,66,Engie Energía Perú S.A.,,,1142.286148283,0.0006840475042040965,66020.7061323642,0.005033206562102032,67855.46912073021,0.013608560797060446,12596.817878323,0.0016191317766583546,192346.249231177,0.007105732330407215,33661.970697473305,0.00990744654015085,22512.634583046998,0.0046732796147313325,39779.895946665,0.003051359727758724,23221.469794297598,0.0065254641588004736,6463.681730688701,0.0009517991096092686,195701.86338947702,0.008935273193127187,27445.9044010578,0.00911081860699895,688748.9490535837,0.0058313619973140605,,,,,,,,
2026,1,CA-0001-en2026.XLS,4,67,PEP702101002,PEN,PUBLICA,1142.286148283,0.0006840475042040965,66020.7061323642,0.005033206562102032,67855.46912073021,0.013608560797060446,12596.817878323,0.0016191317766583546,192346.249231177,0.007105732330407215,33661.970697473305,0.00990744654015085,22512.634583046998,0.0046732796147313325,39779.895946665,0.003051359727758724,23221.469794297598,0.0065254641588004736,6463.681730688701,0.0009517991096092686,195701.86338947702,0.008935273193127187,27445.9044010578,0.00911081860699895,688748.9490535837,0.0058313619973140605,,,,,,,,
2026,1,CA-0001-en2026.XLS,4,68,Orygen Perú S.A.A.,,,4795.421459906,0.0028716938274933666,64104.273166626,0.0048871038688099696,78904.594181952,0.015824486677440578,19324.496112845,0.0024838737867331658,144381.025956783,0.005333781803072378,25431.657862611,0.007485087339825236,0,,0,,0,,0,,0,,0,,336941.468740723,0.0028527487103010797,,,,,,,,
2026,1,CA-0001-en2026.XLS,4,69,PEP700511004,PEN,PUBLICA,4795.421459906,0.0028716938274933666,64104.273166626,0.0048871038688099696,78904.594181952,0.015824486677440578,19324.496112845,0.0024838737867331658,144381.025956783,0.005333781803072378,25431.657862611,0.007485087339825236,0,,0,,0,,0,,0,,0,,336941.468740723,0.0028527487103010797,,,,,,,,
2026,1,CA-0001-en2026.XLS,4,70,Pluz Energía Perú S.A.A,,,571.5473986236,0.0003422658780818519,6230.2471937307,0.0004749740330879462,5240.532811752,0.0010510001669995052,2603.5359882273,0.000334645454981654,30453.716133189297,0.0011250334029054298,2201.648196279,0.0006479927156044675,1809.4887836949001,0.0003756222762259152,12253.1216127495,0.0009398888795134816,3769.6462443696,0.0010593081177415926,2212.220616963,0.00032575700679809017,20692.5608045898,0.000944772219600375,2919.2030609952003,0.0009690454785923654,90957.46884516388,0.000770100524907373,,,,,,,,
2026,1,CA-0001-en2026.XLS,4,71,PEP701011004,PEN,PUBLICA,571.5473986236,0.0003422658780818519,6230.2471937307,0.0004749740330879462,5240.532811752,0.0010510001669995052,2603.5359882273,0.000334645454981654,30453.716133189297,0.0011250334029054298,2201.648196279,0.0006479927156044675,1809.4887836949001,0.0003756222762259152,12253.1216127495,0.0009398888795134816,3769.6462443696,0.0010593081177415926,2212.220616963,0.00032575700679809017,20692.5608045898,0.000944772219600375,2919.2030609952003,0.0009690454785923654,90957.46884516388,0.000770100524907373,,,,,,,,
2026,1,CA-0001-en2026.XLS,4,72,Total general,,,90385.777972578,0.054126687897444174,2869845.071740554,0.21878776967851668,1831025.1303343498,0.36721604212574904,415371.12145466276,0.05338972019360463,6203412.323417867,0.2291689475700578,1225237.0296299246,0.36061377627492436,251510.135491364,0.052209668519881604,1947300.8918749995,0.14936981050082832,1054150.2480451039,0.296226712716443,291861.9134605632,0.042977659008439875,4911784.818923927,0.2242602010160518,1057378.4370817835,0.35100257577348754,22149262.89942766,0.18752895393556854,,,,,,,,
2026,1,CA-0001-en2026.XLS,5,1, ,,,,,,,,,,,,,,,,,,,,,,,,,,,,,,,,,,,,
2026,1,CA-0001-en2026.XLS,5,2,INVERSIÓN EN ACCIONES LOCALES (UNIDADES),,,,,,,,,,,,,,,,,,,,,,,,,,,,,,,,,,,,
2026,1,CA-0001-en2026.XLS,5,3,Al 30-01-2026,,,,,,,,,,,,,,,,,,,,,,,,,,,,,,,,,,,,
2026,1,CA-0001-en2026.XLS,5,4,,,,,,,,,,,,,,,% sobre el emisor,,,,,,,,,,,,,,,,,,,,,,
2026,1,CA-0001-en2026.XLS,5,5,,HA01,HA02,HA03,IN01,IN02,IN03,PR01,PR02,PR03,RI01,RI02,RI03,TOTAL,,,,,,,,,,,,,,,,,,,,,,,
2026,1,CA-0001-en2026.XLS,5,6,Almacenes Comerciales,,,,,,,,,,,,,,,,,,,,,,,,,,,,,,,,,,,,
2026,1,CA-0001-en2026.XLS,5,7,InRetail Peru Corp.,,,,,,,,,,,,,,,,,,,,,,,,,,,,,,,,,,,,
2026,1,CA-0001-en2026.XLS,5,8,PAL1801171A1,58023,3117481,1607907,185357,4605193,846822,,1067518,708574,193627,4651143,744458,17786103,0.16355505422421884,,,,,,,,,,,,,,,,,,,,,,
2026,1,CA-0001-en2026.XLS,5,9,Bancos,,,,,,,,,,,,,,,,,,,,,,,,,,,,,,,,,,,,
2026,1,CA-0001-en2026.XLS,5,10,BANCO CONTINENTAL,,,,,,,,,,,,,,,,,,,,,,,,,,,,,,,,,,,,
2026,1,CA-0001-en2026.XLS,5,11,PEP116001004,,11084106,9906098,3557855,26044196,9976950,1673518,,262381,3571747,18306223,14442756,98825830,0.010241640960425935,,,,,,,,,,,,,,,,,,,,,,
2026,1,CA-0001-en2026.XLS,5,12,Industria,,,,,,,,,,,,,,,,,,,,,,,,,,,,,,,,,,,,
2026,1,CA-0001-en2026.XLS,5,13,Alimentos,,,,,,,,,,,,,,,,,,,,,,,,,,,,,,,,,,,,
2026,1,CA-0001-en2026.XLS,5,14,ALICORP S.A.,,,,,,,,,,,,,,,,,,,,,,,,,,,,,,,,,,,,
2026,1,CA-0001-en2026.XLS,5,15,PEP214001005,,,,37534,7064531,717410,,,,,,,7819475,0.013728661501911136,,,,,,,,,,,,,,,,,,,,,,
2026,1,CA-0001-en2026.XLS,5,16,Cemento,,,,,,,,,,,,,,,,,,,,,,,,,,,,,,,,,,,,
2026,1,CA-0001-en2026.XLS,5,17,CEMENTOS PACASMAYO S.A.A.,,,,,,,,,,,,,,,,,,,,,,,,,,,,,,,,,,,,
2026,1,CA-0001-en2026.XLS,5,18,PEP239501005,1286402,10577184,12383205,3871542,12837166,4327235,3243300,4374986,2476744,1321232,15144431,3249565,75092992,0.17716107952163243,,,,,,,,,,,,,,,,,,,,,,
2026,1,CA-0001-en2026.XLS,5,19,US15126Q2084,7594,94553,92996,186626,2024634,590285,,,,260422,483113,384109,4124332,0.04865108502413897,,,,,,,,,,,,,,,,,,,,,,
2026,1,CA-0001-en2026.XLS,5,20,UNACEM CORP S.A.A.,,,,,,,,,,,,,,,,,,,,,,,,,,,,,,,,,,,,
2026,1,CA-0001-en2026.XLS,5,21,PEP761001002,1522220,37941106,17999635,4543932,57541172,5840502,,,,,18996128,,144384695,0.07941394989353143,,,,,,,,,,,,,,,,,,,,,,
2026,1,CA-0001-en2026.XLS,5,22,Maquinaria,,,,,,,,,,,,,,,,,,,,,,,,,,,,,,,,,,,,
2026,1,CA-0001-en2026.XLS,5,23,Ferreycorp S.A.A.,,,,,,,,,,,,,,,,,,,,,,,,,,,,,,,,,,,,
2026,1,CA-0001-en2026.XLS,5,24,PEP736001004,3067953,39302551,40047610,16443012,90967845,24192564,10180437,32893586,14512626,10832608,65951295,19637548,368029635,0.38901164400747784,,,,,,,,,,,,,,,,,,,,,,
2026,1,CA-0001-en2026.XLS,5,25,Otros ,,,,,,,,,,,,,,,,,,,,,,,,,,,,,,,,,,,,
2026,1,CA-0001-en2026.XLS,5,26,Fossal S.A.A.,,,,,,,,,,,,,,,,,,,,,,,,,,,,,,,,,,,,
2026,1,CA-0001-en2026.XLS,5,27,PEP736211009,15,294,184,,,,,,,47,313,228,1081,0.0002410484291045575,,,,,,,,,,,,,,,,,,,,,,
2026,1,CA-0001-en2026.XLS,5,28,US34988L7029,,12,11,41,481,255,23,235,132,,,,1190,,,,,,,,,,,,,,,,,,,,,,,
2026,1,CA-0001-en2026.XLS,5,29,Inmobiliaria y Construccion,,,,,,,,,,,,,,,,,,,,,,,,,,,,,,,,,,,,
2026,1,CA-0001-en2026.XLS,5,30,AENZA S.A.A. (antes GRANA & MONTERO S.A.A.),,,,,,,,,,,,,,,,,,,,,,,,,,,,,,,,,,,,
2026,1,CA-0001-en2026.XLS,5,31,PEP736581005,2363411,49968132,140358134,9573171,67475879,102295160,7499593,60595451,121622364,15967555,117381998,81994383,777095231,0.4349516070717301,,,,,,,,,,,,,,,,,,,,,,
2026,1,CA-0001-en2026.XLS,5,32,Minería,,,,,,,,,,,,,,,,,,,,,,,,,,,,,,,,,,,,
2026,1,CA-0001-en2026.XLS,5,33,CIA MINERA BUENAVENTURA,,,,,,,,,,,,,,,,,,,,,,,,,,,,,,,,,,,,
2026,1,CA-0001-en2026.XLS,5,34,PEP612001003,,,,,1000,,,,,,,,1000,3.6378197696325894e-06,,,,,,,,,,,,,,,,,,,,,,
2026,1,CA-0001-en2026.XLS,5,35,US2044481040,48968,4725907,2502438,275249,8118460,1568909,72907,977684,521856,418542,8834314,1784604,29849838,0.10858833079673011,,,,,,,,,,,,,,,,,,,,,,
2026,1,CA-0001-en2026.XLS,5,36,SOCIEDAD MINERA CERRO VERDE,,,,,,,,,,,,,,,,,,,,,,,,,,,,,,,,,,,,
2026,1,CA-0001-en2026.XLS,5,37,PEP646501002,52572,697619,417307,52495,538604,123230,,,,,15167,,1896994,0.0054191156128465525,,,,,,,,,,,,,,,,,,,,,,
2026,1,CA-0001-en2026.XLS,5,38,HOCHSCHILD MINING PLC,,,,,,,,,,,,,,,,,,,,,,,,,,,,,,,,,,,,
2026,1,CA-0001-en2026.XLS,5,39,GB00B1FW5029,19000,870830,579910,929911,7224049,2131300,1814690,13052756,6161735,96650,2155487,1438758,36475076,0.07089994785040281,,,,,,,,,,,,,,,,,,,,,,
2026,1,CA-0001-en2026.XLS,5,40,HudBay Minerals Inc.,,,,,,,,,,,,,,,,,,,,,,,,,,,,,,,,,,,,
2026,1,CA-0001-en2026.XLS,5,41,CA4436281022,15529,633916,428919,20743,1850889,631368,335307,4255120,2145207,,,,10316998,0.02599825618370105,,,,,,,,,,,,,,,,,,,,,,
2026,1,CA-0001-en2026.XLS,5,42,MINSUR,,,,,,,,,,,,,,,,,,,,,,,,,,,,,,,,,,,,
2026,1,CA-0001-en2026.XLS,5,43,PEP622005002,2489378,52355235,48916169,12093377,146854678,31542963,4031803,39210282,27419624,14297380,141872683,32896187,553979759,0.5764612640713197,,,,,,,,,,,,,,,,,,,,,,
2026,1,CA-0001-en2026.XLS,5,44,MMG Limited,,,,,,,,,,,,,,,,,,,,,,,,,,,,,,,,,,,,
2026,1,CA-0001-en2026.XLS,5,45,HK1208013172,,,,,,,,,472900,,,,472900,3.895216961663926e-05,,,,,,,,,,,,,,,,,,,,,,
2026,1,CA-0001-en2026.XLS,5,46,Nexa Resources Perú S.A.A.,,,,,,,,,,,,,,,,,,,,,,,,,,,,,,,,,,,,
2026,1,CA-0001-en2026.XLS,5,47,PEP620001003,8880,4698630,2383905,9108836,97992587,10091318,2028854,2409003,,11953,340402,10950,129085318,0.10263158119238884,,,,,,,,,,,,,,,,,,,,,,
2026,1,CA-0001-en2026.XLS,5,48,Nexa Resources S.A. Peru,,,,,,,,,,,,,,,,,,,,,,,,,,,,,,,,,,,,
2026,1,CA-0001-en2026.XLS,5,49,LU1701428291,45780,2862499,2381649,155878,3640077,959240,,,,156822,5221598,984807,16408350,0.12389400550267021,,,,,,,,,,,,,,,,,,,,,,
2026,1,CA-0001-en2026.XLS,5,50,VOLCAN CIA MINERA,,,,,,,,,,,,,,,,,,,,,,,,,,,,,,,,,,,,
2026,1,CA-0001-en2026.XLS,5,51,PEP648011109,,,,67,469,464,,,,,588,,1588,9.721965541958778e-07,,,,,,,,,,,,,,,,,,,,,,
2026,1,CA-0001-en2026.XLS,5,52,PEP648014202,6675634,60875794,75165413,4507037,77845837,35836728,,,,2102965,16267576,42320861,321597845,0.13163204948550797,,,,,,,,,,,,,,,,,,,,,,
2026,1,CA-0001-en2026.XLS,5,53,Otras Empresas Financieras,,,,,,,,,,,,,,,,,,,,,,,,,,,,,,,,,,,,
2026,1,CA-0001-en2026.XLS,5,54,CONSORCIO CREDICORP,,,,,,,,,,,,,,,,,,,,,,,,,,,,,,,,,,,,
2026,1,CA-0001-en2026.XLS,5,55,BMG2519Y1084,4314,406573,167068,33601,1083398,155230,20727,380626,172740,19441,959392,162476,3565586,0.04492586245999546,,,,,,,,,,,,,,,,,,,,,,
2026,1,CA-0001-en2026.XLS,5,56,Intercorp Financial Services Inc.,,,,,,,,,,,,,,,,,,,,,,,,,,,,,,,,,,,,
2026,1,CA-0001-en2026.XLS,5,57,PAL2400671A3,26064,1698506,120996,15891,1970189,90569,,,,35580,1758998,146754,5863547,0.050789636745052665,,,,,,,,,,,,,,,,,,,,,,
2026,1,CA-0001-en2026.XLS,5,58,Otros,,,,,,,,,,,,,,,,,,,,,,,,,,,,,,,,,,,,
2026,1,CA-0001-en2026.XLS,5,59,EDITORA EL COMERCIO,,,,,,,,,,,,,,,,,,,,,,,,,,,,,,,,,,,,
2026,1,CA-0001-en2026.XLS,5,60,PEP294015008,,,,1416597,4024624,195032,,,,,,,5636253,0.1574597892122648,,,,,,,,,,,,,,,,,,,,,,
2026,1,CA-0001-en2026.XLS,5,61,Inversiones Portuarias Chancay S.A.A,,,,,,,,,,,,,,,,,,,,,,,,,,,,,,,,,,,,
2026,1,CA-0001-en2026.XLS,5,62,PEP746351100,,,,67,469,464,,,,,588,,1588,9.721965541958778e-07,,,,,,,,,,,,,,,,,,,,,,
2026,1,CA-0001-en2026.XLS,5,63,PEP746354203,8138884,114784107,147998159,30713698,235205844,111440592,34657790,133555643,142824966,28740447,168109014,76462634,1232631778,0.5045240499018446,,,,,,,,,,,,,,,,,,,,,,
2026,1,CA-0001-en2026.XLS,5,64,Servicios Públicos,,,,,,,,,,,,,,,,,,,,,,,,,,,,,,,,,,,,
2026,1,CA-0001-en2026.XLS,5,65,Energía,,,,,,,,,,,,,,,,,,,,,,,,,,,,,,,,,,,,
2026,1,CA-0001-en2026.XLS,5,66,Engie Energía Perú S.A.,,,,,,,,,,,,,,,,,,,,,,,,,,,,,,,,,,,,
2026,1,CA-0001-en2026.XLS,5,67,PEP702101002,248870,14383938,14783678,2744470,41906497,7333937,4904830,8666850,5059264,1408243,42637585,5979642,150057804,0.24952658306069073,,,,,,,,,,,,,,,,,,,,,,
2026,1,CA-0001-en2026.XLS,5,68,Orygen Perú S.A.A.,,,,,,,,,,,,,,,,,,,,,,,,,,,,,,,,,,,,
2026,1,CA-0001-en2026.XLS,5,69,PEP700511004,1436206,19198926,23631552,5787595,43241433,7616661,,,,,,,100912373,0.03219011830327798,,,,,,,,,,,,,,,,,,,,,,
2026,1,CA-0001-en2026.XLS,5,70,Pluz Energía Perú S.A.A,,,,,,,,,,,,,,,,,,,,,,,,,,,,,,,,,,,,
2026,1,CA-0001-en2026.XLS,5,71,PEP701011004,391396,4266477,3588720,1782903,20854723,1507690,1239139,8390945,2581456,1514930,14170278,1999072,62287729,0.02053635562983926,,,,,,,,,,,,,,,,,,,,,,
2026,1,CA-0001-en2026.XLS,6,1,INVERSIÓN EN BONOS LOCALES,,,,,,,,,,,,,,,,,,,,,,,,,,,,,,,,,,,,
2026,1,CA-0001-en2026.XLS,6,2,(En miles de Soles),,,,,,,,,,,,,,,,,,,,,,,,,,,,,,,,,,,,
2026,1,CA-0001-en2026.XLS,6,3,Al 30-01-2026,,,,,,,,,,,,,,,,,,,,,,,,,,,,,,,,,,,,
2026,1,CA-0001-en2026.XLS,6,4,,Moneda,Tasa cupón (%) *,Plazo remanente,Tipo Oferta,HA00,,HA01,,HA02,,HA03,,IN00,,IN01,,IN02,,PR00,,PR01,,PR02,,PR03,,RI00,,RI01,,RI02,,RI03,,TOTAL,
2026,1,CA-0001-en2026.XLS,6,5,,,,,,Monto,%,Monto,%,Monto,%,Monto,%,Monto,%,Monto,%,Monto,%,Monto,%,Monto,%,Monto,%,Monto,%,Monto,%,Monto,%,Monto,%,Monto,%,Monto,%
2026,1,CA-0001-en2026.XLS,6,6,Almacenes Comerciales,,,,,0,,16524.65049248,0.009895634245601893,71712.22225558001,0.0054671094688998785,0,,0,,82887.0882830568,0.010653890515058412,26445.8970915,0.0009769749434720692,0,,0,,26445.8970915,0.0020285609961787727,0,,0,,53504.12266810249,0.007878663962388352,121793.40646094539,0.0055607920180316735,0,,399313.28434316476,0.003380825937434913
2026,1,CA-0001-en2026.XLS,6,7,InRetail Shopping Malls,,,,,0,,16524.65049248,0.009895634245601893,35114.88229652,0.0026770458293484457,0,,0,,82887.0882830568,0.010653890515058412,26445.8970915,0.0009769749434720692,0,,0,,26445.8970915,0.0020285609961787727,0,,0,,53504.12266810249,0.007878663962388352,121793.40646094539,0.0055607920180316735,0,,362715.94438410475,0.003070970891219166
2026,1,CA-0001-en2026.XLS,6,8,CVL800700S24,PEN,7.125,6.726027397260274,PRIVADA,0,,16524.65049248,0.009895634245601893,35114.88229652,0.0026770458293484457,0,,0,,61967.4393468,0.007964983786676004,0,,0,,0,,0,,0,,0,,36147.672952299996,0.005322867734513332,67131.3926257,0.0030650568295915717,0,,216886.03771379997,0.0018362873726488719
2026,1,CA-0001-en2026.XLS,6,9,CVL800707107,PEN,7.875,8.487671232876712,PRIVADA,0,,0,,0,,0,,0,,0,,26445.8970915,0.0009769749434720692,0,,0,,26445.8970915,0.0020285609961787727,0,,0,,0,,0,,0,,52891.794183,0.0004478136757846544
2026,1,CA-0001-en2026.XLS,6,10,USP56243AE14,USD,5.65,6.715068493150685,PUBLICA,0,,0,,0,,0,,0,,20919.6489362568,0.0026889067283824087,0,,0,,0,,0,,0,,0,,17356.449715802497,0.00255579622787502,54662.0138352454,0.0024957351884401023,0,,92938.1124873047,0.0007868698427856395
2026,1,CA-0001-en2026.XLS,6,11,Inverfal Perú S.A.,,,,,0,,0,,36597.33995906,0.0027900636395514333,0,,0,,0,,0,,0,,0,,0,,0,,0,,0,,0,,0,,36597.33995906,0.00030985504621574753
2026,1,CA-0001-en2026.XLS,6,12,PEP74190M059,PEN,5.78125,2.0246575342465754,PUBLICA,0,,0,,36597.33995906,0.0027900636395514333,0,,0,,0,,0,,0,,0,,0,,0,,0,,0,,0,,0,,36597.33995906,0.00030985504621574753
2026,1,CA-0001-en2026.XLS,6,13,Bancos,,,,,19388.749386821302,0.0720069800784091,96515.05606503571,0.057797149443371804,332087.4041973688,0.025317276956210152,0,,328502.566012376,0.11523180042829678,168212.4397384025,0.021621183146448314,415874.19883652066,0.015363391549700567,291015.4803788557,0.16227454274492997,3199.482501,0.0006641637741000998,9598.447503000001,0.0007362592450952832,0,,297620.88076635945,0.1445120017447438,32775.89705555,0.004826362270593051,109441.21103196299,0.0049968206854072075,0,,2104231.813473253,0.01781568951573463
2026,1,CA-0001-en2026.XLS,6,14,Banco BCI Peru S.A.,,,,,2951.7390918,0.010962327365187007,0,,0,,0,,51366.793479234395,0.018018392266128225,0,,0,,0,,0,,0,,0,,145421.600565,0.07061052484106516,0,,0,,0,,199740.1331360344,0.0016911198533346946
2026,1,CA-0001-en2026.XLS,6,15,CVL11700Q035,PEN,4.49004,0.5561643835616439,PRIVADA,0,,0,,0,,0,,0,,0,,0,,0,,0,,0,,0,,97432.46394,0.0473090475461138,0,,0,,0,,97432.46394,0.0008249217197428871
2026,1,CA-0001-en2026.XLS,6,16,CVL11700Q043,PEN,4.579974,0.8821917808219178,PRIVADA,0,,0,,0,,0,,0,,0,,0,,0,,0,,0,,0,,47989.136625,0.023301477294951353,0,,0,,0,,47989.136625,0.00040630483427012235
2026,1,CA-0001-en2026.XLS,6,17,PEP11700Q029,PEN,4.594008,0.3452054794520548,PUBLICA,2951.7390918,0.010962327365187007,0,,0,,0,,32000.787407234402,0.01122520409146473,0,,0,,0,,0,,0,,0,,0,,0,,0,,0,,34952.5264990344,0.00029592906822820407
2026,1,CA-0001-en2026.XLS,6,18,PEP11700Q037,PEN,4.468754,0.6904109589041096,PUBLICA,0,,0,,0,,0,,19366.006072,0.006793188174663495,0,,0,,0,,0,,0,,0,,0,,0,,0,,0,,19366.006072,0.00016396423109348122
2026,1,CA-0001-en2026.XLS,6,19,BANCO FALABELLA,,,,,0,,0,,0,,0,,0,,0,,0,,38473.8191448,0.021453571477523272,0,,0,,0,,9718.959836,0.004719112238229356,0,,0,,0,,48192.7789808,0.00040802899268268676
2026,1,CA-0001-en2026.XLS,6,20,PEP14150Q883,PEN,4.499981,0.6520547945205479,PUBLICA,0,,0,,0,,0,,0,,0,,0,,0,,0,,0,,0,,9718.959836,0.004719112238229356,0,,0,,0,,9718.959836,8.228654739720388e-05
2026,1,CA-0001-en2026.XLS,6,21,PEP14150Q891,PEN,4.437551,0.8821917808219178,PUBLICA,0,,0,,0,,0,,0,,0,,0,,38473.8191448,0.021453571477523272,0,,0,,0,,0,,0,,0,,0,,38473.8191448,0.00032574244528548287
2026,1,CA-0001-en2026.XLS,6,22,BANCO RIPLEY,,,,,777.394514963,0.002887129553082668,0,,0,,0,,0,,0,,0,,38847.459155567,0.02166191868235063,0,,0,,0,,0,,0,,0,,0,,39624.85367053,0.00033548779444378136
2026,1,CA-0001-en2026.XLS,6,23,PEP14300Q843,PEN,4.68748,0.6931506849315069,PUBLICA,777.394514963,0.002887129553082668,0,,0,,0,,0,,0,,0,,38847.459155567,0.02166191868235063,0,,0,,0,,0,,0,,0,,0,,39624.85367053,0.00033548779444378136
2026,1,CA-0001-en2026.XLS,6,24,Compartamos Banco S.A.,,,,,2225.2117339395,0.00826411099546905,0,,0,,0,,32406.198726006,0.011367413867002074,0,,0,,0,,0,,0,,0,,9560.746462919398,0.004642290574413992,0,,0,,0,,44192.156922864895,0.0003741573251232432
2026,1,CA-0001-en2026.XLS,6,25,PEP16820Q269,PEN,4.718728,0.00821917808219178,PUBLICA,1499.43670695,0.0055686886725954616,0,,0,,0,,15494.17930515,0.005435032667063021,0,,0,,0,,0,,0,,0,,0,,0,,0,,0,,16993.6160121,0.00014387815291199538
2026,1,CA-0001-en2026.XLS,6,26,PEP16820Q277,PEN,4.437551,0.5835616438356165,PUBLICA,725.7750269895,0.0026954223228735892,0,,0,,0,,16912.019420856,0.005932381199939053,0,,0,,0,,0,,0,,0,,9560.746462919398,0.004642290574413992,0,,0,,0,,27198.5409107649,0.0002302791722112478
2026,1,CA-0001-en2026.XLS,6,27,BANCO CONTINENTAL,,,,,487.734278,0.0018113737889342565,0,,0,,0,,0,,0,,0,,0,,0,,0,,0,,0,,0,,0,,0,,487.734278,4.129451140977841e-06
2026,1,CA-0001-en2026.XLS,6,28,PEP11600Q187,PEN,4.375018,0.5643835616438356,PUBLICA,487.734278,0.0018113737889342565,0,,0,,0,,0,,0,,0,,0,,0,,0,,0,,0,,0,,0,,0,,487.734278,4.129451140977841e-06
2026,1,CA-0001-en2026.XLS,6,29,BANCO DE CREDITO DEL PERU,,,,,0,,79595.7935485237,0.04766520543372895,231040.3862028064,0.017613776890164117,0,,0,,50755.117613536095,0.006523808199015486,275768.48434160696,0.010187550018396383,0,,3199.482501,0.0006641637741000998,9598.447503000001,0.0007362592450952832,0,,0,,22301.07835355,0.003283909605180049,98620.94969750699,0.004502793753982527,0,,770879.7397615301,0.006526730567243323
2026,1,CA-0001-en2026.XLS,6,30,US05971V2F13,PEN,7.8500000000000005,2.9506849315068493,PUBLICA,0,,60237.723540494,0.0360728040944454,178960.92070510102,0.013643405731632698,0,,0,,0,,148104.04497129,0.005471319065607234,0,,3199.482501,0.0006641637741000998,9598.447503000001,0.0007362592450952832,0,,0,,0,,0,,0,,400100.61922088504,0.003387491987076669
2026,1,CA-0001-en2026.XLS,6,31,US05971V2H78,USD,5.8,9.112328767123287,PUBLICA,0,,0,,0,,0,,0,,50755.117613536095,0.006523808199015486,101289.393151677,0.0037418734106957467,0,,0,,0,,0,,0,,9289.3888856876,0.0013678940948210372,17737.474627011,0.0008098501404306356,0,,179071.3742779117,0.0015161257352274769
2026,1,CA-0001-en2026.XLS,6,32,US05971V2J35,USD,6.45,9.501369863013698,PUBLICA,0,,5732.1767115177,0.0034326610535060824,14608.2589322974,0.0011136867359690555,0,,0,,0,,26375.04621864,0.0009743575420934034,0,,0,,0,,0,,0,,13011.6894678624,0.0019160155103590116,80883.47507049599,0.0036929436135518918,0,,140610.64640081348,0.001190494128471879
2026,1,CA-0001-en2026.XLS,6,33,US05971V2K08,USD,5.65,10.967123287671233,PUBLICA,0,,13625.893296512,0.008159740285777461,37471.206565408,0.0028566844225623627,0,,0,,0,,0,,0,,0,,0,,0,,0,,0,,0,,0,,51097.099861919996,0.0004326187164672979
2026,1,CA-0001-en2026.XLS,6,34,Banco GNB Perú S.A.,,,,,1776.2840043879999,0.006596859052936207,0,,0,,0,,53766.71895627029,0.01886023571645356,0,,0,,9991.532692296401,0.005571426636317252,0,,0,,0,,58427.94056633011,0.028370115118675734,0,,0,,0,,123962.4762192848,0.001049540727301853
2026,1,CA-0001-en2026.XLS,6,35,PEP16900Q087,PEN,4.68748,0.16164383561643836,PUBLICA,496.30104769999997,0.001843189518913391,0,,0,,0,,11391.101646810399,0.003995759203823834,0,,0,,9991.532692296401,0.005571426636317252,0,,0,,0,,49630.104770000005,0.02409826141447511,0,,0,,0,,71509.0401568068,0.0006054384544728598
2026,1,CA-0001-en2026.XLS,6,36,PEP16900Q095,PEN,4.59376,0.40821917808219177,PUBLICA,1279.9829566879998,0.004753669534022816,0,,0,,0,,14277.11050999,0.005008110496518694,0,,0,,0,,0,,0,,0,,0,,0,,0,,0,,15557.093466678,0.0001317156908259632
2026,1,CA-0001-en2026.XLS,6,37,PEP16900Q103,PEN,4.499981,0.6520547945205479,PUBLICA,0,,0,,0,,0,,28098.5067994699,0.009856366016111033,0,,0,,0,,0,,0,,0,,8797.8357963301,0.004271853704200624,0,,0,,0,,36896.3425958,0.00031238658200303
2026,1,CA-0001-en2026.XLS,6,38,BANCO INTERAMERICANO DE FINANZAS,,,,,4793.7207233808,0.017803177798799176,0,,0,,0,,129733.6212448654,0.04550782946263306,20826.074634,0.0026768791569968336,5206.5186585,0.00019234130173293354,87383.8274891923,0.04872651664664094,0,,0,,0,,16232.02141161,0.007881577060437364,0,,0,,0,,264175.78416154854,0.002236670749896776
2026,1,CA-0001-en2026.XLS,6,39,PEP12100D292,PEN,7.0625,3.0821917808219177,PUBLICA,0,,0,,0,,0,,0,,20826.074634,0.0026768791569968336,5206.5186585,0.00019234130173293354,0,,0,,0,,0,,0,,0,,0,,0,,26032.5932925,0.00022040755986054813
2026,1,CA-0001-en2026.XLS,6,40,PEP12100Q229,PEN,4.674202,0.18904109589041096,PUBLICA,0,,0,,0,,0,,32905.292030805,0.01154248531558105,0,,0,,45980.150572863,0.025639213074991098,0,,0,,0,,16232.02141161,0.007881577060437364,0,,0,,0,,95117.46401527799,0.000805321540892003
2026,1,CA-0001-en2026.XLS,6,41,PEP12100Q237,PEN,4.562478,0.3917808219178082,PUBLICA,1965.4756136,0.007299489024768759,0,,0,,0,,24568.445170000003,0.00861809454041322,0,,0,,0,,0,,0,,0,,0,,0,,0,,0,,26533.920783600002,0.00022465209930242527
2026,1,CA-0001-en2026.XLS,6,42,PEP12100Q245,PEN,4.406251,0.5452054794520548,PUBLICA,976.1762282999999,0.0036253757693104414,0,,0,,0,,12202.20285375,0.004280276471191826,0,,0,,0,,0,,0,,0,,0,,0,,0,,0,,13178.37908205,0.0001115760671154015
2026,1,CA-0001-en2026.XLS,6,43,PEP12100Q252,PEN,4.499981,0.8328767123287671,PUBLICA,1852.0688814808,0.006878313004719974,0,,0,,0,,36830.2359924248,0.012919273219455695,0,,0,,37036.557044292,0.020652132839754162,0,,0,,0,,0,,0,,0,,0,,75718.8619181976,0.0006410813322857016
2026,1,CA-0001-en2026.XLS,6,44,PEP12100Q260,PEN,4.406251,0.9835616438356164,PUBLICA,0,,0,,0,,0,,23227.445197885598,0.00814769991599127,0,,0,,4367.1198720372995,0.0024351707318956764,0,,0,,0,,0,,0,,0,,0,,27594.565069922897,0.00023363215044069633
2026,1,CA-0001-en2026.XLS,6,45,BANCO INTERNACIONAL DEL PERU,,,,,3434.2746893000003,0.012754394014927853,16919.262516512,0.010131944009642856,101047.0179945624,0.007703500066046035,0,,41578.085858000006,0.014584719230470614,96631.24749086639,0.012420495790435993,134899.1958364137,0.004983500229571249,101828.13447599999,0.05678087618964592,0,,0,,0,,29188.998026999998,0.014172932097182114,0,,10820.261334456001,0.0004940269314246802,0,,536346.4782231105,0.00454103120563913
2026,1,CA-0001-en2026.XLS,6,46,CVL14800A109,PEN,5,0.6684931506849315,PRIVADA,0,,10182.8134476,0.006097883735241609,40731.2537904,0.003105219950987264,0,,0,,76371.100857,0.009816358179531831,56005.4739618,0.0020689766948969296,101828.13447599999,0.05678087618964592,0,,0,,0,,0,,0,,0,,0,,285118.77653279994,0.0024139866935240857
2026,1,CA-0001-en2026.XLS,6,47,PEP14800Q057,PEN,4.562753,0.42191780821917807,PUBLICA,3434.2746893000003,0.012754394014927853,0,,0,,0,,26983.5868445,0.009465275513214393,0,,0,,0,,0,,0,,0,,0,,0,,0,,0,,30417.8615338,0.00025753587287719075
2026,1,CA-0001-en2026.XLS,6,48,PEP14800Q065,PEN,4.468754,0.6136986301369863,PUBLICA,0,,0,,0,,0,,14594.499013499999,0.005119443717256221,0,,0,,0,,0,,0,,0,,29188.998026999998,0.014172932097182114,0,,0,,0,,43783.4970405,0.0003706973652770263
2026,1,CA-0001-en2026.XLS,6,49,USP13435AF20,USD,7.625,7.967123287671233,PUBLICA,0,,0,,10820.261334456001,0.0008249019670140355,0,,0,,0,,0,,0,,0,,0,,0,,0,,0,,10820.261334456001,0.0004940269314246802,0,,21640.522668912003,0.00018322165379259137
2026,1,CA-0001-en2026.XLS,6,50,USP13435AG03,USD,6.397,9.252054794520548,PUBLICA,0,,0,,32654.380197426402,0.002489465053002389,0,,0,,20260.1466338664,0.0026041376109041618,78893.72187461371,0.002914523534674319,0,,0,,0,,0,,0,,0,,0,,0,,131808.2487059065,0.0011159677462917559
2026,1,CA-0001-en2026.XLS,6,51,USP13435AH85,USD,4.8,5.457534246575342,PUBLICA,0,,6736.449068912,0.004034060274401247,16841.12267228,0.001283913095042347,0,,0,,0,,0,,0,,0,,0,,0,,0,,0,,0,,0,,23577.571741191998,0.00019962187387648038
2026,1,CA-0001-en2026.XLS,6,52,BANCO MIBANCO,,,,,2942.3903510499995,0.010927607509072871,0,,0,,0,,19651.147748,0.006893209885609229,0,,0,,14490.707421000001,0.008080233112451943,0,,0,,0,,29070.6138975,0.014115449814740097,10474.818702,0.0015424526654130024,0,,0,,76629.67811955001,0.0006487928489281626
2026,1,CA-0001-en2026.XLS,6,53,PEP13300D107,PEN,7,9.558904109589042,PUBLICA,0,,0,,0,,0,,0,,0,,0,,0,,0,,0,,0,,0,,10474.818702,0.0015424526654130024,0,,0,,10474.818702,8.868610223148993e-05
2026,1,CA-0001-en2026.XLS,6,54,PEP13300Q422,PEN,4.59376,0.38904109589041097,PUBLICA,2456.3934685,0.009122686152787081,0,,0,,0,,19651.147748,0.006893209885609229,0,,0,,0,,0,,0,,0,,0,,0,,0,,0,,22107.541216499998,0.00018717571312609402
2026,1,CA-0001-en2026.XLS,6,55,PEP13300Q430,PEN,4.499981,0.6328767123287671,PUBLICA,485.99688254999995,0.0018049213562857894,0,,0,,0,,0,,0,,0,,0,,0,,0,,0,,14579.9064765,0.007079380535212513,0,,0,,0,,15065.90335905,0.0001275569805571281
2026,1,CA-0001-en2026.XLS,6,56,PEP13300Q448,PEN,4.531213999999999,0.7726027397260274,PUBLICA,0,,0,,0,,0,,0,,0,,0,,14490.707421000001,0.008080233112451943,0,,0,,0,,14490.707421000001,0.007036069279527584,0,,0,,0,,28981.414842000002,0.0002453740530134506
2026,1,CA-0001-en2026.XLS,6,57,Compañías de Seguros,,,,,0,,29011.651085950194,0.01737335916049963,55184.987399058,0.0042071261726523155,0,,0,,0,,0,,0,,0,,28506.8841341843,0.0021866512252208792,0,,0,,0,,0,,0,,112703.5226191925,0.000954215668376801
2026,1,CA-0001-en2026.XLS,6,58,INTERSEGURO,,,,,0,,10534.9903879296,0.006308781641543641,0,,0,,0,,0,,0,,0,,0,,0,,0,,0,,0,,0,,0,,10534.9903879296,8.919555184027168e-05
2026,1,CA-0001-en2026.XLS,6,59,PEP66450D098,USD,6.75,8.810958904109588,PUBLICA,0,,10534.9903879296,0.006308781641543641,0,,0,,0,,0,,0,,0,,0,,0,,0,,0,,0,,0,,0,,10534.9903879296,8.919555184027168e-05
2026,1,CA-0001-en2026.XLS,6,60,Pacifico S.A. Entidad Prestadora de Salud,,,,,0,,0,,0.8105050348,6.179030032779825e-08,0,,0,,0,,0,,0,,0,,0,,0,,0,,0,,0,,0,,0.8105050348,6.862222098572996e-09
2026,1,CA-0001-en2026.XLS,6,61,PEP75455M014,PEN,6.59375,11.668493150684931,PRIVADA,0,,0,,0.8105050348,6.179030032779825e-08,0,,0,,0,,0,,0,,0,,0,,0,,0,,0,,0,,0,,0.8105050348,6.862222098572996e-09
2026,1,CA-0001-en2026.XLS,6,62,Pacifico Compañía de Seguros y Reaseguros,,,,,0,,18476.6606980206,0.011064577518955988,55184.1768940232,0.004207064382351988,0,,0,,0,,0,,0,,0,,28506.8841341843,0.0021866512252208792,0,,0,,0,,0,,0,,102167.72172622809,0.0008650132543144307
2026,1,CA-0001-en2026.XLS,6,63,PEP66950D014,USD,4.40625,4.884931506849315,PUBLICA,0,,16129.5928135977,0.009659057605272057,44036.506479376505,0.0033572017987761765,0,,0,,0,,0,,0,,0,,28506.8841341843,0.0021866512252208792,0,,0,,0,,0,,0,,88672.98342715848,0.000750758700185491
2026,1,CA-0001-en2026.XLS,6,64,PEP66950D030,USD,8,7.336986301369863,PUBLICA,0,,73.64017717690001,4.4098739604540816e-05,5464.1011465316,0.0004165655194837468,0,,0,,0,,0,,0,,0,,0,,0,,0,,0,,0,,0,,5537.7413237085,4.688584185921869e-05
2026,1,CA-0001-en2026.XLS,6,65,PEP66950D048,USD,6.03125,9.89041095890411,PUBLICA,0,,2273.427707246,0.0013614211740793913,5683.5692681151,0.00043329706409206447,0,,0,,0,,0,,0,,0,,0,,0,,0,,0,,0,,0,,7956.9969753611,6.736871226972104e-05
2026,1,CA-0001-en2026.XLS,6,66,Financieras,,,,,2958.0646353,0.010985819508785459,8575.89346472,0.005135594552800761,6431.920098539999,0.0004903489275316569,0,,52094.87266590001,0.01827378715254347,0,,0,,100363.4454176774,0.05596414387391695,0,,0,,0,,176815.38439057482,0.08585400685514155,0,,0,,0,,347239.5806727122,0.002939938706956329
2026,1,CA-0001-en2026.XLS,6,67,Financiera Efectiva S.A.,,,,,996.2317093,0.0036998588931065283,0,,0,,0,,0,,0,,0,,0,,0,,0,,0,,27618.5316769239,0.013410380641323674,0,,0,,0,,28614.7633862239,0.00024226976172064997
2026,1,CA-0001-en2026.XLS,6,68,PEP16830Q102,PEN,4.656262,0.08493150684931507,PUBLICA,996.2317093,0.0036998588931065283,0,,0,,0,,0,,0,,0,,0,,0,,0,,0,,27618.5316769239,0.013410380641323674,0,,0,,0,,28614.7633862239,0.00024226976172064997
2026,1,CA-0001-en2026.XLS,6,69,InFinance XP S.A.,,,,,0,,8575.89346472,0.005135594552800761,6431.920098539999,0.0004903489275316569,0,,0,,0,,0,,100363.4454176774,0.05596414387391695,0,,0,,0,,144968.2132962909,0.0703903793270877,0,,0,,0,,260339.47227722828,0.0022041902308879134
2026,1,CA-0001-en2026.XLS,6,70,CVL16870D013,PEN,10.3,7.2684931506849315,PRIVADA,0,,8575.89346472,0.005135594552800761,6431.920098539999,0.0004903489275316569,0,,0,,0,,0,,0,,0,,0,,0,,0,,0,,0,,0,,15007.81356326,0.00012706515747984136
2026,1,CA-0001-en2026.XLS,6,71,CVL16870H329,PEN,4.8,0.057534246575342465,PRIVADA,0,,0,,0,,0,,0,,0,,0,,0,,0,,0,,0,,104514.023897384,0.05074755092760322,0,,0,,0,,104514.023897384,0.0008848784567715739
2026,1,CA-0001-en2026.XLS,6,72,CVL16870H410,PEN,4.65,0.7342465753424657,PRIVADA,0,,0,,0,,0,,0,,0,,0,,0,,0,,0,,0,,40454.1893989069,0.01964282839948448,0,,0,,0,,40454.1893989069,0.00034250944849656395
2026,1,CA-0001-en2026.XLS,6,73,CVL16870H428,PEN,4.7,0.7342465753424657,PRIVADA,0,,0,,0,,0,,0,,0,,0,,30354.569952133497,0.016926157855207163,0,,0,,0,,0,,0,,0,,0,,30354.569952133497,0.000257000008358505
2026,1,CA-0001-en2026.XLS,6,74,CVL16870H436,PEN,4.67,0.9835616438356164,PRIVADA,0,,0,,0,,0,,0,,0,,0,,70008.8754655439,0.03903798601870979,0,,0,,0,,0,,0,,0,,0,,70008.8754655439,0.000592737159781429
2026,1,CA-0001-en2026.XLS,6,75,Santander Consumer Bank S.A,,,,,1961.832926,0.007285960615678931,0,,0,,0,,52094.87266590001,0.01827378715254347,0,,0,,0,,0,,0,,0,,4228.63941736,0.002053246886730177,0,,0,,0,,58285.345009259996,0.0004934787143477659
2026,1,CA-0001-en2026.XLS,6,76,PEP16920Q234,PEN,4.59376,0.4246575342465753,PUBLICA,1961.832926,0.007285960615678931,0,,0,,0,,26975.2027325,0.009462334542821133,0,,0,,0,,0,,0,,0,,0,,0,,0,,0,,28937.0356585,0.00024499831220906997
2026,1,CA-0001-en2026.XLS,6,77,PEP16920Q242,PEN,4.499981,0.6794520547945205,PUBLICA,0,,0,,0,,0,,25119.6699334,0.008811452609722338,0,,0,,0,,0,,0,,0,,4228.63941736,0.002053246886730177,0,,0,,0,,29348.309350760002,0.00024848040213869597
2026,1,CA-0001-en2026.XLS,6,78,Gobierno,,,,,0,,457333.92978509044,0.2738701976974664,3809696.3369520516,0.29043901112356196,495580.3823458773,0.09938971538145278,0,,2204588.3584003504,0.28336672801149454,7218636.868466235,0.2666737801374082,0,,1482503.404052926,0.3077450980414149,2654679.1727121724,0.20363002277819875,137012.61863793002,0.03850190966141012,0,,1929044.9201191852,0.28405842271724785,5055014.125025027,0.23079970430493169,149988.1455045,0.04978938813322535,25594078.26200135,0.21669482841084556
2026,1,CA-0001-en2026.XLS,6,79,GOBIERNO CENTRAL,,,,,0,,457333.92978509044,0.2738701976974664,3790337.6417572354,0.2889631663864134,495580.3823458773,0.09938971538145278,0,,2204588.3584003504,0.28336672801149454,7213143.414171917,0.2664708387442655,0,,1482503.404052926,0.3077450980414149,2654679.1727121724,0.20363002277819875,137012.61863793002,0.03850190966141012,0,,1929044.9201191852,0.28405842271724785,5055014.125025027,0.23079970430493169,149988.1455045,0.04978938813322535,25569226.112512216,0.21648441519673953
2026,1,CA-0001-en2026.XLS,6,80,PEP01000C2Z1,PEN,6.9,11.53972602739726,PUBLICA,0,,0,,27326.3466885318,0.0020832728931320823,0,,0,,604311.1104732039,0.07767511854232849,1732154.530367086,0.06398994779928215,0,,366588.83883375,0.07609825234759007,618451.1208552419,0.047438958771915486,38994.19056039,0.010957755695797785,0,,414267.11166518,0.06100224058855533,1190720.737530647,0.05436542556257699,0,,4992813.98697403,0.042272159955097595
2026,1,CA-0001-en2026.XLS,6,81,PEP01000C4G7,PEN,6.95,5.534246575342466,PUBLICA,0,,54832.5504083852,0.03283596611267725,588355.372778096,0.04485432369017067,109662.785546306,0.021993108346604666,0,,0,,0,,0,,0,,39.3595978948,3.0191203133863037e-06,0,,0,,0,,0,,0,,752890.0683306819,0.006374419211312886
2026,1,CA-0001-en2026.XLS,6,82,PEP01000C4L7,PEN,6.8500000000000005,16.046575342465754,PUBLICA,0,,14323.884428808,0.008577725825321429,178141.361189508,0.013580925146774279,0,,0,,0,,0,,0,,0,,0,,0,,0,,0,,82959.34927644,0.00378772300309588,0,,275424.594894756,0.0023319099332229217
2026,1,CA-0001-en2026.XLS,6,83,PEP01000C4S2,PEN,6.7142,29.054794520547944,PUBLICA,0,,0,,60319.025359306,0.004598528735051352,0,,0,,47615.587939850004,0.006120268804580443,126008.46457150001,0.00465505526720481,0,,0,,0,,0,,0,,50518.2431016165,0.0074389830450423385,160368.63110992202,0.007322043366154472,0,,444829.95208219445,0.0037661973661136374
2026,1,CA-0001-en2026.XLS,6,84,PEP01000C4T0,VAC,3.2669,28.054794520547944,PUBLICA,0,,0,,0,,0,,0,,0,,0,,0,,0,,0,,0,,0,,8502.050285950201,0.0012519558092719404,169924.55897007603,0.007758343892707774,0,,178426.60925602625,0.0015106667675572004
2026,1,CA-0001-en2026.XLS,6,85,PEP01000C5E9,PEN,6.15,6.536986301369863,PUBLICA,0,,0,,0,,0,,0,,74716.5358693396,0.009603688696338198,620.5283013764,2.2923805536355956e-05,0,,0,,0,,0,,0,,0,,2782.2965715144,0.00012703292416437495,0,,78119.3607422304,0.0006614053961355223
2026,1,CA-0001-en2026.XLS,6,86,PEP01000C5F6,PEN,5.94,3.0383561643835617,PUBLICA,0,,0,,0,,0,,0,,0,,9713.761753499999,0.0003588496849697351,0,,5396.5343075,0.0011202382234032004,0,,0,,0,,2634.5880489214996,0.00038795204708872956,11203.205222370001,0.0005115112220537384,0,,28948.0893322915,0.00024509189924592427
2026,1,CA-0001-en2026.XLS,6,87,PEP01000C5G4,PEN,5.4,8.536986301369863,PUBLICA,0,,178758.543934646,0.10704790215433688,1322361.020332596,0.10081255646769344,175139.46748471502,0.03512459823967815,0,,58759.9128402,0.007552704420452332,808530.237053931,0.029869048492029027,0,,227493.317099889,0.04722414328579353,471723.9639184041,0.036184094298517176,0,,0,,443317.860599222,0.06528006213376272,1324920.980171718,0.06049268367761853,15409.0680525,0.0051151247150674805,5026414.37148782,0.04255664097770836
2026,1,CA-0001-en2026.XLS,6,88,PEP01000C5H2,PEN,5.3500000000000005,14.542465753424658,PUBLICA,0,,36553.486512381205,0.021889717612646454,464519.687008615,0.035413488795316195,33306.66273687,0.006679723103755111,0,,256014.45019900598,0.032906813101922304,345461.49690671096,0.012762177257382162,0,,0,,0,,0,,0,,73099.602255692,0.010764164950978495,57169.52760229,0.0026102221951349795,0,,1266124.9132215655,0.010719773457307144
2026,1,CA-0001-en2026.XLS,6,89,PEP01000C5I0,PEN,7.3,7.536986301369863,PUBLICA,0,,53623.518995576,0.03211194882359463,384979.966216364,0.02934963598167491,112533.69723046,0.022568875881676723,0,,154942.875530931,0.019915579931552446,1183675.907494162,0.043727830400771155,0,,0,,0,,0,,0,,3153.0723785224,0.0004643006273286038,364.2709274512,1.6631728470630908e-05,0,,1893273.3087734666,0.01602958819535232
2026,1,CA-0001-en2026.XLS,6,90,PEP01000C5J8,PEN,7.6000000000000005,13.53972602739726,PUBLICA,0,,1512.168550284,0.000905548162614528,55336.273189716,0.004218659715367929,0,,0,,708707.920764719,0.091093760818299,2427558.076745167,0.08967982468500012,0,,360191.72686464,0.07477030946075851,775679.933009778,0.059499364010152773,0,,0,,403976.396692788,0.05948689782322987,414500.180227697,0.018925074522995456,0,,5147462.676044789,0.043581508578599444
2026,1,CA-0001-en2026.XLS,6,91,PEP01000C5K6,PEN,6.8500000000000005,9.536986301369863,PUBLICA,0,,117729.77695500999,0.0705013890062752,691460.570994503,0.0527147328049901,64937.7693475263,0.01302340980973812,0,,291307.628067975,0.037443221132813884,544989.189064995,0.020133209334418634,0,,522832.986947147,0.10853215472386964,788784.7953308539,0.06050458657729994,98018.42807754,0.027544153965612335,0,,529568.66977362,0.07798078701405846,1447622.27645868,0.06609492774666402,134579.077452,0.04467426341815787,5231831.168469851,0.044295822874358765
2026,1,CA-0001-en2026.XLS,6,92,US715638BE14,PEN,6.95,5.534246575342466,PUBLICA,0,,0,,0,,0,,0,,8212.336715126,0.0010555725632074306,34431.221913488,0.0012719720176713526,0,,0,,0,,0,,0,,0,,0,,0,,42643.558628614,0.0003610459624785395
2026,1,CA-0001-en2026.XLS,6,93,US715638DC30,PEN,5.3500000000000005,14.542465753424658,PUBLICA,0,,0,,0,,0,,0,,0,,0,,0,,0,,0,,0,,0,,0,,5973.62815008,0.0002727413962783444,0,,5973.62815008,5.0576321355304066e-05
2026,1,CA-0001-en2026.XLS,6,94,US715638DF60,USD,2.783,4.983561643835617,PUBLICA,0,,0,,0,,0,,0,,0,,0,,0,,0,,0,,0,,0,,0,,90379.39337399999,0.004126504249060831,0,,90379.39337399999,0.0007652061910013007
2026,1,CA-0001-en2026.XLS,6,95,US715638DR09,USD,3.23,95.55342465753425,PUBLICA,0,,0,,0,,0,,0,,0,,0,,0,,0,,0,,0,,0,,7.3253176726,1.0786779313842908e-06,29.3012706904,1.3378250671197869e-06,0,,36.626588363,3.1010268075871445e-07
2026,1,CA-0001-en2026.XLS,6,96,US715638FC12,USD,5.5,10.169863013698631,PUBLICA,0,,0,,8856.90444538,0.0006752219445369466,0,,0,,0,,0,,0,,0,,0,,0,,0,,0,,44929.3048705236,0.0020513632647251264,0,,53786.2093159036,0.000455386331137528
2026,1,CA-0001-en2026.XLS,6,97,US715638FD94,USD,6.2,29.432876712328767,PUBLICA,0,,0,,8681.11355462,0.0006618202117054758,0,,0,,0,,0,,0,,0,,0,,0,,0,,0,,51166.4832909302,0.002336137728163409,0,,59847.59684555019,0.000506705676074379
2026,1,CA-0001-en2026.XLS,6,98,BANCO DE LA NACION,,,,,0,,0,,19358.695194816002,0.0014758447371485538,0,,0,,0,,5493.454294318401,0.00020294139314272372,0,,0,,0,,0,,0,,0,,0,,0,,24852.1494891344,0.00021041321410601764
2026,1,CA-0001-en2026.XLS,6,99,PEP12030D010,PEN,8,5.835616438356165,PUBLICA,0,,0,,19358.695194816002,0.0014758447371485538,0,,0,,0,,5493.454294318401,0.00020294139314272372,0,,0,,0,,0,,0,,0,,0,,0,,24852.1494891344,0.00021041321410601764
2026,1,CA-0001-en2026.XLS,6,100,Hidrocarburos,,,,,0,,29989.0608874733,0.017958671988044184,23628.205289356796,0.0018013384721249702,0,,0,,79572.89231126159,0.010227900390898492,71885.00951020929,0.0026556048698116778,0,,58861.2332346976,0.012218694367331057,49578.4043500408,0.003802964859513046,0,,0,,183751.96784798533,0.02705810197248503,284162.1672542882,0.01297415646224599,0,,781428.9406853128,0.006616046434009445
2026,1,CA-0001-en2026.XLS,6,101,CORPORACION PRIMAX S.A,,,,,0,,21013.660099966,0.01258383616677957,23628.205289356796,0.0018013384721249702,0,,0,,19774.378292572,0.002541699385228306,30644.655014561304,0.0011320871436875865,0,,0,,0,,0,,0,,63523.3625271213,0.00935403109432783,90502.93626250418,0.004132144918192611,0,,249087.1974860816,0.0021089217187680886
2026,1,CA-0001-en2026.XLS,6,102,PEP73125M023,PEN,7.125,1.6849315068493151,PRIVADA,0,,503.4166902348,0.000301466432948889,0,,0,,0,,0,,0,,0,,0,,0,,0,,0,,1662.067531554,0.00024474509460029,0,,0,,2165.4842217888,1.833428916889715e-05
2026,1,CA-0001-en2026.XLS,6,103,PEP73125M031,PEN,7.9375,10.693150684931506,PRIVADA,0,,5645.9426115,0.0033810205595868827,11291.885223,0.0008608570573141085,0,,0,,6210.53687265,0.0007982712537203656,19744.9905009378,0.0007294273630335794,0,,0,,0,,0,,0,,41950.482791967304,0.006177351211384456,32362.543049118,0.0014775953501920379,0,,117206.3810491731,0.0009923395705097266
2026,1,CA-0001-en2026.XLS,6,104,PEP73125M049,PEN,7.0625,2.4794520547945207,PRIVADA,0,,0,,0,,0,,0,,6138.2874406519995,0.000788984674179132,10899.6645136235,0.00040265978065400724,0,,0,,0,,0,,0,,0,,34233.5654010335,0.001563021700126891,0,,51271.51735530899,0.0004340954396536098
2026,1,CA-0001-en2026.XLS,6,105,PEP73125M056,PEN,7.6875,12.484931506849316,PRIVADA,0,,5303.967128050001,0.003176231701467064,0,,0,,0,,7425.55397927,0.0009544434573288085,0,,0,,0,,0,,0,,0,,0,,710.7315951587,3.245028360865127e-05,0,,13440.2527024787,0.00011379324636535222
2026,1,CA-0001-en2026.XLS,6,106,PEP73125M064,PEN,5.96875,5.794520547945205,PRIVADA,0,,9560.3336701812,0.0057251174727767345,12336.3200663568,0.0009404814148108617,0,,0,,0,,0,,0,,0,,0,,0,,0,,19910.812203600002,0.002931934788343085,23196.096217193997,0.0010590775842650312,0,,65003.562157331995,0.0005503591730705027
2026,1,CA-0001-en2026.XLS,6,107,"Hunt Oil Company of Peru L.L.C.,",,,,,0,,8975.400787507298,0.005374835821264613,0,,0,,0,,59798.5140186896,0.007686201005670186,41240.354495648,0.0015235177261240913,0,,58861.2332346976,0.012218694367331057,49578.4043500408,0.003802964859513046,0,,0,,120228.60532086401,0.0177040708781572,193659.23099178402,0.008842011544053379,0,,532341.7431992312,0.004507124715241356
2026,1,CA-0001-en2026.XLS,6,108,USP5300PAE36,USD,7.75,12.772602739726027,PUBLICA,0,,8975.400787507298,0.005374835821264613,0,,0,,0,,59798.5140186896,0.007686201005670186,41240.354495648,0.0015235177261240913,0,,58861.2332346976,0.012218694367331057,49578.4043500408,0.003802964859513046,0,,0,,120228.60532086401,0.0177040708781572,193659.23099178402,0.008842011544053379,0,,532341.7431992312,0.004507124715241356
2026,1,CA-0001-en2026.XLS,6,109,Industria,,,,,0,,24504.652618644,0.014674384776850987,38598.604077352,0.0029426335874173626,0,,0,,134358.8867232,0.017269817272212155,125486.1300528,0.00463575897579466,0,,96649.670874,0.020062997735772997,114606.44032600001,0.008791010339026739,0,,0,,106108.66325298,0.015624861404686649,0,,0,,640313.047924976,0.005421274586603469
2026,1,CA-0001-en2026.XLS,6,110,Alimentos,,,,,0,,24504.652618644,0.014674384776850987,38598.604077352,0.0029426335874173626,0,,0,,134358.8867232,0.017269817272212155,125486.1300528,0.00463575897579466,0,,96649.670874,0.020062997735772997,114606.44032600001,0.008791010339026739,0,,0,,106108.66325298,0.015624861404686649,0,,0,,640313.047924976,0.005421274586603469
2026,1,CA-0001-en2026.XLS,6,111,ALICORP S.A.,,,,,0,,24504.652618644,0.014674384776850987,38598.604077352,0.0029426335874173626,0,,0,,134358.8867232,0.017269817272212155,125486.1300528,0.00463575897579466,0,,96649.670874,0.020062997735772997,114606.44032600001,0.008791010339026739,0,,0,,106108.66325298,0.015624861404686649,0,,0,,640313.047924976,0.005421274586603469
2026,1,CA-0001-en2026.XLS,6,112,USP0161KEA71,PEN,7.4,6.380821917808219,PUBLICA,0,,24504.652618644,0.014674384776850987,38598.604077352,0.0029426335874173626,0,,0,,134358.8867232,0.017269817272212155,125486.1300528,0.00463575897579466,0,,96649.670874,0.020062997735772997,114606.44032600001,0.008791010339026739,0,,0,,106108.66325298,0.015624861404686649,0,,0,,640313.047924976,0.005421274586603469
2026,1,CA-0001-en2026.XLS,6,113,Inmobiliaria y Construccion,,,,,0,,245.54763280000003,0.00014704393083338912,3041.936462,0.000231907464475457,245.54763280000003,4.924510776850871e-05,0,,38629.3847432606,0.004965227326038103,319273.09340565576,0.011794714745464176,0,,75179.53296399381,0.015606124531965046,272476.4079657696,0.0209005960987389,7688.8059898434,0.0021606310175514513,0,,26135.3308504062,0.0038485163207610156,225603.17596029,0.010300494719513881,52642.4951188803,0.01747496519114382,1021161.2587256995,0.008645764128489672
2026,1,CA-0001-en2026.XLS,6,114,AENZA S.A.A. (antes GRANA & MONTERO S.A.A.),,,,,0,,0,,0,,0,,0,,0,,0,,0,,34639.88,0.007190710819010216,98723.658,0.007572704428440828,0,,0,,0,,0,,0,,133363.538,0.0011291357589571379
2026,1,CA-0001-en2026.XLS,6,115,USP0091FAB50,USD,12,3.287671232876712,PUBLICA,0,,0,,0,,0,,0,,0,,0,,0,,34639.88,0.007190710819010216,98723.658,0.007572704428440828,0,,0,,0,,0,,0,,133363.538,0.0011291357589571379
2026,1,CA-0001-en2026.XLS,6,116,Huascacocha Finance Limited,,,,,0,,0,,0,,0,,0,,658.5497499774999,8.46466811696842e-05,7524.7281382388,0.00027798152666416384,0,,132.1077020032,2.7423544252144862e-05,489.2113339806,3.7525481838186494e-05,30.3997836996,8.54264181915566e-06,0,,0,,0,,0,,8834.9967078997,7.480238499040228e-05
2026,1,CA-0001-en2026.XLS,6,117,XS0511095894,VAC,5.2,2.16986301369863,PUBLICA,0,,0,,0,,0,,0,,399.7762825593,5.13852378353417e-05,4568.4429999456,0.00016876925468570174,0,,0,,0,,0,,0,,0,,0,,0,,4968.2192825049,4.206392642505223e-05
2026,1,CA-0001-en2026.XLS,6,118,XS0511096355,VAC,5.2,2.16986301369863,PUBLICA,0,,0,,0,,0,,0,,258.77346741819997,3.32614433343425e-05,2956.2851382932004,0.00010921227197846209,0,,132.1077020032,2.7423544252144862e-05,489.2113339806,3.7525481838186494e-05,30.3997836996,8.54264181915566e-06,0,,0,,0,,0,,3866.7774253948,3.273845856535004e-05
2026,1,CA-0001-en2026.XLS,6,119,Línea Amarilla S.A.C.,,,,,0,,0,,0,,0,,0,,21578.658361283102,0.0027736124938768517,246617.88973941698,0.009110657054050493,0,,33236.0410239906,0.006899295256573539,123062.424657789,0.009439635717111542,7658.4062061438,0.0021520883757322955,0,,2225.6588944062,0.0003277358388381011,145593.44176229,0.006647443998449251,40979.333906880296,0.013603314811766175,620951.8545522,0.005257351102710253
2026,1,CA-0001-en2026.XLS,6,120,XS0799645816,VAC,6.45,11.421917808219177,PUBLICA,0,,0,,0,,0,,0,,21578.658361283102,0.0027736124938768517,246617.88973941698,0.009110657054050493,0,,33236.0410239906,0.006899295256573539,123062.424657789,0.009439635717111542,7658.4062061438,0.0021520883757322955,0,,2225.6588944062,0.0003277358388381011,145593.44176229,0.006647443998449251,40979.333906880296,0.013603314811766175,620951.8545522,0.005257351102710253
2026,1,CA-0001-en2026.XLS,6,121,Norvial S.A.,,,,,0,,99.4706328,5.956706925906332e-05,1492.059492,0.00011374982283777183,99.4706328,1.994905011374134e-05,0,,0,,0,,0,,0,,0,,0,,0,,0,,0,,0,,1691.0007576,1.431702737092781e-05
2026,1,CA-0001-en2026.XLS,6,122,PEP74850M025,PEN,8.375,0.9808219178082191,PUBLICA,0,,99.4706328,5.956706925906332e-05,1492.059492,0.00011374982283777183,99.4706328,1.994905011374134e-05,0,,0,,0,,0,,0,,0,,0,,0,,0,,0,,0,,1691.0007576,1.431702737092781e-05
2026,1,CA-0001-en2026.XLS,6,123,Rutas de Lima S.A.C.,,,,,0,,146.077,8.747686157432581e-05,1549.87697,0.00011815764163768518,146.077,2.9296057654767366e-05,0,,16392.176632,0.0021069681509915668,65130.475527999995,0.002406076164749519,0,,7171.5042379999995,0.0014886949121291476,50201.113974,0.0038507304713483424,0,,0,,23909.671956000002,0.003520780481922914,80009.734198,0.003653050721064631,11663.161212,0.0038716503793776464,256319.868708,0.002170157854460951
2026,1,CA-0001-en2026.XLS,6,124,USP82169AA48,PEN,10.375,10.421917808219177,PUBLICA,0,,146.077,8.747686157432581e-05,1549.87697,0.00011815764163768518,146.077,2.9296057654767366e-05,0,,16392.176632,0.0021069681509915668,65130.475527999995,0.002406076164749519,0,,7171.5042379999995,0.0014886949121291476,50201.113974,0.0038507304713483424,0,,0,,10944.673148,0.0016116403299642251,50753.869342,0.0023172987743939758,5338.822196,0.0017722513309089978,207774.666028,0.0017591450312122916
2026,1,CA-0001-en2026.XLS,6,125,XS1084504874,VAC,7.25,13.421917808219177,PRIVADA,0,,0,,0,,0,,0,,0,,0,,0,,0,,0,,0,,0,,12964.998808,0.0019091401519586893,29255.864856,0.001335751946670655,6324.339016,0.0020993990484686484,48545.20268,0.0004110128232486595
2026,1,CA-0001-en2026.XLS,6,126,Minería,,,,,0,,35985.5867330396,0.021549636077664525,60521.0951781424,0.004613933888945512,0,,0,,95646.0171660994,0.012293859227014467,40759.793007398395,0.0015057646307689554,0,,62289.510415571196,0.012930352427782583,49976.4676590048,0.0038334987340033076,0,,0,,141717.807856032,0.020868429008922842,157336.52330336897,0.007183604665912531,0,,644232.8013186568,0.005454461571513082
2026,1,CA-0001-en2026.XLS,6,127,CIA MINERA BUENAVENTURA,,,,,0,,0,,4345.779796435199,0.0003313082920533252,0,,0,,49849.7157482754,0.0064074323853100254,40759.793007398395,0.0015057646307689554,0,,62289.510415571196,0.012930352427782583,49976.4676590048,0.0038334987340033076,0,,0,,0,,0,,0,,207221.26662668498,0.0017544596197244064
2026,1,CA-0001-en2026.XLS,6,128,USP6680PAB78,USD,6.8,6.016438356164383,PUBLICA,0,,0,,4345.779796435199,0.0003313082920533252,0,,0,,49849.7157482754,0.0064074323853100254,40759.793007398395,0.0015057646307689554,0,,62289.510415571196,0.012930352427782583,49976.4676590048,0.0038334987340033076,0,,0,,0,,0,,0,,207221.26662668498,0.0017544596197244064
2026,1,CA-0001-en2026.XLS,6,129,Marcobre S.A.C.,,,,,0,,0,,0,,0,,0,,20190.879337823997,0.0025952343401584245,0,,0,,0,,0,,0,,0,,74033.22423868801,0.010901643962036262,16825.73278152,0.0007682222155352302,0,,111049.836358032,0.0009402145679292975
2026,1,CA-0001-en2026.XLS,6,130,USP6432AAA36,USD,5.75,9.983561643835616,PUBLICA,0,,0,,0,,0,,0,,20190.879337823997,0.0025952343401584245,0,,0,,0,,0,,0,,0,,74033.22423868801,0.010901643962036262,16825.73278152,0.0007682222155352302,0,,111049.836358032,0.0009402145679292975
2026,1,CA-0001-en2026.XLS,6,131,MINSUR,,,,,0,,0,,10488.22144,0.0007995883120478952,0,,0,,0,,0,,0,,0,,0,,0,,0,,0,,18026.6306,0.0008230523019703001,0,,28514.852039999998,0.00024142385229563944
2026,1,CA-0001-en2026.XLS,6,132,USP6811TAB19,USD,4.5,5.745205479452054,PUBLICA,0,,0,,10488.22144,0.0007995883120478952,0,,0,,0,,0,,0,,0,,0,,0,,0,,0,,18026.6306,0.0008230523019703001,0,,28514.852039999998,0.00024142385229563944
2026,1,CA-0001-en2026.XLS,6,133,Nexa Resources S.A. Peru,,,,,0,,0,,0,,0,,0,,25605.422079999997,0.0032911925015460166,0,,0,,0,,0,,0,,0,,0,,0,,0,,25605.422079999997,0.00021679087198270532
2026,1,CA-0001-en2026.XLS,6,134,USL67359AC04,USD,6.75,11.194520547945206,PUBLICA,0,,0,,0,,0,,0,,25605.422079999997,0.0032911925015460166,0,,0,,0,,0,,0,,0,,0,,0,,0,,25605.422079999997,0.00021679087198270532
2026,1,CA-0001-en2026.XLS,6,135,VOLCAN CIA MINERA,,,,,0,,35985.5867330396,0.021549636077664525,45687.0939417072,0.0034830372848442914,0,,0,,0,,0,,0,,0,,0,,0,,0,,67684.583617344,0.00996678504688658,122484.159921849,0.005592330148407001,0,,271841.4242139398,0.0023015726595810334
2026,1,CA-0001-en2026.XLS,6,136,USP98047AC08,USD,4.375,0.03287671232876712,PUBLICA,0,,1787.0602737499999,0.0010701645309789051,0,,0,,0,,0,,0,,0,,0,,0,,0,,0,,0,,0,,0,,1787.0602737499999,1.513032489062233e-05
2026,1,CA-0001-en2026.XLS,6,137,USP98047AE63,USD,8.5,6.082191780821918,PUBLICA,0,,34198.526459289606,0.02047947154668562,45687.0939417072,0.0034830372848442914,0,,0,,0,,0,,0,,0,,0,,0,,0,,67684.583617344,0.00996678504688658,122484.159921849,0.005592330148407001,0,,270054.36394018977,0.0022864423346904113
2026,1,CA-0001-en2026.XLS,6,138,Otras Empresas Financieras,,,,,2401.9087158239,0.008920337748449478,66.2809056728,3.969170787023605e-05,5961.6028856952,0.00045449345398955324,0,,174078.1855878805,0.061062971239703896,0,,0,,121290.0476718514,0.06763312728187948,12117.7138911668,0.0025154526048844134,23348.5124872482,0.00179097277685649,0,,211902.0160474595,0.10289057822123915,20770.850002,0.0030585782780528136,0,,0,,571937.1181947984,0.00484236292552948
2026,1,CA-0001-en2026.XLS,6,139,Caja Municipal de Ahorro y Crédito de Arequip,,,,,0,,0,,0,,0,,0,,0,,0,,0,,0,,0,,0,,84279.24466350001,0.04092240544580115,0,,0,,0,,84279.24466350001,0.0007135586706424615
2026,1,CA-0001-en2026.XLS,6,140,PEP13150Q066,PEN,4.749992,0.06301369863013699,PUBLICA,0,,0,,0,,0,,0,,0,,0,,0,,0,,0,,0,,39879.809608,0.01936393407885768,0,,0,,0,,39879.809608,0.000337646404437735
2026,1,CA-0001-en2026.XLS,6,141,PEP13150Q074,PEN,4.812499,0.23013698630136986,PUBLICA,0,,0,,0,,0,,0,,0,,0,,0,,0,,0,,0,,39565.077056,0.019211113379629066,0,,0,,0,,39565.077056,0.00033498168974659484
2026,1,CA-0001-en2026.XLS,6,142,PEP13150Q082,PEN,4.68748,0.7178082191780822,PUBLICA,0,,0,,0,,0,,0,,0,,0,,0,,0,,0,,0,,4834.3579995,0.002347357987314398,0,,0,,0,,4834.3579995,4.093057645813163e-05
2026,1,CA-0001-en2026.XLS,6,143,CORPORACION FINANCIERA DE DESARROLLO,,,,,0,,66.2809056728,3.969170787023605e-05,137.66034255120002,1.0494782319970645e-05,0,,71044.33417233801,0.024920860242533552,0,,0,,116166.40290309401,0.06477610706097864,0,,0,,0,,45391.6680721436,0.022040257386335554,0,,0,,0,,232806.3463957996,0.001971078261493479
2026,1,CA-0001-en2026.XLS,6,144,PEP11100M302,PEN,6.875,0.6821917808219178,PUBLICA,0,,66.2809056728,3.969170787023605e-05,137.66034255120002,1.0494782319970645e-05,0,,0,,0,,0,,0,,0,,0,,0,,22362.1578677616,0.010858109782085805,0,,0,,0,,22566.099115985602,0.00019105813953458855
2026,1,CA-0001-en2026.XLS,6,145,PEP11100M310,PEN,6.675000000000001,0.7424657534246575,PUBLICA,0,,0,,0,,0,,0,,0,,0,,0,,0,,0,,0,,7851.867536282,0.0038125318767316045,0,,0,,0,,7851.867536282,6.647862333864215e-05
2026,1,CA-0001-en2026.XLS,6,146,PEP11100V204,PEN,4.53125,0.7287671232876712,PUBLICA,0,,0,,0,,0,,30355.2853362,0.010647996526374838,0,,0,,5059.2142226999995,0.002821092793993301,0,,0,,0,,15177.6426681,0.007369615727518144,0,,0,,0,,50592.142227,0.0004283434420489888
2026,1,CA-0001-en2026.XLS,6,147,PEP11100V212,PEN,4.4375,0.863013698630137,PUBLICA,0,,0,,0,,0,,14569.59760547,0.0051107088263379315,0,,0,,86663.985756675,0.04832512223339223,0,,0,,0,,0,,0,,0,,0,,101233.583362145,0.0008571042782440753
2026,1,CA-0001-en2026.XLS,6,148,PEP11100V220,PEN,4.4375,0.958904109589041,PUBLICA,0,,0,,0,,0,,26119.451230668,0.00916215488982078,0,,0,,24443.202923719,0.013629892033593105,0,,0,,0,,0,,0,,0,,0,,50562.654154387,0.00042809377832718455
2026,1,CA-0001-en2026.XLS,6,149,Edpyme Santander Consumo Perú S.A.,,,,,2401.9087158239,0.008920337748449478,0,,0,,0,,103033.85141554248,0.036142110997170344,0,,0,,5123.6447687574,0.00285702022090083,0,,0,,0,,47742.8260606269,0.023181879393699333,0,,0,,0,,158302.23096075066,0.001340281702038194
2026,1,CA-0001-en2026.XLS,6,150,PEP16997V307,PEN,4.687486,0.021917808219178082,PUBLICA,499.48734997500003,0.0018550229796416868,0,,0,,0,,18600.908913068997,0.006524808161087367,0,,0,,3726.1756308135,0.002077770728520649,0,,0,,0,,0,,0,,0,,0,,22826.571893857497,0.0001932634584106524
2026,1,CA-0001-en2026.XLS,6,151,PEP16997V315,PEN,4.687486,0.1917808219178082,PUBLICA,0,,0,,0,,0,,14301.758624489701,0.0050167565373866255,0,,0,,1397.4691379439,0.000779249492380181,0,,0,,0,,23360.530199530298,0.011342876790969578,0,,0,,0,,39059.7579619639,0.00033070335499845707
2026,1,CA-0001-en2026.XLS,6,152,PEP16997V323,PEN,4.594008,0.3643835616438356,PUBLICA,983.26086154,0.0036516870612044025,0,,0,,0,,19665.2172308,0.006898145164666008,0,,0,,0,,0,,0,,0,,0,,0,,0,,0,,20648.47809234,0.0001748224089713649
2026,1,CA-0001-en2026.XLS,6,153,PEP16997V331,PEN,4.499981,0.6164383561643836,PUBLICA,427.6802083048,0.0015883417555680956,0,,0,,0,,15503.407551049,0.00543826974189822,0,,0,,0,,0,,0,,0,,17019.7282895842,0.008264053912972172,0,,0,,0,,32950.816048937995,0.0002789813861092576
2026,1,CA-0001-en2026.XLS,6,154,PEP16997V349,PEN,4.499981,0.8054794520547945,PUBLICA,491.4802960041,0.0018252859520352935,0,,0,,0,,34962.5590961348,0.012264131392132123,0,,0,,0,,0,,0,,0,,7362.5675715124,0.003574948689757581,0,,0,,0,,42816.6069636513,0.00036251109354846215
2026,1,CA-0001-en2026.XLS,6,155,Fondo Mivivienda S.A.,,,,,0,,0,,5823.9425431439995,0.0004439986716695826,0,,0,,0,,0,,0,,12117.7138911668,0.0025154526048844134,23348.5124872482,0.00179097277685649,0,,34488.277251189,0.016746035995403107,20770.850002,0.0030585782780528136,0,,0,,96549.296174748,0.0008174442913553447
2026,1,CA-0001-en2026.XLS,6,156,PEP16880M023,PEN,6.71875,0.44931506849315067,PUBLICA,0,,0,,0,,0,,0,,0,,0,,0,,0,,0,,0,,20003.73049518,0.0097129580719512,0,,0,,0,,20003.73049518,0.00016936358882927292
2026,1,CA-0001-en2026.XLS,6,157,PEP16880M049,PEN,5.03125,0.4602739726027397,PUBLICA,0,,0,,5823.9425431439995,0.0004439986716695826,0,,0,,0,,0,,0,,0,,0,,0,,14484.546756009,0.007033077923451909,0,,0,,0,,20308.489299153,0.00017194385978326425
2026,1,CA-0001-en2026.XLS,6,158,PEP16880M080,PEN,6.875,9.901369863013699,PUBLICA,0,,0,,0,,0,,0,,0,,0,,0,,12117.7138911668,0.0025154526048844134,23348.5124872482,0.00179097277685649,0,,0,,20770.850002,0.0030585782780528136,0,,0,,56237.076380415,0.0004761368427428075
2026,1,CA-0001-en2026.XLS,6,159,Otros,,,,,0,,9460.074169085501,0.005665077997028605,105692.818200249,0.008057680950367326,3462.417021916,0.000694395207314629,0,,157348.3295451747,0.020224764923299818,148201.03128829293,0.005474901973051956,58509.353599840004,0.03262568228107671,30239.8521378102,0.006277332136618863,81237.5801753943,0.006231416011246518,0,,0,,57569.112427291206,0.008477247524291912,81006.40884262559,0.003698556471904975,0,,732726.9774076794,0.006203706381451801
2026,1,CA-0001-en2026.XLS,6,160,Asociación Tecsup N° 2,,,,,0,,0,,0,,0,,0,,1758.102583788,0.0002259776863913248,0,,0,,9767.2365766,0.0020275293598935656,0,,0,,0,,0,,0,,0,,11525.339160388,9.758043896603229e-05
2026,1,CA-0001-en2026.XLS,7,1,INVERSIÓN EN BONOS LOCALES (UNIDADES),,,,,,,,,,,,,,,,,,,,,,,,,,,,,,,,,,,,
2026,1,CA-0001-en2026.XLS,7,2,Al 30-01-2026,,,,,,,,,,,,,,,,,,,,,,,,,,,,,,,,,,,,
2026,1,CA-0001-en2026.XLS,7,3,,HA00,HA01,HA02,HA03,IN00,IN01,IN02,PR00,PR01,PR02,PR03,RI00,RI01,RI02,RI03,TOTAL,% SOBRE EL EMISOR,,,,,,,,,,,,,,,,,,,
2026,1,CA-0001-en2026.XLS,7,4,Almacenes Comerciales,,,,,,,,,,,,,,,,,,,,,,,,,,,,,,,,,,,,
2026,1,CA-0001-en2026.XLS,7,5,InRetail Shopping Malls,,,,,,,,,,,,,,,,,,,,,,,,,,,,,,,,,,,,
2026,1,CA-0001-en2026.XLS,7,6,CVL800700S24,,1600,3400,,,6000,,,,,,,3500,6500,,21000,0.49065420560747663,,,,,,,,,,,,,,,,,,,
2026,1,CA-0001-en2026.XLS,7,7,CVL800707107,,,,,,,2500,,,2500,,,,,,5000,0.3546099290780142,,,,,,,,,,,,,,,,,,,
2026,1,CA-0001-en2026.XLS,7,8,USP56243AE14,,,,,,6100,,,,,,,5061,15939,,27100,0.07226666666666667,,,,,,,,,,,,,,,,,,,
2026,1,CA-0001-en2026.XLS,7,9,Inverfal Perú S.A.,,,,,,,,,,,,,,,,,,,,,,,,,,,,,,,,,,,,
2026,1,CA-0001-en2026.XLS,7,10,PEP74190M059,,,35300,,,,,,,,,,,,,35300,0.1765,,,,,,,,,,,,,,,,,,,
2026,1,CA-0001-en2026.XLS,7,11,Bancos,,,,,,,,,,,,,,,,,,,,,,,,,,,,,,,,,,,,
2026,1,CA-0001-en2026.XLS,7,12,Banco BCI Peru S.A.,,,,,,,,,,,,,,,,,,,,,,,,,,,,,,,,,,,,
2026,1,CA-0001-en2026.XLS,7,13,CVL11700Q035,,,,,,,,,,,,100000,,,,100000,1,,,,,,,,,,,,,,,,,,,
2026,1,CA-0001-en2026.XLS,7,14,CVL11700Q043,,,,,,,,,,,,50000,,,,50000,1,,,,,,,,,,,,,,,,,,,
2026,1,CA-0001-en2026.XLS,7,15,PEP11700Q029,3000,,,,32524,,,,,,,,,,,35524,0.2960333333333333,,,,,,,,,,,,,,,,,,,
2026,1,CA-0001-en2026.XLS,7,16,PEP11700Q037,,,,,20000,,,,,,,,,,,20000,0.2077922077922078,,,,,,,,,,,,,,,,,,,
2026,1,CA-0001-en2026.XLS,7,17,BANCO FALABELLA,,,,,,,,,,,,,,,,,,,,,,,,,,,,,,,,,,,,
2026,1,CA-0001-en2026.XLS,7,18,PEP14150Q883,,,,,,,,,,,,10000,,,,10000,0.23255813953488372,,,,,,,,,,,,,,,,,,,
2026,1,CA-0001-en2026.XLS,7,19,PEP14150Q891,,,,,,,,39975,,,,,,,,39975,0.7995,,,,,,,,,,,,,,,,,,,
2026,1,CA-0001-en2026.XLS,7,20,BANCO RIPLEY,,,,,,,,,,,,,,,,,,,,,,,,,,,,,,,,,,,,
2026,1,CA-0001-en2026.XLS,7,21,PEP14300Q843,803,,,,,,,40127,,,,,,,,40930,0.7180701754385965,,,,,,,,,,,,,,,,,,,
2026,1,CA-0001-en2026.XLS,7,22,Compartamos Banco S.A.,,,,,,,,,,,,,,,,,,,,,,,,,,,,,,,,,,,,
2026,1,CA-0001-en2026.XLS,7,23,PEP16820Q269,1500,,,,15500,,,,,,,,,,,17000,0.302491103202847,,,,,,,,,,,,,,,,,,,
2026,1,CA-0001-en2026.XLS,7,24,PEP16820Q277,745,,,,17360,,,,,,,9814,,,,27919,0.3489875,,,,,,,,,,,,,,,,,,,
2026,1,CA-0001-en2026.XLS,7,25,BANCO CONTINENTAL,,,,,,,,,,,,,,,,,,,,,,,,,,,,,,,,,,,,
2026,1,CA-0001-en2026.XLS,7,26,PEP11600Q187,500,,,,,,,,,,,,,,,500,0.005607518560886437,,,,,,,,,,,,,,,,,,,
2026,1,CA-0001-en2026.XLS,7,27,BANCO DE CREDITO DEL PERU,,,,,,,,,,,,,,,,,,,,,,,,,,,,,,,,,,,,
2026,1,CA-0001-en2026.XLS,7,28,US05971V2F13,,56482,167803,,,,138870,,3000,9000,,,,,,375155,0.3262217391304348,,,,,,,,,,,,,,,,,,,
2026,1,CA-0001-en2026.XLS,7,29,US05971V2H78,,,,,,14479,28895,,,,,,2650,5060,,51084,0.08514,,,,,,,,,,,,,,,,,,,
2026,1,CA-0001-en2026.XLS,7,30,US05971V2J35,,1630,4154,,,,7500,,,,,,3700,23000,,39984,0.053312,,,,,,,,,,,,,,,,,,,
2026,1,CA-0001-en2026.XLS,7,31,US05971V2K08,,4000,11000,,,,,,,,,,,,,15000,0.03,,,,,,,,,,,,,,,,,,,
2026,1,CA-0001-en2026.XLS,7,32,Banco GNB Perú S.A.,,,,,,,,,,,,,,,,,,,,,,,,,,,,,,,,,,,,
2026,1,CA-0001-en2026.XLS,7,33,PEP16900Q087,500,,,,11476,,,10066,,,,50000,,,,72042,0.72042,,,,,,,,,,,,,,,,,,,
2026,1,CA-0001-en2026.XLS,7,34,PEP16900Q095,1304,,,,14545,,,,,,,,,,,15849,0.1981125,,,,,,,,,,,,,,,,,,,
2026,1,CA-0001-en2026.XLS,7,35,PEP16900Q103,,,,,28939,,,,,,,9061,,,,38000,0.38,,,,,,,,,,,,,,,,,,,
2026,1,CA-0001-en2026.XLS,7,36,BANCO INTERAMERICANO DE FINANZAS,,,,,,,,,,,,,,,,,,,,,,,,,,,,,,,,,,,,
2026,1,CA-0001-en2026.XLS,7,37,PEP12100D292,,,,,,20000,5000,,,,,,,,,25000,0.25329793916796695,,,,,,,,,,,,,,,,,,,
2026,1,CA-0001-en2026.XLS,7,38,PEP12100Q229,,,,,33185,,,46371,,,,16370,,,,95926,0.6851857142857143,,,,,,,,,,,,,,,,,,,
2026,1,CA-0001-en2026.XLS,7,39,PEP12100Q237,2000,,,,25000,,,,,,,,,,,27000,0.2723146747352496,,,,,,,,,,,,,,,,,,,
2026,1,CA-0001-en2026.XLS,7,40,PEP12100Q245,1000,,,,12500,,,,,,,,,,,13500,0.13064558272768623,,,,,,,,,,,,,,,,,,,
2026,1,CA-0001-en2026.XLS,7,41,PEP12100Q252,1921,,,,38201,,,38415,,,,,,,,78537,0.654475,,,,,,,,,,,,,,,,,,,
2026,1,CA-0001-en2026.XLS,7,42,PEP12100Q260,,,,,24248,,,4559,,,,,,,,28807,0.24005833333333335,,,,,,,,,,,,,,,,,,,
2026,1,CA-0001-en2026.XLS,7,43,BANCO INTERNACIONAL DEL PERU,,,,,,,,,,,,,,,,,,,,,,,,,,,,,,,,,,,,
2026,1,CA-0001-en2026.XLS,7,44,CVL14800A109,,1000,4000,,,7500,5500,10000,,,,,,,,28000,0.8974358974358975,,,,,,,,,,,,,,,,,,,
2026,1,CA-0001-en2026.XLS,7,45,PEP14800Q057,3500,,,,27500,,,,,,,,,,,31000,0.2906704172526957,,,,,,,,,,,,,,,,,,,
2026,1,CA-0001-en2026.XLS,7,46,PEP14800Q065,,,,,15000,,,,,,,30000,,,,45000,0.4444444444444444,,,,,,,,,,,,,,,,,,,
2026,1,CA-0001-en2026.XLS,7,47,USP13435AF20,,,3000,,,,,,,,,,,3000,,6000,0.02,,,,,,,,,,,,,,,,,,,
2026,1,CA-0001-en2026.XLS,7,48,USP13435AG03,,,9187,,,5700,22196,,,,,,,,,37083,0.10595142857142857,,,,,,,,,,,,,,,,,,,
2026,1,CA-0001-en2026.XLS,7,49,USP13435AH85,,2000,5000,,,,,,,,,,,,,7000,0.014,,,,,,,,,,,,,,,,,,,
2026,1,CA-0001-en2026.XLS,7,50,BANCO MIBANCO,,,,,,,,,,,,,,,,,,,,,,,,,,,,,,,,,,,,
2026,1,CA-0001-en2026.XLS,7,51,PEP13300D107,,,,,,,,,,,,,10000,,,10000,0.078400012544002,,,,,,,,,,,,,,,,,,,
2026,1,CA-0001-en2026.XLS,7,52,PEP13300Q422,2500,,,,20000,,,,,,,,,,,22500,0.19736842105263158,,,,,,,,,,,,,,,,,,,
2026,1,CA-0001-en2026.XLS,7,53,PEP13300Q430,500,,,,,,,,,,,15000,,,,15500,0.17971222854757737,,,,,,,,,,,,,,,,,,,
2026,1,CA-0001-en2026.XLS,7,54,PEP13300Q448,,,,,,,,15000,,,,15000,,,,30000,0.3333333333333333,,,,,,,,,,,,,,,,,,,
2026,1,CA-0001-en2026.XLS,7,55,Compañías de Seguros,,,,,,,,,,,,,,,,,,,,,,,,,,,,,,,,,,,,
2026,1,CA-0001-en2026.XLS,7,56,INTERSEGURO,,,,,,,,,,,,,,,,,,,,,,,,,,,,,,,,,,,,
2026,1,CA-0001-en2026.XLS,7,57,PEP66450D098,,3000,,,,,,,,,,,,,,3000,0.1045077684107852,,,,,,,,,,,,,,,,,,,
2026,1,CA-0001-en2026.XLS,7,58,Pacifico S.A. Entidad Prestadora de Salud,,,,,,,,,,,,,,,,,,,,,,,,,,,,,,,,,,,,
2026,1,CA-0001-en2026.XLS,7,59,PEP75455M014,,,1,,,,,,,,,,,,,1,7.692307692307692e-06,,,,,,,,,,,,,,,,,,,
2026,1,CA-0001-en2026.XLS,7,60,Pacifico Compañía de Seguros y Reaseguros,,,,,,,,,,,,,,,,,,,,,,,,,,,,,,,,,,,,
2026,1,CA-0001-en2026.XLS,7,61,PEP66950D014,,4866,13285,,,,,,,8600,,,,,,26751,0.53502,,,,,,,,,,,,,,,,,,,
2026,1,CA-0001-en2026.XLS,7,62,PEP66950D030,,20,1484,,,,,,,,,,,,,1504,0.025066666666666668,,,,,,,,,,,,,,,,,,,
2026,1,CA-0001-en2026.XLS,7,63,PEP66950D048,,670,1675,,,,,,,,,,,,,2345,0.05211111111111111,,,,,,,,,,,,,,,,,,,
2026,1,CA-0001-en2026.XLS,7,64,Financieras,,,,,,,,,,,,,,,,,,,,,,,,,,,,,,,,,,,,
2026,1,CA-0001-en2026.XLS,7,65,Financiera Efectiva S.A.,,,,,,,,,,,,,,,,,,,,,,,,,,,,,,,,,,,,
2026,1,CA-0001-en2026.XLS,7,66,PEP16830Q102,1000,,,,,,,,,,,27723,,,,28723,0.4787166666666667,,,,,,,,,,,,,,,,,,,
2026,1,CA-0001-en2026.XLS,7,67,InFinance XP S.A.,,,,,,,,,,,,,,,,,,,,,,,,,,,,,,,,,,,,
2026,1,CA-0001-en2026.XLS,7,68,CVL16870D013,,800,600,,,,,,,,,,,,,1400,0.28,,,,,,,,,,,,,,,,,,,
2026,1,CA-0001-en2026.XLS,7,69,CVL16870H329,,,,,,,,,,,,1,,,,1,1,,,,,,,,,,,,,,,,,,,
2026,1,CA-0001-en2026.XLS,7,70,CVL16870H410,,,,,,,,,,,,1,,,,1,1,,,,,,,,,,,,,,,,,,,
2026,1,CA-0001-en2026.XLS,7,71,CVL16870H428,,,,,,,,1,,,,,,,,1,1,,,,,,,,,,,,,,,,,,,
2026,1,CA-0001-en2026.XLS,7,72,CVL16870H436,,,,,,,,1,,,,,,,,1,1,,,,,,,,,,,,,,,,,,,
2026,1,CA-0001-en2026.XLS,7,73,Santander Consumer Bank S.A,,,,,,,,,,,,,,,,,,,,,,,,,,,,,,,,,,,,
2026,1,CA-0001-en2026.XLS,7,74,PEP16920Q234,2000,,,,27500,,,,,,,,,,,29500,0.38663171690694625,,,,,,,,,,,,,,,,,,,
2026,1,CA-0001-en2026.XLS,7,75,PEP16920Q242,,,,,25900,,,,,,,4360,,,,30260,0.37825,,,,,,,,,,,,,,,,,,,
2026,1,CA-0001-en2026.XLS,7,76,Gobierno,,,,,,,,,,,,,,,,,,,,,,,,,,,,,,,,,,,,
2026,1,CA-0001-en2026.XLS,7,77,GOBIERNO CENTRAL,,,,,,,,,,,,,,,,,,,,,,,,,,,,,,,,,,,,
2026,1,CA-0001-en2026.XLS,7,78,PEP01000C2Z1,,,25158,,,556359,1594708,,337500,569377,35900,,381395,1096237,,4596634,0.30434462208306284,,,,,,,,,,,,,,,,,,,
2026,1,CA-0001-en2026.XLS,7,79,PEP01000C4G7,,47366,508239,94730,,,,,,34,,,,,,650369,0.04261766170828301,,,,,,,,,,,,,,,,,,,
2026,1,CA-0001-en2026.XLS,7,80,PEP01000C4L7,,12884,160234,,,,,,,,,,,74620,,247738,0.053733749227031585,,,,,,,,,,,,,,,,,,,
2026,1,CA-0001-en2026.XLS,7,81,PEP01000C4S2,,,54092,,,42700,113000,,,,,,45303,143813,,398908,0.41145193514682116,,,,,,,,,,,,,,,,,,,
2026,1,CA-0001-en2026.XLS,7,82,PEP01000C4T0,,,,,,,,,,,,,5914,118199,,124113,0.4119933609958506,,,,,,,,,,,,,,,,,,,
2026,1,CA-0001-en2026.XLS,7,83,PEP01000C5E9,,,,,,66706,554,,,,,,,2484,,69744,0.004401027890908474,,,,,,,,,,,,,,,,,,,
2026,1,CA-0001-en2026.XLS,7,84,PEP01000C5F6,,,,,,,9000,,5000,,,,2441,10380,,26821,0.001591395534800808,,,,,,,,,,,,,,,,,,,
2026,1,CA-0001-en2026.XLS,7,85,PEP01000C5G4,,174013,1287256,170490,,57200,787066,,221454,459201,,,431549,1289748,15000,4892977,0.41858414551842954,,,,,,,,,,,,,,,,,,,
2026,1,CA-0001-en2026.XLS,7,86,PEP01000C5H2,,39674,504175,36150,,277870,374953,,,,,,79340,62050,,1374212,0.16043158076612357,,,,,,,,,,,,,,,,,,,
2026,1,CA-0001-en2026.XLS,7,87,PEP01000C5I0,,45340,325510,95150,,131008,1000827,,,,,,2666,308,,1600809,0.0978628507053385,,,,,,,,,,,,,,,,,,,
2026,1,CA-0001-en2026.XLS,7,88,PEP01000C5J8,,1330,48670,,,623331,2135114,,316800,682235,,,355310,364566,,4527356,0.6467651428571428,,,,,,,,,,,,,,,,,,,
2026,1,CA-0001-en2026.XLS,7,89,PEP01000C5K6,,104976,616554,57903,,259750,485950,,466194,703335,87400,,472200,1290800,120000,4665062,0.4665062,,,,,,,,,,,,,,,,,,,
2026,1,CA-0001-en2026.XLS,7,90,US715638BE14,,,,,,7102,29776,,,,,,,,,36878,0.002416557567285742,,,,,,,,,,,,,,,,,,,
2026,1,CA-0001-en2026.XLS,7,91,US715638DC30,,,,,,,,,,,,,,6480,,6480,0.0007565038315518135,,,,,,,,,,,,,,,,,,,
2026,1,CA-0001-en2026.XLS,7,92,US715638DF60,,,,,,,,,,,,,,29000,,29000,0.0145,,,,,,,,,,,,,,,,,,,
2026,1,CA-0001-en2026.XLS,7,93,US715638DR09,,,,,,,,,,,,,4,16,,20,2e-05,,,,,,,,,,,,,,,,,,,
2026,1,CA-0001-en2026.XLS,7,94,US715638FC12,,,2500,,,,,,,,,,,12682,,15182,0.00948875,,,,,,,,,,,,,,,,,,,
2026,1,CA-0001-en2026.XLS,7,95,US715638FD94,,,2500,,,,,,,,,,,14735,,17235,0.012310714285714286,,,,,,,,,,,,,,,,,,,
2026,1,CA-0001-en2026.XLS,7,96,BANCO DE LA NACION,,,,,,,,,,,,,,,,,,,,,,,,,,,,,,,,,,,,
2026,1,CA-0001-en2026.XLS,7,97,PEP12030D010,,,18240,,,,5176,,,,,,,,,23416,0.093664,,,,,,,,,,,,,,,,,,,
2026,1,CA-0001-en2026.XLS,7,98,Hidrocarburos,,,,,,,,,,,,,,,,,,,,,,,,,,,,,,,,,,,,
2026,1,CA-0001-en2026.XLS,7,99,CORPORACION PRIMAX S.A,,,,,,,,,,,,,,,,,,,,,,,,,,,,,,,,,,,,
2026,1,CA-0001-en2026.XLS,7,100,PEP73125M023,,1207,,,,,,,,,,,3985,,,5192,0.0257029702970297,,,,,,,,,,,,,,,,,,,
2026,1,CA-0001-en2026.XLS,7,101,PEP73125M031,,5000,10000,,,5500,17486,,,,,,37151,28660,,103797,0.3733705035971223,,,,,,,,,,,,,,,,,,,
2026,1,CA-0001-en2026.XLS,7,102,PEP73125M049,,,,,,584,1037,,,,,,,3257,,4878,0.21864634692962798,,,,,,,,,,,,,,,,,,,
2026,1,CA-0001-en2026.XLS,7,103,PEP73125M056,,500,,,,700,,,,,,,,67,,1267,0.10144115292233787,,,,,,,,,,,,,,,,,,,
2026,1,CA-0001-en2026.XLS,7,104,PEP73125M064,,9123,11772,,,,,,,,,,19000,22135,,62030,0.3446111111111111,,,,,,,,,,,,,,,,,,,
2026,1,CA-0001-en2026.XLS,7,105,"Hunt Oil Company of Peru L.L.C.,",,,,,,,,,,,,,,,,,,,,,,,,,,,,,,,,,,,,
2026,1,CA-0001-en2026.XLS,7,106,USP5300PAE36,,2394,,,,15950,11000,,15700,13224,,,32068.46,51654.54,,141991,0.23087967479674798,,,,,,,,,,,,,,,,,,,
2026,1,CA-0001-en2026.XLS,7,107,Industria,,,,,,,,,,,,,,,,,,,,,,,,,,,,,,,,,,,,
2026,1,CA-0001-en2026.XLS,7,108,Alimentos,,,,,,,,,,,,,,,,,,,,,,,,,,,,,,,,,,,,
2026,1,CA-0001-en2026.XLS,7,109,ALICORP S.A.,,,,,,,,,,,,,,,,,,,,,,,,,,,,,,,,,,,,
2026,1,CA-0001-en2026.XLS,7,110,USP0161KEA71,,23199,36542,,,127200,118800,,91500,108500,,,100455,,,606196,0.39620653594771243,,,,,,,,,,,,,,,,,,,
2026,1,CA-0001-en2026.XLS,7,111,Inmobiliaria y Construccion,,,,,,,,,,,,,,,,,,,,,,,,,,,,,,,,,,,,
2026,1,CA-0001-en2026.XLS,7,112,AENZA S.A.A. (antes GRANA & MONTERO S.A.A.),,,,,,,,,,,,,,,,,,,,,,,,,,,,,,,,,,,,
2026,1,CA-0001-en2026.XLS,7,113,USP0091FAB50,,,,,,,,,10000,28500,,,,,,38500,0.18333333333333332,,,,,,,,,,,,,,,,,,,
2026,1,CA-0001-en2026.XLS,7,114,Huascacocha Finance Limited,,,,,,,,,,,,,,,,,,,,,,,,,,,,,,,,,,,,
2026,1,CA-0001-en2026.XLS,7,115,XS0511095894,,,,,,2131,24352,,,,,,,,,26483,0.12414914961840649,,,,,,,,,,,,,,,,,,,
2026,1,CA-0001-en2026.XLS,7,116,XS0511096355,,,,,,1379,15754,,704,2607,162,,,,,20606,0.18962693022656582,,,,,,,,,,,,,,,,,,,
2026,1,CA-0001-en2026.XLS,7,117,Línea Amarilla S.A.C.,,,,,,,,,,,,,,,,,,,,,,,,,,,,,,,,,,,,
2026,1,CA-0001-en2026.XLS,7,118,XS0799645816,,,,,,18557,212084,,28582,105830,6586,,1914,125206,35241,534000,0.6617100371747212,,,,,,,,,,,,,,,,,,,
2026,1,CA-0001-en2026.XLS,7,119,Norvial S.A.,,,,,,,,,,,,,,,,,,,,,,,,,,,,,,,,,,,,
2026,1,CA-0001-en2026.XLS,7,120,PEP74850M025,,40,600,40,,,,,,,,,,,,680,0.023859649122807018,,,,,,,,,,,,,,,,,,,
2026,1,CA-0001-en2026.XLS,7,121,Rutas de Lima S.A.C.,,,,,,,,,,,,,,,,,,,,,,,,,,,,,,,,,,,,
2026,1,CA-0001-en2026.XLS,7,122,USP82169AA48,,500,5305,500,,56108,222932,,24547,171831,,,37462,173723,18274,711182,0.6851477555833441,,,,,,,,,,,,,,,,,,,
2026,1,CA-0001-en2026.XLS,7,123,XS1084504874,,,,,,,,,,,,,37462,84534,18274,140270,0.3333333333333333,,,,,,,,,,,,,,,,,,,
2026,1,CA-0001-en2026.XLS,7,124,Minería,,,,,,,,,,,,,,,,,,,,,,,,,,,,,,,,,,,,
2026,1,CA-0001-en2026.XLS,7,125,CIA MINERA BUENAVENTURA,,,,,,,,,,,,,,,,,,,,,,,,,,,,,,,,,,,,
2026,1,CA-0001-en2026.XLS,7,126,USP6680PAB78,,,1200,,,13765,11255,,17200,13800,,,,,,57220,0.08803076923076923,,,,,,,,,,,,,,,,,,,
2026,1,CA-0001-en2026.XLS,7,127,Marcobre S.A.C.,,,,,,,,,,,,,,,,,,,,,,,,,,,,,,,,,,,,
2026,1,CA-0001-en2026.XLS,7,128,USP6432AAA36,,,,,,6000,,,,,,,22000,5000,,33000,0.0825,,,,,,,,,,,,,,,,,,,
2026,1,CA-0001-en2026.XLS,7,129,MINSUR,,,,,,,,,,,,,,,,,,,,,,,,,,,,,,,,,,,,
2026,1,CA-0001-en2026.XLS,7,130,USP6811TAB19,,,3200,,,,,,,,,,,5500,,8700,0.0174,,,,,,,,,,,,,,,,,,,
2026,1,CA-0001-en2026.XLS,7,131,Nexa Resources S.A. Peru,,,,,,,,,,,,,,,,,,,,,,,,,,,,,,,,,,,,
2026,1,CA-0001-en2026.XLS,7,132,USL67359AC04,,,,,,7000,,,,,,,,,,7000,0.014,,,,,,,,,,,,,,,,,,,
2026,1,CA-0001-en2026.XLS,7,133,VOLCAN CIA MINERA,,,,,,,,,,,,,,,,,,,,,,,,,,,,,,,,,,,,
2026,1,CA-0001-en2026.XLS,7,134,USP98047AC08,,523,,,,,,,,,,,,,,523,0.0011010526315789473,,,,,,,,,,,,,,,,,,,
2026,1,CA-0001-en2026.XLS,7,135,USP98047AE63,,9600,12825,,,,,,,,,,19000,34383,,75808,0.10107733333333334,,,,,,,,,,,,,,,,,,,
2026,1,CA-0001-en2026.XLS,7,136,Otras Empresas Financieras,,,,,,,,,,,,,,,,,,,,,,,,,,,,,,,,,,,,
2026,1,CA-0001-en2026.XLS,7,137,Caja Municipal de Ahorro y Crédito de Arequip,,,,,,,,,,,,,,,,,,,,,,,,,,,,,,,,,,,,
2026,1,CA-0001-en2026.XLS,7,138,PEP13150Q066,,,,,,,,,,,,40000,,,,40000,0.7072761029086729,,,,,,,,,,,,,,,,,,,
2026,1,CA-0001-en2026.XLS,7,139,PEP13150Q074,,,,,,,,,,,,40000,,,,40000,0.7352941176470589,,,,,,,,,,,,,,,,,,,
2026,1,CA-0001-en2026.XLS,7,140,PEP13150Q082,,,,,,,,,,,,5000,,,,5000,0.08888888888888889,,,,,,,,,,,,,,,,,,,
2026,1,CA-0001-en2026.XLS,7,141,CORPORACION FINANCIERA DE DESARROLLO,,,,,,,,,,,,,,,,,,,,,,,,,,,,,,,,,,,,
2026,1,CA-0001-en2026.XLS,7,142,PEP11100M302,,13,27,,,,,,,,,4386,,,,4426,0.14753333333333332,,,,,,,,,,,,,,,,,,,
2026,1,CA-0001-en2026.XLS,7,143,PEP11100M310,,,,,,,,,,,,1540,,,,1540,0.154,,,,,,,,,,,,,,,,,,,
2026,1,CA-0001-en2026.XLS,7,144,PEP11100V204,,,,,6000,,,1000,,,,3000,,,,10000,0.4170141784820684,,,,,,,,,,,,,,,,,,,
2026,1,CA-0001-en2026.XLS,7,145,PEP11100V212,,,,,2900,,,17250,,,,,,,,20150,0.806,,,,,,,,,,,,,,,,,,,
2026,1,CA-0001-en2026.XLS,7,146,PEP11100V220,,,,,5220,,,4885,,,,,,,,10105,0.4042,,,,,,,,,,,,,,,,,,,
2026,1,CA-0001-en2026.XLS,7,147,Edpyme Santander Consumo Perú S.A.,,,,,,,,,,,,,,,,,,,,,,,,,,,,,,,,,,,,
2026,1,CA-0001-en2026.XLS,7,148,PEP16997V307,50,,,,1862,,,373,,,,,,,,2285,0.38083333333333336,,,,,,,,,,,,,,,,,,,
2026,1,CA-0001-en2026.XLS,7,149,PEP16997V315,,,,,1443,,,141,,,,2357,,,,3941,0.6568333333333334,,,,,,,,,,,,,,,,,,,
2026,1,CA-0001-en2026.XLS,7,150,PEP16997V323,100,,,,2000,,,,,,,,,,,2100,0.33648453773433745,,,,,,,,,,,,,,,,,,,
2026,1,CA-0001-en2026.XLS,7,151,PEP16997V331,44,,,,1595,,,,,,,1751,,,,3390,0.42375,,,,,,,,,,,,,,,,,,,
2026,1,CA-0001-en2026.XLS,7,152,PEP16997V349,51,,,,3628,,,,,,,764,,,,4443,0.555375,,,,,,,,,,,,,,,,,,,
2026,1,CA-0001-en2026.XLS,7,153,Fondo Mivivienda S.A.,,,,,,,,,,,,,,,,,,,,,,,,,,,,,,,,,,,,
2026,1,CA-0001-en2026.XLS,7,154,PEP16880M023,,,,,,,,,,,,3950,,,,3950,0.06370967741935483,,,,,,,,,,,,,,,,,,,
2026,1,CA-0001-en2026.XLS,7,155,PEP16880M049,,,1160,,,,,,,,,2885,,,,4045,0.0809,,,,,,,,,,,,,,,,,,,
2026,1,CA-0001-en2026.XLS,7,156,PEP16880M080,,,,,,,,,11668,22482,,,20000,,,54150,0.361,,,,,,,,,,,,,,,,,,,
2026,1,CA-0001-en2026.XLS,7,157,Otros,,,,,,,,,,,,,,,,,,,,,,,,,,,,,,,,,,,,
2026,1,CA-0001-en2026.XLS,7,158,Asociación Tecsup N° 2,,,,,,,,,,,,,,,,,,,,,,,,,,,,,,,,,,,,
2026,1,CA-0001-en2026.XLS,7,159,CVL75840TB14,,,,,,180,,,1000,,,,,,,1180,0.10727272727272727,,,,,,,,,,,,,,,,,,,
2026,1,CA-0001-en2026.XLS,7,160,Electro Dunas S.A.A.,,,,,,,,,,,,,,,,,,,,,,,,,,,,,,,,,,,,
2026,1,CA-0001-en2026.XLS,8,1,INVERSIÓN EN FONDOS MUTUOS O DE INVERSIÓN LOCALES,,,,,,,,,,,,,,,,,,,,,,,,,,,,,,,,,,,,
2026,1,CA-0001-en2026.XLS,8,2,(En miles de Soles),,,,,,,,,,,,,,,,,,,,,,,,,,,,,,,,,,,,
2026,1,CA-0001-en2026.XLS,8,3,Al 30-01-2026,,,,,,,,,,,,,,,,,,,,,,,,,,,,,,,,,,,,
2026,1,CA-0001-en2026.XLS,8,4,,Tipo de Oferta,HA00,,HA01,,HA02,,HA03,,IN01,,IN02,,IN03,,PR01,,PR02,,PR03,,RI01,,RI02,,RI03,,TOTAL,,,,,,,,
2026,1,CA-0001-en2026.XLS,8,5,,,Monto,%,Monto,%,Monto,%,Monto,%,Monto,%,Monto,%,Monto,%,Monto,%,Monto,%,Monto,%,Monto,%,Monto,%,Monto,%,Monto,%,,,,,,,
2026,1,CA-0001-en2026.XLS,8,6,AC CAPITALES SAFI S.A.,,0,,0,,0,,0,,0,,135391.1593363632,0.005001674542618394,10582.010939604801,0.003114514851600636,13.114028752,2.7222723758805585e-06,77727.36607908242,0.005962161261468946,1820.1525272696,0.0005114809779682658,0,,0,,6603.1011193632,0.0021919356587087437,232136.90403043517,0.0019654103606216995,,,,,,,
2026,1,CA-0001-en2026.XLS,8,7,Fondo de Infraestructura II,PRIVADA,0,,0,,0,,0,,0,,100852.242110144,0.0037257240014844507,0,,0,,52317.0935277312,0.00401303896013054,0,,0,,0,,0,,153169.3356378752,0.00129682352941501,,,,,,,
2026,1,CA-0001-en2026.XLS,8,8,"Fondo de Inversión en Infraestructura, Servicios Públicos y Recursos Naturales",PRIVADA,0,,0,,0,,0,,0,,19307.776309608,0.000713275620917147,5563.657530392001,0.001637504828384986,13.114028752,2.7222723758805585e-06,15505.622664756,0.0011893754728894896,719.637466492,0.00020222529135846057,0,,0,,0,,41109.808,0.0003480603090828486,,,,,,,
2026,1,CA-0001-en2026.XLS,8,9,Fondo Inmobiliario II,PRIVADA,0,,0,,0,,0,,0,,15231.1409166112,0.0005626749202167955,5018.353409212799,0.00147701002321565,0,,9904.6498865952,0.0007597468284489158,1100.5150607776,0.0003092556866098051,0,,0,,6603.1011193632,0.0021919356587087437,37857.760392560005,0.00032052652212384103,,,,,,,
2026,1,CA-0001-en2026.XLS,8,10,BD Capital SAFI SAC,,0,,2002.3400052972002,0.0011990828088481963,18076.7837955031,0.001378115929854077,0,,42376.8386356723,0.005446906249824655,5092.047183804701,0.00018811245057569486,0,,77242.1978376562,0.016034302303453762,108329.85322946531,0.008309557971232355,0,,88228.2078970303,0.012991903564822854,94550.47274264181,0.004316945632824552,0,,435898.7413270708,0.0036905803752507182,,,,,,,
2026,1,CA-0001-en2026.XLS,8,11,Fondo de Inversión Senior Loans BDC 2 CLASE A,PUBLICA,0,,2002.3400052972002,0.0011990828088481963,18076.7837955031,0.001378115929854077,0,,0,,0,,0,,60423.1172284953,0.012542917665224699,73904.5492864239,0.005668927985460443,0,,78284.4358657289,0.011527649327084916,44831.6125861347,0.0020469028715803853,0,,277522.83876758313,0.002349674925239119,,,,,,,
2026,1,CA-0001-en2026.XLS,8,12,Fondo de Inversión Senior Loans BDC CLASE C,PUBLICA,0,,0,,0,,0,,42376.8386356723,0.005446906249824655,5092.047183804701,0.00018811245057569486,0,,16819.0806091609,0.003491384638229065,34425.3039430414,0.0026406299857719123,0,,9943.7720313014,0.0014642542377379382,49718.8601565071,0.0022700427612441674,0,,158375.90255948782,0.001340905450011599,,,,,,,
2026,1,CA-0001-en2026.XLS,8,13,BlackRock Institutional Trust Company PE,,0,,0,,0,,0,,0,,70.2921808,2.596761952374115e-06,33334.827152,0.0098111611141768,0,,481539.6470928,0.03693701683956525,277315.778352,0.07792849411927456,0,,0,,0,,792260.5447776,0.006707753295501586,,,,,,,
2026,1,CA-0001-en2026.XLS,8,14,ETF - EPU,PUBLICA,0,,0,,0,,0,,0,,70.2921808,2.596761952374115e-06,33334.827152,0.0098111611141768,0,,481539.6470928,0.03693701683956525,277315.778352,0.07792849411927456,0,,0,,0,,792260.5447776,0.006707753295501586,,,,,,,
2026,1,CA-0001-en2026.XLS,8,15,"Carlyle Peru GP, L.P.",,0,,0,,0,,0,,0,,44270.4907412084,0.001635458235344727,27631.7220161843,0.00813261383737714,0,,34754.4054650571,0.0026658740721810167,14894.7442513407,0.004185571396970357,0,,33099.4342245096,0.0015112400168890774,33099.4342245096,0.010987538862161793,187750.2309228097,0.0015896061447275391,,,,,,,
2026,1,CA-0001-en2026.XLS,8,16,Carlyle Peru Fund,PRIVADA,0,,0,,0,,0,,0,,44270.4907412084,0.001635458235344727,27631.7220161843,0.00813261383737714,0,,34754.4054650571,0.0026658740721810167,14894.7442513407,0.004185571396970357,0,,33099.4342245096,0.0015112400168890774,33099.4342245096,0.010987538862161793,187750.2309228097,0.0015896061447275391,,,,,,,
2026,1,CA-0001-en2026.XLS,8,17,COMPASS GROUP SAFI S.A.,,13482.601799932,0.05007241157455546,27891.66756033,0.01670266737578196,94616.36221292401,0.0072132475259736855,47977.843154449,0.009622060003998739,0,,0,,0,,15007.134567,0.0031152522726195673,23146.597383,0.001775484661494016,0,,0,,0,,0,,222122.206677635,0.0018806199219023843,,,,,,,
2026,1,CA-0001-en2026.XLS,8,18,Compass - Fondo de Inversión Acreencias High Yield,PRIVADA,13482.601799932,0.05007241157455546,27891.66756033,0.01670266737578196,94616.36221292401,0.0072132475259736855,47977.843154449,0.009622060003998739,0,,0,,0,,0,,0,,0,,0,,0,,0,,183968.474727635,0.0015575875269279015,,,,,,,
2026,1,CA-0001-en2026.XLS,8,19,VINCI COMPASS - FONDO DE INVERSIÓN OPORTUNIDADES RENTA FIJA II,PRIVADA,0,,0,,0,,0,,0,,0,,0,,15007.134567,0.0031152522726195673,23146.597383,0.001775484661494016,0,,0,,0,,0,,38153.73195,0.00032303239497448287,,,,,,,
2026,1,CA-0001-en2026.XLS,8,20,Credicorp Capital S.A. Sociedad Admin. Fondos,,0,,0,,0,,0,,0,,20747.056028,0.0007664460698775821,5186.764007,0.0015265769071443078,73740.18780431,0.015307338427277955,158983.13330328,0.012194972329865928,10632.246,0.0029877669594190435,30015.15517,0.004419833642171935,72520.6660518,0.0033111180041795153,15150.596141799999,0.0050293235456477774,386975.80450619,0.003276369428045212,,,,,,,
2026,1,CA-0001-en2026.XLS,8,21,Credicorp Capital Fondo de Inversión Inmobiliario Perú,PRIVADA,0,,0,,0,,0,,0,,20747.056028,0.0007664460698775821,5186.764007,0.0015265769071443078,0,,21264.492,0.0016311157426616481,10632.246,0.0029877669594190435,0,,30301.5466918,0.001383495247189817,15150.596141799999,0.0050293235456477774,103282.70086859999,0.0008744533369563854,,,,,,,
2026,1,CA-0001-en2026.XLS,8,22,Fondo Credicorp Deuda Soles,PUBLICA,0,,0,,0,,0,,0,,0,,0,,31901.566408799998,0.006622278677614675,77220.15236319999,0.005923254887553702,0,,0,,0,,0,,109121.71877199998,0.0009238899671687594,,,,,,,
2026,1,CA-0001-en2026.XLS,8,23,Fondo Credicorp Deuda Soles II,PUBLICA,0,,0,,0,,0,,0,,0,,0,,40622.708909199995,0.008432654860550531,58658.1889608,0.004499439509299474,0,,30015.15517,0.004419833642171935,42219.11936,0.0019276227569896985,0,,171515.17239999998,0.0014521503948143482,,,,,,,
2026,1,CA-0001-en2026.XLS,8,24,Fondo de Inversión Credicorp Capital Deuda Titulizada Clase C,PUBLICA,0,,0,,0,,0,,0,,0,,0,,1215.91248631,0.00025240488911274894,1840.2999792800001,0.0001411621903511033,0,,0,,0,,0,,3056.21246559,2.5875729105718765e-05,,,,,,,
2026,1,CA-0001-en2026.XLS,8,25,El Dorado Asset Management,,0,,0,,0,,0,,0,,128986.72884908301,0.00476507950136746,0,,0,,0,,0,,0,,0,,0,,128986.72884908301,0.001092079065676916,,,,,,,
2026,1,CA-0001-en2026.XLS,8,26,FONDO BURSATIL VANECK EL DORADO PERU ETF,PUBLICA,0,,0,,0,,0,,0,,128986.72884908301,0.00476507950136746,0,,0,,0,,0,,0,,0,,0,,128986.72884908301,0.001092079065676916,,,,,,,
2026,1,CA-0001-en2026.XLS,8,27,Enfoca SAFI S.A.,,0,,0,,0,,0,,0,,19783.632,0.000730854872799323,46161.808,0.013586419198892493,0,,18894.48,0.0014493214217111633,6298.16,0.0017698456519097323,0,,40752.8,0.0018606741656832556,0,,131890.88,0.001116667352423755,,,,,,,
2026,1,CA-0001-en2026.XLS,8,28,Enfoca Descubridor 1 Clase B,PRIVADA,0,,0,,0,,0,,0,,9891.816,0.0003654274363996615,23080.904,0.006793209599446247,0,,9447.24,0.0007246607108555817,3149.08,0.0008849228259548661,0,,20376.4,0.0009303370828416278,0,,65945.44,0.0005583336762118774,,,,,,,
2026,1,CA-0001-en2026.XLS,8,29,Enfoca Descubridor 2 Clase B,PRIVADA,0,,0,,0,,0,,0,,9891.816,0.0003654274363996615,23080.904,0.006793209599446247,0,,9447.24,0.0007246607108555817,3149.08,0.0008849228259548661,0,,20376.4,0.0009303370828416278,0,,65945.44,0.0005583336762118774,,,,,,,
2026,1,CA-0001-en2026.XLS,8,30,Faro Capital SAFI S.A.,,0,,0,,0,,0,,0,,0.80832,2.9861281830411566e-08,0.20208,5.947651772461328e-08,0,,15854.951,0.0012161710787743738,4529.986,0.0012729711574986917,0,,24463.214343999996,0.0011169311296267458,12231.608855999999,0.004060349694815774,57080.770599999996,0.0004832800644002808,,,,,,,
2026,1,CA-0001-en2026.XLS,8,31,Faro Capital Fondo de Inversión Inmobiliario I ,PUBLICA,0,,0,,0,,0,,0,,0,,0,,0,,15854.951,0.0012161710787743738,4529.986,0.0012729711574986917,0,,24461.9244,0.0011168722339072866,12230.9622,0.004060135033807303,57077.823599999996,0.00048325511332945924,,,,,,,
2026,1,CA-0001-en2026.XLS,8,32,Fondo de Inversión en Retail,PRIVADA,0,,0,,0,,0,,0,,0.80832,2.9861281830411566e-08,0.20208,5.947651772461328e-08,0,,0,,0,,0,,1.289944,5.889571945923032e-08,0.646656,2.1466100847091945e-07,2.947,2.495107082152159e-08,,,,,,,
2026,1,CA-0001-en2026.XLS,8,33,HMC Asset Management S.A. Sociedad Administra,,0,,36486.8437810914,0.021849809228849052,57770.805899152496,0.004404260668866077,27365.1254325148,0.005488134972657532,0,,0,,0,,49775.258576198095,0.010332584592178111,112792.6709999441,0.008651883210982175,0,,10434.2001633926,0.0015364714475110447,10434.2001633926,0.0004764003131954765,0,,305059.10501568613,0.0025828134828626997,,,,,,,
2026,1,CA-0001-en2026.XLS,8,34,Fondo HMC Crédito Perú II (PEN) FI,PUBLICA,0,,24051.78139483,0.01440318702938511,38081.989474304995,0.0029032485495639236,18038.83761477,0.0036177278201721566,0,,0,,0,,25857.864441893,0.005367698317627531,64029.005099115,0.0049114137409974066,0,,0,,0,,0,,170059.47802491297,0.0014398256125112312,,,,,,,
2026,1,CA-0001-en2026.XLS,8,35,Fondo HMC Crédito Perú II (USD) FI,PUBLICA,0,,12435.0623862614,0.007446622199463941,19688.816424847497,0.0015010121193021538,9326.2878177448,0.0018704071524853756,0,,0,,0,,13422.3544762768,0.002786276094176821,33236.3024352766,0.002549426345573802,0,,0,,0,,0,,88108.8235404071,0.0007459821839693405,,,,,,,
2026,1,CA-0001-en2026.XLS,8,36,Fondo HMC Crédito Perú III (PEN) FI,PUBLICA,0,,0,,0,,0,,0,,0,,0,,9898.968899259999,0.0020548749811187144,14633.2573274,0.0011224597508908776,0,,9810.7841802,0.001444671324540621,9810.7841802,0.00044793664899570376,0,,44153.794587059994,0.0003738325265628268,,,,,,,
2026,1,CA-0001-en2026.XLS,8,37,Fondo HMC Crédito Perú III (USD) FI,PUBLICA,0,,0,,0,,0,,0,,0,,0,,596.0707587682999,0.00012373519925504484,894.1061381525001,6.858337352008943e-05,0,,623.4159831925999,9.180012297042365e-05,623.4159831925999,2.8463664199772712e-05,0,,2737.008863306,2.3173159819301087e-05,,,,,,,
2026,1,CA-0001-en2026.XLS,8,38,Larráin Vial S.A. SAF - Perú,,0,,0,,37144.58635888,0.0028317839471945906,0,,0,,146403.90785104,0.005408511917821543,14304.678876780801,0.004210176597188016,35731.0159874136,0.007417214009832655,75780.31533640959,0.00581281063893187,9220.7086810496,0.0025911109223458848,0,,65007.99889584,0.0029681078136534196,0,,383593.2119874136,0.0032477303695123516,,,,,,,
2026,1,CA-0001-en2026.XLS,8,39,Bienes Raíces LV Colliers II,PRIVADA,0,,0,,0,,0,,0,,34966.170560160004,0.0012917343052592757,14304.678876780801,0.004210176597188016,0,,20979.702336096,0.0016092706450152462,9220.7086810496,0.0025911109223458848,0,,0,,0,,79471.2604540864,0.0006728513905210375,,,,,,,
2026,1,CA-0001-en2026.XLS,8,40,Fondo de Inversión Activa de Financiamiento Estructurado Perú II,PUBLICA,0,,0,,0,,0,,0,,0,,0,,35731.0159874136,0.007417214009832655,11008.430646393601,0.0008444135194638812,0,,0,,0,,0,,46739.446633807194,0.00039572420872713006,,,,,,,
2026,1,CA-0001-en2026.XLS,8,41,Fondo de Inversión en Bienes Raices Larrain Vial Colliers III,PUBLICA,0,,0,,37144.58635888,0.0028317839471945906,0,,0,,111437.73729087999,0.004116777612562268,0,,0,,43792.18235392,0.0033591264744527423,0,,0,,65007.99889584,0.0029681078136534196,0,,257382.50489952,0.002179154770264184,,,,,,,
2026,1,CA-0001-en2026.XLS,8,42,Macrocapitales SAFI S.A.,,0,,0,,0,,0,,0,,96348.29572,0.0035593374064414544,23235.584811200002,0.006838735510021238,0,,21202.2957328,0.0016263449110535048,9841.229812,0.002765483536812757,0,,157107.03697999998,0.007173126876085322,6762.76502,0.0022449369668650064,314497.208076,0.002662722128223647,,,,,,,
2026,1,CA-0001-en2026.XLS,8,43,Fortaleza Fondo de Inversión de Capital Privado I,PRIVADA,0,,0,,0,,0,,0,,11545.7987,0.00042652952907004584,2032.0605712,0.0005980794070688073,0,,17826.7131928,0.0013674172196867047,6465.647272,0.0018169112425107051,0,,0,,0,,37870.219736,0.0003206320104036378,,,,,,,
2026,1,CA-0001-en2026.XLS,8,44,Kandeo Fund II (Perú) Servicios Financieros ,PRIVADA,0,,0,,0,,0,,0,,6762.76502,0.00024983277936345617,1693.59124,0.0004984605572254046,0,,3375.58254,0.00025892769136680023,3375.58254,0.0009485722943020518,0,,13513.9301,0.0006170133245793991,6762.76502,0.0022449369668650064,35484.216459999996,0.0003004306745638487,,,,,,,
2026,1,CA-0001-en2026.XLS,8,45,Macro-Infraestructura: Fondo de Inversión en Instrumentos de Deuda,PRIVADA,0,,0,,0,,0,,0,,78039.732,0.0028829750980079523,19509.933,0.005742195545727026,0,,0,,0,,0,,143593.10688,0.006556113551505922,0,,241142.77188,0.0020416594432561604,,,,,,,
2026,1,CA-0001-en2026.XLS,8,46,SIGMA SAFI SA,,0,,0,,0,,0,,0,,78103.70710872,0.002885338492148415,18366.4301408,0.005405637904825627,0,,38062.975764799994,0.0029196615175436156,14955.52168608,0.004202650461110927,0,,52396.73029728,0.0023923078274479797,32439.27558152,0.010768395577239142,234324.6405792,0.001983933051346865,,,,,,,
2026,1,CA-0001-en2026.XLS,8,47,Fondo de Inversión en Infraestructura -Sigma FI,PRIVADA,0,,0,,0,,0,,0,,73465.7205632,0.0027140001318932813,18366.4301408,0.005405637904825627,0,,36995.237855039995,0.00283775953212839,14955.52168608,0.004202650461110927,0,,49326.98380672,0.002252150636035811,32272.44153312,0.010713014099178426,225382.33558495998,0.0019082221299967024,,,,,,,
2026,1,CA-0001-en2026.XLS,8,48,Leasing Operativo,PUBLICA,0,,0,,0,,0,,0,,4637.98654552,0.0001713383602551337,0,,0,,1067.7379097599999,8.190198541522545e-05,0,,0,,3069.74649056,0.00014015719141216871,166.8340484,5.538147806071572e-05,8942.304994240001,7.571092135016235e-05,,,,,,,
2026,1,CA-0001-en2026.XLS,8,49,Union para la Infraestructura Peru SAC,,0,,0,,0,,0,,0,,57172.29741776441,0.002112081955270158,0,,0,,0,,0,,0,,0,,0,,57172.29741776441,0.00048405498537486784,,,,,,,
2026,1,CA-0001-en2026.XLS,8,50,Fondo de Inversion en Infraestructura AM SURA,PUBLICA,0,,0,,0,,0,,0,,57172.29741776441,0.002112081955270158,0,,0,,0,,0,,0,,0,,0,,57172.29741776441,0.00048405498537486784,,,,,,,
2026,1,CA-0001-en2026.XLS,8,51,W Capital SAFI S.A.,,0,,0,,0,,0,,0,,3550.68486216,0.0001311708251186854,887.6709315600001,0.0002612607674908567,0,,1775.34243108,0.00013617955171230003,1331.50724928,0.0003741667908761442,0,,0,,0,,7545.20547408,6.388223825812774e-05,,,,,,,
2026,1,CA-0001-en2026.XLS,8,52,Fondo de Desarrollo de Vivienda (FODEVI),PUBLICA,0,,0,,0,,0,,0,,3550.68486216,0.0001311708251186854,887.6709315600001,0.0002612607674908567,0,,1775.34243108,0.00013617955171230003,1331.50724928,0.0003741667908761442,0,,0,,0,,7545.20547408,6.388223825812774e-05,,,,,,,
2026,1,CA-0001-en2026.XLS,8,53,Total general,,13482.601799932,0.05007241157455546,66380.8513467186,0.03975155941347921,207608.5382664596,0.01582740807188843,75342.9685869638,0.015110194976656272,42376.8386356723,0.005446906249824655,735921.1075989436,0.02718669289261764,179691.69895512992,0.052887156165234844,251508.9088013299,0.052209413877737934,1168844.033817719,0.08965743946651654,350840.03455901984,0.09858954197418639,128677.56323042288,0.018948208654505836,550332.5536994641,0.025126851779585346,106286.78094319279,0.03528248030543824,3877294.4802409676,0.032827502264128644,,,,,,,
2026,1,CA-0001-en2026.XLS,9,1,INVERSIÓN EN FONDOS MUTUOS O DE INVERSIÓN LOCALES (UNIDADES*),,,,,,,,,,,,,,,,,,,,,,,,,,,,,,,,,,,,
2026,1,CA-0001-en2026.XLS,9,2,Al 30-01-2026,,,,,,,,,,,,,,,,,,,,,,,,,,,,,,,,,,,,
2026,1,CA-0001-en2026.XLS,9,3,,HA00,HA01,HA02,HA03,IN01,IN02,IN03,PR01,PR02,PR03,RI01,RI02,RI03,Total general,% sobre el Fondo mutuo,,,,,,,,,,,,,,,,,,,,,
2026,1,CA-0001-en2026.XLS,9,4,AC CAPITALES SAFI S.A.,,,,,,,,,,,,,,,,,,,,,,,,,,,,,,,,,,,,
2026,1,CA-0001-en2026.XLS,9,5,Fondo de Infraestructura II,,,,,,24528385,,,12724098,,,,,37252483,0.2888086642599278,,,,,,,,,,,,,,,,,,,,,
2026,1,CA-0001-en2026.XLS,9,6,"Fondo de Inversión en Infraestructura, Servicios Públicos y Recursos Naturales",,,,,,1878654,541346,1276,1508703,70021,,,,4000000,0.9999999589929215,,,,,,,,,,,,,,,,,,,,,
2026,1,CA-0001-en2026.XLS,9,7,Fondo Inmobiliario II,,,,,,12746083,4199577,,8288643,920959,,,5525763,31681025,0.601184831843849,,,,,,,,,,,,,,,,,,,,,
2026,1,CA-0001-en2026.XLS,9,8,BD Capital SAFI SAC,,,,,,,,,,,,,,,,,,,,,,,,,,,,,,,,,,,,
2026,1,CA-0001-en2026.XLS,9,9,Fondo de Inversión Senior Loans BDC 2 CLASE A,,539,4866,,,,,16265,19894,,21073,12068,,74705,0.6244444444444445,,,,,,,,,,,,,,,,,,,,,
2026,1,CA-0001-en2026.XLS,9,10,Fondo de Inversión Senior Loans BDC CLASE C,,,,,12167,1462,,4829,9884,,2855,14275,,45472,0.26666666666666666,,,,,,,,,,,,,,,,,,,,,
2026,1,CA-0001-en2026.XLS,9,11,BlackRock Institutional Trust Company PE,,,,,,,,,,,,,,,,,,,,,,,,,,,,,,,,,,,,
2026,1,CA-0001-en2026.XLS,9,12,ETF - EPU,,,,,,241,114290,,1650981,950790,,,,2716302,0.920779370079839,,,,,,,,,,,,,,,,,,,,,
2026,1,CA-0001-en2026.XLS,9,13,"Carlyle Peru GP, L.P.",,,,,,,,,,,,,,,,,,,,,,,,,,,,,,,,,,,,
2026,1,CA-0001-en2026.XLS,9,14,Carlyle Peru Fund,,,,,,86.0620402,53.7161963,,67.5627261,28.9554522,,64.3454543,64.3454543,364.9873234,0.34056631312639873,,,,,,,,,,,,,,,,,,,,,
2026,1,CA-0001-en2026.XLS,9,15,COMPASS GROUP SAFI S.A.,,,,,,,,,,,,,,,,,,,,,,,,,,,,,,,,,,,,
2026,1,CA-0001-en2026.XLS,9,16,Compass - Fondo de Inversión Acreencias High Yield,13055188,27007470,91616916,46456891,,,,,,,,,,178136465,0.5,,,,,,,,,,,,,,,,,,,,,
2026,1,CA-0001-en2026.XLS,9,17,VINCI COMPASS - FONDO DE INVERSIÓN OPORTUNIDADES RENTA FIJA II,,,,,,,,59000,91000,,,,,150000,0.35,,,,,,,,,,,,,,,,,,,,,
2026,1,CA-0001-en2026.XLS,9,18,Credicorp Capital S.A. Sociedad Admin. Fondos,,,,,,,,,,,,,,,,,,,,,,,,,,,,,,,,,,,,
2026,1,CA-0001-en2026.XLS,9,19,Credicorp Capital Fondo de Inversión Inmobiliario Perú,,,,,,58540,14635,,60000,30000,,85499,42749,291423,0.7953185253109111,,,,,,,,,,,,,,,,,,,,,
2026,1,CA-0001-en2026.XLS,9,20,Fondo Credicorp Deuda Soles,,,,,,,,4413,10682,,,,,15095,0.31882986587812867,,,,,,,,,,,,,,,,,,,,,
2026,1,CA-0001-en2026.XLS,9,21,Fondo Credicorp Deuda Soles II,,,,,,,,12316,17784,,9100,12800,,52000,0.43505451776925796,,,,,,,,,,,,,,,,,,,,,
2026,1,CA-0001-en2026.XLS,9,22,Fondo de Inversión Credicorp Capital Deuda Titulizada Clase C,,,,,,,,3700,5600,,,,,9300,0.49732620320855614,,,,,,,,,,,,,,,,,,,,,
2026,1,CA-0001-en2026.XLS,9,23,El Dorado Asset Management,,,,,,,,,,,,,,,,,,,,,,,,,,,,,,,,,,,,
2026,1,CA-0001-en2026.XLS,9,24,FONDO BURSATIL VANECK EL DORADO PERU ETF,,,,,,1657956,,,,,,,,1657956,0.23618746098187193,,,,,,,,,,,,,,,,,,,,,
2026,1,CA-0001-en2026.XLS,9,25,Enfoca SAFI S.A.,,,,,,,,,,,,,,,,,,,,,,,,,,,,,,,,,,,,
2026,1,CA-0001-en2026.XLS,9,26,Enfoca Descubridor 1 Clase B,,,,,,13350000,31150000,,12750000,4250000,,27500000,,89000000,0.9862,,,,,,,,,,,,,,,,,,,,,
2026,1,CA-0001-en2026.XLS,9,27,Enfoca Descubridor 2 Clase B,,,,,,13350000,31150000,,12750000,4250000,,27500000,,89000000,0.9862,,,,,,,,,,,,,,,,,,,,,
2026,1,CA-0001-en2026.XLS,9,28,Faro Capital SAFI S.A.,,,,,,,,,,,,,,,,,,,,,,,,,,,,,,,,,,,,
2026,1,CA-0001-en2026.XLS,9,29,Faro Capital Fondo de Inversión Inmobiliario I ,,,,,,,,,350,100,,540,270,1260,0.7599517490952955,,,,,,,,,,,,,,,,,,,,,
2026,1,CA-0001-en2026.XLS,9,30,Fondo de Inversión en Retail,,,,,,24000,6000,,,,,38300,19200,87500,0.7608695652173914,,,,,,,,,,,,,,,,,,,,,
2026,1,CA-0001-en2026.XLS,9,31,HMC Asset Management S.A. Sociedad Administra,,,,,,,,,,,,,,,,,,,,,,,,,,,,,,,,,,,,
2026,1,CA-0001-en2026.XLS,9,32,Fondo HMC Crédito Perú II (PEN) FI,,22999222,36415437,17249418,,,,24681283,61115565,,,,,162460925,0.5,,,,,,,,,,,,,,,,,,,,,
2026,1,CA-0001-en2026.XLS,9,33,Fondo HMC Crédito Perú II (USD) FI,,3811481,6034835,2858608,,,,4110952,10179499,,,,,26995375,0.5,,,,,,,,,,,,,,,,,,,,,
2026,1,CA-0001-en2026.XLS,9,34,Fondo HMC Crédito Perú III (PEN) FI,,,,,,,,9880591,14606090,,9792570,9792570,,44071821,0.49569136430679184,,,,,,,,,,,,,,,,,,,,,
2026,1,CA-0001-en2026.XLS,9,35,Fondo HMC Crédito Perú III (USD) FI,,,,,,,,220552,330828,,230670,230670,,1012720,0.48428515449496945,,,,,,,,,,,,,,,,,,,,,
2026,1,CA-0001-en2026.XLS,9,36,Larráin Vial S.A. SAF - Perú,,,,,,,,,,,,,,,,,,,,,,,,,,,,,,,,,,,,
2026,1,CA-0001-en2026.XLS,9,37,Bienes Raíces LV Colliers II,,,,,,18900,7732,,11340,4984,,,,42956,0.6782904457030289,,,,,,,,,,,,,,,,,,,,,
2026,1,CA-0001-en2026.XLS,9,38,Fondo de Inversión Activa de Financiamiento Estructurado Perú II,,,,,,,,10771623,3318648,,,,,14090271,0.4715495447881827,,,,,,,,,,,,,,,,,,,,,
2026,1,CA-0001-en2026.XLS,9,39,Fondo de Inversión en Bienes Raices Larrain Vial Colliers III,,,9337,,,28012,,,11008,,,16341,,64698,0.8815,,,,,,,,,,,,,,,,,,,,,
2026,1,CA-0001-en2026.XLS,9,40,Macrocapitales SAFI S.A.,,,,,,,,,,,,,,,,,,,,,,,,,,,,,,,,,,,,
2026,1,CA-0001-en2026.XLS,9,41,Fortaleza Fondo de Inversión de Capital Privado I,,,,,,125,22,,193,70,,,,410,0.82,,,,,,,,,,,,,,,,,,,,,
2026,1,CA-0001-en2026.XLS,9,42,Kandeo Fund II (Perú) Servicios Financieros ,,,,,,583,146,,291,291,,1165,583,3059,0.7300238663484487,,,,,,,,,,,,,,,,,,,,,
2026,1,CA-0001-en2026.XLS,9,43,Macro-Infraestructura: Fondo de Inversión en Instrumentos de Deuda,,,,,,1200,300,,,,,2208,,3708,0.845993031358885,,,,,,,,,,,,,,,,,,,,,
2026,1,CA-0001-en2026.XLS,9,44,SIGMA SAFI SA,,,,,,,,,,,,,,,,,,,,,,,,,,,,,,,,,,,,
2026,1,CA-0001-en2026.XLS,9,45,Fondo de Inversión en Infraestructura -Sigma FI,,,,,,280,70,,141,57,,188,123,859,0.6899598393574298,,,,,,,,,,,,,,,,,,,,,
2026,1,CA-0001-en2026.XLS,9,46,Leasing Operativo,,,,,,139,,,32,,,92,5,268,0.89605553665,,,,,,,,,,,,,,,,,,,,,
2026,1,CA-0001-en2026.XLS,9,47,Union para la Infraestructura Peru SAC,,,,,,,,,,,,,,,,,,,,,,,,,,,,,,,,,,,,
2026,1,CA-0001-en2026.XLS,9,48,Fondo de Inversion en Infraestructura AM SURA,,,,,,1800,,,,,,,,1800,0.20809248554913296,,,,,,,,,,,,,,,,,,,,,
2026,1,CA-0001-en2026.XLS,9,49,W Capital SAFI S.A.,,,,,,,,,,,,,,,,,,,,,,,,,,,,,,,,,,,,
2026,1,CA-0001-en2026.XLS,9,50,Fondo de Desarrollo de Vivienda (FODEVI),,,,,,6251646,1562911,,3125823,2344368,,,,13284748,0.85,,,,,,,,,,,,,,,,,,,,,
2026,1,CA-0001-en2026.XLS,9,51,* Se considera el valor sobre porcentaje comprometido total,,,,,,,,,,,,,,,,,,,,,,,,,,,,,,,,,,,,
2026,1,CA-0001-en2026.XLS,10,1,INVERSIÓN EN INSTRUMENTOS DEL EXTERIOR,,,,,,,,,,,,,,,,,,,,,,,,,,,,,,,,,,,,
2026,1,CA-0001-en2026.XLS,10,2,(En miles de Soles),,,,,,,,,,,,,,,,,,,,,,,,,,,,,,,,,,,,
2026,1,CA-0001-en2026.XLS,10,3,Al 30-01-2026,,,,,,,,,,,,,,,,,,,,,,,,,,,,,,,,,,,,
2026,1,CA-0001-en2026.XLS,10,4,,Moneda,Tasa cupón (%),Plazo remanente,HA01,,HA02,,HA03,,IN01,,IN02,,IN03,,PR01,,PR02,,PR03,,RI01,,RI02,,RI03,,Total,,,,,,,,
2026,1,CA-0001-en2026.XLS,10,5,,,,,Monto,%,Monto,%,Monto,%,Monto,%,Monto,%,Monto,%,Monto,%,Monto,%,Monto,%,Monto,%,Monto,%,Monto,%,Monto,%,,,,,,,
2026,1,CA-0001-en2026.XLS,10,6,CUENTAS CORRIENTES DEL EXTERIOR,,,,1256.7289999696,0.0007525805483873683,2566.0787666865,0.00019562960234722156,508.4856558622001,0.00010197789584096886,6519.6585443593,0.0008380042026565862,8976.546573154,0.0003316151859223659,13112.2757835065,0.0038592265590248506,8056.1884392846005,0.0016723418606054293,123075.21749529931,0.009440617005479792,74677.628093396,0.02098515683565184,127095.49103838492,0.018715243145611737,179148.5116627427,0.00817948723698668,65533.24344617639,0.02175411985124471,610526.054498822,0.005169080021779525,,,,,,,
2026,1,CA-0001-en2026.XLS,10,7,BROWN BROTHERS HARRIMAN & CO.,,,,1256.7289999696,0.0007525805483873683,2566.0787666865,0.00019562960234722156,508.4856558622001,0.00010197789584096886,47.2338459593,6.071201605454175e-06,1190.9268193939997,4.3995696498069934e-05,45.6337137465,1.3430989630263439e-05,0,,0,,0,,0,0,0,0,0,0,5615.087801618099,4.754070356540047e-05,,,,,,,
2026,1,CA-0001-en2026.XLS,10,8,AUD,,,,0,,0,,0,,0.47003807999999997,6.041633680178284e-08,0.47003807999999997,1.7364335384384322e-08,0.47003807999999997,1.3834238022745049e-07,0,,0,,0,,0,,0,,0,,1.41011424,1.1938873521776753e-08,,,,,,,
2026,1,CA-0001-en2026.XLS,10,9,BRL,,,,0,0,0,0,0,0,0,0,0.6416949000000001,2.3705750517168655e-08,0,0,0,,0,,0,,0,0,0,0,0,0,0.6416949000000001,5.4329741756733e-09,,,,,,,
2026,1,CA-0001-en2026.XLS,10,10,CAD,,,,0,0,0,0,0,0,2.4795701,3.187115015984031e-07,2.5261364264,9.33215456388548e-08,2.4795701,7.297911470807162e-07,0,,0,,0,,0,0,0,0,0,0,7.4852766264,6.337484466372127e-08,,,,,,,
2026,1,CA-0001-en2026.XLS,10,11,CLP,,,,0,0,0,0,0,0,0,0,0,0,0,0,0,,0,,0,,0,0,0,0,0,0,0,0,,,,,,,
2026,1,CA-0001-en2026.XLS,10,12,COP,,,,0,0,0,0,0,0,0,0,0,0,0,0,0,,0,,0,,0,0,0,0,0,,0,0,,,,,,,
2026,1,CA-0001-en2026.XLS,10,13,EUR,,,,0.18089166950000002,1.0832530468725531e-07,1.3254193325999999,1.010457123709701e-07,3.3922386068,6.80320774684177e-07,5.9430350622,7.638879129594768e-07,1148.9477934323,4.244489047420749e-05,3.9984896000000005,1.1768420307110148e-06,0,,0,,0,,0,0,0,0,0,0,1163.7878677034,9.853326606140188e-06,,,,,,,
2026,1,CA-0001-en2026.XLS,10,14,GBP,,,,0.007662860099999999,4.588832959542737e-09,0.8515930339000001,6.492271739524286e-08,0.6223534954000001,1.2481433684210655e-07,4.6162269618,5.933466558232463e-07,4.6161808,1.7053280365317538e-07,4.960640211199999,1.4600237799231301e-06,0,,0,,0,,0,0,0,0,0,0,15.6746573624,1.3271105733027728e-07,,,,,,,
2026,1,CA-0001-en2026.XLS,10,15,JPY,,,,0,0,0,0,0,0,0.00217923,2.801072918359066e-10,0.00217923,8.050598921626063e-11,0.00217923,6.413945552306462e-10,0,,0,,0,,0,0,0,0,0,0,0.00653769,5.535200753279724e-11,,,,,,,
2026,1,CA-0001-en2026.XLS,10,16,MXN,,,,0,0,0,0,0,0,0,0,0,0,0,0,0,,0,,0,,0,0,0,0,0,0,0,0,,,,,,,
2026,1,CA-0001-en2026.XLS,10,17,PEN,,,,0,0,0,0,0,0,0,0,0,0,0,0,0,,0,,0,,0,0,0,0,0,0,0,0,,,,,,,
2026,1,CA-0001-en2026.XLS,10,18,RUB,,,,0,,0,,0,,0,,0,0,0,0,0,,0,,0,,0,,0,,0,,0,0,,,,,,,
2026,1,CA-0001-en2026.XLS,10,19,USD,,,,1256.54044544,0.0007524676342497215,2563.90175432,0.00019546363391745533,504.47106376000005,0.00010117276072944257,33.68,4.32905824031118e-06,33.68,1.2442200762671485e-06,33.68,9.912752954102213e-06,0,,0,,0,,0,0,0,0,0,0,4425.953263519999,3.7472776834350905e-05,,,,,,,
2026,1,CA-0001-en2026.XLS,10,20,HKD,,,,0,,0,,0,,0,0,0,0,0,0,0,,0,,0,,0,,0,,0,,0,0,,,,,,,
2026,1,CA-0001-en2026.XLS,10,21,CHF,,,,0,,0,,0,,0.0043643903,5.609768346837644e-10,0.0043643903,1.6123105795503573e-10,0.0043643903,1.2845345261039206e-09,0,,0,,0,,0,,0,,0,,0.013093170900000001,1.1085464350328658e-10,,,,,,,
2026,1,CA-0001-en2026.XLS,10,22,SEK,,,,0,,0,,0,,0,0,0,0,0,0,0,,0,,0,,0,,0,,0,,0,0,,,,,,,
2026,1,CA-0001-en2026.XLS,10,23,TRY,,,,0,,0,,0,,0,0,0,0,0,0,0,,0,,0,,0,,0,,0,,0,0,,,,,,,
2026,1,CA-0001-en2026.XLS,10,24,NOK,,,,0,,0,,0,,0.017518855,2.251785736299487e-09,0.017518855,6.471885719778241e-10,0.017518855,5.156178196369903e-09,0,,0,,0,,0,,0,,0,,0.05255656499999999,4.4497542431316685e-10,,,,,,,
2026,1,CA-0001-en2026.XLS,10,25,ZAR,,,,0,,0,,0,,0.02091328,2.688088097266479e-09,0.02091328,7.725867825592705e-10,0.02091328,6.155230941210414e-09,0,,0,,0,,0,,0,,0,,0.06273984,5.311931425758171e-10,,,,,,,
2026,1,CA-0001-en2026.XLS,10,26,CNH,,,,0,,0,,0,,0,0,0,0,0,0,0,,0,,0,,0,,0,,0,,0,0,,,,,,,
2026,1,CA-0001-en2026.XLS,10,27,HUF,,,,0,,0,,0,,0,0,0,0,0,0,0,,0,,0,,0,,0,,0,,0,0,,,,,,,
2026,1,CA-0001-en2026.XLS,10,28,JP MORGAN CHASE & CO,,,,0,,0,,0,,0,,0,,0,,0,,0,,0,,118564.02980646491,0.017458956474556503,157182.4542937027,0.00717657024800705,61106.7070471364,0.020284706797857502,336853.19114730397,0.002852001299210021,,,,,,,
2026,1,CA-0001-en2026.XLS,10,29,BRL,,,,0,,0,,0,,0,,0,,0,,0,,0,,0,,115.0589372038,1.69428196724496e-05,24.4571166491,1.1166527236430922e-06,0,0,139.5160538529,1.1812266509748652e-06,,,,,,,
2026,1,CA-0001-en2026.XLS,10,30,CAD,,,,0,,0,,0,,0,,0,,0,,0,,0,,0,,0,0,25.7176795502,1.174206973272455e-06,17.13025881,5.686483434039818e-06,42.847938360200004,3.6277636395708917e-07,,,,,,,
2026,1,CA-0001-en2026.XLS,10,31,COP,,,,0,,0,,0,,0,,0,,0,,0,,0,,0,,9.8117881,1.444819155144226e-06,-77700.2825944,-0.0035476067531479655,0,0,-77690.4708063,-0.0006577741565135211,,,,,,,
2026,1,CA-0001-en2026.XLS,10,32,EUR,,,,0,,0,,0,,0,,0,,0,,0,,0,,0,,46823.499927728306,0.006894919551562282,180890.87908257623,0.008259039514258729,26068.555835012,0.00865360019071059,253782.9348453165,0.0021486786496841166,,,,,,,
2026,1,CA-0001-en2026.XLS,10,33,GBP,,,,0,,0,,0,,0,,0,,0,,0,,0,,0,,3755.8593990357003,0.0005530630654116207,45710.2384685272,0.0020870188017905393,10657.6573229144,0.003537867844532927,60123.7551904773,0.0005090437983757806,,,,,,,
2026,1,CA-0001-en2026.XLS,10,34,JPY,,,,0,,0,,0,,0,,0,,0,,0,,0,,0,,0,0,0,0,0,0,0,0,,,,,,,
2026,1,CA-0001-en2026.XLS,10,35,MXN,,,,0,,0,,0,,0,,0,,0,,0,,0,,0,,1296.7496558371,0.0001909507954192493,0,0,0,0,1296.7496558371,1.097906090959458e-05,,,,,,,
2026,1,CA-0001-en2026.XLS,10,36,PEN,,,,0,,0,,0,,0,,0,,0,,0,,0,,0,,0,0,0,0,0,0,0,0,,,,,,,
2026,1,CA-0001-en2026.XLS,10,37,USD,,,,0,,0,,0,,0,,0,,0,,0,,0,,0,,66563.05009856,0.009801635423335758,8231.4445408,0.00037582782540883147,24363.363630400003,0.008087552279179943,99157.85826975999,0.0008395299437391184,,,,,,,
2026,1,CA-0001-en2026.XLS,10,38,BNP PARIBAS ASSET MANAGEMENT S.A.S,,,,0,,0,,0,,0,0,0,0,0,0,0,,0,,0,,0,,0,,0,,0,0,,,,,,,
2026,1,CA-0001-en2026.XLS,10,39,USD,,,,0,,0,,0,,0,0,0,0,0,0,0,,0,,0,,0,,0,,0,,0,0,,,,,,,
2026,1,CA-0001-en2026.XLS,10,40,SOCIETE GENERALE ASSET MANAGEMENT,,,,0,,0,,0,,0,,0,,0,,0,,0,,0,,8531.46123192,0.0012562866710552354,21966.05736904,0.0010029169889796293,4426.536399039999,0.0014694130533872084,34924.055,0.00029568801142847476,,,,,,,
2026,1,CA-0001-en2026.XLS,10,41,USD,,,,0,,0,,0,,0,,0,,0,,0,,0,,0,,8531.46123192,0.0012562866710552354,21966.05736904,0.0010029169889796293,4426.536399039999,0.0014694130533872084,34924.055,0.00029568801142847476,,,,,,,
2026,1,CA-0001-en2026.XLS,10,42,INTL FCStone Financial Inc.,,,,0,,0,,0,,6472.4246984,0.000831933001051132,7785.619753760001,0.00028761948942429593,13066.64206976,0.003845795569394587,0,,0,,0,,0,,0,,0,,27324.686521920004,0.0002313471966692577,,,,,,,
2026,1,CA-0001-en2026.XLS,10,43,USD,,,,0,,0,,0,,6472.4246984,0.000831933001051132,7785.619753760001,0.00028761948942429593,13066.64206976,0.003845795569394587,0,,0,,0,,0,,0,,0,,27324.686521920004,0.0002313471966692577,,,,,,,
2026,1,CA-0001-en2026.XLS,10,44,STATE STREET BANK AND TRUST COMPANY,,,,0,,0,,0,,0,,0,,0,,8056.1884392846005,0.0016723418606054293,123075.21749529931,0.009440617005479792,74677.628093396,0.02098515683565184,0,,0,,0,,205809.03402797988,0.0017425028109063704,,,,,,,
2026,1,CA-0001-en2026.XLS,10,45,AUD,,,,0,,0,,0,,0,,0,,0,,0,0,0,0,0,0,0,,0,,0,,0,0,,,,,,,
2026,1,CA-0001-en2026.XLS,10,46,BRL,,,,0,,0,,0,,0,,0,,0,,0,0,0,0,0,0,0,,0,,0,,0,0,,,,,,,
2026,1,CA-0001-en2026.XLS,10,47,CAD,,,,0,,0,,0,,0,,0,,0,,0,0,0,0,0,0,0,,0,,0,,0,0,,,,,,,
2026,1,CA-0001-en2026.XLS,10,48,CLP,,,,0,,0,,0,,0,,0,,0,,0,0,0,0,0,0,0,,0,,0,,0,0,,,,,,,
2026,1,CA-0001-en2026.XLS,10,49,COP,,,,0,,0,,0,,0,,0,,0,,3.185e-07,6.611574277551637e-14,9.1e-08,6.980252929729522e-15,0,0,0,,0,,0,,4.0949999999999995e-07,3.467072786363451e-15,,,,,,,
2026,1,CA-0001-en2026.XLS,10,50,EUR,,,,0,,0,,0,,0,,0,,0,,0,0,0.48581648639999997,3.726507640114838e-08,0.2858920064,8.033849956857073e-08,0,,0,,0,,0.7717084928,6.533747287893614e-09,,,,,,,
2026,1,CA-0001-en2026.XLS,10,51,GBP,,,,0,,0,,0,,0,,0,,0,,0.0018926341,3.928819758988098e-10,51832.1205056904,0.00397583858257076,36231.713903406504,0.01018147225748177,0,,0,,0,,88063.83630173099,0.0007456012950048775,,,,,,,
2026,1,CA-0001-en2026.XLS,10,52,JPY,,,,0,,0,,0,,0,,0,,0,,0,0,0,0,0,0,0,,0,,0,,0,0,,,,,,,
2026,1,CA-0001-en2026.XLS,10,53,MXN,,,,0,,0,,0,,0,,0,,0,,6.1852e-05,1.2839531937680496e-11,0,0,0,0,0,,0,,0,,6.1852e-05,5.236761562445719e-13,,,,,,,
2026,1,CA-0001-en2026.XLS,10,54,PEN,,,,0,,0,,0,,0,,0,,0,,0,0,0,0,0,0,0,,0,,0,,0,0,,,,,,,
2026,1,CA-0001-en2026.XLS,10,55,USD,,,,0,,0,,0,,0,,0,,0,,8056.18648448,0.0016723414548178057,71242.61116872,0.005464741157494934,38445.62828936,0.010803604237247324,0,,0,,0,,117744.42594256,0.0009968949815175497,,,,,,,
2026,1,CA-0001-en2026.XLS,10,56,HKD,,,,0,,0,,0,,0,,0,,0,,0,0,4.3115e-06,3.307182473244927e-13,8.6231e-06,2.4231769343717552e-12,0,,0,,0,,1.2934600000000001e-05,1.0951208708790402e-13,,,,,,,
2026,1,CA-0001-en2026.XLS,10,57,CHF,,,,0,,0,,0,,0,,0,,0,,0,0,0,0,0,0,0,,0,,0,,0,0,,,,,,,
2026,1,CA-0001-en2026.XLS,10,58,SEK,,,,0,,0,,0,,0,,0,,0,,0,0,0,0,0,0,0,,0,,0,,0,0,,,,,,,
2026,1,CA-0001-en2026.XLS,10,59,ACCIONES EN EL EXTRANJERO,,,,0,,0,,17577.4960962,0.0035252047828249725,6822.5433702,0.0008769354987127292,129657.19606224001,0.0047898481702240165,10021.78558756,0.002949628405239441,10246.978335999998,0.002127116432933327,166482.39816388002,0.012770211511338685,79586.634848,0.02236463659796836,0,,571.51309088,2.6093903818883677e-05,0,,420966.5455549601,0.003564155443377367,,,,,,,
2026,1,CA-0001-en2026.XLS,10,60,Auna S.A.A.,,,,0,,0,,17577.4960962,0.0035252047828249725,6822.5433702,0.0008769354987127292,129657.19606224001,0.0047898481702240165,10021.78558756,0.002949628405239441,0,,11890.30901188,0.0009120589485226891,0,,0,,571.51309088,2.6093903818883677e-05,0,,176540.84321896,0.001494700740430068,,,,,,,
2026,1,CA-0001-en2026.XLS,10,61,LU2791994721,USD,,,0,,0,,17577.4960962,0.0035252047828249725,6822.5433702,0.0008769354987127292,129657.19606224001,0.0047898481702240165,10021.78558756,0.002949628405239441,0,,11890.30901188,0.0009120589485226891,0,,0,,571.51309088,2.6093903818883677e-05,0,,176540.84321896,0.001494700740430068,,,,,,,
2026,1,CA-0001-en2026.XLS,10,62,Hecla Mining Company,,,,0,,0,,0,,0,,0,,0,,10246.978335999998,0.002127116432933327,154592.089152,0.011858152562815995,79586.634848,0.02236463659796836,0,,0,,0,,244425.702336,0.0020694547029472994,,,,,,,
2026,1,CA-0001-en2026.XLS,10,63,US4227041062,USD,,,0,,0,,0,,0,,0,,0,,10246.978335999998,0.002127116432933327,154592.089152,0.011858152562815995,79586.634848,0.02236463659796836,0,,0,,0,,244425.702336,0.0020694547029472994,,,,,,,
2026,1,CA-0001-en2026.XLS,10,64,TIT. DEUDA EMITIDOS POR ESTADOS DEL EXTRANJER,,,,230885.28216387558,0.13826351764753178,0,,0,,1112284.4513578173,0.14296746347151298,478275.49579665705,0.017668645304537555,32198.5261908,0.0094767231477313,450418.0100728291,0.09349990987577741,202158.05894731052,0.01550675146412525,28502.1481276732,0.008009387334372188,911578.5859800985,0.13423304590560148,690520.2167688119,0.03152748101292991,3869.2309935,0.001284412465161767,4140690.0063993707,0.03505756688145145,,,,,,,
2026,1,CA-0001-en2026.XLS,10,65,REPUBLICA DE CHILE,,,,53777.323297300005,0.032204053108399536,0,,0,,196243.32078615,0.025224131976107872,0,,0,,225782.655065,0.04686903593548093,0,,0,,144500.8992416,0.021278248677203848,0,,0,,620304.1983900501,0.005251867656911204,,,,,,,
2026,1,CA-0001-en2026.XLS,10,66,CL0002839505,CLP,6,7.1726027397260275,53777.323297300005,0.032204053108399536,0,,0,,113301.8414508,0.014563250308046812,0,,0,,225782.655065,0.04686903593548093,0,,0,,144500.8992416,0.021278248677203848,0,,0,,537362.7190547,0.0045496353104781916,,,,,,,
2026,1,CA-0001-en2026.XLS,10,67,CL0002187822,CLP,5,9.087671232876712,0,,0,,0,,82941.47933535001,0.010660881668061058,0,,0,,0,,0,,0,,0,,0,,0,,82941.47933535001,0.0007022323464330124,,,,,,,
2026,1,CA-0001-en2026.XLS,10,68,REPUBLICA DE COLOMBIA,,,,51459.70193595,0.030816166972946896,0,,0,,279867.81981644966,0.035972805569308965,116538.3104606,0.004305205033531246,32198.5261908,0.0094767231477313,0,,0.0842419503,6.461869454809932e-09,0,,160233.7741023,0.023594967987950726,299001.5819464,0.013651688203659414,3869.2309935,0.001284412465161767,943169.0296879499,0.007985435105670118,,,,,,,
2026,1,CA-0001-en2026.XLS,10,69,COL17CT02914,COP,6,2.243835616438356,0,,0,,0,,0,,0,,0,,0,,0.0842419503,6.461869454809932e-09,0,,38751.2971564,0.00570626025018342,38751.2971564,0.0017692903924547145,0,,77502.67855475031,0.0006561841945969451,,,,,,,
2026,1,CA-0001-en2026.XLS,10,70,COL17CT03862,COP,13.25,7.032876712328767,0,,0,,0,,0,,0,,0,,0,,0,,0,,58027.0886525,0.0085446860804489,221557.97485499998,0.010115800632442405,0,,279585.0635075,0.0023671349576570217,,,,,,,
2026,1,CA-0001-en2026.XLS,10,71,COL17CT03771,COP,7,5.153424657534247,15476.923974,0.00926821290189395,0,,0,,0,,0,,0,,0,,0,,0,,63455.3882934,0.009344021657318406,38692.309935000005,0.0017665971787622953,3869.2309935,0.001284412465161767,121493.8531959,0.0010286398830914312,,,,,,,
2026,1,CA-0001-en2026.XLS,10,72,COL17CT03995,COP,11,3.5616438356164384,35982.77796195,0.021547954071052946,0,,0,,0,,0,,0,,0,,0,,0,,0,,0,,0,,35982.77796195,0.00030465179548140505,,,,,,,
2026,1,CA-0001-en2026.XLS,10,73,US195325CU73,USD,5,19.386301369863013,0,,0,,0,,18690.599996649602,0.0024023959599719738,0,,0,,0,,0,,0,,0,,0,,0,,18690.599996649602,0.00015824583787347655,,,,,,,
2026,1,CA-0001-en2026.XLS,10,74,COL17CT03938,COP,11.5,20.495890410958904,0,,0,,0,,132371.7187844,0.017014396674220937,0,,32198.5261908,0.0094767231477313,0,,0,,0,,0,,0,,0,,164570.2449752,0.0013933504708148533,,,,,,,
2026,1,CA-0001-en2026.XLS,10,75,COL17CT04084,COP,11.75,8.98904109589041,0,,0,,0,,128805.5010354,0.016556012935116052,116538.3104606,0.004305205033531246,0,,0,,0,,0,,0,,0,,0,,245343.81149599998,0.002077227966154984,,,,,,,
2026,1,CA-0001-en2026.XLS,10,76,GOBIERNO DE MEXICO,,,,44371.719734250095,0.026571594330440634,0,,0,,115494.5479821222,0.014845089805612267,147054.289366742,0.005432538572782039,0,,0,,0,,0,,157327.29987296302,0.023166979776456518,106564.200160864,0.004865463335673109,0,,570812.0571169413,0.004832837483170421,,,,,,,
2026,1,CA-0001-en2026.XLS,10,77,MX0MGO0000B2,MXN,10,10.813698630136987,8495.0463861967,0.005087180026922825,0,,0,,0,,0,,0,,0,,0,,0,,0,,0,,0,,8495.0463861967,7.192416152497623e-05,,,,,,,
2026,1,CA-0001-en2026.XLS,10,78,MX0MGO0000J5,MXN,8.5,12.808219178082192,18777.3373751765,0.01124463496856267,0,,0,,0,,0,,0,,0,,0,,0,,71353.8820256708,0.010507101712132415,0,,0,,90131.2194008473,0.0007631050011878661,,,,,,,
2026,1,CA-0001-en2026.XLS,10,79,MX0MGO0000R8,MXN,7.75,16.797260273972604,17099.3359728769,0.010239779334955141,0,,0,,76947.01187794619,0.009890382893038755,147054.289366742,0.005432538572782039,0,,0,,0,,0,,0,,0,,0,,241100.63721756512,0.002041302705914303,,,,,,,
2026,1,CA-0001-en2026.XLS,10,80,MX0MGO000102,MXN,8,21.783561643835615,0,,0,,0,,0,,0,,0,,0,,0,,0,,69116.0305472922,0.0101775704738529,0,,0,,69116.0305472922,0.0005851777988082583,,,,,,,
2026,1,CA-0001-en2026.XLS,10,81,MX0MGO0001E4,MXN,8,27.517808219178082,0,,0,,0,,38547.536104176,0.004954706912573511,0,,0,,0,,0,,0,,0,,0,,0,,38547.536104176,0.0003263665773092826,,,,,,,
2026,1,CA-0001-en2026.XLS,10,82,US91087BBC37,USD,6.875,9.287671232876713,0,,0,,0,,0,,0,,0,,0,,0,,0,,0,,29020.218580864002,0.0013249929083619981,0,,29020.218580864002,0.00024570258875710024,,,,,,,
2026,1,CA-0001-en2026.XLS,10,83,US91087BBL36,USD,5.625,9.64931506849315,0,,0,,0,,0,,0,,0,,0,,0,,0,,16857.387300000002,0.0024823075904712015,77543.98157999999,0.0035404704273111105,0,,94401.36888,0.000799258649668634,,,,,,,
2026,1,CA-0001-en2026.XLS,10,84,GOBIERNO DE LOS ESTADOS UNIDOS,,,,0,,0,,0,,0,,0,,0,,0,,0,,0,,0,,66648.15851552,0.003042993530265173,0,,66648.15851552,0.0005642833129435821,,,,,,,
2026,1,CA-0001-en2026.XLS,10,85,US91282CPJ44,USD,4,9.797260273972602,0,,0,,0,,0,,0,,0,,0,,0,,0,,0,,66648.15851552,0.003042993530265173,0,,66648.15851552,0.0005642833129435821,,,,,,,
2026,1,CA-0001-en2026.XLS,10,86,REPUBLICA FEDERAL DE BRASIL,,,,81276.53719637549,0.048671703235744726,0,,0,,401007.1237746302,0.05154344399050025,214682.895969315,0.00793090169822427,0,,224635.35500782912,0.04663087394029648,202157.9747053602,0.015506745002255795,28502.1481276732,0.008009387334372188,449516.6127632355,0.06619284946399037,218306.27614602802,0.009967335943332215,0,,1820084.923690447,0.015409931398773008,,,,,,,
2026,1,CA-0001-en2026.XLS,10,87,BRSTNCNTF1P8,BRL,10,0.9205479452054794,39095.8669007907,0.023412198614489167,0,,0,,78822.3122999812,0.010131424601621584,110351.23721997399,0.004076639690914793,0,,156950.98825172303,0.03258063160946314,66210.7423319842,0.0050787662433230685,28502.1481276732,0.008009387334372188,213513.87955818902,0.03144064465424286,218306.27614602802,0.009967335943332215,0,,911753.4508363435,0.007719451959139568,,,,,,,
2026,1,CA-0001-en2026.XLS,10,88,BRSTNCNTF238,BRL,10,8.926027397260274,0,,0,,0,,322184.811474649,0.04141201938887867,104331.65874934099,0.0038542620073094766,0,,0,,0,,0,,140550.421113102,0.020696527342227992,0,,0,,567066.891337092,0.004801128661788894,,,,,,,
2026,1,CA-0001-en2026.XLS,10,89,BRSTNCNTF204,BRL,10,4.923287671232877,39551.9671377348,0.02368533002662918,0,,0,,0,,0,,0,,67684.36675610609,0.014050242330833348,135947.232373376,0.010427978758932727,0,,95452.3120919445,0.014055677467519529,0,,0,,338635.87835916143,0.0028670945991339006,,,,,,,
2026,1,CA-0001-en2026.XLS,10,90,BRSTNCNTF2K7,BRL,10,10.92876712328767,2628.70315785,0.0015741745946263792,0,,0,,0,,0,,0,,0,,0,,0,,0,,0,,0,,2628.70315785,2.2256178710645673e-05,,,,,,,
2026,1,CA-0001-en2026.XLS,10,91,Gobierno de Japón,,,,0,,0,,0,,40696.2035874097,0.005230885851824744,0,,0,,0,,0,,0,,0,,0,,0,,40696.2035874097,0.0003445584858759825,,,,,,,
2026,1,CA-0001-en2026.XLS,10,92,JP1400181R57,JPY,3.1,39.16164383561644,0,,0,,0,,40696.2035874097,0.005230885851824744,0,,0,,0,,0,,0,,0,,0,,0,,40696.2035874097,0.0003445584858759825,,,,,,,
2026,1,CA-0001-en2026.XLS,10,93,Gobierno de Sudáfrica,,,,0,,0,,0,,78975.4354110553,0.010151106278158918,0,,0,,0,,0,,0,,0,,0,,0,,78975.4354110553,0.000668653438107141,,,,,,,
2026,1,CA-0001-en2026.XLS,10,94,ZAG000125972,ZAR,8.875,9.084931506849315,0,,0,,0,,78975.4354110553,0.010151106278158918,0,,0,,0,,0,,0,,0,,0,,0,,78975.4354110553,0.000668653438107141,,,,,,,
2026,1,CA-0001-en2026.XLS,10,95,TIT. DEUDA EMITIDOS EMPRESAS PÚBLICAS EXTRAN,,,,92024.83775916361,0.05510822370433501,80179.5517430863,0.006112631470051346,0,,284420.64617046237,0.03655800302906386,356536.8193864733,0.013171326265115333,0,,94480.16598155201,0.01961264160572805,54507.78806628,0.004181078542227767,0,,433550.83427144587,0.06384183430175636,499086.5414443286,0.02278708295149456,0,,1894787.1848227917,0.016042405578630813,,,,,,,
2026,1,CA-0001-en2026.XLS,10,96,EMPRESAS PÚBLICAS DE MEDELLIN,,,,43945.642166157995,0.02631644171610766,80179.5517430863,0.006112631470051346,0,,61337.9873651749,0.007884077186677952,93936.8436288878,0.0034702525755412705,0,,0,,0,,0,,150526.708749365,0.022165569613340767,103318.179615341,0.004717257897756408,0,,533244.913268013,0.004514771495136182,,,,,,,
2026,1,CA-0001-en2026.XLS,10,97,USP9379RAZ03,COP,8.375,1.7726027397260273,43945.642166157995,0.02631644171610766,80179.5517430863,0.006112631470051346,0,,61337.9873651749,0.007884077186677952,93936.8436288878,0.0034702525755412705,0,,0,,0,,0,,150526.708749365,0.022165569613340767,103318.179615341,0.004717257897756408,0,,533244.913268013,0.004514771495136182,,,,,,,
2026,1,CA-0001-en2026.XLS,10,98,ECOPETROL S.A.,,,,48079.19559300561,0.02879178198822735,0,,0,,223082.6588052875,0.028673925842385907,262599.97575758555,0.009701073689574062,0,,94480.16598155201,0.01961264160572805,54507.78806628,0.004181078542227767,0,,249296.9193309609,0.03670981891341673,382277.4793525396,0.017453864027840653,0,,1314324.1828872112,0.011127857404023516,,,,,,,
2026,1,CA-0001-en2026.XLS,10,99,US279158AQ26,USD,5.875,25.77260273972603,0,,0,,0,,45361.7586825087,0.0058305728984418504,83412.1551755723,0.0030814453109904334,0,,0,,0,,0,,7455.501892704,0.0010978480003856557,65856.933385552,0.003006868106771061,0,,202086.349136337,0.0017109843262176731,,,,,,,
2026,1,CA-0001-en2026.XLS,10,100,US279158AJ82,USD,5.875,19.336986301369862,34099.1380066696,0.020419953690267934,0,,0,,81181.66222136021,0.010434683604558737,77461.4276765684,0.0028616111476099213,0,,0,,0,,0,,77451.10086312001,0.011404937914837692,124438.10205341301,0.005681542414691556,0,,394631.43082113116,0.003341186555417863,,,,,,,
2026,1,CA-0001-en2026.XLS,10,101,US279158AS81,USD,8.875,6.958904109589041,0,,0,,0,,30524.3613171168,0.003923448274646684,3633.852537752,0.00013424323876678635,0,,94480.16598155201,0.01961264160572805,54507.78806628,0.004181078542227767,0,,89261.9537373401,0.013144126154264043,98470.1360680036,0.004495907968852428,0,,370878.2577080445,0.003140077934929064,,,,,,,
2026,1,CA-0001-en2026.XLS,10,102,US279158AV11,USD,8.375,9.975342465753425,13980.057586335999,0.008371828297959417,0,,0,,40475.76172683929,0.005202551360939595,48930.201552176,0.0018075991421322853,0,,0,,0,,0,,0,,0,,0,,103386.02086535131,0.00087532810606267,,,,,,,
2026,1,CA-0001-en2026.XLS,10,103,US279158AW93,USD,7.75,6.008219178082192,0,,0,,0,,21704.1339460897,0.002789740496084835,49162.3388155168,0.001816174850074635,0,,0,,0,,0,,75128.36283779681,0.01106290684392934,93512.30784557099,0.004269545537525607,0,,239507.1434449743,0.0020278112312032185,,,,,,,
2026,1,CA-0001-en2026.XLS,10,104,US279158AE95,USD,7.375,17.643835616438356,0,,0,,0,,3834.9809113727997,0.0004929292077142073,0,,0,,0,,0,,0,,0,,0,,0,,3834.9809113727997,3.2469250193025494e-05,,,,,,,
2026,1,CA-0001-en2026.XLS,10,105,Empresa de Energia de Bogota S.A. E.S.P.,,,,0,,0,,0,,0,,0,,0,,0,,0,,0,,33727.20619112,0.004966445774998862,13490.882476448,0.0006159610258975024,0,,47218.088667568,0.0003997766794711147,,,,,,,
2026,1,CA-0001-en2026.XLS,10,106,USP4R53VAC78,USD,5.75,9.73150684931507,0,,0,,0,,0,,0,,0,,0,,0,,0,,33727.20619112,0.004966445774998862,13490.882476448,0.0006159610258975024,0,,47218.088667568,0.0003997766794711147,,,,,,,
2026,1,CA-0001-en2026.XLS,10,107,BONO SISTEMA FINANCIERO EXTRANJERO,,,,0,,0,,0,,311019.5643811367,0.03997689453925634,310789.59158273897,0.011481313816571003,0,,82703.6957320351,0.01716802597677803,0,,0,,160009.7862168788,0.023561985010324374,296315.9241706179,0.013529067572898727,0,,1160838.5620834073,0.00982835601455595,,,,,,,
2026,1,CA-0001-en2026.XLS,10,108,BBVA Bancomer S.A.,,,,0,,0,,0,,100446.82933471841,0.012910931539328785,96933.20732989201,0.003580945445867504,0,,0,,0,,0,,0,,9655.1050020559,0.0004408287146965261,0,,207035.1416666663,0.0017528837740986582,,,,,,,
2026,1,CA-0001-en2026.XLS,10,109,USP1S81BAA64,USD,8.45,12.419178082191781,0,,0,,0,,30944.457246224,0.0039774452979133915,25283.885798744,0.000934047455963276,0,,0,,0,,0,,0,,0,,0,,56228.343044968,0.00047606290108307,,,,,,,
2026,1,CA-0001-en2026.XLS,10,110,USP16259AN67,USD,5.875,8.624657534246575,0,,0,,0,,16610.9333368704,0.00213508604041682,20763.666671087998,0.0007670597069206282,0,,0,,0,,0,,0,,9655.1050020559,0.0004408287146965261,0,,47029.7050100143,0.00039818171035634054,,,,,,,
2026,1,CA-0001-en2026.XLS,10,111,USP1S81BAB48,USD,8.125,12.947945205479453,0,,0,,0,,47354.352026624,0.006086690850815115,42544.92564892,0.0015717117172113838,0,,0,,0,,0,,0,,0,,0,,89899.277675544,0.0007611412433274967,,,,,,,
2026,1,CA-0001-en2026.XLS,10,112,USP16259AM84,USD,5.125,6.972602739726027,0,,0,,0,,0,,8340.72921114,0.0003081265657722163,0,,0,,0,,0,,0,,0,,0,,8340.72921114,7.06176196980957e-05,,,,,,,
2026,1,CA-0001-en2026.XLS,10,113,USP2000GAA15,USD,7.625,9.038356164383561,0,,0,,0,,5537.086724999999,0.0007117093501834589,0,,0,,0,,0,,0,,0,,0,,0,,5537.086724999999,4.6880299633655254e-05,,,,,,,
2026,1,CA-0001-en2026.XLS,10,114,GRUPO FINANCIERO BANORTE,,,,0,,0,,0,,89528.62726015299,0.011507560617111449,136582.3275384697,0.005045679156373498,0,,49406.2024,0.010255974158221347,0,,0,,78469.2740878928,0.011554867383698389,77086.25038249999,0.0035195715292227463,0,,431072.68166901555,0.0036497200575320112,,,,,,,
2026,1,CA-0001-en2026.XLS,10,115,USP1401KAB72,USD,6.625,5.986301369863014,0,,0,,0,,22594.121435153,0.0029041350232019173,70210.90710846969,0.002593759507045304,0,,0,,0,,0,,14344.4149078928,0.0021122638623086365,0,,0,,107149.4434515155,0.0009071915005243929,,,,,,,
2026,1,CA-0001-en2026.XLS,10,116,USP1400MAD04,USD,8.375,5.304109589041096,0,,0,,0,,66934.505825,0.00860342559390953,66371.42043,0.002451919649328194,0,,49406.2024,0.010255974158221347,0,,0,,18614.513316,0.002741050370079238,0,,0,,201326.641971,0.001704552189371409,,,,,,,
2026,1,CA-0001-en2026.XLS,10,117,USP1400MAE86,USD,8.75,9.306849315068494,0,,0,,0,,0,,0,,0,,0,,0,,0,,45510.345864,0.006701553151310514,63001.77432,0.0028765084575644068,0,,108512.120184,0.0009187287396350344,,,,,,,
2026,1,CA-0001-en2026.XLS,10,118,USP1400MAC21,USD,8.375,4.706849315068493,0,,0,,0,,0,,0,,0,,0,,0,,0,,0,,14084.4760625,0.0006430630716583393,0,,14084.4760625,0.0001192476280011751,,,,,,,
2026,1,CA-0001-en2026.XLS,10,119,BANCOLOMBIA S.A.,,,,0,,0,,0,,61356.434193943205,0.007886448249507141,48932.6639092287,0.0018076901075147053,0,,0,,0,,0,,18152.791181639997,0.00267306021606466,15487.9614361752,0.0007071428153007824,0,,143929.85072098707,0.0012185965044690802,,,,,,,
2026,1,CA-0001-en2026.XLS,10,120,US05968LAN29,USD,8.625,8.904109589041095,0,,0,,0,,61356.434193943205,0.007886448249507141,48932.6639092287,0.0018076901075147053,0,,0,,0,,0,,18152.791181639997,0.00267306021606466,15487.9614361752,0.0007071428153007824,0,,143929.85072098707,0.0012185965044690802,,,,,,,
2026,1,CA-0001-en2026.XLS,10,121,Grupo Aval Acciones y Valores S.A.,,,,0,,0,,0,,0,,3836.7050986720997,0.00014173709947993936,0,,0,,0,,0,,0,,0,,0,,3836.7050986720997,3.248384819757738e-05,,,,,,,
2026,1,CA-0001-en2026.XLS,10,122,USG42045AC15,USD,4.375,4.016438356164383,0,,0,,0,,0,,3836.7050986720997,0.00014173709947993936,0,,0,,0,,0,,0,,0,,0,,3836.7050986720997,3.248384819757738e-05,,,,,,,
2026,1,CA-0001-en2026.XLS,10,123,Banco de Crédito e Inversiones,,,,0,,0,,0,,18146.6964375235,0.002332485325038202,0,,0,,0,,0,,0,,0,,18704.7230291938,0.0008540123602962631,0,,36851.4194667173,0.0003120062358288641,,,,,,,
2026,1,CA-0001-en2026.XLS,10,124,USP32133CH47,USD,7.5,8.871232876712329,0,,0,,0,,18146.6964375235,0.002332485325038202,0,,0,,0,,0,,0,,0,,0,,0,,18146.6964375235,0.00015364082388507036,,,,,,,
2026,1,CA-0001-en2026.XLS,10,125,US05890PAC05,USD,8.75,3.271232876712329,0,,0,,0,,0,,0,,0,,0,,0,,0,,0,,18704.7230291938,0.0008540123602962631,0,,18704.7230291938,0.0001583654119437938,,,,,,,
2026,1,CA-0001-en2026.XLS,10,126,Banco Davivienda S.A.,,,,0,,0,,0,,41540.977154798595,0.005339468808270765,24504.6877064765,0.0009052620073353577,0,,33297.4933320351,0.006912051818556684,0,,0,,63387.720947346,0.009334057410561324,175381.88432069297,0.008007512153382409,0,,338112.7634613492,0.0028626655944297592,,,,,,,
2026,1,CA-0001-en2026.XLS,10,127,USP0R137PD99,USD,8.125,9.424657534246576,0,,0,,0,,41540.977154798595,0.005339468808270765,24504.6877064765,0.0009052620073353577,0,,0,,0,,0,,63387.720947346,0.009334057410561324,175381.88432069297,0.008007512153382409,0,,304815.27012931404,0.0025807490303623175,,,,,,,
2026,1,CA-0001-en2026.XLS,10,128,USP0R11WAG52,USD,6.65,15.235616438356164,0,,0,,0,,0,,0,,0,,33297.4933320351,0.006912051818556684,0,,0,,0,,0,,0,,33297.4933320351,0.0002819165640674417,,,,,,,
2026,1,CA-0001-en2026.XLS,10,129,BONOS DE EMPRESA PRIVADA EXTRANJERA,,,,0,,0,,0,,15316.44788256,0.0019686993740585836,32547.451750440003,0.0012023810243240438,0,,0,,0,,0,,75472.399071344,0.01111356734894908,66635.2672528084,0.003042404946425768,0,,189971.56595715243,0.0016084133003977838,,,,,,,
2026,1,CA-0001-en2026.XLS,10,130,Inversiones CMPC S.A.,,,,0,,0,,0,,0,,0,,0,,0,,0,,0,,75472.399071344,0.01111356734894908,66635.2672528084,0.003042404946425768,0,,142107.6663241524,0.0012031687976705413,,,,,,,
2026,1,CA-0001-en2026.XLS,10,131,USP58072BA92,USD,6.7,31.87945205479452,0,,0,,0,,0,,0,,0,,0,,0,,0,,75472.399071344,0.01111356734894908,66635.2672528084,0.003042404946425768,0,,142107.6663241524,0.0012031687976705413,,,,,,,
2026,1,CA-0001-en2026.XLS,10,132,Grupo Nutresa S.A.,,,,0,,0,,0,,15316.44788256,0.0019686993740585836,32547.451750440003,0.0012023810243240438,0,,0,,0,,0,,0,,0,,0,,47863.899633,0.00040524450272724267,,,,,,,
2026,1,CA-0001-en2026.XLS,10,133,USP4R21KAB22,USD,9,9.284931506849315,0,,0,,0,,15316.44788256,0.0019686993740585836,32547.451750440003,0.0012023810243240438,0,,0,,0,,0,,0,,0,,0,,47863.899633,0.00040524450272724267,,,,,,,
2026,1,CA-0001-en2026.XLS,10,134,FONDOS MUTUOS DEL EXTRANJERO,,,,499352.9061776865,0.29903287341910617,3479709.2659953716,0.2652818568268769,2115181.8836418344,0.4242042923491762,2067948.0467406558,0.26580366782298237,7292177.716305921,0.2693905556512991,1395352.988617603,0.4106825849149199,1344775.3881236974,0.27915486232976944,3437819.164962059,0.2637016186605132,1318928.0096724958,0.37063189933263435,1874374.0664453811,0.2760079536477008,6224709.398338819,0.28420515808422503,1356615.46097868,0.45033594826449436,32406944.296000198,0.274376641411132,,,,,,,
2026,1,CA-0001-en2026.XLS,10,135,ALLIANZ GLOBAL INVESTORS,,,,289.10944479510005,0.0001731305193984758,1344.8370347482,0.00010252605560870098,19053.8642164866,0.003821293596064406,16.0116579405,2.0580581873030128e-06,29.7786442205,1.100094625390819e-06,16.0866531965,4.73465020769665e-06,0,,0,,0,,0,,0,,0,,20749.6876513874,0.0001756793098453407,,,,,,,
2026,1,CA-0001-en2026.XLS,10,136,LU0852482198,EUR,,,131.1640788551,7.854639655477275e-05,17.6575862968,1.3461576591100615e-06,1765.7310684124002,0.0003541211770711587,9.1870896445,1.1808624147862304e-06,9.1870896445,3.3939315255798456e-07,9.1870896445,2.703959323429906e-06,0,,0,,0,,0,,0,,0,,1942.1140024978001,1.644310282313925e-05,,,,,,,
2026,1,CA-0001-en2026.XLS,10,137,LU1548499711,EUR,,,0,,12.9572255034,9.87817250842441e-07,13255.3971767742,0.00265839851535572,0,,0,,0,,0,,0,,0,,0,,0,,0,,13268.3544022776,0.00011233785218061627,,,,,,,
2026,1,CA-0001-en2026.XLS,10,138,LU1997245763,USD,,,157.94536594,9.458412284370307e-05,1314.222222948,0.00010019208069874848,4032.7359713,0.0008087739036375273,6.824568296000001,8.771957725167825e-07,20.591554576,7.607014728328346e-07,6.899563552,2.0306908842667445e-06,0,,0,,0,,0,,0,,0,,5539.2192466120005,4.689835484158517e-05,,,,,,,
2026,1,CA-0001-en2026.XLS,10,139,AXA FUNDS MANAGEMENT,,,,3.6435155688000003,2.181885629194319e-06,0.7900991199999999,6.023461893185652e-08,192.9090209409,3.868832054060072e-05,0.85468894,1.0985742869981675e-07,1.284906314,4.746752470312413e-08,0,,0,,0,,0,,0,,0,,0,,199.4822308837,1.6889362980706887e-06,,,,,,,
2026,1,CA-0001-en2026.XLS,10,140,LU0276015889,USD,,,2.1285517840000003,1.2746635662202282e-06,0,,0,,0,,0,,0,,0,,0,,0,,0,,0,,0,,2.1285517840000003,1.802159698332546e-08,,,,,,,
2026,1,CA-0001-en2026.XLS,10,141,LU0211118053,USD,,,1.4381136028000001,8.612010416444107e-07,0,,0,,0,,0,,0,,0,,0,,0,,0,,0,,0,,1.4381136028000001,1.2175932932764293e-08,,,,,,,
2026,1,CA-0001-en2026.XLS,10,142,LU0998992639,USD,,,0.07685018199999999,4.602102132968054e-08,0,,0,,0.85468894,1.0985742869981675e-07,1.284906314,4.746752470312413e-08,0,,0,,0,,0,,0,,0,,0,,2.216445436,1.8765757395885408e-08,,,,,,,
2026,1,CA-0001-en2026.XLS,10,143,LU1694772994,USD,,,0,,0.7900991199999999,6.023461893185652e-08,192.9090209409,3.868832054060072e-05,0,,0,,0,,0,,0,,0,,0,,0,,0,,193.6991200609,1.6399730107587136e-06,,,,,,,
2026,1,CA-0001-en2026.XLS,10,144,BlackRock Fund Advisors,,,,17213.7728936,0.010308308827435728,632108.5231671999,0.04818992333082828,462896.3228270401,0.09283485669695278,125423.72723199999,0.01612133669549381,964823.5369279999,0.035642898298720194,229263.81507199997,0.06747730285402945,227106.42583199998,0.047143830558792454,1424246.6643839998,0.1092483730958672,632808.633032,0.17782552486164635,165474.09311040002,0.02436662277755725,2091818.0801144,0.0955073482307476,555403.02425008,0.18436908231474028,7528586.618842719,0.06374153305487087,,,,,,,
2026,1,CA-0001-en2026.XLS,10,145,US4642875235,USD,,,127.1308856,7.613115604409078e-05,290606.0420824,0.022154871156075232,302810.6071,0.060729320865548365,0,,81293.78648000001,0.0030031876845068553,42338.083920000005,0.012461014443260315,42338.083920000005,0.008788740552787899,603580.122,0.04629826280128574,271873.48104000004,0.07639915440195344,53851.0102664,0.007929744340561441,722645.777564,0.03299425632725661,198733.5663144,0.0659706981178114,2610197.6915728003,0.022099500325960333,,,,,,,
2026,1,CA-0001-en2026.XLS,10,146,US46434G1031,USD,,,0,,0,,0,,16104.779072000001,0.002070027510392893,348977.61024,0.012892070927207245,130524.468928,0.03841617621581516,0,,0,,0,,0,,0,,0,,495606.85824000003,0.004196105130498151,,,,,,,
2026,1,CA-0001-en2026.XLS,10,147,US4642873909,USD,,,0,,0,,0,,0,,0,,0,,0,,63107.105152000004,0.004840698413450517,30916.407808,0.008687818336094494,2798.6732800000004,0.0004121141552103353,157669.74976896,0.0071988189794283414,55372.048576,0.018381055442808693,309863.98458496,0.002623494477237262,,,,,,,
2026,1,CA-0001-en2026.XLS,10,148,US4642864007,USD,,,0,,0,,19192.52401984,0.003849102118921802,4266.4746239999995,0.0005483912448962514,179142.03392,0.006617936909340692,37362.84064,0.010996692664127382,0,,136901.440128,0.010501172291622667,58296.011456,0.01638175949786629,3499.257696,0.000515277592263397,346710.56929343997,0.0158299650393013,85409.83194368001,0.028352262498704255,870780.9837209599,0.00737255446041938,,,,,,,
2026,1,CA-0001-en2026.XLS,10,149,US4642891315,USD,,,1462.9605176,0.000876080386965773,53807.378163199995,0.00410210166970272,30389.5209192,0.006094684015619448,0,,0,,0,,0,,0,,0,,0,,0,,0,,85659.8596,0.0007252477853550036,,,,,,,
2026,1,CA-0001-en2026.XLS,10,150,US46435G1022,USD,,,8716.384,0.005219726011601198,34865.536,0.0026580364686584197,0,,60735.763712,0.007806670379424774,0,,0,,0,,66035.325184,0.005065310682211623,18443.868544,0.005182910651204969,0,,0,,0,,188796.87744,0.0015984676823507197,,,,,,,
2026,1,CA-0001-en2026.XLS,10,151,US46434G8226,USD,,,0,,0,,0,,0,,0,,0,,0,,0,,0,,0,,0,,7564.069952,0.002510934537127776,7564.069952,6.404195625086372e-05,,,,,,,
2026,1,CA-0001-en2026.XLS,10,152,US4642882579,USD,,,0,,0,,0,,0,,0,,0,,0,,294.0264,2.2553611428767302e-05,0,,0,,0,,0,,294.0264,2.489403980250097e-06,,,,,,,
2026,1,CA-0001-en2026.XLS,10,153,US4642867729,USD,,,2638.572032,0.001580084478714319,95215.345436,0.007258912082831511,54688.528132,0.010967902361148155,0,,0,,0,,39825.946608000006,0.008267259157695375,488094.598232,0.03743982142081398,217888.33108,0.06122878989479566,52503.460668,0.0077313130808937735,864791.983488,0.039484307884761344,208323.507464,0.06915413171828816,2023970.2731400004,0.017136147141421962,,,,,,,
2026,1,CA-0001-en2026.XLS,10,154,US4642867646,USD,,,0,,0,,0,,0,,0,,0,,0,,18.958472,1.4542299969362102e-06,0,,0,,0,,0,,18.958472,1.605138030335372e-07,,,,,,,
2026,1,CA-0001-en2026.XLS,10,155,US4642871762,USD,,,0,,0,,0,,44316.709824,0.0056962475607798884,0,,0,,0,,0,,0,,0,,0,,0,,44316.709824,0.0003752118647422618,,,,,,,
2026,1,CA-0001-en2026.XLS,10,156,US4642874329,USD,,,2708.5789432,0.0016220074705630598,9029.5746568,0.0006883857667998632,0,,0,,0,,0,,24209.9418,0.005025614708505563,0,,35390.533104,0.009945092079731516,52821.6912,0.0077781736086283,0,,0,,124160.31970400001,0.0010512157889912678,,,,,,,
2026,1,CA-0001-en2026.XLS,10,157,US4642882819,USD,,,0,,0,,0,,0,,272228.037136,0.010056757396894597,0,,0,,0,,0,,0,,0,,0,,272228.037136,0.0023048459566284846,,,,,,,
2026,1,CA-0001-en2026.XLS,10,158,US4642885135,USD,,,0,,0,,0,,0,,0,,0,,120732.45350399999,0.025062216139803622,65871.451776,0.005052740596098472,0,,0,,0,,0,,186603.90528,0.0015799006637983665,,,,,,,
2026,1,CA-0001-en2026.XLS,10,159,US4642887529,USD,,,0,,0,,0,,0,,0,,0,,0,,343.63703999999996,2.6359048958500888e-05,0,,0,,0,,0,,343.63703999999996,2.9094374353369688e-06,,,,,,,
2026,1,CA-0001-en2026.XLS,10,160,US4642891802,USD,,,1560.1465152,0.0009342793235472881,148584.6468288,0.011327616186760531,55815.142656,0.01119384733571501,0,,83182.069152,0.0030729453807708034,19038.421584,0.005603419530826583,0,,0,,0,,0,,0,,0,,308180.42673600005,0.002609240465998195,,,,,,,
2026,1,CA-0001-en2026.XLS,11,1,INVERSIÓN EN INSTRUMENTOS DERIVADOS LOCALES Y EXTRANJEROS,,,,,,,,,,,,,,,,,,,,,,,,,,,,,,,,,,,,
2026,1,CA-0001-en2026.XLS,11,2,(Valores Nocionales en miles de Soles),,,,,,,,,,,,,,,,,,,,,,,,,,,,,,,,,,,,
2026,1,CA-0001-en2026.XLS,11,3,Al 30-01-2026,,,,,,,,,,,,,,,,,,,,,,,,,,,,,,,,,,,,
2026,1,CA-0001-en2026.XLS,11,4,,HÁBITAT F1,,HÁBITAT F2,,HÁBITAT F3,,INTEGRA F1,,INTEGRA F2,,INTEGRA F3,,PROFUTURO F1,,PROFUTURO F2,,PROFUTURO F3,,PRIMA F1,,PRIMA F2,,PRIMA F3,,SISTEMA,,,,,,,,,,,
2026,1,CA-0001-en2026.XLS,11,5,,Monto,%,Monto,%,Monto,%,Monto,%,Monto,%,Monto,%,Monto,%,Monto,%,Monto,%,Monto,%,Monto,%,Monto,%,Monto,%,,,,,,,,,,
2026,1,CA-0001-en2026.XLS,11,6,I. Nacional,1240947.6542932612,0.7431300353621443,3164971.497851575,0.2412872603924388,1583771.7830251527,0.31762884963066457,777275.7066723201,0.09990712004048406,3218769.89388896,0.11890908915857852,677489.9516910401,0.19939995605700483,1158592,0.24050603031011322,1589696,0.1219393424327396,252600,0.07098311438140638,1700840,0.2504544723948437,3434349.6,0.15680408650803435,481624,0.15987773026740357,19280928.08742231,0.16324390981131265,,,,,,,,,,
2026,1,CA-0001-en2026.XLS,11,7,1. Forwards,1240947.6542932612,0.7431300353621443,3164971.497851575,0.2412872603924388,1583771.7830251527,0.31762884963066457,777275.7066723201,0.09990712004048406,3218769.89388896,0.11890908915857852,677489.9516910401,0.19939995605700483,1158592,0.24050603031011322,1589696,0.1219393424327396,252600,0.07098311438140638,1700840,0.2504544723948437,3434349.6,0.15680408650803435,481624,0.15987773026740357,19280928.08742231,0.16324390981131265,,,,,,,,,,
2026,1,CA-0001-en2026.XLS,11,8,Monedas,1240947.6542932612,0.7431300353621443,3164971.497851575,0.2412872603924388,1583771.7830251527,0.31762884963066457,777275.7066723201,0.09990712004048406,3218769.89388896,0.11890908915857852,677489.9516910401,0.19939995605700483,1158592,0.24050603031011322,1589696,0.1219393424327396,252600,0.07098311438140638,1700840,0.2504544723948437,3434349.6,0.15680408650803435,481624,0.15987773026740357,19280928.08742231,0.16324390981131265,,,,,,,,,,
2026,1,CA-0001-en2026.XLS,11,9,II. Extranjero,191479.2411412666,0.11466557412646436,124863.89407769193,0.009519222193435008,16840,0.003377298348859043,9157969.307978598,1.1771194328153691,24046143.12856034,0.888322269517462,3980858.049630204,1.1716526838281889,3635727.8846010864,0.7547216628573236,7965836.109313102,0.6110280312063516,2860443.724126979,0.8038131593479069,3820242.4398345477,0.5625436870541334,9217886.950193195,0.4208663971656743,1229491.1313674783,0.4081363293086194,66247781.8608245,0.5608934838744993,,,,,,,,,,
2026,1,CA-0001-en2026.XLS,11,10,1. Forwards,191479.2411412666,0.11466557412646436,124863.89407769193,0.009519222193435008,16840,0.003377298348859043,7849164.507978599,1.0088922295968765,24046143.12856034,0.888322269517462,3917757.286422204,1.1530807634927909,3635727.8846010864,0.7547216628573236,7965836.109313102,0.6110280312063516,2860443.724126979,0.8038131593479069,3820242.4398345477,0.5625436870541334,9217886.950193195,0.4208663971656743,1229491.1313674783,0.4081363293086194,64875876.297616504,0.5492781079437079,,,,,,,,,,
2026,1,CA-0001-en2026.XLS,11,11,Monedas,191479.2411412666,0.11466557412646436,124863.89407769193,0.009519222193435008,16840,0.003377298348859043,7849164.507978599,1.0088922295968765,24046143.12856034,0.888322269517462,3917757.286422204,1.1530807634927909,3635727.8846010864,0.7547216628573236,7965836.109313102,0.6110280312063516,2860443.724126979,0.8038131593479069,3820242.4398345477,0.5625436870541334,9217886.950193195,0.4208663971656743,1229491.1313674783,0.4081363293086194,64875876.297616504,0.5492781079437079,,,,,,,,,,
2026,1,CA-0001-en2026.XLS,11,12,2. Swaps,0,0,0,0,0,0,0,0,0,0,0,0,0,0,0,0,0,0,0,0,0,0,0,0,0,0,,,,,,,,,,
2026,1,CA-0001-en2026.XLS,11,13,Interest Rate Swap,0,0,0,0,0,0,0,0,0,0,0,0,0,0,0,0,0,0,0,0,0,0,0,0,0,0,,,,,,,,,,
2026,1,CA-0001-en2026.XLS,11,14,3. Futuros,0,0,0,0,0,0,1308804.8000000003,0.1682272032184925,0,0,63100.763208000004,0.01857192033539805,0,0,0,0,0,0,0,0,0,0,0,0,1371905.5632080003,0.011615375930791406,,,,,,,,,,
2026,1,CA-0001-en2026.XLS,11,15,Índice,0,0,0,0,0,0,0,0,0,0,63100.763208000004,0.01857192033539805,0,0,0,0,0,0,0,0,0,0,0,0,63100.763208000004,0.0005342489350847885,,,,,,,,,,
2026,1,CA-0001-en2026.XLS,11,16,Bonos,0,0,0,0,0,0,1308804.8000000003,0.1682272032184925,0,0,0,0,0,0,0,0,0,0,0,0,0,0,0,0,1308804.8000000003,0.011081126995706618,,,,,,,,,,
2026,1,CA-0001-en2026.XLS,11,17,Materia Prima,0,0,0,0,0,0,0,0,0,0,0,0,0,0,0,0,0,0,0,0,0,0,0,0,0,0,,,,,,,,,,
2026,1,CA-0001-en2026.XLS,11,18,4. Opciones,0,0,0,0,0,0,0,0,0,0,0,0,0,0,0,0,0,0,0,0,0,0,0,0,0,0,,,,,,,,,,
2026,1,CA-0001-en2026.XLS,11,19,Índice,0,0,0,0,0,0,0,0,0,0,0,0,0,0,0,0,0,0,0,0,0,0,0,0,0,0,,,,,,,,,,
2026,1,CA-0001-en2026.XLS,11,20,Total,1432426.895434528,0.8577956094886087,3289835.3919292665,0.2508064825858738,1600611.7830251527,0.3210061479795236,9935245.014650919,1.277026552855853,27264913.0224493,1.0072313586760404,4658348.001321244,1.3710526398851937,4794319.884601086,0.9952276931674368,9555532.109313102,0.7329673736390913,3113043.724126979,0.8747962737293132,5521082.439834548,0.812998159448977,12652236.550193194,0.5776704836737087,1711115.1313674783,0.568014059576023,85528709.9482468,0.724137393685812,,,,,,,,,,
2026,1,CA-0001-en2026.XLS,12,1,INVERSIÓN EN FORWARDS DE MONEDAS LOCALES Y EXTRANJEROS,,,,,,,,,,,,,,,,,,,,,,,,,,,,,,,,,,,,
2026,1,CA-0001-en2026.XLS,12,2,(Valores Nocionales en miles de Soles),,,,,,,,,,,,,,,,,,,,,,,,,,,,,,,,,,,,
2026,1,CA-0001-en2026.XLS,12,3,Al 30-01-2026,,,,,,,,,,,,,,,,,,,,,,,,,,,,,,,,,,,,
2026,1,CA-0001-en2026.XLS,12,4,,HA01,,HA02,,HA03,,IN01,,IN02,,IN03,,PR01,,PR02,,PR03,,RI01,,RI02,,RI03,,TOTAL,,,,,,,,,,,
2026,1,CA-0001-en2026.XLS,12,5,,Monto,%,Monto,%,Monto,%,Monto,%,Monto,%,Monto,%,Monto,%,Monto,%,Monto,%,Monto,%,Monto,%,Monto,%,Monto,%,,,,,,,,,,
2026,1,CA-0001-en2026.XLS,12,6,I. Nacional,1240947.6542932622,0.7431300353621446,3164971.4978515743,0.24128726039243878,1583771.783025153,0.3176288496306646,777275.70667232,0.09990712004048405,3218769.89388896,0.11890908915857851,677489.9516910401,0.19939995605700483,1158592,0.24050603031011325,1589696,0.12193934243273959,252600,0.07098311438140638,1700840,0.25045447239484364,3434349.6,0.15680408650803435,481624.00000000006,0.15987773026740357,19280928.08742231,0.16324390981131276,,,,,,,,,,
2026,1,CA-0001-en2026.XLS,12,7,BRL,23543.394447111,0.014098744203671215,40586.78660670481,0.003094206236963587,,,,,,,,,,,,,,,,,,,,,64130.18105381581,0.0005429646044352765,,,,,,,,,,
2026,1,CA-0001-en2026.XLS,12,8,USD,23543.394447111,0.014098744203671215,40586.78660670481,0.003094206236963587,,,,,,,,,,,,,,,,,,,,,64130.18105381581,0.0005429646044352765,,,,,,,,,,
2026,1,CA-0001-en2026.XLS,12,9,COMPRA,,,27337.140897943806,0.002084095808984213,,,,,,,,,,,,,,,,,,,,,27337.140897943806,0.0002314526428919274,,,,,,,,,,
2026,1,CA-0001-en2026.XLS,12,10,VENTA,23543.394447111,0.014098744203671215,13249.645708761002,0.0010101104279793742,,,,,,,,,,,,,,,,,,,,,36793.040155872004,0.00031151196154334917,,,,,,,,,,
2026,1,CA-0001-en2026.XLS,12,11,CLP,49106.216322800006,0.029406803861720017,,,,,,,,,,,,,,,,,,,,,,,49106.216322800006,0.0004157627014751077,,,,,,,,,,
2026,1,CA-0001-en2026.XLS,12,12,USD,49106.216322800006,0.029406803861720017,,,,,,,,,,,,,,,,,,,,,,,49106.216322800006,0.0004157627014751077,,,,,,,,,,
2026,1,CA-0001-en2026.XLS,12,13,COMPRA,10337.181898800001,0.006190325855746997,,,,,,,,,,,,,,,,,,,,,,,10337.181898800001,8.752078644448926e-05,,,,,,,,,,
2026,1,CA-0001-en2026.XLS,12,14,VENTA,38769.034424000005,0.02321647800597302,,,,,,,,,,,,,,,,,,,,,,,38769.034424000005,0.00032824191503061845,,,,,,,,,,
2026,1,CA-0001-en2026.XLS,12,15,COP,154076.60995520002,0.0922673540728001,166527.79226165003,0.012695543957122562,,,,,,,,,,,,,,,,,,,,,320604.40221685,0.0027144292994245737,,,,,,,,,,
2026,1,CA-0001-en2026.XLS,12,16,USD,154076.60995520002,0.0922673540728001,166527.79226165003,0.012695543957122562,,,,,,,,,,,,,,,,,,,,,320604.40221685,0.0027144292994245737,,,,,,,,,,
2026,1,CA-0001-en2026.XLS,12,17,COMPRA,56145.470554,0.033622196209380284,62950.3829044,0.004799134981774172,,,,,,,,,,,,,,,,,,,,,119095.8534584,0.0010083369780081763,,,,,,,,,,
2026,1,CA-0001-en2026.XLS,12,18,VENTA,97931.13940120002,0.05864515786341981,103577.40935725001,0.00789640897534839,,,,,,,,,,,,,,,,,,,,,201508.54875845002,0.0017060923214163972,,,,,,,,,,
2026,1,CA-0001-en2026.XLS,12,19,EUR,41184.442879999995,0.024662923039420907,945842.7148799998,0.0721080103218814,294203.986610688,0.0590032445491701,,,,,,,,,,,,,,,,,,,1281231.144370688,0.010847671877140204,,,,,,,,,,
2026,1,CA-0001-en2026.XLS,12,20,USD,41184.442879999995,0.024662923039420907,945842.7148799998,0.0721080103218814,294203.986610688,0.0590032445491701,,,,,,,,,,,,,,,,,,,1281231.144370688,0.010847671877140204,,,,,,,,,,
2026,1,CA-0001-en2026.XLS,12,21,COMPRA,,,19992.448,0.0015241600152585374,11995.468799999999,0.0024057171598592733,,,,,,,,,,,,,,,,,,,31987.9168,0.0002708289031251239,,,,,,,,,,
2026,1,CA-0001-en2026.XLS,12,22,VENTA,41184.442879999995,0.024662923039420907,925850.2668799998,0.07058385030662286,282208.517810688,0.05659752738931083,,,,,,,,,,,,,,,,,,,1249243.227570688,0.01057684297401508,,,,,,,,,,
2026,1,CA-0001-en2026.XLS,12,23,GBP,23865.654736000004,0.014291726799713338,136177.3336,0.010381722481291083,47546.662240000005,0.009535585740909182,,,,,,,,,,,,,,,,,,,207589.65057600001,0.0017575785793473692,,,,,,,,,,
2026,1,CA-0001-en2026.XLS,12,24,USD,23865.654736000004,0.014291726799713338,136177.3336,0.010381722481291083,47546.662240000005,0.009535585740909182,,,,,,,,,,,,,,,,,,,207589.65057600001,0.0017575785793473692,,,,,,,,,,
2026,1,CA-0001-en2026.XLS,12,25,COMPRA,92.32361600000002,5.528714429289493e-05,,,,,,,,,,,,,,,,,,,,,,,92.32361600000002,7.816671466966284e-07,,,,,,,,,,
2026,1,CA-0001-en2026.XLS,12,26,VENTA,23773.331120000003,0.014236439655420444,136177.3336,0.010381722481291083,47546.662240000005,0.009535585740909182,,,,,,,,,,,,,,,,,,,207497.32696,0.0017567969122006726,,,,,,,,,,
2026,1,CA-0001-en2026.XLS,12,27,JPY,6284.8208241354005,0.003763606873445735,78935.06896776841,0.0060177561008210485,24243.270174465,0.0048620401621831556,,,,,,,,,,,,,,,,,,,109463.1599663688,0.0009267808132570123,,,,,,,,,,
2026,1,CA-0001-en2026.XLS,12,28,USD,6284.8208241354005,0.003763606873445735,78935.06896776841,0.0060177561008210485,24243.270174465,0.0048620401621831556,,,,,,,,,,,,,,,,,,,109463.1599663688,0.0009267808132570123,,,,,,,,,,
2026,1,CA-0001-en2026.XLS,12,29,COMPRA,1090.3064849336101,0.0006529199631435965,72066.50647686841,0.005494118959889915,16687.851434475,0.0033467846256328643,,,,,,,,,,,,,,,,,,,89844.664396277,0.0007606788545257372,,,,,,,,,,
2026,1,CA-0001-en2026.XLS,12,30,VENTA,5194.51433920179,0.0031106869103021384,6868.562490900001,0.0005236371409311337,7555.41873999,0.001515255536550291,,,,,,,,,,,,,,,,,,,19618.495570091793,0.00016610195873127513,,,,,,,,,,
2026,1,CA-0001-en2026.XLS,12,31,MXN,97417.47512801581,0.05833755476011806,48118.321535451,0.003668386266938806,,,,,,,,,,,,,,,,,,,,,145535.7966634668,0.0012321934067243726,,,,,,,,,,
2026,1,CA-0001-en2026.XLS,12,32,USD,97417.47512801581,0.05833755476011806,48118.321535451,0.003668386266938806,,,,,,,,,,,,,,,,,,,,,145535.7966634668,0.0012321934067243726,,,,,,,,,,
2026,1,CA-0001-en2026.XLS,12,33,COMPRA,27627.905022151503,0.016544715617183868,24040.613846472,0.001832779175769939,,,,,,,,,,,,,,,,,,,,,51668.518868623505,0.0004374566927499659,,,,,,,,,,
2026,1,CA-0001-en2026.XLS,12,34,VENTA,69789.5701058643,0.04179283914293419,24077.707688979004,0.0018356070911688673,,,,,,,,,,,,,,,,,,,,,93867.2777948433,0.0007947367139744067,,,,,,,,,,
2026,1,CA-0001-en2026.XLS,12,35,USD,845469.04,0.5063013217512552,1748783.4800000002,0.1333216350274203,1217777.864,0.2442279791784022,777275.70667232,0.09990712004048405,3218769.89388896,0.11890908915857851,677489.9516910401,0.19939995605700483,1158592,0.24050603031011325,1589696,0.12193934243273959,252600,0.07098311438140638,1700840,0.25045447239484364,3434349.6,0.15680408650803435,481624.00000000006,0.15987773026740357,17103267.53625232,0.14480652852950882,,,,,,,,,,
2026,1,CA-0001-en2026.XLS,12,36,PEN,845469.04,0.5063013217512552,1748783.4800000002,0.1333216350274203,1217777.864,0.2442279791784022,777275.70667232,0.09990712004048405,3218769.89388896,0.11890908915857851,677489.9516910401,0.19939995605700483,1158592,0.24050603031011325,1589696,0.12193934243273959,252600,0.07098311438140638,1700840,0.25045447239484364,3434349.6,0.15680408650803435,481624.00000000006,0.15987773026740357,17103267.53625232,0.14480652852950882,,,,,,,,,,
2026,1,CA-0001-en2026.XLS,12,37,COMPRA,97672,0.05848997462767959,,,37048,0.007430056367489894,183066.86535999997,0.023530496496871896,946059.0213120001,0.03494969203236463,96998.40000000001,0.028548728507814376,535512,0.11116412447473259,511936,0.03926860180037377,84200,0.02366103812713546,281228,0.0414117790989494,803268,0.0366752717781369,259336.00000000006,0.086088008605525,3836324.286672,0.03248062401461703,,,,,,,,,,
2026,1,CA-0001-en2026.XLS,12,38,VENTA,747797.04,0.44781134712357556,1748783.4800000002,0.1333216350274203,1180729.864,0.2367979228109123,594208.8413123201,0.07637662354361216,2272710.87257696,0.08395939712621388,580491.55169104,0.17085122754919047,623080,0.12934190583538066,1077760,0.08267074063236582,168400,0.047322076254270914,1419612,0.20904269329589426,2631081.6,0.12012881472989746,222288,0.07378972166187857,13266943.24958032,0.1123259045148918,,,,,,,,,,
2026,1,CA-0001-en2026.XLS,12,39,II. Extranjero,191479.2411412666,0.11466557412646433,124863.89407769193,0.009519222193435008,16840,0.003377298348859043,7849164.507978599,1.0088922295968765,24046143.128560342,0.8883222695174618,3917757.286422206,1.1530807634927909,3635727.884601086,0.7547216628573239,7965836.109313102,0.6110280312063519,2860443.7241269783,0.803813159347907,3820242.439834548,0.5625436870541333,9217886.950193197,0.42086639716567437,1229491.1313674783,0.4081363293086194,64875876.2976165,0.5492781079437059,,,,,,,,,,
2026,1,CA-0001-en2026.XLS,12,40,AUD,,,,,,,318376.1430517536,0.04092247225643364,305331.1997194176,0.011279667713825228,,,,,108983.15710265966,0.008359670347879263,47944.54623213758,0.01347289473143487,,,,,,,780635.0461059683,0.006609324845996535,,,,,,,,,,
2026,1,CA-0001-en2026.XLS,12,41,USD,,,,,,,318376.1430517536,0.04092247225643364,305331.1997194176,0.011279667713825228,,,,,108983.15710265966,0.008359670347879263,47944.54623213758,0.01347289473143487,,,,,,,780635.0461059683,0.006609324845996535,,,,,,,,,,
2026,1,CA-0001-en2026.XLS,12,42,COMPRA,,,,,,,159188.0715258768,0.02046123612821682,152665.5998597088,0.005639833856912614,,,,,67857.50352065093,0.005205082832463242,29569.254197632992,0.00830925476200896,,,,,,,409280.4291038695,0.0034652137673679647,,,,,,,,,,
2026,1,CA-0001-en2026.XLS,12,43,VENTA,,,,,,,159188.0715258768,0.02046123612821682,152665.59985970877,0.005639833856912614,,,,,41125.65358200874,0.003154587515416021,18375.292034504593,0.0051636399694259105,,,,,,,371354.6170020989,0.0031441110786285696,,,,,,,,,,
2026,1,CA-0001-en2026.XLS,12,44,BRL,24557.6933409654,0.014706147723271789,13579.316976991922,0.0010352435064906772,,,576832.5258144373,0.07414315911984862,2162669.530055912,0.07989420568963199,282317.02475254744,0.08309201072176847,,,194433.55470000004,0.014914235053103303,75078.30330000003,0.02109775055703017,288744.75358517247,0.042518646619290196,262601.94935239654,0.011989769120601944,30365.734200186,0.010080072134754514,3911180.38607861,0.03311440068164015,,,,,,,,,,
2026,1,CA-0001-en2026.XLS,12,45,USD,24557.6933409654,0.014706147723271789,13579.316976991922,0.0010352435064906772,,,576832.5258144373,0.07414315911984862,2162669.530055912,0.07989420568963199,282317.02475254744,0.08309201072176847,,,194433.55470000004,0.014914235053103303,75078.30330000003,0.02109775055703017,288744.75358517247,0.042518646619290196,262601.94935239654,0.011989769120601944,30365.734200186,0.010080072134754514,3911180.38607861,0.03311440068164015,,,,,,,,,,
2026,1,CA-0001-en2026.XLS,12,46,COMPRA,24557.6933409654,0.014706147723271789,,,,,288416.26290721865,0.037071579559924316,1081334.765027956,0.039947102844815986,141158.51237627372,0.041546005360884236,,,184808.13120000003,0.01417590658512789,68661.35430000002,0.019294524013694258,128012.004363705,0.018850202848661936,95020.390463229,0.004338400938047589,9819.305197086001,0.003259572254939599,2021788.4191764344,0.017117674256193885,,,,,,,,,,
2026,1,CA-0001-en2026.XLS,12,47,VENTA,,,13579.316976991922,0.0010352435064906772,,,288416.26290721865,0.03707157955992431,1081334.765027956,0.03994710284481599,141158.51237627372,0.04154600536088424,,,9625.423500000003,0.000738328467975411,6416.9490000000005,0.0018032265433359119,160732.7492214675,0.02366844377062826,167581.5588891675,0.007651368182554355,20546.429003100002,0.006820499879814915,1889391.9669021755,0.015996726425446264,,,,,,,,,,
2026,1,CA-0001-en2026.XLS,12,48,CAD,,,,,,,79842.15722,0.010262510351468582,463679.6087,0.01712943818587398,66948.3927,0.019704360971179335,,,,,,,,,,,,,610470.15862,0.005168606773720101,,,,,,,,,,
2026,1,CA-0001-en2026.XLS,12,49,USD,,,,,,,79842.15722,0.010262510351468582,463679.6087,0.01712943818587398,66948.3927,0.019704360971179335,,,,,,,,,,,,,610470.15862,0.005168606773720101,,,,,,,,,,
2026,1,CA-0001-en2026.XLS,12,50,COMPRA,,,,,,,39921.07861,0.005131255175734291,231839.80435,0.00856471909293699,33474.19635,0.009852180485589668,,,,,,,,,,,,,305235.07931,0.0025843033868600505,,,,,,,,,,
2026,1,CA-0001-en2026.XLS,12,51,VENTA,,,,,,,39921.07861,0.005131255175734291,231839.80435000002,0.00856471909293699,33474.19635,0.009852180485589668,,,,,,,,,,,,,305235.07931,0.0025843033868600505,,,,,,,,,,
2026,1,CA-0001-en2026.XLS,12,52,CLP,39780.886180301204,0.02382241607986349,,,,,,,2508652.0914000003,0.09267563231857036,311462.3336,0.09167010592295038,,,196137.6507424,0.015044949573900037,80269.2259456,0.022556451490908465,,,,,,,3136302.1878683013,0.026553816765251138,,,,,,,,,,
2026,1,CA-0001-en2026.XLS,12,53,USD,39780.886180301204,0.02382241607986349,,,,,,,2508652.0914000003,0.09267563231857036,311462.3336,0.09167010592295038,,,196137.6507424,0.015044949573900037,80269.2259456,0.022556451490908465,,,,,,,3136302.1878683013,0.026553816765251138,,,,,,,,,,
2026,1,CA-0001-en2026.XLS,12,54,COMPRA,6867.330056000001,0.0041124371440673015,,,,,,,1254326.0457000001,0.046337816159285186,155731.16680000004,0.0458350529614752,,,111409.0507424,0.008545751130143105,45607.525945600006,0.012816168768208567,,,,,,,1573941.1192440002,0.013325930212135056,,,,,,,,,,
2026,1,CA-0001-en2026.XLS,12,55,VENTA,32913.556124301205,0.019709978935796187,,,,,,,1254326.0457000001,0.04633781615928517,155731.1668,0.04583505296147519,,,84728.6,0.006499198443756932,34661.7,0.009740282722699896,,,,,,,1562361.068624301,0.013227886553116082,,,,,,,,,,
2026,1,CA-0001-en2026.XLS,12,56,CNH,,,,,,,78805.14708,0.010129218270356549,586197.9920999999,0.021655561473821597,156254.92308,0.04598920577061413,,,,,,,,,,,,,821258.0622599999,0.006953263683133644,,,,,,,,,,
2026,1,CA-0001-en2026.XLS,12,57,USD,,,,,,,78805.14708,0.010129218270356549,586197.9920999999,0.021655561473821597,156254.92308,0.04598920577061413,,,,,,,,,,,,,821258.0622599999,0.006953263683133644,,,,,,,,,,
2026,1,CA-0001-en2026.XLS,12,58,COMPRA,,,,,,,39402.57354,0.005064609135178274,293098.99605,0.010827780736910798,78127.46154,0.022994602885307067,,,,,,,,,,,,,410629.03112999996,0.003476631841566822,,,,,,,,,,
2026,1,CA-0001-en2026.XLS,12,59,VENTA,,,,,,,39402.57354,0.005064609135178274,293098.99604999996,0.010827780736910798,78127.46154,0.02299460288530707,,,,,,,,,,,,,410629.03112999996,0.003476631841566822,,,,,,,,,,
2026,1,CA-0001-en2026.XLS,12,60,COP,110300.66162,0.06605253193924637,111284.57710070001,0.008483978686944331,,,544523.7220768,0.06999034756833392,,,,,,,26577.83232,0.002038681229863077,10903.72608,0.003064055564212842,749483.75946704,0.11036403162309295,735742.0408900001,0.03359219999830923,,,2288816.3195545403,0.01937849273385128,,,,,,,,,,
2026,1,CA-0001-en2026.XLS,12,61,USD,110300.66162,0.06605253193924637,111284.57710070001,0.008483978686944331,,,544523.7220768,0.06999034756833392,,,,,,,26577.83232,0.002038681229863077,10903.72608,0.003064055564212842,749483.75946704,0.11036403162309295,735742.0408900001,0.03359219999830923,,,2288816.3195545403,0.01937849273385128,,,,,,,,,,
2026,1,CA-0001-en2026.XLS,12,62,COMPRA,75870.896045,0.04543458498496361,77775.96924070001,0.005929390060919647,,,204274.97472290002,0.026256480481399298,,,,,,,26577.83232,0.002038681229863077,10903.72608,0.003064055564212842,261013.085105,0.038435064155430965,257809.260075,0.0117709465336239,,,914225.7435886002,0.00774038387347723,,,,,,,,,,
2026,1,CA-0001-en2026.XLS,12,63,VENTA,34429.765575000005,0.020617946954282765,33508.607860000004,0.0025545886260246843,,,340248.7473539,0.04373386708693462,,,,,,,,,,,488470.67436204,0.07192896746766199,477932.780815,0.021821253464685334,,,1374590.5759659403,0.01163810886037405,,,,,,,,,,
2026,1,CA-0001-en2026.XLS,12,64,EUR,,,,,,,977109.1602105343,0.12559270967021827,5378582.368120371,0.1986977483453643,651798.8117989375,0.1918384975397931,503280.33160108567,0.10447332165812862,614263.925525806,0.0471177754481172,269354.7572640745,0.07569136794953188,209542.00241173606,0.03085577224112228,592706.9599507984,0.027061564560008404,49626.99716729215,0.01647395409508981,9246265.314050635,0.07828443185797622,,,,,,,,,,
2026,1,CA-0001-en2026.XLS,12,65,USD,,,,,,,977109.1602105343,0.12559270967021827,5378582.368120371,0.1986977483453643,651798.8117989375,0.1918384975397931,503280.33160108567,0.10447332165812862,614263.925525806,0.0471177754481172,269354.7572640745,0.07569136794953188,209542.00241173606,0.03085577224112228,592706.9599507984,0.027061564560008404,49626.99716729215,0.01647395409508981,9246265.314050635,0.07828443185797622,,,,,,,,,,
2026,1,CA-0001-en2026.XLS,12,66,COMPRA,,,,,,,449870.06489599997,0.057824041315539025,2351018.9639001857,0.08685228606203686,274718.7390194688,0.08085567077679556,235369.63633322675,0.04885914704230597,,,67420.29324073704,0.018945773502514633,97030.1884408837,0.014288025124252597,272312.512513811,0.01243312992056365,22387.24206417843,0.007431567879025525,3770127.6404084913,0.03192016347540153,,,,,,,,,,
2026,1,CA-0001-en2026.XLS,12,67,VENTA,,,,,,,527239.0953145344,0.06776866835467923,3027563.4042201857,0.11184546228332742,377080.0727794687,0.11098282676299753,267910.6952678589,0.055614174615822645,614263.925525806,0.0471177754481172,201934.4640233375,0.056745594447017246,112511.81397085235,0.01656774711686968,320394.4474369874,0.014628434639444753,27239.755103113726,0.009042386216064286,5476137.673642145,0.04636426838257469,,,,,,,,,,
2026,1,CA-0001-en2026.XLS,12,68,GBP,,,,,,,348263.1350428384,0.04476399627535051,2064079.0829120004,0.07625203782548085,224623.35772800003,0.06611151582181088,,,,,258897.30356161305,0.0727527193656044,,,,,,,2895862.8792444514,0.024518113264147854,,,,,,,,,,
2026,1,CA-0001-en2026.XLS,12,69,USD,,,,,,,348263.1350428384,0.04476399627535051,2064079.0829120004,0.07625203782548085,224623.35772800003,0.06611151582181088,,,,,258897.30356161305,0.0727527193656044,,,,,,,2895862.8792444514,0.024518113264147854,,,,,,,,,,
2026,1,CA-0001-en2026.XLS,12,70,COMPRA,,,,,,,174131.56752141923,0.022381998137675253,1032039.5414560001,0.03812601891274042,112311.67886400002,0.03305575791090544,,,,,85547.76743024637,0.02403977419071706,,,,,,,1404030.5552716656,0.011887365395372789,,,,,,,,,,
2026,1,CA-0001-en2026.XLS,12,71,VENTA,,,,,,,174131.5675214192,0.022381998137675253,1032039.5414560002,0.03812601891274042,112311.67886400002,0.03305575791090544,,,,,173349.53613136668,0.048712945174887334,,,,,,,1491832.323972786,0.012630747868775065,,,,,,,,,,
2026,1,CA-0001-en2026.XLS,12,72,HKD,,,,,,,,,,,,,,,201591.967726336,0.015463328827820838,107512.6267213248,0.03021211828980699,,,,,,,309104.59444766084,0.0026170650245406495,,,,,,,,,,
2026,1,CA-0001-en2026.XLS,12,73,USD,,,,,,,,,,,,,,,201591.967726336,0.015463328827820838,107512.6267213248,0.03021211828980699,,,,,,,309104.59444766084,0.0026170650245406495,,,,,,,,,,
2026,1,CA-0001-en2026.XLS,12,74,COMPRA,,,,,,,,,,,,,,,67259.1105632,0.005159182456700865,33629.5552816,0.009450239782856855,,,,,,,100888.6658448,0.000854183999518979,,,,,,,,,,
2026,1,CA-0001-en2026.XLS,12,75,VENTA,,,,,,,,,,,,,,,134332.857163136,0.010304146371119973,73883.07143972481,0.020761878506950136,,,,,,,208215.92860286083,0.0017628810250216705,,,,,,,,,,
2026,1,CA-0001-en2026.XLS,12,76,INR,,,,,,,,,,,59309.33400000001,0.017456020659570512,,,,,,,,,,,,,59309.33400000001,0.0005021484197527243,,,,,,,,,,
2026,1,CA-0001-en2026.XLS,12,77,USD,,,,,,,,,,,59309.33400000001,0.017456020659570512,,,,,,,,,,,,,59309.33400000001,0.0005021484197527243,,,,,,,,,,
2026,1,CA-0001-en2026.XLS,12,78,COMPRA,,,,,,,,,,,29654.667000000005,0.008728010329785256,,,,,,,,,,,,,29654.667000000005,0.00025107420987636217,,,,,,,,,,
2026,1,CA-0001-en2026.XLS,12,79,VENTA,,,,,,,,,,,29654.667000000005,0.008728010329785256,,,,,,,,,,,,,29654.667000000005,0.00025107420987636217,,,,,,,,,,
2026,1,CA-0001-en2026.XLS,12,80,JPY,,,,,,,136846.3374675312,0.017589541712298713,2177944.2543,0.08045849068262304,357513.57765,0.10522398375836367,,,358258.61716086004,0.027480612769647698,144056.532964056,0.04048131970220279,,,,,,,3174619.3195424476,0.02687823260036453,,,,,,,,,,
2026,1,CA-0001-en2026.XLS,12,81,USD,,,,,,,136846.3374675312,0.017589541712298713,2177944.2543,0.08045849068262304,357513.57765,0.10522398375836367,,,358258.61716086004,0.027480612769647698,144056.532964056,0.04048131970220279,,,,,,,3174619.3195424476,0.02687823260036453,,,,,,,,,,
2026,1,CA-0001-en2026.XLS,12,82,COMPRA,,,,,,,38716.20018,0.004976386146756717,915276.6000000001,0.03381251547082947,148100.4708,0.04358917397347472,,,135158.32892220002,0.010367465070731132,47943.489744156,0.01347259784779576,,,,,,,1285195.089646356,0.010881233017047173,,,,,,,,,,
2026,1,CA-0001-en2026.XLS,12,83,VENTA,,,,,,,98130.13728753121,0.012613155565541996,1262667.6543,0.046645975211793575,209413.10685,0.06163480978488896,,,223100.28823866002,0.017113147698916566,96113.04321989999,0.02700872185440703,,,,,,,1889424.2298960916,0.015996999583317358,,,,,,,,,,
2026,1,CA-0001-en2026.XLS,12,84,KRW,,,,,,,,,153399.54,0.005666947368115959,26576.82,0.007822133342210297,,,,,,,,,,,,,179976.36000000002,0.001523787887532971,,,,,,,,,,
2026,1,CA-0001-en2026.XLS,12,85,USD,,,,,,,,,153399.54,0.005666947368115959,26576.82,0.007822133342210297,,,,,,,,,,,,,179976.36000000002,0.001523787887532971,,,,,,,,,,
2026,1,CA-0001-en2026.XLS,12,86,COMPRA,,,,,,,,,76699.77,0.0028334736840579795,13288.41,0.003911066671105148,,,,,,,,,,,,,89988.18000000001,0.0007618939437664855,,,,,,,,,,
2026,1,CA-0001-en2026.XLS,12,87,VENTA,,,,,,,,,76699.77,0.0028334736840579795,13288.41,0.003911066671105148,,,,,,,,,,,,,89988.18000000001,0.0007618939437664855,,,,,,,,,,
2026,1,CA-0001-en2026.XLS,12,88,MXN,,,,,,,1068944.2102388625,0.13739672629950936,468915.9602,0.017322881584409953,85665.10864000002,0.025213095568130853,,,,,,,193990.3243705994,0.02856573477807616,,,,,1817515.603449462,0.015388177991478819,,,,,,,,,,
2026,1,CA-0001-en2026.XLS,12,89,USD,,,,,,,1068944.2102388625,0.13739672629950936,468915.9602,0.017322881584409953,85665.10864000002,0.025213095568130853,,,,,,,193990.3243705994,0.02856573477807616,,,,,1817515.603449462,0.015388177991478819,,,,,,,,,,
2026,1,CA-0001-en2026.XLS,12,90,COMPRA,,,,,,,494589.02937868616,0.06357199267218853,234457.9801,0.008661440792204976,42832.55432000001,0.012606547784065426,,,,,,,65029.425789327004,0.009575804029894367,,,,,836908.9895880132,0.007085773827749776,,,,,,,,,,
2026,1,CA-0001-en2026.XLS,12,91,VENTA,,,,,,,574355.1808601764,0.07382473362732082,234457.98010000002,0.008661440792204976,42832.55432,0.012606547784065425,,,,,,,128960.89858127241,0.018989930748181796,,,,,980606.6138614488,0.008302404163729042,,,,,,,,,,
2026,1,CA-0001-en2026.XLS,12,92,NZD,,,,,,,,,,,,,,,28053.40403504112,0.0021518665462030963,14026.702058172319,0.003941642900194592,,,,,,,42080.10609321344,0.0003562754351234851,,,,,,,,,,
2026,1,CA-0001-en2026.XLS,12,93,USD,,,,,,,,,,,,,,,28053.40403504112,0.0021518665462030963,14026.702058172319,0.003941642900194592,,,,,,,42080.10609321344,0.0003562754351234851,,,,,,,,,,
2026,1,CA-0001-en2026.XLS,12,94,COMPRA,,,,,,,,,,,,,,,14026.70201752056,0.0010759332731015482,7013.3510290861595,0.001970821450097296,,,,,,,21040.05304660672,0.00017813771756174256,,,,,,,,,,
2026,1,CA-0001-en2026.XLS,12,95,VENTA,,,,,,,,,,,,,,,14026.70201752056,0.0010759332731015482,7013.3510290861595,0.001970821450097296,,,,,,,21040.05304660672,0.00017813771756174256,,,,,,,,,,
2026,1,CA-0001-en2026.XLS,12,96,SEK,,,,,,,,,270781.00139999995,0.010003300422019086,25409.4217,0.007478542755899759,,,,,,,,,,,,,296190.42309999996,0.0025077258986849487,,,,,,,,,,
2026,1,CA-0001-en2026.XLS,12,97,USD,,,,,,,,,270781.00139999995,0.010003300422019086,25409.4217,0.007478542755899759,,,,,,,,,,,,,296190.42309999996,0.0025077258986849487,,,,,,,,,,
2026,1,CA-0001-en2026.XLS,12,98,COMPRA,,,,,,,,,135390.50069999998,0.005001650211009543,25409.4217,0.007478542755899759,,,,,,,,,,,,,160799.92239999998,0.0013614286569045048,,,,,,,,,,
2026,1,CA-0001-en2026.XLS,12,99,VENTA,,,,,,,,,135390.50069999998,0.005001650211009543,,,,,,,,,,,,,,,135390.50069999998,0.0011462972417804439,,,,,,,,,,
2026,1,CA-0001-en2026.XLS,12,100,TRY,,,,,,,,,,,9088.7081,0.002675003505559611,,,,,,,,,,,,,9088.7081,7.695045791626635e-05,,,,,,,,,,
2026,1,CA-0001-en2026.XLS,12,101,USD,,,,,,,,,,,9088.7081,0.002675003505559611,,,,,,,,,,,,,9088.7081,7.695045791626635e-05,,,,,,,,,,
2026,1,CA-0001-en2026.XLS,12,102,COMPRA,,,,,,,,,,,4544.35405,0.0013375017527798056,,,,,,,,,,,,,4544.35405,3.8475228958133174e-05,,,,,,,,,,
2026,1,CA-0001-en2026.XLS,12,103,VENTA,,,,,,,,,,,4544.35405,0.0013375017527798056,,,,,,,,,,,,,4544.35405,3.8475228958133174e-05,,,,,,,,,,
2026,1,CA-0001-en2026.XLS,12,104,TWD,,,,,,,,,71584.4718,0.0026445022851110315,15408.3168,0.004535001124612315,,,,,,,,,,,,,86992.7886,0.0007365331623075182,,,,,,,,,,
2026,1,CA-0001-en2026.XLS,12,105,USD,,,,,,,,,71584.4718,0.0026445022851110315,15408.3168,0.004535001124612315,,,,,,,,,,,,,86992.7886,0.0007365331623075182,,,,,,,,,,
2026,1,CA-0001-en2026.XLS,12,106,VENTA,,,,,,,,,71584.4718,0.0026445022851110315,15408.3168,0.004535001124612315,,,,,,,,,,,,,86992.7886,0.0007365331623075182,,,,,,,,,,
2026,1,CA-0001-en2026.XLS,12,107,USD,16840,0.010084478384082687,,,16840,0.003377298348859043,3719621.9697758406,0.4781015480730583,6651332.824652638,0.2457162064835955,1559979.68566472,0.45913578495880036,3132447.5530000003,0.6502483411991953,6237536,0.4784569114098173,1852400,0.5205428387969799,2378481.6,0.3502395017925517,7626836,0.3482228634867548,1149498.4000000001,0.3815823030787751,34341814.0330932,0.2907584099352667,,,,,,,,,,
2026,1,CA-0001-en2026.XLS,12,108,PEN,16840,0.010084478384082687,,,16840,0.003377298348859043,3719621.9697758406,0.4781015480730583,6651332.824652638,0.2457162064835955,1559979.68566472,0.45913578495880036,3132447.5530000003,0.6502483411991953,6237536,0.4784569114098173,1852400,0.5205428387969799,2378481.6,0.3502395017925517,7626836,0.3482228634867548,1149498.4000000001,0.3815823030787751,34341814.0330932,0.2907584099352667,,,,,,,,,,
2026,1,CA-0001-en2026.XLS,12,109,COMPRA,,,,,,,871335.88624,0.1119971436581389,795356.581472,0.02938238202074437,396627.723968,0.11673612358796406,877364,0.18212738632495495,697176,0.05347763534656165,33680,0.009464415250854183,621396.0000000001,0.09150267357791814,2344128.0000000005,0.10702720820789638,63992,0.021242495629934736,6701056.19168,0.05673516376572905,,,,,,,,,,
2026,1,CA-0001-en2026.XLS,12,110,VENTA,16840,0.010084478384082687,,,16840,0.003377298348859043,2848286.0835358407,0.3661044044149194,5855976.243180638,0.21633382446285113,1163351.96169672,0.34239966137083633,2255083.5530000003,0.46812095487424027,5540360,0.42497927606325564,1818720,0.5110784235461258,1757085.6,0.25873682821463356,5282708,0.2411956552788584,1085506.4000000001,0.36033980744884037,27640757.8414132,0.23402324616953765,,,,,,,,,,
2026,1,CA-0001-en2026.XLS,12,111,ZAR,,,,,,,,,782993.2032000001,0.028925649139019086,85401.47020800001,0.025135501071526845,,,,,,,,,,,,,868394.673408,0.0073523505250204,,,,,,,,,,
2026,1,CA-0001-en2026.XLS,12,112,USD,,,,,,,,,782993.2032000001,0.028925649139019086,85401.47020800001,0.025135501071526845,,,,,,,,,,,,,868394.673408,0.0073523505250204,,,,,,,,,,
2026,1,CA-0001-en2026.XLS,12,113,COMPRA,,,,,,,,,391496.60160000005,0.014462824569509543,42700.73510400001,0.012567750535763422,,,,,,,,,,,,,434197.336704,0.0036761752625102,,,,,,,,,,
2026,1,CA-0001-en2026.XLS,12,114,VENTA,,,,,,,,,391496.6016,0.014462824569509543,42700.735104,0.012567750535763424,,,,,,,,,,,,,434197.33670399996,0.0036761752625102,,,,,,,,,,
2026,1,CA-0001-en2026.XLS,12,115,Total general,1432426.8954345288,0.857795609488609,3289835.391929266,0.2508064825858738,1600611.783025153,0.32100614797952365,8626440.214650918,1.1087993496373607,27264913.0224493,1.0072313586760404,4595247.238113246,1.3524807195497957,4794319.884601086,0.9952276931674371,9555532.109313102,0.7329673736390915,3113043.7241269783,0.8747962737293133,5521082.439834548,0.812998159448977,12652236.550193194,0.5776704836737087,1711115.1313674785,0.568014059576023,84156804.3850388,0.7125220177550186,,,,,,,,,,
2026,1,CA-0001-en2026.XLS,13,1,INVERSIÓN EN INSTRUMENTOS DERIVADOS LOCALES Y EXTRANJEROS,,,,,,,,,,,,,,,,,,,,,,,,,,,,,,,,,,,,
2026,1,CA-0001-en2026.XLS,13,2,(Valores Nocionales en miles de Soles),,,,,,,,,,,,,,,,,,,,,,,,,,,,,,,,,,,,
2026,1,CA-0001-en2026.XLS,13,3,Al 30-01-2026,,,,,,,,,,,,,,,,,,,,,,,,,,,,,,,,,,,,
2026,1,CA-0001-en2026.XLS,13,4,,HÁBITAT F1,,HÁBITAT F2,,HÁBITAT F3,,INTEGRA F1,,INTEGRA F2,,INTEGRA F3,,PROFUTURO F1,,PROFUTURO F2,,PROFUTURO F3,,PRIMA F1,,PRIMA F2,,PRIMA F3,,SISTEMA,,,,,,,,,,,
2026,1,CA-0001-en2026.XLS,13,5,,Monto,%,Monto,%,Monto,%,Monto,%,Monto,%,Monto,%,Monto,%,Monto,%,Monto,%,Monto,%,Monto,%,Monto,%,Monto,%,,,,,,,,,,
2026,1,CA-0001-en2026.XLS,13,6,I. Nacional,1240947.6542932622,0.7431300353621447,3164971.4978515743,0.24128726039243872,1583771.7830251532,0.31762884963066457,777275.7066723201,0.09990712004048408,3218769.8938889606,0.1189090891585785,677489.9516910401,0.19939995605700483,1158592,0.24050603031011325,1589696,0.1219393424327396,252600,0.07098311438140638,1700840,0.2504544723948437,3434349.6000000006,0.15680408650803437,481624,0.15987773026740357,19280928.087422308,0.1632439098113128,,,,,,,,,,
2026,1,CA-0001-en2026.XLS,13,7,1. Forwards,1240947.6542932622,0.7431300353621447,3164971.4978515743,0.24128726039243872,1583771.7830251532,0.31762884963066457,777275.7066723201,0.09990712004048408,3218769.8938889606,0.1189090891585785,677489.9516910401,0.19939995605700483,1158592,0.24050603031011325,1589696,0.1219393424327396,252600,0.07098311438140638,1700840,0.2504544723948437,3434349.6000000006,0.15680408650803437,481624,0.15987773026740357,19280928.087422308,0.1632439098113128,,,,,,,,,,
2026,1,CA-0001-en2026.XLS,13,8,Monedas,1240947.6542932622,0.7431300353621447,3164971.4978515743,0.24128726039243872,1583771.7830251532,0.31762884963066457,777275.7066723201,0.09990712004048408,3218769.8938889606,0.1189090891585785,677489.9516910401,0.19939995605700483,1158592,0.24050603031011325,1589696,0.1219393424327396,252600,0.07098311438140638,1700840,0.2504544723948437,3434349.6000000006,0.15680408650803437,481624,0.15987773026740357,19280928.087422308,0.1632439098113128,,,,,,,,,,
2026,1,CA-0001-en2026.XLS,13,9,CITIBANK,478582.1055427901,0.2865944713987556,1054327.517845661,0.08037854322227767,386151.30400000006,0.07744347751834717,0,0,537747.99148928,0.019865702107580107,0,0,134720,0.02796581747792014,0,0,0,0,0,0,0,0,0,0,2591528.918877731,0.021941439291123025,,,,,,,,,,
2026,1,CA-0001-en2026.XLS,13,10,CONTINENTAL,467534.5278914221,0.2799787316112442,1667294.6058862633,0.12710918502566987,638319.300285163,0.12801631347374945,584433.4326880001,0.07512014155853138,1600105.9895360002,0.059111757610926456,302320.55468,0.08897948252642487,586032,0.12165130602895263,1421296,0.10902203920893244,101040,0.02839324575256255,1092916,0.16093559661807283,1865872.0000000002,0.08519119733789453,70728.00000000001,0.023478547801506818,10397892.410966847,0.08803479807960488,,,,,,,,,,
2026,1,CA-0001-en2026.XLS,13,11,CREDITO,84903.58085905001,0.0508437248161702,239518.01411965,0.01826008401048738,74915.41873999,0.015024448931986465,155117.30598432003,0.019938000346980143,377737.33864768,0.013954524355735338,132699.203368,0.03905624763043802,134720,0.02796581747792014,0,0,67360,0.018928830501708366,336800,0.04959494502868192,1012757.6000000001,0.04624005963809545,306488,0.10174037380652953,2923016.46171869,0.024748011791250926,,,,,,,,,,
2026,1,CA-0001-en2026.XLS,13,12,INTERBANK,0,0,0,0,0,0,23579.368000000002,0.003030773674041858,0,0,0,0,0,0,0,0,0,0,0,0,0,0,0,0,23579.368000000002,0.00019963708208168304,,,,,,,,,,
2026,1,CA-0001-en2026.XLS,13,13,SANTANDER PERÚ,33680,0.020168956768165373,33680,0.0025676550122279945,100703.2,0.02019624412617708,0,0,0,0,0,0,0,0,0,0,0,0,0,0,0,0,0,0,168063.2,0.0014229239245644883,,,,,,,,,,
2026,1,CA-0001-en2026.XLS,13,14,SCOTIABANK,176247.44,0.1055441507678094,170151.36000000002,0.01297179312177583,383682.56,0.07694836558040445,14145.600000000002,0.001818204460930696,703178.5742160002,0.025977105084336594,242470.19364304002,0.07136422590014194,303120,0.06292308932532031,168400.00000000003,0.012917303223807162,84200,0.02366103812713546,198712.00000000003,0.029261017566922336,555720.0000000001,0.0253728295320444,104408.00000000001,0.034658808659367206,3104435.7278590403,0.026284016188216096,,,,,,,,,,
2026,1,CA-0001-en2026.XLS,13,15,INTERAMERICANO,0,0,0,0,0,0,0,0,0,0,0,0,0,0,0,0,0,0,0,0,0,0,0,0,0,0,,,,,,,,,,
2026,1,CA-0001-en2026.XLS,13,16,JPM Banco Inver,0,0,0,0,0,0,0,0,0,0,0,0,0,0,0,0,0,0,0,0,0,0,0,0,0,0,,,,,,,,,,
2026,1,CA-0001-en2026.XLS,13,17,Banco BCI Peru,0,0,0,0,0,0,0,0,0,0,0,0,0,0,0,0,0,0,72412,0.01066291318116661,0,0,0,0,72412,0.0006130834544716733,,,,,,,,,,
2026,1,CA-0001-en2026.XLS,13,18,II. Extranjero,191479.2411412666,0.11466557412646436,124863.89407769193,0.009519222193435007,16840,0.003377298348859043,9157969.307978598,1.1771194328153691,24046143.128560342,0.8883222695174618,3980858.049630205,1.1716526838281884,3635727.8846010864,0.7547216628573238,7965836.109313103,0.6110280312063516,2860443.7241269783,0.8038131593479071,3820242.439834548,0.5625436870541333,9217886.950193197,0.4208663971656743,1229491.1313674783,0.4081363293086194,66247781.8608245,0.5608934838744978,,,,,,,,,,
2026,1,CA-0001-en2026.XLS,13,19,1. Forwards,191479.2411412666,0.11466557412646436,124863.89407769193,0.009519222193435007,16840,0.003377298348859043,7849164.507978599,1.0088922295968765,24046143.128560342,0.8883222695174618,3917757.286422205,1.1530807634927904,3635727.8846010864,0.7547216628573238,7965836.109313103,0.6110280312063516,2860443.7241269783,0.8038131593479071,3820242.439834548,0.5625436870541333,9217886.950193197,0.4208663971656743,1229491.1313674783,0.4081363293086194,64875876.297616504,0.5492781079437064,,,,,,,,,,
2026,1,CA-0001-en2026.XLS,13,20,Monedas,191479.2411412666,0.11466557412646436,124863.89407769193,0.009519222193435007,16840,0.003377298348859043,7849164.507978599,1.0088922295968765,24046143.128560342,0.8883222695174618,3917757.286422205,1.1530807634927904,3635727.8846010864,0.7547216628573238,7965836.109313103,0.6110280312063516,2860443.7241269783,0.8038131593479071,3820242.439834548,0.5625436870541333,9217886.950193197,0.4208663971656743,1229491.1313674783,0.4081363293086194,64875876.297616504,0.5492781079437064,,,,,,,,,,
2026,1,CA-0001-en2026.XLS,13,21,BANK OF AMERICA,33089.358781,0.019815256732194253,10354.853871000001,0.0007894207969941094,0,0,171297.50009453122,0.02201772132805628,754063.0352468507,0.027856899264402435,255660.45109254742,0.0752464041512694,0,0,52539.70201752056,0.004030114383900153,29204.06567976216,0.008206633153399295,0,0,92620.00000000001,0.004228804922007399,25260.000000000004,0.008385195643395292,1424088.9667832118,0.01205719194650676,,,,,,,,,,
2026,1,CA-0001-en2026.XLS,13,22,BARCLAYS BANK,0,0,0,0,0,0,322193.64535330364,0.04141315485132474,2982661.2097358066,0.11018666739479067,447009.4344086991,0.13156455140874082,50520.00000000001,0.010487181554220053,76884.5340632,0.0058975109246762756,40046.5042816,0.011253466326192767,332905.97399665,0.049021536461056024,484687.38867435005,0.022129652503357855,20546.429003100002,0.006820499879814915,4757455.119516708,0.040279470518246305,,,,,,,,,,
2026,1,CA-0001-en2026.XLS,13,23,Credit Agricole,0,0,0,0,0,0,447380.043706934,0.0575039864833812,1797495.0922408698,0.06640378505812829,268606.2027800008,0.07905661906465648,167604.00250235441,0.034792034906099424,0,0,67486.33793284098,0.018964332718404968,0,0,101040.00000000001,0.004613241733098981,0,0,2849611.679163,0.02412652284378387,,,,,,,,,,
2026,1,CA-0001-en2026.XLS,13,24,DB AG,0,0,0,0,0,0,0,0,0,0,0,0,0,0,969570.9810574204,0.07437198550666796,577641.4742075625,0.16232300409786066,114894.90208,0.016918664942795106,166351.5063,0.00759520695988755,0,0,1828458.863644983,0.015480830200558147,,,,,,,,,,
2026,1,CA-0001-en2026.XLS,13,25,DEUTSCHE BANK,,0,0,0,0,0,1106414.1227885326,0.14221292088641221,2087278.642270111,0.07710908525760415,274487.945918,0.08078774337185579,0,0,0,0,0,0,0,0,0,0,0,0,3468180.7109766435,0.029363699538993326,,,,,,,,,,
2026,1,CA-0001-en2026.XLS,13,26,G Sachs Bank,0,0,0,0,0,0,749430.0115862445,0.09632797408533059,2822601.5579424887,0.10427367950400764,560927.5313282155,0.1650931129219427,33379.42768701005,0.006929060141124979,118408.6,0.009082659088518364,34661.7,0.009740282722699896,308035.3231122108,0.04535924856485263,189373.07503552077,0.008646316041955157,5677.435550531583,0.001884655892477236,4822494.662242223,0.040830134324402946,,,,,,,,,,
2026,1,CA-0001-en2026.XLS,13,27,JPMC&CO,0,0,0,0,0,0,137723.3790106225,0.017702272232465417,268660.175952,0.009924952037201394,86843.01312027371,0.02555977835068677,0,0,0,0,0,0,0,0,0,0,0,0,493226.5680828962,0.004175952165352014,,,,,,,,,,
2026,1,CA-0001-en2026.XLS,13,28,NovaScotia,0,0,0,0,0,0,610106.1670414192,0.07841998604202274,1527508.6745560002,0.05642983846659137,124033.74039944002,0.036505814327580044,692124,0.14367438729281476,825160,0.06329478579665508,252600,0.07098311438140638,642277.6000000001,0.09457756016969643,1539176.0000000002,0.07027504906754115,408538.4,0.13561656420584653,6621524.58199686,0.05606180142241252,,,,,,,,,,
2026,1,CA-0001-en2026.XLS,13,29,STD CHARTERED,0,0,0,0,0,0,0,0,0,0,0,0,357008.00000000006,0.07410941631648837,383952,0.029451451350280322,168400,0.047322076254270914,0,0,0,0,0,0,909360.0000000001,0.007699187567783804,,,,,,,,,,
2026,1,CA-0001-en2026.XLS,13,30,M.Stanley PLC ,0,0,0,0,0,0,0,0,0,0,0,0,0,0,0,0,0,0,0,0,0,0,0,0,0,0,,,,,,,,,,
2026,1,CA-0001-en2026.XLS,13,31,CITIBANK N.A.,0,0,0,0,0,0,2367543.6468571494,0.3043121833053245,4903155.128115204,0.18113432444932182,962075.81766568,0.28315973585616894,1128280,0.23421372137758115,1791467.7277,0.13741645994278914,586996.3388,0.16495181416669502,495096,0.07290456919216243,1828824,0.08349967536909156,409212.00000000006,0.13584016942300373,14472650.659138035,0.1225341471229365,,,,,,,,,,
2026,1,CA-0001-en2026.XLS,13,32,BNY Mellon,0,0,0,0,0,0,0,0,0,0,0,0,0,0,0,0,0,0,0,0,0,0,0,0,0,0,,,,,,,,,,
2026,1,CA-0001-en2026.XLS,13,33,Natixis,0,0,0,0,0,0,0,0,0,0,0,0,0,0,237392.97386827652,0.01820948353122243,33680,0.009464415250854183,0,0,0,0,0,0,271072.9738682765,0.0022950664977223747,,,,,,,,,,
2026,1,CA-0001-en2026.XLS,13,34,BNP Paribas,0,0,0,0,0,0,428441.29170244624,0.05506969430920549,1333259.591538,0.049253810886796846,190438.74307800003,0.05605024385457116,0,0,0,0,0,0,210613.1086000757,0.03101349626882592,117739.40947500001,0.005375696332348571,0,0,2280492.144393522,0.019308015270677433,,,,,,,,,,
2026,1,CA-0001-en2026.XLS,13,35,BBVA US,0,0,0,0,0,0,0,0,0,0,0,0,0,0,0,0,0,0,885784,0.13043470542543345,2728080,0.1245575267936725,237444,0.07882083904791574,3851308,0.03260748512503994,,,,,,,,,,
2026,1,CA-0001-en2026.XLS,13,36,Standard CB,0,0,0,0,0,0,701383.3151785345,0.09015229276099787,4026714.4626662107,0.1487565016580933,501812.27152662876,0.14769421249941597,0,0,0,0,0,0,230708.00000000003,0.033972537344647113,1015452,0.04636307941764477,55572.00000000001,0.018447430415469642,6531642.049371374,0.05530080195272943,,,,,,,,,,
2026,1,CA-0001-en2026.XLS,13,37,Santander USA,0,0,0,0,0,0,807251.38465888,0.10376004331235555,1542745.5582968,0.05699272554052404,245862.13510472,0.07236254768590232,286280,0.05942736214058031,1054184.0000000002,0.08086231818103282,252600,0.07098311438140638,40416.00000000001,0.00595139340344183,176820.00000000003,0.008073173032923217,13472.000000000002,0.004472104343144156,4419631.078060401,0.03741924941760532,,,,,,,,,,
2026,1,CA-0001-en2026.XLS,13,38,Morgan SCS,0,0,0,0,0,0,0,0,0,0,0,0,0,0,0,0,0,0,0,0,0,0,0,0,0,0,,,,,,,,,,
2026,1,CA-0001-en2026.XLS,13,39,JP Morgan Bank,0,0,0,0,0,0,0,0,0,0,0,0,0,0,0,0,0,0,0,0,0,0,0,0,0,0,,,,,,,,,,
2026,1,CA-0001-en2026.XLS,13,40,Bilbao Viz Arg,0,0,0,0,0,0,0,0,0,0,0,0,618235.5530000001,0.1283362725175106,1825456,0.1400235669460696,515304,0.144805553338069,0,0,0,0,0,0,2958995.5530000003,0.02505263237308126,,,,,,,,,,
2026,1,CA-0001-en2026.XLS,13,41,Societe General,0,0,0,0,0,0,0,0,0,0,0,0,302296.90141172125,0.06275222661090421,630819.5906066856,0.048387695554539506,301823.3032252128,0.0848153525566476,94213.003568278,0.013873185074096676,241641.903593927,0.011032784185718375,26529.111710732846,0.008806484241487889,1597323.8141165576,0.013523902141474451,,,,,,,,,,
2026,1,CA-0001-en2026.XLS,13,42,GoldmanSachsInt,158389.8823602666,0.0948503173942701,114509.04020669193,0.008729801396440898,16840,0.003377298348859043,0,0,0,0,0,0,0,0,0,0,0,0,0,0,0,0,0,0,289738.9225669585,0.0024531036229112797,,,,,,,,,,
2026,1,CA-0001-en2026.XLS,13,43,STATE STREET BA,0,0,0,0,0,0,0,0,0,0,0,0,0,0,0,0,0,0,465298.52847733354,0.06851679020712571,536081.6671143972,0.024476190806427277,27239.755103113726,0.009042386216064286,1028619.9506948444,0.00870891389148867,,,,,,,,,,
2026,1,CA-0001-en2026.XLS,13,44,2. Swaps,0,0,0,0,0,0,0,0,0,0,0,0,0,0,0,0,0,0,0,0,0,0,0,0,0,0,,,,,,,,,,
2026,1,CA-0001-en2026.XLS,13,45,BARCLAYS BANK,0,0,0,0,0,0,0,0,0,0,0,0,0,0,0,0,0,0,0,0,0,0,0,0,0,0,,,,,,,,,,
2026,1,CA-0001-en2026.XLS,13,46,Credit Agricole,0,0,0,0,0,0,0,0,0,0,0,0,0,0,0,0,0,0,0,0,0,0,0,0,0,0,,,,,,,,,,
2026,1,CA-0001-en2026.XLS,13,47,3. Futuros,0,0,0,0,0,0,1308804.8000000003,0.1682272032184925,0,0,63100.763208000004,0.01857192033539805,0,0,0,0,0,0,0,0,0,0,0,0,1371905.5632080003,0.011615375930791406,,,,,,,,,,
2026,1,CA-0001-en2026.XLS,13,48,Índice,0,0,0,0,0,0,0,0,0,0,63100.763208000004,0.01857192033539805,0,0,0,0,0,0,0,0,0,0,0,0,63100.763208000004,0.0005342489350847885,,,,,,,,,,
2026,1,CA-0001-en2026.XLS,13,49,Chicago ME,0,0,0,0,0,0,0,0,0,0,63100.763208000004,0.01857192033539805,0,0,0,0,0,0,0,0,0,0,0,0,63100.763208000004,0.0005342489350847885,,,,,,,,,,
2026,1,CA-0001-en2026.XLS,13,50,Bonos,0,0,0,0,0,0,1308804.8000000003,0.1682272032184925,0,0,0,0,0,0,0,0,0,0,0,0,0,0,0,0,1308804.8000000003,0.011081126995706618,,,,,,,,,,
2026,1,CA-0001-en2026.XLS,13,51,CHICAGO BOT,0,0,0,0,0,0,1308804.8000000003,0.1682272032184925,0,0,0,0,0,0,0,0,0,0,0,0,0,0,0,0,1308804.8000000003,0.011081126995706618,,,,,,,,,,
2026,1,CA-0001-en2026.XLS,13,52,4. Opciones,0,0,0,0,0,0,0,0,0,0,0,0,0,0,0,0,0,0,0,0,0,0,0,0,0,0,,,,,,,,,,
2026,1,CA-0001-en2026.XLS,13,53,Índices(*),0,0,0,0,0,0,0,0,0,0,0,0,0,0,0,0,0,0,0,0,0,0,0,0,0,0,,,,,,,,,,
2026,1,CA-0001-en2026.XLS,13,54,Chicago BOE,0,0,0,0,0,0,0,0,0,0,0,0,0,0,0,0,0,0,0,0,0,0,0,0,0,0,,,,,,,,,,
2026,1,CA-0001-en2026.XLS,13,55,Chicago ME,0,0,0,0,0,0,0,0,0,0,0,0,0,0,0,0,0,0,0,0,0,0,0,0,0,0,,,,,,,,,,
2026,1,CA-0001-en2026.XLS,13,56,Total,1432426.8954345288,0.8577956094886091,3289835.391929266,0.25080648258587374,1600611.7830251532,0.3210061479795236,9935245.014650919,1.2770265528558533,27264913.022449303,1.0072313586760404,4658348.001321245,1.3710526398851932,4794319.884601086,0.9952276931674371,9555532.109313104,0.7329673736390913,3113043.7241269783,0.8747962737293135,5521082.439834548,0.812998159448977,12652236.550193198,0.5776704836737087,1711115.1313674783,0.568014059576023,85528709.9482468,0.7241373936858105,,,,,,,,,,
2026,1,CA-0001-en2026.XLS,13,57,"*El valor nocional de estos derivados se ha calculado como la multiplicación del número de contratos en stock, por el número de unidades de subyacente en cada contrato, por el precio spot del subyacente, por el tipo de cambio de la fecha correspondiente.",,,,,,,,,,,,,,,,,,,,,,,,,,,,,,,,,,,,
2025,12,CA-0001-di2025.XLS,1,1,CARTERA POR TIPO DE INSTRUMENTO Y SECTOR DEL EMISOR,,,,,,,,,,,,,,,,,,,,,,,,,,,,,,,,,,,,
2025,12,CA-0001-di2025.XLS,1,2,(En miles de Soles),,,,,,,,,,,,,,,,,,,,,,,,,,,,,,,,,,,,
2025,12,CA-0001-di2025.XLS,1,3,Al 31-12-2025,,,,,,,,,,,,,,,,,,,,,,,,,,,,,,,,,,,,
2025,12,CA-0001-di2025.XLS,1,4,,HA00,,HA01,,HA02,,HA03,,IN00,,IN01,,IN02,,IN03,,PR00,,PR01,,PR02,,PR03,,RI00,,RI01,,RI02,,RI03,,TOTAL,,,
2025,12,CA-0001-di2025.XLS,1,5,,Monto,%,Monto,%,Monto,%,Monto,%,Monto,%,Monto,%,Monto,%,Monto,%,Monto,%,Monto,%,Monto,%,Monto,%,Monto,%,Monto,%,Monto,%,Monto,%,Monto,%,,
2025,12,CA-0001-di2025.XLS,1,6,I. NACIONAL,267609.7031986026,1.0048615768430402,934001.3353256456,0.568640746627082,7917280.590020099,0.6168591285710152,2079857.0960077513,0.4566653248715583,2849350.5838164273,1.0005306564905168,4149223.5416295803,0.5402978931860292,15805743.949049558,0.6019651108260248,1259450.1724890189,0.39804755879034215,1818738.1694357872,0.9992253471410354,2769163.5592840714,0.5757543447046121,7262348.406040597,0.5596471588108811,1369569.0053980944,0.40284558625540284,2101678.109619567,1.003108309118643,3236299.1724133566,0.4863155556400311,11776529.08541211,0.5538921929209587,1228572.6184761424,0.43761390139581713,66825415.09761633,0.580730297527625,,
2025,12,CA-0001-di2025.XLS,1,7,1. Gobierno,0,,452305.4654466801,0.27537360798893906,4146668.706103083,0.32307942297052705,377221.905861932,0.08282500010205776,0,,2385861.3398821275,0.31067881555160426,7512683.751301218,0.28612215416945647,0,,0,,1469869.994709738,0.3056099856463054,2566864.1347938185,0.19780629347058631,115170.69374695,0.03387635486716169,0,,1826750.2984903252,0.2745040056860501,4686604.222868882,0.2204277229334955,99034.345938,0.035275738565512194,25639034.859142754,0.22280990429047426,,
2025,12,CA-0001-di2025.XLS,1,8,BONOS GOBIERNO CENTRAL DE LA REPUBLICA,0,,452305.4654466801,0.27537360798893906,4146668.706103083,0.32307942297052705,377221.905861932,0.08282500010205776,0,,2377769.829798387,0.30962516640325755,7478759.109756098,0.28483012700051896,0,,0,,1469869.994709738,0.3056099856463054,2566864.1347938185,0.19780629347058631,115170.69374695,0.03387635486716169,0,,1826750.2984903252,0.2745040056860501,4680711.598950242,0.22015057180002637,99034.345938,0.035275738565512194,25591126.083595254,0.22239356452756756,,
2025,12,CA-0001-di2025.XLS,1,9,VAL REP DER CRED SOBRE DEUDA GOB CEN-GDN,0,,0,,0,,0,,0,,8091.51008374,0.0010536491483467362,33924.64154512,0.0012920271689374871,0,,0,,0,,0,,0,,0,,0,,5892.62391864,0.00027715113346911814,0,,47908.7755475,0.00041633976290670683,,
2025,12,CA-0001-di2025.XLS,1,10,2. Sistema Financiero,255524.8997270826,0.9594837204832591,161614.73641103102,0.09839463917539895,1339343.7689307306,0.10435229884375397,275427.1665565722,0.06047436467411081,2839767.67119522,0.9971656799550055,313670.65292594215,0.04084513433171461,2501730.175853434,0.09527892438463673,214461.2019699105,0.06778017881458483,1801211.2204230747,0.989595939232923,108950.294800844,0.02265254624564389,910876.2196207017,0.07019344980958385,288820.31879352144,0.08495372645573915,1889945.3941139008,0.9020505661351405,279102.0375105691,0.04194039401833177,2170770.166079519,0.10209906831602775,264529.6129767449,0.09422465894858038,15615745.537888812,0.13570490417585612,,
2025,12,CA-0001-di2025.XLS,1,11,ACCIONES DEL CAPITAL SOCIAL,0,,14623.911244535999,0.008903361798515834,737816.6673261055,0.0574855142844946,198419.7508904972,0.04356617585663438,0,,45294.27732616849,0.005898068004092451,1623428.3874017107,0.0618286144765207,209084.31902295747,0.06608082208123639,0,,26593.6937077386,0.0055292633916982385,536263.0933548,0.041325216003341166,248698.7724888884,0.07315235844955745,0,,62412.2614667112,0.009378630341922493,1365290.975849762,0.06421450727153341,239135.3464043419,0.08517929695636986,5307061.456484217,0.04611974911221167,,
2025,12,CA-0001-di2025.XLS,1,12,BONOS SUBORDINADOS SISTEMA FINANCIERO,0,,56670.1690333398,0.034502056915545885,182879.90029131633,0.014248722733037456,0,,0,,110295.39754078671,0.01436229461283692,216491.3554800227,0.00824511919302885,0,,0,,0,,28134.6712977803,0.0021680987988381526,0,,0,,34439.13918649391,0.005175136233389294,89881.66897199249,0.004227455676389598,0,,718792.3018017322,0.006246492695572877,,
2025,12,CA-0001-di2025.XLS,1,13,CD SERIADOS SUBASTADO BCOS,26190.825295118106,0.09834529051191143,0,,0,,0,,426981.3673125043,0.14993168975865204,0,,0,,0,,305797.9503723844,0.16800717566215415,0,,0,,0,,634075.4624255366,0.30263738393432416,0,,0,,0,,1393045.6054055432,0.01210592987286311,,
2025,12,CA-0001-di2025.XLS,1,14,CUENTAS CORRIENTES,2246.0362700000005,0.008433758271627002,1150.722630059,0.0007005854818069254,15792.427853368003,0.001230435523016431,891.4728589719998,0.00019573688189349916,11815.14558,0.004148810409933759,5141.807475694,0.0006695488248373722,26741.18962253899,0.0010184438787975807,4876.819613453001,0.0015413123791626245,9009.722390000003,0.004949993976090007,1189.212253773,0.00024725665610838345,8822.862002094,0.0006799026122108616,929.5363046330001,0.00027341418804722214,200.08496,9.549839482412561e-05,351.37013356400007,5.280005111890296e-05,11189.774832943998,0.0005262950463213003,133.366572403,4.750477520608838e-05,100481.5513534961,0.0008732109052867591,,
2025,12,CA-0001-di2025.XLS,1,15,DEPOSITOS A PLAZO,224695.2769489999,0.8437199683174074,7168.27,0.004364201902777076,80723.156,0.006289383722035766,73100.368,0.01605033507591815,2298331.5525037,0.8070439594622899,42044.909994999995,0.00547494635118475,331126.3134185,0.012611015881119998,500.0633335,0.0001580443541858114,1481299.3923944002,0.8138345169520883,16947.057,0.003523570019904977,175708.544,0.01354035663541078,39192.01,0.011527953818134483,1176989.2247999997,0.561764271006136,141068.38,0.02119820942010754,549440.47,0.025842146238555526,25260.9,0.008997857217004435,6663595.8883941015,0.05790838735858437,,
2025,12,CA-0001-di2025.XLS,1,16,OTROS BONOS SISTEMA FINANCIERO,0,,82001.66350309619,0.04992443307675324,322131.6174599408,0.025098242581169695,3015.5748071030002,0.0006621168596647884,0,,110894.26058829301,0.014440276538763123,303942.92993066163,0.011575730955169585,0,,0,,64220.3318393324,0.013352456177932293,161947.0489660276,0.012479875759782894,0,,31119.4329793594,0.014852969945196177,40830.8867238,0.006135617971793544,154967.27642482,0.0072886640832279005,0,,1275071.023222434,0.011080699964274958,,
2025,12,CA-0001-di2025.XLS,1,17,PAPELES COMERCIALES,2392.7612129645,0.008984703382313415,0,,0,,0,,102639.6057990143,0.036041220324129764,0,,0,,0,,5104.1552662901995,0.0028042526425905304,0,,0,,0,,47561.188949005096,0.022700442854659983,0,,0,,0,,157697.71122727412,0.0013704342670623668,,
2025,12,CA-0001-di2025.XLS,1,18,3. Sistema no Financiero,0,,199312.2761819897,0.12134573822697381,1990233.207822972,0.1550650514746577,1351863.0339917191,0.29682278305786935,9582.9126212072,0.0033649765355112994,1148461.8791737796,0.14954883184682785,4882070.842729356,0.18593470357216565,869713.9830626699,0.27487195235343004,0,,751736.12764655,0.15629822229634588,2164985.868070309,0.16683696818008104,725423.6788799888,0.2133764169969779,115143.3823169376,0.05495669532526658,939964.4440985702,0.14124755053865692,4185834.0334807355,0.19687471369470083,738315.2520558889,0.26298569010350104,20072640.922132675,0.17443648824099967,,
2025,12,CA-0001-di2025.XLS,1,19,ACCIONES DEL CAPITAL SOCIAL,0,,50010.5742025021,0.0304475477477179,879747.4444067632,0.06854376774310536,750654.8948869776,0.1648180839433545,0,,200928.97856071705,0.02616429380272424,1802674.7457310632,0.06865525005310033,398183.31757825374,0.12584531010054342,0,,96575.97896340518,0.020079723819801183,356650.8704678148,0.027484036180186584,230717.92629976064,0.06786346501236848,0,,91206.50156606962,0.013705513033274429,1088328.8782286153,0.05118799135205124,251173.2019594063,0.08946714519152353,6196853.312851352,0.05385227256501656,,
2025,12,CA-0001-di2025.XLS,1,20,ACCIONES DEL EXTRANJERO - LIMITE LOCAL,0,,1366.4377521,0.0008319176367158674,85309.32038373,0.006646705574288565,71543.42671018501,0.015708484137560864,0,,27303.2490391695,0.003555336988954579,280030.54384946596,0.01066502265925624,99517.15026019841,0.03145226352270719,0,,62568.8385331832,0.013009083738598368,587924.055021589,0.04530628504627063,275030.5319844324,0.08089759293523081,0,,6908.9784238692,0.001038205524924748,324419.7750224531,0.01525861986251125,65415.2867069849,0.023300729966028857,1887337.5936873616,0.016401456253074993,,
2025,12,CA-0001-di2025.XLS,1,21,ACCIONES DEL TRABAJO,0,,13553.1026683618,0.008251429766707676,285555.864806429,0.02224851575234993,266427.918755076,0.05849843833342217,0,,67040.5217697865,0.008729790599829167,798734.4414033871,0.030419970618900546,175997.724393981,0.055623847674124975,0,,21907.3422652823,0.004554894364357534,227400.96680541,0.01752385011956197,149409.549698229,0.043947385931710395,0,,86282.1809905457,0.01296554012927071,802751.1320607289,0.037756250732457614,185667.407604218,0.06613417667122379,3080728.1532214354,0.026772331670646497,,
2025,12,CA-0001-di2025.XLS,1,22,VALOR REP.DERECHO SOBRE ACC. EMP.NAC.,0,,5973.44413317,0.003636765391386356,494872.0615328824,0.038556969803004146,262424.1167403884,0.057619340653457383,0,,37409.0473403899,0.004871279954266085,991282.5349128533,0.03775320560122072,196015.7908302367,0.061950531056054435,0,,0.38715845330000004,8.04965675751643e-08,65962.1539768748,0.005083139777692108,62725.2714802868,0.018450036955356314,0,,36411.9564988882,0.0054715895883916555,853286.6384370043,0.04013311595684701,184211.70880998348,0.06561566110362772,3190575.1118514114,0.02772693040938245,,
2025,12,CA-0001-di2025.XLS,1,23,BONOS DE EMPRESAS PRIVADAS,0,,128408.7174258558,0.07817807768444601,244748.51669316698,0.019069092601909712,812.676899092,0.0001784359900744237,0,0,794533.9251624016,0.10346152756606439,766530.7708783863,0.02919348699629622,0,0,0,0,537959.6669478033,0.11185060358122041,805881.6404547512,0.06210241442605781,0,0,0,0,716963.4624399275,0.10773740808086821,973697.587041387,0.04579647261231443,11499.755103999998,0.004096178459845452,4981036.719046773,0.04328650905680996,,
2025,12,CA-0001-di2025.XLS,1,24,BONO PARA NUEVOS PROYECTOS,0,,0,,0,,0,,0,,21246.1573013151,0.002766602934989404,242817.805954201,0.009247767643391578,0,,0,,32723.9137784226,0.006803836295800816,121166.181343869,0.009337242630311946,7540.3994172798,0.0022179361623119024,0,,2191.3641792702,0.00032929418192717444,143350.022690546,0.006742263178519308,40347.8918712963,0.014371798711251696,611383.7365362,0.005313084231554332,,
2025,12,CA-0001-di2025.XLS,1,25,PAPELES COMERCIALES,0,,0,,0,,0,,9582.9126212072,0.0033649765355112994,0,,0,,0,,0,,0,,0,,0,,115143.3823169376,0.05495669532526658,0,,0,,0,,124726.2949381448,0.0010839040545148925,,
2025,12,CA-0001-di2025.XLS,1,26,4. Administradoras de Fondos,12084.80347152,0.04537785635978108,66004.691207639,0.04018512123017011,201353.75323978032,0.0156880761450541,74953.0903819619,0.016457129403316634,0,,50096.7444471564,0.006523429072622845,700835.6053000485,0.02669147268076782,175274.9874564383,0.055395427622327326,0,,223578.73808492694,0.04648567232671935,934125.4431007003,0.07198506887516296,134015.9895343215,0.03941951786201454,0,,115123.1390860828,0.01729944308885486,566276.4445463023,0.026634002208491887,126693.4075055087,0.045127813778223475,3380416.8373623854,0.02937670454962687,,
2025,12,CA-0001-di2025.XLS,1,27,FONDOS MUTUOS DEL EXT - ETF DEL MERCADO LOCAL,0,,0,,0,,0,,0,,1173.98186322,0.00015287195808381495,642.188504715,2.445788541546061e-05,22499.941132065,0.007111076592133278,0,,0,,279873.82330381504,0.021567484962197372,48824.32028085,0.014361205495697865,0,,0,,0,,0,,353014.255084665,0.003067786007574276,,
2025,12,CA-0001-di2025.XLS,1,28,FONDO MUTUO ALTERNATIVO DEL EXTRANJERO - LÍMITE LOCAL,0,,0,,0,,0,,0,,0,,44177.165181748,0.0016824967062818732,27573.472245900797,0.008714559380434531,0,,0,,34681.1405366718,0.0026725792650660047,14863.3449983168,0.004371910364474704,0,,0,,33029.6581012928,0.0015535027022365111,33029.6581012928,0.011765065675486876,187354.43916522298,0.001628158972759185,,
2025,12,CA-0001-di2025.XLS,1,29,FONDO DE INVERSION TRADICIONAL,12084.80347152,0.04537785635978108,66004.691207639,0.04018512123017011,169486.3149213973,0.013205188238359557,74953.0903819619,0.016457129403316634,0,,48922.7625839364,0.00637055711453903,92290.1408924074,0.003514889591374668,19297.209,0.00609885734402406,0,,223566.39875970763,0.046483106779414675,354234.413686986,0.02729782049675073,0,,0,,115123.1390860828,0.01729944308885486,282728.1632386825,0.013297714564368058,332.96469909,0.00011860103245389779,1459024.0919294106,0.01267930014005049,,
2025,12,CA-0001-di2025.XLS,1,30,FONDO DE INVERSION ALTERNATIVO,0,,0,,31867.438318383,0.002482887906694541,0,,0,,0,,455994.44106015,0.017366645007894758,105904.3650784725,0.03347093430573546,0,,12.339325219300001,2.565547304678499e-06,265336.0655732276,0.020447184151148854,70328.3242551547,0.02068640200184197,0,,0,,250518.623206327,0.011782784941887321,93330.78470512589,0.0332441470702827,1273292.3815220594,0.011065243103702603,,
2025,12,CA-0001-di2025.XLS,1,31,FONDO MUTUO,0,,0,,0,,0,,0,,0,,107731.66966102799,0.004102983489801063,0,,0,,0,,0,,0,,0,,0,,0,,0,,107731.66966102799,0.0009362163255403132,,
2025,12,CA-0001-di2025.XLS,1,32,5. Sociedades Titulizadoras,0,,54764.16607830589,0.03334164000560001,239681.1539235311,0.01867427913702241,391.8992155659,8.604763420373168e-05,0,,251132.92520057267,0.03270168238325963,208423.5738655093,0.0079378560189982,0,,17526.949012712503,0.009629407908112422,215028.4040420117,0.04470791818959755,685496.7404550688,0.05282537847546702,106138.32444331341,0.03121957007350966,96589.33318872881,0.046101047658235986,75359.2532278092,0.011324162308137476,167044.2184366693,0.007856685768242774,0,,2117576.941089798,0.01840229627066814,,
2025,12,CA-0001-di2025.XLS,1,33,PAPELES COMERCIALES TITULIZADOS,0,,0,,0,,0,,0,,0,,0,,0,,17526.949012712503,0.009629407908112422,0,,0,,0,,96589.33318872881,0.046101047658235986,0,,0,,0,,114116.28220144133,0.0009917002747948996,,
2025,12,CA-0001-di2025.XLS,1,34,TITULOS CON DERECHO DE PARTICIPACION,0,,0,,0,,0,,0,,0,,0,,0,,0,,0,,272832.620407578,0.021024879598867195,106101.56249810601,0.031208756899941483,0,,0,,0,,0,,378934.182905684,0.0032930369450118774,,
2025,12,CA-0001-di2025.XLS,1,35,TITULOS CON DERECHO CREDITICIO,0,,54764.16607830589,0.03334164000560001,239681.1539235311,0.01867427913702241,391.8992155659,8.604763420373168e-05,0,,251132.92520057267,0.03270168238325963,208423.5738655093,0.0079378560189982,0,,0,,215028.4040420117,0.04470791818959755,412664.1200474907,0.031800498876599824,36.7619452074,1.0813173568176206e-05,0,,75359.2532278092,0.011324162308137476,167044.2184366693,0.007856685768242774,0,,1624526.4759826732,0.01411755905086136,,
2025,12,CA-0001-di2025.XLS,1,36,II. EXTRANJERO,0,,825314.108541649,0.502469550238235,6144236.428291904,0.4787159285055489,2621210.276167046,0.5755279267119562,0,,3711084.9617090584,0.4832449652636151,13760737.551264023,0.5240806084039209,1915099.64300659,0.6052647054964577,0,,2106226.6395263355,0.43791892847001124,6823122.119360231,0.5257997406380954,2054927.0878003312,0.6044370923511144,0,,3417934.9311052766,0.5136097859341014,10227519.788882103,0.4810367573433605,1580709.9008389811,0.5630441508122984,55188123.436493486,0.47959919585159966,,
2025,12,CA-0001-di2025.XLS,1,37,1. Gobierno,0,,233139.33897128477,0.14194040497228355,50856.586548260406,0.0039623895229633005,0,,0,,829451.7628453718,0.10800841060223623,339298.40189738915,0.012922251604204732,0,,0,,425446.73949688807,0.08845732780373355,188858.3374838168,0.014553698897542778,26787.8680893353,0.007879394453617862,0,,892272.1776736075,0.13408087965609677,611111.5213947236,0.0287427558875461,3705.18309,0.0013197751626695521,3600927.917490677,0.031293003385690625,,
2025,12,CA-0001-di2025.XLS,1,38,TIT. DEUDA EMITIDOS POR ESTADOS DEL EXTRANJER,0,,233139.33897128477,0.14194040497228355,50856.586548260406,0.0039623895229633005,0,,0,,829451.7628453718,0.10800841060223623,339298.40189738915,0.012922251604204732,0,,0,,425446.73949688807,0.08845732780373355,188858.3374838168,0.014553698897542778,26787.8680893353,0.007879394453617862,0,,892272.1776736075,0.13408087965609677,611111.5213947236,0.0287427558875461,3705.18309,0.0013197751626695521,3600927.917490677,0.031293003385690625,,
2025,12,CA-0001-di2025.XLS,1,39,2. Sistema Financiero,0,,544.8546724081,0.00033171961966561115,2773.1803451329006,0.0002160668163289898,7549.052808949001,0.0016575132301581924,0,,458625.8820363916,0.0597207152949699,532060.1314326454,0.020263622959881048,49022.287917571106,0.015493429163095058,0,,91301.21477705291,0.01898301416991333,15431.043599980101,0.00118913872281762,9101.0392498295,0.0026769833996537506,0,,345097.9943419524,0.05185754280668562,644169.6108331119,0.030297595817036695,51525.27005976181,0.018353147475558284,2207201.5620747874,0.0191811576175731,,
2025,12,CA-0001-di2025.XLS,1,40,BONO SISTEMA FINANCIERO EXTRANJERO,0,,0,,0,,0,,0,,309217.7611460405,0.04026529378489235,309667.6841036947,0.011793759432116337,0,,0,,81102.8392478701,0.0168626052832045,0,,0,,0,,243837.02473154475,0.03664115455664287,396983.20476806205,0.018671536939873928,0,,1340808.5139972118,0.011651975915506844,,
2025,12,CA-0001-di2025.XLS,1,41,CUENTAS CORRIENTES DEL EXTERIOR,0,,376.8096724081,0.00022941009327330538,2127.8875451329,0.0001657901146565864,6890.316408949001,0.0015128772969067476,0,,4512.7574333711,0.0005876360502746977,25347.347065877697,0.0009653590893818252,10396.997594587101,0.003285957318260274,0,,10198.3755291828,0.002120408886708829,15431.043599980101,0.00118913872281762,9101.0392498295,0.0026769833996537506,0,,101260.9696104076,0.01521638825004275,247186.4060650497,0.011626058877162768,51525.27005976181,0.018353147475558284,484355.2198345373,0.004209173269072624,,
2025,12,CA-0001-di2025.XLS,1,42,DEPÓSITOS OVERNIGHT - CMS,0,,168.045,0.00010230952639230579,645.2928,5.027670167240341e-05,658.7364,0.00014463593325144477,0,,144895.36345697998,0.018867785459802857,197045.100263073,0.007504504438382887,38625.290322984,0.012207471844834783,0,,0,,0,,0,,0,,0,,0,,0,,382037.828243037,0.0033200084329936337,,
2025,12,CA-0001-di2025.XLS,1,43,3. Sistema no Financiero,0,,91161.1961149133,0.05550095986118531,97088.35070673689,0.00756444523222371,17829.9403070778,0.0039148437161385784,0,,305140.95050124964,0.039734425254865216,525017.2767043292,0.01999539434370652,10165.716312413599,0.00321286117537665,0,,96616.60914657959,0.020088171498671707,70995.6240096997,0.005471026318702329,0,,0,,490073.9293567815,0.0736429367505322,555366.7438561076,0.026120880048679237,0,,2259456.337015888,0.01963526524944425,,
2025,12,CA-0001-di2025.XLS,1,44,ACCIONES EN EL EXTRANJERO,0,,0,,0,,17829.9403070778,0.0039148437161385784,0,,6920.5272677838,0.0009011677160810505,135896.68739879687,0.005175654164372665,10165.716312413599,0.00321286117537665,0,,0,,15255.2725789807,0.0011755935516135254,0,,0,,0,,579.7210387267,2.7266349456097932e-05,0,,186647.8649037795,0.0016220186580230317,,
2025,12,CA-0001-di2025.XLS,1,45,BONOS DE EMPRESA PRIVADA EXTRANJERA,0,,0,,0,,0,,0,,15392.922,0.0020044143785298515,32709.95925,0.0012457657360838762,0,,0,,0,,0,,0,,0,,90642.84193052878,0.013620812443419667,60643.938677946906,0.0028523008721900254,0,,199389.66185847568,0.0017327481989578436,,
2025,12,CA-0001-di2025.XLS,1,46,TIT. DEUDA EMITIDOS EMPRESAS PÚBLICAS EXTRAN,0,,91161.1961149133,0.05550095986118531,97088.35070673689,0.00756444523222371,0,,0,,282827.5012334658,0.03682884316025432,356410.6300555323,0.01357397444324998,0,,0,,96616.60914657959,0.020088171498671707,55740.351430719005,0.004295432767088803,0,,0,,399431.08742625266,0.060022124307112526,494143.084139434,0.023241312827033112,0,,1873418.8102536337,0.016280498392463375,,
2025,12,CA-0001-di2025.XLS,1,47,4. Administradoras de Fondos,0,,500468.7187830433,0.3046964657851005,5993518.310691773,0.46697302693403286,2595831.2830510186,0.5699555697656594,0,,2117866.3663260443,0.2757814141115437,12364361.74122966,0.47089933949612867,1855911.638776605,0.586558415157986,0,,1492862.076105815,0.3103904149976926,6547837.1142667355,0.5045858766990327,2019038.1804611664,0.5938807144978429,0,,1690490.8297329345,0.25402842672078685,8416871.912798163,0.3958755255900985,1525479.4476892191,0.5433712281740706,47120537.61991216,0.40948976959889166,,
2025,12,CA-0001-di2025.XLS,1,48,FONDOS MUTUOS ALTERNATIVOS DEL EXTRANJERO,0,,0,,2474215.7007197435,0.19277358225330127,544981.8279631822,0.1196593285152197,0,,0,,5335223.214917363,0.20319310778423888,493952.3355333105,0.15611298137285895,0,,0,,2616420.0809096172,0.20162514694542427,435851.3635995237,0.12820149798763192,0,,0,,2188191.54014333,0.10291845771454365,225969.7468235743,0.08048974966375555,14314805.810609646,0.12439939842202387,,
2025,12,CA-0001-di2025.XLS,1,49,FONDOS MUTUOS DEL EXTRANJERO,0,,500468.7187830433,0.3046964657851005,3519302.6099720295,0.2741994446807316,2050849.4550878368,0.45029624125043977,0,,2117866.3663260443,0.2757814141115437,7029138.526312298,0.2677062317118898,1361959.3032432941,0.43044543378512706,0,,1492862.076105815,0.3103904149976926,3931417.033357118,0.3029607297536084,1583186.8168616425,0.46567921651021094,0,,1690490.8297329345,0.25402842672078685,6228680.372654832,0.2929570678755548,1299509.700865645,0.462881478510315,32805731.809302527,0.2850903711768678,,
2025,12,CA-0001-di2025.XLS,1,50,III. OPERACIONES EN TRÁNSITO,-1294.7108,-0.00486157684304217,-116799.7766983199,-0.07111029686531692,-1226689.383741944,-0.09557505707656758,-146622.3930366685,-0.03219325158351456,-1511.2244399999995,-0.0005306564905159902,-180797.63728207478,-0.023542858449644266,-3309571.149876979,-0.1260457192299454,-10480.234673506755,-0.0033122642867998153,1409.9829699999996,0.0007746528589644473,-65763.34188277472,-0.013673273174622969,-1108814.9814481419,-0.08544689944897743,-24759.191203942115,-0.007282678606517157,-6512.4226100000005,-0.0031083091186431136,496.8317361987429,7.465842586762417e-05,-742638.7372269463,-0.034928950264320635,-1847.4388538390049,-0.0006580522081156906,-6942195.809068938,-0.060329493379225385,,
2025,12,CA-0001-di2025.XLS,1,51,TOTAL,266314.992398603,1,1642515.667168975,1,12834827.6345701,1,4554444.979138128,1,2847839.359376425,1,7679510.86605656,1,26256910.350436598,1,3164069.5808221013,1,1820148.152405787,1,4809626.85692763,1,12976655.5439527,1,3399736.901994483,1,2095165.687009567,1,6654730.93525483,1,21261410.1370673,1,2807435.080461285,1,115071342.72504108,1,,
2025,12,CA-0001-di2025.XLS,1,52,*Se ha considerado la modificación de la acción MMG como local considerando la información actualizada de los EEFF. ,,,,,,,,,,,,,,,,,,,,,,,,,,,,,,,,,,,,
2025,12,CA-0001-di2025.XLS,1-A,1,CARTERA POR TIPO DE INSTRUMENTO Y SECTOR DEL EMISOR,,,,,,,,,,,,,,,,,,,,,,,,,,,,,,,,,,,,
2025,12,CA-0001-di2025.XLS,1-A,2,(En miles de Soles),,,,,,,,,,,,,,,,,,,,,,,,,,,,,,,,,,,,
2025,12,CA-0001-di2025.XLS,1-A,3,Al 31-12-2025,,,,,,,,,,,,,,,,,,,,,,,,,,,,,,,,,,,,
2025,12,CA-0001-di2025.XLS,1-A,4,,HA00,,HA01,,HA02,,HA03,,IN00,,IN01,,IN02,,IN03,,PR00,,PR01,,PR02,,PR03,,RI00,,RI01,,RI02,,RI03,,TOTAL,,,
2025,12,CA-0001-di2025.XLS,1-A,5,,Monto,%,Monto,%,Monto,%,Monto,%,Monto,%,Monto,%,Monto,%,Monto,%,Monto,%,Monto,%,Monto,%,Monto,%,Monto,%,Monto,%,Monto,%,Monto,%,Monto,%,,
2025,12,CA-0001-di2025.XLS,1-A,6,I. NACIONAL,267609.7031986025,1.0048615768430404,934001.3353256454,0.568640746627082,7917280.590020097,0.6168591285710152,2079857.0960077513,0.4566653248715583,2849350.5838164263,1.0005306564905168,4149223.5416295812,0.5402978931860293,15805743.949049564,0.6019651108260247,1259450.1724890189,0.39804755879034226,1818738.1694357872,0.9992253471410353,2769163.5592840705,0.5757543447046123,7262348.406040598,0.5596471588108811,1369569.0053980947,0.402845586255403,2101678.109619567,1.0031083091186435,3236299.172413356,0.48631555564003115,11776529.085412104,0.5538921929209588,1228572.6184761429,0.43761390139581713,66825415.09761638,0.580730297527625,,
2025,12,CA-0001-di2025.XLS,1-A,7,Corto Plazo,255524.8997270825,0.9594837204832595,20315.625588599796,0.012368603840239542,143155.31701291227,0.011153661045461113,73991.84085897199,0.016246071957811647,2849350.5838164263,1.0005306564905168,128809.72904012291,0.016773168407048154,437898.6265330153,0.016677462073359822,5376.882946953,0.001699356733348436,1818738.1694357872,0.9992253471410353,38532.227774327206,0.00801147966787208,265641.07780289394,0.020470688838364552,40121.546304633004,0.011801368006181702,2101678.109619567,1.0031083091186435,141419.75013356397,0.02125100947122645,560630.2448329439,0.026368441284876826,25394.266572403,0.009045361992210522,8906578.898000209,0.0774004950935712,,
2025,12,CA-0001-di2025.XLS,1-A,8,Inversiones Alternativas,0,,0,,31867.438318383,0.002482887906694541,0,,0,,0,,500171.6062418979,0.01904914171417663,133477.8373243733,0.042185493686169986,0,,12.339325219300001,2.565547304678499e-06,300017.2061098994,0.02311976341621486,85191.6692534715,0.025058312366316674,0,,0,,283548.2813076198,0.013336287644123833,126360.4428064187,0.04500921274576958,1460646.8206872826,0.012693402076461788,,
2025,12,CA-0001-di2025.XLS,1-A,9,Renta Fija,12084.80347152,0.04537785635978108,828158.239736376,0.5042011204457988,5258956.476232889,0.409741106461617,456395.1471656548,0.10020872998931736,0,,3641263.756690006,0.47415308347103075,9263149.204810431,0.35278900225427307,19297.209,0.00609885734402406,0,,2522972.7515564617,0.5245672536784126,4642615.159197502,0.35776669446705195,228849.4176075432,0.06731386110298325,0,,2811657.5433337092,0.4225050675510207,6498273.159672978,0.30563697881655755,151214.9576123863,0.053862316769063244,36334887.82608748,0.31575965801414524,,
2025,12,CA-0001-di2025.XLS,1-A,10,Renta Variable,0,,85527.4700006699,0.05207102234104364,2483301.35845591,0.19348147315724257,1549470.1079831244,0.3402105229244293,0,,379150.0558994514,0.04937164130795033,5604524.511464223,0.2134495047842151,1101298.2432176927,0.34806385102679976,0,,207646.24062806257,0.04317304581102291,2054074.9629303035,0.1582900120892498,1015406.3722324471,0.2986720447799214,0,,283221.8789460839,0.04255947861778404,4434077.399598565,0.20855048517540054,925602.9514849348,0.32969700988877376,20123301.552841473,0.1748767423434468,,
2025,12,CA-0001-di2025.XLS,1-A,11,II. EXTRANJERO,0,,825314.1085416493,0.502469550238235,6144236.428291904,0.4787159285055489,2621210.276167046,0.5755279267119562,0,,3711084.9617090565,0.48324496526361516,13760737.551264023,0.5240806084039209,1915099.6430065895,0.6052647054964577,0,,2106226.6395263355,0.43791892847001124,6823122.119360232,0.5257997406380954,2054927.0878003312,0.6044370923511144,0,,3417934.9311052766,0.5136097859341013,10227519.788882105,0.4810367573433605,1580709.9008389811,0.5630441508122984,55188123.43649348,0.4795991958515998,,
2025,12,CA-0001-di2025.XLS,1-A,12,Corto Plazo,0,,544.8546724081,0.00033171961966561115,2773.1803451329006,0.0002160668163289898,7549.052808949001,0.0016575132301581924,0,,149408.12089035113,0.019455421510077557,222392.44732895072,0.008469863527764711,49022.287917571106,0.015493429163095056,0,,10198.3755291828,0.002120408886708829,15431.043599980101,0.00118913872281762,9101.0392498295,0.0026769833996537506,0,,101260.9696104076,0.01521638825004275,247186.4060650497,0.011626058877162768,51525.27005976181,0.018353147475558284,866393.0480775742,0.00752918170206626,,
2025,12,CA-0001-di2025.XLS,1-A,13,Inversiones Alternativas,0,,0,,2474215.7007197435,0.19277358225330127,544981.8279631822,0.1196593285152197,0,,0,,5335223.214917363,0.20319310778423888,493952.3355333105,0.15611298137285895,0,,0,,2616420.0809096172,0.20162514694542427,435851.3635995237,0.12820149798763192,0,,0,,2188191.54014333,0.10291845771454365,225969.7468235743,0.08048974966375555,14314805.810609646,0.12439939842202387,,
2025,12,CA-0001-di2025.XLS,1-A,14,Renta Fija,0,,749456.6323924126,0.4562858348159132,1030237.5487553775,0.08026890411683235,1.5711656983,3.4497413087583805e-07,0,,3189994.7062466694,0.41539034996961177,2057880.9533188143,0.07837483260038614,44742.8819467493,0.014140928574372257,0,,1835936.0936451699,0.3817211081563942,882748.048068645,0.06802585189062968,26787.8680893353,0.007879394453617862,0,,2951343.324141142,0.4434955151238019,3012455.22160772,0.1416865204230167,30856.0794805174,0.010990843455388997,15812440.928858252,0.13741423845762823,,
2025,12,CA-0001-di2025.XLS,1-A,15,Renta Variable,0,,75312.6214768289,0.04585199580265621,2637009.9984716494,0.20545737531908628,2068677.8242292162,0.45421073999244743,0,,371682.1345720356,0.04839919378392584,6145240.935698896,0.2340428044915312,1327382.1376089586,0.4195173663861314,0,,260092.1703519827,0.05407741142690819,3308522.9467819887,0.2549596030792238,1583186.8168616425,0.46567921651021094,0,,365330.63735372666,0.05489788256025666,4779686.621066008,0.22480572032863735,1272358.8044751275,0.45321041021759556,24194483.648948047,0.21025637726988144,,
2025,12,CA-0001-di2025.XLS,1-A,16,III. OPERACIONES EN TRÁNSITO,-1294.7108,-0.00486157684304217,-116799.7766983199,-0.07111029686531692,-1226689.383741944,-0.09557505707656758,-146622.3930366685,-0.03219325158351456,-1511.2244399999995,-0.0005306564905159902,-180797.63728207478,-0.023542858449644266,-3309571.149876979,-0.1260457192299454,-10480.234673506755,-0.0033122642867998153,1409.9829699999996,0.0007746528589644473,-65763.34188277472,-0.013673273174622969,-1108814.9814481419,-0.08544689944897743,-24759.191203942115,-0.007282678606517157,-6512.4226100000005,-0.0031083091186431136,496.8317361987429,7.465842586762417e-05,-742638.7372269463,-0.034928950264320635,-1847.4388538390049,-0.0006580522081156906,-6942195.809068938,-0.060329493379225385,,
2025,12,CA-0001-di2025.XLS,1-A,17,TOTAL,266314.992398603,1,1642515.667168975,1,12834827.6345701,1,4554444.979138128,1,2847839.359376425,1,7679510.86605656,1,26256910.350436598,1,3164069.5808221013,1,1820148.152405787,1,4809626.85692763,1,12976655.5439527,1,3399736.901994483,1,2095165.687009567,1,6654730.93525483,1,21261410.1370673,1,2807435.080461285,1,115071342.72504108,1,,
2025,12,CA-0001-di2025.XLS,1-A,18,*Se ha considerado la modificación de la acción MMG como local considerando la información actualizada de los EEFF. ,,,,,,,,,,,,,,,,,,,,,,,,,,,,,,,,,,,,
2025,12,CA-0001-di2025.XLS,2,1,CATEGORÍA DE RIESGO DE INVERSIONES DE CORTO Y LARGO PLAZO,,,,,,,,,,,,,,,,,,,,,,,,,,,,,,,,,,,,
2025,12,CA-0001-di2025.XLS,2,2,(En miles de Soles),,,,,,,,,,,,,,,,,,,,,,,,,,,,,,,,,,,,
2025,12,CA-0001-di2025.XLS,2,3,Al 31-12-2025,,,,,,,,,,,,,,,,,,,,,,,,,,,,,,,,,,,,
2025,12,CA-0001-di2025.XLS,2,4,,,,HA00,,HA01,,HA02,,HA03,,IN00,,IN01,,IN02,,IN03,,PR00,,PR01,,PR02,,PR03,,RI00,,RI01,,RI02,,RI03,,TOTAL,
2025,12,CA-0001-di2025.XLS,2,5,,,,Monto,%,Monto,%,Monto,%,Monto,%,Monto,%,Monto,%,Monto,%,Monto,%,Monto,%,Monto,%,Monto,%,Monto,%,Monto,%,Monto,%,Monto,%,Monto,%,Monto,%
2025,12,CA-0001-di2025.XLS,2,6,I.  INVERSIONES LOCALES,,,267609.7031986025,1.0048615768430422,934001.3353256457,0.568640746627082,7917280.590020096,0.6168591285710173,2079857.0960077506,0.4566653248715583,2849350.583816426,1.000530656490516,4149223.5416295775,0.5402978931860292,15805743.949049568,0.6019651108260246,1259450.1724890189,0.39804755879034215,1818738.169435787,0.9992253471410355,2769163.5592840705,0.5757543447046118,7262348.406040599,0.5596471588108817,1369569.005398095,0.4028455862554029,2101678.109619567,1.003108309118643,3236299.1724133566,0.48631555564003104,11776529.085412106,0.5538921929209595,1228572.6184761426,0.4376139013958172,66825415.097616404,0.5807302975276255
2025,12,CA-0001-di2025.XLS,2,7,,Instrumentos de Corto Plazo ,,253278.86345708248,0.951049962211634,7168.27,0.004364201902777077,80723.156,0.006289383722035788,73100.368,0.016050335075918153,2837535.438236426,0.9963818460805823,42044.909994999995,0.0054749463511847484,331126.3134185,0.012611015881119991,500.0633335,0.00015804435418581138,1809728.447045787,0.9942753531649455,16947.057,0.003523570019904976,175708.544,0.01354035663541079,39192.01,0.011527953818134483,2070358.5916802078,0.9881598407786228,141068.38,0.021198209420107538,549440.47,0.025842146238555564,25260.9,0.008997857217004437,8453181.782166502,0.07346035582781969
2025,12,CA-0001-di2025.XLS,2,8,,,CP-1,253278.86345708248,0.951049962211634,7168.27,0.004364201902777077,80723.156,0.006289383722035788,73100.368,0.016050335075918153,2837535.438236426,0.9963818460805823,42044.909994999995,0.0054749463511847484,331126.3134185,0.012611015881119991,500.0633335,0.00015804435418581138,1809728.447045787,0.9942753531649455,16947.057,0.003523570019904976,175708.544,0.01354035663541079,39192.01,0.011527953818134483,2070358.5916802078,0.9881598407786228,141068.38,0.021198209420107538,549440.47,0.025842146238555564,25260.9,0.008997857217004437,8453181.782166502,0.07346035582781969
2025,12,CA-0001-di2025.XLS,2,9,,,CP-2,0,0,0,0,0,0,0,0,0,0,0,0,0,0,0,0,0,0,0,0,0,0,0,0,0,0,0,0,0,0,0,0,0,0
2025,12,CA-0001-di2025.XLS,2,10,,,CP-3,0,0,0,0,0,0,0,0,,0,,0,,0,,0,,0,,0,,0,,0,,0,,0,,0,,0,0,0
2025,12,CA-0001-di2025.XLS,2,11,,,CP-4,0,0,0,0,0,0,0,0,,0,,0,,0,,0,,0,,0,,0,,0,,0,,0,,0,,0,0,0
2025,12,CA-0001-di2025.XLS,2,12,,,E / V,0,0,0,0,0,0,0,0,,0,,0,,0,,0,,0,,0,,0,,0,,0,,0,,0,,0,0,0
2025,12,CA-0001-di2025.XLS,2,13,,,A-1+,0,0,0,0,0,0,0,0,0,0,0,0,0,0,0,0,0,0,0,0,0,0,0,0,0,0,0,0,0,0,0,0,0,0
2025,12,CA-0001-di2025.XLS,2,14,,Instrumentos de CP del Exterior  (1),,0,0,0,0,0,0,0,0,,0,,0,,0,,0,,0,,0,,0,,0,,0,,0,,0,,0,0,0
2025,12,CA-0001-di2025.XLS,2,15,,,CP-1,0,0,0,0,0,0,0,0,,0,,0,,0,,0,,0,,0,,0,,0,,0,,0,,0,,0,0,0
2025,12,CA-0001-di2025.XLS,2,16,,,CP-2,0,0,0,0,0,0,0,0,,0,,0,,0,,0,,0,,0,,0,,0,,0,,0,,0,,0,0,0
2025,12,CA-0001-di2025.XLS,2,17,,,CP-3,0,0,0,0,0,0,0,0,,0,,0,,0,,0,,0,,0,,0,,0,,0,,0,,0,,0,0,0
2025,12,CA-0001-di2025.XLS,2,18,,,CP-4,0,0,0,0,0,0,0,0,,0,,0,,0,,0,,0,,0,,0,,0,,0,,0,,0,,0,0,0
2025,12,CA-0001-di2025.XLS,2,19,,,E / V,0,0,0,0,0,0,0,0,,0,,0,,0,,0,,0,,0,,0,,0,,0,,0,,0,,0,0,0
2025,12,CA-0001-di2025.XLS,2,20,,Instrumentos de Largo Plazo,,0,0,321844.71604059765,0.1959462076823451,989441.1883679552,0.07709033705313953,4220.1509217609,0.0009266004839429438,0,0,1296194.1758771092,0.16878603318426016,1772131.077653901,0.06749198797582188,0,0,0,0,849932.3166075702,0.17671481424455102,1802626.282517497,0.13891301009045795,113678.7238605932,0.033437506235821556,31119.4329793594,0.014852969945196177,869784.1057573006,0.13070161877611566,1534833.3974840548,0.07218869245216324,51847.646975296295,0.01846797717109715,9637653.215042995,0.08375372170699213
2025,12,CA-0001-di2025.XLS,2,21,,,AAA,0,0,363.05088137919995,0.0002210334358666734,6369.268398649,0.0004962488457183211,0,0,0,0,61055.089143913,0.007950387753701412,33367.8724329345,0.0012708224992046577,0,0,0,0,12076.5189609974,0.0025109055900257153,23324.509342951504,0.001797420703967215,36.7619452074,1.0813173568176202e-05,0,0,20223.213536,0.003038922795339972,0,0,0,0,156816.28464203197,0.001362774439998837
2025,12,CA-0001-di2025.XLS,2,22,,,AA,0,0,49973.11863394269,0.030424743966111386,153328.2533944799,0.011946265096813366,668.135399092,0.00014669963127283983,0,0,280088.32352129574,0.036472156678530945,418770.71061367396,0.015948971338385607,0,0,0,0,199987.4977192851,0.041580668036903856,286105.4500240085,0.02204770320480132,7540.3994172798,0.002217936162311902,31119.4329793594,0.014852969945196177,108550.07224628668,0.016311714673724814,319562.0907812722,0.015030145635737764,40347.8918712963,0.014371798711251698,1896041.376601272,0.016477094398140445
2025,12,CA-0001-di2025.XLS,2,23,,,A,0,0,8494.07959016,0.005171384212608649,6370.55969262,0.0004963494543129798,0,0,0,0,30547.552419070198,0.003977799231210204,0,0,0,0,0,0,0,0,290652.02598536893,0.022398068978629632,106101.56249810601,0.03120875689994148,0,0,20365.0349460468,0.003060234161859011,0,0,0,0,462530.8151313719,0.004019513496393045
2025,12,CA-0001-di2025.XLS,2,24,,,A-,0,0,0,0,0,0,0,0,0,0,8091.51008374,0.001053649148346736,33924.64154512,0.0012920271689374865,0,0,0,0,0,0,0,0,0,0,0,0,0,0,5892.62391864,0.0002771511334691186,0,0,47908.7755475,0.00041633976290670715
2025,12,CA-0001-di2025.XLS,2,25,,,AF,0,0,0,0,0,0,0,0,0,0,0,0,0,0,0,0,0,0,0,0,0,0,0,0,0,0,0,0,0,0,0,0,0,0
2025,12,CA-0001-di2025.XLS,2,26,,,AAF,0,0,0,0,0,0,0,0,0,0,0,0,0,0,0,0,0,0,0,0,0,0,0,0,0,0,0,0,0,0,0,0,0,0
2025,12,CA-0001-di2025.XLS,2,27,,,BBB+,0,0,61818.901951503394,0.03763671981166176,110752.1332051693,0.008629031597344027,0,0,0,0,433703.23371569207,0.05647537210119208,390860.93637345,0.014886021666557222,0,0,0,0,374425.4748308076,0.07784917332859143,804653.116234693,0.06200774255811029,0,0,0,0,285211.60128454946,0.042858472274751376,137545.208565646,0.006469242053039976,0,0,2598970.6061615115,0.02258573285593497
2025,12,CA-0001-di2025.XLS,2,28,,,BBB,0,0,0,0,0,0,0,0,0,0,0,0,0,0,0,0,0,0,0,0,0,0,0,0,0,0,0,0,0,0,0,0,0,0
2025,12,CA-0001-di2025.XLS,2,29,,,A(e),0,0,0,0,0,0,0,0,0,0,0,0,0,0,0,0,0,0,0,0,0,0,0,0,0,0,0,0,0,0,0,0,0,0
2025,12,CA-0001-di2025.XLS,2,30,,,BBB(e),0,0,97703.22658522188,0.059483893236538965,350333.87486730324,0.027295565226267166,3407.4740226689,0.0007481644938685201,0,0,143721.16514431417,0.018714885316402346,265276.2818007137,0.010103103459630867,0,0,0,0,90887.6846115162,0.01889703449252087,107583.27467874509,0.008290524034821936,0,0,0,0,183178.909214213,0.02752611803488318,426734.3623855531,0.020070840063499924,0,0,1668826.2533102494,0.01450253567734803
2025,12,CA-0001-di2025.XLS,2,31,,,B(e),0,0,33789.305563199996,0.020571679307899042,45140.400400837505,0.0035170242784759945,0,0,0,0,0,0,0,0,0,0,0,0,0,0,0,0,0,0,0,0,66874.6672605,0.010049191757132876,140788.77318000002,0.006621798473025458,0,0,286593.1464045375,0.0024905692383319277
2025,12,CA-0001-di2025.XLS,2,32,,,CCC(e),0,0,1923.6232377265,0.0011711445291977271,1533.585315,0.00011948624155024522,144.5415,3.173635880158392e-05,0,0,16219.868964,0.002112096622675778,64445.851356,0.0024544339183809705,0,0,0,0,7096.120400999999,0.0014753993630044243,49673.420973,0.0038279062586467853,0,0,0,0,23574.686752,0.003542545443439067,78979.931751,0.0037147080669548784,11499.755103999998,0.004096178459845452,255091.38535372648,0.002216810713361176
2025,12,CA-0001-di2025.XLS,2,33,,,CC(e),0,0,0,0,0,0,0,0,0,0,0,0,0,0,0,0,0,0,0,0,0,0,0,0,0,0,0,0,0,0,0,0,0,0
2025,12,CA-0001-di2025.XLS,2,34,,,C(e),0,0,0,0,0,0,0,0,0,0,37878.183415296,0.0049323692714229464,85028.630479128,0.003238333427059673,0,0,0,0,0,0,0,0,0,0,0,0,51885.219990744,0.00779674197132016,234903.92183642203,0.011048369808119601,0,0,409695.95572159,0.003560364779096603
2025,12,CA-0001-di2025.XLS,2,35,,,C,0,0,0,0,0,0,0,0,0,0,6164.6330223317,0.0008027377172652205,2975.258602517,0.00011331335495333806,0,0,0,0,0,0,0,0,0,0,0,0,0,0,0,0,0,0,9139.891624848698,7.942804358065201e-05
2025,12,CA-0001-di2025.XLS,2,36,,,D,0,0,0,0,0,0,0,0,0,0,0,0,0,0,0,0,0,0,0,0,0,0,0,0,0,0,0,0,0,0,0,0,0,0
2025,12,CA-0001-di2025.XLS,2,37,,,E-LP,0,0,0,0,0,0,0,0,0,0,0,0,0,0,0,0,0,0,0,0,0,0,0,0,0,0,0,0,0,0,0,0,0,0
2025,12,CA-0001-di2025.XLS,2,38,,,BB(e),0,0,67779.409597464,0.04126560918246092,315613.1130938962,0.024590366312657434,0,0,0,0,278724.6164474563,0.03629457934351251,477480.8944503639,0.01818496114271206,0,0,0,0,165459.0200839639,0.03440163343350473,240634.4852787298,0.018543644351480763,0,0,0,0,109920.7005269607,0.016517677663665225,190426.48506552147,0.008956437218316524,0,0,1846038.7245443563,0.01604255830189974
2025,12,CA-0001-di2025.XLS,2,39,,,E2,0,0,0,0,0,0,0,0,0,0,0,0,0,0,0,0,0,0,0,0,0,0,0,0,0,0,0,0,0,0,0,0,0,0
2025,12,CA-0001-di2025.XLS,2,40,,Instrumentos de LP del Exterior  (1),,0,0,0,0,0,0,0,0,0,0,0,0,0,0,0,0,0,0,0,0,0,0,0,0,0,0,0,0,0,0,0,0,0,0
2025,12,CA-0001-di2025.XLS,2,41,,,AAA(e),0,0,0,0,0,0,0,0,0,0,0,0,0,0,0,0,0,0,0,0,0,0,0,0,0,0,0,0,0,0,0,0,0,0
2025,12,CA-0001-di2025.XLS,2,42,,,AA(e),0,0,0,0,0,0,0,0,0,0,0,0,0,0,0,0,0,0,0,0,0,0,0,0,0,0,0,0,0,0,0,0,0,0
2025,12,CA-0001-di2025.XLS,2,43,,,A(e),0,0,0,0,0,0,0,0,0,0,0,0,0,0,0,0,0,0,0,0,0,0,0,0,0,0,0,0,0,0,0,0,0,0
2025,12,CA-0001-di2025.XLS,2,44,,,BBB(e),0,0,0,0,0,0,0,0,0,0,0,0,0,0,0,0,0,0,0,0,0,0,0,0,0,0,0,0,0,0,0,0,0,0
2025,12,CA-0001-di2025.XLS,2,45,,,BB(e),0,0,0,0,0,0,0,0,0,0,0,0,0,0,0,0,0,0,0,0,0,0,0,0,0,0,0,0,0,0,0,0,0,0
2025,12,CA-0001-di2025.XLS,2,46,,,B(e),0,0,0,0,0,0,0,0,0,0,0,0,0,0,0,0,0,0,0,0,0,0,0,0,0,0,0,0,0,0,0,0,0,0
2025,12,CA-0001-di2025.XLS,2,47,,,CCC(e),0,0,0,0,0,0,0,0,0,0,0,0,0,0,0,0,0,0,0,0,0,0,0,0,0,0,0,0,0,0,0,0,0,0
2025,12,CA-0001-di2025.XLS,2,48,,,CC(e),0,0,0,0,0,0,0,0,0,0,0,0,0,0,0,0,0,0,0,0,0,0,0,0,0,0,0,0,0,0,0,0,0,0
2025,12,CA-0001-di2025.XLS,2,49,,,C(e),0,0,0,0,0,0,0,0,0,0,0,0,0,0,0,0,0,0,0,0,0,0,0,0,0,0,0,0,0,0,0,0,0,0
2025,12,CA-0001-di2025.XLS,2,50,,,E(e) / V(e),0,0,0,0,0,0,0,0,0,0,0,0,0,0,0,0,0,0,0,0,0,0,0,0,0,0,0,0,0,0,0,0,,0
2025,12,CA-0001-di2025.XLS,2,51,,,AAA,0,0,0,0,0,0,0,0,0,0,0,0,0,0,0,0,0,0,0,0,0,0,0,0,0,0,0,0,0,0,0,0,0,0
2025,12,CA-0001-di2025.XLS,2,52,,,AA,0,0,0,0,0,0,0,0,0,0,0,0,0,0,0,0,0,0,0,0,0,0,0,0,0,0,0,0,0,0,0,0,0,0
2025,12,CA-0001-di2025.XLS,2,53,,,A-,0,0,0,0,0,0,0,0,0,0,0,0,0,0,0,0,0,0,0,0,0,0,0,0,0,0,0,0,0,0,0,0,0,0
2025,12,CA-0001-di2025.XLS,2,54,,,A,0,0,0,0,0,0,0,0,0,0,0,0,0,0,0,0,0,0,0,0,0,0,0,0,0,0,0,0,0,0,0,0,0,0
2025,12,CA-0001-di2025.XLS,2,55,,,BBB+,0,0,0,0,0,0,0,0,0,0,0,0,0,0,0,0,0,0,0,0,0,0,0,0,0,0,0,0,0,0,0,0,0,0
2025,12,CA-0001-di2025.XLS,2,56,,Acciones Preferentes,,0,0,0,0,0,0,0,0,,0,,0,,0,,0,,0,,0,,0,,0,,0,,0,,0,,0,0,0
2025,12,CA-0001-di2025.XLS,2,57,,,AAA,0,0,0,0,0,0,0,0,,0,,0,,0,,0,,0,,0,,0,,0,,0,,0,,0,,0,0,0
2025,12,CA-0001-di2025.XLS,2,58,,,AA,0,0,0,0,0,0,0,0,,0,,0,,0,,0,,0,,0,,0,,0,,0,,0,,0,,0,0,0
2025,12,CA-0001-di2025.XLS,2,59,,,A,0,0,0,0,0,0,0,0,,0,,0,,0,,0,,0,,0,,0,,0,,0,,0,,0,,0,0,0
2025,12,CA-0001-di2025.XLS,2,60,,,BBB,0,0,0,0,0,0,0,0,,0,,0,,0,,0,,0,,0,,0,,0,,0,,0,,0,,0,0,0
2025,12,CA-0001-di2025.XLS,2,61,,,BB,0,0,0,0,0,0,0,0,,0,,0,,0,,0,,0,,0,,0,,0,,0,,0,,0,,0,0,0
2025,12,CA-0001-di2025.XLS,2,62,,,B,0,0,0,0,0,0,0,0,,0,,0,,0,,0,,0,,0,,0,,0,,0,,0,,0,,0,0,0
2025,12,CA-0001-di2025.XLS,2,63,,,CCC,0,0,0,0,0,0,0,0,,0,,0,,0,,0,,0,,0,,0,,0,,0,,0,,0,,0,0,0
2025,12,CA-0001-di2025.XLS,2,64,,,E / V,0,0,0,0,0,0,0,0,,0,,0,,0,,0,,0,,0,,0,,0,,0,,0,,0,,0,0,0
2025,12,CA-0001-di2025.XLS,2,65,,Cuotas de Participación de Fondos de Inversión,,0,0,0,0,31867.438318383,0.0024828879066945493,0,0,0,0,0,0,455994.44106015004,0.01736664500789475,105904.3650784725,0.03347093430573546,0,0,12.339325219300001,2.565547304678498e-06,265336.0655732276,0.020447184151148875,70328.3242551547,0.02068640200184197,0,0,0,0,250518.62320632703,0.01178278494188734,93330.7847051259,0.033244147070282705,1273292.38152206,0.011065243103702617
2025,12,CA-0001-di2025.XLS,2,66,,,AAA,0,0,,0,,0,,0,,0,,0,,0,,0,,0,,0,,0,,0,,0,,0,,0,,0,0,0
2025,12,CA-0001-di2025.XLS,2,67,,,AA,0,0,0,0,0,0,0,0,0,0,0,0,0,0,0,0,0,0,0,0,0,0,0,0,0,0,0,0,0,0,0,0,0,0
2025,12,CA-0001-di2025.XLS,2,68,,,A,0,0,0,0,31867.438318383,0.0024828879066945493,0,0,0,0,0,0,251609.92057345904,0.009582617193544828,47758.08664,0.015093880023836674,0,0,0,0,97955.2552973,0.00754857482080185,9660.46554,0.0028415332769817004,0,0,0,0,109953.10344161901,0.005171486873766953,6762.76502,0.0024088767241908305,555567.0348307609,0.0048280225264970555
2025,12,CA-0001-di2025.XLS,2,69,,,BBB,0,0,0,0,0,0,0,0,0,0,0,0,107288.19223606029,0.004086093558006007,33179.0038366033,0.010486180214779787,0,0,0,0,113097.10795300991,0.0087154280677285,43944.1964152238,0.012925763869975813,0,0,0,0,87474.0475196,0.004114216646764047,51858.0391914079,0.01847167884747212,436840.5871519052,0.003796258710526397
2025,12,CA-0001-di2025.XLS,2,70,,,BB,0,0,0,0,0,0,0,0,0,0,0,0,0,0,0,0,0,0,0,0,0,0,0,0,0,0,0,0,0,0,0,0,0,0
2025,12,CA-0001-di2025.XLS,2,71,,,B,0,0,0,0,0,0,0,0,0,0,0,0,0,0,0,0,0,0,0,0,0,0,0,0,0,0,0,0,0,0,0,0,0,0
2025,12,CA-0001-di2025.XLS,2,72,,,CCC,0,0,0,0,0,0,0,0,0,0,0,0,104.053464,3.962898247023559e-06,26.013366,8.221489867881192e-06,0,0,0,0,0,0,0,0,0,0,0,0,166.05198629999998,7.81001754961229e-06,83.2427712,2.9650826756187195e-05,379.36158750000004,3.296751202482025e-06
2025,12,CA-0001-di2025.XLS,2,73,,,E / V,0,0,0,0,0,0,0,0,0,0,0,0,18167.1807841507,0.0006919009335707545,5234.9877352492,0.0016545109396390151,0,0,12.339325219300001,2.565547304678498e-06,14589.6371288117,0.0011242987131311107,677.1253065689,0.0001991699140517782,0,0,0,0,0,0,0,0,38681.2702799998,0.0003361503339057003
2025,12,CA-0001-di2025.XLS,2,74,,,4  (5),0,0,0,0,0,0,0,0,0,0,0,0,78825.09400248001,0.0030020704245261385,19706.273500620002,0.0062281416376121015,0,0,0,0,39694.065194106,0.003058882549487415,16046.536993362,0.004719934940832677,0,0,0,0,52925.420258808,0.0024892714038067267,34626.737722517995,0.012333940671863565,241824.12767189404,0.0021015147815709816
2025,12,CA-0001-di2025.XLS,2,75,,Instrumentos sin Categoría de Riesgo Equivalente,,12084.80347152,0.04537785635978118,603837.6266549891,0.3676297515601529,6799456.37948039,0.529766084366131,2001645.1042270178,0.43949265242980373,0,0,2805842.6482817745,0.36536736482574683,13219750.927294478,0.5034770180823904,1148168.9244635934,0.3628772677512583,0,0,1901082.634097508,0.3952661382367428,5009854.65194778,0.38606670532165316,1145440.410977714,0.33692031001155764,0,0,2225095.316522492,0.33436292739268897,9430546.81988878,0.44355227424203203,1057999.9202233173,0.37685641516222673,47360806.16753135,0.41157776598382423
2025,12,CA-0001-di2025.XLS,2,76,,,Títulos de Deuda del Gobierno (2),0,0,452305.46544668014,0.2753736079889391,4146668.7061030827,0.3230794229705282,377221.90586193197,0.08282500010205779,0,0,2377769.829798387,0.30962516640325755,7478759.109756097,0.2848301270005188,0,0,0,0,1469869.9947097378,0.30560998564630526,2566864.1347938185,0.19780629347058648,115170.69374695,0.03387635486716168,0,0,1826750.2984903255,0.2745040056860501,4680711.598950241,0.22015057180002662,99034.345938,0.03527573856551221,25591126.08359525,0.22239356452756764
2025,12,CA-0001-di2025.XLS,2,77,,,Certificados Banco Central de Reserva (3),0,0,0,0,0,0,0,0,0,0,0,0,0,0,0,0,0,0,0,0,0,0,0,0,0,0,0,0,0,0,0,0,0,0
2025,12,CA-0001-di2025.XLS,2,78,,,Fondos Mutuos ,12084.80347152,0.04537785635978118,66004.691207639,0.04018512123017011,169486.31492139734,0.013205188238359606,74953.09038196191,0.016457129403316638,0,0,50096.744447156394,0.0065234290726228425,244841.1642398984,0.00932482767287306,69370.6223779658,0.021924493316591867,0,0,223566.3987597076,0.04648310677941466,668789.3775274729,0.05153788472401416,63687.6652791668,0.018733115860172567,0,0,115123.1390860828,0.017299443088854855,315757.8213399753,0.014851217266604592,33362.6228003828,0.011883666707940775,2107124.455840327,0.018311461445924278
2025,12,CA-0001-di2025.XLS,2,79,,,Acciones y Valores representativos sobre Acciones ,0,0,85527.47000066988,0.052071022341043625,2483301.35845591,0.19348147315724323,1549470.107983124,0.3402105229244293,0,0,377976.0740362315,0.04921876934986651,5496150.653298481,0.20932206340899848,1078798.3020856276,0.34095277443466643,0,0,207646.2406280626,0.043173045811022874,1774201.1396264886,0.13672252712705257,966582.0519515972,0.2843108392842234,0,0,283221.8789460839,0.04255947861778403,4434077.399598564,0.20855048517540084,925602.9514849345,0.32969700988877376,19662555.628095772,0.1708727400103323
2025,12,CA-0001-di2025.XLS,2,80,,Cuenta Corriente,,2246.0362700000005,0.008433758271627019,1150.722630059,0.0007005854818069255,15792.427853368003,0.0012304355230164353,891.4728589719998,0.00019573688189349913,11815.14558,0.004148810409933758,5141.807475694,0.0006695488248373721,26741.18962253899,0.00101844387879758,4876.819613453001,0.0015413123791626242,9009.722390000003,0.004949993976090007,1189.212253773,0.00024725665610838334,8822.862002094,0.0006799026122108622,929.5363046330001,0.00027341418804722214,200.08496,9.54983948241256e-05,351.37013356400007,5.280005111890298e-05,11189.774832943998,0.0005262950463213012,133.366572403,4.7504775206088386e-05,100481.551353496,0.0008732109052867596
2025,12,CA-0001-di2025.XLS,2,81,II.  INVERSIONES EN EL EXTERIOR,,,0,0,825314.1085416493,0.5024695502382349,6144236.428291902,0.4787159285055505,2621210.276167046,0.5755279267119563,0,0,3711084.961709058,0.48324496526361516,13760737.551264022,0.5240806084039207,1915099.6430065895,0.6052647054964576,0,0,2106226.639526335,0.43791892847001096,6823122.119360231,0.5257997406380958,2054927.087800331,0.6044370923511143,0,0,3417934.931105275,0.5136097859341012,10227519.788882105,0.4810367573433611,1580709.900838981,0.5630441508122985,55188123.436493516,0.47959919585160005
2025,12,CA-0001-di2025.XLS,2,82,,Instrumentos de Inversión de Corto Plazo con Equivalencia de Clasificación,,0,0,168.045,0.00010230952639230577,645.2928,5.027670167240359e-05,658.7364,0.00014463593325144477,0,0,144895.36345697998,0.01886778545980285,197045.100263073,0.007504504438382882,38625.290322984,0.012207471844834783,0,0,0,0,0,0,0,0,0,0,0,0,0,0,0,0,382037.828243037,0.0033200084329936368
2025,12,CA-0001-di2025.XLS,2,83,,,A-1+,0,0,0,0,0,0,0,0,0,0,0,0,0,0,0,0,0,0,0,0,0,0,0,0,0,0,0,0,0,0,0,0,0,0
2025,12,CA-0001-di2025.XLS,2,84,,,A-1,0,0,0,0,0,0,0,0,0,0,0,0,0,0,0,0,0,0,0,0,0,0,0,0,0,0,0,0,0,0,0,0,0,0
2025,12,CA-0001-di2025.XLS,2,85,,,CP-1,0,0,168.045,0.00010230952639230577,645.2928,5.027670167240359e-05,658.7364,0.00014463593325144477,0,0,144895.36345697998,0.01886778545980285,197045.100263073,0.007504504438382882,38625.290322984,0.012207471844834783,0,0,0,0,0,0,0,0,0,0,0,0,0,0,0,0,382037.828243037,0.0033200084329936368
2025,12,CA-0001-di2025.XLS,2,86,,,CP -2,0,0,0,0,0,0,0,0,0,0,0,0,0,0,0,0,0,0,0,0,0,0,0,0,0,0,0,0,0,0,0,0,0,0
2025,12,CA-0001-di2025.XLS,2,87,,,A-2,0,0,0,0,0,0,0,0,0,0,0,0,0,0,0,0,0,0,0,0,0,0,0,0,0,0,0,0,0,0,0,0,0,0
2025,12,CA-0001-di2025.XLS,2,88,,Instrumentos de Inversión de Largo Plazo con Equivalencia de Clasificación,,0,0,324300.53508619807,0.19744136483346883,147944.9372549973,0.01152683475518705,0,0,0,0,1436889.947224878,0.18710696192591272,1038086.6753066162,0.039535751215654905,0,0,0,0,603166.1878913377,0.1254081045856097,244598.6889145358,0.018849131664631598,26787.8680893353,0.00787939445361786,0,0,1626183.1317619334,0.2443649709632718,1562881.7489801664,0.07350790652664328,3705.18309,0.0013197751626695526,7014544.903599999,0.06095822589261875
2025,12,CA-0001-di2025.XLS,2,89,,,AAA,0,0,0,0,0,0,0,0,0,0,0,0,0,0,0,0,0,0,0,0,0,0,0,0,0,0,33986.447756604,0.005107110728782989,13594.5791026416,0.0006394015737902883,0,0,47581.0268592456,0.0004134915412687834
2025,12,CA-0001-di2025.XLS,2,90,,,AA+,0,0,0,0,0,0,0,0,0,0,0,0,0,0,0,0,0,0,0,0,0,0,0,0,0,0,65293.353526146006,0.009811569267247274,0,0,0,0,65293.353526146006,0.0005674162826287883
2025,12,CA-0001-di2025.XLS,2,91,,,AA-,0,0,0,0,0,0,0,0,0,0,0,0,0,0,0,0,0,0,0,0,0,0,0,0,0,0,0,0,0,0,0,0,0,0
2025,12,CA-0001-di2025.XLS,2,92,,,A+,0,0,0,0,0,0,0,0,0,0,0,0,0,0,0,0,0,0,0,0,0,0,0,0,0,0,0,0,0,0,0,0,0,0
2025,12,CA-0001-di2025.XLS,2,93,,,A,0,0,51512.833023,0.031362156265935075,16908.792519000002,0.0013174148496904548,0,0,0,0,219922.4644095,0.02863756146000878,0,0,0,0,0,0,169087.92519,0.03515614209165753,0,0,0,0,0,0,0,0,0,0,0,0,457432.0151415,0.003975203593778497
2025,12,CA-0001-di2025.XLS,2,94,,,A-,0,0,0,0,0,0,0,0,0,0,0,0,0,0,0,0,0,0,0,0,0,0,0,0,0,0,0,0,0,0,0,0,0,0
2025,12,CA-0001-di2025.XLS,2,95,,,BBB+,0,0,66695.9943581319,0.040606001934269824,17642.4156185705,0.0013745736305060625,0,0,0,0,77309.2930202646,0.010066955352843068,138512.48332797398,0.0052752773071669005,0,0,0,0,0,0,0,0,0,0,0,0,67041.1793505679,0.010074213368327667,0,0,0,0,367201.36567550886,0.0031910757012101956
2025,12,CA-0001-di2025.XLS,2,96,,,BBB,0,0,0,0,0,0,0,0,0,0,21872.637064337,0.0028481810164517193,20520.0729672876,0.0007815113314330368,0,0,0,0,0,0,0,0,0,0,0,0,0,0,16381.8582522179,0.0007704972598998819,0,0,58774.568283842505,0.0005107663375779174
2025,12,CA-0001-di2025.XLS,2,97,,,BB,0,0,206091.7077050662,0.12547320663326395,113393.72911742679,0.008834846274990532,0,0,0,0,1117785.5527307764,0.14555426409660915,879054.1190113546,0.03347896257705497,0,0,0,0,413597.1670531725,0.08599360810235007,244598.6889145358,0.018849131664631598,26787.8680893353,0.00787939445361786,0,0,1459862.1511286155,0.2193720775989139,1532905.311625307,0.0720980076929531,3705.18309,0.0013197751626695526,5997781.478465591,0.05212228636974441
2025,12,CA-0001-di2025.XLS,2,98,,,B,0,0,0,0,0,0,0,0,0,0,0,0,0,0,0,0,0,0,20481.0956481652,0.004258354391602103,0,0,0,0,0,0,0,0,0,0,0,0,20481.0956481652,0.00017798606641015804
2025,12,CA-0001-di2025.XLS,2,99,,,CCC,0,0,0,0,0,0,0,0,0,0,0,0,0,0,0,0,0,0,0,0,0,0,0,0,0,0,0,0,0,0,0,0,0,0
2025,12,CA-0001-di2025.XLS,2,100,,Acciones Preferentes,,0,0,0,0,0,0,0,0,0,0,0,0,0,0,0,0,0,0,0,0,0,0,0,0,0,0,0,0,0,0,0,0,0,0
2025,12,CA-0001-di2025.XLS,2,101,,,AA,0,0,0,0,0,0,0,0,0,0,0,0,0,0,0,0,0,0,0,0,0,0,0,0,0,0,0,0,0,0,0,0,0,0
2025,12,CA-0001-di2025.XLS,2,102,,,A,0,0,0,0,0,0,0,0,0,0,0,0,0,0,0,0,0,0,0,0,0,0,0,0,0,0,0,0,0,0,0,0,0,0
2025,12,CA-0001-di2025.XLS,2,103,,Instrumentos sin Categoría de Riesgo Equivalente,,0,0,500468.7187830431,0.30469646578510046,5993518.310691772,0.4669730269340345,2613661.223358097,0.5738704134817982,0,0,2124786.8935938287,0.2766825818276249,12500258.428628456,0.4760749936605011,1866077.3550890184,0.5897712763333626,0,0,1492862.0761058147,0.31039041499769243,6563092.386845715,0.5057614702506465,2019038.1804611662,0.5938807144978427,0,0,1690490.8297329345,0.25402842672078674,8417451.633836888,0.395902791939555,1525479.4476892191,0.5433712281740707,47307185.48481595,0.4111117882569151
2025,12,CA-0001-di2025.XLS,2,104,,,Fondos Mutuos   (4),0,0,500468.7187830431,0.30469646578510046,5993518.310691772,0.4669730269340345,2595831.283051019,0.5699555697656596,0,0,2117866.366326045,0.27578141411154383,12364361.741229659,0.47089933949612844,1855911.6387766048,0.5865584151579859,0,0,1492862.0761058147,0.31039041499769243,6547837.114266735,0.504585876699033,2019038.1804611662,0.5938807144978427,0,0,1690490.8297329345,0.25402842672078674,8416871.91279816,0.3958755255900989,1525479.4476892191,0.5433712281740707,47120537.61991217,0.40948976959889205
2025,12,CA-0001-di2025.XLS,2,105,,,Acciones y Valores representativos sobre Acciones ,0,0,0,0,0,0,17829.9403070778,0.0039148437161385784,0,0,6920.5272677838,0.0009011677160810504,135896.6873987969,0.005175654164372661,10165.716312413599,0.003212861175376649,0,0,0,0,15255.2725789807,0.0011755935516135265,0,0,0,0,0,0,579.7210387267,2.7266349456097976e-05,0,0,186647.86490377953,0.0016220186580230337
2025,12,CA-0001-di2025.XLS,2,106,,Cuenta Corriente,,0,0,376.8096724081,0.0002294100932733054,2127.8875451329,0.00016579011465658696,6890.316408949001,0.001512877296906748,0,0,4512.7574333711,0.0005876360502746977,25347.347065877697,0.0009653590893818247,10396.997594587101,0.0032859573182602735,0,0,10198.3755291828,0.002120408886708828,15431.043599980101,0.001189138722817621,9101.0392498295,0.00267698339965375,0,0,101260.9696104076,0.015216388250042748,247186.4060650497,0.011626058877162785,51525.27005976181,0.01835314747555829,484355.2198345374,0.004209173269072627
2025,12,CA-0001-di2025.XLS,2,107,III. OPERACIONES EN TRÁNSITO,,,-1294.7108,-0.004861576843042181,-116799.7766983199,-0.07111029686531692,-1226689.383741944,-0.09557505707656791,-146622.3930366685,-0.03219325158351457,-1511.2244399999995,-0.00053065649051599,-180797.63728207478,-0.023542858449644283,-3309571.149876979,-0.12604571922994534,-10480.234673506755,-0.0033122642867998296,1409.9829699999996,0.0007746528589644473,-65763.34188277472,-0.01367327317462296,-1108814.9814481419,-0.0854468994489775,-24759.191203942115,-0.007282678606517149,-6512.4226100000005,-0.003108309118643113,496.8317361987429,7.46584258676294e-05,-742638.7372269463,-0.03492895026432069,-1847.4388538390049,-0.0006580522081156924,-6942195.809068938,-0.06032949337922541
2025,12,CA-0001-di2025.XLS,2,108,TOTAL,,,266314.9923986025,1,1642515.667168975,1,12834827.634570055,1,4554444.9791381275,1,2847839.359376426,1,7679510.866056561,1,26256910.350436613,1,3164069.580822102,1,1820148.152405787,1,4809626.856927631,1,12976655.543952689,1,3399736.9019944835,1,2095165.6870095672,1,6654730.935254831,1,21261410.137067266,1,2807435.0804612846,1,115071342.72504097,1
2025,12,CA-0001-di2025.XLS,2,109, (1) Financian actividad desarrollada en el país.,,,,,,,,,,,,,,,,,,,,,,,,,,,,,,,,,,,,
2025,12,CA-0001-di2025.XLS,2,110, (2) Incluye inversiones en Bonos Estructurados cuyo capital protegido corresponde a Instrumentos de Deuda del Gobierno Central.,,,,,,,,,,,,,,,,,,,,,,,,,,,,,,,,,,,,
2025,12,CA-0001-di2025.XLS,2,111,(3) Incluye Depósitos Overnight y Certificados de Depósito con Negociación Restringida del BCRP.,,,,,,,,,,,,,,,,,,,,,,,,,,,,,,,,,,,,
2025,12,CA-0001-di2025.XLS,2,112,(4) Incluye la participación de las AFP en Fondos Mutuos Alternativos.,,,,,,,,,,,,,,,,,,,,,,,,,,,,,,,,,,,,
2025,12,CA-0001-di2025.XLS,2,113,"(5) Categoría de riesgo equivalente para acciones y valores representativos de derechos sobre acciones, según lo indicado en el Anexo IV de la Circular Nº AFP-044-2004",,,,,,,,,,,,,,,,,,,,,,,,,,,,,,,,,,,,
2025,12,CA-0001-di2025.XLS,2,114,(e) Clasificación de riesgo otorgada por empresas Clasificadoras del Exterior.,,,,,,,,,,,,,,,,,,,,,,,,,,,,,,,,,,,,
2025,12,CA-0001-di2025.XLS,2,115,"Nota:  Las Categorías E y E(e) corresponden a los Títulos que no tienen información suficiente y las categorías V y V(e) se asignan cuando la categoría de riesgo ha sido observada, por considerar que el instrumento tiene una categoría de riesgo correpondiente al grado especulativo.",,,,,,,,,,,,,,,,,,,,,,,,,,,,,,,,,,,,
2025,12,CA-0001-di2025.XLS,2,116,*Se ha considerado la modificación de la acción MMG como local considerando la información actualizada de los EEFF. ,,,,,,,,,,,,,,,,,,,,,,,,,,,,,,,,,,,,
2025,12,CA-0001-di2025.XLS,3,1,CARTERA POR EMISOR Y TIPO DE INSTRUMENTO,,,,,,,,,,,,,,,,,,,,,,,,,,,,,,,,,,,,
2025,12,CA-0001-di2025.XLS,3,2,(En miles de Soles),,,,,,,,,,,,,,,,,,,,,,,,,,,,,,,,,,,,
2025,12,CA-0001-di2025.XLS,3,3,Al 31-12-2025,,,,,,,,,,,,,,,,,,,,,,,,,,,,,,,,,,,,
2025,12,CA-0001-di2025.XLS,3,4,,HA00,,HA01,,HA02,,HA03,,IN00,,IN01,,IN02,,IN03,,PR00,,PR01,,PR02,,PR03,,RI00,,RI01,,RI02,,RI03,,TOTAL,,,
2025,12,CA-0001-di2025.XLS,3,5,,Monto,%,Monto,%,Monto,%,Monto,%,Monto,%,Monto,%,Monto,%,Monto,%,Monto,%,Monto,%,Monto,%,Monto,%,Monto,%,Monto,%,Monto,%,Monto,%,Monto,%,,
2025,12,CA-0001-di2025.XLS,3,6,NACIONAL,267609.70319860254,1.0048615768430404,934001.3353256454,0.568640746627082,7917280.590020096,0.6168591285710151,2079857.0960077513,0.45666532487155836,2849350.583816425,1.0005306564905163,4149223.5416295803,0.5402978931860292,15805743.949049562,0.6019651108260248,1259450.1724890186,0.39804755879034215,1818738.169435788,0.9992253471410355,2769163.5592840705,0.5757543447046122,7262348.406040597,0.5596471588108812,1369569.0053980947,0.40284558625540295,2101678.109619567,1.0031083091186435,3236299.1724133566,0.4863155556400311,11776529.085412107,0.5538921929209589,1228572.6184761426,0.43761390139581696,66825415.09761643,0.5807302975276252,,
2025,12,CA-0001-di2025.XLS,3,7,1. Gobierno,0,,452305.4654466801,0.27537360798893906,4146668.706103083,0.32307942297052705,377221.905861932,0.08282500010205776,0,,2385861.3398821275,0.31067881555160426,7512683.751301218,0.28612215416945647,0,,0,,1469869.994709738,0.3056099856463054,2566864.1347938185,0.19780629347058631,115170.69374695,0.03387635486716169,0,,1826750.2984903252,0.2745040056860501,4686604.222868882,0.2204277229334955,99034.345938,0.035275738565512194,25639034.859142754,0.22280990429047426,,
2025,12,CA-0001-di2025.XLS,3,8,GOBIERNO CENTRAL,0,,452305.4654466801,0.27537360798893906,4146668.706103083,0.32307942297052705,377221.905861932,0.08282500010205776,0,,2385861.3398821275,0.31067881555160426,7512683.751301218,0.28612215416945647,0,,0,,1469869.994709738,0.3056099856463054,2566864.1347938185,0.19780629347058631,115170.69374695,0.03387635486716169,0,,1826750.2984903252,0.2745040056860501,4686604.222868882,0.2204277229334955,99034.345938,0.035275738565512194,25639034.859142754,0.22280990429047426,,
2025,12,CA-0001-di2025.XLS,3,9,BONOS GOBIERNO CENTRAL DE LA REPUBLICA,0,,452305.4654466801,0.27537360798893906,4146668.706103083,0.32307942297052705,377221.905861932,0.08282500010205776,0,,2377769.829798387,0.30962516640325755,7478759.109756098,0.28483012700051896,0,,0,,1469869.994709738,0.3056099856463054,2566864.1347938185,0.19780629347058631,115170.69374695,0.03387635486716169,0,,1826750.2984903252,0.2745040056860501,4680711.598950242,0.22015057180002637,99034.345938,0.035275738565512194,25591126.083595254,0.22239356452756756,,
2025,12,CA-0001-di2025.XLS,3,10,VAL REP DER CRED SOBRE DEUDA GOB CEN-GDN,0,,0,,0,,0,,0,,8091.51008374,0.0010536491483467362,33924.64154512,0.0012920271689374871,0,,0,,0,,0,,0,,0,,0,,5892.62391864,0.00027715113346911814,0,,47908.7755475,0.00041633976290670683,,
2025,12,CA-0001-di2025.XLS,3,11,2. Sistema Financiero,255524.89972708252,0.9594837204832595,161614.73641103102,0.09839463917539897,1339343.7689307309,0.10435229884375397,275427.1665565722,0.06047436467411082,2839767.6711952174,0.997165679955005,313670.6529259422,0.04084513433171461,2501730.1758534336,0.09527892438463671,214461.20196991047,0.06778017881458483,1801211.2204230754,0.9895959392329231,108950.294800844,0.02265254624564389,910876.2196207017,0.07019344980958385,288820.3187935214,0.08495372645573915,1889945.3941139008,0.9020505661351408,279102.0375105691,0.04194039401833177,2170770.166079519,0.10209906831602773,264529.6129767449,0.09422465894858038,15615745.537888808,0.13570490417585612,,
2025,12,CA-0001-di2025.XLS,3,12,Banco BCI Peru S.A.,2942.4792987,0.011048868380252088,0,,0,,0,,51216.3716836396,0.017984290973088513,0,,0,,0,,30108.7497,0.016541922513397415,0,,0,,0,,145038.85645999998,0.06922548291014356,0,,0,,0,,229306.45714233955,0.0019927329577639438,,
2025,12,CA-0001-di2025.XLS,3,13,CD SERIADOS SUBASTADO BCOS,2942.4792987,0.011048868380252088,0,,0,,0,,51216.3716836396,0.017984290973088513,0,,0,,0,,0,,0,,0,,0,,145038.85645999998,0.06922548291014356,0,,0,,0,,199197.70744233957,0.0017310800649846896,,
2025,12,CA-0001-di2025.XLS,3,14,DEPOSITOS A PLAZO,0,,0,,0,,0,,0,,0,,0,,0,,30108.7497,0.016541922513397415,0,,0,,0,,0,,0,,0,,0,,30108.7497,0.0002616528927792543,,
2025,12,CA-0001-di2025.XLS,3,15,BANCO CITIBANK,0,,0,,195.9696,1.526858058242743e-05,0,,0,,33.676218,4.3852035093600685e-06,68.938348,2.625531605962683e-06,33.676218,1.0643324092528367e-05,20.46106,1.1241425580085624e-05,53.623637738999996,1.1149230352820876e-05,57.472872936,4.428943400812018e-06,71.43478407500001,2.1011856544867402e-05,3.84072,1.8331342594111807e-06,15.13218,2.273898095538936e-06,126.56926000000001,5.953004019208407e-06,3.54142,1.2614432385799336e-06,684.33631875,5.947061210410985e-06,,
2025,12,CA-0001-di2025.XLS,3,16,CUENTAS CORRIENTES,0,,0,,195.9696,1.526858058242743e-05,0,,0,,33.676218,4.3852035093600685e-06,68.938348,2.625531605962683e-06,33.676218,1.0643324092528367e-05,20.46106,1.1241425580085624e-05,53.623637738999996,1.1149230352820876e-05,57.472872936,4.428943400812018e-06,71.43478407500001,2.1011856544867402e-05,3.84072,1.8331342594111807e-06,15.13218,2.273898095538936e-06,126.56926000000001,5.953004019208407e-06,3.54142,1.2614432385799336e-06,684.33631875,5.947061210410985e-06,,
2025,12,CA-0001-di2025.XLS,3,17,BANCO CONTINENTAL,63227.15361580001,0.23741492375752424,283.882832253,0.00017283417012532845,24756.329033810496,0.0019288400077247872,20137.8706808532,0.004421586114904398,686644.3970882001,0.2411106493164525,2077.1044627204997,0.00027047353652448133,55108.576248713594,0.002098821815408196,14883.5013664065,0.0047039108926736715,444804.082145,0.24437795437535054,4178.7189938876,0.0008688239479261702,1292.095572775,9.957076909366947e-05,7861.013812821399,0.002312241811479492,350848.10001,0.16745601657440562,22703.0616366132,0.003411567177921346,33947.61948669131,0.001596677702364942,30683.1237728669,0.010929237148317393,1763436.6307594127,0.015324724549126732,,
2025,12,CA-0001-di2025.XLS,3,18,ACCIONES DEL CAPITAL SOCIAL,0,,0,,23368.6699745095,0.0018207233193819382,20043.658332993196,0.004400900312728382,0,,998.5235757844999,0.0001300243717601826,50550.1211078226,0.001925212084482059,14389.8603506175,0.004547896303493638,0,,3996.5178736386,0.0008309413583471962,0,,7747.1131488884,0.002278739023700185,0,,22681.6987134912,0.0034083569920656228,32675.3811694103,0.0015368397937276887,30636.6536170459,0.010912684617452328,207088.1978642017,0.001799650486038315,,
2025,12,CA-0001-di2025.XLS,3,19,CD SERIADOS SUBASTADO BCOS,485.9699038,0.0018247936378761273,0,,0,,0,,0,,0,,0,,0,,0,,0,,0,,0,,0,,0,,0,,0,,485.9699038,4.223205294138333e-06,,
2025,12,CA-0001-di2025.XLS,3,20,CUENTAS CORRIENTES,73.51543000000001,0.0002760469072276895,283.882832253,0.00017283417012532845,1387.659059301,0.0001081166883428489,94.21234786000001,2.0685802176015862e-05,1136.60507,0.00039911137061076225,1078.580886936,0.0001404491647642987,4558.455140890999,0.00017360973092613702,493.641015789,0.0001560145891800332,80.63606,4.430192118889828e-05,182.20112024899998,3.788258957897398e-05,1292.095572775,9.957076909366947e-05,113.900663933,3.350278777930706e-05,38.39983,1.8327824972548176e-05,21.362923122,3.2101858557233986e-06,1272.2383172809998,5.9837908637253095e-05,46.470155821,1.655253086506441e-05,12153.856426211,0.00010562018429951069,,
2025,12,CA-0001-di2025.XLS,3,21,DEPOSITOS A PLAZO,62667.668282000006,0.23531408321242042,0,,0,,0,,685507.7920182002,0.24071153794584174,0,,0,,0,,444723.44608500006,0.24433365245416164,0,,0,,0,,350809.7001799999,0.16743768874943307,0,,0,,0,,1543708.6065652,0.013415230673494767,,
2025,12,CA-0001-di2025.XLS,3,22,BANCO DE CREDITO DEL PERU,30895.586375999996,0.11601144230647556,82018.9882138141,0.049934980745225566,238133.82141558902,0.018553721810348665,202.009727935,4.435441175825288e-05,270771.87789000006,0.0950797582730542,59962.904494811104,0.007808167152916881,296305.5336092167,0.011284859096313658,510.223229382,0.0001612553758218654,156181.63529,0.08580710041848319,3417.6770057840004,0.000710590885207922,10521.825987323002,0.0008108272545021292,172.659065982,5.078600814101472e-05,143870.83187,0.06866799736270358,24288.820543792903,0.0036498576396406636,90981.08481790549,0.004279165127400859,36.72011921200001,1.3079596913053667e-05,1408272.1996567473,0.012238252950795612,,
2025,12,CA-0001-di2025.XLS,3,23,BONOS SUBORDINADOS SISTEMA FINANCIERO,0,,19573.895785653098,0.011917022270716289,52647.168280254,0.0041018991278426635,0,,0,,57184.1933784911,0.007446332764661516,127286.7580724027,0.004847743179741106,0,,0,,0,,0,,0,,0,,24088.2872844939,0.0036197237001546006,89881.66897199249,0.004227455676389598,0,,370661.9717732873,0.0032211492713609077,,
2025,12,CA-0001-di2025.XLS,3,24,CUENTAS CORRIENTES,1856.38568,0.006970639028919117,418.442742667,0.00025475723064987505,1210.991912734,9.43520199267999e-05,202.009727935,4.435441175825288e-05,4875.36202,0.0017119512039708341,759.182615707,9.885819929789895e-05,4523.292320217,0.00017227054744244828,510.223229382,0.0001612553758218654,80.89929000000001,4.444654128460428e-05,123.17700478399999,2.5610511677549344e-05,638.3259843230001,4.919033121908431e-05,172.659065982,5.078600814101472e-05,55.32482999999999,2.6405945049131272e-05,200.533259299,3.0133939486062924e-05,1099.4158459129999,5.170945101126055e-05,36.72011921200001,1.3079596913053667e-05,16762.945648154993,0.0001456743725343457,,
2025,12,CA-0001-di2025.XLS,3,25,DEPOSITOS A PLAZO,29039.200695999996,0.10904080327755644,0,,0,,0,,265896.51587,0.09336780706908338,0,,0,,0,,156100.736,0.08576265387719859,0,,0,,0,,143815.50704000003,0.06864159141765445,0,,0,,0,,594851.9596060001,0.005169418775510231,,
2025,12,CA-0001-di2025.XLS,3,26,OTROS BONOS SISTEMA FINANCIERO,0,,62026.649685494,0.0377632012438594,184275.661222601,0.0143574706625792,0,,0,,2019.528500613,0.0002629761889574656,164495.483216597,0.006264845369130103,0,,0,,3294.5000010000003,0.0006849803735303727,9883.500003000001,0.0007616369232830449,0,,0,,0,,0,,0,,425995.322629305,0.003702010531390129,,
2025,12,CA-0001-di2025.XLS,3,27,BANCO DE LA NACION,0,,0,,19310.319063168,0.0015045250012673658,0,,0,,0,,5479.7265060832,0.00020869654627860977,0,,0,,0,,0,,0,,0,,0,,0,,0,,24790.0455692512,0.0002154319657891378,,
2025,12,CA-0001-di2025.XLS,3,28,BONOS SUBORDINADOS SISTEMA FINANCIERO,0,,0,,19310.319063168,0.0015045250012673658,0,,0,,0,,5479.7265060832,0.00020869654627860977,0,,0,,0,,0,,0,,0,,0,,0,,0,,24790.0455692512,0.0002154319657891378,,
2025,12,CA-0001-di2025.XLS,3,29,BANCO FALABELLA,0,,0,,0,,0,,2500,0.0008778585041213177,0,,23500,0.000895002484540579,0,,38329.5285828,0.021058466329863215,0,,0,,0,,9683.673377000001,0.004621912928910898,0,,0,,0,,74013.2019598,0.0006431940412536243,,
2025,12,CA-0001-di2025.XLS,3,30,CD SERIADOS SUBASTADO BCOS,0,,0,,0,,0,,0,,0,,0,,0,,38329.5285828,0.021058466329863215,0,,0,,0,,9683.673377000001,0.004621912928910898,0,,0,,0,,48013.201959800004,0.00041724725568316224,,
2025,12,CA-0001-di2025.XLS,3,31,DEPOSITOS A PLAZO,0,,0,,0,,0,,2500,0.0008778585041213177,0,,23500,0.000895002484540579,0,,0,,0,,0,,0,,0,,0,,0,,0,,26000,0.00022594678557046201,,
2025,12,CA-0001-di2025.XLS,3,32,Banco GNB Perú S.A.,53260.455654515616,0.19999045181353814,0,,0,,0,,135340.5261810234,0.04752393274410609,0,,0,,0,,9954.318073250599,0.005468960348141686,0,,0,,0,,103528.5775172212,0.04941307418268562,0,0,0,0,0,0,302083.87742601085,0.0026251877337334075,,
2025,12,CA-0001-di2025.XLS,3,33,CD SERIADOS SUBASTADO BCOS,1769.6978975156,0.006645130571045098,0,,0,,0,,53566.019785023396,0.01880935440008542,0,,0,,0,,9954.318073250599,0.005468960348141686,0,,0,,0,,58210.077237221194,0.027783042457279132,0,,0,,0,,123500.11299301077,0.0010732482133984477,,
2025,12,CA-0001-di2025.XLS,3,34,CUENTAS CORRIENTES,0,,0,,0,,0,,0,,0,,0,,0,,0,,0,,0,,0,,0,,0,0,0,0,0,0,0,0,,
2025,12,CA-0001-di2025.XLS,3,35,DEPOSITOS A PLAZO,51490.75775700001,0.19334532124249304,0,,0,,0,,81774.506396,0.02871457834402067,0,,0,,0,,0,,0,,0,,0,,45318.50028,0.021630031725406482,0,,0,,0,,178583.764433,0.0015519395203349598,,
2025,12,CA-0001-di2025.XLS,3,36,BANCO INTERAMERICANO DE FINANZAS,19902.9335474631,0.07473455913316994,6160,0.0037503447444232414,79994.57915,0.0062326181096922385,61270,0.013452791784871793,118689.8130334268,0.04167714468958517,20653.043566000004,0.0026893696651028205,5774.5290915000005,0.00021992416527422777,110.0422,3.4778691551848994e-05,176735.0021543364,0.09709923992765991,1140.9191799999999,0.0002372157370912584,100241.35617,0.007724745087860012,5085.64009,0.0014958922518435085,59046.2803758994,0.028182153202487886,0,,100.0326,4.704890190966329e-06,0,,654904.1711586256,0.00569128816653766,,
2025,12,CA-0001-di2025.XLS,3,37,BONOS SUBORDINADOS SISTEMA FINANCIERO,0,,0,,0,,0,,0,,20536.161806,0.0026741497165880504,5134.0404515,0.00019553101956699303,0,,0,,0,,0,,0,,0,,0,,0,,0,,25670.2022575,0.00022308075711637473,,
2025,12,CA-0001-di2025.XLS,3,38,CD SERIADOS SUBASTADO BCOS,7202.9335474631,0.027046669369189008,0,,0,,0,,118585.5998634268,0.0416405509225748,0,,0,,0,,82702.50301433641,0.045437237021076604,0,,0,,0,,59046.2803758994,0.028182153202487886,0,,0,,0,,267537.31680112565,0.002324969105821566,,
2025,12,CA-0001-di2025.XLS,3,39,CUENTAS CORRIENTES,0,,0,,2094.57915,0.00016319495747323744,0,,104.21317,3.659376701037623e-05,116.88176000000001,1.5219948514770312e-05,640.48864,2.4393145707234742e-05,110.0422,3.4778691551848994e-05,32.49914,1.7855216871793735e-05,90.91918000000001,1.890358289833711e-05,241.35617,1.8599258428530555e-05,135.64009,3.9897231435887186e-05,0,,0,,100.0326,4.704890190966329e-06,0,,3666.6521000000007,3.1864163684622475e-05,,
2025,12,CA-0001-di2025.XLS,3,40,DEPOSITOS A PLAZO,12700,0.04768788976398093,6160,0.0037503447444232414,77900,0.006069423152219001,61270,0.013452791784871793,0,,0,,0,,0,,94000,0.05164414768971151,1050,0.00021831215419292128,100000,0.007706145829431481,4950,0.0014559950204076212,0,,0,,0,,0,,358030,0.0031113741399150965,,
2025,12,CA-0001-di2025.XLS,3,41,BANCO INTERNACIONAL DEL PERU,35477.3939865,0.13321590972767966,10397.643098466,0.006330315933233855,91504.2149016878,0.00712936842682833,376.226370022,8.260641455661984e-05,639482.2998189998,0.2245499900524669,125279.17869308361,0.01631343205031685,443567.6682198218,0.016893368728451562,1056.949967183,0.0003340476371282515,498440.31318919995,0.273846012221799,36349.75427331,0.00755770777122824,140290.743423875,0.010811009273437363,26980.580315028998,0.007936078906341437,255193.35325999997,0.1218010369500838,61257.520507521,0.009205108531585621,200265.443695466,0.0094191985575934,3363.767265075,0.0011981638644061913,2569283.0509852404,0.022327740253491712,,
2025,12,CA-0001-di2025.XLS,3,42,BONOS SUBORDINADOS SISTEMA FINANCIERO,0,,0,,50091.414137623804,0.003902772640491452,0,,0,,32575.042356295602,0.0042418121315873514,78590.8304500368,0.0029931484474421412,0,,0,,0,,0,,0,,0,,0,,0,,0,,161257.2869439562,0.0014013679090307898,,
2025,12,CA-0001-di2025.XLS,3,43,CD SERIADOS SUBASTADO BCOS,3421.7259265000002,0.012848416439802167,0,,0,,0,,41425.633277500005,0.014546337784505772,0,,0,,0,,0,,0,,0,,0,,29081.28771,0.013880185175955113,0,,0,,0,,73928.64691400001,0.0006424592358381521,,
2025,12,CA-0001-di2025.XLS,3,44,CUENTAS CORRIENTES,167.26768,0.0006280821011745543,258.934123366,0.00015764484232427231,857.9648636640001,6.68466214032439e-05,376.226370022,8.260641455661984e-05,645.9990799999999,0.000226838314413019,621.075686538,8.087438085193092e-05,1587.6249882350003,6.046503442506521e-05,556.886633683,0.00017600328294244008,87.20461999999999,4.791072632452308e-05,175.27932311,3.6443434870115426e-05,277.027623075,2.1348152621967276e-05,90.37031502900001,2.6581561348463035e-05,21.31009,1.0171076269588933e-05,89.140507521,1.3395058100510046e-05,4324.973695465999,0.00020341894858261583,2.867265075,1.0213112655587692e-06,10140.152864784,8.812057480734834e-05,,
2025,12,CA-0001-di2025.XLS,3,45,DEPOSITOS A PLAZO,31888.40038,0.11973941118670295,0,,0,,0,,597410.6674614999,0.2097768139535481,16042.743337,0.0020890319210184246,307626.3134185,0.01171601339657942,500.0633335,0.0001580443541858114,498353.1085691999,0.27379810149547446,15897.057,0.0033052578657120557,58904.044,0.0045392315300724845,26890.21,0.007909497344992973,226090.75546,0.1079106806978591,61168.38,0.009191713473485111,195940.47,0.009215779609010785,3360.9,0.0011971425531406325,2040073.1129597,0.017728767776998857,,
2025,12,CA-0001-di2025.XLS,3,46,OTROS BONOS SISTEMA FINANCIERO,0,,10138.7089751,0.006172671090909583,40554.8359004,0.003159749164933634,0,,0,,76040.31731325001,0.009901713616859145,55762.89936305,0.002123741850004937,0,,0,,20277.4179502,0.0042160064706460686,81109.6718008,0.00625042959074291,0,,0,,0,,0,,0,,283883.8513028,0.0024670247568165642,,
2025,12,CA-0001-di2025.XLS,3,47,BANCO MIBANCO,31569.772102500003,0.11854297731480473,0,,0,,0,,277100.320074,0.09730194898867998,0,,0,,0,,101933.670195,0.056002952320265156,0,,0,,630,0.00018530845714278814,99788.46681499999,0.04762795965670296,10350.851902,0.0015554125332346942,0,,0,,521373.0810884999,0.0045308681444197856,,
2025,12,CA-0001-di2025.XLS,3,48,BONOS SUBORDINADOS SISTEMA FINANCIERO,0,,0,,0,,0,,0,,0,,0,,0,,0,,0,,0,,0,,0,,10350.851902,0.0015554125332346942,0,,0,,10350.851902,8.99516044297232e-05,,
2025,12,CA-0001-di2025.XLS,3,49,CD SERIADOS SUBASTADO BCOS,2931.5615645,0.01100787281292909,0,,0,,0,,19578.969704,0.006875026022636016,0,,0,,0,,14435.94126,0.007931190239057874,0,,0,,0,,28961.651805,0.01382308424797516,0,,0,,0,,65908.1243335,0.0005727588013897182,,
2025,12,CA-0001-di2025.XLS,3,50,DEPOSITOS A PLAZO,28638.210538000007,0.10753510450187564,0,,0,,0,,257521.35036999997,0.09042692296604397,0,,0,,0,,87497.728935,0.04807176208120728,0,,0,,630,0.00018530845714278814,70826.81500999999,0.0338048754087278,0,,0,,0,,445114.10485299997,0.0038681577386003438,,
2025,12,CA-0001-di2025.XLS,3,51,Banco Pichincha,0,,0,,0,,0,,104.43316,3.6671015047304896e-05,110.8882,1.443948734939954e-05,138.75648999999999,5.284570353026808e-06,119.56092,3.778707039967661e-05,0,,0,,0,,0,,0,,0,,0,,0,,473.63877,4.11604452319413e-06,,
2025,12,CA-0001-di2025.XLS,3,52,CUENTAS CORRIENTES,0,,0,,0,,0,,104.43316,3.6671015047304896e-05,110.8882,1.443948734939954e-05,138.75648999999999,5.284570353026808e-06,119.56092,3.778707039967661e-05,0,,0,,0,,0,,0,,0,,0,,0,,473.63877,4.11604452319413e-06,,
2025,12,CA-0001-di2025.XLS,3,53,BANCO RIPLEY,774.3628152028999,0.0029076951628914825,0,,0,,0,,0,,0,,0,,0,,38695.9610032961,0.021259786436697244,0,,0,,0,,0,,0,,0,,0,,39470.323818499,0.00034300741508519586,,
2025,12,CA-0001-di2025.XLS,3,54,CD SERIADOS SUBASTADO BCOS,774.3628152028999,0.0029076951628914825,0,,0,,0,,0,,0,,0,,0,,38695.9610032961,0.021259786436697244,0,,0,,0,,0,,0,,0,,0,,39470.323818499,0.00034300741508519586,,
2025,12,CA-0001-di2025.XLS,3,55,BANCO SANTANDER PERÚ,0,,1008.27,0.0006138571583538347,2823.156,0.00021996056981676493,11830.368,0.002597543291046355,0,,36.728755425,4.782694635844727e-06,3.0281709,1.1532853102610557e-07,36.254129127,1.145806948960342e-05,116628.8260852,0.06407655658746539,0,,0,,0,,0,,0,,0,,0,,132366.631140652,0.0011503005701162053,,
2025,12,CA-0001-di2025.XLS,3,56,CUENTAS CORRIENTES,0,,0,,0,,0,,0,,36.728755425,4.782694635844727e-06,3.0281709,1.1532853102610557e-07,36.254129127,1.145806948960342e-05,0,,0,,0,,0,,0,,0,,0,,0,,76.011055452,6.605559095075977e-07,,
2025,12,CA-0001-di2025.XLS,3,57,DEPOSITOS A PLAZO,0,,1008.27,0.0006138571583538347,2823.156,0.00021996056981676493,11830.368,0.002597543291046355,0,,0,,0,,0,,116628.8260852,0.06407655658746539,0,,0,,0,,0,,0,,0,,0,,132290.6200852,0.0011496400142066976,,
2025,12,CA-0001-di2025.XLS,3,58,BANCO SCOTIABANK DEL PERU S.A.A,8419.906776,0.031616345366683785,189.462931773,0.00011534923870744964,10045.263267669,0.0007826566552878733,219.024413155,4.809025340261056e-05,390551.00346800004,0.1371394078749992,28386.960011088,0.0036964541760801948,15220.605524296001,0.0005796799898066799,3016.535267472,0.0009533719756846283,62594.81924000001,0.0343899583983123,564.011987891,0.0001172673067305867,23121.083778985,0.0017817444333536113,7067.331385614,0.0020787877383887836,340209.15632,0.16237816342132877,79925.201263622,0.012010282916203496,357766.545114284,0.016827037473424736,21943.767612295003,0.007816304556787633,1349240.678362144,0.011725253624493693,,
2025,12,CA-0001-di2025.XLS,3,59,CUENTAS CORRIENTES,148.86748,0.0005589902343056406,189.462931773,0.00011534923870744964,10045.263267669,0.0007826566552878733,219.024413155,4.809025340261056e-05,4948.53308,0.0017376447388814627,2384.793353088,0.000310539745913869,15220.605524296001,0.0005796799898066799,3016.535267472,0.0009533719756846283,8708.02222,0.004784238144840101,564.011987891,0.0001172673067305867,6316.583778985001,0.00048676515744679806,345.53138561400004,0.00010163474279768273,81.20949,3.876041427344604e-05,25.201263622,3.7869695810676627e-06,4266.545114284,0.0002006708438799962,43.767612295,1.5589892923831605e-05,56523.95817014397,0.0004912079483178188,,
2025,12,CA-0001-di2025.XLS,3,60,DEPOSITOS A PLAZO,8271.039296,0.031057355132378145,0,,0,,0,,385602.470388,0.13540176313611774,26002.166658,0.0033859144301663256,0,,0,,53886.797020000005,0.029605720253472193,0,,16804.5,0.0012949792759068132,6721.8,0.0019771529955911007,340127.94683000003,0.16233940300705532,79900,0.012006495946622429,353500,0.01662636662954474,21900,0.007800714663863802,1292716.7201919998,0.011234045676175874,,
2025,12,CA-0001-di2025.XLS,3,61,Caja Municipal de Ahorro y Crédito de Arequip,0,,0,,0,,0,,0,,0,,0,,0,,0,,0,,0,,0,,83952.9723105,0.04006984881006055,0,,0,,0,,83952.9723105,0.0007295732397170568,,
2025,12,CA-0001-di2025.XLS,3,62,CD SERIADOS SUBASTADO BCOS,0,,0,,0,,0,,0,,0,,0,,0,,0,,0,,0,,0,,83952.9723105,0.04006984881006055,0,,0,,0,,83952.9723105,0.0007295732397170568,,
2025,12,CA-0001-di2025.XLS,3,63,Compartamos Banco S.A.,2216.9442603364996,0.008324519173213956,0,,0,,0,,54404.289986722,0.019103707450210464,0,,0,,0,,0,,0,,0,,0,,9525.470732787799,0.0045464045119904175,0,,0,,0,,66146.7049798463,0.0005748321294720747,,
2025,12,CA-0001-di2025.XLS,3,64,CD SERIADOS SUBASTADO BCOS,2216.9442603364996,0.008324519173213956,0,,0,,0,,32286.039986722,0.01133702990669793,0,,0,,0,,0,,0,,0,,0,,9525.470732787799,0.0045464045119904175,0,,0,,0,,44028.4549798463,0.0003826187644742335,,
2025,12,CA-0001-di2025.XLS,3,65,DEPOSITOS A PLAZO,0,,0,,0,,0,,22118.25,0.007766677543512534,0,,0,,0,,0,,0,,0,,0,,0,,0,,0,,0,,22118.25,0.0001922133649978412,,
2025,12,CA-0001-di2025.XLS,3,66,CONSORCIO CREDICORP,0,,10913.238886199999,0.0066442220943986234,473166.1684386,0.03686579842834396,161150.1674244,0.03538305285551954,0,,40609.7110083,0.005288059580434339,1232852.6042658,0.046953452931498475,177484.3363566,0.056093689415795116,0,,22597.175834100002,0.004698322033351042,536263.0933548,0.041325216003341166,240951.65934,0.07087361942585726,0,,31533.0292053,0.004738437889088374,1061896.5338436,0.049944783859480785,182957.3536308,0.06516886353102726,4172375.0715885,0.03625902829306723,,
2025,12,CA-0001-di2025.XLS,3,67,ACCIONES DEL CAPITAL SOCIAL,0,,10913.238886199999,0.0066442220943986234,473166.1684386,0.03686579842834396,161150.1674244,0.03538305285551954,0,,40609.7110083,0.005288059580434339,1232852.6042658,0.046953452931498475,177484.3363566,0.056093689415795116,0,,22597.175834100002,0.004698322033351042,536263.0933548,0.041325216003341166,240951.65934,0.07087361942585726,0,,31533.0292053,0.004738437889088374,1061896.5338436,0.049944783859480785,182957.3536308,0.06516886353102726,4172375.0715885,0.03625902829306723,,
2025,12,CA-0001-di2025.XLS,3,68,CORPORACION FINANCIERA DE DESARROLLO,0,,68.28429203569999,4.157299281862813e-05,141.82122192030002,1.1049717686765826e-05,0,,44789.5357707,0.015727549948781984,0,,0,,0,,91451.04283215,0.050243735770230724,0,,0,,0,,46250.9876860594,0.022075097913651642,0,,0,,0,,182701.6718028654,0.001587725210084883,,
2025,12,CA-0001-di2025.XLS,3,69,CD SERIADOS SUBASTADO BCOS,0,,0,,0,,0,,44789.5357707,0.015727549948781984,0,,0,,0,,91451.04283215,0.050243735770230724,0,,0,,0,,15131.5547067,0.007222127968455464,0,,0,,0,,151372.13330955,0.001315463344086011,,
2025,12,CA-0001-di2025.XLS,3,70,OTROS BONOS SISTEMA FINANCIERO,0,,68.28429203569999,4.157299281862813e-05,141.82122192030002,1.1049717686765826e-05,0,,0,,0,,0,,0,,0,,0,,0,,0,,31119.4329793594,0.014852969945196177,0,,0,,0,,31329.5384933154,0.00027226186599887194,,
2025,12,CA-0001-di2025.XLS,3,71,Edpyme Santander Consumo Perú S.A.,2392.7612129645,0.008984703382313415,0,,0,,0,,102639.6057990143,0.036041220324129764,0,,0,,0,,5104.1552662901995,0.0028042526425905304,0,,0,,0,,47561.188949005096,0.022700442854659983,0,,0,,0,,157697.71122727412,0.0013704342670623668,,
2025,12,CA-0001-di2025.XLS,3,72,Papeles Comerciales / Instrumentos de CP,2392.7612129645,0.008984703382313415,0,,0,,0,,102639.6057990143,0.036041220324129764,0,,0,,0,,5104.1552662901995,0.0028042526425905304,0,,0,,0,,47561.188949005096,0.022700442854659983,0,,0,,0,,157697.71122727412,0.0013704342670623668,,
2025,12,CA-0001-di2025.XLS,3,73,Financiera Efectiva S.A.,992.6332498,0.0037272901568916965,0,,0,,0,,0,,0,,0,,0,,0,,0,,0,,0,,27518.7715842054,0.013134413070444554,0,,0,,0,,28511.4048340054,0.0002477715490131405,,
2025,12,CA-0001-di2025.XLS,3,74,CD SERIADOS SUBASTADO BCOS,992.6332498,0.0037272901568916965,0,,0,,0,,0,,0,,0,,0,,0,,0,,0,,0,,27518.7715842054,0.013134413070444554,0,,0,,0,,28511.4048340054,0.0002477715490131405,,
2025,12,CA-0001-di2025.XLS,3,75,Fondo Mivivienda S.A.,0,,0,,5943.076037224,0.0004630429177885148,0,,0,,0,,24061.2601358246,0.0009163781958612853,0,,0,,11798.2227769024,0.0024530432667367167,22732.9143358176,0.0017518315299978394,0,,0,,20223.213536,0.0030389227953399726,0,,0,,84758.6868217686,0.0007365751090981575,,
2025,12,CA-0001-di2025.XLS,3,76,OTROS BONOS SISTEMA FINANCIERO,0,,0,,5943.076037224,0.0004630429177885148,0,,0,,0,,24061.2601358246,0.0009163781958612853,0,,0,,11798.2227769024,0.0024530432667367167,22732.9143358176,0.0017518315299978394,0,,0,,20223.213536,0.0030389227953399726,0,,0,,84758.6868217686,0.0007365751090981575,,
2025,12,CA-0001-di2025.XLS,3,77,InFinance XP S.A.,0,,8494.07959016,0.005171384212608649,6370.55969262,0.0004963494543129781,0,,0,,0,,0,,0,,30228.6556065513,0.01660779951708682,0,,0,,0,,144412.8307425511,0.0689266875827237,0,,0,,0,,189506.1256318824,0.0016468576897090757,,
2025,12,CA-0001-di2025.XLS,3,78,BONOS SUBORDINADOS SISTEMA FINANCIERO,0,,8494.07959016,0.005171384212608649,6370.55969262,0.0004963494543129781,0,,0,,0,,0,,0,,0,,0,,0,,0,,0,,0,,0,,0,,14864.63928278,0.00012917759479263687,,
2025,12,CA-0001-di2025.XLS,3,79,CD SERIADOS SUBASTADO BCOS,0,,0,,0,,0,,0,,0,,0,,0,,30228.6556065513,0.01660779951708682,0,,0,,0,,144412.8307425511,0.0689266875827237,0,,0,,0,,174641.48634910237,0.0015176800949164388,,
2025,12,CA-0001-di2025.XLS,3,80,Intercorp Financial Services Inc.,0,,3710.672358336,0.0022591397041172097,241281.828912996,0.018798992536768703,17225.925133104,0.003782222688386454,0,,3686.0427420839997,0.0004799840518979288,340025.662028088,0.012949949460540167,17210.12231574,0.00543923636194764,0,,0,,0,,0,,0,,8197.53354792,0.0012318354607684962,270719.060836752,0.012732883618324939,25541.339156496,0.009097748807890276,927598.1870315161,0.008061070333106126,,
2025,12,CA-0001-di2025.XLS,3,81,ACCIONES DEL CAPITAL SOCIAL,0,,3710.672358336,0.0022591397041172097,241281.828912996,0.018798992536768703,17225.925133104,0.003782222688386454,0,,3686.0427420839997,0.0004799840518979288,340025.662028088,0.012949949460540167,17210.12231574,0.00543923636194764,0,,0,,0,,0,,0,,8197.53354792,0.0012318354607684962,270719.060836752,0.012732883618324939,25541.339156496,0.009097748807890276,927598.1870315161,0.008061070333106126,,
2025,12,CA-0001-di2025.XLS,3,82,Intercorp Perú Ltd.,0,,9768.020550466501,0.005946987749165626,91216.2230777955,0.007106930118181581,3015.5748071030002,0.0006621168596647884,0,,32834.41477443,0.004275586732946511,59623.28721519,0.002270765540173259,0,,0,,28850.19111123,0.0059984260670191344,48220.962826409996,0.0037159777157590988,0,,0,,20607.673187800003,0.0030966951764535722,154967.27642482,0.0072886640832279005,0,,449103.623975245,0.0039028277009712344,,
2025,12,CA-0001-di2025.XLS,3,83,OTROS BONOS SISTEMA FINANCIERO,0,,9768.020550466501,0.005946987749165626,91216.2230777955,0.007106930118181581,3015.5748071030002,0.0006621168596647884,0,,32834.41477443,0.004275586732946511,59623.28721519,0.002270765540173259,0,,0,,28850.19111123,0.0059984260670191344,48220.962826409996,0.0037159777157590988,0,,0,,20607.673187800003,0.0030966951764535722,154967.27642482,0.0072886640832279005,0,,449103.623975245,0.0039028277009712344,,
2025,12,CA-0001-di2025.XLS,3,84,INTERSEGURO,0,,10370.3559514602,0.0063137029123956235,0,,0,,0,,0,,0,,0,,0,,0,,0,,0,,0,,0,,0,,0,,10370.3559514602,9.012109970976701e-05,,
2025,12,CA-0001-di2025.XLS,3,85,BONOS SUBORDINADOS SISTEMA FINANCIERO,0,,10370.3559514602,0.0063137029123956235,0,,0,,0,,0,,0,,0,,0,,0,,0,,0,,0,,0,,0,,0,,10370.3559514602,9.012109970976701e-05,,
2025,12,CA-0001-di2025.XLS,3,86,Pacifico Compañía de Seguros y Reaseguros,0,,18231.8377060665,0.011099947519825324,54460.4391176505,0.004243176509122995,0,,0,,0,,0,,0,,0,,0,,28134.6712977803,0.0021680987988381526,0,,0,,0,,0,,0,,100826.94812149732,0.0008762124933435403,,
2025,12,CA-0001-di2025.XLS,3,87,BONOS SUBORDINADOS SISTEMA FINANCIERO,0,,18231.8377060665,0.011099947519825324,54460.4391176505,0.004243176509122995,0,,0,,0,,0,,0,,0,,0,,28134.6712977803,0.0021680987988381526,0,,0,,0,,0,,0,,100826.94812149732,0.0008762124933435403,,
2025,12,CA-0001-di2025.XLS,3,88,Santander Consumer Bank S.A,3452.5168313,0.01296403480782072,0,,0,,0,,65533.1972414926,0.023011549800281583,0,,0,,0,,0,,0,,0,,0,,23512.035383671602,0.011222041067897766,0,,0,,0,,92497.7494564642,0.0008038295831611553,,
2025,12,CA-0001-di2025.XLS,3,89,CD SERIADOS SUBASTADO BCOS,3452.5168313,0.01296403480782072,0,,0,,0,,65533.1972414926,0.023011549800281583,0,,0,,0,,0,,0,,0,,0,,23512.035383671602,0.011222041067897766,0,,0,,0,,92497.7494564642,0.0008038295831611553,,
2025,12,CA-0001-di2025.XLS,3,90,3. Sistema no Financiero,0,,199312.27618198967,0.12134573822697382,1990233.2078229713,0.15506505147465768,1351863.033991719,0.2968227830578694,9582.9126212072,0.0033649765355112994,1148461.8791737803,0.14954883184682785,4882070.842729355,0.18593470357216568,869713.9830626696,0.27487195235343004,0,,751736.1276465498,0.1562982222963459,2164985.8680703086,0.1668369681800811,725423.6788799886,0.21337641699697793,115143.3823169376,0.05495669532526658,939964.4440985702,0.14124755053865692,4185834.0334807364,0.19687471369470083,738315.252055889,0.262985690103501,20072640.922132667,0.1744364882409997,,
2025,12,CA-0001-di2025.XLS,3,91,Administradora Jockey Plaza Shopping Center S,0,,0,,17640.554083592,0.0013744285927204717,548.1638436000001,0.00012035799007582548,0,,26459.940506755003,0.0034455241965615216,30697.175241599998,0.001169108430196151,0,,0,,0,,65770.9864331654,0.005068408127995321,0,,0,,0,,0,,0,,141116.82010871242,0.0012263419959034118,,
2025,12,CA-0001-di2025.XLS,3,92,BONOS DE EMPRESAS PRIVADAS,0,,0,,17640.554083592,0.0013744285927204717,548.1638436000001,0.00012035799007582548,0,,26459.940506755003,0.0034455241965615216,30697.175241599998,0.001169108430196151,0,,0,,0,,65770.9864331654,0.005068408127995321,0,,0,,0,,0,,0,,141116.82010871242,0.0012263419959034118,,
2025,12,CA-0001-di2025.XLS,3,93,AENZA S.A.A. (antes GRANA & MONTERO S.A.A.),0,,778.2991305498,0.00047384578796211377,16455.0954915576,0.0012820659505575636,46221.5897521812,0.010148676724365228,0,,3152.5581737178,0.0004105154909868164,22132.2827332476,0.0008429126823323897,33775.323707712596,0.010674646320178888,0,,36406.3922200974,0.007569483725677974,116674.3571281218,0.00899109610584475,40051.6796090952,0.011780817387839206,0,,5258.3042786490005,0.0007901603129875669,39270.1673833128,0.001847016125936487,27001.7178556194,0.009617931343645813,387177.7674638622,0.0033646758462618255,,
2025,12,CA-0001-di2025.XLS,3,94,ACCIONES DEL CAPITAL SOCIAL,0,,778.2991305498,0.00047384578796211377,16455.0954915576,0.0012820659505575636,46221.5897521812,0.010148676724365228,0,,3152.5581737178,0.0004105154909868164,22132.2827332476,0.0008429126823323897,33775.323707712596,0.010674646320178888,0,,2469.7044700973997,0.0005134919077017624,19954.797040621797,0.0015377457599173932,40051.6796090952,0.011780817387839206,0,,5258.3042786490005,0.0007901603129875669,39270.1673833128,0.001847016125936487,27001.7178556194,0.009617931343645813,256521.51962636216,0.0022292389534317968,,
2025,12,CA-0001-di2025.XLS,3,95,BONOS DE EMPRESAS PRIVADAS,0,,0,,0,,0,,0,,0,,0,,0,,0,,33936.68775,0.007055991817976212,96719.56008750001,0.007453350345927357,0,,0,,0,,0,,0,,130656.2478375,0.001135436892830029,,
2025,12,CA-0001-di2025.XLS,3,96,ALICORP S.A.,0,,24259.091203644,0.01476947324676467,38211.807007352,0.002977196741188017,0,,0,,133413.2280900306,0.017372620524533287,210719.7694943001,0.008025307116562411,7679.913924111001,0.002427226623162811,0,,95681.14337399999,0.01989367288154257,113457.96782600001,0.00874323645578101,0,,0,,108182.43374598,0.01625646999082426,0,,92.60227928069999,3.29846556115145e-05,731697.9569446985,0.0063586462069280345,,
2025,12,CA-0001-di2025.XLS,3,97,ACCIONES DEL CAPITAL SOCIAL,0,,0,,0,,0,,0,,400.75336683060004,5.218475158384501e-05,86491.1374415001,0.0032940333149312035,7679.913924111001,0.002427226623162811,0,,0,,0,,0,,0,,0,,0,,92.60227928069999,3.29846556115145e-05,94664.4070117224,0.0008226584027781762,,
2025,12,CA-0001-di2025.XLS,3,98,BONOS DE EMPRESAS PRIVADAS,0,,24259.091203644,0.01476947324676467,38211.807007352,0.002977196741188017,0,,0,,133012.4747232,0.017320435772949443,124228.6320528,0.004731273801631209,0,,0,,95681.14337399999,0.01989367288154257,113457.96782600001,0.00874323645578101,0,,0,,108182.43374598,0.01625646999082426,0,,0,,637033.549932976,0.005535987804149859,,
2025,12,CA-0001-di2025.XLS,3,99,Asociación Tecsup N° 2,0,,0,,0,,0,,0,,1764.20428641,0.00022972873105861252,0,,0,,0,,9801.1349245,0.0020378160751457807,0,,0,,0,,0,,0,,0,,11565.33921091,0.00010050581610527453,,
2025,12,CA-0001-di2025.XLS,3,100,BONOS DE EMPRESAS PRIVADAS,0,,0,,0,,0,,0,,1764.20428641,0.00022972873105861252,0,,0,,0,,9801.1349245,0.0020378160751457807,0,,0,,0,,0,,0,,0,,11565.33921091,0.00010050581610527453,,
2025,12,CA-0001-di2025.XLS,3,101,CEMENTOS PACASMAYO S.A.A.,0,,9251.9963588034,0.005632820766178782,77104.55072434139,0.006007447308186933,89235.5746173454,0.019593073365930115,0,,33574.9587927308,0.004372017876962988,163787.1323821533,0.0062378676773533585,53599.4133964449,0.016940023607988575,0,,22665.625938809997,0.004712553928411967,33304.2346661598,0.002566472890750347,21403.4078187045,0.006295607111876222,0,,18329.970511651598,0.0027544269918629983,124065.4903552853,0.0058352427969482895,36126.442062164,0.012868130883449715,682448.7976245944,0.005930658159219379,,
2025,12,CA-0001-di2025.XLS,3,102,ACCIONES DEL CAPITAL SOCIAL,0,,8986.7358403494,0.005471324274086746,73801.7883064608,0.005750119160749663,85987.1986397115,0.01887984134918312,0,,27056.0610422694,0.0035231490018273427,93120.14443145039,0.003546500452209603,32926.5580951947,0.010406395072588635,0,,22665.625938809997,0.004712553928411967,33304.2346661598,0.002566472890750347,21403.4078187045,0.006295607111876222,0,,9233.358089102401,0.0013874878156510811,107190.219766414,0.0050415385938836575,22709.4085511205,0.00808902357499542,538384.7411857474,0.004678703910427106,,
2025,12,CA-0001-di2025.XLS,3,103,VALOR REP.DERECHO SOBRE ACC. EMP.NAC.,0,,265.260518454,0.00016149649209203624,3302.7624178806,0.00025732814743726983,3248.3759776339,0.0007132320167469922,0,,6518.8977504613995,0.0008488688751356456,70666.98795070291,0.0026913672251437557,20672.8553012502,0.0065336285353999385,0,,0,,0,,0,,0,,9096.612422549199,0.0013669391762119172,16875.2705888713,0.0007937042030646325,13417.0335110435,0.004779107308454295,144064.056438847,0.0012519542487922732,,
2025,12,CA-0001-di2025.XLS,3,104,CIA MINERA BUENAVENTURA,0,,5708.183614716,0.00347526889929432,491569.097119287,0.03829962591747357,259175.555600016,0.05690606798132003,0,,83945.50289787739,0.010931100217452201,961144.3462666781,0.03660538629407691,175338.643120047,0.055415545910494746,0,,61805.888757978995,0.012850454015773763,115546.6438588618,0.008904192876777725,62723.049527424,0.018449383389234332,0,,36119.0898587255,0.005427580800806996,836411.367848133,0.039339411753782375,170794.67529894,0.06083655379517342,3260282.043768685,0.028332701840101178,,
2025,12,CA-0001-di2025.XLS,3,105,ACCIONES DEL CAPITAL SOCIAL,0,,0,,0,,0,,0,,0,,93.56585150000001,3.563475300453398e-06,0,,0,,0,,0,,0,,0,,0,,0,,0,,93.56585150000001,8.13111668676469e-07,,
2025,12,CA-0001-di2025.XLS,3,106,BONOS DE EMPRESAS PRIVADAS,0,,0,,0,,0,,0,,53056.043459974404,0.0069087790075904616,40443.3301145961,0.0015402928057726946,0,,0,,61805.888757978995,0.012850454015773763,49588.4456314018,0.003821357934904167,0,,0,,8803.7457823865,0.0013229303886272568,0,,0,,213697.45374633782,0.0018570866445606735,,
2025,12,CA-0001-di2025.XLS,3,107,VALOR REP.DERECHO SOBRE ACC. EMP.NAC.,0,,5708.183614716,0.00347526889929432,491569.097119287,0.03829962591747357,259175.555600016,0.05690606798132003,0,,30889.459437903,0.00402232120986174,920607.4503005821,0.035061530013003765,175338.643120047,0.055415545910494746,0,,0,,65958.19822746,0.005082834941873557,62723.049527424,0.018449383389234332,0,,27315.344076339,0.004104650412179739,836411.367848133,0.039339411753782375,170794.67529894,0.06083655379517342,3046491.0241708476,0.02647480208387183,,
2025,12,CA-0001-di2025.XLS,3,108,CORPORACION PRIMAX S.A,0,,21182.6691288883,0.012896479194867319,23620.9033910056,0.0018403755830256447,0,,0,,20232.0282891392,0.00263454647594351,31022.5108872879,0.0011814989072685034,0,,0,,0,,0,,0,,0,,63566.1558244138,0.009552024934270261,91574.86793932458,0.004307092866793078,0,,251199.1354600594,0.0021829860459722876,,
2025,12,CA-0001-di2025.XLS,3,109,BONOS DE EMPRESAS PRIVADAS,0,,21182.6691288883,0.012896479194867319,23620.9033910056,0.0018403755830256447,0,,0,,20232.0282891392,0.00263454647594351,31022.5108872879,0.0011814989072685034,0,,0,,0,,0,,0,,0,,63566.1558244138,0.009552024934270261,91574.86793932458,0.004307092866793078,0,,251199.1354600594,0.0021829860459722876,,
2025,12,CA-0001-di2025.XLS,3,110,EDITORA EL COMERCIO,0,,0,,0,,0,,0,,436.311876,5.6815060699829024e-05,1239.584192,4.7209826878179834e-05,188.84712,5.9684882135535394e-05,0,,0,,0,,0,,0,,0,,0,,0,,1864.7431880000001,1.620510497088522e-05,,
2025,12,CA-0001-di2025.XLS,3,111,ACCIONES DEL TRABAJO,0,,0,,0,,0,,0,,436.311876,5.6815060699829024e-05,1239.584192,4.7209826878179834e-05,188.84712,5.9684882135535394e-05,0,,0,,0,,0,,0,,0,,0,,0,,1864.7431880000001,1.620510497088522e-05,,
2025,12,CA-0001-di2025.XLS,3,112,Electro Dunas S.A.A.,0,,23.937424205,1.4573635237378481e-05,0,,0,,0,,0,,0,,0,,0,,0,,0,,0,,0,,0,,0,,0,,23.937424205,2.080224636137047e-07,,
2025,12,CA-0001-di2025.XLS,3,113,BONOS DE EMPRESAS PRIVADAS,0,,23.937424205,1.4573635237378481e-05,0,,0,,0,,0,,0,,0,,0,,0,,0,,0,,0,,0,,0,,0,,23.937424205,2.080224636137047e-07,,
2025,12,CA-0001-di2025.XLS,3,114,Engie Energía Perú S.A.,0,,1074.8452003211,0.0006543896181968804,60165.0308636526,0.004687638398945108,61837.0604175506,0.01357729881484977,0,,11479.549081369,0.0014948281578854989,178087.610962204,0.006782504437322069,30756.764883895503,0.009720634802191725,0,,20515.887118740997,0.004265588106734431,39174.656106609,0.0030188561277535745,21161.852526572802,0.006224555939654633,0,,5890.3885402261,0.0008851430054099608,183829.079533932,0.008646137690248636,25011.6029062134,0.008909058335946912,638984.3281412871,0.005552940575900967,,
2025,12,CA-0001-di2025.XLS,3,115,ACCIONES DEL CAPITAL SOCIAL,0,,1040.971619249,0.0006337666300883504,60165.0308636526,0.004687638398945108,61837.0604175506,0.01357729881484977,0,,11479.549081369,0.0014948281578854989,178087.610962204,0.006782504437322069,30756.764883895503,0.009720634802191725,0,,20515.887118740997,0.004265588106734431,39174.656106609,0.0030188561277535745,21161.852526572802,0.006224555939654633,0,,5890.3885402261,0.0008851430054099608,183829.079533932,0.008646137690248636,25011.6029062134,0.008909058335946912,638950.454560215,0.005552646205641006,,
2025,12,CA-0001-di2025.XLS,3,116,BONOS DE EMPRESAS PRIVADAS,0,,33.8735810721,2.0622988108530006e-05,0,,0,,0,,0,,0,,0,,0,,0,,0,,0,,0,,0,,0,,0,,33.8735810721,2.9437025996159383e-07,,
2025,12,CA-0001-di2025.XLS,3,117,Ferreycorp S.A.A.,0,,11973.7682816664,0.007289895932806703,153695.965094154,0.011974914620604644,165326.318361478,0.03629999245105908,0,,70359.786479684,0.009162014053613008,366707.973538178,0.013966150953936605,99472.2945271176,0.03143808692768138,0,,39688.8897280776,0.008251968584820883,132218.577704459,0.010188956411505789,61221.2504979968,0.018007643609739582,0,,43908.1678087736,0.0065980380327867036,264480.819110678,0.012439476845873933,77415.5365976056,0.027575183175699857,1486469.3477298685,0.012917806575714811,,
2025,12,CA-0001-di2025.XLS,3,118,ACCIONES DEL CAPITAL SOCIAL,0,,11973.7682816664,0.007289895932806703,153695.965094154,0.011974914620604644,165326.318361478,0.03629999245105908,0,,70359.786479684,0.009162014053613008,366707.973538178,0.013966150953936605,99472.2945271176,0.03143808692768138,0,,39688.8897280776,0.008251968584820883,132218.577704459,0.010188956411505789,61221.2504979968,0.018007643609739582,0,,43908.1678087736,0.0065980380327867036,264480.819110678,0.012439476845873933,77415.5365976056,0.027575183175699857,1486469.3477298685,0.012917806575714811,,
2025,12,CA-0001-di2025.XLS,3,119,Fossal S.A.A.,0,,0.025258104,1.5377694414041502e-08,0.6970545532,5.430961544995831e-08,0.49499548089999995,1.0868404013383683e-07,0,,0.6901520255,8.986926869919179e-08,8.0966615683,3.08363073196286e-07,4.2924089395000005,1.3566101597502573e-06,0,,0.38715845330000004,8.04965675751643e-08,3.9557494148,3.048358185513704e-07,2.2219528628,6.535661219832844e-07,0,,0.0791420592,1.1892600913543833e-08,0.5270524368,2.4789157135026192e-08,0.3839231808,1.367522916102189e-07,21.8515090791,1.898953167802466e-07,,
2025,12,CA-0001-di2025.XLS,3,120,ACCIONES DEL CAPITAL SOCIAL,0,,0.025258104,1.5377694414041502e-08,0.49505883840000003,3.857152215013614e-08,0.30983274239999997,6.802864977383742e-08,0,,0,,0,,0,,0,,0,,0,,0,,0,,0.0791420592,1.1892600913543833e-08,0.5270524368,2.4789157135026192e-08,0.3839231808,1.367522916102189e-07,1.8202673615999998,1.58185984320133e-08,,
2025,12,CA-0001-di2025.XLS,3,121,VALOR REP.DERECHO SOBRE ACC. EMP.NAC.,0,,0,,0.2019957148,1.5738093299822163e-08,0.18516273849999998,4.065539035999941e-08,0,,0.6901520255,8.986926869919179e-08,8.0966615683,3.08363073196286e-07,4.2924089395000005,1.3566101597502573e-06,0,,0.38715845330000004,8.04965675751643e-08,3.9557494148,3.048358185513704e-07,2.2219528628,6.535661219832844e-07,0,,0,,0,,0,,20.031241717500002,1.7407671834823328e-07,,
2025,12,CA-0001-di2025.XLS,3,122,Gas Natural de Lima y Callao S.A.,0,,0,,89.6220017952,6.9827195461360695e-06,0,,0,,0,,0,,0,,0,,0,,0,,0,,0,,0,,0,,0,,89.6220017952,7.788385854621391e-07,,
2025,12,CA-0001-di2025.XLS,3,123,BONOS DE EMPRESAS PRIVADAS,0,,0,,89.6220017952,6.9827195461360695e-06,0,,0,,0,,0,,0,,0,,0,,0,,0,,0,,0,,0,,0,,89.6220017952,7.788385854621391e-07,,
2025,12,CA-0001-di2025.XLS,3,124,Hermes Transportes Blindados S.A.,0,,0,,0,,0,,0,,6957.6363468535,0.000905999935178978,0,,0,,0,,0,,0,,0,,0,,0,,0,,0,,6957.6363468535,6.0463675682298476e-05,,
2025,12,CA-0001-di2025.XLS,3,125,BONOS DE EMPRESAS PRIVADAS,0,,0,,0,,0,,0,,6957.6363468535,0.000905999935178978,0,,0,,0,,0,,0,,0,,0,,0,,0,,0,,6957.6363468535,6.0463675682298476e-05,,
2025,12,CA-0001-di2025.XLS,3,126,HOCHSCHILD MINING PLC,0,,0,,0,,0,,0,,19040.516551924502,0.0024793918368009073,154507.271707991,0.005884442215244181,43337.645352183405,0.013696805409988248,0,,38197.7966516282,0.007941945973752484,253079.16092278901,0.019502649204611693,121818.680206286,0.03583179631777391,0,,2244.4703446392,0.00033727439418303873,50056.1474366831,0.0023543192626445247,33411.7916617949,0.01190118050968611,715693.4808359193,0.006219563132638886,,
2025,12,CA-0001-di2025.XLS,3,127,ACCIONES DEL EXTRANJERO - LIMITE LOCAL,0,,0,,0,,0,,0,,19040.516551924502,0.0024793918368009073,154507.271707991,0.005884442215244181,43337.645352183405,0.013696805409988248,0,,38197.7966516282,0.007941945973752484,253079.16092278901,0.019502649204611693,121818.680206286,0.03583179631777391,0,,2244.4703446392,0.00033727439418303873,50056.1474366831,0.0023543192626445247,33411.7916617949,0.01190118050968611,715693.4808359193,0.006219563132638886,,
2025,12,CA-0001-di2025.XLS,3,128,HudBay Minerals Inc.,0,,0,,0,,0,,0,,1383.8457016950001,0.00018019971920498197,17327.72558418,0.0006599301042246151,26520.429184124998,0.008381746515585271,0,,24371.041881555,0.005067137764845883,334844.8940988,0.025803635841658935,151420.926387555,0.0445390130920786,0,,0,,0,,0,,555868.86283791,0.004830645490651301,,
2025,12,CA-0001-di2025.XLS,3,129,ACCIONES DEL EXTRANJERO - LIMITE LOCAL,0,,0,,0,,0,,0,,1383.8457016950001,0.00018019971920498197,17327.72558418,0.0006599301042246151,26520.429184124998,0.008381746515585271,0,,24371.041881555,0.005067137764845883,334844.8940988,0.025803635841658935,151420.926387555,0.0445390130920786,0,,0,,0,,0,,555868.86283791,0.004830645490651301,,
2025,12,CA-0001-di2025.XLS,3,130,"Hunt Oil Company of Peru L.L.C.,",0,,8957.3711106555,0.0054534463747882185,0,,0,,0,,46769.8992828712,0.006090218517639473,41157.511368926695,0.0015674925503275114,0,,0,,58742.993499286196,0.012213628051971372,49478.8118493351,0.003812909395779786,0,,0,,126347.797851013,0.018986161736706603,204494.98649213303,0.00961812905041585,0,,535949.3714542207,0.004657539911868873,,
2025,12,CA-0001-di2025.XLS,3,131,BONOS DE EMPRESAS PRIVADAS,0,,8957.3711106555,0.0054534463747882185,0,,0,,0,,46769.8992828712,0.006090218517639473,41157.511368926695,0.0015674925503275114,0,,0,,58742.993499286196,0.012213628051971372,49478.8118493351,0.003812909395779786,0,,0,,126347.797851013,0.018986161736706603,204494.98649213303,0.00961812905041585,0,,535949.3714542207,0.004657539911868873,,
2025,12,CA-0001-di2025.XLS,3,132,Inca Rail S.A.C.,0,,0,,0,,0,,0,,30547.552419070198,0.003977799231210205,0,,0,,0,,0,,17819.4055777909,0.0013731893797624141,0,,0,,20365.0349460468,0.0030602341618590112,0,,0,,68731.9929429079,0.0005972989565885277,,
2025,12,CA-0001-di2025.XLS,3,133,BONOS DE EMPRESAS PRIVADAS,0,,0,,0,,0,,0,,30547.552419070198,0.003977799231210205,0,,0,,0,,0,,17819.4055777909,0.0013731893797624141,0,,0,,20365.0349460468,0.0030602341618590112,0,,0,,68731.9929429079,0.0005972989565885277,,
2025,12,CA-0001-di2025.XLS,3,134,InRetail Peru Corp.,0,,4905.7245241565,0.002986713991356905,263692.34183545,0.020545062960191623,137624.89965613303,0.030217710453530788,0,,15939.4215145216,0.002075577701826538,388490.448920298,0.014795741149104324,68448.0709441311,0.021632922157908633,0,,0,,91471.6704557512,0.007048940317937178,62145.2874245705,0.0182794402084798,0,,19054.4048153787,0.0028632870360594145,399333.52702757,0.018782080983959244,62597.155919382494,0.022296920187054606,1513702.9530373432,0.013154473713357834,,
2025,12,CA-0001-di2025.XLS,3,135,ACCIONES DEL CAPITAL SOCIAL,0,,4905.7245241565,0.002986713991356905,263692.34183545,0.020545062960191623,137624.89965613303,0.030217710453530788,0,,15939.4215145216,0.002075577701826538,388490.448920298,0.014795741149104324,68448.0709441311,0.021632922157908633,0,,0,,91471.6704557512,0.007048940317937178,62145.2874245705,0.0182794402084798,0,,19054.4048153787,0.0028632870360594145,399333.52702757,0.018782080983959244,62597.155919382494,0.022296920187054606,1513702.9530373432,0.013154473713357834,,
2025,12,CA-0001-di2025.XLS,3,136,Inverfal Perú S.A.,0,,0,,36353.839570660006,0.0028324369135073056,0,,0,,0,,0,,0,,0,,0,,0,,0,,0,,0,,0,,0,,36353.839570660006,0.0003159243536205728,,
2025,12,CA-0001-di2025.XLS,3,137,BONOS DE EMPRESAS PRIVADAS,0,,0,,36353.839570660006,0.0028324369135073056,0,,0,,0,,0,,0,,0,,0,,0,,0,,0,,0,,0,,0,,36353.839570660006,0.0003159243536205728,,
2025,12,CA-0001-di2025.XLS,3,138,Inversiones Nacionales de Turismo S.A.,0,,0,,0,,0,,0,,58341.1375584025,0.007596986133097402,58341.1375584025,0.002221934598540167,0,,0,,20175.6095302833,0.0041948388368679805,0,,0,,0,,16813.007941902702,0.0025264744894240984,50439.0238257082,0.0023723273056932585,0,,204109.9164146992,0.0017737684429598834,,
2025,12,CA-0001-di2025.XLS,3,139,BONOS DE EMPRESAS PRIVADAS,0,,0,,0,,0,,0,,58341.1375584025,0.007596986133097402,58341.1375584025,0.002221934598540167,0,,0,,20175.6095302833,0.0041948388368679805,0,,0,,0,,16813.007941902702,0.0025264744894240984,50439.0238257082,0.0023723273056932585,0,,204109.9164146992,0.0017737684429598834,,
2025,12,CA-0001-di2025.XLS,3,140,Inversiones Portuarias Chancay S.A.A,0,,1173.1506518544002,0.0007142401593504625,16597.3813990452,0.001293151873293632,21345.7604504404,0.004686797304219452,0,,4466.7949641202,0.000581650972572151,33791.9531825374,0.0012869737045042508,16562.7033527104,0.005234620456231247,0,,4985.578543964,0.001036583230315037,20605.717764311197,0.001587906660118889,21636.9717594096,0.006364307704727415,0,,4472.4876501228,0.0006720764060390271,25531.927356036,0.001200857666139625,10999.2722411144,0.003917907957218775,182169.699315666,0.0015831022303350892,,
2025,12,CA-0001-di2025.XLS,3,141,ACCIONES DEL CAPITAL SOCIAL,0,,1173.1506518544002,0.0007142401593504625,16597.3813990452,0.001293151873293632,21345.7604504404,0.004686797304219452,0,,4466.7949641202,0.000581650972572151,33791.9531825374,0.0012869737045042508,16562.7033527104,0.005234620456231247,0,,4985.578543964,0.001036583230315037,20605.717764311197,0.001587906660118889,21636.9717594096,0.006364307704727415,0,,4472.4876501228,0.0006720764060390271,25531.927356036,0.001200857666139625,10999.2722411144,0.003917907957218775,182169.699315666,0.0015831022303350892,,
2025,12,CA-0001-di2025.XLS,3,142,KALLPA GENERACION S.A,0,,6877.801772759401,0.004187358397995628,65117.0267274411,0.005073463281427401,0,,0,,0,,0,,0,,0,,0,,0,,0,,0,,5158.3513295695,0.0007751404797212843,40991.698565646,0.0019279858815281856,0,,118144.87839541599,0.0010267098271175912,,
2025,12,CA-0001-di2025.XLS,3,143,BONOS DE EMPRESAS PRIVADAS,0,,6877.801772759401,0.004187358397995628,65117.0267274411,0.005073463281427401,0,,0,,0,,0,,0,,0,,0,,0,,0,,0,,5158.3513295695,0.0007751404797212843,40991.698565646,0.0019279858815281856,0,,118144.87839541599,0.0010267098271175912,,
2025,12,CA-0001-di2025.XLS,3,144,Línea Amarilla S.A.C.,0,,0,,0,,0,,0,,21246.1573013151,0.002766602934989404,242817.805954201,0.009247767643391578,0,,0,,32723.9137784226,0.006803836295800816,121166.181343869,0.009337242630311946,7540.3994172798,0.0022179361623119024,0,,2191.3641792702,0.00032929418192717444,143350.022690546,0.006742263178519308,40347.8918712963,0.014371798711251696,611383.7365362,0.005313084231554332,,
2025,12,CA-0001-di2025.XLS,3,145,BONO PARA NUEVOS PROYECTOS,0,,0,,0,,0,,0,,21246.1573013151,0.002766602934989404,242817.805954201,0.009247767643391578,0,,0,,32723.9137784226,0.006803836295800816,121166.181343869,0.009337242630311946,7540.3994172798,0.0022179361623119024,0,,2191.3641792702,0.00032929418192717444,143350.022690546,0.006742263178519308,40347.8918712963,0.014371798711251696,611383.7365362,0.005313084231554332,,
2025,12,CA-0001-di2025.XLS,3,146,LUZ DEL SUR S.A.,0,,20553.857953678602,0.012513644992564996,1046.1053098926,8.150520908243106e-05,0,,4700.5922187072,0.0016505819414394435,117199.5265,0.015261326996491657,71901.55,0.002738385782651858,0,,0,,125314.13,0.026054854924868365,234193.62,0.01804730188042461,0,,47008.8841229376,0.022436833714107568,37491.5225,0.005633814930274763,96553.51,0.00454125617151178,0,,755963.298605216,0.006569518358811227,,
2025,12,CA-0001-di2025.XLS,3,147,BONOS DE EMPRESAS PRIVADAS,0,,20553.857953678602,0.012513644992564996,1046.1053098926,8.150520908243106e-05,0,,0,,117199.5265,0.015261326996491657,71901.55,0.002738385782651858,0,,0,,125314.13,0.026054854924868365,234193.62,0.01804730188042461,0,,0,,37491.5225,0.005633814930274763,96553.51,0.00454125617151178,0,,704253.8222635713,0.006120149514083285,,
2025,12,CA-0001-di2025.XLS,3,148,Papeles Comerciales / Instrumentos de CP,0,,0,,0,,0,,4700.5922187072,0.0016505819414394435,0,,0,,0,,0,,0,,0,,0,,47008.8841229376,0.022436833714107568,0,,0,,0,,51709.4763416448,0.0004493688447279421,,
2025,12,CA-0001-di2025.XLS,3,149,MINSUR,0,,13553.1026683618,0.008251429766707676,295960.13571842905,0.023059143772314647,266427.918755076,0.05849843833342217,0,,66604.2098937865,0.008672975539129338,808064.9461910471,0.03077532487281431,175808.877273981,0.05556416279198944,0,,21907.3422652823,0.004554894364357534,227400.96680541,0.01752385011956197,149409.549698229,0.043947385931710395,0,,86282.1809905457,0.01296554012927071,802751.1320607289,0.037756250732457614,185667.407604218,0.06613417667122379,3099837.769925096,0.02693839922709556,,
2025,12,CA-0001-di2025.XLS,3,150,ACCIONES DEL TRABAJO,0,,13553.1026683618,0.008251429766707676,285555.864806429,0.02224851575234993,266427.918755076,0.05849843833342217,0,,66604.2098937865,0.008672975539129338,797494.857211387,0.030372760792022366,175808.877273981,0.05556416279198944,0,,21907.3422652823,0.004554894364357534,227400.96680541,0.01752385011956197,149409.549698229,0.043947385931710395,0,,86282.1809905457,0.01296554012927071,802751.1320607289,0.037756250732457614,185667.407604218,0.06613417667122379,3078863.410033436,0.026756126565675612,,
2025,12,CA-0001-di2025.XLS,3,151,BONOS DE EMPRESAS PRIVADAS,0,,0,,10404.270912,0.0008106280199647177,0,,0,,0,,10570.08897966,0.0004025640807919444,0,,0,,0,,0,,0,,0,,0,,0,,0,,20974.359891660002,0.0001822726614199462,,
2025,12,CA-0001-di2025.XLS,3,152,MMG Limited,0,,0,,0,,0,,0,,0,,0,,0,,0,,0,,0,,1790.9253905914,0.0005267835253783136,0,,0,,0,,0,,1790.9253905914,1.5563609046178884e-05,,
2025,12,CA-0001-di2025.XLS,3,153,ACCIONES DEL EXTRANJERO - LIMITE LOCAL,0,,0,,0,,0,,0,,0,,0,,0,,0,,0,,0,,1790.9253905914,0.0005267835253783136,0,,0,,0,,0,,1790.9253905914,1.5563609046178884e-05,,
2025,12,CA-0001-di2025.XLS,3,154,Nexa Resources Perú S.A.A.,0,,20.848957728000002,1.2693308286023884e-05,11031.704757828,0.0008595132768370445,5597.064704118,0.0012289235526514529,0,,21386.2316120816,0.002784842939230511,229890.569860239,0.008755431114781423,27987.9484231508,0.008845554027253365,0,,4763.4562254823995,0.0009904003714178518,9635.4139018076,0.0007425190465426075,0,,0,,28.0639179868,4.217137891800481e-06,1214.7851831512,5.7135682690835945e-05,25.70901882,9.157475803777373e-06,311581.79656239337,0.002707727129828554,,
2025,12,CA-0001-di2025.XLS,3,155,ACCIONES DEL CAPITAL SOCIAL,0,,20.848957728000002,1.2693308286023884e-05,11031.704757828,0.0008595132768370445,5597.064704118,0.0012289235526514529,0,,21386.2316120816,0.002784842939230511,229890.569860239,0.008755431114781423,27987.9484231508,0.008845554027253365,0,,4763.4562254823995,0.0009904003714178518,9635.4139018076,0.0007425190465426075,0,,0,,28.0639179868,4.217137891800481e-06,1214.7851831512,5.7135682690835945e-05,25.70901882,9.157475803777373e-06,311581.79656239337,0.002707727129828554,,
2025,12,CA-0001-di2025.XLS,3,156,Nexa Resources S.A. Peru,0,,1366.4377521,0.0008319176367158674,85309.32038373,0.006646705574288565,71543.42671018501,0.015708484137560864,0,,31517.196573392102,0.004104063022125291,108195.54655729499,0.004120650339787443,29659.07572389,0.00937371159713367,0,,0,,0,,0,,0,,4664.5080792300005,0.0007009311307417092,274363.62758577004,0.012904300599866724,32003.49504519,0.011399549456342747,638622.6344107821,0.00554979736298679,,
2025,12,CA-0001-di2025.XLS,3,157,ACCIONES DEL EXTRANJERO - LIMITE LOCAL,0,,1366.4377521,0.0008319176367158674,85309.32038373,0.006646705574288565,71543.42671018501,0.015708484137560864,0,,6878.88678555,0.0008957454329486897,108195.54655729499,0.004120650339787443,29659.07572389,0.00937371159713367,0,,0,,0,,0,,0,,4664.5080792300005,0.0007009311307417092,274363.62758577004,0.012904300599866724,32003.49504519,0.011399549456342747,613984.3246229399,0.00533568402073863,,
2025,12,CA-0001-di2025.XLS,3,158,BONOS DE EMPRESA PRIVADA EXTRANJERA,0,,0,,0,,0,,0,,24638.3097878421,0.0032083175891766016,0,,0,,0,,0,,0,,0,,0,,0,,0,,0,,24638.3097878421,0.00021411334224816055,,
2025,12,CA-0001-di2025.XLS,3,159,Norvial S.A.,0,,119.971555492,7.304134620449732e-05,1799.57333238,0.00014021016749246563,119.971555492,2.634164119701433e-05,0,,0,,0,,0,,0,,0,,0,,0,,0,,0,,0,,0,,2039.516443364,1.7723930172930653e-05,,
2025,12,CA-0001-di2025.XLS,3,160,BONOS DE EMPRESAS PRIVADAS,0,,119.971555492,7.304134620449732e-05,1799.57333238,0.00014021016749246563,119.971555492,2.634164119701433e-05,0,,0,,0,,0,,0,,0,,0,,0,,0,,0,,0,,0,,2039.516443364,1.7723930172930653e-05,,
2025,12,CA-0001-di2025.XLS,4,1,INVERSIÓN EN ACCIONES LOCALES,,,,,,,,,,,,,,,,,,,,,,,,,,,,,,,,,,,,
2025,12,CA-0001-di2025.XLS,4,2,(En miles de Soles),,,,,,,,,,,,,,,,,,,,,,,,,,,,,,,,,,,,
2025,12,CA-0001-di2025.XLS,4,3,Al 31-12-2025,,,,,,,,,,,,,,,,,,,,,,,,,,,,,,,,,,,,
2025,12,CA-0001-di2025.XLS,4,4,,Moneda,Tipo Oferta,HA01,,HA02,,HA03,,IN01,,IN02,,IN03,,PR01,,PR02,,PR03,,RI01,,RI02,,RI03,,TOTAL,,,,,,,,,
2025,12,CA-0001-di2025.XLS,4,5,,,,Monto,%,Monto,%,Monto,%,Monto,%,Monto,%,Monto,%,Monto,%,Monto,%,Monto,%,Monto,%,Monto,%,Monto,%,Monto,%,,,,,,,,
2025,12,CA-0001-di2025.XLS,4,6,Almacenes Comerciales,,,4905.7245241565,0.002986713991356905,263692.34183545,0.020545062960191623,137624.89965613303,0.030217710453530788,15939.4215145216,0.002075577701826538,388490.448920298,0.014795741149104324,68448.0709441311,0.021632922157908633,0,,91471.6704557512,0.007048940317937178,62145.2874245705,0.0182794402084798,19054.4048153787,0.0028632870360594145,399333.52702757,0.018782080983959244,62597.155919382494,0.022296920187054606,1513702.9530373432,0.013154473713357834,,,,,,,,
2025,12,CA-0001-di2025.XLS,4,7,InRetail Peru Corp.,,,4905.7245241565,0.002986713991356905,263692.34183545,0.020545062960191623,137624.89965613303,0.030217710453530788,15939.4215145216,0.002075577701826538,388490.448920298,0.014795741149104324,68448.0709441311,0.021632922157908633,0,,91471.6704557512,0.007048940317937178,62145.2874245705,0.0182794402084798,19054.4048153787,0.0028632870360594145,399333.52702757,0.018782080983959244,62597.155919382494,0.022296920187054606,1513702.9530373432,0.013154473713357834,,,,,,,,
2025,12,CA-0001-di2025.XLS,4,8,PAL1801171A1,USD,PUBLICA,4905.7245241565,0.002986713991356905,263692.34183545,0.020545062960191623,137624.89965613303,0.030217710453530788,15939.4215145216,0.002075577701826538,388490.448920298,0.014795741149104324,68448.0709441311,0.021632922157908633,0,,91471.6704557512,0.007048940317937178,62145.2874245705,0.0182794402084798,19054.4048153787,0.0028632870360594145,399333.52702757,0.018782080983959244,62597.155919382494,0.022296920187054606,1513702.9530373432,0.013154473713357834,,,,,,,,
2025,12,CA-0001-di2025.XLS,4,9,Bancos,,,0,,23368.6699745095,0.0018207233193819382,20043.658332993196,0.004400900312728382,998.5235757844999,0.0001300243717601826,50550.1211078226,0.001925212084482059,14389.8603506175,0.004547896303493638,3996.5178736386,0.0008309413583471962,0,,7747.1131488884,0.002278739023700185,22681.6987134912,0.0034083569920656228,32675.3811694103,0.0015368397937276887,30636.6536170459,0.010912684617452328,207088.1978642017,0.0017996504860383151,,,,,,,,
2025,12,CA-0001-di2025.XLS,4,10,BANCO CONTINENTAL,,,0,,23368.6699745095,0.0018207233193819382,20043.658332993196,0.004400900312728382,998.5235757844999,0.0001300243717601826,50550.1211078226,0.001925212084482059,14389.8603506175,0.004547896303493638,3996.5178736386,0.0008309413583471962,0,,7747.1131488884,0.002278739023700185,22681.6987134912,0.0034083569920656228,32675.3811694103,0.0015368397937276887,30636.6536170459,0.010912684617452328,207088.1978642017,0.0017996504860383151,,,,,,,,
2025,12,CA-0001-di2025.XLS,4,11,PEP116001004,PEN,PUBLICA,0,,23368.6699745095,0.0018207233193819382,20043.658332993196,0.004400900312728382,998.5235757844999,0.0001300243717601826,50550.1211078226,0.001925212084482059,14389.8603506175,0.004547896303493638,3996.5178736386,0.0008309413583471962,0,,7747.1131488884,0.002278739023700185,22681.6987134912,0.0034083569920656228,32675.3811694103,0.0015368397937276887,30636.6536170459,0.010912684617452328,207088.1978642017,0.0017996504860383151,,,,,,,,
2025,12,CA-0001-di2025.XLS,4,12,Industria,,,23894.6428434018,0.01454758899474389,297381.36233930057,0.023169875810277008,286183.0800808863,0.06283599459248333,112287.1773630261,0.014621657462500047,722334.9122245277,0.027510278345163976,171443.9788657566,0.054184642431665916,62354.9028253409,0.012964603009800424,165526.76812003358,0.012755734138074687,82626.88026956409,0.024303904287737786,62238.2174624844,0.009352476917250614,424258.6866786233,0.019954400199400115,113634.9648622311,0.0404764354670527,2524165.5739351753,0.021935657603010517,,,,,,,,
2025,12,CA-0001-di2025.XLS,4,13,Alimentos,,,0,,0,,0,,400.75336683060004,5.218475158384501e-05,86491.1374415001,0.0032940333149312035,7679.913924111001,0.002427226623162811,0,,0,,0,,0,,0,,92.60227928069999,3.29846556115145e-05,94664.4070117224,0.0008226584027781762,,,,,,,,
2025,12,CA-0001-di2025.XLS,4,14,ALICORP S.A.,,,0,,0,,0,,400.75336683060004,5.218475158384501e-05,86491.1374415001,0.0032940333149312035,7679.913924111001,0.002427226623162811,0,,0,,0,,0,,0,,92.60227928069999,3.29846556115145e-05,94664.4070117224,0.0008226584027781762,,,,,,,,
2025,12,CA-0001-di2025.XLS,4,15,PEP214001005,PEN,PUBLICA,0,,0,,0,,400.75336683060004,5.218475158384501e-05,86491.1374415001,0.0032940333149312035,7679.913924111001,0.002427226623162811,0,,0,,0,,0,,0,,92.60227928069999,3.29846556115145e-05,94664.4070117224,0.0008226584027781762,,,,,,,,
2025,12,CA-0001-di2025.XLS,4,16,Cemento,,,11920.849303631401,0.007257677684242772,143684.7001905934,0.011194906880056914,120856.26672392739,0.026535893457384118,41525.947364486005,0.005407368788034495,269127.7045832813,0.010249785713222968,64287.4780055885,0.020317972270661976,22665.625938809997,0.004712553928411967,33304.2346661598,0.002566472890750347,21403.4078187045,0.006295607111876222,18329.970511651598,0.0027544269918629983,159777.3405155085,0.007514898564369045,36126.442062164,0.012868130883449715,943009.9676845066,0.008195002729200748,,,,,,,,
2025,12,CA-0001-di2025.XLS,4,17,CEMENTOS PACASMAYO S.A.A.,,,9251.9963588034,0.005632820766178782,77104.55072434139,0.006007447308186933,89235.5746173454,0.019593073365930115,33574.9587927308,0.004372017876962988,163787.1323821533,0.0062378676773533585,53599.4133964449,0.016940023607988575,22665.625938809997,0.004712553928411967,33304.2346661598,0.002566472890750347,21403.4078187045,0.006295607111876222,18329.970511651598,0.0027544269918629983,124065.4903552853,0.0058352427969482895,36126.442062164,0.012868130883449715,682448.7976245944,0.005930658159219379,,,,,,,,
2025,12,CA-0001-di2025.XLS,4,18,PEP239501005,PEN,PUBLICA,8986.7358403494,0.005471324274086746,73801.7883064608,0.005750119160749663,85987.1986397115,0.01887984134918312,27056.0610422694,0.0035231490018273427,93120.14443145039,0.003546500452209603,32926.5580951947,0.010406395072588635,22665.625938809997,0.004712553928411967,33304.2346661598,0.002566472890750347,21403.4078187045,0.006295607111876222,9233.358089102401,0.0013874878156510811,107190.219766414,0.0050415385938836575,22709.4085511205,0.00808902357499542,538384.7411857474,0.0046787039104271054,,,,,,,,
2025,12,CA-0001-di2025.XLS,4,19,US15126Q2084,USD,PUBLICA,265.260518454,0.00016149649209203624,3302.7624178806,0.00025732814743726983,3248.3759776339,0.0007132320167469922,6518.8977504613995,0.0008488688751356456,70666.98795070291,0.0026913672251437557,20672.8553012502,0.0065336285353999385,0,,0,,0,,9096.612422549199,0.0013669391762119172,16875.2705888713,0.0007937042030646325,13417.0335110435,0.004779107308454295,144064.05643884698,0.0012519542487922732,,,,,,,,
2025,12,CA-0001-di2025.XLS,4,20,UNACEM CORP S.A.A.,,,2668.852944828,0.0016248569180639903,66580.149466252,0.00518745957186998,31620.692106582002,0.006942820091454002,7950.9885717552,0.0010353509110715073,105340.572201128,0.004011918035869609,10688.0646091436,0.003377948662673399,0,,0,,0,,0,,35711.8501602232,0.0016796557674207554,0,,260561.17005991202,0.00226434456998137,,,,,,,,
2025,12,CA-0001-di2025.XLS,4,21,PEP761001002,PEN,PUBLICA,2668.852944828,0.0016248569180639903,66580.149466252,0.00518745957186998,31620.692106582002,0.006942820091454002,7950.9885717552,0.0010353509110715073,105340.572201128,0.004011918035869609,10688.0646091436,0.003377948662673399,0,,0,,0,,0,,35711.8501602232,0.0016796557674207554,0,,260561.17005991202,0.00226434456998137,,,,,,,,
2025,12,CA-0001-di2025.XLS,4,22,Maquinaria,,,11973.7682816664,0.007289895932806703,153695.965094154,0.011974914620604644,165326.318361478,0.03629999245105908,70359.786479684,0.009162014053613008,366707.973538178,0.013966150953936605,99472.2945271176,0.03143808692768138,39688.8897280776,0.008251968584820883,132218.577704459,0.010188956411505789,61221.2504979968,0.018007643609739582,43908.1678087736,0.0065980380327867036,264480.819110678,0.012439476845873933,77415.5365976056,0.027575183175699857,1486469.3477298692,0.012917806575714815,,,,,,,,
2025,12,CA-0001-di2025.XLS,4,23,Ferreycorp S.A.A.,,,11973.7682816664,0.007289895932806703,153695.965094154,0.011974914620604644,165326.318361478,0.03629999245105908,70359.786479684,0.009162014053613008,366707.973538178,0.013966150953936605,99472.2945271176,0.03143808692768138,39688.8897280776,0.008251968584820883,132218.577704459,0.010188956411505789,61221.2504979968,0.018007643609739582,43908.1678087736,0.0065980380327867036,264480.819110678,0.012439476845873933,77415.5365976056,0.027575183175699857,1486469.3477298692,0.012917806575714815,,,,,,,,
2025,12,CA-0001-di2025.XLS,4,24,PEP736001004,PEN,PUBLICA,11973.7682816664,0.007289895932806703,153695.965094154,0.011974914620604644,165326.318361478,0.03629999245105908,70359.786479684,0.009162014053613008,366707.973538178,0.013966150953936605,99472.2945271176,0.03143808692768138,39688.8897280776,0.008251968584820883,132218.577704459,0.010188956411505789,61221.2504979968,0.018007643609739582,43908.1678087736,0.0065980380327867036,264480.819110678,0.012439476845873933,77415.5365976056,0.027575183175699857,1486469.3477298692,0.012917806575714815,,,,,,,,
2025,12,CA-0001-di2025.XLS,4,25,Otros ,,,0.025258104,1.5377694414041502e-08,0.6970545532,5.430961544995831e-08,0.49499548089999995,1.0868404013383683e-07,0.6901520255,8.986926869919179e-08,8.0966615683,3.08363073196286e-07,4.2924089395000005,1.3566101597502573e-06,0.38715845330000004,8.04965675751643e-08,3.9557494148,3.048358185513704e-07,2.2219528628,6.535661219832844e-07,0.0791420592,1.1892600913543833e-08,0.5270524368,2.4789157135026192e-08,0.3839231808,1.367522916102189e-07,21.851509079099998,1.8989531678024663e-07,,,,,,,,
2025,12,CA-0001-di2025.XLS,4,26,Fossal S.A.A.,,,0.025258104,1.5377694414041502e-08,0.6970545532,5.430961544995831e-08,0.49499548089999995,1.0868404013383683e-07,0.6901520255,8.986926869919179e-08,8.0966615683,3.08363073196286e-07,4.2924089395000005,1.3566101597502573e-06,0.38715845330000004,8.04965675751643e-08,3.9557494148,3.048358185513704e-07,2.2219528628,6.535661219832844e-07,0.0791420592,1.1892600913543833e-08,0.5270524368,2.4789157135026192e-08,0.3839231808,1.367522916102189e-07,21.851509079099998,1.8989531678024663e-07,,,,,,,,
2025,12,CA-0001-di2025.XLS,4,27,PEP736211009,PEN,PUBLICA,0.025258104,1.5377694414041502e-08,0.49505883840000003,3.857152215013614e-08,0.30983274239999997,6.802864977383742e-08,0,,0,,0,,0,,0,,0,,0.0791420592,1.1892600913543833e-08,0.5270524368,2.4789157135026192e-08,0.3839231808,1.367522916102189e-07,1.8202673616,1.5818598432013304e-08,,,,,,,,
2025,12,CA-0001-di2025.XLS,4,28,US34988L7029,USD,PUBLICA,0,,0.2019957148,1.5738093299822163e-08,0.18516273849999998,4.065539035999941e-08,0.6901520255,8.986926869919179e-08,8.0966615683,3.08363073196286e-07,4.2924089395000005,1.3566101597502573e-06,0.38715845330000004,8.04965675751643e-08,3.9557494148,3.048358185513704e-07,2.2219528628,6.535661219832844e-07,0,,0,,0,,20.031241717500002,1.740767183482333e-07,,,,,,,,
2025,12,CA-0001-di2025.XLS,4,29,Inmobiliaria y Construccion,,,778.2991305498,0.00047384578796211377,16455.0954915576,0.0012820659505575636,46221.5897521812,0.010148676724365228,3152.5581737178,0.0004105154909868164,22132.2827332476,0.0008429126823323897,33775.323707712596,0.010674646320178888,2469.7044700973997,0.0005134919077017624,19954.797040621797,0.0015377457599173932,40051.6796090952,0.011780817387839206,5258.3042786490005,0.0007901603129875669,39270.1673833128,0.001847016125936487,27001.7178556194,0.009617931343645813,256521.51962636216,0.0022292389534317968,,,,,,,,
2025,12,CA-0001-di2025.XLS,4,30,AENZA S.A.A. (antes GRANA & MONTERO S.A.A.),,,778.2991305498,0.00047384578796211377,16455.0954915576,0.0012820659505575636,46221.5897521812,0.010148676724365228,3152.5581737178,0.0004105154909868164,22132.2827332476,0.0008429126823323897,33775.323707712596,0.010674646320178888,2469.7044700973997,0.0005134919077017624,19954.797040621797,0.0015377457599173932,40051.6796090952,0.011780817387839206,5258.3042786490005,0.0007901603129875669,39270.1673833128,0.001847016125936487,27001.7178556194,0.009617931343645813,256521.51962636216,0.0022292389534317968,,,,,,,,
2025,12,CA-0001-di2025.XLS,4,31,PEP736581005,PEN,PUBLICA,778.2991305498,0.00047384578796211377,16455.0954915576,0.0012820659505575636,46221.5897521812,0.010148676724365228,3152.5581737178,0.0004105154909868164,22132.2827332476,0.0008429126823323897,33775.323707712596,0.010674646320178888,2469.7044700973997,0.0005134919077017624,19954.797040621797,0.0015377457599173932,40051.6796090952,0.011780817387839206,5258.3042786490005,0.0007901603129875669,39270.1673833128,0.001847016125936487,27001.7178556194,0.009617931343645813,256521.51962636216,0.0022292389534317968,,,,,,,,
2025,12,CA-0001-di2025.XLS,4,32,Minería,,,34295.2658707314,0.020879719174820663,1034546.422056838,0.08060462138738259,729594.0615918116,0.16019384687569066,167266.29430332565,0.021780852611673847,2385307.846625145,0.09084495528185714,526253.5134229274,0.16632172585983213,89239.63702394791,0.018554378474373752,890918.6339562666,0.06865548915424877,487163.1312100854,0.14329436225617556,122078.05749717569,0.018344551971356444,1979560.1872144623,0.0931057805880562,444419.10218166787,0.15830075832373158,8890642.152954385,0.07726200061989597,,,,,,,,
2025,12,CA-0001-di2025.XLS,4,33,CIA MINERA BUENAVENTURA,,,5708.183614716,0.00347526889929432,491569.097119287,0.03829962591747357,259175.555600016,0.05690606798132003,30889.459437903,0.00402232120986174,920701.0161520821,0.03506509348830422,175338.643120047,0.055415545910494746,0,,65958.19822746,0.005082834941873557,62723.049527424,0.018449383389234332,27315.344076339,0.004104650412179739,836411.367848133,0.039339411753782375,170794.67529894,0.06083655379517342,3046584.590022347,0.02647561519554051,,,,,,,,
2025,12,CA-0001-di2025.XLS,4,34,PEP612001003,PEN,PUBLICA,0,,0,,0,,0,,93.56585150000001,3.563475300453398e-06,0,,0,,0,,0,,0,,0,,0,,93.56585150000001,8.13111668676469e-07,,,,,,,,
2025,12,CA-0001-di2025.XLS,4,35,US2044481040,USD,PUBLICA,5708.183614716,0.00347526889929432,491569.097119287,0.03829962591747357,259175.555600016,0.05690606798132003,30889.459437903,0.00402232120986174,920607.4503005821,0.035061530013003765,175338.643120047,0.055415545910494746,0,,65958.19822746,0.005082834941873557,62723.049527424,0.018449383389234332,27315.344076339,0.004104650412179739,836411.367848133,0.039339411753782375,170794.67529894,0.06083655379517342,3046491.0241708476,0.026474802083871832,,,,,,,,
2025,12,CA-0001-di2025.XLS,4,36,SOCIEDAD MINERA CERRO VERDE,,,8747.0512228196,0.0053253989582309055,114843.77473956799,0.00894782368796608,68698.1161712124,0.01508375147485318,17775.1130309021,0.002314615258826979,99220.11299091551,0.003778819048649632,21228.892807594097,0.00670936345277158,0,,0,,0,,0,,2822.9464066118003,0.000132773244503207,0,,333336.00736962346,0.0028967768992330103,,,,,,,,
2025,12,CA-0001-di2025.XLS,4,37,PEP646501002,USD,PUBLICA,8747.0512228196,0.0053253989582309055,114843.77473956799,0.00894782368796608,68698.1161712124,0.01508375147485318,17775.1130309021,0.002314615258826979,99220.11299091551,0.003778819048649632,21228.892807594097,0.00670936345277158,0,,0,,0,,0,,2822.9464066118003,0.000132773244503207,0,,333336.00736962346,0.0028967768992330103,,,,,,,,
2025,12,CA-0001-di2025.XLS,4,38,HOCHSCHILD MINING PLC,,,0,,0,,0,,19040.516551924502,0.0024793918368009073,154507.271707991,0.005884442215244181,43337.645352183405,0.013696805409988248,38197.7966516282,0.007941945973752484,253079.16092278901,0.019502649204611693,121818.680206286,0.03583179631777391,2244.4703446392,0.00033727439418303873,50056.1474366831,0.0023543192626445247,33411.7916617949,0.01190118050968611,715693.4808359193,0.006219563132638886,,,,,,,,
2025,12,CA-0001-di2025.XLS,4,39,GB00B1FW5029,GBP,PUBLICA,0,,0,,0,,19040.516551924502,0.0024793918368009073,154507.271707991,0.005884442215244181,43337.645352183405,0.013696805409988248,38197.7966516282,0.007941945973752484,253079.16092278901,0.019502649204611693,121818.680206286,0.03583179631777391,2244.4703446392,0.00033727439418303873,50056.1474366831,0.0023543192626445247,33411.7916617949,0.01190118050968611,715693.4808359193,0.006219563132638886,,,,,,,,
2025,12,CA-0001-di2025.XLS,4,40,HudBay Minerals Inc.,,,0,,0,,0,,1383.8457016950001,0.00018019971920498197,17327.72558418,0.0006599301042246151,26520.429184124998,0.008381746515585271,24371.041881555,0.005067137764845883,334844.8940988,0.025803635841658935,151420.926387555,0.0445390130920786,0,,0,,0,,555868.86283791,0.004830645490651301,,,,,,,,
2025,12,CA-0001-di2025.XLS,4,41,CA4436281022,USD,PUBLICA,0,,0,,0,,1383.8457016950001,0.00018019971920498197,17327.72558418,0.0006599301042246151,26520.429184124998,0.008381746515585271,24371.041881555,0.005067137764845883,334844.8940988,0.025803635841658935,151420.926387555,0.0445390130920786,0,,0,,0,,555868.86283791,0.004830645490651301,,,,,,,,
2025,12,CA-0001-di2025.XLS,4,42,MINSUR,,,13553.1026683618,0.008251429766707676,285555.864806429,0.02224851575234993,266427.918755076,0.05849843833342217,66604.2098937865,0.008672975539129338,797494.857211387,0.030372760792022366,175808.877273981,0.05556416279198944,21907.3422652823,0.004554894364357534,227400.96680541,0.01752385011956197,149409.549698229,0.043947385931710395,86282.1809905457,0.01296554012927071,802751.1320607289,0.037756250732457614,185667.407604218,0.06613417667122379,3078863.410033435,0.02675612656567562,,,,,,,,
2025,12,CA-0001-di2025.XLS,4,43,PEP622005002,PEN,PUBLICA,13553.1026683618,0.008251429766707676,285555.864806429,0.02224851575234993,266427.918755076,0.05849843833342217,66604.2098937865,0.008672975539129338,797494.857211387,0.030372760792022366,175808.877273981,0.05556416279198944,21907.3422652823,0.004554894364357534,227400.96680541,0.01752385011956197,149409.549698229,0.043947385931710395,86282.1809905457,0.01296554012927071,802751.1320607289,0.037756250732457614,185667.407604218,0.06613417667122379,3078863.410033435,0.02675612656567562,,,,,,,,
2025,12,CA-0001-di2025.XLS,4,44,MMG Limited,,,0,,0,,0,,0,,0,,0,,0,,0,,1790.9253905914,0.0005267835253783136,0,,0,,0,,1790.9253905914,1.5563609046178884e-05,,,,,,,,
2025,12,CA-0001-di2025.XLS,4,45,HK1208013172,HKD,PUBLICA,0,,0,,0,,0,,0,,0,,0,,0,,1790.9253905914,0.0005267835253783136,0,,0,,0,,1790.9253905914,1.5563609046178884e-05,,,,,,,,
2025,12,CA-0001-di2025.XLS,4,46,Nexa Resources Perú S.A.A.,,,20.848957728000002,1.2693308286023884e-05,11031.704757828,0.0008595132768370445,5597.064704118,0.0012289235526514529,21386.2316120816,0.002784842939230511,229890.569860239,0.008755431114781423,27987.9484231508,0.008845554027253365,4763.4562254823995,0.0009904003714178518,9635.4139018076,0.0007425190465426075,0,,28.0639179868,4.217137891800481e-06,1214.7851831512,5.7135682690835945e-05,25.70901882,9.157475803777373e-06,311581.7965623934,0.0027077271298285546,,,,,,,,
2025,12,CA-0001-di2025.XLS,4,47,PEP620001003,PEN,PUBLICA,20.848957728000002,1.2693308286023884e-05,11031.704757828,0.0008595132768370445,5597.064704118,0.0012289235526514529,21386.2316120816,0.002784842939230511,229890.569860239,0.008755431114781423,27987.9484231508,0.008845554027253365,4763.4562254823995,0.0009904003714178518,9635.4139018076,0.0007425190465426075,0,,28.0639179868,4.217137891800481e-06,1214.7851831512,5.7135682690835945e-05,25.70901882,9.157475803777373e-06,311581.7965623934,0.0027077271298285546,,,,,,,,
2025,12,CA-0001-di2025.XLS,4,48,Nexa Resources S.A. Peru,,,1366.4377521,0.0008319176367158674,85309.32038373,0.006646705574288565,71543.42671018501,0.015708484137560864,6878.88678555,0.0008957454329486897,108195.54655729499,0.004120650339787443,29659.07572389,0.00937371159713367,0,,0,,0,,4664.5080792300005,0.0007009311307417092,274363.62758577004,0.012904300599866724,32003.49504519,0.011399549456342747,613984.3246229399,0.00533568402073863,,,,,,,,
2025,12,CA-0001-di2025.XLS,4,49,LU1701428291,USD,PUBLICA,1366.4377521,0.0008319176367158674,85309.32038373,0.006646705574288565,71543.42671018501,0.015708484137560864,6878.88678555,0.0008957454329486897,108195.54655729499,0.004120650339787443,29659.07572389,0.00937371159713367,0,,0,,0,,4664.5080792300005,0.0007009311307417092,274363.62758577004,0.012904300599866724,32003.49504519,0.011399549456342747,613984.3246229399,0.00533568402073863,,,,,,,,
2025,12,CA-0001-di2025.XLS,4,50,VOLCAN CIA MINERA,,,4899.641655006,0.002983010605585868,46236.660249996,0.0036024371784673906,58151.979651204,0.012768181395882958,3308.031289483,0.0004307606756706992,57970.746561055,0.002207828178843253,26372.001537956,0.008334836154615766,0,,0,,0,,1543.490088435,0.0002319387670894458,11940.180693384002,0.000561589312110931,22516.023552705003,0.008020140415501765,232938.755279224,0.002024298576543275,,,,,,,,
2025,12,CA-0001-di2025.XLS,4,51,PEP648011109,PEN,PUBLICA,0,,0,,0,,0.05092,6.630630633660071e-09,0.35644,1.3575093003814637e-08,0.35264,1.1145140490506396e-07,0,,0,,0,,0,,0.44688,2.1018361299606657e-08,0,,1.2068800000000002,1.0488102175741506e-08,,,,,,,,
2025,12,CA-0001-di2025.XLS,4,52,PEP648014202,PEN,PUBLICA,4899.641655006,0.002983010605585868,46236.660249996,0.0036024371784673906,58151.979651204,0.012768181395882958,3307.9803694830002,0.0004307540450400656,57970.390121055,0.0022078146037502492,26371.648897955998,0.008334724703210861,0,,0,,0,,1543.490088435,0.0002319387670894458,11939.733813384,0.0005615682937496314,22516.023552705003,0.008020140415501765,232937.54839922398,0.002024288088441099,,,,,,,,
2025,12,CA-0001-di2025.XLS,4,53,Otras Empresas Financieras,,,14623.911244535999,0.008903361798515834,714447.997351596,0.05566479096511266,178376.092557504,0.039165275543905996,44295.75375038399,0.005768043632332268,1572878.266293888,0.059903402392038646,194694.45867233997,0.061532925777742754,22597.175834100002,0.004698322033351042,536263.0933548,0.041325216003341166,240951.65934,0.07087361942585726,39730.56275322,0.00597027334985687,1332615.594680352,0.06267766747780572,208498.692787296,0.07426661233891753,5099973.258620016,0.04432009862617335,,,,,,,,
2025,12,CA-0001-di2025.XLS,4,54,CONSORCIO CREDICORP,,,10913.238886199999,0.0066442220943986234,473166.1684386,0.03686579842834396,161150.1674244,0.03538305285551954,40609.7110083,0.005288059580434339,1232852.6042658,0.046953452931498475,177484.3363566,0.056093689415795116,22597.175834100002,0.004698322033351042,536263.0933548,0.041325216003341166,240951.65934,0.07087361942585726,31533.0292053,0.004738437889088374,1061896.5338436,0.049944783859480785,182957.3536308,0.06516886353102726,4172375.0715884995,0.03625902829306723,,,,,,,,
2025,12,CA-0001-di2025.XLS,4,55,BMG2519Y1084,USD,PUBLICA,10913.238886199999,0.0066442220943986234,473166.1684386,0.03686579842834396,161150.1674244,0.03538305285551954,40609.7110083,0.005288059580434339,1232852.6042658,0.046953452931498475,177484.3363566,0.056093689415795116,22597.175834100002,0.004698322033351042,536263.0933548,0.041325216003341166,240951.65934,0.07087361942585726,31533.0292053,0.004738437889088374,1061896.5338436,0.049944783859480785,182957.3536308,0.06516886353102726,4172375.0715884995,0.03625902829306723,,,,,,,,
2025,12,CA-0001-di2025.XLS,4,56,Intercorp Financial Services Inc.,,,3710.672358336,0.0022591397041172097,241281.828912996,0.018798992536768703,17225.925133104,0.003782222688386454,3686.0427420839997,0.0004799840518979288,340025.662028088,0.012949949460540167,17210.12231574,0.00543923636194764,0,,0,,0,,8197.53354792,0.0012318354607684962,270719.060836752,0.012732883618324939,25541.339156496,0.009097748807890276,927598.1870315159,0.008061070333106126,,,,,,,,
2025,12,CA-0001-di2025.XLS,4,57,PAL2400671A3,USD,PUBLICA,3710.672358336,0.0022591397041172097,241281.828912996,0.018798992536768703,17225.925133104,0.003782222688386454,3686.0427420839997,0.0004799840518979288,340025.662028088,0.012949949460540167,17210.12231574,0.00543923636194764,0,,0,,0,,8197.53354792,0.0012318354607684962,270719.060836752,0.012732883618324939,25541.339156496,0.009097748807890276,927598.1870315159,0.008061070333106126,,,,,,,,
2025,12,CA-0001-di2025.XLS,4,58,Otros,,,1173.1506518544002,0.0007142401593504625,16597.3813990452,0.001293151873293632,21345.7604504404,0.004686797304219452,4903.1068401202,0.0006384660332719801,35031.5373745374,0.0013341835313824307,16751.550472710398,0.0052943053383667825,4985.578543964,0.001036583230315037,20605.717764311197,0.001587906660118889,21636.9717594096,0.006364307704727415,4472.4876501228,0.0006720764060390271,25531.927356036,0.001200857666139625,10999.2722411144,0.003917907957218775,184034.44250366598,0.0015993073353059745,,,,,,,,
2025,12,CA-0001-di2025.XLS,4,59,EDITORA EL COMERCIO,,,0,,0,,0,,436.311876,5.6815060699829024e-05,1239.584192,4.7209826878179834e-05,188.84712,5.9684882135535394e-05,0,,0,,0,,0,,0,,0,,1864.743188,1.620510497088522e-05,,,,,,,,
2025,12,CA-0001-di2025.XLS,4,60,PEP294015008,PEN,PUBLICA,0,,0,,0,,436.311876,5.6815060699829024e-05,1239.584192,4.7209826878179834e-05,188.84712,5.9684882135535394e-05,0,,0,,0,,0,,0,,0,,1864.743188,1.620510497088522e-05,,,,,,,,
2025,12,CA-0001-di2025.XLS,4,61,Inversiones Portuarias Chancay S.A.A,,,1173.1506518544002,0.0007142401593504625,16597.3813990452,0.001293151873293632,21345.7604504404,0.004686797304219452,4466.7949641202,0.000581650972572151,33791.9531825374,0.0012869737045042508,16562.7033527104,0.005234620456231247,4985.578543964,0.001036583230315037,20605.717764311197,0.001587906660118889,21636.9717594096,0.006364307704727415,4472.4876501228,0.0006720764060390271,25531.927356036,0.001200857666139625,10999.2722411144,0.003917907957218775,182169.699315666,0.0015831022303350892,,,,,,,,
2025,12,CA-0001-di2025.XLS,4,62,PEP746351100,PEN,PUBLICA,0,,0,,0,,0.0750438994,9.77196343737126e-09,0.5253072958,2.0006439782480548e-08,0.5197070048000001,1.6425271048083833e-07,0,,0,,0,,0,,0.6585942215999999,3.097603674235144e-08,0,,1.7786524216,1.545695374260147e-08,,,,,,,,
2025,12,CA-0001-di2025.XLS,4,63,PEP746354203,PEN,PUBLICA,1173.1506518544002,0.0007142401593504625,16597.3813990452,0.001293151873293632,21345.7604504404,0.004686797304219452,4466.719920220799,0.0005816412006087137,33791.4278752416,0.0012869536980644684,16562.183645705598,0.005234456203520766,4985.578543964,0.001036583230315037,20605.717764311197,0.001587906660118889,21636.9717594096,0.006364307704727415,4472.4876501228,0.0006720764060390271,25531.2687618144,0.0012008266901028827,10999.2722411144,0.003917907957218775,182167.92066324438,0.0015830867733813466,,,,,,,,
2025,12,CA-0001-di2025.XLS,4,64,Servicios Públicos,,,5856.47573544,0.003565552434293773,116812.08800761322,0.009101180891045587,130080.9655611746,0.028561321117505475,29133.2385153516,0.003793632045514842,319425.2380190142,0.012165377942637596,53041.5456494319,0.016763710245477736,22002.7240569738,0.0045747257971336785,49460.4589347042,0.003811495093414378,24259.329189984,0.007135648989706253,7708.1457755621,0.0011582956321684748,200831.9280887976,0.009445842340375427,27815.3920205774,0.00990775965370038,986427.5295546243,0.008572312673118436,,,,,,,,
2025,12,CA-0001-di2025.XLS,4,65,Energía,,,5856.47573544,0.003565552434293773,116812.08800761322,0.009101180891045587,130080.9655611746,0.028561321117505475,29133.2385153516,0.003793632045514842,319425.2380190142,0.012165377942637596,53041.5456494319,0.016763710245477736,22002.7240569738,0.0045747257971336785,49460.4589347042,0.003811495093414378,24259.329189984,0.007135648989706253,7708.1457755621,0.0011582956321684748,200831.9280887976,0.009445842340375427,27815.3920205774,0.00990775965370038,986427.5295546243,0.008572312673118436,,,,,,,,
2025,12,CA-0001-di2025.XLS,4,66,Engie Energía Perú S.A.,,,1040.971619249,0.0006337666300883504,60165.0308636526,0.004687638398945108,61837.0604175506,0.01357729881484977,11479.549081369,0.0014948281578854989,178087.610962204,0.006782504437322069,30756.764883895503,0.009720634802191725,20515.887118740997,0.004265588106734431,39174.656106609,0.0030188561277535745,21161.852526572802,0.006224555939654633,5890.3885402261,0.0008851430054099608,183829.079533932,0.008646137690248636,25011.6029062134,0.008909058335946912,638950.454560215,0.005552646205641005,,,,,,,,
2025,12,CA-0001-di2025.XLS,4,67,PEP702101002,PEN,PUBLICA,1040.971619249,0.0006337666300883504,60165.0308636526,0.004687638398945108,61837.0604175506,0.01357729881484977,11479.549081369,0.0014948281578854989,178087.610962204,0.006782504437322069,30756.764883895503,0.009720634802191725,20515.887118740997,0.004265588106734431,39174.656106609,0.0030188561277535745,21161.852526572802,0.006224555939654633,5890.3885402261,0.0008851430054099608,183829.079533932,0.008646137690248636,25011.6029062134,0.008909058335946912,638950.454560215,0.005552646205641005,,,,,,,,
2025,12,CA-0001-di2025.XLS,4,68,Orygen Perú S.A.A.,,,4345.8699344918,0.0026458620890857628,51527.7318707502,0.004014680472370529,63937.81724148,0.014038553003571345,15514.392682217,0.0020202318810160973,116318.88701761099,0.004430029484244967,20470.968785618,0.006469822569546385,0,,0,,0,,0,,0,,0,,272115.667532168,0.0023647561685482266,,,,,,,,
2025,12,CA-0001-di2025.XLS,4,69,PEP700511004,PEN,PUBLICA,4345.8699344918,0.0026458620890857628,51527.7318707502,0.004014680472370529,63937.81724148,0.014038553003571345,15514.392682217,0.0020202318810160973,116318.88701761099,0.004430029484244967,20470.968785618,0.006469822569546385,0,,0,,0,,0,,0,,0,,272115.667532168,0.0023647561685482266,,,,,,,,
2025,12,CA-0001-di2025.XLS,4,70,Pluz Energía Perú S.A.A,,,469.6341816992,0.0002859237151196598,5119.3252732104,0.0003988620197299495,4306.087902144,0.0009454692990843581,2139.2967517655998,0.0002785720066132457,25018.740039199198,0.0009528440210705594,1813.8119799184,0.0005732528737396249,1486.8369382328,0.0003091376903992476,10285.8028280952,0.0007926389656608035,3097.4766634112,0.0009110930500516203,1817.7572353360001,0.0002731526267585141,17002.8485548656,0.0007997046501267903,2803.789114364,0.0009987013177534683,75361.40746224161,0.0006549102989292045,,,,,,,,
2025,12,CA-0001-di2025.XLS,4,71,PEP701011004,PEN,PUBLICA,469.6341816992,0.0002859237151196598,5119.3252732104,0.0003988620197299495,4306.087902144,0.0009454692990843581,2139.2967517655998,0.0002785720066132457,25018.740039199198,0.0009528440210705594,1813.8119799184,0.0005732528737396249,1486.8369382328,0.0003091376903992476,10285.8028280952,0.0007926389656608035,3097.4766634112,0.0009110930500516203,1817.7572353360001,0.0002731526267585141,17002.8485548656,0.0007997046501267903,2803.789114364,0.0009987013177534683,75361.40746224161,0.0006549102989292045,,,,,,,,
2025,12,CA-0001-di2025.XLS,4,72,Total general,,,85527.47000066988,0.05207102234104364,2483301.3584559103,0.19348147315724257,1549470.1079831244,0.34021052292442927,377976.0740362315,0.04921876934986651,5496150.6532984795,0.20932206340899856,1078798.3020856273,0.3409527744346664,207646.2406280626,0.04317304581102289,1774201.1396264888,0.13672252712705243,966582.0519515972,0.28431083928422346,283221.878946084,0.042559478617784044,4434077.399598565,0.2085504851754005,925602.9514849347,0.3296970098887737,19662555.628095765,0.1708727400103322,,,,,,,,
2025,12,CA-0001-di2025.XLS,5,1, ,,,,,,,,,,,,,,,,,,,,,,,,,,,,,,,,,,,,
2025,12,CA-0001-di2025.XLS,5,2,INVERSIÓN EN ACCIONES LOCALES (UNIDADES),,,,,,,,,,,,,,,,,,,,,,,,,,,,,,,,,,,,
2025,12,CA-0001-di2025.XLS,5,3,Al 31-12-2025,,,,,,,,,,,,,,,,,,,,,,,,,,,,,,,,,,,,
2025,12,CA-0001-di2025.XLS,5,4,,,,,,,,,,,,,,,% sobre el emisor,,,,,,,,,,,,,,,,,,,,,,
2025,12,CA-0001-di2025.XLS,5,5,,HA01,HA02,HA03,IN01,IN02,IN03,PR01,PR02,PR03,RI01,RI02,RI03,TOTAL,,,,,,,,,,,,,,,,,,,,,,,
2025,12,CA-0001-di2025.XLS,5,6,Almacenes Comerciales,,,,,,,,,,,,,,,,,,,,,,,,,,,,,,,,,,,,
2025,12,CA-0001-di2025.XLS,5,7,InRetail Peru Corp.,,,,,,,,,,,,,,,,,,,,,,,,,,,,,,,,,,,,
2025,12,CA-0001-di2025.XLS,5,8,PAL1801171A1,58343,3136051,1636751,189565,4620255,814042,,1087858,739084,226611,4749210,744458,18002228,0.16554246743633222,,,,,,,,,,,,,,,,,,,,,,
2025,12,CA-0001-di2025.XLS,5,9,Bancos,,,,,,,,,,,,,,,,,,,,,,,,,,,,,,,,,,,,
2025,12,CA-0001-di2025.XLS,5,10,BANCO CONTINENTAL,,,,,,,,,,,,,,,,,,,,,,,,,,,,,,,,,,,,
2025,12,CA-0001-di2025.XLS,5,11,PEP116001004,,13055605,11197988,557855,28241334,8039325,2232774,,4328156,12671808,18255077,17116081,115696003,0.011989951648089997,,,,,,,,,,,,,,,,,,,,,,
2025,12,CA-0001-di2025.XLS,5,12,Industria,,,,,,,,,,,,,,,,,,,,,,,,,,,,,,,,,,,,
2025,12,CA-0001-di2025.XLS,5,13,Alimentos,,,,,,,,,,,,,,,,,,,,,,,,,,,,,,,,,,,,
2025,12,CA-0001-di2025.XLS,5,14,ALICORP S.A.,,,,,,,,,,,,,,,,,,,,,,,,,,,,,,,,,,,,
2025,12,CA-0001-di2025.XLS,5,15,PEP214001005,,,,37534,8100639,719290,,,,,,8673,8866136,0.01556628545700426,,,,,,,,,,,,,,,,,,,,,,
2025,12,CA-0001-di2025.XLS,5,16,Cemento,,,,,,,,,,,,,,,,,,,,,,,,,,,,,,,,,,,,
2025,12,CA-0001-di2025.XLS,5,17,CEMENTOS PACASMAYO S.A.A.,,,,,,,,,,,,,,,,,,,,,,,,,,,,,,,,,,,,
2025,12,CA-0001-di2025.XLS,5,18,PEP239501005,1285942,10560544,12304195,3871542,13324872,4711571,3243300,4765614,3062685,1321232,15338206,3249565,77039268,0.1817527777350562,,,,,,,,,,,,,,,,,,,,,,
2025,12,CA-0001-di2025.XLS,5,19,US15126Q2084,7594,94553,92996,186626,2023087,591832,,,,260422,483113,384109,4124332,0.04865108502413897,,,,,,,,,,,,,,,,,,,,,,
2025,12,CA-0001-di2025.XLS,5,20,UNACEM CORP S.A.A.,,,,,,,,,,,,,,,,,,,,,,,,,,,,,,,,,,,,
2025,12,CA-0001-di2025.XLS,5,21,PEP761001002,1525230,38050070,18070995,4543932,60201369,6108151,,,,,20409062,,148908809,0.08190228678068297,,,,,,,,,,,,,,,,,,,,,,
2025,12,CA-0001-di2025.XLS,5,22,Maquinaria,,,,,,,,,,,,,,,,,,,,,,,,,,,,,,,,,,,,
2025,12,CA-0001-di2025.XLS,5,23,Ferreycorp S.A.A.,,,,,,,,,,,,,,,,,,,,,,,,,,,,,,,,,,,,
2025,12,CA-0001-di2025.XLS,5,24,PEP736001004,3071343,39423932,42407187,18047705,94062783,25515237,10180437,33914854,15703616,11262707,67840908,19857547,381288256,0.40302616202987046,,,,,,,,,,,,,,,,,,,,,,
2025,12,CA-0001-di2025.XLS,5,25,Otros ,,,,,,,,,,,,,,,,,,,,,,,,,,,,,,,,,,,,
2025,12,CA-0001-di2025.XLS,5,26,Fossal S.A.A.,,,,,,,,,,,,,,,,,,,,,,,,,,,,,,,,,,,,
2025,12,CA-0001-di2025.XLS,5,27,PEP736211009,15,294,184,,,,,,,47,313,228,1081,0.0002410484291045575,,,,,,,,,,,,,,,,,,,,,,
2025,12,CA-0001-di2025.XLS,5,28,US34988L7029,,12,11,41,481,255,23,235,132,,,,1190,,,,,,,,,,,,,,,,,,,,,,,
2025,12,CA-0001-di2025.XLS,5,29,Inmobiliaria y Construccion,,,,,,,,,,,,,,,,,,,,,,,,,,,,,,,,,,,,
2025,12,CA-0001-di2025.XLS,5,30,AENZA S.A.A. (antes GRANA & MONTERO S.A.A.),,,,,,,,,,,,,,,,,,,,,,,,,,,,,,,,,,,,
2025,12,CA-0001-di2025.XLS,5,31,PEP736581005,2363411,49968132,140358134,9573171,67207682,102563357,7499593,60595451,121622364,15967555,119249196,81994383,778962429,0.43599670519924794,,,,,,,,,,,,,,,,,,,,,,
2025,12,CA-0001-di2025.XLS,5,32,Minería,,,,,,,,,,,,,,,,,,,,,,,,,,,,,,,,,,,,
2025,12,CA-0001-di2025.XLS,5,33,CIA MINERA BUENAVENTURA,,,,,,,,,,,,,,,,,,,,,,,,,,,,,,,,,,,,
2025,12,CA-0001-di2025.XLS,5,34,PEP612001003,,,,,1000,,,,,,,,1000,3.6378197696325894e-06,,,,,,,,,,,,,,,,,,,,,,
2025,12,CA-0001-di2025.XLS,5,35,US2044481040,61028,5255521,2770928,330249,9842506,1874601,,705180,670592,292037,8942339,1826020,32571001,0.11848743135452283,,,,,,,,,,,,,,,,,,,,,,
2025,12,CA-0001-di2025.XLS,5,36,SOCIEDAD MINERA CERRO VERDE,,,,,,,,,,,,,,,,,,,,,,,,,,,,,,,,,,,,
2025,12,CA-0001-di2025.XLS,5,37,PEP646501002,53134,697619,417307,107975,602713,128955,,,,,17148,,2024851,0.005784362875047551,,,,,,,,,,,,,,,,,,,,,,
2025,12,CA-0001-di2025.XLS,5,38,HOCHSCHILD MINING PLC,,,,,,,,,,,,,,,,,,,,,,,,,,,,,,,,,,,,
2025,12,CA-0001-di2025.XLS,5,39,GB00B1FW5029,,,,819911,6653297,1866179,1644850,10897939,5245681,96650,2155487,1438758,30818752,0.059905232537815614,,,,,,,,,,,,,,,,,,,,,,
2025,12,CA-0001-di2025.XLS,5,40,HudBay Minerals Inc.,,,,,,,,,,,,,,,,,,,,,,,,,,,,,,,,,,,,
2025,12,CA-0001-di2025.XLS,5,41,CA4436281022,,,,20743,259732,397525,365307,5019120,2269707,,,,8332134,0.021032887596765377,,,,,,,,,,,,,,,,,,,,,,
2025,12,CA-0001-di2025.XLS,5,42,MINSUR,,,,,,,,,,,,,,,,,,,,,,,,,,,,,,,,,,,,
2025,12,CA-0001-di2025.XLS,5,43,PEP622005002,2494298,52553385,49033099,12257765,146770070,32355671,4031803,41850622,27497168,15879277,147737429,34170024,566630611,0.5896255106291062,,,,,,,,,,,,,,,,,,,,,,
2025,12,CA-0001-di2025.XLS,5,44,MMG Limited,,,,,,,,,,,,,,,,,,,,,,,,,,,,,,,,,,,,
2025,12,CA-0001-di2025.XLS,5,45,HK1208013172,,,,,,,,,472900,,,,472900,,,,,,,,,,,,,,,,,,,,,,,
2025,12,CA-0001-di2025.XLS,5,46,Nexa Resources Perú S.A.A.,,,,,,,,,,,,,,,,,,,,,,,,,,,,,,,,,,,,
2025,12,CA-0001-di2025.XLS,5,47,PEP620001003,8880,4698630,2383905,9108836,97915123,11920643,2028854,4103921,,11953,517402,10950,132709097,0.10551273122884593,,,,,,,,,,,,,,,,,,,,,,
2025,12,CA-0001-di2025.XLS,5,48,Nexa Resources S.A. Peru,,,,,,,,,,,,,,,,,,,,,,,,,,,,,,,,,,,,
2025,12,CA-0001-di2025.XLS,5,49,LU1701428291,45940,2868122,2405309,231270,3637563,997146,,,,156822,9224178,1075966,20642316,0.15586327766605768,,,,,,,,,,,,,,,,,,,,,,
2025,12,CA-0001-di2025.XLS,5,50,VOLCAN CIA MINERA,,,,,,,,,,,,,,,,,,,,,,,,,,,,,,,,,,,,
2025,12,CA-0001-di2025.XLS,5,51,PEP648011109,,,,67,469,464,,,,,588,,1588,9.721965541958778e-07,,,,,,,,,,,,,,,,,,,,,,
2025,12,CA-0001-di2025.XLS,5,52,PEP648014202,6675634,62996244,79230556,4507037,78983145,35930684,,,,2102965,16267576,30677495,317371336,0.12990211239019273,,,,,,,,,,,,,,,,,,,,,,
2025,12,CA-0001-di2025.XLS,5,53,Otras Empresas Financieras,,,,,,,,,,,,,,,,,,,,,,,,,,,,,,,,,,,,
2025,12,CA-0001-di2025.XLS,5,54,CONSORCIO CREDICORP,,,,,,,,,,,,,,,,,,,,,,,,,,,,,,,,,,,,
2025,12,CA-0001-di2025.XLS,5,55,BMG2519Y1084,11314,490542,167068,42101,1278126,184002,23427,555956,249800,32691,1100892,189676,4325595,0.054455208097288314,,,,,,,,,,,,,,,,,,,,,,
2025,12,CA-0001-di2025.XLS,5,56,Intercorp Financial Services Inc.,,,,,,,,,,,,,,,,,,,,,,,,,,,,,,,,,,,,
2025,12,CA-0001-di2025.XLS,5,57,PAL2400671A3,26064,1694779,120996,25891,2388362,120885,,,,57580,1901548,179404,6515509,0.056436886294101735,,,,,,,,,,,,,,,,,,,,,,
2025,12,CA-0001-di2025.XLS,5,58,Otros,,,,,,,,,,,,,,,,,,,,,,,,,,,,,,,,,,,,
2025,12,CA-0001-di2025.XLS,5,59,EDITORA EL COMERCIO,,,,,,,,,,,,,,,,,,,,,,,,,,,,,,,,,,,,
2025,12,CA-0001-di2025.XLS,5,60,PEP294015008,,,,1416597,4024624,613140,,,,,,,6054361,0.1691404567671034,,,,,,,,,,,,,,,,,,,,,,
2025,12,CA-0001-di2025.XLS,5,61,Inversiones Portuarias Chancay S.A.A,,,,,,,,,,,,,,,,,,,,,,,,,,,,,,,,,,,,
2025,12,CA-0001-di2025.XLS,5,62,PEP746351100,,,,67,469,464,,,,,588,,1588,9.721965541958778e-07,,,,,,,,,,,,,,,,,,,,,,
2025,12,CA-0001-di2025.XLS,5,63,PEP746354203,8155284,115378497,148387369,31050888,234904776,115133816,34657790,143242882,150411756,31090983,177483384,76462634,1266360059,0.5183292504735497,,,,,,,,,,,,,,,,,,,,,,
2025,12,CA-0001-di2025.XLS,5,64,Servicios Públicos,,,,,,,,,,,,,,,,,,,,,,,,,,,,,,,,,,,,
2025,12,CA-0001-di2025.XLS,5,65,Energía,,,,,,,,,,,,,,,,,,,,,,,,,,,,,,,,,,,,
2025,12,CA-0001-di2025.XLS,5,66,Engie Energía Perú S.A.,,,,,,,,,,,,,,,,,,,,,,,,,,,,,,,,,,,,
2025,12,CA-0001-di2025.XLS,5,67,PEP702101002,248870,14383938,14783678,2744470,42576246,7353165,4904830,9365670,5059264,1408243,43948886,5979642,152756902,0.25401483147785364,,,,,,,,,,,,,,,,,,,,,,
2025,12,CA-0001-di2025.XLS,5,68,Orygen Perú S.A.A.,,,,,,,,,,,,,,,,,,,,,,,,,,,,,,,,,,,,
2025,12,CA-0001-di2025.XLS,5,69,PEP700511004,1621213,19222257,23851800,5787595,43392392,7636630,,,,,,,101511887,0.03238135775202696,,,,,,,,,,,,,,,,,,,,,,
2025,12,CA-0001-di2025.XLS,5,70,Pluz Energía Perú S.A.A,,,,,,,,,,,,,,,,,,,,,,,,,,,,,,,,,,,,
2025,12,CA-0001-di2025.XLS,5,71,PEP701011004,391396,4266477,3588720,1782903,20850771,1511642,1239139,8572251,2581456,1514930,14170278,2336695,62806658,0.02070744728242844,,,,,,,,,,,,,,,,,,,,,,
2025,12,CA-0001-di2025.XLS,6,1,INVERSIÓN EN BONOS LOCALES,,,,,,,,,,,,,,,,,,,,,,,,,,,,,,,,,,,,
2025,12,CA-0001-di2025.XLS,6,2,(En miles de Soles),,,,,,,,,,,,,,,,,,,,,,,,,,,,,,,,,,,,
2025,12,CA-0001-di2025.XLS,6,3,Al 31-12-2025,,,,,,,,,,,,,,,,,,,,,,,,,,,,,,,,,,,,
2025,12,CA-0001-di2025.XLS,6,4,,Moneda,Tasa cupón (%) *,Plazo remanente,Tipo Oferta,HA00,,HA01,,HA02,,HA03,,IN00,,IN01,,IN02,,PR00,,PR01,,PR02,,PR03,,RI00,,RI01,,RI02,,RI03,,TOTAL,
2025,12,CA-0001-di2025.XLS,6,5,,,,,,Monto,%,Monto,%,Monto,%,Monto,%,Monto,%,Monto,%,Monto,%,Monto,%,Monto,%,Monto,%,Monto,%,Monto,%,Monto,%,Monto,%,Monto,%,Monto,%
2025,12,CA-0001-di2025.XLS,6,6,Almacenes Comerciales,,,,,0,,16559.28602304,0.010081660926608654,71542.32236962,0.00557407737809611,0,,0,,82997.1109827892,0.010807603821440824,27463.68527375,0.0010459602789211386,0,,0,,27463.68527375,0.0021163916373312733,0,,0,,59730.56082910919,0.008975653773268887,132846.04211097592,0.006248223483510679,0,,418602.69286303426,0.0036377666493669996
2025,12,CA-0001-di2025.XLS,6,7,InRetail Shopping Malls,,,,,0,,16559.28602304,0.010081660926608654,35188.48279896,0.002741640464588805,0,,0,,82997.1109827892,0.010807603821440824,27463.68527375,0.0010459602789211386,0,,0,,27463.68527375,0.0021163916373312733,0,,0,,59730.56082910919,0.008975653773268887,132846.04211097592,0.006248223483510679,0,,382248.85329237423,0.0033218422957464267
2025,12,CA-0001-di2025.XLS,6,8,CVL800700S24,PEN,7.125,6.808219178082192,PRIVADA,0,,16559.28602304,0.010081660926608654,35188.48279896,0.002741640464588805,0,,0,,62097.322586400005,0.0080861038768589,0,,0,,0,,0,,0,,0,,36223.4381754,0.005443261121723006,67272.0994686,0.0031640469298561402,0,,217340.6290524,0.0018887467887789213
2025,12,CA-0001-di2025.XLS,6,9,CVL800707107,PEN,7.875,8.56986301369863,PRIVADA,0,,0,,0,,0,,0,,0,,27463.68527375,0.0010459602789211386,0,,0,,27463.68527375,0.0021163916373312733,0,,0,,0,,0,,0,,54927.3705475,0.00047733318519404974
2025,12,CA-0001-di2025.XLS,6,10,USP56243AE14,USD,5.65,6.7972602739726025,PUBLICA,0,,0,,0,,0,,0,,20899.7883963892,0.0027214999445819227,0,,0,,0,,0,,0,,0,,23507.1226537092,0.0035323926515458794,65573.9426423759,0.003084176553654539,0,,109980.85369247431,0.0009557623217734556
2025,12,CA-0001-di2025.XLS,6,11,Inverfal Perú S.A.,,,,,0,,0,,36353.839570660006,0.0028324369135073056,0,,0,,0,,0,,0,,0,,0,,0,,0,,0,,0,,0,,36353.839570660006,0.0003159243536205728
2025,12,CA-0001-di2025.XLS,6,12,PEP74190M059,PEN,5.78125,2.106849315068493,PUBLICA,0,,0,,36353.839570660006,0.0028324369135073056,0,,0,,0,,0,,0,,0,,0,,0,,0,,0,,0,,0,,36353.839570660006,0.0003159243536205728
2025,12,CA-0001-di2025.XLS,6,13,Bancos,,,,,21745.6752140181,0.081653965547199,91739.2544462471,0.05585289460548527,327569.07954087877,0.025521891595846946,0,,316658.63430031174,0.11119259000958845,188355.24335464972,0.02452698441865353,431270.01155358646,0.01642500986588528,184118.2519336831,0.10115564037483661,23571.9179512,0.004900986844176441,90993.1718038,0.0070120665140259554,0,,339547.29769790836,0.16206226543474211,34439.13918649391,0.005175136233389294,89881.66897199249,0.004227455676389598,0,,2139889.3459547693,0.01859619689211379
2025,12,CA-0001-di2025.XLS,6,14,Banco BCI Peru S.A.,,,,,2942.4792987,0.011048868380252088,0,,0,,0,,51216.3716836396,0.017984290973088513,0,,0,,0,,0,,0,,0,,145038.85645999998,0.06922548291014356,0,,0,,0,,199197.7074423396,0.0017310800649846896
2025,12,CA-0001-di2025.XLS,6,15,CVL11700Q035,PEN,4.49004,0.6383561643835617,PRIVADA,0,,0,,0,,0,,0,,0,,0,,0,,0,,0,,0,,97160.66459999999,0.046373737982831106,0,,0,,0,,97160.66459999999,0.0008443515327022992
2025,12,CA-0001-di2025.XLS,6,16,CVL11700Q043,PEN,4.579974,0.9643835616438357,PRIVADA,0,,0,,0,,0,,0,,0,,0,,0,,0,,0,,0,,47878.19186,0.02285174492731246,0,,0,,0,,47878.19186,0.0004160739826804946
2025,12,CA-0001-di2025.XLS,6,17,PEP11700Q029,PEN,4.594008,0.4273972602739726,PUBLICA,2942.4792987,0.011048868380252088,0,,0,,0,,31900.3989036396,0.011201614584968954,0,,0,,0,,0,,0,,0,,0,,0,,0,,0,,34842.8782023396,0.00030279370499391344
2025,12,CA-0001-di2025.XLS,6,18,PEP11700Q037,PEN,4.468754,0.7726027397260274,PUBLICA,0,,0,,0,,0,,19315.97278,0.006782676388119557,0,,0,,0,,0,,0,,0,,0,,0,,0,,0,,19315.97278,0.00016786084460798236
2025,12,CA-0001-di2025.XLS,6,19,BANCO FALABELLA,,,,,0,,0,,0,,0,,0,,0,,0,,38329.5285828,0.021058466329863215,0,,0,,0,,9683.673377000001,0.004621912928910898,0,,0,,0,,48013.201959800004,0.00041724725568316224
2025,12,CA-0001-di2025.XLS,6,20,PEP14150Q883,PEN,4.499981,0.7342465753424657,PUBLICA,0,,0,,0,,0,,0,,0,,0,,0,,0,,0,,0,,9683.673377000001,0.004621912928910898,0,,0,,0,,9683.673377000001,8.415364892490042e-05
2025,12,CA-0001-di2025.XLS,6,21,PEP14150Q891,PEN,4.437551,0.9643835616438357,PUBLICA,0,,0,,0,,0,,0,,0,,0,,38329.5285828,0.021058466329863215,0,,0,,0,,0,,0,,0,,0,,38329.5285828,0.0003330936067582618
2025,12,CA-0001-di2025.XLS,6,22,BANCO RIPLEY,,,,,774.3628152028999,0.0029076951628914825,0,,0,,0,,0,,0,,0,,38695.9610032961,0.021259786436697244,0,,0,,0,,0,,0,,0,,0,,39470.323818499,0.00034300741508519586
2025,12,CA-0001-di2025.XLS,6,23,PEP14300Q843,PEN,4.68748,0.7753424657534247,PUBLICA,774.3628152028999,0.0029076951628914825,0,,0,,0,,0,,0,,0,,38695.9610032961,0.021259786436697244,0,,0,,0,,0,,0,,0,,0,,39470.323818499,0.00034300741508519586
2025,12,CA-0001-di2025.XLS,6,24,Compartamos Banco S.A.,,,,,2216.9442603364996,0.008324519173213956,0,,0,,0,,32286.039986722,0.01133702990669793,0,,0,,0,,0,,0,,0,,9525.470732787799,0.0045464045119904175,0,,0,,0,,44028.4549798463,0.0003826187644742335
2025,12,CA-0001-di2025.XLS,6,25,PEP16820Q269,PEN,4.718728,0.09041095890410959,PUBLICA,1493.84708325,0.005609324018131531,0,,0,,0,,15436.41986025,0.005420396979003066,0,,0,,0,,0,,0,,0,,0,,0,,0,,0,,16930.266943500003,0.0001471284382589875
2025,12,CA-0001-di2025.XLS,6,26,PEP16820Q277,PEN,4.437551,0.6657534246575343,PUBLICA,723.0971770865,0.0027151951550824257,0,,0,,0,,16849.620126472,0.005916632927694863,0,,0,,0,,0,,0,,0,,9525.470732787799,0.0045464045119904175,0,,0,,0,,27098.1880363463,0.00023549032621524602
2025,12,CA-0001-di2025.XLS,6,27,BANCO CONTINENTAL,,,,,485.9699038,0.0018247936378761273,0,,0,,0,,0,,0,,0,,0,,0,,0,,0,,0,,0,,0,,0,,485.9699038,4.223205294138333e-06
2025,12,CA-0001-di2025.XLS,6,28,PEP11600Q187,PEN,4.375018,0.6465753424657534,PUBLICA,485.9699038,0.0018247936378761273,0,,0,,0,,0,,0,,0,,0,,0,,0,,0,,0,,0,,0,,0,,485.9699038,4.223205294138333e-06
2025,12,CA-0001-di2025.XLS,6,29,BANCO DE CREDITO DEL PERU,,,,,0,,81600.54547114711,0.04968022351457569,236922.829502855,0.018459369790421863,0,,0,,59203.721879104094,0.007709308953618982,291782.2412889997,0.01111258854887121,0,,3294.5000010000003,0.0006849803735303727,9883.500003000001,0.0007616369232830449,0,,0,,24088.2872844939,0.0036197237001546006,89881.66897199249,0.004227455676389598,0,,796657.2944025923,0.006923159802751037
2025,12,CA-0001-di2025.XLS,6,30,US05971V2F13,PEN,7.8500000000000005,3.032876712328767,PUBLICA,0,,62026.649685494,0.0377632012438594,184275.661222601,0.0143574706625792,0,,0,,2019.528500613,0.0002629761889574656,164495.483216597,0.006264845369130103,0,,3294.5000010000003,0.0006849803735303727,9883.500003000001,0.0007616369232830449,0,,0,,0,,0,,0,,425995.322629305,0.0037020105313901293
2025,12,CA-0001-di2025.XLS,6,31,US05971V2H78,USD,5.8,9.194520547945206,PUBLICA,0,,0,,0,,0,,0,,50270.4954011655,0.006546054335746968,100322.25738080501,0.0038207944515123364,0,,0,,0,,0,,0,,0,,0,,0,,150592.7527819705,0.0013086903238959033
2025,12,CA-0001-di2025.XLS,6,32,US05971V2J35,USD,6.45,9.583561643835617,PUBLICA,0,,5860.2848169739,0.0035678714876885365,14934.7381163862,0.0011636103375599744,0,,0,,6913.6979773256,0.000900278428914548,26964.5006915977,0.0010269487282287702,0,,0,,0,,0,,0,,24088.2872844939,0.0036197237001546006,89881.66897199249,0.004227455676389598,0,,168643.17785876978,0.0014655532286760287
2025,12,CA-0001-di2025.XLS,6,33,US05971V2K08,USD,5.65,11.04931506849315,PUBLICA,0,,13713.6109686792,0.008349150783027753,37712.4301638678,0.002938288790282689,0,,0,,0,,0,,0,,0,,0,,0,,0,,0,,0,,0,,51426.041132547005,0.0004469057187889752
2025,12,CA-0001-di2025.XLS,6,34,Banco GNB Perú S.A.,,,,,1769.6978975156,0.006645130571045098,0,,0,,0,,53566.019785023396,0.01880935440008542,0,,0,,9954.318073250599,0.005468960348141686,0,,0,,0,,58210.077237221194,0.027783042457279132,0,,0,,0,,123500.11299301077,0.0010732482133984475
2025,12,CA-0001-di2025.XLS,6,35,PEP16900Q087,PEN,4.68748,0.24383561643835616,PUBLICA,494.45251705000004,0.00185664544303963,0,,0,,0,,11348.674171331599,0.003985012052722157,0,,0,,9954.318073250599,0.005468960348141686,0,,0,,0,,49445.251704999995,0.023599685701026003,0,,0,,0,,71242.69646663219,0.0006191176254618329
2025,12,CA-0001-di2025.XLS,6,36,PEP16900Q095,PEN,4.59376,0.4904109589041096,PUBLICA,1275.2453804656,0.0047884851280054685,0,,0,,0,,14224.266916313,0.004994757470950751,0,,0,,0,,0,,0,,0,,0,,0,,0,,0,,15499.512296778601,0.0001346948069756528
2025,12,CA-0001-di2025.XLS,6,37,PEP16900Q103,PEN,4.499981,0.7342465753424657,PUBLICA,0,,0,,0,,0,,27993.078697378798,0.00982958487641251,0,,0,,0,,0,,0,,0,,8764.8255322212,0.004183356756253129,0,,0,,0,,36757.9042296,0.0003194357809609619
2025,12,CA-0001-di2025.XLS,6,38,BANCO INTERAMERICANO DE FINANZAS,,,,,7202.9335474631,0.027046669369189008,0,,0,,0,,118585.5998634268,0.0416405509225748,20536.161806,0.0026741497165880504,5134.0404515,0.00019553101956699303,82702.50301433641,0.045437237021076604,0,,0,,0,,59046.2803758994,0.028182153202487886,0,,0,,0,,293207.51905862574,0.0025480498629379404
2025,12,CA-0001-di2025.XLS,6,39,PEP12100D292,PEN,7.0625,3.164383561643836,PUBLICA,0,,0,,0,,0,,0,,20536.161806,0.0026741497165880504,5134.0404515,0.00019553101956699303,0,,0,,0,,0,,0,,0,,0,,0,,25670.2022575,0.00022308075711637473
2025,12,CA-0001-di2025.XLS,6,40,PEP12100Q211,PEN,4.749992,0.03287671232876712,PUBLICA,2427.3864711667998,0.009114719563116616,0,,0,,0,,12481.419535,0.004382768112922277,0,,0,,0,,0,,0,,0,,42874.1753595064,0.02046338178662174,0,,0,,0,,57782.98136567319,0.0005021491884712217
2025,12,CA-0001-di2025.XLS,6,41,PEP12100Q229,PEN,4.674202,0.27123287671232876,PUBLICA,0,,0,,0,,0,,32783.8304806965,0.011511825754060435,0,,0,,45810.4264945119,0.02516851522990687,0,,0,,0,,16172.105016393,0.0077187714158661455,0,,0,,0,,94766.36199160141,0.0008235444181618902
2025,12,CA-0001-di2025.XLS,6,42,PEP12100Q237,PEN,4.562478,0.473972602739726,PUBLICA,1958.1866288,0.007352896700119358,0,,0,,0,,24477.33286,0.00859505392374367,0,,0,,0,,0,,0,,0,,0,,0,,0,,0,,26435.5194888,0.0002297315635915255
2025,12,CA-0001-di2025.XLS,6,43,PEP12100Q245,PEN,4.406251,0.6273972602739726,PUBLICA,972.5165324999999,0.003651752850040077,0,,0,,0,,12156.45665625,0.004268659542268505,0,,0,,0,,0,,0,,0,,0,,0,,0,,0,,13128.97318875,0.00011409420345534004
2025,12,CA-0001-di2025.XLS,6,44,PEP12100Q252,PEN,4.499981,0.915068493150685,PUBLICA,1844.8439149962999,0.006927300255912957,0,,0,,0,,36686.5603314803,0.012882243589579909,0,,0,,36892.0765198245,0.02026872179116973,0,,0,,0,,0,,0,,0,,0,,75423.4807663011,0.0006554497321415884
2025,12,CA-0001-di2025.XLS,6,45,BANCO INTERNACIONAL DEL PERU,,,,,3421.7259265000002,0.012848416439802167,10138.7089751,0.006172671090909583,90646.2500380238,0.0070625218054250856,0,,41425.633277500005,0.014546337784505772,108615.3596695456,0.014143525748446496,134353.7298130868,0.005116890297447078,0,,20277.4179502,0.0042160064706460686,81109.6718008,0.00625042959074291,0,,29081.28771,0.013880185175955113,0,,0,,0,,519069.78516075615,0.004510851901685506
2025,12,CA-0001-di2025.XLS,6,46,CVL14800A109,PEN,5,0.7506849315068493,PRIVADA,0,,10138.7089751,0.006172671090909583,40554.8359004,0.003159749164933634,0,,0,,76040.31731325001,0.009901713616859145,55762.89936305,0.002123741850004937,0,,20277.4179502,0.0042160064706460686,81109.6718008,0.00625042959074291,0,,0,,0,,0,,0,,283883.85130279994,0.0024670247568165642
2025,12,CA-0001-di2025.XLS,6,47,PEP14800Q057,PEN,4.562753,0.5041095890410959,PUBLICA,3421.7259265000002,0.012848416439802167,0,,0,,0,,26884.9894225,0.00944048663910132,0,,0,,0,,0,,0,,0,,0,,0,,0,,0,,30306.715349,0.00026337326593482816
2025,12,CA-0001-di2025.XLS,6,48,PEP14800Q065,PEN,4.468754,0.6958904109589041,PUBLICA,0,,0,,0,,0,,14540.643855,0.005105851145404452,0,,0,,0,,0,,0,,0,,29081.28771,0.013880185175955113,0,,0,,0,,43621.931565,0.000379085969903324
2025,12,CA-0001-di2025.XLS,6,49,USP13435AF20,USD,7.625,8.04931506849315,PUBLICA,0,,0,,11142.9939290094,0.0008681841506773482,0,,0,,0,,0,,0,,0,,0,,0,,0,,0,,0,,0,,11142.9939290094,9.68355253804172e-05
2025,12,CA-0001-di2025.XLS,6,50,USP13435AG03,USD,6.397,9.334246575342465,PUBLICA,0,,0,,38948.4202086144,0.0030345884898141037,0,,0,,32575.042356295602,0.0042418121315873514,78590.8304500368,0.0029931484474421412,0,,0,,0,,0,,0,,0,,0,,0,,150114.2930149468,0.0013045323836503727
2025,12,CA-0001-di2025.XLS,6,51,BANCO MIBANCO,,,,,2931.5615645,0.01100787281292909,0,,0,,0,,19578.969704,0.006875026022636016,0,,0,,14435.94126,0.007931190239057874,0,,0,,0,,28961.651805,0.01382308424797516,10350.851902,0.0015554125332346942,0,,0,,76258.9762355,0.0006627104058194414
2025,12,CA-0001-di2025.XLS,6,52,PEP13300D107,PEN,7,9.64109589041096,PUBLICA,0,,0,,0,,0,,0,,0,,0,,0,,0,,0,,0,,0,,10350.851902,0.0015554125332346942,0,,0,,10350.851902,8.99516044297232e-05
2025,12,CA-0001-di2025.XLS,6,53,PEP13300Q422,PEN,4.59376,0.4712328767123288,PUBLICA,2447.371213,0.009189761308431833,0,,0,,0,,19578.969704,0.006875026022636016,0,,0,,0,,0,,0,,0,,0,,0,,0,,0,,22026.340916999998,0.00019141465107981893
2025,12,CA-0001-di2025.XLS,6,54,PEP13300Q430,PEN,4.499981,0.7150684931506849,PUBLICA,484.19035149999996,0.001818111504497258,0,,0,,0,,0,,0,,0,,0,,0,,0,,0,,14525.710545,0.00693296508007086,0,,0,,0,,15009.900896500001,0.00013043995612674501
2025,12,CA-0001-di2025.XLS,6,55,PEP13300Q448,PEN,4.531213999999999,0.8547945205479452,PUBLICA,0,,0,,0,,0,,0,,0,,0,,14435.94126,0.007931190239057874,0,,0,,0,,14435.94126,0.006890119167904301,0,,0,,0,,28871.88252,0.00025090419418315424
2025,12,CA-0001-di2025.XLS,6,56,Compañías de Seguros,,,,,0,,28602.193657526703,0.01741365043222095,54461.242731754006,0.004243239121113306,0,,0,,0,,0,,0,,0,,28134.6712977803,0.0021680987988381526,0,,0,,0,,0,,0,,111198.107687061,0.0009663405766695968
2025,12,CA-0001-di2025.XLS,6,57,INTERSEGURO,,,,,0,,10370.3559514602,0.0063137029123956235,0,,0,,0,,0,,0,,0,,0,,0,,0,,0,,0,,0,,0,,10370.3559514602,9.012109970976701e-05
2025,12,CA-0001-di2025.XLS,6,58,PEP66450D098,USD,6.75,8.893150684931507,PUBLICA,0,,10370.3559514602,0.0063137029123956235,0,,0,,0,,0,,0,,0,,0,,0,,0,,0,,0,,0,,0,,10370.3559514602,9.012109970976701e-05
2025,12,CA-0001-di2025.XLS,6,59,Pacifico S.A. Entidad Prestadora de Salud,,,,,0,,0,,0.8036141035000001,6.261199031107339e-08,0,,0,,0,,0,,0,,0,,0,,0,,0,,0,,0,,0,,0.8036141035000001,6.983616289419753e-09
2025,12,CA-0001-di2025.XLS,6,60,PEP75455M014,PEN,6.59375,11.75068493150685,PRIVADA,0,,0,,0.8036141035000001,6.261199031107339e-08,0,,0,,0,,0,,0,,0,,0,,0,,0,,0,,0,,0,,0.8036141035000001,6.983616289419753e-09
2025,12,CA-0001-di2025.XLS,6,61,Pacifico Compañía de Seguros y Reaseguros,,,,,0,,18231.8377060665,0.011099947519825324,54460.4391176505,0.004243176509122995,0,,0,,0,,0,,0,,0,,28134.6712977803,0.0021680987988381526,0,,0,,0,,0,,0,,100826.9481214973,0.0008762124933435404
2025,12,CA-0001-di2025.XLS,6,62,PEP66950D014,USD,4.40625,4.967123287671233,PUBLICA,0,,15918.989597092901,0.009691834248698964,43461.5242082571,0.0033862179879373846,0,,0,,0,,0,,0,,0,,28134.6712977803,0.0021680987988381526,0,,0,,0,,0,,0,,87515.1851031303,0.0007605297985637029
2025,12,CA-0001-di2025.XLS,6,63,PEP66950D030,USD,8,7.419178082191781,PUBLICA,0,,72.7586420775,4.429707644914348e-05,5398.6912421531,0.0004206282620899356,0,,0,,0,,0,,0,,0,,0,,0,,0,,0,,0,,0,,5471.449884230599,4.754832745199156e-05
2025,12,CA-0001-di2025.XLS,6,64,PEP66950D048,USD,6.03125,9.972602739726028,PUBLICA,0,,2240.0894668961,0.0013638161946772159,5600.2236672403005,0.00043633025909567495,0,,0,,0,,0,,0,,0,,0,,0,,0,,0,,0,,0,,7840.313134136401,6.813436732784592e-05
2025,12,CA-0001-di2025.XLS,6,65,Financieras,,,,,4445.1500811,0.016691324964712415,8494.07959016,0.005171384212608649,6370.55969262,0.0004963494543129781,0,,65533.1972414926,0.023011549800281583,0,,0,,30228.6556065513,0.01660779951708682,0,,0,,0,,195443.63771042813,0.09328314172106603,0,,0,,0,,310515.27992235194,0.002698458821883371
2025,12,CA-0001-di2025.XLS,6,66,Financiera Efectiva S.A.,,,,,992.6332498,0.0037272901568916965,0,,0,,0,,0,,0,,0,,0,,0,,0,,0,,27518.7715842054,0.013134413070444554,0,,0,,0,,28511.4048340054,0.0002477715490131405
2025,12,CA-0001-di2025.XLS,6,67,PEP16830Q102,PEN,4.656262,0.16712328767123288,PUBLICA,992.6332498,0.0037272901568916965,0,,0,,0,,0,,0,,0,,0,,0,,0,,0,,27518.7715842054,0.013134413070444554,0,,0,,0,,28511.4048340054,0.0002477715490131405
2025,12,CA-0001-di2025.XLS,6,68,InFinance XP S.A.,,,,,0,,8494.07959016,0.005171384212608649,6370.55969262,0.0004963494543129781,0,,0,,0,,0,,30228.6556065513,0.01660779951708682,0,,0,,0,,144412.8307425511,0.0689266875827237,0,,0,,0,,189506.1256318824,0.0016468576897090757
2025,12,CA-0001-di2025.XLS,6,69,CVL16870D013,PEN,10.3,7.35068493150685,PRIVADA,0,,8494.07959016,0.005171384212608649,6370.55969262,0.0004963494543129781,0,,0,,0,,0,,0,,0,,0,,0,,0,,0,,0,,0,,14864.63928278,0.00012917759479263687
2025,12,CA-0001-di2025.XLS,6,70,CVL16870H329,PEN,4.8,0.13972602739726028,PRIVADA,0,,0,,0,,0,,0,,0,,0,,0,,0,,0,,0,,104111.27825654601,0.04969119096501823,0,,0,,0,,104111.27825654601,0.0009047541793730194
2025,12,CA-0001-di2025.XLS,6,71,CVL16870H410,PEN,4.65,0.8164383561643835,PRIVADA,0,,0,,0,,0,,0,,0,,0,,0,,0,,0,,0,,40301.5524860051,0.01923549661770548,0,,0,,0,,40301.5524860051,0.0003502310091427736
2025,12,CA-0001-di2025.XLS,6,72,CVL16870H428,PEN,4.7,0.8164383561643835,PRIVADA,0,,0,,0,,0,,0,,0,,0,,30228.6556065513,0.01660779951708682,0,,0,,0,,0,,0,,0,,0,,30228.6556065513,0.0002626949064006458
2025,12,CA-0001-di2025.XLS,6,73,Santander Consumer Bank S.A,,,,,3452.5168313,0.01296403480782072,0,,0,,0,,65533.1972414926,0.023011549800281583,0,,0,,0,,0,,0,,0,,23512.035383671602,0.011222041067897766,0,,0,,0,,92497.7494564642,0.0008038295831611553
2025,12,CA-0001-di2025.XLS,6,74,PEP16920Q226,PEN,4.812499,0.030136986301369864,PUBLICA,1497.9244389,0.005624634292680015,0,,0,,0,,13632.1110102826,0.004786825831800972,0,,0,,0,,0,,0,,0,,19299.2584707876,0.009211328054123231,0,,0,,0,,34429.2939199702,0.00029919954964145837
2025,12,CA-0001-di2025.XLS,6,75,PEP16920Q234,PEN,4.59376,0.5068493150684932,PUBLICA,1954.5923924,0.0073394005151407055,0,,0,,0,,26875.6453955,0.009437205545675445,0,,0,,0,,0,,0,,0,,0,,0,,0,,0,,28830.2377879,0.0002505422905926182
2025,12,CA-0001-di2025.XLS,6,76,PEP16920Q242,PEN,4.499981,0.7616438356164383,PUBLICA,0,,0,,0,,0,,25025.44083571,0.008787518422805169,0,,0,,0,,0,,0,,0,,4212.776912884,0.0020107130137745344,0,,0,,0,,29238.217748594,0.00025408774292707864
2025,12,CA-0001-di2025.XLS,6,77,Gobierno,,,,,0,,452305.4654466801,0.27537360798893906,4165979.025166251,0.3245839479717944,377221.905861932,0.08282500010205776,0,,2385861.3398821275,0.31067881555160426,7518163.477807301,0.28633085071573505,0,,1469869.994709738,0.3056099856463054,2566864.1347938185,0.19780629347058631,115170.69374695,0.03387635486716169,0,,1826750.2984903252,0.2745040056860501,4686604.222868882,0.2204277229334955,99034.345938,0.035275738565512194,25663824.904712003,0.22302533625626322
2025,12,CA-0001-di2025.XLS,6,78,GOBIERNO CENTRAL,,,,,0,,452305.4654466801,0.27537360798893906,4146668.706103083,0.32307942297052705,377221.905861932,0.08282500010205776,0,,2385861.3398821275,0.31067881555160426,7512683.751301218,0.28612215416945647,0,,1469869.994709738,0.3056099856463054,2566864.1347938185,0.19780629347058631,115170.69374695,0.03387635486716169,0,,1826750.2984903252,0.2745040056860501,4686604.222868882,0.2204277229334955,99034.345938,0.035275738565512194,25639034.85914275,0.2228099042904741
2025,12,CA-0001-di2025.XLS,6,79,PEP01000C2Z1,PEN,6.9,11.621917808219179,PUBLICA,0,,90100.6978452,0.054855304972826674,977332.9958004369,0.0761469513753367,69720.77809450001,0.01530829297836721,0,,520609.340541053,0.06779199217519782,1710527.4245157521,0.06514579977942109,0,,362011.73241374997,0.07526815347272109,610729.345678648,0.0470636940011293,38507.32205527,0.01132655942660721,0,,259999.50778794402,0.03906987529887079,973127.223940306,0.04576964640006397,0,,5612666.368672859,0.048775535556964233
2025,12,CA-0001-di2025.XLS,6,80,PEP01000C4G7,PEN,6.95,5.616438356164384,PUBLICA,0,,53947.7127083664,0.03284456506972027,578861.030257726,0.04510080281082909,107893.147507992,0.023689636827802764,0,,0,,0,,0,,0,,38.7244485936,2.984162480266044e-06,0,,0,,0,,0,,0,,740740.614922678,0.006437229264741019
2025,12,CA-0001-di2025.XLS,6,81,PEP01000C4L7,PEN,6.8500000000000005,16.12876712328767,PUBLICA,0,,14386.287611253601,0.008758691255621126,123087.397433944,0.009590109110808234,0,,0,,0,,0,,0,,0,,0,,0,,0,,0,,86168.101130118,0.004052793327188204,0,,223641.7861753156,0.0019435054886749673
2025,12,CA-0001-di2025.XLS,6,82,PEP01000C4S2,PEN,6.7142,29.136986301369863,PUBLICA,0,,0,,116208.909608615,0.009054185448942915,0,,0,,47670.52646013,0.006207495150613529,126153.85222470001,0.0048045962202328315,0,,0,,0,,0,,0,,50576.5306843857,0.007600086491317919,168614.112947373,0.007930523509981585,0,,509223.9319252036,0.004425288867463521
2025,12,CA-0001-di2025.XLS,6,83,PEP01000C4T0,VAC,3.2669,28.136986301369863,PUBLICA,0,,0,,0,,0,,0,,0,,0,,0,,0,,0,,0,,0,,8262.9109776462,0.001241659664085245,165145.048131012,0.007767361010693121,0,,173407.95910865822,0.0015069604212667477
2025,12,CA-0001-di2025.XLS,6,84,PEP01000C5E9,PEN,6.15,6.619178082191781,PUBLICA,0,,0,,0,,0,,0,,73619.931881156,0.009586539190478409,611.420895604,2.3286094496408762e-05,0,,0,,0,,0,,0,,0,,2741.4611997839997,0.00012894070440814818,0,,76972.813976544,0.0006689138420889711
2025,12,CA-0001-di2025.XLS,6,85,PEP01000C5F6,PEN,5.94,3.1205479452054794,PUBLICA,0,,0,,0,,0,,0,,0,,9639.7559001,0.00036713214812571086,0,,5355.4199445,0.001113479299706219,0,,0,,0,,2614.5160169049,0.00039288080049246677,11117.851804782,0.0005229122496159865,0,,28727.5436662869,0.0002496498518743312
2025,12,CA-0001-di2025.XLS,6,86,PEP01000C5G4,PEN,5.4,8.61917808219178,PUBLICA,0,,84510.00797611711,0.05145156887409042,630342.333716269,0.049111865906049795,82060.42775385,0.018017657064632913,0,,209177.63695764,0.027238406274311715,1383371.632921816,0.0526860020641695,0,,225746.707674548,0.04693642862322881,427326.874221636,0.03293043209587051,20387.683914,0.0059968416679653655,0,,439914.230270139,0.06610548714142614,1207713.387087183,0.05680307088294424,15290.762935499999,0.00544652413938904,4725841.685428699,0.04106879761298111
2025,12,CA-0001-di2025.XLS,6,87,PEP01000C5H2,PEN,5.3500000000000005,14.624657534246575,PUBLICA,0,,127099.73630912299,0.07738114092280832,857061.4128185329,0.06677623083227639,50552.68610359,0.011099637021667668,0,,230121.65139540602,0.029965665184815842,227467.066600371,0.008663131479084655,0,,0,,0,,0,,0,,72202.52233049201,0.010849803400462673,65568.33544129,0.0030839128269755578,0,,1630073.410998805,0.014165763363809945
2025,12,CA-0001-di2025.XLS,6,88,PEP01000C5I0,PEN,7.3,7.619178082191781,PUBLICA,0,,0,,58503.582335,0.0045581899500872864,0,,0,,175227.58966649903,0.022817545638356345,1345672.489221795,0.05125022218006009,0,,0,,0,,0,,0,,205541.805889202,0.030886568952067053,360.3820671836,1.6950054811054477e-05,0,,1785305.8491796798,0.015514773764703565
2025,12,CA-0001-di2025.XLS,6,89,PEP01000C5J8,PEN,7.6000000000000005,13.621917808219179,PUBLICA,0,,16829.370144,0.010246094134984386,128834.43824236799,0.010037878334677246,0,,0,,800046.939443578,0.10417941368893502,2021054.768005094,0.07697229952158054,0,,517447.03402752,0.10758569207551022,834551.6360708161,0.06431176609752338,0,,0,,252788.359142976,0.03798626294622623,141274.70865281302,0.006644653752599112,0,,4712827.2537291655,0.0409556988049605
2025,12,CA-0001-di2025.XLS,6,90,PEP01000C5K6,PEN,6.8500000000000005,9.61917808219178,PUBLICA,0,,65431.65285262,0.03983624275888789,658931.358240191,0.051339322739744904,66994.866402,0.01470977620958722,0,,321296.21345292503,0.04183810910054889,654260.699470865,0.024917657513348138,0,,359309.10064942,0.0747062321751391,694217.554374125,0.05349741711358286,56275.68777768,0.016552953772589113,0,,534842.3501093,0.08037024416357101,1543115.0894594,0.07257820998284219,83743.5830025,0.029829214426123157,5038418.155791027,0.04378516871772452
2025,12,CA-0001-di2025.XLS,6,91,US715638BE14,PEN,6.95,5.616438356164384,PUBLICA,0,,0,,0,,0,,0,,8091.51008374,0.0010536491483467362,33924.64154512,0.0012920271689374871,0,,0,,0,,0,,0,,0,,0,,0,,42016.151628859996,0.00036513132317623267
2025,12,CA-0001-di2025.XLS,6,92,US715638DC30,PEN,5.3500000000000005,14.624657534246575,PUBLICA,0,,0,,0,,0,,0,,0,,0,,0,,0,,0,,0,,0,,0,,5892.62391864,0.00027715113346911814,0,,5892.62391864,5.120843973047414e-05
2025,12,CA-0001-di2025.XLS,6,93,US715638DR09,USD,3.23,95.63561643835617,PUBLICA,0,,0,,0,,0,,0,,0,,0,,0,,0,,0,,0,,0,,7.5652813356,1.1368275305499338e-06,30.2611253427,1.4232887258001074e-06,0,,37.8264066783,3.2872134610165164e-07
2025,12,CA-0001-di2025.XLS,6,94,US715638FC12,USD,5.5,10.252054794520548,PUBLICA,0,,0,,8829.130982900999,0.0006879041335249479,0,,0,,0,,0,,0,,0,,0,,0,,0,,0,,212541.904325179,0.009996604315281604,0,,221371.03530808003,0.001923772071010228
2025,12,CA-0001-di2025.XLS,6,95,US715638FD94,USD,6.2,29.515068493150686,PUBLICA,0,,0,,8676.116667099,0.0006759823282495999,0,,0,,0,,0,,0,,0,,0,,0,,0,,0,,103193.731638476,0.004853569493895764,0,,111869.848305575,0.0009721781779576872
2025,12,CA-0001-di2025.XLS,6,96,BANCO DE LA NACION,,,,,0,,0,,19310.319063168,0.0015045250012673658,0,,0,,0,,5479.7265060832,0.00020869654627860977,0,,0,,0,,0,,0,,0,,0,,0,,24790.0455692512,0.0002154319657891378
2025,12,CA-0001-di2025.XLS,6,97,PEP12030D010,PEN,8,5.917808219178082,PUBLICA,0,,0,,19310.319063168,0.0015045250012673658,0,,0,,0,,5479.7265060832,0.00020869654627860977,0,,0,,0,,0,,0,,0,,0,,0,,24790.0455692512,0.0002154319657891378
2025,12,CA-0001-di2025.XLS,6,98,Hidrocarburos,,,,,0,,30140.040239543803,0.018349925569655538,23620.9033910056,0.0018403755830256447,0,,0,,67001.9275720104,0.008724764993582983,72180.0222562146,0.002748991457596015,0,,58742.993499286196,0.012213628051971372,49478.8118493351,0.003812909395779786,0,,0,,189913.9536754268,0.028538186670976864,296069.85443145764,0.013925221917208928,0,,787148.5069142801,0.006840525957841161
2025,12,CA-0001-di2025.XLS,6,99,CORPORACION PRIMAX S.A,,,,,0,,21182.6691288883,0.012896479194867319,23620.9033910056,0.0018403755830256447,0,,0,,20232.0282891392,0.00263454647594351,31022.5108872879,0.0011814989072685034,0,,0,,0,,0,,0,,63566.1558244138,0.009552024934270261,91574.86793932458,0.004307092866793078,0,,251199.1354600594,0.0021829860459722876
2025,12,CA-0001-di2025.XLS,6,100,PEP73125M023,PEN,7.125,1.7671232876712328,PRIVADA,0,,502.1957714729,0.0003057479338011308,0,,0,,0,,0,,0,,0,,0,,0,,0,,0,,1658.0365777294999,0.0002491515575702248,0,,0,,2160.2323492024,1.8772982899523466e-05
2025,12,CA-0001-di2025.XLS,6,101,PEP73125M031,PEN,7.9375,10.775342465753425,PRIVADA,0,,5659.8899464999995,0.0034458666420243856,11319.779892999999,0.0008819580765160119,0,,0,,6225.87894115,0.0008107129542154029,19793.7671208998,0.0007538498192179976,0,,0,,0,,0,,0,,42054.1142804843,0.00631943119708925,32442.489173338,0.0015258860519687509,0,,117495.9193553721,0.0010210702036920214
2025,12,CA-0001-di2025.XLS,6,102,PEP73125M049,PEN,7.0625,2.5616438356164384,PRIVADA,0,,0,,0,,0,,0,,6323.6126900392,0.0008234395133145224,11228.7437663881,0.00042764908805050585,0,,0,,0,,0,,0,,0,,35267.1344716741,0.0016587392014130388,0,,52819.490928101404,0.00045901516117971883
2025,12,CA-0001-di2025.XLS,6,103,PEP73125M056,PEN,7.6875,12.567123287671233,PRIVADA,0,,5487.52618425,0.00334092775730307,0,,0,,0,,7682.53665795,0.0010003940084135847,0,,0,,0,,0,,0,,0,,0,,735.3285086895,3.458512412624612e-05,0,,13905.3913508895,0.00012084147991664565
2025,12,CA-0001-di2025.XLS,6,104,PEP73125M064,PEN,5.96875,5.876712328767123,PRIVADA,0,,9533.0572266654,0.005803936861738732,12301.123498005602,0.0009584175065096327,0,,0,,0,,0,,0,,0,,0,,0,,0,,19854.004966200002,0.002983442179610787,23129.915785622998,0.001087882489285042,0,,64818.101476494,0.0005632862182843784
2025,12,CA-0001-di2025.XLS,6,105,"Hunt Oil Company of Peru L.L.C.,",,,,,0,,8957.3711106555,0.0054534463747882185,0,,0,,0,,46769.8992828712,0.006090218517639473,41157.511368926695,0.0015674925503275114,0,,58742.993499286196,0.012213628051971372,49478.8118493351,0.003812909395779786,0,,0,,126347.797851013,0.018986161736706603,204494.98649213303,0.00961812905041585,0,,535949.3714542206,0.0046575399118688725
2025,12,CA-0001-di2025.XLS,6,106,USP5300PAE36,USD,7.75,12.854794520547944,PUBLICA,0,,8957.3711106555,0.0054534463747882185,0,,0,,0,,46769.8992828712,0.006090218517639473,41157.511368926695,0.0015674925503275114,0,,58742.993499286196,0.012213628051971372,49478.8118493351,0.003812909395779786,0,,0,,126347.797851013,0.018986161736706603,204494.98649213303,0.00961812905041585,0,,535949.3714542206,0.0046575399118688725
2025,12,CA-0001-di2025.XLS,6,107,Industria,,,,,0,,24259.091203644,0.01476947324676467,38211.807007352,0.002977196741188017,0,,0,,133012.4747232,0.017320435772949443,124228.6320528,0.004731273801631209,0,,95681.14337399999,0.01989367288154257,113457.96782600001,0.00874323645578101,0,,0,,108182.43374598,0.01625646999082426,0,,0,,637033.549932976,0.005535987804149859
2025,12,CA-0001-di2025.XLS,6,108,Alimentos,,,,,0,,24259.091203644,0.01476947324676467,38211.807007352,0.002977196741188017,0,,0,,133012.4747232,0.017320435772949443,124228.6320528,0.004731273801631209,0,,95681.14337399999,0.01989367288154257,113457.96782600001,0.00874323645578101,0,,0,,108182.43374598,0.01625646999082426,0,,0,,637033.549932976,0.005535987804149859
2025,12,CA-0001-di2025.XLS,6,109,ALICORP S.A.,,,,,0,,24259.091203644,0.01476947324676467,38211.807007352,0.002977196741188017,0,,0,,133012.4747232,0.017320435772949443,124228.6320528,0.004731273801631209,0,,95681.14337399999,0.01989367288154257,113457.96782600001,0.00874323645578101,0,,0,,108182.43374598,0.01625646999082426,0,,0,,637033.549932976,0.005535987804149859
2025,12,CA-0001-di2025.XLS,6,110,USP0161KEA71,PEN,7.4,6.463013698630137,PUBLICA,0,,24259.091203644,0.01476947324676467,38211.807007352,0.002977196741188017,0,,0,,133012.4747232,0.017320435772949443,124228.6320528,0.004731273801631209,0,,95681.14337399999,0.01989367288154257,113457.96782600001,0.00874323645578101,0,,0,,108182.43374598,0.01625646999082426,0,,0,,637033.549932976,0.005535987804149859
2025,12,CA-0001-di2025.XLS,6,111,Inmobiliaria y Construccion,,,,,0,,264.51305549200003,0.00016104142004801225,3333.15864738,0.0002596964090427104,264.51305549200003,5.8077999998598244e-05,0,,38262.410001228105,0.0049824019613472995,316363.3056142092,0.012048763597539904,0,,73916.4775431634,0.015368443278857802,268150.7574115029,0.02066408840885546,7577.161362487201,0.0022287493358800784,0,,25766.0509312702,0.0038718396253662416,222329.95444154603,0.010456971245474182,51847.6469752963,0.018467977171097147,1008075.9490390673,0.008760443088318082
2025,12,CA-0001-di2025.XLS,6,112,AENZA S.A.A. (antes GRANA & MONTERO S.A.A.),,,,,0,,0,,0,,0,,0,,0,,0,,0,,33936.68775,0.007055991817976212,96719.56008750001,0.007453350345927357,0,,0,,0,,0,,0,,130656.2478375,0.001135436892830029
2025,12,CA-0001-di2025.XLS,6,113,USP0091FAB50,USD,12,3.3698630136986303,PUBLICA,0,,0,,0,,0,,0,,0,,0,,0,,33936.68775,0.007055991817976212,96719.56008750001,0.007453350345927357,0,,0,,0,,0,,0,,130656.2478375,0.001135436892830029
2025,12,CA-0001-di2025.XLS,6,114,Huascacocha Finance Limited,,,,,0,,0,,0,,0,,0,,796.3837359130001,0.00010370240368211685,9099.6483040082,0.0003465620357673534,0,,159.75561374080002,3.321580207634886e-05,591.5950071338999,4.55891739693739e-05,36.7619452074,1.0813173568176206e-05,0,,0,,0,,0,,10684.144606003301,9.284800501140137e-05
2025,12,CA-0001-di2025.XLS,6,115,XS0511095894,VAC,5.2,2.252054794520548,PUBLICA,0,,0,,0,,0,,0,,483.45335047469996,6.295366448552915e-05,5524.6625953824,0.00021040794677087876,0,,0,,0,,0,,0,,0,,0,,0,,6008.1159458571,5.221209558850183e-05
2025,12,CA-0001-di2025.XLS,6,116,XS0511096355,VAC,5.2,2.252054794520548,PUBLICA,0,,0,,0,,0,,0,,312.93038543830005,4.074873919658769e-05,3574.9857086258,0.00013615408899647462,0,,159.75561374080002,3.321580207634886e-05,591.5950071338999,4.55891739693739e-05,36.7619452074,1.0813173568176206e-05,0,,0,,0,,0,,4676.0286601462,4.063590942289955e-05
2025,12,CA-0001-di2025.XLS,6,117,Línea Amarilla S.A.C.,,,,,0,,0,,0,,0,,0,,21246.1573013151,0.002766602934989404,242817.805954201,0.009247767643391578,0,,32723.9137784226,0.006803836295800816,121166.181343869,0.009337242630311946,7540.3994172798,0.0022179361623119024,0,,2191.3641792702,0.00032929418192717444,143350.022690546,0.006742263178519308,40347.8918712963,0.014371798711251696,611383.7365362,0.005313084231554332
2025,12,CA-0001-di2025.XLS,6,118,XS0799645816,VAC,6.45,11.504109589041096,PUBLICA,0,,0,,0,,0,,0,,21246.1573013151,0.002766602934989404,242817.805954201,0.009247767643391578,0,,32723.9137784226,0.006803836295800816,121166.181343869,0.009337242630311946,7540.3994172798,0.0022179361623119024,0,,2191.3641792702,0.00032929418192717444,143350.022690546,0.006742263178519308,40347.8918712963,0.014371798711251696,611383.7365362,0.005313084231554332
2025,12,CA-0001-di2025.XLS,6,119,Norvial S.A.,,,,,0,,119.971555492,7.304134620449732e-05,1799.57333238,0.00014021016749246563,119.971555492,2.634164119701433e-05,0,,0,,0,,0,,0,,0,,0,,0,,0,,0,,0,,2039.516443364,1.7723930172930653e-05
2025,12,CA-0001-di2025.XLS,6,120,PEP74850M025,PEN,8.375,1.063013698630137,PUBLICA,0,,119.971555492,7.304134620449732e-05,1799.57333238,0.00014021016749246563,119.971555492,2.634164119701433e-05,0,,0,,0,,0,,0,,0,,0,,0,,0,,0,,0,,2039.516443364,1.7723930172930653e-05
2025,12,CA-0001-di2025.XLS,6,121,Rutas de Lima S.A.C.,,,,,0,,144.5415,8.800007384351493e-05,1533.585315,0.0001194862415502448,144.5415,3.173635880158391e-05,0,,16219.868964,0.002112096622675778,64445.851356,0.0024544339183809718,0,,7096.120400999999,0.001475399363004425,49673.420973,0.003827906258646782,0,,0,,23574.686752,0.003542545443439067,78979.931751,0.003714708066954873,11499.755103999998,0.004096178459845452,253312.30361599996,0.0022013500287493886
2025,12,CA-0001-di2025.XLS,6,122,USP82169AA48,PEN,10.375,10.504109589041096,PUBLICA,0,,144.5415,8.800007384351493e-05,1533.585315,0.0001194862415502448,144.5415,3.173635880158391e-05,0,,16219.868964,0.002112096622675778,64445.851356,0.0024544339183809718,0,,7096.120400999999,0.001475399363004425,49673.420973,0.003827906258646782,0,,0,,10829.627346000001,0.0016273576574866134,50220.366009000005,0.0023620430481911194,5282.7027419999995,0.0018816829563631466,205590.62610599998,0.001786636196618054
2025,12,CA-0001-di2025.XLS,6,123,XS1084504874,VAC,7.25,13.504109589041096,PRIVADA,0,,0,,0,,0,,0,,0,,0,,0,,0,,0,,0,,0,,12745.059406,0.0019151877859524536,28759.565742,0.0013526650187637536,6217.052361999999,0.0022144955034823052,47721.67751000001,0.0004147138321313349
2025,12,CA-0001-di2025.XLS,6,124,Minería,,,,,0,,35568.3873009265,0.021654823763253256,55544.671312837505,0.0043276522984407005,0,,0,,77694.3532478165,0.010117096596767064,51013.4190942561,0.0019428568865646392,0,,61805.888757978995,0.012850454015773763,49588.4456314018,0.003821357934904167,0,,0,,75678.4130428865,0.011372122145760133,140788.77318000002,0.006621798473025448,0,,547682.3515681039,0.00475950257117249
2025,12,CA-0001-di2025.XLS,6,125,CIA MINERA BUENAVENTURA,,,,,0,,0,,0,,0,,0,,53056.043459974404,0.0069087790075904616,40443.3301145961,0.0015402928057726946,0,,61805.888757978995,0.012850454015773763,49588.4456314018,0.003821357934904167,0,,0,,8803.7457823865,0.0013229303886272568,0,,0,,213697.4537463378,0.0018570866445606735
2025,12,CA-0001-di2025.XLS,6,126,USP6680PAB78,USD,6.8,6.098630136986301,PUBLICA,0,,0,,0,,0,,0,,53056.043459974404,0.0069087790075904616,40443.3301145961,0.0015402928057726946,0,,61805.888757978995,0.012850454015773763,49588.4456314018,0.003821357934904167,0,,0,,8803.7457823865,0.0013229303886272568,0,,0,,213697.4537463378,0.0018570866445606735
2025,12,CA-0001-di2025.XLS,6,127,MINSUR,,,,,0,,0,,10404.270912,0.0008106280199647177,0,,0,,0,,10570.08897966,0.0004025640807919444,0,,0,,0,,0,,0,,0,,0,,0,,20974.359891660002,0.0001822726614199462
2025,12,CA-0001-di2025.XLS,6,128,USP6811TAB19,USD,4.5,5.8273972602739725,PUBLICA,0,,0,,10404.270912,0.0008106280199647177,0,,0,,0,,10570.08897966,0.0004025640807919444,0,,0,,0,,0,,0,,0,,0,,0,,20974.359891660002,0.0001822726614199462
2025,12,CA-0001-di2025.XLS,6,129,Nexa Resources S.A. Peru,,,,,0,,0,,0,,0,,0,,24638.3097878421,0.0032083175891766016,0,,0,,0,,0,,0,,0,,0,,0,,0,,24638.3097878421,0.00021411334224816055
2025,12,CA-0001-di2025.XLS,6,130,USL67359AC04,USD,6.75,11.276712328767124,PUBLICA,0,,0,,0,,0,,0,,24638.3097878421,0.0032083175891766016,0,,0,,0,,0,,0,,0,,0,,0,,0,,24638.3097878421,0.00021411334224816055
2025,12,CA-0001-di2025.XLS,6,131,VOLCAN CIA MINERA,,,,,0,,35568.3873009265,0.021654823763253256,45140.400400837505,0.0035170242784759824,0,,0,,0,,0,,0,,0,,0,,0,,0,,66874.6672605,0.010049191757132876,140788.77318000002,0.006621798473025448,0,,288372.228142264,0.0025060299229437105
2025,12,CA-0001-di2025.XLS,6,132,USP98047AC08,USD,4.375,0.11506849315068493,PUBLICA,0,,1779.0817377265,0.001083144455354212,0,,0,,0,,0,,0,,0,,0,,0,,0,,0,,0,,0,,0,,1779.0817377265,1.546068461178517e-05
2025,12,CA-0001-di2025.XLS,6,133,USP98047AE63,USD,8.5,6.164383561643835,PUBLICA,0,,33789.305563199996,0.020571679307899042,45140.400400837505,0.0035170242784759824,0,,0,,0,,0,,0,,0,,0,,0,,0,,66874.6672605,0.010049191757132876,140788.77318000002,0.006621798473025448,0,,286593.14640453755,0.002490569238331925
2025,12,CA-0001-di2025.XLS,6,134,Otras Empresas Financieras,,,,,2392.7612129645,0.008984703382313415,68.28429203569999,4.157299281862813e-05,6084.897259144301,0.00047409263547528065,0,,147429.1415697143,0.05176877027291175,0,,24061.2601358246,0.0009163781958612853,96555.1980984402,0.053047988412821254,11798.2227769024,0.0024530432667367167,22732.9143358176,0.0017518315299978394,0,,177765.1489455645,0.08484538957837218,20223.213536,0.0030389227953399726,0,,0,,509111.04216240795,0.004424307825962463
2025,12,CA-0001-di2025.XLS,6,135,Caja Municipal de Ahorro y Crédito de Arequip,,,,,0,,0,,0,,0,,0,,0,,0,,0,,0,,0,,0,,83952.9723105,0.04006984881006055,0,,0,,0,,83952.9723105,0.0007295732397170568
2025,12,CA-0001-di2025.XLS,6,136,PEP13150Q066,PEN,4.749992,0.14520547945205478,PUBLICA,0,,0,,0,,0,,0,,0,,0,,0,,0,,0,,0,,39724.83018,0.018960233277158765,0,,0,,0,,39724.83018,0.0003452191417885953
2025,12,CA-0001-di2025.XLS,6,137,PEP13150Q074,PEN,4.812499,0.31232876712328766,PUBLICA,0,,0,,0,,0,,0,,0,,0,,0,,0,,0,,0,,39412.774408,0.018811292420626603,0,,0,,0,,39412.774408,0.0003425072956885142
2025,12,CA-0001-di2025.XLS,6,138,PEP13150Q082,PEN,4.68748,0.8,PUBLICA,0,,0,,0,,0,,0,,0,,0,,0,,0,,0,,0,,4815.3677225,0.002298323112275183,0,,0,,0,,4815.3677225,4.184680223994737e-05
2025,12,CA-0001-di2025.XLS,6,139,CORPORACION FINANCIERA DE DESARROLLO,,,,,0,,68.28429203569999,4.157299281862813e-05,141.82122192030002,1.1049717686765826e-05,0,,44789.5357707,0.015727549948781984,0,,0,,91451.04283215,0.050243735770230724,0,,0,,0,,46250.9876860594,0.022075097913651642,0,,0,,0,,182701.67180286543,0.0015877252100848828
2025,12,CA-0001-di2025.XLS,6,140,PEP11100M302,PEN,6.875,0.7643835616438356,PUBLICA,0,,68.28429203569999,4.157299281862813e-05,141.82122192030002,1.1049717686765826e-05,0,,0,,0,,0,,0,,0,,0,,0,,23038.0696052754,0.010995822310433915,0,,0,,0,,23248.1751192314,0.00020203270917575105
2025,12,CA-0001-di2025.XLS,6,141,PEP11100M310,PEN,6.675000000000001,0.8246575342465754,PUBLICA,0,,0,,0,,0,,0,,0,,0,,0,,0,,0,,0,,8081.363374084,0.0038571476347622614,0,,0,,0,,8081.363374084,7.022915682312088e-05
2025,12,CA-0001-di2025.XLS,6,142,PEP11100V204,PEN,4.53125,0.810958904109589,PUBLICA,0,,0,,0,,0,,30263.1094134,0.010626691183882838,0,,0,,5043.8515689000005,0.0027711214398856887,0,,0,,0,,15131.5547067,0.007222127968455464,0,,0,,0,,50438.515689,0.00043832386495672567
2025,12,CA-0001-di2025.XLS,6,143,PEP11100V212,PEN,4.4375,0.9452054794520548,PUBLICA,0,,0,,0,,0,,14526.4263573,0.005100858764899144,0,,0,,86407.19126324999,0.04747261433034503,0,,0,,0,,0,,0,,0,,0,,100933.61762055,0.0008771394791292852
2025,12,CA-0001-di2025.XLS,6,144,Edpyme Santander Consumo Perú S.A.,,,,,2392.7612129645,0.008984703382313415,0,,0,,0,,102639.6057990143,0.036041220324129764,0,,0,,5104.1552662901995,0.0028042526425905304,0,,0,,0,,47561.188949005096,0.022700442854659983,0,,0,,0,,157697.71122727412,0.0013704342670623668
2025,12,CA-0001-di2025.XLS,6,145,PEP16997V307,PEN,4.687486,0.10410958904109589,PUBLICA,497.581506915,0.0018683946496344907,0,,0,,0,,18529.9353175146,0.006506664519719256,0,,0,,3711.9580415859,0.0020393713757199416,0,,0,,0,,0,,0,,0,,0,,22739.4748660155,0.00019761197121294288
2025,12,CA-0001-di2025.XLS,6,146,PEP16997V315,PEN,4.687486,0.273972602739726,PUBLICA,0,,0,,0,,0,,14247.8056400589,0.005003022938477352,0,,0,,1392.1972247043,0.0007648812668705889,0,,0,,0,,23272.4032526811,0.01110766723461276,0,,0,,0,,38912.4061174443,0.0003381589646557277
2025,12,CA-0001-di2025.XLS,6,147,PEP16997V323,PEN,4.594008,0.4465753424657534,PUBLICA,979.56432378,0.00367821696764954,0,,0,,0,,19591.2864756,0.006879350975712967,0,,0,,0,,0,,0,,0,,0,,0,,0,,0,,20570.85079938,0.00017876606209882615
2025,12,CA-0001-di2025.XLS,6,148,PEP16997V331,PEN,4.499981,0.6986301369863014,PUBLICA,426.05205014240005,0.0015998049764495157,0,,0,,0,,15444.386817662,0.005423194523529505,0,,0,,0,,0,,0,,0,,16954.9349954396,0.008092407727256837,0,,0,,0,,32825.373863244,0.0002852610657518708
2025,12,CA-0001-di2025.XLS,6,149,PEP16997V349,PEN,4.499981,0.8876712328767123,PUBLICA,489.56333212709995,0.0018382867885798682,0,,0,,0,,34826.1915481788,0.012228987366690687,0,,0,,0,,0,,0,,0,,7333.8507008844,0.003500367892790386,0,,0,,0,,42649.605581190306,0.0003706362033429994
2025,12,CA-0001-di2025.XLS,6,150,Fondo Mivivienda S.A.,,,,,0,,0,,5943.076037224,0.0004630429177885148,0,,0,,0,,24061.2601358246,0.0009163781958612853,0,,11798.2227769024,0.0024530432667367167,22732.9143358176,0.0017518315299978394,0,,0,,20223.213536,0.0030389227953399726,0,,0,,84758.68682176861,0.0007365751090981575
2025,12,CA-0001-di2025.XLS,6,151,PEP16880M023,PEN,6.71875,0.5315068493150685,PUBLICA,0,,0,,0,,0,,0,,0,,19086.495625355197,0.0007269132342921614,0,,0,,0,,0,,0,,0,,0,,0,,19086.495625355197,0.00016586662824437278
2025,12,CA-0001-di2025.XLS,6,152,PEP16880M049,PEN,5.03125,0.5424657534246575,PUBLICA,0,,0,,5943.076037224,0.0004630429177885148,0,,0,,0,,4974.7645104694,0.00018946496156912383,0,,0,,0,,0,,0,,0,,0,,0,,10917.840547693402,9.487888373546833e-05
2025,12,CA-0001-di2025.XLS,6,153,PEP16880M080,PEN,6.875,9.983561643835616,PUBLICA,0,,0,,0,,0,,0,,0,,0,,0,,11798.2227769024,0.0024530432667367167,22732.9143358176,0.0017518315299978394,0,,0,,20223.213536,0.0030389227953399726,0,,0,,54754.35064872001,0.00047582959711831637
2025,12,CA-0001-di2025.XLS,6,154,Otros,,,,,0,,9791.957974671499,0.005961561384403005,108856.7771613875,0.008481358710902052,3563.738650703,0.0007824748497406138,0,,156904.88589192118,0.02043162496005323,148661.6000151925,0.005661808568909577,0,,58826.93556601331,0.012231080979032895,131811.3548373663,0.010157575223516834,0,,0,,57785.7160757495,0.00868340382773668,205406.3002505282,0.00966099138892116,0,,881609.2664235332,0.007661414610674244
2025,12,CA-0001-di2025.XLS,6,155,Asociación Tecsup N° 2,,,,,0,,0,,0,,0,,0,,1764.20428641,0.00022972873105861252,0,,0,,9801.1349245,0.0020378160751457807,0,,0,,0,,0,,0,,0,,11565.33921091,0.00010050581610527453
2025,12,CA-0001-di2025.XLS,6,156,CVL75840TB14,PEN,6.59375,8.764383561643836,PRIVADA,0,,0,,0,,0,,0,,1764.20428641,0.00022972873105861252,0,,0,,9801.1349245,0.0020378160751457807,0,,0,,0,,0,,0,,0,,11565.33921091,0.00010050581610527453
2025,12,CA-0001-di2025.XLS,6,157,Electro Dunas S.A.A.,,,,,0,,23.937424205,1.4573635237378481e-05,0,,0,,0,,0,,0,,0,,0,,0,,0,,0,,0,,0,,0,,23.937424205,2.080224636137047e-07
2025,12,CA-0001-di2025.XLS,6,158,PEP70160M015,PEN,4.59375,4.947945205479452,PUBLICA,0,,23.937424205,1.4573635237378481e-05,0,,0,,0,,0,,0,,0,,0,,0,,0,,0,,0,,0,,0,,23.937424205,2.080224636137047e-07
2025,12,CA-0001-di2025.XLS,6,159,Hermes Transportes Blindados S.A.,,,,,0,,0,,0,,0,,0,,6957.6363468535,0.000905999935178978,0,,0,,0,,0,,0,,0,,0,,0,,0,,6957.6363468535,6.0463675682298476e-05
2025,12,CA-0001-di2025.XLS,6,160,PEP73668M014,PEN,8.1875,4.1726027397260275,PRIVADA,0,,0,,0,,0,,0,,6957.6363468535,0.000905999935178978,0,,0,,0,,0,,0,,0,,0,,0,,0,,6957.6363468535,6.0463675682298476e-05
2025,12,CA-0001-di2025.XLS,7,1,INVERSIÓN EN BONOS LOCALES (UNIDADES),,,,,,,,,,,,,,,,,,,,,,,,,,,,,,,,,,,,
2025,12,CA-0001-di2025.XLS,7,2,Al 31-12-2025,,,,,,,,,,,,,,,,,,,,,,,,,,,,,,,,,,,,
2025,12,CA-0001-di2025.XLS,7,3,,HA00,HA01,HA02,HA03,IN00,IN01,IN02,PR00,PR01,PR02,PR03,RI00,RI01,RI02,RI03,TOTAL,% SOBRE EL EMISOR,,,,,,,,,,,,,,,,,,,
2025,12,CA-0001-di2025.XLS,7,4,Almacenes Comerciales,,,,,,,,,,,,,,,,,,,,,,,,,,,,,,,,,,,,
2025,12,CA-0001-di2025.XLS,7,5,InRetail Shopping Malls,,,,,,,,,,,,,,,,,,,,,,,,,,,,,,,,,,,,
2025,12,CA-0001-di2025.XLS,7,6,CVL800700S24,,1600,3400,,,6000,,,,,,,3500,6500,,21000,0.49065420560747663,,,,,,,,,,,,,,,,,,,
2025,12,CA-0001-di2025.XLS,7,7,CVL800707107,,,,,,,2500,,,2500,,,,,,5000,0.3546099290780142,,,,,,,,,,,,,,,,,,,
2025,12,CA-0001-di2025.XLS,7,8,USP56243AE14,,,,,,6100,,,,,,,6861,19139,,32100,0.0856,,,,,,,,,,,,,,,,,,,
2025,12,CA-0001-di2025.XLS,7,9,Inverfal Perú S.A.,,,,,,,,,,,,,,,,,,,,,,,,,,,,,,,,,,,,
2025,12,CA-0001-di2025.XLS,7,10,PEP74190M059,,,35300,,,,,,,,,,,,,35300,0.1765,,,,,,,,,,,,,,,,,,,
2025,12,CA-0001-di2025.XLS,7,11,Bancos,,,,,,,,,,,,,,,,,,,,,,,,,,,,,,,,,,,,
2025,12,CA-0001-di2025.XLS,7,12,Banco BCI Peru S.A.,,,,,,,,,,,,,,,,,,,,,,,,,,,,,,,,,,,,
2025,12,CA-0001-di2025.XLS,7,13,CVL11700Q035,,,,,,,,,,,,100000,,,,100000,1,,,,,,,,,,,,,,,,,,,
2025,12,CA-0001-di2025.XLS,7,14,CVL11700Q043,,,,,,,,,,,,50000,,,,50000,1,,,,,,,,,,,,,,,,,,,
2025,12,CA-0001-di2025.XLS,7,15,PEP11700Q029,3000,,,,32524,,,,,,,,,,,35524,0.2960333333333333,,,,,,,,,,,,,,,,,,,
2025,12,CA-0001-di2025.XLS,7,16,PEP11700Q037,,,,,20000,,,,,,,,,,,20000,0.2077922077922078,,,,,,,,,,,,,,,,,,,
2025,12,CA-0001-di2025.XLS,7,17,BANCO FALABELLA,,,,,,,,,,,,,,,,,,,,,,,,,,,,,,,,,,,,
2025,12,CA-0001-di2025.XLS,7,18,PEP14150Q883,,,,,,,,,,,,10000,,,,10000,0.23255813953488372,,,,,,,,,,,,,,,,,,,
2025,12,CA-0001-di2025.XLS,7,19,PEP14150Q891,,,,,,,,39975,,,,,,,,39975,0.7995,,,,,,,,,,,,,,,,,,,
2025,12,CA-0001-di2025.XLS,7,20,BANCO RIPLEY,,,,,,,,,,,,,,,,,,,,,,,,,,,,,,,,,,,,
2025,12,CA-0001-di2025.XLS,7,21,PEP14300Q843,803,,,,,,,40127,,,,,,,,40930,0.7180701754385965,,,,,,,,,,,,,,,,,,,
2025,12,CA-0001-di2025.XLS,7,22,Compartamos Banco S.A.,,,,,,,,,,,,,,,,,,,,,,,,,,,,,,,,,,,,
2025,12,CA-0001-di2025.XLS,7,23,PEP16820Q269,1500,,,,15500,,,,,,,,,,,17000,0.302491103202847,,,,,,,,,,,,,,,,,,,
2025,12,CA-0001-di2025.XLS,7,24,PEP16820Q277,745,,,,17360,,,,,,,9814,,,,27919,0.3489875,,,,,,,,,,,,,,,,,,,
2025,12,CA-0001-di2025.XLS,7,25,BANCO CONTINENTAL,,,,,,,,,,,,,,,,,,,,,,,,,,,,,,,,,,,,
2025,12,CA-0001-di2025.XLS,7,26,PEP11600Q187,500,,,,,,,,,,,,,,,500,0.005607518560886437,,,,,,,,,,,,,,,,,,,
2025,12,CA-0001-di2025.XLS,7,27,BANCO DE CREDITO DEL PERU,,,,,,,,,,,,,,,,,,,,,,,,,,,,,,,,,,,,
2025,12,CA-0001-di2025.XLS,7,28,US05971V2F13,,56482,167803,,,1839,149791,,3000,9000,,,,,,387915,0.33731739130434785,,,,,,,,,,,,,,,,,,,
2025,12,CA-0001-di2025.XLS,7,29,US05971V2H78,,,,,,14479,28895,,,,,,,,,43374,0.07229,,,,,,,,,,,,,,,,,,,
2025,12,CA-0001-di2025.XLS,7,30,US05971V2J35,,1630,4154,,,1923,7500,,,,,,6700,25000,,46907,0.06254266666666666,,,,,,,,,,,,,,,,,,,
2025,12,CA-0001-di2025.XLS,7,31,US05971V2K08,,4000,11000,,,,,,,,,,,,,15000,0.03,,,,,,,,,,,,,,,,,,,
2025,12,CA-0001-di2025.XLS,7,32,Banco GNB Perú S.A.,,,,,,,,,,,,,,,,,,,,,,,,,,,,,,,,,,,,
2025,12,CA-0001-di2025.XLS,7,33,PEP16900Q087,500,,,,11476,,,10066,,,,50000,,,,72042,0.72042,,,,,,,,,,,,,,,,,,,
2025,12,CA-0001-di2025.XLS,7,34,PEP16900Q095,1304,,,,14545,,,,,,,,,,,15849,0.1981125,,,,,,,,,,,,,,,,,,,
2025,12,CA-0001-di2025.XLS,7,35,PEP16900Q103,,,,,28939,,,,,,,9061,,,,38000,0.38,,,,,,,,,,,,,,,,,,,
2025,12,CA-0001-di2025.XLS,7,36,BANCO INTERAMERICANO DE FINANZAS,,,,,,,,,,,,,,,,,,,,,,,,,,,,,,,,,,,,
2025,12,CA-0001-di2025.XLS,7,37,PEP12100D292,,,,,,20000,5000,,,,,,,,,25000,0.25329793916796695,,,,,,,,,,,,,,,,,,,
2025,12,CA-0001-di2025.XLS,7,38,PEP12100Q211,2431,,,,12500,,,,,,,42938,,,,57869,0.4822416666666667,,,,,,,,,,,,,,,,,,,
2025,12,CA-0001-di2025.XLS,7,39,PEP12100Q229,,,,,33185,,,46371,,,,16370,,,,95926,0.6851857142857143,,,,,,,,,,,,,,,,,,,
2025,12,CA-0001-di2025.XLS,7,40,PEP12100Q237,2000,,,,25000,,,,,,,,,,,27000,0.2723146747352496,,,,,,,,,,,,,,,,,,,
2025,12,CA-0001-di2025.XLS,7,41,PEP12100Q245,1000,,,,12500,,,,,,,,,,,13500,0.13064558272768623,,,,,,,,,,,,,,,,,,,
2025,12,CA-0001-di2025.XLS,7,42,PEP12100Q252,1921,,,,38201,,,38415,,,,,,,,78537,0.654475,,,,,,,,,,,,,,,,,,,
2025,12,CA-0001-di2025.XLS,7,43,BANCO INTERNACIONAL DEL PERU,,,,,,,,,,,,,,,,,,,,,,,,,,,,,,,,,,,,
2025,12,CA-0001-di2025.XLS,7,44,CVL14800A109,,1000,4000,,,7500,5500,,2000,8000,,,,,,28000,0.8974358974358975,,,,,,,,,,,,,,,,,,,
2025,12,CA-0001-di2025.XLS,7,45,PEP14800Q057,3500,,,,27500,,,,,,,,,,,31000,0.2906704172526957,,,,,,,,,,,,,,,,,,,
2025,12,CA-0001-di2025.XLS,7,46,PEP14800Q065,,,,,15000,,,,,,,30000,,,,45000,0.4444444444444444,,,,,,,,,,,,,,,,,,,
2025,12,CA-0001-di2025.XLS,7,47,USP13435AF20,,,3000,,,,,,,,,,,,,3000,0.01,,,,,,,,,,,,,,,,,,,
2025,12,CA-0001-di2025.XLS,7,48,USP13435AG03,,,11000,,,9200,22196,,,,,,,,,42396,0.12113142857142857,,,,,,,,,,,,,,,,,,,
2025,12,CA-0001-di2025.XLS,7,49,BANCO MIBANCO,,,,,,,,,,,,,,,,,,,,,,,,,,,,,,,,,,,,
2025,12,CA-0001-di2025.XLS,7,50,PEP13300D107,,,,,,,,,,,,,10000,,,10000,0.078400012544002,,,,,,,,,,,,,,,,,,,
2025,12,CA-0001-di2025.XLS,7,51,PEP13300Q422,2500,,,,20000,,,,,,,,,,,22500,0.19736842105263158,,,,,,,,,,,,,,,,,,,
2025,12,CA-0001-di2025.XLS,7,52,PEP13300Q430,500,,,,,,,,,,,15000,,,,15500,0.17971222854757737,,,,,,,,,,,,,,,,,,,
2025,12,CA-0001-di2025.XLS,7,53,PEP13300Q448,,,,,,,,15000,,,,15000,,,,30000,0.3333333333333333,,,,,,,,,,,,,,,,,,,
2025,12,CA-0001-di2025.XLS,7,54,Compañías de Seguros,,,,,,,,,,,,,,,,,,,,,,,,,,,,,,,,,,,,
2025,12,CA-0001-di2025.XLS,7,55,INTERSEGURO,,,,,,,,,,,,,,,,,,,,,,,,,,,,,,,,,,,,
2025,12,CA-0001-di2025.XLS,7,56,PEP66450D098,,3000,,,,,,,,,,,,,,3000,0.1045077684107852,,,,,,,,,,,,,,,,,,,
2025,12,CA-0001-di2025.XLS,7,57,Pacifico S.A. Entidad Prestadora de Salud,,,,,,,,,,,,,,,,,,,,,,,,,,,,,,,,,,,,
2025,12,CA-0001-di2025.XLS,7,58,PEP75455M014,,,1,,,,,,,,,,,,,1,7.692307692307692e-06,,,,,,,,,,,,,,,,,,,
2025,12,CA-0001-di2025.XLS,7,59,Pacifico Compañía de Seguros y Reaseguros,,,,,,,,,,,,,,,,,,,,,,,,,,,,,,,,,,,,
2025,12,CA-0001-di2025.XLS,7,60,PEP66950D014,,4866,13285,,,,,,,8600,,,,,,26751,0.53502,,,,,,,,,,,,,,,,,,,
2025,12,CA-0001-di2025.XLS,7,61,PEP66950D030,,20,1484,,,,,,,,,,,,,1504,0.025066666666666668,,,,,,,,,,,,,,,,,,,
2025,12,CA-0001-di2025.XLS,7,62,PEP66950D048,,670,1675,,,,,,,,,,,,,2345,0.05211111111111111,,,,,,,,,,,,,,,,,,,
2025,12,CA-0001-di2025.XLS,7,63,Financieras,,,,,,,,,,,,,,,,,,,,,,,,,,,,,,,,,,,,
2025,12,CA-0001-di2025.XLS,7,64,Financiera Efectiva S.A.,,,,,,,,,,,,,,,,,,,,,,,,,,,,,,,,,,,,
2025,12,CA-0001-di2025.XLS,7,65,PEP16830Q102,1000,,,,,,,,,,,27723,,,,28723,0.4787166666666667,,,,,,,,,,,,,,,,,,,
2025,12,CA-0001-di2025.XLS,7,66,InFinance XP S.A.,,,,,,,,,,,,,,,,,,,,,,,,,,,,,,,,,,,,
2025,12,CA-0001-di2025.XLS,7,67,CVL16870D013,,800,600,,,,,,,,,,,,,1400,0.28,,,,,,,,,,,,,,,,,,,
2025,12,CA-0001-di2025.XLS,7,68,CVL16870H329,,,,,,,,,,,,1,,,,1,1,,,,,,,,,,,,,,,,,,,
2025,12,CA-0001-di2025.XLS,7,69,CVL16870H410,,,,,,,,,,,,1,,,,1,1,,,,,,,,,,,,,,,,,,,
2025,12,CA-0001-di2025.XLS,7,70,CVL16870H428,,,,,,,,1,,,,,,,,1,1,,,,,,,,,,,,,,,,,,,
2025,12,CA-0001-di2025.XLS,7,71,Santander Consumer Bank S.A,,,,,,,,,,,,,,,,,,,,,,,,,,,,,,,,,,,,
2025,12,CA-0001-di2025.XLS,7,72,PEP16920Q226,1500,,,,13651,,,,,,,19326,,,,34477,0.3830777777777778,,,,,,,,,,,,,,,,,,,
2025,12,CA-0001-di2025.XLS,7,73,PEP16920Q234,2000,,,,27500,,,,,,,,,,,29500,0.38663171690694625,,,,,,,,,,,,,,,,,,,
2025,12,CA-0001-di2025.XLS,7,74,PEP16920Q242,,,,,25900,,,,,,,4360,,,,30260,0.37825,,,,,,,,,,,,,,,,,,,
2025,12,CA-0001-di2025.XLS,7,75,Gobierno,,,,,,,,,,,,,,,,,,,,,,,,,,,,,,,,,,,,
2025,12,CA-0001-di2025.XLS,7,76,GOBIERNO CENTRAL,,,,,,,,,,,,,,,,,,,,,,,,,,,,,,,,,,,,
2025,12,CA-0001-di2025.XLS,7,77,PEP01000C2Z1,,84000,911158,65000,,485359,1594708,,337500,569377,35900,,242395,907237,,5232634,0.34645438754292496,,,,,,,,,,,,,,,,,,,
2025,12,CA-0001-di2025.XLS,7,78,PEP01000C4G7,,47366,508239,94730,,,,,,34,,,,,,650369,0.04261766170828301,,,,,,,,,,,,,,,,,,,
2025,12,CA-0001-di2025.XLS,7,79,PEP01000C4L7,,12884,110234,,,,,,,,,,,77170,,200288,0.04344196354690723,,,,,,,,,,,,,,,,,,,
2025,12,CA-0001-di2025.XLS,7,80,PEP01000C4S2,,,104092,,,42700,113000,,,,,,45303,151033,,456128,0.4704712572188305,,,,,,,,,,,,,,,,,,,
2025,12,CA-0001-di2025.XLS,7,81,PEP01000C4T0,,,,,,,,,,,,,5914,118199,,124113,0.4119933609958506,,,,,,,,,,,,,,,,,,,
2025,12,CA-0001-di2025.XLS,7,82,PEP01000C5E9,,,,,,66706,554,,,,,,,2484,,69744,0.004401027890908474,,,,,,,,,,,,,,,,,,,
2025,12,CA-0001-di2025.XLS,7,83,PEP01000C5F6,,,,,,,9000,,5000,,,,2441,10380,,26821,0.001591395534800808,,,,,,,,,,,,,,,,,,,
2025,12,CA-0001-di2025.XLS,7,84,PEP01000C5G4,,82903,618356,80500,,205200,1357066,,221454,419201,20000,,431549,1184748,15000,4635977,0.3965983226955885,,,,,,,,,,,,,,,,,,,
2025,12,CA-0001-di2025.XLS,7,85,PEP01000C5H2,,139664,941785,55550,,252870,249953,,,,,,79340,72050,,1791212,0.20911400325950416,,,,,,,,,,,,,,,,,,,
2025,12,CA-0001-di2025.XLS,7,86,PEP01000C5I0,,,50000,,,149758,1150077,,,,,,175666,308,,1525809,0.09327784787058407,,,,,,,,,,,,,,,,,,,
2025,12,CA-0001-di2025.XLS,7,87,PEP01000C5J8,,15000,114830,,,713081,1801364,,461200,743835,,,225310,125918,,4200538,0.6000768571428572,,,,,,,,,,,,,,,,,,,
2025,12,CA-0001-di2025.XLS,7,88,PEP01000C5K6,,58600,590133,60000,,287750,585950,,321794,621735,50400,,479000,1382000,75000,4512362,0.4512362,,,,,,,,,,,,,,,,,,,
2025,12,CA-0001-di2025.XLS,7,89,US715638BE14,,,,,,7102,29776,,,,,,,,,36878,0.002416557567285742,,,,,,,,,,,,,,,,,,,
2025,12,CA-0001-di2025.XLS,7,90,US715638DC30,,,,,,,,,,,,,,6480,,6480,0.0007565038315518135,,,,,,,,,,,,,,,,,,,
2025,12,CA-0001-di2025.XLS,7,91,US715638DR09,,,,,,,,,,,,,4,16,,20,2e-05,,,,,,,,,,,,,,,,,,,
2025,12,CA-0001-di2025.XLS,7,92,US715638FC12,,,2500,,,,,,,,,,,60182,,62682,0.03917625,,,,,,,,,,,,,,,,,,,
2025,12,CA-0001-di2025.XLS,7,93,US715638FD94,,,2500,,,,,,,,,,,29735,,32235,0.023025,,,,,,,,,,,,,,,,,,,
2025,12,CA-0001-di2025.XLS,7,94,BANCO DE LA NACION,,,,,,,,,,,,,,,,,,,,,,,,,,,,,,,,,,,,
2025,12,CA-0001-di2025.XLS,7,95,PEP12030D010,,,18240,,,,5176,,,,,,,,,23416,0.093664,,,,,,,,,,,,,,,,,,,
2025,12,CA-0001-di2025.XLS,7,96,Hidrocarburos,,,,,,,,,,,,,,,,,,,,,,,,,,,,,,,,,,,,
2025,12,CA-0001-di2025.XLS,7,97,CORPORACION PRIMAX S.A,,,,,,,,,,,,,,,,,,,,,,,,,,,,,,,,,,,,
2025,12,CA-0001-di2025.XLS,7,98,PEP73125M023,,1207,,,,,,,,,,,3985,,,5192,0.0257029702970297,,,,,,,,,,,,,,,,,,,
2025,12,CA-0001-di2025.XLS,7,99,PEP73125M031,,5000,10000,,,5500,17486,,,,,,37151,28660,,103797,0.3733705035971223,,,,,,,,,,,,,,,,,,,
2025,12,CA-0001-di2025.XLS,7,100,PEP73125M049,,,,,,584,1037,,,,,,,3257,,4878,0.21864634692962798,,,,,,,,,,,,,,,,,,,
2025,12,CA-0001-di2025.XLS,7,101,PEP73125M056,,500,,,,700,,,,,,,,67,,1267,0.10144115292233787,,,,,,,,,,,,,,,,,,,
2025,12,CA-0001-di2025.XLS,7,102,PEP73125M064,,9123,11772,,,,,,,,,,19000,22135,,62030,0.3446111111111111,,,,,,,,,,,,,,,,,,,
2025,12,CA-0001-di2025.XLS,7,103,"Hunt Oil Company of Peru L.L.C.,",,,,,,,,,,,,,,,,,,,,,,,,,,,,,,,,,,,,
2025,12,CA-0001-di2025.XLS,7,104,USP5300PAE36,,2394,,,,12500,11000,,15700,13224,,,33768.46,54654.54,,143241,0.23291219512195122,,,,,,,,,,,,,,,,,,,
2025,12,CA-0001-di2025.XLS,7,105,Industria,,,,,,,,,,,,,,,,,,,,,,,,,,,,,,,,,,,,
2025,12,CA-0001-di2025.XLS,7,106,Alimentos,,,,,,,,,,,,,,,,,,,,,,,,,,,,,,,,,,,,
2025,12,CA-0001-di2025.XLS,7,107,ALICORP S.A.,,,,,,,,,,,,,,,,,,,,,,,,,,,,,,,,,,,,
2025,12,CA-0001-di2025.XLS,7,108,USP0161KEA71,,23199,36542,,,127200,118800,,91500,108500,,,103455,,,609196,0.3981673202614379,,,,,,,,,,,,,,,,,,,
2025,12,CA-0001-di2025.XLS,7,109,Inmobiliaria y Construccion,,,,,,,,,,,,,,,,,,,,,,,,,,,,,,,,,,,,
2025,12,CA-0001-di2025.XLS,7,110,AENZA S.A.A. (antes GRANA & MONTERO S.A.A.),,,,,,,,,,,,,,,,,,,,,,,,,,,,,,,,,,,,
2025,12,CA-0001-di2025.XLS,7,111,USP0091FAB50,,,,,,,,,10000,28500,,,,,,38500,0.18333333333333332,,,,,,,,,,,,,,,,,,,
2025,12,CA-0001-di2025.XLS,7,112,Huascacocha Finance Limited,,,,,,,,,,,,,,,,,,,,,,,,,,,,,,,,,,,,
2025,12,CA-0001-di2025.XLS,7,113,XS0511095894,,,,,,2131,24352,,,,,,,,,26483,0.12414914961840649,,,,,,,,,,,,,,,,,,,
2025,12,CA-0001-di2025.XLS,7,114,XS0511096355,,,,,,1379,15754,,704,2607,162,,,,,20606,0.18962693022656582,,,,,,,,,,,,,,,,,,,
2025,12,CA-0001-di2025.XLS,7,115,Línea Amarilla S.A.C.,,,,,,,,,,,,,,,,,,,,,,,,,,,,,,,,,,,,
2025,12,CA-0001-di2025.XLS,7,116,XS0799645816,,,,,,18557,212084,,28582,105830,6586,,1914,125206,35241,534000,0.6617100371747212,,,,,,,,,,,,,,,,,,,
2025,12,CA-0001-di2025.XLS,7,117,Norvial S.A.,,,,,,,,,,,,,,,,,,,,,,,,,,,,,,,,,,,,
2025,12,CA-0001-di2025.XLS,7,118,PEP74850M025,,40,600,40,,,,,,,,,,,,680,0.023859649122807018,,,,,,,,,,,,,,,,,,,
2025,12,CA-0001-di2025.XLS,7,119,Rutas de Lima S.A.C.,,,,,,,,,,,,,,,,,,,,,,,,,,,,,,,,,,,,
2025,12,CA-0001-di2025.XLS,7,120,USP82169AA48,,500,5305,500,,56108,222932,,24547,171831,,,37462,173723,18274,711182,0.6851477555833441,,,,,,,,,,,,,,,,,,,
2025,12,CA-0001-di2025.XLS,7,121,XS1084504874,,,,,,,,,,,,,37462,84534,18274,140270,0.3333333333333333,,,,,,,,,,,,,,,,,,,
2025,12,CA-0001-di2025.XLS,7,122,Minería,,,,,,,,,,,,,,,,,,,,,,,,,,,,,,,,,,,,
2025,12,CA-0001-di2025.XLS,7,123,CIA MINERA BUENAVENTURA,,,,,,,,,,,,,,,,,,,,,,,,,,,,,,,,,,,,
2025,12,CA-0001-di2025.XLS,7,124,USP6680PAB78,,,,,,14765,11255,,17200,13800,,,2450,,,59470,0.09149230769230769,,,,,,,,,,,,,,,,,,,
2025,12,CA-0001-di2025.XLS,7,125,MINSUR,,,,,,,,,,,,,,,,,,,,,,,,,,,,,,,,,,,,
2025,12,CA-0001-di2025.XLS,7,126,USP6811TAB19,,,3200,,,,3251,,,,,,,,,6451,0.012902,,,,,,,,,,,,,,,,,,,
2025,12,CA-0001-di2025.XLS,7,127,Nexa Resources S.A. Peru,,,,,,,,,,,,,,,,,,,,,,,,,,,,,,,,,,,,
2025,12,CA-0001-di2025.XLS,7,128,USL67359AC04,,,,,,7000,,,,,,,,,,7000,0.014,,,,,,,,,,,,,,,,,,,
2025,12,CA-0001-di2025.XLS,7,129,VOLCAN CIA MINERA,,,,,,,,,,,,,,,,,,,,,,,,,,,,,,,,,,,,
2025,12,CA-0001-di2025.XLS,7,130,USP98047AC08,,523,,,,,,,,,,,,,,523,0.0011010526315789473,,,,,,,,,,,,,,,,,,,
2025,12,CA-0001-di2025.XLS,7,131,USP98047AE63,,9600,12825,,,,,,,,,,19000,40000,,81425,0.10856666666666667,,,,,,,,,,,,,,,,,,,
2025,12,CA-0001-di2025.XLS,7,132,Otras Empresas Financieras,,,,,,,,,,,,,,,,,,,,,,,,,,,,,,,,,,,,
2025,12,CA-0001-di2025.XLS,7,133,Caja Municipal de Ahorro y Crédito de Arequip,,,,,,,,,,,,,,,,,,,,,,,,,,,,,,,,,,,,
2025,12,CA-0001-di2025.XLS,7,134,PEP13150Q066,,,,,,,,,,,,40000,,,,40000,0.7072761029086729,,,,,,,,,,,,,,,,,,,
2025,12,CA-0001-di2025.XLS,7,135,PEP13150Q074,,,,,,,,,,,,40000,,,,40000,0.7352941176470589,,,,,,,,,,,,,,,,,,,
2025,12,CA-0001-di2025.XLS,7,136,PEP13150Q082,,,,,,,,,,,,5000,,,,5000,0.08888888888888889,,,,,,,,,,,,,,,,,,,
2025,12,CA-0001-di2025.XLS,7,137,CORPORACION FINANCIERA DE DESARROLLO,,,,,,,,,,,,,,,,,,,,,,,,,,,,,,,,,,,,
2025,12,CA-0001-di2025.XLS,7,138,PEP11100M302,,13,27,,,,,,,,,4386,,,,4426,0.14753333333333332,,,,,,,,,,,,,,,,,,,
2025,12,CA-0001-di2025.XLS,7,139,PEP11100M310,,,,,,,,,,,,1540,,,,1540,0.154,,,,,,,,,,,,,,,,,,,
2025,12,CA-0001-di2025.XLS,7,140,PEP11100V204,,,,,6000,,,1000,,,,3000,,,,10000,0.4170141784820684,,,,,,,,,,,,,,,,,,,
2025,12,CA-0001-di2025.XLS,7,141,PEP11100V212,,,,,2900,,,17250,,,,,,,,20150,0.806,,,,,,,,,,,,,,,,,,,
2025,12,CA-0001-di2025.XLS,7,142,Edpyme Santander Consumo Perú S.A.,,,,,,,,,,,,,,,,,,,,,,,,,,,,,,,,,,,,
2025,12,CA-0001-di2025.XLS,7,143,PEP16997V307,50,,,,1862,,,373,,,,,,,,2285,0.38083333333333336,,,,,,,,,,,,,,,,,,,
2025,12,CA-0001-di2025.XLS,7,144,PEP16997V315,,,,,1443,,,141,,,,2357,,,,3941,0.6568333333333334,,,,,,,,,,,,,,,,,,,
2025,12,CA-0001-di2025.XLS,7,145,PEP16997V323,100,,,,2000,,,,,,,,,,,2100,0.33648453773433745,,,,,,,,,,,,,,,,,,,
2025,12,CA-0001-di2025.XLS,7,146,PEP16997V331,44,,,,1595,,,,,,,1751,,,,3390,0.42375,,,,,,,,,,,,,,,,,,,
2025,12,CA-0001-di2025.XLS,7,147,PEP16997V349,51,,,,3628,,,,,,,764,,,,4443,0.555375,,,,,,,,,,,,,,,,,,,
2025,12,CA-0001-di2025.XLS,7,148,Fondo Mivivienda S.A.,,,,,,,,,,,,,,,,,,,,,,,,,,,,,,,,,,,,
2025,12,CA-0001-di2025.XLS,7,149,PEP16880M023,,,,,,,3664,,,,,,,,,3664,0.05909677419354839,,,,,,,,,,,,,,,,,,,
2025,12,CA-0001-di2025.XLS,7,150,PEP16880M049,,,1160,,,,971,,,,,,,,,2131,0.04262,,,,,,,,,,,,,,,,,,,
2025,12,CA-0001-di2025.XLS,7,151,PEP16880M080,,,,,,,,,11668,22482,,,20000,,,54150,0.361,,,,,,,,,,,,,,,,,,,
2025,12,CA-0001-di2025.XLS,7,152,Otros,,,,,,,,,,,,,,,,,,,,,,,,,,,,,,,,,,,,
2025,12,CA-0001-di2025.XLS,7,153,Asociación Tecsup N° 2,,,,,,,,,,,,,,,,,,,,,,,,,,,,,,,,,,,,
2025,12,CA-0001-di2025.XLS,7,154,CVL75840TB14,,,,,,180,,,1000,,,,,,,1180,0.10727272727272727,,,,,,,,,,,,,,,,,,,
2025,12,CA-0001-di2025.XLS,7,155,Electro Dunas S.A.A.,,,,,,,,,,,,,,,,,,,,,,,,,,,,,,,,,,,,
2025,12,CA-0001-di2025.XLS,7,156,PEP70160M015,,25,,,,,,,,,,,,,,25,0.00010845986984815618,,,,,,,,,,,,,,,,,,,
2025,12,CA-0001-di2025.XLS,7,157,Hermes Transportes Blindados S.A.,,,,,,,,,,,,,,,,,,,,,,,,,,,,,,,,,,,,
2025,12,CA-0001-di2025.XLS,7,158,PEP73668M014,,,,,,12749,,,,,,,,,,12749,0.039981810769279015,,,,,,,,,,,,,,,,,,,
2025,12,CA-0001-di2025.XLS,7,159,Inca Rail S.A.C.,,,,,,,,,,,,,,,,,,,,,,,,,,,,,,,,,,,,
2025,12,CA-0001-di2025.XLS,7,160,CVL14017HL12,,,,,,12000,,,,7000,,,8000,,,27000,0.627906976744186,,,,,,,,,,,,,,,,,,,
2025,12,CA-0001-di2025.XLS,8,1,INVERSIÓN EN FONDOS MUTUOS O DE INVERSIÓN LOCALES,,,,,,,,,,,,,,,,,,,,,,,,,,,,,,,,,,,,
2025,12,CA-0001-di2025.XLS,8,2,(En miles de Soles),,,,,,,,,,,,,,,,,,,,,,,,,,,,,,,,,,,,
2025,12,CA-0001-di2025.XLS,8,3,Al 31-12-2025,,,,,,,,,,,,,,,,,,,,,,,,,,,,,,,,,,,,
2025,12,CA-0001-di2025.XLS,8,4,,Tipo de Oferta,HA00,,HA01,,HA02,,HA03,,IN01,,IN02,,IN03,,PR01,,PR02,,PR03,,RI01,,RI02,,RI03,,TOTAL,,,,,,,,
2025,12,CA-0001-di2025.XLS,8,5,,,Monto,%,Monto,%,Monto,%,Monto,%,Monto,%,Monto,%,Monto,%,Monto,%,Monto,%,Monto,%,Monto,%,Monto,%,Monto,%,Monto,%,,,,,,,
2025,12,CA-0001-di2025.XLS,8,6,AC CAPITALES SAFI S.A.,,0,,0,,0,,0,,0,,110451.0660307683,0.0042065522773486455,11407.196637025,0.003605229387547519,12.339325219300001,2.565547304678499e-06,64926.0509197692,0.005003296165168354,2030.6786139544997,0.0005973046363567681,0,,0,,8121.3330718079005,0.0028927946111129655,196948.66459854422,0.001711535295709081,,,,,,,
2025,12,CA-0001-di2025.XLS,8,7,Fondo de Infraestructura II,PRIVADA,0,,0,,0,,0,,0,,73550.6921285073,0.002801193710412478,0,,0,,38154.416387828,0.002940234967214529,0,,0,,0,,0,,111705.10851633531,0.0009707465461948309,,,,,,,
2025,12,CA-0001-di2025.XLS,8,8,"Fondo de Inversión en Infraestructura, Servicios Públicos y Recursos Naturales",PRIVADA,0,,0,,0,,0,,0,,18167.1807841507,0.000691900933570755,5234.9877352492,0.0016545109396390153,12.339325219300001,2.565547304678499e-06,14589.6371288117,0.0011242987131311096,677.1253065689,0.00019916991405177824,0,,0,,0,,38681.2702799998,0.0003361503339057,,,,,,,
2025,12,CA-0001-di2025.XLS,8,9,Fondo Inmobiliario II,PRIVADA,0,,0,,0,,0,,0,,18733.1931181103,0.0007134576333654124,6172.2089017758,0.0019507184479085038,0,,12181.997403129499,0.0009387624848227152,1353.5533073856,0.0003981347223049898,0,,0,,8121.3330718079005,0.0028927946111129655,46562.285802209095,0.00040463841560855026,,,,,,,
2025,12,CA-0001-di2025.XLS,8,10,BD Capital SAFI SAC,,0,,1981.857728535,0.0012065989799360099,17891.8732969417,0.0013940096280491256,0,,48922.7625839364,0.00637055711453903,5878.1827276144,0.00022387183599142149,0,,79223.0497769341,0.016471766341462395,112891.84360005021,0.00869961009735358,0,,88964.04548045782,0.01336854131985294,101768.09528980151,0.0047865167283696886,0,,457521.7104842711,0.003975983069716177,,,,,,,
2025,12,CA-0001-di2025.XLS,8,11,Fondo de Inversión Senior Loans BDC 2 CLASE A,PUBLICA,0,,1981.857728535,0.0012065989799360099,17891.8732969417,0.0013940096280491256,0,,0,,0,,0,,59805.0388768511,0.012434444636949303,73148.56707138491,0.005636935250660418,0,,77483.65104530481,0.011643393519461311,44373.0223895382,0.002087021608796208,0,,274684.0104085557,0.0023870757384390957,,,,,,,
2025,12,CA-0001-di2025.XLS,8,12,Fondo de Inversión Senior Loans BDC CLASE C,PUBLICA,0,,0,,0,,0,,48922.7625839364,0.00637055711453903,5878.1827276144,0.00022387183599142149,0,,19418.010900083,0.004037321704513092,39743.276528665294,0.0030626748466931614,0,,11480.394435153,0.0017251478003916293,57395.0729002633,0.0026994951195734806,0,,182837.7000757154,0.0015889073312770814,,,,,,,
2025,12,CA-0001-di2025.XLS,8,13,BlackRock Institutional Trust Company PE,,0,,0,,0,,0,,1173.98186322,0.00015287195808381495,642.188504715,2.445788541546061e-05,22499.941132065,0.007111076592133278,0,,279873.82330381504,0.021567484962197372,48824.32028085,0.014361205495697865,0,,0,,0,,353014.255084665,0.003067786007574276,,,,,,,
2025,12,CA-0001-di2025.XLS,8,14,ETF - EPU,PUBLICA,0,,0,,0,,0,,1173.98186322,0.00015287195808381495,642.188504715,2.445788541546061e-05,22499.941132065,0.007111076592133278,0,,279873.82330381504,0.021567484962197372,48824.32028085,0.014361205495697865,0,,0,,0,,353014.255084665,0.003067786007574276,,,,,,,
2025,12,CA-0001-di2025.XLS,8,15,"Carlyle Peru GP, L.P.",,0,,0,,0,,0,,0,,44177.165181748,0.0016824967062818732,27573.472245900797,0.008714559380434531,0,,34681.1405366718,0.0026725792650660047,14863.3449983168,0.004371910364474704,0,,33029.6581012928,0.0015535027022365111,33029.6581012928,0.011765065675486876,187354.439165223,0.001628158972759185,,,,,,,
2025,12,CA-0001-di2025.XLS,8,16,Carlyle Peru Fund,PRIVADA,0,,0,,0,,0,,0,,44177.165181748,0.0016824967062818732,27573.472245900797,0.008714559380434531,0,,34681.1405366718,0.0026725792650660047,14863.3449983168,0.004371910364474704,0,,33029.6581012928,0.0015535027022365111,33029.6581012928,0.011765065675486876,187354.439165223,0.001628158972759185,,,,,,,
2025,12,CA-0001-di2025.XLS,8,17,COMPASS GROUP SAFI S.A.,,12084.80347152,0.04537785635978108,27764.7594588,0.016903801902026956,94185.85432464001,0.007338303014756049,47759.542223640005,0.01048635836911085,0,,0,,0,,6468.233348299999,0.0013448513867522524,9976.4277067,0.0007687980676461089,0,,0,,0,,0,,198239.6205336,0.0017227540397028876,,,,,,,
2025,12,CA-0001-di2025.XLS,8,18,Compass - Fondo de Inversión Acreencias High Yield,PRIVADA,12084.80347152,0.04537785635978108,27764.7594588,0.016903801902026956,94185.85432464001,0.007338303014756049,47759.542223640005,0.01048635836911085,0,,0,,0,,0,,0,,0,,0,,0,,0,,181794.9594786,0.0015798456433500795,,,,,,,
2025,12,CA-0001-di2025.XLS,8,19,VINCI COMPASS - FONDO DE INVERSIÓN OPORTUNIDADES RENTA FIJA II,PRIVADA,0,,0,,0,,0,,0,,0,,0,,6468.233348299999,0.0013448513867522524,9976.4277067,0.0007687980676461089,0,,0,,0,,0,,16444.661055,0.00014290839635280818,,,,,,,
2025,12,CA-0001-di2025.XLS,8,20,Credicorp Capital S.A. Sociedad Admin. Fondos,,0,,0,,0,,0,,0,,37189.314615999996,0.0014163629353055856,9297.328653999999,0.0029384084061717538,53119.55936213,0.011044424222976532,145052.83948924002,0.011177983340772009,19058.412,0.005605849084621586,16347.942519999999,0.0024565895569711696,77310.74707960001,0.00363620035459529,27157.6018196,0.00967345674655379,384533.74554057,0.003341698605702376,,,,,,,
2025,12,CA-0001-di2025.XLS,8,21,Credicorp Capital Fondo de Inversión Inmobiliario Perú,PRIVADA,0,,0,,0,,0,,0,,37189.314615999996,0.0014163629353055856,9297.328653999999,0.0029384084061717538,0,,38116.824,0.0029373380429877378,19058.412,0.005605849084621586,0,,54315.8389196,0.0025546677557809474,27157.6018196,0.00967345674655379,185135.3200092,0.0016088742481399068,,,,,,,
2025,12,CA-0001-di2025.XLS,8,22,Fondo Credicorp Deuda Soles,PUBLICA,0,,0,,0,,0,,0,,0,,0,,30954.2281401,0.006435889739661308,74927.0484914,0.005773987622436125,0,,0,,0,,0,,105881.2766315,0.0009201359271917039,,,,,,,
2025,12,CA-0001-di2025.XLS,8,23,Fondo Credicorp Deuda Soles II,PUBLICA,0,,0,,0,,0,,0,,0,,0,,22125.4131952,0.004600234873383426,31948.550524799997,0.0024620018938306845,0,,16347.942519999999,0.0024565895569711696,22994.90816,0.0010815325988143424,0,,93416.81439999999,0.0008118164973812481,,,,,,,
2025,12,CA-0001-di2025.XLS,8,24,Fondo de Inversión Credicorp Capital Deuda Titulizada Clase C,PUBLICA,0,,0,,0,,0,,0,,0,,0,,39.91802683,8.299609931798218e-06,60.41647304,4.655781517461554e-06,0,,0,,0,,0,,100.33449987,8.719329895171708e-07,,,,,,,
2025,12,CA-0001-di2025.XLS,8,25,El Dorado Asset Management,,0,,0,,0,,0,,0,,107731.66966102799,0.004102983489801063,0,,0,,0,,0,,0,,0,,0,,107731.66966102799,0.0009362163255403132,,,,,,,
2025,12,CA-0001-di2025.XLS,8,26,FONDO BURSATIL VANECK EL DORADO PERU ETF,PUBLICA,0,,0,,0,,0,,0,,107731.66966102799,0.004102983489801063,0,,0,,0,,0,,0,,0,,0,,107731.66966102799,0.0009362163255403132,,,,,,,
2025,12,CA-0001-di2025.XLS,8,27,Enfoca SAFI S.A.,,0,,0,,0,,0,,0,,19741.926600000003,0.0007518754619837339,46064.4954,0.014558622755707963,0,,18854.649,0.0014529667475674443,6284.883,0.0018486380508776791,0,,40666.89,0.0019127089754550684,0,,131612.844,0.0011437499631379486,,,,,,,
2025,12,CA-0001-di2025.XLS,8,28,Enfoca Descubridor 1 Clase B,PRIVADA,0,,0,,0,,0,,0,,9870.963300000001,0.00037593773099186693,23032.2477,0.007279311377853982,0,,9427.3245,0.0007264833737837222,3142.4415,0.0009243190254388396,0,,20333.445,0.0009563544877275342,0,,65806.422,0.0005718749815689743,,,,,,,
2025,12,CA-0001-di2025.XLS,8,29,Enfoca Descubridor 2 Clase B,PRIVADA,0,,0,,0,,0,,0,,9870.963300000001,0.00037593773099186693,23032.2477,0.007279311377853982,0,,9427.3245,0.0007264833737837222,3142.4415,0.0009243190254388396,0,,20333.445,0.0009563544877275342,0,,65806.422,0.0005718749815689743,,,,,,,
2025,12,CA-0001-di2025.XLS,8,30,Faro Capital SAFI S.A.,,0,,0,,0,,0,,0,,104.053464,3.962898247023562e-06,26.013366,8.221489867881194e-06,0,,21491.4315,0.0016561610522223735,6140.409,0.0018061424095487152,0,,33324.2605863,0.0015673589085327055,16662.3470712,0.0059350783165615486,77748.5149875,0.0006756548863193275,,,,,,,
2025,12,CA-0001-di2025.XLS,8,31,Faro Capital Fondo de Inversión Inmobiliario I ,PUBLICA,0,,0,,0,,0,,0,,0,,0,,0,,21491.4315,0.0016561610522223735,6140.409,0.0018061424095487152,0,,33158.2086,0.0015595488909830933,16579.1043,0.005905427489805362,77369.15340000001,0.0006723581351168455,,,,,,,
2025,12,CA-0001-di2025.XLS,8,32,Fondo de Inversión en Retail,PRIVADA,0,,0,,0,,0,,0,,104.053464,3.962898247023562e-06,26.013366,8.221489867881194e-06,0,,0,,0,,0,,166.05198629999998,7.810017549612278e-06,83.2427712,2.965082675618719e-05,379.36158750000004,3.296751202482022e-06,,,,,,,
2025,12,CA-0001-di2025.XLS,8,33,HMC Asset Management S.A. Sociedad Administra,,0,,36258.074020304004,0.022074720348207143,57408.587299815605,0.004472875595554385,27193.5481583219,0.005970771034205784,0,,0,,0,,48920.414264783,0.01017135335443323,111258.64006094991,0.008573753050939072,0,,9811.151085625,0.0014743122120307484,9811.151085625,0.00046145345122335833,0,,300661.5659754244,0.0026128274760280207,,,,,,,
2025,12,CA-0001-di2025.XLS,8,34,Fondo HMC Crédito Perú II (PEN) FI,PUBLICA,0,,23900.952496954,0.014551430451893018,37843.177038459005,0.0029484756722817146,17925.715931526003,0.003935872760267315,0,,0,,0,,25684.774604214002,0.005340284260767234,63600.40164177,0.00490113969861893,0,,0,,0,,0,,168955.021712923,0.0014682632331547143,,,,,,,
2025,12,CA-0001-di2025.XLS,8,35,Fondo HMC Crédito Perú II (USD) FI,PUBLICA,0,,12357.12152335,0.007523289896314123,19565.4102613566,0.0015243999232726698,9267.832226795901,0.0020348982739384685,0,,0,,0,,13337.176608173599,0.0027730169106493503,33025.3858341637,0.002544984393113061,0,,0,,0,,0,,87552.92645383981,0.0007608577807512374,,,,,,,
2025,12,CA-0001-di2025.XLS,8,36,Fondo HMC Crédito Perú III (PEN) FI,PUBLICA,0,,0,,0,,0,,0,,0,,0,,9882.606640564,0.0020547553759455196,14609.06964236,0.0011257962109634658,0,,9794.56768428,0.0014718202403032146,9794.56768428,0.0004606734746725044,0,,44080.81165148401,0.0003830737576149915,,,,,,,
2025,12,CA-0001-di2025.XLS,8,37,Fondo HMC Crédito Perú III (USD) FI,PUBLICA,0,,0,,0,,0,,0,,0,,0,,15.8564118314,3.2968070711267223e-06,23.7829426562,1.832748243616837e-06,0,,16.583401345,2.49197172753386e-06,16.583401345,7.799765508539047e-07,0,,72.80615717759999,6.327045070775592e-07,,,,,,,
2025,12,CA-0001-di2025.XLS,8,38,Larráin Vial S.A. SAF - Perú,,0,,0,,31867.438318383,0.002482887906694541,0,,0,,131561.821101612,0.005010559861984082,14709.656719331499,0.004648967522234318,35835.1420075605,0.007450711473790265,70184.7759966843,0.005408541188364314,9481.7549261702,0.002788967264086716,0,,55772.283341619,0.0026231695349493867,0,,349412.87241136044,0.0030364890522418795,,,,,,,
2025,12,CA-0001-di2025.XLS,8,39,Bienes Raíces LV Colliers II,PRIVADA,0,,0,,0,,0,,0,,35956.093118904,0.0013693954330124042,14709.656719331499,0.004648967522234318,0,,21573.6558713424,0.001662497382185352,9481.7549261702,0.002788967264086716,0,,0,,0,,81721.16063574809,0.0007101782137974868,,,,,,,
2025,12,CA-0001-di2025.XLS,8,40,Fondo de Inversión Activa de Financiamiento Estructurado Perú II,PUBLICA,0,,0,,0,,0,,0,,0,,0,,35835.1420075605,0.007450711473790265,11040.5127558699,0.000850798013284319,0,,0,,0,,0,,46875.6547634304,0.00040736167366568516,,,,,,,
2025,12,CA-0001-di2025.XLS,8,41,Fondo de Inversión en Bienes Raices Larrain Vial Colliers III,PUBLICA,0,,0,,31867.438318383,0.002482887906694541,0,,0,,95605.727982708,0.0036411644289716773,0,,0,,37570.607369471996,0.002895245792894643,0,,0,,55772.283341619,0.0026231695349493867,0,,220816.05701218202,0.0019189491647787077,,,,,,,
2025,12,CA-0001-di2025.XLS,8,42,Macrocapitales SAFI S.A.,,0,,0,,0,,0,,0,,95473.06029875,0.003636111752088245,23018.577073059998,0.0072749907943172425,0,,21164.71566639,0.0016309838536365442,9827.599736099999,0.0028906941976405763,0,,155541.38834,0.007315666615584825,6762.76502,0.00240887672419083,311788.1061343,0.002709520013851813,,,,,,,
2025,12,CA-0001-di2025.XLS,8,43,Fortaleza Fondo de Inversión de Capital Privado I,PRIVADA,0,,0,,0,,0,,0,,11521.45927875,0.0004387972204261429,2027.7768330600002,0.000640876182164469,0,,17789.13312639,0.0013708565405113169,6452.017196100001,0.0018977989715365541,0,,0,,0,,37790.386434299995,0.000328408320780603,,,,,,,
2025,12,CA-0001-di2025.XLS,8,44,Kandeo Fund II (Perú) Servicios Financieros ,PRIVADA,0,,0,,0,,0,,0,,6762.76502,0.000257561340224005,1693.59124,0.0005352572681287131,0,,3375.58254,0.00026012731312522727,3375.58254,0.0009928952261040222,0,,13513.9301,0.00063560836336249,6762.76502,0.00240887672419083,35484.216459999996,0.00030836710183167226,,,,,,,
2025,12,CA-0001-di2025.XLS,8,45,Macro-Infraestructura: Fondo de Inversión en Instrumentos de Deuda,PRIVADA,0,,0,,0,,0,,0,,77188.836,0.002939753191438097,19297.209,0.00609885734402406,0,,0,,0,,0,,142027.45824,0.006680058252222335,0,,238513.50324000002,0.002072744591239538,,,,,,,
2025,12,CA-0001-di2025.XLS,8,46,SIGMA SAFI SA,,0,,0,,0,,0,,0,,88048.216167273,0.0033533349884712895,19706.273500620002,0.006228141637612102,0,,41825.039268281995,0.0032230985192307922,16046.536993362,0.004719934940832678,0,,59051.970722064005,0.0027774249375450578,34959.702421607995,0.012452541704317461,259637.739073209,0.0022563197137066894,,,,,,,
2025,12,CA-0001-di2025.XLS,8,47,Fondo de Inversión en Infraestructura -Sigma FI,PRIVADA,0,,0,,0,,0,,0,,78825.09400248001,0.00300207042452614,19706.273500620002,0.006228141637612102,0,,39694.065194106,0.0030588825494874123,16046.536993362,0.004719934940832678,0,,52925.420258808,0.002489271403806723,34626.737722517995,0.012333940671863563,241824.12767189398,0.0021015147815709794,,,,,,,
2025,12,CA-0001-di2025.XLS,8,48,Leasing Operativo,PUBLICA,0,,0,,0,,0,,0,,9223.122164793,0.0003512645639451497,0,,0,,2130.974074176,0.00016421596974337994,0,,0,,6126.550463256,0.000288153533738335,332.96469909,0.00011860103245389779,17813.611401315,0.0001548049321357099,,,,,,,
2025,12,CA-0001-di2025.XLS,8,49,Union para la Infraestructura Peru SAC,,0,,0,,0,,0,,0,,55948.8088422437,0.0021308222519529373,0,,0,,0,,0,,0,,0,,0,,55948.8088422437,0.00048620975055389256,,,,,,,
2025,12,CA-0001-di2025.XLS,8,50,Fondo de Inversion en Infraestructura AM SURA,PUBLICA,0,,0,,0,,0,,0,,55948.8088422437,0.0021308222519529373,0,,0,,0,,0,,0,,0,,0,,55948.8088422437,0.00048620975055389256,,,,,,,
2025,12,CA-0001-di2025.XLS,8,51,W Capital SAFI S.A.,,0,,0,,0,,0,,0,,3888.1321042960003,0.00014808033589646424,972.032728436,0.000307209656300745,0,,1944.0660521480002,0.00014981256499899635,1458.049985568,0.00042887141787725493,0,,0,,0,,8262.280870448001,7.180137708300172e-05,,,,,,,
2025,12,CA-0001-di2025.XLS,8,52,Fondo de Desarrollo de Vivienda (FODEVI),PUBLICA,0,,0,,0,,0,,0,,3888.1321042960003,0.00014808033589646424,972.032728436,0.000307209656300745,0,,1944.0660521480002,0.00014981256499899635,1458.049985568,0.00042887141787725493,0,,0,,0,,8262.280870448001,7.180137708300172e-05,,,,,,,
2025,12,CA-0001-di2025.XLS,8,53,Total general,,12084.80347152,0.04537785635978108,66004.691207639,0.04018512123017011,201353.75323978032,0.0156880761450541,74953.0903819619,0.016457129403316634,50096.7444471564,0.006523429072622845,700835.6053000484,0.02669147268076783,175274.9874564383,0.055395427622327326,223578.7380849269,0.04648567232671935,934125.4431007002,0.07198506887516297,134015.9895343215,0.039419517862014544,115123.1390860828,0.01729944308885486,566276.4445463023,0.026634002208491887,126693.40750550869,0.045127813778223475,3380416.8373623863,0.02937670454962687,,,,,,,
2025,12,CA-0001-di2025.XLS,9,1,INVERSIÓN EN FONDOS MUTUOS O DE INVERSIÓN LOCALES (UNIDADES*),,,,,,,,,,,,,,,,,,,,,,,,,,,,,,,,,,,,
2025,12,CA-0001-di2025.XLS,9,2,Al 31-12-2025,,,,,,,,,,,,,,,,,,,,,,,,,,,,,,,,,,,,
2025,12,CA-0001-di2025.XLS,9,3,,HA00,HA01,HA02,HA03,IN01,IN02,IN03,PR01,PR02,PR03,RI01,RI02,RI03,Total general,% sobre el Fondo mutuo,,,,,,,,,,,,,,,,,,,,,
2025,12,CA-0001-di2025.XLS,9,4,AC CAPITALES SAFI S.A.,,,,,,,,,,,,,,,,,,,,,,,,,,,,,,,,,,,,
2025,12,CA-0001-di2025.XLS,9,5,Fondo de Infraestructura II,,,,,,24528385,,,12724098,,,,,37252483,0.2888086642599278,,,,,,,,,,,,,,,,,,,,,
2025,12,CA-0001-di2025.XLS,9,6,"Fondo de Inversión en Infraestructura, Servicios Públicos y Recursos Naturales",,,,,,1878654,541346,1276,1508703,70021,,,,4000000,0.9999999589929215,,,,,,,,,,,,,,,,,,,,,
2025,12,CA-0001-di2025.XLS,9,7,Fondo Inmobiliario II,,,,,,12746083,4199577,,8288643,920959,,,5525763,31681025,0.601184831843849,,,,,,,,,,,,,,,,,,,,,
2025,12,CA-0001-di2025.XLS,9,8,BD Capital SAFI SAC,,,,,,,,,,,,,,,,,,,,,,,,,,,,,,,,,,,,
2025,12,CA-0001-di2025.XLS,9,9,Fondo de Inversión Senior Loans BDC 2 CLASE A,,539,4866,,,,,16265,19894,,21073,12068,,74705,0.6244444444444445,,,,,,,,,,,,,,,,,,,,,
2025,12,CA-0001-di2025.XLS,9,10,Fondo de Inversión Senior Loans BDC CLASE C,,,,,14182,1704,,5629,11521,,3328,16638,,53002,0.26666666666666666,,,,,,,,,,,,,,,,,,,,,
2025,12,CA-0001-di2025.XLS,9,11,BlackRock Institutional Trust Company PE,,,,,,,,,,,,,,,,,,,,,,,,,,,,,,,,,,,,
2025,12,CA-0001-di2025.XLS,9,12,ETF - EPU,,,,,4828,2641,92531,,1150981,200790,,,,1451771,0.4921252448660635,,,,,,,,,,,,,,,,,,,,,
2025,12,CA-0001-di2025.XLS,9,13,"Carlyle Peru GP, L.P.",,,,,,,,,,,,,,,,,,,,,,,,,,,,,,,,,,,,
2025,12,CA-0001-di2025.XLS,9,14,Carlyle Peru Fund,,,,,,86.0620402,53.7161963,,67.5627261,28.9554522,,64.3454543,64.3454543,364.9873234,0.34056631312639873,,,,,,,,,,,,,,,,,,,,,
2025,12,CA-0001-di2025.XLS,9,15,COMPASS GROUP SAFI S.A.,,,,,,,,,,,,,,,,,,,,,,,,,,,,,,,,,,,,
2025,12,CA-0001-di2025.XLS,9,16,Compass - Fondo de Inversión Acreencias High Yield,11755188,27007470,91616916,46456891,,,,,,,,,,176836465,0.5,,,,,,,,,,,,,,,,,,,,,
2025,12,CA-0001-di2025.XLS,9,17,VINCI COMPASS - FONDO DE INVERSIÓN OPORTUNIDADES RENTA FIJA II,,,,,,,,59000,91000,,,,,150000,0.35,,,,,,,,,,,,,,,,,,,,,
2025,12,CA-0001-di2025.XLS,9,18,Credicorp Capital S.A. Sociedad Admin. Fondos,,,,,,,,,,,,,,,,,,,,,,,,,,,,,,,,,,,,
2025,12,CA-0001-di2025.XLS,9,19,Credicorp Capital Fondo de Inversión Inmobiliario Perú,,,,,,58540,14635,,60000,30000,,85499,42749,291423,0.7953185253109111,,,,,,,,,,,,,,,,,,,,,
2025,12,CA-0001-di2025.XLS,9,20,Fondo Credicorp Deuda Soles,,,,,,,,4413,10682,,,,,15095,0.31882986587812867,,,,,,,,,,,,,,,,,,,,,
2025,12,CA-0001-di2025.XLS,9,21,Fondo Credicorp Deuda Soles II,,,,,,,,12316,17784,,9100,12800,,52000,0.43505451776925796,,,,,,,,,,,,,,,,,,,,,
2025,12,CA-0001-di2025.XLS,9,22,Fondo de Inversión Credicorp Capital Deuda Titulizada Clase C,,,,,,,,3700,5600,,,,,9300,0.49732620320855614,,,,,,,,,,,,,,,,,,,,,
2025,12,CA-0001-di2025.XLS,9,23,El Dorado Asset Management,,,,,,,,,,,,,,,,,,,,,,,,,,,,,,,,,,,,
2025,12,CA-0001-di2025.XLS,9,24,FONDO BURSATIL VANECK EL DORADO PERU ETF,,,,,,1659131,,,,,,,,1659131,0.2363548479732358,,,,,,,,,,,,,,,,,,,,,
2025,12,CA-0001-di2025.XLS,9,25,Enfoca SAFI S.A.,,,,,,,,,,,,,,,,,,,,,,,,,,,,,,,,,,,,
2025,12,CA-0001-di2025.XLS,9,26,Enfoca Descubridor 1 Clase B,,,,,,13350000,31150000,,12750000,4250000,,27500000,,89000000,0.9862,,,,,,,,,,,,,,,,,,,,,
2025,12,CA-0001-di2025.XLS,9,27,Enfoca Descubridor 2 Clase B,,,,,,13350000,31150000,,12750000,4250000,,27500000,,89000000,0.9862,,,,,,,,,,,,,,,,,,,,,
2025,12,CA-0001-di2025.XLS,9,28,Faro Capital SAFI S.A.,,,,,,,,,,,,,,,,,,,,,,,,,,,,,,,,,,,,
2025,12,CA-0001-di2025.XLS,9,29,Faro Capital Fondo de Inversión Inmobiliario I ,,,,,,,,,350,100,,540,270,1260,0.7599517490952955,,,,,,,,,,,,,,,,,,,,,
2025,12,CA-0001-di2025.XLS,9,30,Fondo de Inversión en Retail,,,,,,24000,6000,,,,,38300,19200,87500,0.7608695652173914,,,,,,,,,,,,,,,,,,,,,
2025,12,CA-0001-di2025.XLS,9,31,HMC Asset Management S.A. Sociedad Administra,,,,,,,,,,,,,,,,,,,,,,,,,,,,,,,,,,,,
2025,12,CA-0001-di2025.XLS,9,32,Fondo HMC Crédito Perú II (PEN) FI,,22999222,36415437,17249418,,,,24681283,61115565,,,,,162460925,0.5,,,,,,,,,,,,,,,,,,,,,
2025,12,CA-0001-di2025.XLS,9,33,Fondo HMC Crédito Perú II (USD) FI,,3811481,6034835,2858608,,,,4110952,10179499,,,,,26995375,0.5,,,,,,,,,,,,,,,,,,,,,
2025,12,CA-0001-di2025.XLS,9,34,Fondo HMC Crédito Perú III (PEN) FI,,,,,,,,9880591,14606090,,9792570,9792570,,44071821,0.49569136430679184,,,,,,,,,,,,,,,,,,,,,
2025,12,CA-0001-di2025.XLS,9,35,Fondo HMC Crédito Perú III (USD) FI,,,,,,,,4733,7099,,4950,4950,,21732,0.48428515449496945,,,,,,,,,,,,,,,,,,,,,
2025,12,CA-0001-di2025.XLS,9,36,Larráin Vial S.A. SAF - Perú,,,,,,,,,,,,,,,,,,,,,,,,,,,,,,,,,,,,
2025,12,CA-0001-di2025.XLS,9,37,Bienes Raíces LV Colliers II,,,,,,18900,7732,,11340,4984,,,,42956,0.6782904457030289,,,,,,,,,,,,,,,,,,,,,
2025,12,CA-0001-di2025.XLS,9,38,Fondo de Inversión Activa de Financiamiento Estructurado Perú II,,,,,,,,10798425,3326906,,,,,14125331,0.4715495447881827,,,,,,,,,,,,,,,,,,,,,
2025,12,CA-0001-di2025.XLS,9,39,Fondo de Inversión en Bienes Raices Larrain Vial Colliers III,,,9337,,,28012,,,11008,,,16341,,64698,0.8815,,,,,,,,,,,,,,,,,,,,,
2025,12,CA-0001-di2025.XLS,9,40,Macrocapitales SAFI S.A.,,,,,,,,,,,,,,,,,,,,,,,,,,,,,,,,,,,,
2025,12,CA-0001-di2025.XLS,9,41,Fortaleza Fondo de Inversión de Capital Privado I,,,,,,125,22,,193,70,,,,410,0.82,,,,,,,,,,,,,,,,,,,,,
2025,12,CA-0001-di2025.XLS,9,42,Kandeo Fund II (Perú) Servicios Financieros ,,,,,,583,146,,291,291,,1165,583,3059,0.7300238663484487,,,,,,,,,,,,,,,,,,,,,
2025,12,CA-0001-di2025.XLS,9,43,Macro-Infraestructura: Fondo de Inversión en Instrumentos de Deuda,,,,,,1200,300,,,,,2208,,3708,0.845993031358885,,,,,,,,,,,,,,,,,,,,,
2025,12,CA-0001-di2025.XLS,9,44,SIGMA SAFI SA,,,,,,,,,,,,,,,,,,,,,,,,,,,,,,,,,,,,
2025,12,CA-0001-di2025.XLS,9,45,Fondo de Inversión en Infraestructura -Sigma FI,,,,,,280,70,,141,57,,188,123,859,0.6899598393574298,,,,,,,,,,,,,,,,,,,,,
2025,12,CA-0001-di2025.XLS,9,46,Leasing Operativo,,,,,,277,,,64,,,184,10,535,0.89605553665,,,,,,,,,,,,,,,,,,,,,
2025,12,CA-0001-di2025.XLS,9,47,Union para la Infraestructura Peru SAC,,,,,,,,,,,,,,,,,,,,,,,,,,,,,,,,,,,,
2025,12,CA-0001-di2025.XLS,9,48,Fondo de Inversion en Infraestructura AM SURA,,,,,,1800,,,,,,,,1800,0.20809248554913296,,,,,,,,,,,,,,,,,,,,,
2025,12,CA-0001-di2025.XLS,9,49,W Capital SAFI S.A.,,,,,,,,,,,,,,,,,,,,,,,,,,,,,,,,,,,,
2025,12,CA-0001-di2025.XLS,9,50,Fondo de Desarrollo de Vivienda (FODEVI),,,,,,6531646,1632911,,3265823,2449368,,,,13879748,0.85,,,,,,,,,,,,,,,,,,,,,
2025,12,CA-0001-di2025.XLS,9,51,* Se considera el valor sobre porcentaje comprometido total,,,,,,,,,,,,,,,,,,,,,,,,,,,,,,,,,,,,
2025,12,CA-0001-di2025.XLS,10,1,INVERSIÓN EN INSTRUMENTOS DEL EXTERIOR,,,,,,,,,,,,,,,,,,,,,,,,,,,,,,,,,,,,
2025,12,CA-0001-di2025.XLS,10,2,(En miles de Soles),,,,,,,,,,,,,,,,,,,,,,,,,,,,,,,,,,,,
2025,12,CA-0001-di2025.XLS,10,3,Al 31-12-2025,,,,,,,,,,,,,,,,,,,,,,,,,,,,,,,,,,,,
2025,12,CA-0001-di2025.XLS,10,4,,Moneda,Tasa cupón (%),Plazo remanente,HA01,,HA02,,HA03,,IN01,,IN02,,IN03,,PR01,,PR02,,PR03,,RI01,,RI02,,RI03,,Total,,,,,,,,
2025,12,CA-0001-di2025.XLS,10,5,,,,,Monto,%,Monto,%,Monto,%,Monto,%,Monto,%,Monto,%,Monto,%,Monto,%,Monto,%,Monto,%,Monto,%,Monto,%,Monto,%,,,,,,,
2025,12,CA-0001-di2025.XLS,10,6,CUENTAS CORRIENTES DEL EXTERIOR,,,,376.8096724081,0.00022941009327330538,2127.8875451329,0.00016579011465658636,6890.316408949,0.0015128772969067476,4512.7574333711,0.0005876360502746977,25347.347065877697,0.0009653590893818252,10396.997594587101,0.003285957318260274,10198.375529182798,0.002120408886708829,15431.043599980101,0.00118913872281762,9101.0392498295,0.0026769833996537506,101260.96961040758,0.015216388250042748,247186.4060650497,0.011626058877162768,51525.2700597618,0.018353147475558284,484355.2198345373,0.004209173269072624,,,,,,,
2025,12,CA-0001-di2025.XLS,10,7,BROWN BROTHERS HARRIMAN & CO.,,,,376.8096724081,0.00022941009327330538,2127.8875451329,0.00016579011465658636,6890.316408949,0.0015128772969067476,1327.4751460331001,0.00017285933559916435,17578.1399903397,0.0006694671899981335,51.175724788100005,1.6174020033656566e-05,0,,0,,0,,0,0,0,0,0,0,28351.8044876509,0.00024638458035026615,,,,,,,
2025,12,CA-0001-di2025.XLS,10,8,AUD,,,,0,,0,,0,,0.336459705,4.3812647819427144e-08,0.336459705,1.2814139230757031e-08,0.336459705,1.0633764410218175e-07,0,,0,,0,,0,,0,,0,,1.009379115,8.771767940623374e-09,,,,,,,
2025,12,CA-0001-di2025.XLS,10,9,BRL,,,,0,0,0,0,0,0,0.6113173000000001,7.960367667451618e-08,584.8772888157,2.2275175601762097e-05,0,0,0,,0,,0,,0,0,0,0,0,0,585.4886061157,5.088048789998953e-06,,,,,,,
2025,12,CA-0001-di2025.XLS,10,10,CAD,,,,0,0,0,0,0,0,29.6231100546,3.85742146489227e-06,2588.6201404401,9.858814711598603e-05,2.4501713,7.743733939515283e-07,0,,0,,0,,0,0,0,0,0,0,2620.6934217947,2.2774509793083364e-05,,,,,,,
2025,12,CA-0001-di2025.XLS,10,11,CLP,,,,0,0,0,0,0,0,0,0,0,0,0,0,0,,0,,0,,0,0,0,0,0,0,0,0,,,,,,,
2025,12,CA-0001-di2025.XLS,10,12,COP,,,,0,0,0,0,0,0,0,0,0,0,0,0,0,,0,,0,,0,0,0,0,0,,0,0,,,,,,,
2025,12,CA-0001-di2025.XLS,10,13,EUR,,,,0.5059997731,3.0806389443586654e-07,886.4528855414001,6.906620881715422e-05,1843.1334728860002,0.0004046889316543659,2.0496088447000003,2.668931498956883e-07,3.9460327000000004,1.5028549236503698e-07,10.2143451042,3.2282302406086998e-06,0,,0,,0,,0,0,0,0,0,0,2746.3023448493996,2.3866084116282477e-05,,,,,,,
2025,12,CA-0001-di2025.XLS,10,14,GBP,,,,0,0,3.1624427525,2.463954205338984e-07,3786.808029246,0.0008314532388889692,4.5348184498999995,5.905087614295721e-07,4.522427,1.7223759153844244e-07,4.522427,1.4293070630971919e-06,0,,0,,0,,0,0,0,0,0,0,3803.5501444484003,3.3053843419007015e-05,,,,,,,
2025,12,CA-0001-di2025.XLS,10,15,JPY,,,,0,0,0,0,0,0,0.00214425,2.7921700188974086e-10,0.00214425,8.166421606281431e-11,0.00214425,6.776873722994651e-10,0,,0,,0,,0,0,0,0,0,0,0.00643275,5.5902276341476524e-11,,,,,,,
2025,12,CA-0001-di2025.XLS,10,16,MXN,,,,0,0,0,0,0,0,0,0,0,0,0,0,0,,0,,0,,0,0,0,0,0,0,0,0,,,,,,,
2025,12,CA-0001-di2025.XLS,10,17,PEN,,,,0,0,0,0,0,0,1256.66751,0.00016363900408741797,14362.18532,0.00054698687424818,0,0,0,,0,,0,,0,0,0,0,0,0,15618.85283,0.00013573190735525437,,,,,,,
2025,12,CA-0001-di2025.XLS,10,18,RUB,,,,0,,0,,0,,0,,0,0,0,0,0,,0,,0,,0,,0,,0,,0,0,,,,,,,
2025,12,CA-0001-di2025.XLS,10,19,USD,,,,376.303672635,0.00022910202937886953,1238.2722168389998,9.647751041889825e-05,1260.3749068169998,0.0002767351263634126,33.609,4.37645060814378e-06,33.609,1.2800058937414604e-06,33.609,1.062207993266304e-05,0,,0,,0,,0,0,0,0,0,0,2975.777796291,2.5860285678611714e-05,,,,,,,
2025,12,CA-0001-di2025.XLS,10,20,HKD,,,,0,,0,,0,,0,0,0,0,0,0,0,,0,,0,,0,,0,,0,,0,0,,,,,,,
2025,12,CA-0001-di2025.XLS,10,21,CHF,,,,0,,0,,0,,0.0042387439,5.519549322776857e-10,0.0042387439,1.6143346050345633e-10,0.0042387439,1.3396493950991663e-09,0,,0,,0,,0,,0,,0,,0.012716231700000002,1.1050737219939276e-10,,,,,,,
2025,12,CA-0001-di2025.XLS,10,22,SEK,,,,0,,0,,0,,0,0,0,0,0,0,0,,0,,0,,0,,0,,0,,0,0,,,,,,,
2025,12,CA-0001-di2025.XLS,10,23,TRY,,,,0,,0,,0,,0,0,0,0,0,0,0,,0,,0,,0,,0,,0,,0,0,,,,,,,
2025,12,CA-0001-di2025.XLS,10,24,NOK,,,,0,,0,,0,,0.016652464999999998,2.1684278192252973e-09,0.016652464999999998,6.342126616478736e-10,0.016652464999999998,5.262989505961904e-09,0,,0,,0,,0,,0,,0,,0.049957395,4.341428006047643e-10,,,,,,,
2025,12,CA-0001-di2025.XLS,10,25,ZAR,,,,0,,0,,0,,0.02028622,2.6416031377291357e-09,0.02028622,7.72604991571778e-10,0.02028622,6.411432960563767e-09,0,,0,,0,,0,,0,,0,,0.06085866,5.288776385048329e-10,,,,,,,
2025,12,CA-0001-di2025.XLS,10,26,CNH,,,,0,,0,,0,,0,0,0,0,0,0,0,,0,,0,,0,,0,,0,,0,0,,,,,,,
2025,12,CA-0001-di2025.XLS,10,27,HUF,,,,0,,0,,0,,0,0,0,0,0,0,0,,0,,0,,0,,0,,0,,0,0,,,,,,,
2025,12,CA-0001-di2025.XLS,10,28,JP MORGAN CHASE & CO,,,,0,,0,,0,,0,,0,,0,,0,,0,,0,,100563.95282827958,0.015111648210376319,225164.94467087972,0.010590310953943995,47119.9845677598,0.016783997925970774,372848.88206691906,0.0032401540925600246,,,,,,,
2025,12,CA-0001-di2025.XLS,10,29,BRL,,,,0,,0,,0,,0,,0,,0,,0,,0,,0,,195.59693659180002,2.939216303330677e-05,62.2709503544,2.9288250380832627e-06,0,0,257.86788694620003,2.240939236820815e-06,,,,,,,
2025,12,CA-0001-di2025.XLS,10,30,CAD,,,,0,,0,,0,,0,,0,,0,,0,,0,,0,,0,0,25.4127601944,1.1952528092243143e-06,16.927155436299998,6.029402266184807e-06,42.3399156307,3.679449168492779e-07,,,,,,,
2025,12,CA-0001-di2025.XLS,10,31,COP,,,,0,,0,,0,,0,,0,,0,,0,,0,,0,,9.584309000000001,1.4402248705841912e-06,0,0,0,0,9.584309000000001,8.329014655630959e-08,,,,,,,
2025,12,CA-0001-di2025.XLS,10,32,EUR,,,,0,,0,,0,,0,,0,,0,,0,,0,,0,,1008.1908749402,0.00015149987050552227,1890.6359723699,8.892335739640106e-05,708.1518715158,0.0002522415839441049,3606.9787188259,3.13455864284529e-05,,,,,,,
2025,12,CA-0001-di2025.XLS,10,33,GBP,,,,0,,0,,0,,0,,0,,0,,0,,0,,0,,106.4307065694,1.5993239637317423e-05,39219.899795419,0.0018446518618745206,8035.5546158587,0.0028622405810140375,47361.8851178471,0.00041158714234365595,,,,,,,
2025,12,CA-0001-di2025.XLS,10,34,JPY,,,,0,,0,,0,,0,,0,,0,,0,,0,,0,,0,0,0,0,0,0,0,0,,,,,,,
2025,12,CA-0001-di2025.XLS,10,35,MXN,,,,0,,0,,0,,0,,0,,0,,0,,0,,0,,1252.2964225502,0.0001881813757361545,0,0,0,0,1252.2964225502,1.088278274063872e-05,,,,,,,
2025,12,CA-0001-di2025.XLS,10,36,PEN,,,,0,,0,,0,,0,,0,,0,,0,,0,,0,,2024.79927,0.0003042646336417904,12755.39986,0.0005999319790065166,3310.96951,0.0011793574615645182,18091.16864,0.0001572169769777364,,,,,,,
2025,12,CA-0001-di2025.XLS,10,37,USD,,,,0,,0,,0,,0,,0,,0,,0,,0,,0,,95967.054308628,0.014420876702951644,171211.325332542,0.008052679677819249,35048.381414949,0.012484128897181928,302226.761056119,0.0026264294297693143,,,,,,,
2025,12,CA-0001-di2025.XLS,10,38,BNP PARIBAS ASSET MANAGEMENT S.A.S,,,,0,,0,,0,,0,0,0,0,0,0,0,,0,,0,,0,,0,,0,,0,0,,,,,,,
2025,12,CA-0001-di2025.XLS,10,39,USD,,,,0,,0,,0,,0,0,0,0,0,0,0,,0,,0,,0,,0,,0,,0,0,,,,,,,
2025,12,CA-0001-di2025.XLS,10,40,SOCIETE GENERALE ASSET MANAGEMENT,,,,0,,0,,0,,0,,0,,0,,0,,0,,0,,697.016782128,0.00010474003966642854,22021.46139417,0.0010357479232187719,4405.285492002,0.00156914954958751,27123.7636683,0.0002357125851317411,,,,,,,
2025,12,CA-0001-di2025.XLS,10,41,USD,,,,0,,0,,0,,0,,0,,0,,0,,0,,0,,697.016782128,0.00010474003966642854,22021.46139417,0.0010357479232187719,4405.285492002,0.00156914954958751,27123.7636683,0.0002357125851317411,,,,,,,
2025,12,CA-0001-di2025.XLS,10,42,INTL FCStone Financial Inc.,,,,0,,0,,0,,3185.2822873379996,0.0004147767146755334,7769.207075538,0.0002958918993836917,10345.821869799001,0.0032697832982266175,0,,0,,0,,0,,0,,0,,21300.311232675,0.00018510526364128163,,,,,,,
2025,12,CA-0001-di2025.XLS,10,43,USD,,,,0,,0,,0,,3185.2822873379996,0.0004147767146755334,7769.207075538,0.0002958918993836917,10345.821869799001,0.0032697832982266175,0,,0,,0,,0,,0,,0,,21300.311232675,0.00018510526364128163,,,,,,,
2025,12,CA-0001-di2025.XLS,10,44,STATE STREET BANK AND TRUST COMPANY,,,,0,,0,,0,,0,,0,,0,,10198.375529182798,0.002120408886708829,15431.043599980101,0.00118913872281762,9101.0392498295,0.0026769833996537506,0,,0,,0,,34730.45837899239,0.0003018167473893096,,,,,,,
2025,12,CA-0001-di2025.XLS,10,45,AUD,,,,0,,0,,0,,0,,0,,0,,0,0,0,0,0,0,0,,0,,0,,0,0,,,,,,,
2025,12,CA-0001-di2025.XLS,10,46,BRL,,,,0,,0,,0,,0,,0,,0,,0,0,0,0,0,0,0,,0,,0,,0,0,,,,,,,
2025,12,CA-0001-di2025.XLS,10,47,CAD,,,,0,,0,,0,,0,,0,,0,,0,0,0,0,0,0,0,,0,,0,,0,0,,,,,,,
2025,12,CA-0001-di2025.XLS,10,48,CLP,,,,0,,0,,0,,0,,0,,0,,0,0,0,0,0,0,0,,0,,0,,0,0,,,,,,,
2025,12,CA-0001-di2025.XLS,10,49,COP,,,,0,,0,,0,,0,,0,,0,,3.111e-07,6.468277254230268e-14,8.890000000000001e-08,6.850763642364587e-15,0,0,0,,0,,0,,4.0000000000000003e-07,3.4761043933917235e-15,,,,,,,
2025,12,CA-0001-di2025.XLS,10,50,EUR,,,,0,,0,,0,,0,,0,,0,,0,0,0.479442973,3.69465746683418e-08,0.282141338,8.29891683190189e-08,0,,0,,0,,0.7615843110000001,6.618366423513271e-09,,,,,,,
2025,12,CA-0001-di2025.XLS,10,51,GBP,,,,0,,0,,0,,0,,0,,0,,0,0,0,0,0,0,0,,0,,0,,0,0,,,,,,,
2025,12,CA-0001-di2025.XLS,10,52,JPY,,,,0,,0,,0,,0,,0,,0,,0,0,0,0,0,0,0,,0,,0,,0,0,,,,,,,
2025,12,CA-0001-di2025.XLS,10,53,MXN,,,,0,,0,,0,,0,,0,,0,,5.9731699999999996e-05,1.2419196286290778e-11,0,0,0,0,0,,0,,0,,5.9731699999999996e-05,5.19084061986891e-13,,,,,,,
2025,12,CA-0001-di2025.XLS,10,54,PEN,,,,0,,0,,0,,0,,0,,0,,1935.55375,0.00040243324639874955,7166.73618,0.000552279141241427,445.99949,0.00013118647202915932,0,,0,,0,,9548.28942,8.297712700559426e-05,,,,,,,
2025,12,CA-0001-di2025.XLS,10,55,USD,,,,0,,0,,0,,0,,0,,0,,8262.82171914,0.0017179756278262006,8263.8279726,0.000636822634661907,8654.757609855,0.0025457139359159283,0,,0,,0,,25181.407301595,0.00021883300138215197,,,,,,,
2025,12,CA-0001-di2025.XLS,10,56,HKD,,,,0,,0,,0,,0,,0,,0,,0,0,4.3182000000000004e-06,3.327667892065102e-13,8.6365e-06,2.540343635101095e-12,0,,0,,0,,1.29547e-05,1.1257972396267939e-13,,,,,,,
2025,12,CA-0001-di2025.XLS,10,57,CHF,,,,0,,0,,0,,0,,0,,0,,0,0,0,0,0,0,0,,0,,0,,0,0,,,,,,,
2025,12,CA-0001-di2025.XLS,10,58,SEK,,,,0,,0,,0,,0,,0,,0,,0,0,0,0,0,0,0,,0,,0,,0,0,,,,,,,
2025,12,CA-0001-di2025.XLS,10,59,ACCIONES EN EL EXTRANJERO,,,,0,,0,,17829.9403070778,0.0039148437161385784,6920.5272677838,0.0009011677160810505,135896.68739879687,0.005175654164372665,10165.716312413599,0.00321286117537665,0,,15255.2725789807,0.0011755935516135254,0,,0,,579.7210387267,2.7266349456097932e-05,0,,186647.86490377947,0.001622018658023032,,,,,,,
2025,12,CA-0001-di2025.XLS,10,60,Auna S.A.A.,,,,0,,0,,17829.9403070778,0.0039148437161385784,6920.5272677838,0.0009011677160810505,131519.304770183,0.005008940618483549,10165.716312413599,0.00321286117537665,0,,15255.2725789807,0.0011755935516135254,0,,0,,579.7210387267,2.7266349456097932e-05,0,,182270.4822751656,0.0015839780605558284,,,,,,,
2025,12,CA-0001-di2025.XLS,10,61,LU2791994721,USD,,,0,,0,,17829.9403070778,0.0039148437161385784,6920.5272677838,0.0009011677160810505,131519.304770183,0.005008940618483549,10165.716312413599,0.00321286117537665,0,,15255.2725789807,0.0011755935516135254,0,,0,,579.7210387267,2.7266349456097932e-05,0,,182270.4822751656,0.0015839780605558284,,,,,,,
2025,12,CA-0001-di2025.XLS,10,62,Aclara Resources Inc,,,,0,,0,,0,,0,,4377.3826286139,0.00016671354588911538,0,,0,,0,,0,,0,,0,,0,,4377.3826286139,3.804059746720347e-05,,,,,,,
2025,12,CA-0001-di2025.XLS,10,63,CA00461M1032,CAD,,,0,,0,,0,,0,,4377.3826286139,0.00016671354588911538,0,,0,,0,,0,,0,,0,,0,,4377.3826286139,3.804059746720347e-05,,,,,,,
2025,12,CA-0001-di2025.XLS,10,64,TIT. DEUDA EMITIDOS POR ESTADOS DEL EXTRANJER,,,,233139.3389712848,0.14194040497228352,50856.5865482604,0.0039623895229633005,0,,829451.7628453717,0.10800841060223625,339298.40189738915,0.012922251604204734,0,,425446.73949688807,0.08845732780373355,188858.3374838168,0.014553698897542778,26787.8680893353,0.007879394453617862,892272.1776736072,0.13408087965609677,611111.5213947236,0.0287427558875461,3705.18309,0.0013197751626695521,3600927.917490677,0.031293003385690625,,,,,,,
2025,12,CA-0001-di2025.XLS,10,65,REPUBLICA DE CHILE,,,,51512.833023,0.031362156265935075,16908.792519000002,0.00131741484969045,0,,219922.4644095,0.02863756146000878,0,,0,,169087.92519,0.035156142091657544,0,,0,,0,,0,,0,,457432.0151415,0.0039752035937784935,,,,,,,
2025,12,CA-0001-di2025.XLS,10,66,CL0002839505,CLP,6,7.254794520547946,51512.833023,0.031362156265935075,16908.792519000002,0.00131741484969045,0,,140382.300681,0.018280109648843627,0,,0,,169087.92519,0.035156142091657544,0,,0,,0,,0,,0,,377891.85141299997,0.003283978812309154,,,,,,,
2025,12,CA-0001-di2025.XLS,10,67,CL0002187822,CLP,5,9.169863013698631,0,,0,,0,,79540.16372849999,0.010357451811165154,0,,0,,0,,0,,0,,0,,0,,0,,79540.16372849999,0.0006912247814693396,,,,,,,
2025,12,CA-0001-di2025.XLS,10,68,REPUBLICA DE COLOMBIA,,,,49427.654573499996,0.03009265333748265,4380.623065000001,0.00034130751029339625,0,,188047.46840746969,0.02448690700323631,0,,0,,0,,0.0813947953,6.272401623385241e-09,0,,376795.915893326,0.05662075890960079,398687.616379933,0.018751701500967617,3705.18309,0.0013197751626695521,1021044.5428040241,0.008873143552724278,,,,,,,
2025,12,CA-0001-di2025.XLS,10,69,COL17CT02914,COP,6,2.326027397260274,0,,0,,0,,0,,0,,0,,0,,0.0813947953,6.272401623385241e-09,0,,0,,0,,0,,0.0813947953,7.073420138538749e-10,,,,,,,
2025,12,CA-0001-di2025.XLS,10,70,COL17CT03862,COP,13.25,7.115068493150685,0,,0,,0,,0,,0,,0,,0,,0,,0,,55360.630325000006,0.008318988530658012,211376.95215,0.009941812456808021,0,,266737.582475,0.0023180192058100866,,,,,,,
2025,12,CA-0001-di2025.XLS,10,71,COL17CT03771,COP,7,5.235616438356164,14820.73236,0.00902319086279699,0,,0,,0,,0,,0,,0,,0,,0,,143761.10389199998,0.021602842442569006,74103.6618,0.003485359687916801,3705.18309,0.0013197751626695521,236390.681142,0.0020542967131864202,,,,,,,
2025,12,CA-0001-di2025.XLS,10,72,US195325EP60,USD,7.75,10.860273972602739,0,,0,,0,,0,,0,,0,,0,,0,,0,,13787.6520478277,0.002071857176792036,0,,0,,13787.6520478277,0.00011981829464502565,,,,,,,
2025,12,CA-0001-di2025.XLS,10,73,COL17CT03995,COP,11,3.643835616438356,34606.9222135,0.02106946247468566,4380.623065000001,0.00034130751029339625,0,,0,,0,,0,,0,,0,,0,,0,,0,,0,,38987.5452785,0.0003388119435753815,,,,,,,
2025,12,CA-0001-di2025.XLS,10,74,XS3183160236,EUR,5.625,10.142465753424657,0,,0,,0,,56603.5012149665,0.007370716989952315,0,,0,,0,,0,,0,,37735.6674766443,0.005670502360468355,113207.002429933,0.005324529356242795,0,,207546.1711215438,0.001803630393168072,,,,,,,
2025,12,CA-0001-di2025.XLS,10,75,US195325EG61,USD,7.5,8.095890410958905,0,,0,,0,,0,,0,,0,,0,,0,,0,,36470.9441469,0.005480453605372313,0,,0,,36470.9441469,0.0003169420229504581,,,,,,,
2025,12,CA-0001-di2025.XLS,10,76,XS3183159733,EUR,5,6.723287671232876,0,,0,,0,,0,,0,,0,,0,,0,,0,,51929.508322853995,0.007803397136275872,0,,0,,51929.508322853995,0.0004512809800693621,,,,,,,
2025,12,CA-0001-di2025.XLS,10,77,US195325CU73,USD,5,19.46849315068493,0,,0,,0,,18281.7036775032,0.002380581783965999,0,,0,,0,,0,,0,,0,,0,,0,,18281.7036775032,0.00015887277618013623,,,,,,,
2025,12,CA-0001-di2025.XLS,10,78,COL17CT03938,COP,11.5,20.578082191780823,0,,0,,0,,113162.263515,0.014735608229317994,0,,0,,0,,0,,0,,33529.55956,0.005038454580089803,0,,0,,146691.823075,0.0012747902266641222,,,,,,,
2025,12,CA-0001-di2025.XLS,10,79,US195325EF88,USD,8,7.306849315068493,0,,0,,0,,0,,0,,0,,0,,0,,0,,4220.850122100001,0.0006342630773753996,0,,0,,4220.850122100001,3.668028913319951e-05,,,,,,,
2025,12,CA-0001-di2025.XLS,10,80,GOBIERNO DE MEXICO,,,,66695.9943581319,0.04060600193426983,17642.4156185705,0.0013745736305060578,0,,77309.2930202646,0.01006695535284307,138512.48332797398,0.005275277307166904,0,,0,,0,,0,,67041.1793505679,0.010074213368327669,0,,0,,367201.3656755089,0.003191075701210193,,,,,,,
2025,12,CA-0001-di2025.XLS,10,81,MX0MGO0000B2,MXN,10,10.895890410958904,8020.165505166,0.004882854797354526,0,,0,,0,,0,,0,,0,,0,,0,,0,,0,,0,,8020.165505166,6.969733137059071e-05,,,,,,,
2025,12,CA-0001-di2025.XLS,10,82,MX0MGO0000J5,MXN,8.5,12.89041095890411,26463.6234278557,0.01611164140276857,17642.4156185705,0.0013745736305060578,0,,0,,0,,0,,0,,0,,0,,67041.1793505679,0.010074213368327669,0,,0,,111147.2183969941,0.0009658983354576514,,,,,,,
2025,12,CA-0001-di2025.XLS,10,83,MX0MGO0000R8,MXN,7.75,16.87945205479452,32212.205425110198,0.01961150573414673,0,,0,,77309.2930202646,0.01006695535284307,138512.48332797398,0.005275277307166904,0,,0,,0,,0,,0,,0,,0,,248033.9817733488,0.002155480034381951,,,,,,,
2025,12,CA-0001-di2025.XLS,10,84,GOBIERNO DE LOS ESTADOS UNIDOS,,,,0,,0,,0,,0,,0,,0,,0,,0,,0,,65293.353526146006,0.009811569267247274,0,,0,,65293.353526146006,0.0005674162826287877,,,,,,,
2025,12,CA-0001-di2025.XLS,10,85,US912810UP11,USD,4.625,29.893150684931506,0,,0,,0,,0,,0,,0,,0,,0,,0,,65293.353526146006,0.009811569267247274,0,,0,,65293.353526146006,0.0005674162826287877,,,,,,,
2025,12,CA-0001-di2025.XLS,10,86,REPUBLICA FEDERAL DE BRASIL,,,,65502.857016652895,0.03987959343459598,11924.7553456899,0.0009290935324733964,0,,344172.53700813744,0.04481698678614809,200785.91856941523,0.007646974297037828,0,,256358.814306888,0.05330118571207601,188858.2560890215,0.014553692625141154,26787.8680893353,0.007879394453617862,383141.72890356736,0.057574338110921046,212423.9050147905,0.009991054386578485,0,,1689956.6403434987,0.014686164255348876,,,,,,,
2025,12,CA-0001-di2025.XLS,10,87,BRSTNCNTF1P8,BRL,10,1.0027397260273974,36744.420830504205,0.022370819082558006,0,,0,,74081.49360988749,0.009646642201826644,103714.09105384299,0.0039499731563854175,0,,147511.07007600804,0.03066996140532979,62228.454632305504,0.004795415461367071,26787.8680893353,0.007879394453617862,132813.301743806,0.019957726771521255,195397.347545439,0.009190234621587108,0,,779278.0475811285,0.0067721296121762125,,,,,,,
2025,12,CA-0001-di2025.XLS,10,88,BRSTNCNTF238,BRL,10,9.008219178082191,0,,0,,0,,270091.04339825,0.035170344584321445,97071.82751557221,0.003697001140652411,0,,0,,0,,0,,130770.337585745,0.01965073251766826,0,,0,,497933.2084995672,0.004327169534202456,,,,,,,
2025,12,CA-0001-di2025.XLS,10,89,BRSTNCNTF204,BRL,10,5.005479452054795,28758.436186148698,0.017508774352037976,11924.7553456899,0.0009290935324733964,0,,0,,0,,0,,108847.74423088,0.02263122430674622,126629.801456716,0.009758277163774084,0,,88910.28612918369,0.01336046295398103,0,,0,,365071.02334861836,0.003172562470405361,,,,,,,
2025,12,CA-0001-di2025.XLS,10,90,US105756CN87,USD,7.25,30.052054794520547,0,,0,,0,,0,,0,,0,,0,,0,,0,,30647.8034448327,0.004605415867750497,17026.5574693515,0.0008008197649913763,0,,47674.360914184195,0.00041430263856484593,,,,,,,
2025,12,CA-0001-di2025.XLS,10,91,TIT. DEUDA EMITIDOS EMPRESAS PÚBLICAS EXTRAN,,,,91161.1961149133,0.055500959861185306,97088.35070673689,0.00756444523222371,0,,282827.5012334658,0.03682884316025432,356410.63005553227,0.013573974443249981,0,,96616.60914657959,0.020088171498671707,55740.351430719005,0.004295432767088803,0,,399431.08742625266,0.060022124307112526,494143.084139434,0.023241312827033112,0,,1873418.810253633,0.016280498392463375,,,,,,,
2025,12,CA-0001-di2025.XLS,10,92,EMPRESAS PÚBLICAS DE MEDELLIN,,,,42830.5288084341,0.026076176723632966,78145.0089589127,0.006088512536657074,0,,59781.5461419885,0.007784551279980989,93809.78155938651,0.003572765428504677,0,,0,,0,,0,,146707.11856142402,0.022045537225887278,100696.49799901199,0.004736115683289369,0,,521970.48202915787,0.0045360597145058775,,,,,,,
2025,12,CA-0001-di2025.XLS,10,93,USP9379RAZ03,COP,8.375,1.8547945205479452,42830.5288084341,0.026076176723632966,78145.0089589127,0.006088512536657074,0,,59781.5461419885,0.007784551279980989,93809.78155938651,0.003572765428504677,0,,0,,0,,0,,146707.11856142402,0.022045537225887278,100696.49799901199,0.004736115683289369,0,,521970.48202915787,0.0045360597145058775,,,,,,,
2025,12,CA-0001-di2025.XLS,10,94,ECOPETROL S.A.,,,,48330.6673064792,0.029424783137552347,18943.3417478242,0.0014759326955666363,0,,223045.9550914773,0.029044291880273326,262600.8484961458,0.010001209014745303,0,,96616.60914657959,0.020088171498671707,55740.351430719005,0.004295432767088803,0,,218737.52110822464,0.03286947635244226,379852.0070377804,0.017865795569953456,0,,1303867.3013652302,0.011330947136688717,,,,,,,
2025,12,CA-0001-di2025.XLS,10,95,US279158AQ26,USD,5.875,25.854794520547944,0,,0,,0,,44770.170119011294,0.0058298205315257074,82324.3296923517,0.003135339557991171,0,,0,,0,,0,,9987.6257450618,0.001500830888916975,78488.2180358496,0.0036915810160217297,0,,215570.34359227438,0.0018733625461151708,,,,,,,
2025,12,CA-0001-di2025.XLS,10,96,US279158AJ82,USD,5.875,19.41917808219178,30834.7088076584,0.01877285521471148,18943.3417478242,0.0014759326955666363,0,,79423.11750137781,0.010342210446296523,75783.47010689581,0.0028862295333097207,0,,0,,0,,0,,69964.0755219642,0.01051343415724216,104819.824337961,0.004930050437022394,0,,379768.5380236814,0.0033002877087401766,,,,,,,
2025,12,CA-0001-di2025.XLS,10,97,US279158AS81,USD,8.875,7.041095890410959,0,,0,,0,,31214.5968012026,0.00406465950053813,3716.0234287146,0.00014152554048130076,0,,96616.60914657959,0.020088171498671707,55740.351430719005,0.004295432767088803,0,,61477.891604654294,0.009238223483831975,78809.4248761792,0.003706688520098781,0,,327574.8972880492,0.0028467113490695767,,,,,,,
2025,12,CA-0001-di2025.XLS,10,98,US279158AV11,USD,8.375,10.057534246575342,14339.550590660401,0.008730236719979615,0,,0,,41516.583847609494,0.005406149502452403,50188.4270673114,0.0019114368902309509,0,,0,,0,,0,,0,,21509.3258859906,0.0010116603624747865,0,,127553.88739157187,0.0011084765708900906,,,,,,,
2025,12,CA-0001-di2025.XLS,10,99,US279158AW93,USD,7.75,6.090410958904109,0,,0,,0,,22333.7973324837,0.002908231750956834,50588.5982008723,0.0019266774927321605,0,,0,,0,,0,,77307.92823654429,0.011616987822451148,96225.2139018,0.004525815234335763,0,,246455.5376717003,0.002141762943190792,,,,,,,
2025,12,CA-0001-di2025.XLS,10,100,US279158AE95,USD,7.375,17.726027397260275,3156.4079081604,0.0019216912028612522,0,,0,,3787.6894897924,0.0004932201485037268,0,,0,,0,,0,,0,,0,,0,,0,,6944.097397952801,6.034601868290941e-05,,,,,,,
2025,12,CA-0001-di2025.XLS,10,101,Empresa de Energia de Bogota S.A. E.S.P.,,,,0,,0,,0,,0,,0,,0,,0,,0,,0,,33986.447756604,0.0051071107287829895,13594.5791026416,0.0006394015737902874,0,,47581.0268592456,0.0004134915412687831,,,,,,,
2025,12,CA-0001-di2025.XLS,10,102,USP4R53VAC78,USD,5.75,9.813698630136987,0,,0,,0,,0,,0,,0,,0,,0,,0,,33986.447756604,0.0051071107287829895,13594.5791026416,0.0006394015737902874,0,,47581.0268592456,0.0004134915412687831,,,,,,,
2025,12,CA-0001-di2025.XLS,10,103,BONO SISTEMA FINANCIERO EXTRANJERO,,,,0,,0,,0,,309217.7611460405,0.04026529378489235,309667.6841036947,0.011793759432116335,0,,81102.8392478701,0.0168626052832045,0,,0,,243837.0247315448,0.03664115455664287,396983.204768062,0.018671536939873924,0,,1340808.5139972118,0.011651975915506842,,,,,,,
2025,12,CA-0001-di2025.XLS,10,104,BBVA Bancomer S.A.,,,,0,,0,,0,,100750.40857593348,0.0131193783475521,97368.41752492181,0.003708296834067637,0,,0,,0,,0,,25532.409655719803,0.0038367305762065478,24930.848196207702,0.001172586768021707,0,,248582.08395278282,0.0021602431853668465,,,,,,,
2025,12,CA-0001-di2025.XLS,10,105,USP1S81BAA64,USD,8.45,12.501369863013698,0,,0,,0,,30555.1994459364,0.003978795001253321,24965.833693631,0.0009508290716777295,0,,0,,0,,0,,0,,0,,0,,55521.03313956741,0.0004824922680552443,,,,,,,
2025,12,CA-0001-di2025.XLS,10,106,USP16259AN67,USD,5.875,8.706849315068494,0,,0,,0,,16416.05837383,0.0021376437458261806,20520.0729672876,0.0007815113314330371,0,,0,,0,,0,,0,,16381.8582522179,0.0007704972598998807,0,,53317.9895933355,0.0004633472446805193,,,,,,,
2025,12,CA-0001-di2025.XLS,10,107,USP1S81BAB48,USD,8.125,13.03013698630137,0,,0,,0,,48322.5720656601,0.006292402329847058,43414.8108402415,0.0016534622794840597,0,,0,,0,,0,,7550.4018852594,0.0011345916098965873,0,,0,,99287.784791161,0.0008628367623067167,,,,,,,
2025,12,CA-0001-di2025.XLS,10,108,USP16259AM84,USD,5.125,7.054794520547945,0,,0,,0,,0,,8467.700023761701,0.00032249415147281025,0,,0,,0,,0,,17982.0077704604,0.00270213896630996,8548.9899439898,0.00040208950812182625,0,,34998.6977382119,0.0003041478174269684,,,,,,,
2025,12,CA-0001-di2025.XLS,10,109,USP2000GAA15,USD,7.625,9.12054794520548,0,,0,,0,,5456.578690507,0.0007105372706255395,0,,0,,0,,0,,0,,0,,0,,0,,5456.578690507,4.74190928973976e-05,,,,,,,
2025,12,CA-0001-di2025.XLS,10,110,GRUPO FINANCIERO BANORTE,,,,0,,0,,0,,88364.30114344519,0.011506501219239813,135569.365960402,0.005163188057963863,0,,60621.743599704896,0.012604250891602395,0,,0,,64278.5082471054,0.00965906944585491,95054.186845587,0.004470737652526106,0,,443888.1057962445,0.0038575034868316388,,,,,,,
2025,12,CA-0001-di2025.XLS,10,111,USP1401KAB72,USD,6.625,6.068493150684931,0,,0,,0,,22661.029036118,0.002950842759566857,70418.8215153074,0.002681915753813604,0,,0,,0,,0,,0,,0,,0,,93079.85055142539,0.0008088881935951371,,,,,,,
2025,12,CA-0001-di2025.XLS,10,112,USP1400MAD04,USD,8.375,5.3863013698630136,0,,0,,0,,65703.2721073272,0.008555658459672957,65150.5444450946,0.002481272304150259,0,,60621.743599704896,0.012604250891602395,0,,0,,14706.1218003048,0.0022098747407496284,0,,0,,206181.68195243148,0.0017917726261793554,,,,,,,
2025,12,CA-0001-di2025.XLS,10,113,USP1400MAE86,USD,8.75,9.389041095890411,0,,0,,0,,0,,0,,0,,0,,0,,0,,49572.3864468006,0.007449194705105281,88570.2037814818,0.004165772787904969,0,,138142.59022828238,0.0012004951620176124,,,,,,,
2025,12,CA-0001-di2025.XLS,10,114,USP1400MAC21,USD,8.375,4.789041095890411,0,,0,,0,,0,,0,,0,,0,,0,,0,,0,,6483.983064105199,0.00030496486462113707,0,,6483.983064105199,5.634750503953403e-05,,,,,,,
2025,12,CA-0001-di2025.XLS,10,115,BANCOLOMBIA S.A.,,,,0,,0,,0,,60957.858844433,0.007937726752086094,48614.7941719094,0.0018515047476292668,0,,0,,0,,0,,43283.6867534436,0.0065041978668347366,53260.5765501123,0.002505035000348233,0,,206116.9163198983,0.0017912097959298817,,,,,,,
2025,12,CA-0001-di2025.XLS,10,116,US05968LAN29,USD,8.625,8.986301369863014,0,,0,,0,,60957.858844433,0.007937726752086094,48614.7941719094,0.0018515047476292668,0,,0,,0,,0,,43283.6867534436,0.0065041978668347366,53260.5765501123,0.002505035000348233,0,,206116.9163198983,0.0017912097959298817,,,,,,,
2025,12,CA-0001-di2025.XLS,10,117,Grupo Aval Acciones y Valores S.A.,,,,0,,0,,0,,0,,3807.1453642245,0.0001449959387228968,0,,0,,0,,0,,0,,0,,0,,3807.1453642245,3.3085086817154295e-05,,,,,,,
2025,12,CA-0001-di2025.XLS,10,118,USG42045AC15,USD,4.375,4.098630136986301,0,,0,,0,,0,,3807.1453642245,0.0001449959387228968,0,,0,,0,,0,,0,,0,,0,,3807.1453642245,3.3085086817154295e-05,,,,,,,
2025,12,CA-0001-di2025.XLS,10,119,Banco de Crédito e Inversiones,,,,0,,0,,0,,17937.7114630118,0.002335788278169706,0,,0,,0,,0,,0,,20866.42492425,0.003135577550356806,18559.188079875,0.0008729048525111124,0,,57363.3244671368,0.0004985022604994229,,,,,,,
2025,12,CA-0001-di2025.XLS,10,120,USP32133CH47,USD,7.5,8.953424657534246,0,,0,,0,,17937.7114630118,0.002335788278169706,0,,0,,0,,0,,0,,0,,0,,0,,17937.7114630118,0.000155883394059921,,,,,,,
2025,12,CA-0001-di2025.XLS,10,121,US05890PAC05,USD,8.75,3.3534246575342466,0,,0,,0,,0,,0,,0,,0,,0,,0,,20866.42492425,0.003135577550356806,18559.188079875,0.0008729048525111124,0,,39425.613004125,0.0003426188664395019,,,,,,,
2025,12,CA-0001-di2025.XLS,10,122,Banco Davivienda S.A.,,,,0,,0,,0,,41207.481119217,0.005365899187844643,24307.961082237,0.0009257738537326731,0,,20481.0956481652,0.004258354391602105,0,,0,,89875.995151026,0.01350557911738987,205178.40509628,0.009650272666466769,0,,381050.9380969252,0.0033114321000618984,,,,,,,
2025,12,CA-0001-di2025.XLS,10,123,USP0R137PD99,USD,8.125,9.506849315068493,0,,0,,0,,41207.481119217,0.005365899187844643,24307.961082237,0.0009257738537326731,0,,0,,0,,0,,89875.995151026,0.01350557911738987,205178.40509628,0.009650272666466769,0,,360569.84244876,0.0031334460336517405,,,,,,,
2025,12,CA-0001-di2025.XLS,10,124,USP0R11WAG52,USD,6.65,15.317808219178081,0,,0,,0,,0,,0,,0,,20481.0956481652,0.004258354391602105,0,,0,,0,,0,,0,,20481.0956481652,0.00017798606641015788,,,,,,,
2025,12,CA-0001-di2025.XLS,10,125,BONOS DE EMPRESA PRIVADA EXTRANJERA,,,,0,,0,,0,,15392.922,0.0020044143785298515,32709.95925,0.0012457657360838762,0,,0,,0,,0,,90642.84193052878,0.013620812443419667,60643.938677946906,0.0028523008721900254,0,,199389.66185847568,0.0017327481989578436,,,,,,,
2025,12,CA-0001-di2025.XLS,10,126,Inversiones CMPC S.A.,,,,0,,0,,0,,0,,0,,0,,0,,0,,0,,74852.2582425288,0.011247976660631504,60643.938677946906,0.0028523008721900254,0,,135496.1969204757,0.001177497313507839,,,,,,,
2025,12,CA-0001-di2025.XLS,10,127,USP58072BA92,USD,6.7,31.96164383561644,0,,0,,0,,0,,0,,0,,0,,0,,0,,74852.2582425288,0.011247976660631504,60643.938677946906,0.0028523008721900254,0,,135496.1969204757,0.001177497313507839,,,,,,,
2025,12,CA-0001-di2025.XLS,10,128,Cemex S.A.B. de C.V.,,,,0,,0,,0,,0,,0,,0,,0,,0,,0,,15790.583687999999,0.002372835782788163,0,,0,,15790.583687999999,0.0001372242933301912,,,,,,,
2025,12,CA-0001-di2025.XLS,10,129,USP2253TJW01,USD,7.2,4.443835616438356,0,,0,,0,,0,,0,,0,,0,,0,,0,,15790.583687999999,0.002372835782788163,0,,0,,15790.583687999999,0.0001372242933301912,,,,,,,
2025,12,CA-0001-di2025.XLS,10,130,Grupo Nutresa S.A.,,,,0,,0,,0,,15392.922,0.0020044143785298515,32709.95925,0.0012457657360838762,0,,0,,0,,0,,0,,0,,0,,48102.88125,0.0004180265921198134,,,,,,,
2025,12,CA-0001-di2025.XLS,10,131,USP4R21KAB22,USD,9,9.367123287671232,0,,0,,0,,15392.922,0.0020044143785298515,32709.95925,0.0012457657360838762,0,,0,,0,,0,,0,,0,,0,,48102.88125,0.0004180265921198134,,,,,,,
2025,12,CA-0001-di2025.XLS,10,132,FONDOS MUTUOS DEL EXTRANJERO,,,,500468.7187830432,0.30469646578510046,3519302.6099720295,0.2741994446807317,2050849.4550878368,0.4502962412504397,2117866.366326045,0.2757814141115438,7029138.526312298,0.26770623171188984,1361959.303243294,0.430445433785127,1492862.0761058147,0.31039041499769254,3931417.033357117,0.30296072975360844,1583186.8168616425,0.4656792165102109,1690490.8297329347,0.25402842672078674,6228680.372654831,0.29295706787555487,1299509.700865645,0.462881478510315,32805731.809302524,0.285090371176868,,,,,,,
2025,12,CA-0001-di2025.XLS,10,133,ALLIANZ GLOBAL INVESTORS,,,,279.20548756100004,0.0001699864988455398,1277.3428561117,9.952162136336195e-05,18476.5637455151,0.004056820058239359,15.533723335500001,2.0227490534793123e-06,28.5998620009,1.0892318105669446e-06,15.6049007446,4.931908210610676e-06,0,,0,,0,,0,,0,,0,,20092.850575268796,0.0001746121154011382,,,,,,,
2025,12,CA-0001-di2025.XLS,10,134,LU0852482198,EUR,,,129.3007799548,7.872118515475815e-05,17.406745049599998,1.3562118280977628e-06,1740.6473352233,0.00038218648884692324,9.056579110000001,1.1793171815186932e-06,9.056579110000001,3.4492173637822577e-07,9.056579110000001,2.8623198316792024e-06,0,,0,,0,,0,,0,,0,,1914.5245975576997,1.6637718412067106e-05,,,,,,,
2025,12,CA-0001-di2025.XLS,10,135,LU1548499711,EUR,,,0,,12.6181103838,9.831149075826792e-07,12908.478339961199,0.0028342593661992085,0,,0,,0,,0,,0,,0,,0,,0,,0,,12921.096450344998,0.00011228770034620612,,,,,,,
2025,12,CA-0001-di2025.XLS,10,136,LU1997245763,USD,,,149.90470760620002,9.126531369078164e-05,1247.3180006783,9.718229462768151e-05,3827.4380703305997,0.0008403742031932274,6.4771442255,8.434318719606193e-07,19.543282890900002,7.443100741887188e-07,6.5483216346,2.0695883789314737e-06,0,,0,,0,,0,,0,,0,,5257.2295273661,4.568669664286498e-05,,,,,,,
2025,12,CA-0001-di2025.XLS,10,137,AXA FUNDS MANAGEMENT,,,,3.6328866467,2.2117820361260904e-06,0.848862513,6.613742990311943e-08,207.256573449,4.550643918157964e-05,0.8538470637000001,1.1118508438786177e-07,1.2836406698,4.8887727179929064e-08,0,,0,,0,,0,,0,,0,,0,,213.8758103422,1.8586366099268408e-06,,,,,,,
2025,12,CA-0001-di2025.XLS,10,138,LU0276015889,USD,,,2.1235653398,1.2928737194088124e-06,0,,0,,0,,0,,0,,0,,0,,0,,0,,0,,0,,2.1235653398,1.845433701833292e-08,,,,,,,
2025,12,CA-0001-di2025.XLS,10,139,LU0211118053,USD,,,1.4325468231,8.721663066807298e-07,0,,0,,0,,0,,0,,0,,0,,0,,0,,0,,0,,1.4325468231,1.2449205763793164e-08,,,,,,,
2025,12,CA-0001-di2025.XLS,10,140,LU0998992639,USD,,,0.0767744838,4.674201003654826e-08,0,,0,,0.8538470637000001,1.1118508438786177e-07,1.2836406698,4.8887727179929064e-08,0,,0,,0,,0,,0,,0,,0,,2.2142622173,1.9242516554194573e-08,,,,,,,
2025,12,CA-0001-di2025.XLS,10,141,LU1694772994,USD,,,0,,0.848862513,6.613742990311943e-08,207.256573449,4.550643918157964e-05,0,,0,,0,,0,,0,,0,,0,,0,,0,,208.105435962,1.8084905505905202e-06,,,,,,,
2025,12,CA-0001-di2025.XLS,10,142,BlackRock Fund Advisors,,,,56138.1754703544,0.034178167424797616,524167.12321474083,0.04083943611388419,595203.5539588006,0.1306862980418386,211612.15512870002,0.02755542101828722,1817332.4226362999,0.06921349078704842,353564.5189413,0.11174359789187552,75541.3763988,0.015706286297447934,562996.9825404,0.04338536848986212,264421.1063556,0.07777693215038942,78583.35101923498,0.011808644374023184,1121023.033363389,0.05272571415237361,310101.519884877,0.11045723623070378,5970685.318912498,0.05188681367157798,,,,,,,
2025,12,CA-0001-di2025.XLS,10,143,US4642872000,USD,,,2002.75291602,0.001219320433924339,74216.95863504,0.005782466328970368,38881.03074894,0.008536941587182758,0,,0,,0,,0,,0,,0,,0,,0,,0,,115100.74230000001,0.0010002554899791963,,,,,,,
2025,12,CA-0001-di2025.XLS,10,144,US4642875235,USD,,,8562.662396099999,0.005213138947318856,314429.8699731,0.02449817628451789,470111.420381625,0.10322035342066811,80869.5892965,0.01053056512413357,1074583.7666594998,0.04092575068115856,257082.29888999998,0.08125052004172545,51821.313792,0.010774497759084631,305968.4210805,0.023578372720472304,92610.3557025,0.02724044782646839,23401.574144235,0.003516531978815291,338543.987181975,0.015922931969209086,110009.969089185,0.03918522278745247,3127995.228587221,0.027183094891500958,,,,,,,
2025,12,CA-0001-di2025.XLS,10,145,US46434G1031,USD,,,0,,0,,0,,0,,0,,0,,0,,0,,36395.6633478,0.010705435272490701,0,,0,,0,,36395.6633478,0.00031628781315923423,,,,,,,
2025,12,CA-0001-di2025.XLS,10,146,US4642873909,USD,,,0,,0,,0,,0,,0,,0,,0,,0,,0,,6447.382514999999,0.0009688419528494595,107405.2055475,0.005051650142445113,30415.271166000002,0.010833828848858909,144267.8592285,0.0012537253482235188,,,,,,,
2025,12,CA-0001-di2025.XLS,10,147,US4642864007,USD,,,0,,0,,16427.135425671,0.0036068358495747223,0,,0,,0,,0,,0,,0,,6641.4543246,0.0009980049365204992,218537.801981514,0.010278612781214995,57151.102548492,0.020357052224018513,298757.49428027694,0.002596280596065934,,,,,,,
2025,12,CA-0001-di2025.XLS,10,148,US4642891315,USD,,,1272.8784160344,0.0007749566360169468,46816.1987035008,0.0036475907613596013,26441.0179128648,0.00580554118756056,0,,0,,0,,0,,0,,0,,0,,0,,0,,74530.0950324,0.0006476859769550708,,,,,,,
2025,12,CA-0001-di2025.XLS,10,149,US46435G1022,USD,,,42208.702875,0.025697595291587404,13241.946,0.0010317198155691115,0,,57668.674829999996,0.007509420304995669,0,,0,,0,,0,,0,,0,,0,,0,,113119.323705,0.0009830364452711275,,,,,,,
2025,12,CA-0001-di2025.XLS,10,150,US46434G8226,USD,,,0,,0,,0,,0,,0,,0,,0,,0,,0,,13567.953300000001,0.0020388432578274393,87377.619252,0.004109681281189587,33648.524184,0.01198550392783126,134594.096736,0.0011696578274715008,,,,,,,
2025,12,CA-0001-di2025.XLS,10,151,US4642882579,USD,,,0,,0,,0,,0,,0,,0,,2187.4552086,0.0004548076750380876,0,,32906.9348772,0.009679259256177995,0,,0,,0,,35094.3900858,0.0003049794089016308,,,,,,,
2025,12,CA-0001-di2025.XLS,10,152,US4642867729,USD,,,2091.1788672,0.0012731561159500758,75462.1499031,0.005879482923467214,43342.9494897,0.009516625996852443,15226.3961268,0.0019827299410566206,283158.6884868,0.01078415871127395,53586.458472000006,0.016935929221277415,21532.6073982,0.004476980863325215,160890.0740952,0.012398423734856475,70348.5640794,0.020692355352006638,28524.986735399998,0.004286422248010496,369158.41940039996,0.017362837978314827,78876.65289720001,0.028095628442542618,1202199.1259514003,0.010447424158628378,,,,,,,
2025,12,CA-0001-di2025.XLS,10,153,US46434G7723,USD,,,0,,0,,0,,0,,187233.9140313,0.007130843329713646,42895.7615793,0.013557148628872648,0,,0,,0,,0,,0,,0,,230129.67561059998,0.001999886941099547,,,,,,,
2025,12,CA-0001-di2025.XLS,10,154,US4642867646,USD,,,0,,0,,0,,0,,0,,0,,0,,63650.683604699996,0.004905014500008216,21615.5039967,0.006357993168241663,0,,0,,0,,85266.1876014,0.0007409854233224736,,,,,,,
2025,12,CA-0001-di2025.XLS,10,155,US4642871762,USD,,,0,,0,,0,,57847.4948754,0.007532705648101358,272356.0534587,0.010372738064902265,0,,0,,0,,0,,0,,0,,0,,330203.5483341,0.0028695550126942534,,,,,,,
2025,12,CA-0001-di2025.XLS,10,156,US4642867802,USD,,,0,,0,,0,,0,,0,,0,,0,,32487.803760000003,0.002503557534525124,10544.084352,0.003101441275004024,0,,0,,0,,43031.888112,0.00037395833830516066,,,,,,,
2025,12,CA-0001-di2025.XLS,10,157,BNP PARIBAS INVESTMENT PARTNERS LUXEMBOURG ,,,,2712.3037179463,0.0016513107132921305,123611.9458904696,0.009630978257746581,76213.626881604,0.016733900009925355,23614.8182325,0.0030750419713418864,239288.143845645,0.009113339713317264,42889.40420373,0.013555139388744513,0,,0,,0,,0,,0,,0,,508330.2427718949,0.0044175224754831625,,,,,,,
2025,12,CA-0001-di2025.XLS,10,158,LU0823432371,EUR,,,63.9745721938,3.894913970839985e-05,529.8169786686,4.1279633334658815e-05,117.78758709899999,2.5862116600053828e-05,0,,0,,0,,0,,0,,0,,0,,0,,0,,711.5791379614,6.1838084192837934e-06,,,,,,,
2025,12,CA-0001-di2025.XLS,10,159,LU0102000758,JPY,,,2648.3291457524997,0.0016123615735837305,123082.128911801,0.009589698624411922,76095.839294505,0.0167080378933253,23614.8182325,0.0030750419713418864,239288.143845645,0.009113339713317264,42889.40420373,0.013555139388744513,0,,0,,0,,0,,0,,0,,507618.66363393347,0.004411338667063879,,,,,,,
2025,12,CA-0001-di2025.XLS,10,160,DIMENSIONAL FUND ADVISOR,,,,0,,0,,0,,0,,0.19066385700000002,7.261473435195305e-09,0,,0,,0,,0,,0,,0,,0,,0.19066385700000002,1.6569186774467782e-09,,,,,,,
2025,12,CA-0001-di2025.XLS,11,1,INVERSIÓN EN INSTRUMENTOS DERIVADOS LOCALES Y EXTRANJEROS,,,,,,,,,,,,,,,,,,,,,,,,,,,,,,,,,,,,
2025,12,CA-0001-di2025.XLS,11,2,(Valores Nocionales en miles de Soles),,,,,,,,,,,,,,,,,,,,,,,,,,,,,,,,,,,,
2025,12,CA-0001-di2025.XLS,11,3,Al 31-12-2025,,,,,,,,,,,,,,,,,,,,,,,,,,,,,,,,,,,,
2025,12,CA-0001-di2025.XLS,11,4,,HÁBITAT F1,,HÁBITAT F2,,HÁBITAT F3,,INTEGRA F1,,INTEGRA F2,,INTEGRA F3,,PROFUTURO F1,,PROFUTURO F2,,PROFUTURO F3,,PRIMA F1,,PRIMA F2,,PRIMA F3,,SISTEMA,,,,,,,,,,,
2025,12,CA-0001-di2025.XLS,11,5,,Monto,%,Monto,%,Monto,%,Monto,%,Monto,%,Monto,%,Monto,%,Monto,%,Monto,%,Monto,%,Monto,%,Monto,%,Monto,%,,,,,,,,,,
2025,12,CA-0001-di2025.XLS,11,6,I. Nacional,1093856.0101653673,0.6659638212466655,2565547.7277038353,0.19988953500190637,1230276.673817223,0.2701265861049083,1162124.0038646162,0.1513278676381857,3148359.872553048,0.1199059535388442,795445.8363739019,0.25139960296550307,1199841.2999999998,0.24946660846917634,1519126.8,0.1170661265419759,332729.1,0.09786907328175948,1371247.2000000002,0.20605599435065525,3087658.8299999996,0.14522361452484064,292398.30000000005,0.10415140212323504,17798611.654477987,0.15467458042100998,,,,,,,,,,
2025,12,CA-0001-di2025.XLS,11,7,1. Forwards,1093856.0101653673,0.6659638212466655,2565547.7277038353,0.19988953500190637,1230276.673817223,0.2701265861049083,1162124.0038646162,0.1513278676381857,3148359.872553048,0.1199059535388442,795445.8363739019,0.25139960296550307,1199841.2999999998,0.24946660846917634,1519126.8,0.1170661265419759,332729.1,0.09786907328175948,1371247.2000000002,0.20605599435065525,3087658.8299999996,0.14522361452484064,292398.30000000005,0.10415140212323504,17798611.654477987,0.15467458042100998,,,,,,,,,,
2025,12,CA-0001-di2025.XLS,11,8,Monedas,1093856.0101653673,0.6659638212466655,2565547.7277038353,0.19988953500190637,1230276.673817223,0.2701265861049083,1162124.0038646162,0.1513278676381857,3148359.872553048,0.1199059535388442,795445.8363739019,0.25139960296550307,1199841.2999999998,0.24946660846917634,1519126.8,0.1170661265419759,332729.1,0.09786907328175948,1371247.2000000002,0.20605599435065525,3087658.8299999996,0.14522361452484064,292398.30000000005,0.10415140212323504,17798611.654477987,0.15467458042100998,,,,,,,,,,
2025,12,CA-0001-di2025.XLS,11,9,II. Extranjero,173715.61517455577,0.1057619227912574,111439.44152249998,0.008682581854262092,0,0,7435548.474594091,0.9682320403320497,17649560.6996554,0.6721872628613337,3385102.4957264066,1.069857159982833,3329343.43303256,0.6922248922984704,8028175.398322046,0.6186629036372387,2753238.7081379793,0.8098387573823048,3723757.2756344723,0.5595654147197878,8489592.669731967,0.39929584232661736,1046211.19046812,0.37265730479374737,56125685.40200006,0.48774685402003537,,,,,,,,,,
2025,12,CA-0001-di2025.XLS,11,10,1. Forwards,173715.61517455577,0.1057619227912574,111439.44152249998,0.008682581854262092,0,0,7435548.474594091,0.9682320403320497,17649560.6996554,0.6721872628613337,3363475.8772334065,1.0630220958540029,3329343.43303256,0.6922248922984704,8028175.398322046,0.6186629036372387,2753238.7081379793,0.8098387573823048,3723757.2756344723,0.5595654147197878,8489592.669731967,0.39929584232661736,1046211.19046812,0.37265730479374737,56104058.783507064,0.4875589130611411,,,,,,,,,,
2025,12,CA-0001-di2025.XLS,11,11,Monedas,173715.61517455577,0.1057619227912574,111439.44152249998,0.008682581854262092,0,0,7435548.474594091,0.9682320403320497,17649560.6996554,0.6721872628613337,3363475.8772334065,1.0630220958540029,3329343.43303256,0.6922248922984704,8028175.398322046,0.6186629036372387,2753238.7081379793,0.8098387573823048,3723757.2756344723,0.5595654147197878,8489592.669731967,0.39929584232661736,1046211.19046812,0.37265730479374737,56104058.783507064,0.4875589130611411,,,,,,,,,,
2025,12,CA-0001-di2025.XLS,11,12,2. Swaps,0,0,0,0,0,0,0,0,0,0,0,0,0,0,0,0,0,0,0,0,0,0,0,0,0,0,,,,,,,,,,
2025,12,CA-0001-di2025.XLS,11,13,Interest Rate Swap,0,0,0,0,0,0,0,0,0,0,0,0,0,0,0,0,0,0,0,0,0,0,0,0,0,0,,,,,,,,,,
2025,12,CA-0001-di2025.XLS,11,14,3. Futuros,0,0,0,0,0,0,0,0,0,0,21626.618493,0.006835064128830216,0,0,0,0,0,0,0,0,0,0,0,0,21626.618493,0.00018794095889430998,,,,,,,,,,
2025,12,CA-0001-di2025.XLS,11,15,Índice,0,0,0,0,0,0,0,0,0,0,21626.618493,0.006835064128830216,0,0,0,0,0,0,0,0,0,0,0,0,21626.618493,0.00018794095889430998,,,,,,,,,,
2025,12,CA-0001-di2025.XLS,11,16,Bonos,0,0,0,0,0,0,0,0,0,0,0,0,0,0,0,0,0,0,0,0,0,0,0,0,0,0,,,,,,,,,,
2025,12,CA-0001-di2025.XLS,11,17,Materia Prima,0,0,0,0,0,0,0,0,0,0,0,0,0,0,0,0,0,0,0,0,0,0,0,0,0,0,,,,,,,,,,
2025,12,CA-0001-di2025.XLS,11,18,4. Opciones,0,0,0,0,0,0,0,0,0,0,0,0,0,0,0,0,0,0,0,0,0,0,0,0,0,0,,,,,,,,,,
2025,12,CA-0001-di2025.XLS,11,19,Índice,0,0,0,0,0,0,0,0,0,0,0,0,0,0,0,0,0,0,0,0,0,0,0,0,0,0,,,,,,,,,,
2025,12,CA-0001-di2025.XLS,11,20,Total,1267571.625339923,0.7717257440379229,2676987.1692263354,0.20857211685616847,1230276.673817223,0.2701265861049083,8597672.478458706,1.1195599079702354,20797920.572208446,0.7920932164001779,4180548.3321003085,1.321256762948336,4529184.73303256,0.9416915007676467,9547302.198322047,0.7357290301792146,3085967.8081379794,0.9077078306640642,5095004.475634472,0.7656214090704431,11577251.499731967,0.544519456851458,1338609.4904681202,0.4768087069169824,73924297.05647805,0.6424214344410454,,,,,,,,,,
2025,12,CA-0001-di2025.XLS,12,1,INVERSIÓN EN FORWARDS DE MONEDAS LOCALES Y EXTRANJEROS,,,,,,,,,,,,,,,,,,,,,,,,,,,,,,,,,,,,
2025,12,CA-0001-di2025.XLS,12,2,(Valores Nocionales en miles de Soles),,,,,,,,,,,,,,,,,,,,,,,,,,,,,,,,,,,,
2025,12,CA-0001-di2025.XLS,12,3,Al 31-12-2025,,,,,,,,,,,,,,,,,,,,,,,,,,,,,,,,,,,,
2025,12,CA-0001-di2025.XLS,12,4,,HA01,,HA02,,HA03,,IN01,,IN02,,IN03,,PR01,,PR02,,PR03,,RI01,,RI02,,RI03,,TOTAL,,,,,,,,,,,
2025,12,CA-0001-di2025.XLS,12,5,,Monto,%,Monto,%,Monto,%,Monto,%,Monto,%,Monto,%,Monto,%,Monto,%,Monto,%,Monto,%,Monto,%,Monto,%,Monto,%,,,,,,,,,,
2025,12,CA-0001-di2025.XLS,12,6,I. Nacional,1093856.0101653673,0.6659638212466656,2565547.727703835,0.19988953500190637,1230276.673817223,0.2701265861049083,1162124.003864616,0.15132786763818573,3148359.872553048,0.11990595353884421,795445.8363739019,0.2513996029655031,1199841.3,0.2494666084691763,1519126.8000000003,0.1170661265419759,332729.1,0.09786907328175948,1371247.2000000002,0.20605599435065525,3087658.83,0.14522361452484062,292398.3,0.10415140212323504,17798611.65447799,0.15467458042101015,,,,,,,,,,
2025,12,CA-0001-di2025.XLS,12,7,BRL,48037.732186350506,0.029246437733618638,26756.954751582,0.0020847147708873944,,,,,,,,,,,,,,,,,,,,,74794.6869379325,0.0006499853496682642,,,,,,,,,,
2025,12,CA-0001-di2025.XLS,12,8,USD,48037.732186350506,0.029246437733618638,26756.954751582,0.0020847147708873944,,,,,,,,,,,,,,,,,,,,,74794.6869379325,0.0006499853496682642,,,,,,,,,,
2025,12,CA-0001-di2025.XLS,12,9,COMPRA,17169.855044045,0.010453388900477768,13043.726135484001,0.001016275910114386,,,,,,,,,,,,,,,,,,,,,30213.581179529003,0.0002625639056956456,,,,,,,,,,
2025,12,CA-0001-di2025.XLS,12,10,VENTA,30867.8771423055,0.01879304883314087,13713.228616098,0.0010684388607730083,,,,,,,,,,,,,,,,,,,,,44581.1057584035,0.00038742144397261864,,,,,,,,,,
2025,12,CA-0001-di2025.XLS,12,11,COP,132846.76377,0.08088005881793106,166915.41293,0.01300488153657942,,,,,,,,,,,,,,,,,,,,,299762.17669999995,0.00260501154849884,,,,,,,,,,
2025,12,CA-0001-di2025.XLS,12,12,USD,132846.76377,0.08088005881793106,166915.41293,0.01300488153657942,,,,,,,,,,,,,,,,,,,,,299762.17669999995,0.00260501154849884,,,,,,,,,,
2025,12,CA-0001-di2025.XLS,12,13,COMPRA,25115.93021,0.015291135854606236,25729.882499999996,0.002004692484587606,,,,,,,,,,,,,,,,,,,,,50845.81271,0.0004418633823670093,,,,,,,,,,
2025,12,CA-0001-di2025.XLS,12,14,VENTA,107730.83356,0.06558892296332483,141185.53042999998,0.011000189051991814,,,,,,,,,,,,,,,,,,,,,248916.36398999998,0.0021631481661318307,,,,,,,,,,
2025,12,CA-0001-di2025.XLS,12,15,EUR,28608.737074999997,0.017417634210034512,834783.2176850002,0.0650404696855098,229575.36832610602,0.05040688149218794,,,,,,,,,,,,,,,,,,,1092967.3230861065,0.00949817128403301,,,,,,,,,,
2025,12,CA-0001-di2025.XLS,12,16,USD,28608.737074999997,0.017417634210034512,834783.2176850002,0.0650404696855098,229575.36832610602,0.05040688149218794,,,,,,,,,,,,,,,,,,,1092967.3230861065,0.00949817128403301,,,,,,,,,,
2025,12,CA-0001-di2025.XLS,12,17,COMPRA,,,,,3946.0326999999997,0.0008664135186779086,,,,,,,,,,,,,,,,,,,3946.0326999999997,3.429205401234351e-05,,,,,,,,,,
2025,12,CA-0001-di2025.XLS,12,18,VENTA,28608.737074999997,0.017417634210034512,834783.2176850002,0.0650404696855098,225629.335626106,0.04954046797351003,,,,,,,,,,,,,,,,,,,1089021.2903861064,0.009463879230020667,,,,,,,,,,
2025,12,CA-0001-di2025.XLS,12,19,GBP,21707.649599999997,0.013216098959600856,137934.02349999998,0.010746854373679329,46580.9981,0.010227590477734756,,,,,,,,,,,,,,,,,,,206222.67119999998,0.0017921288334382423,,,,,,,,,,
2025,12,CA-0001-di2025.XLS,12,20,USD,21707.649599999997,0.013216098959600856,137934.02349999998,0.010746854373679329,46580.9981,0.010227590477734756,,,,,,,,,,,,,,,,,,,206222.67119999998,0.0017921288334382423,,,,,,,,,,
2025,12,CA-0001-di2025.XLS,12,21,COMPRA,,,2261.2134999999994,0.00017617794055212012,,,,,,,,,,,,,,,,,,,,,2261.2134999999994,1.9650535454366684e-05,,,,,,,,,,
2025,12,CA-0001-di2025.XLS,12,22,VENTA,21707.649599999997,0.013216098959600856,135672.80999999997,0.010570676433127209,46580.9981,0.010227590477734756,,,,,,,,,,,,,,,,,,,203961.45769999997,0.0017724782979838755,,,,,,,,,,
2025,12,CA-0001-di2025.XLS,12,23,JPY,6190.99705051425,0.0037692164368727126,145668.7386036,0.011349489276447081,40590.81752148,0.008912352154303839,,,,,,,,,,,,,,,,,,,192450.55317559425,0.0016724455335108764,,,,,,,,,,
2025,12,CA-0001-di2025.XLS,12,24,USD,6190.99705051425,0.0037692164368727126,145668.7386036,0.011349489276447081,40590.81752148,0.008912352154303839,,,,,,,,,,,,,,,,,,,192450.55317559425,0.0016724455335108764,,,,,,,,,,
2025,12,CA-0001-di2025.XLS,12,25,COMPRA,1228.5427647892502,0.0007479641073419744,139168.5871068,0.010843042935142731,33440.650875,0.007342420652390497,,,,,,,,,,,,,,,,,,,173837.78074658924,0.001510695683476715,,,,,,,,,,
2025,12,CA-0001-di2025.XLS,12,26,VENTA,4962.454285725,0.003021252329530738,6500.1514968,0.0005064463413043507,7150.16664648,0.0015699315019133417,,,,,,,,,,,,,,,,,,,18612.772429005,0.00016174985003416153,,,,,,,,,,
2025,12,CA-0001-di2025.XLS,12,27,MXN,126644.6954835026,0.077104101966824,151937.600733653,0.01183791516797741,23553.087169637,0.005171450588935236,,,,,,,,,,,,,,,,,,,302135.3833867926,0.0026256353339748064,,,,,,,,,,
2025,12,CA-0001-di2025.XLS,12,28,USD,126644.6954835026,0.077104101966824,151937.600733653,0.01183791516797741,23553.087169637,0.005171450588935236,,,,,,,,,,,,,,,,,,,302135.3833867926,0.0026256353339748064,,,,,,,,,,
2025,12,CA-0001-di2025.XLS,12,29,COMPRA,33972.722458869,0.020683347585611817,91395.04310766101,0.007120862524206565,23553.087169637,0.005171450588935236,,,,,,,,,,,,,,,,,,,148920.852736167,0.00129416107615958,,,,,,,,,,
2025,12,CA-0001-di2025.XLS,12,30,VENTA,92671.9730246336,0.05642075438121218,60542.557625992,0.004717052643770847,,,,,,,,,,,,,,,,,,,,,153214.53065062562,0.0013314742578152262,,,,,,,,,,
2025,12,CA-0001-di2025.XLS,12,31,USD,729819.4349999999,0.44433027312178386,1101551.7795000002,0.08582521019082592,889976.4027000001,0.19540831139174653,1162124.003864616,0.15132786763818573,3148359.872553048,0.11990595353884421,795445.8363739019,0.2513996029655031,1199841.3,0.2494666084691763,1519126.8000000003,0.1170661265419759,332729.1,0.09786907328175948,1371247.2000000002,0.20605599435065525,3087658.83,0.14522361452484062,292398.3,0.10415140212323504,15630278.859991565,0.1358312025378861,,,,,,,,,,
2025,12,CA-0001-di2025.XLS,12,32,PEN,729819.4349999999,0.44433027312178386,1101551.7795000002,0.08582521019082592,889976.4027000001,0.19540831139174653,1162124.003864616,0.15132786763818573,3148359.872553048,0.11990595353884421,795445.8363739019,0.2513996029655031,1199841.3,0.2494666084691763,1519126.8000000003,0.1170661265419759,332729.1,0.09786907328175948,1371247.2000000002,0.20605599435065525,3087658.83,0.14522361452484062,292398.3,0.10415140212323504,15630278.859991565,0.1358312025378861,,,,,,,,,,
2025,12,CA-0001-di2025.XLS,12,33,COMPRA,97466.1,0.05933952530753736,,,36969.9,0.008117322784519859,405323.5888653,0.05277987048066178,1000591.8861531002,0.038107754217794415,212984.8139067,0.06731356832278051,561270.3,0.11669726502619733,578074.8,0.04454728709119437,164684.1,0.048440248391981966,378101.25,0.056816910206982145,695706.3,0.03272155024125613,198293.09999999998,0.07063141063529732,4329466.1389251,0.037624190666395614,,,,,,,,,,
2025,12,CA-0001-di2025.XLS,12,34,VENTA,632353.335,0.3849907478142465,1101551.7795000002,0.08582521019082592,853006.5027000001,0.18729098860722668,756800.414999316,0.09854799715752395,2147767.986399948,0.0817981993210498,582461.0224672019,0.18408603464272258,638571,0.13276934344297897,941052.0000000001,0.07251883945078154,168045,0.04942882488977751,993145.9500000001,0.1492390841436731,2391952.53,0.11250206428358447,94105.2,0.03351999148793771,11300812.721066466,0.09820701187149049,,,,,,,,,,
2025,12,CA-0001-di2025.XLS,12,35,II. Extranjero,173715.6151745558,0.10576192279125742,111439.44152249998,0.008682581854262093,,,7435548.474594091,0.9682320403320501,17649560.6996554,0.6721872628613338,3363475.877233407,1.063022095854003,3329343.433032559,0.6922248922984702,8028175.398322046,0.6186629036372386,2753238.7081379797,0.8098387573823054,3723757.275634471,0.5595654147197877,8489592.669731967,0.3992958423266174,1046211.1904681199,0.3726573047937475,56104058.783507094,0.4875589130611411,,,,,,,,,,
2025,12,CA-0001-di2025.XLS,12,36,AUD,,,,,,,303864.01365673984,0.03956814684641165,291413.6811635668,0.011098551858319507,130097.7526,0.041117222386176946,,,,,,,,,,,,,725375.4474203067,0.006303701949090537,,,,,,,,,,
2025,12,CA-0001-di2025.XLS,12,37,USD,,,,,,,303864.01365673984,0.03956814684641165,291413.6811635668,0.011098551858319507,130097.7526,0.041117222386176946,,,,,,,,,,,,,725375.4474203067,0.006303701949090537,,,,,,,,,,
2025,12,CA-0001-di2025.XLS,12,38,COMPRA,,,,,,,151932.00682836992,0.019784073423205824,145706.8405817834,0.005549275929159754,65048.8763,0.020558611193088473,,,,,,,,,,,,,362687.7237101533,0.0031518509745452686,,,,,,,,,,
2025,12,CA-0001-di2025.XLS,12,39,VENTA,,,,,,,151932.00682836992,0.019784073423205824,145706.8405817834,0.005549275929159754,65048.8763,0.020558611193088473,,,,,,,,,,,,,362687.72371015337,0.0031518509745452686,,,,,,,,,,
2025,12,CA-0001-di2025.XLS,12,40,BRL,33369.8221805058,0.020316288512499683,,,,,693796.3694963444,0.09034382288108017,1014154.4826446286,0.038624288581910984,171141.47287920982,0.054089035815306934,,,237191.11240000004,0.01827829301599474,86807.05660000001,0.02553346305976617,399396.52871509606,0.0600169312029145,426941.11690234405,0.02008056446632445,68861.47046812001,0.024528250340451502,3131659.4322862485,0.02721493777794215,,,,,,,,,,
2025,12,CA-0001-di2025.XLS,12,41,USD,33369.8221805058,0.020316288512499683,,,,,693796.3694963444,0.09034382288108017,1014154.4826446286,0.038624288581910984,171141.47287920982,0.054089035815306934,,,237191.11240000004,0.01827829301599474,86807.05660000001,0.02553346305976617,399396.52871509606,0.0600169312029145,426941.11690234405,0.02008056446632445,68861.47046812001,0.024528250340451502,3131659.4322862485,0.02721493777794215,,,,,,,,,,
2025,12,CA-0001-di2025.XLS,12,42,COMPRA,23395.1411915958,0.014243481300802111,,,,,346898.1847481722,0.045171911440540086,574322.1443223143,0.021873180684899757,85570.73643960491,0.027044517907653463,,,237191.11240000004,0.01827829301599474,86807.05660000001,0.02553346305976617,199698.26435754803,0.03000846560145725,213470.55845117202,0.010040282233162225,34430.735234060005,0.012264125170225751,1801783.9337444673,0.01565797262007941,,,,,,,,,,
2025,12,CA-0001-di2025.XLS,12,43,VENTA,9974.68098891,0.006072807211697572,,,,,346898.18474817224,0.04517191144054009,439832.3383223143,0.016751107897011227,85570.73643960491,0.02704451790765347,,,,,,,199698.26435754803,0.03000846560145725,213470.55845117202,0.010040282233162225,34430.735234060005,0.012264125170225751,1329875.4985417814,0.011556965157862737,,,,,,,,,,
2025,12,CA-0001-di2025.XLS,12,44,CAD,,,,,,,78895.51586000001,0.010273507940293206,458182.0331,0.01744995991473846,66154.6251,0.020908081636691264,,,410147.1206121492,0.03160653522958644,136715.70687071639,0.04021361382126688,,,,,,,1150095.0015428655,0.00999462571920254,,,,,,,,,,
2025,12,CA-0001-di2025.XLS,12,45,USD,,,,,,,78895.51586000001,0.010273507940293206,458182.0331,0.01744995991473846,66154.6251,0.020908081636691264,,,410147.1206121492,0.03160653522958644,136715.70687071639,0.04021361382126688,,,,,,,1150095.0015428655,0.00999462571920254,,,,,,,,,,
2025,12,CA-0001-di2025.XLS,12,46,COMPRA,,,,,,,39447.75793000001,0.005136753970146603,229091.01655,0.00872497995736923,33077.31255,0.010454040818345632,,,205073.5603060746,0.01580326761479322,68357.85343535819,0.02010680691063344,,,,,,,575047.5007714328,0.00499731285960127,,,,,,,,,,
2025,12,CA-0001-di2025.XLS,12,47,VENTA,,,,,,,39447.75793000001,0.005136753970146603,229091.01655,0.00872497995736923,33077.31255,0.010454040818345632,,,205073.5603060746,0.01580326761479322,68357.85343535819,0.02010680691063344,,,,,,,575047.5007714328,0.00499731285960127,,,,,,,,,,
2025,12,CA-0001-di2025.XLS,12,48,CLP,25426.14687805,0.015480002648543545,,,,,,,1556745.375,0.05928897780519384,222792.52899999998,0.07041328368705252,,,163966,0.012635459070685622,67077,0.01973005615836,,,,,,,2036007.0508780498,0.017693432636334286,,,,,,,,,,
2025,12,CA-0001-di2025.XLS,12,49,USD,25426.14687805,0.015480002648543545,,,,,,,1556745.375,0.05928897780519384,222792.52899999998,0.07041328368705252,,,163966,0.012635459070685622,67077,0.01973005615836,,,,,,,2036007.0508780498,0.017693432636334286,,,,,,,,,,
2025,12,CA-0001-di2025.XLS,12,50,COMPRA,,,,,,,,,882528.3625,0.033611279877235264,111396.2645,0.035206641843526267,,,81983,0.006317729535342811,33538.5,0.00986502807918,,,,,,,1109446.1269999999,0.009641376390740327,,,,,,,,,,
2025,12,CA-0001-di2025.XLS,12,51,VENTA,25426.14687805,0.015480002648543545,,,,,,,674217.0125,0.025677697927958577,111396.26449999999,0.03520664184352626,,,81983,0.006317729535342811,33538.5,0.00986502807918,,,,,,,926560.9238780501,0.008052056245593959,,,,,,,,,,
2025,12,CA-0001-di2025.XLS,12,52,CNH,,,,,,,78427.1092,0.010212513605084909,583385.929,0.02221837684685165,155505.3492,0.04914725963756966,,,,,,,,,,,,,817318.3873999999,0.007102710093102446,,,,,,,,,,
2025,12,CA-0001-di2025.XLS,12,53,USD,,,,,,,78427.1092,0.010212513605084909,583385.929,0.02221837684685165,155505.3492,0.04914725963756966,,,,,,,,,,,,,817318.3873999999,0.007102710093102446,,,,,,,,,,
2025,12,CA-0001-di2025.XLS,12,54,COMPRA,,,,,,,39213.554599999996,0.005106256802542454,291692.9645,0.011109188423425825,77752.6746,0.02457362981878483,,,,,,,,,,,,,408659.1937,0.0035513550465512233,,,,,,,,,,
2025,12,CA-0001-di2025.XLS,12,55,VENTA,,,,,,,39213.5546,0.005106256802542454,291692.9645,0.011109188423425825,77752.6746,0.024573629818784828,,,,,,,,,,,,,408659.19369999995,0.0035513550465512225,,,,,,,,,,
2025,12,CA-0001-di2025.XLS,12,56,COP,81310.64611599999,0.04950372635175302,111439.44152249998,0.008682581854262093,,,427495.23022499995,0.05566698682783679,,,,,,,,,,,705138.4435201399,0.105960473891517,682892.9305029999,0.032118891743329825,,,2008276.69188664,0.01745244857953336,,,,,,,,,,
2025,12,CA-0001-di2025.XLS,12,57,USD,81310.64611599999,0.04950372635175302,111439.44152249998,0.008682581854262093,,,427495.23022499995,0.05566698682783679,,,,,,,,,,,705138.4435201399,0.105960473891517,682892.9305029999,0.032118891743329825,,,2008276.69188664,0.01745244857953336,,,,,,,,,,
2025,12,CA-0001-di2025.XLS,12,58,COMPRA,34636.35122499999,0.02108737951017471,64844.49566,0.005052229566787786,,,135451.596,0.01763804991782694,,,,,,,,,,,191776.01457014,0.028817996765904748,192103.100553,0.009035294428476595,,,618811.55800814,0.005377633938684181,,,,,,,,,,
2025,12,CA-0001-di2025.XLS,12,59,VENTA,46674.294891,0.02841634684157831,46594.94586249999,0.0036303522874743064,,,292043.634225,0.038028936910009845,,,,,,,,,,,513362.4289499999,0.07714247712561224,490789.8299499999,0.02308359731485323,,,1389465.1338785,0.01207481464084918,,,,,,,,,,
2025,12,CA-0001-di2025.XLS,12,60,EUR,,,,,,,672757.3945527428,0.0876041985338325,2743821.5964180846,0.10449902748639504,306628.9490620356,0.09690967320079164,297604.51757005963,0.061876841265014096,741871.2828523966,0.057169682923279765,267118.24740319065,0.07857027031900132,97875.12339923493,0.014707600405107437,216000.27232662466,0.01015926370518803,,,5343677.38358437,0.04643795107486404,,,,,,,,,,
2025,12,CA-0001-di2025.XLS,12,61,USD,,,,,,,672757.3945527428,0.0876041985338325,2743821.5964180846,0.10449902748639504,306628.9490620356,0.09690967320079164,297604.51757005963,0.061876841265014096,741871.2828523966,0.057169682923279765,267118.24740319065,0.07857027031900132,97875.12339923493,0.014707600405107437,216000.27232662466,0.01015926370518803,,,5343677.38358437,0.04643795107486404,,,,,,,,,,
2025,12,CA-0001-di2025.XLS,12,62,COMPRA,,,,,,,210718.14617999998,0.02743900618871109,1169998.6955499998,0.044559648486233464,129429.87255999999,0.0409061397841861,33208.59061636523,0.006904608528732881,67832.99779856502,0.005227309730832466,33916.498859822175,0.009976212818093303,,,,,,,1645104.8015647528,0.014296390070772637,,,,,,,,,,
2025,12,CA-0001-di2025.XLS,12,63,VENTA,,,,,,,462039.2483727428,0.06016519234512141,1573822.9008680845,0.05993937900016158,177199.0765020356,0.056003533416605536,264395.9269536944,0.05497223273628121,674038.2850538315,0.0519423731924473,233201.74854336848,0.06859405750090802,97875.12339923493,0.014707600405107437,216000.27232662466,0.01015926370518803,,,3698572.582019617,0.0321415610040914,,,,,,,,,,
2025,12,CA-0001-di2025.XLS,12,64,GBP,,,,,,,723787.2977431458,0.09424914039021495,1482632.4676799998,0.05646637200996296,159460.77602,0.050397367044806976,,,,,253639.14599147302,0.07460552192808613,,,,,,,2619519.6874346184,0.02276430973516898,,,,,,,,,,
2025,12,CA-0001-di2025.XLS,12,65,USD,,,,,,,723787.2977431458,0.09424914039021495,1482632.4676799998,0.05646637200996296,159460.77602,0.050397367044806976,,,,,253639.14599147302,0.07460552192808613,,,,,,,2619519.6874346184,0.02276430973516898,,,,,,,,,,
2025,12,CA-0001-di2025.XLS,12,66,COMPRA,,,,,,,361893.6488715729,0.047124570195107476,563358.73139,0.021455636777943772,59379.46651,0.018766801738466128,,,,,83810.30769337862,0.024651998113210064,,,,,,,1068442.1544649515,0.009285041168051341,,,,,,,,,,
2025,12,CA-0001-di2025.XLS,12,67,VENTA,,,,,,,361893.648871573,0.047124570195107476,919273.7362899999,0.03501073523201919,100081.30950999999,0.03163056530634085,,,,,169828.8382980944,0.04995352381487607,,,,,,,1551077.532969667,0.01347926856711764,,,,,,,,,,
2025,12,CA-0001-di2025.XLS,12,68,INR,,,,,,,,,,,60576.984,0.019145275554989738,,,,,,,,,,,,,60576.984,0.0005264298005520503,,,,,,,,,,
2025,12,CA-0001-di2025.XLS,12,69,USD,,,,,,,,,,,60576.984,0.019145275554989738,,,,,,,,,,,,,60576.984,0.0005264298005520503,,,,,,,,,,
2025,12,CA-0001-di2025.XLS,12,70,COMPRA,,,,,,,,,,,30288.492,0.009572637777494869,,,,,,,,,,,,,30288.492,0.0002632149002760252,,,,,,,,,,
2025,12,CA-0001-di2025.XLS,12,71,VENTA,,,,,,,,,,,30288.492,0.009572637777494869,,,,,,,,,,,,,30288.492,0.0002632149002760252,,,,,,,,,,
2025,12,CA-0001-di2025.XLS,12,72,JPY,,,,,,,111296.0097,0.014492590952885867,2081479.99245534,0.0792736070114483,260504.9325,0.08233223886066202,,,217004.08245750002,0.016722651049994687,74901.6012726,0.022031587570396513,,,,,,,2745186.6183854397,0.023856388162124494,,,,,,,,,,
2025,12,CA-0001-di2025.XLS,12,73,USD,,,,,,,111296.0097,0.014492590952885867,2081479.99245534,0.0792736070114483,260504.9325,0.08233223886066202,,,217004.08245750002,0.016722651049994687,74901.6012726,0.022031587570396513,,,,,,,2745186.6183854397,0.023856388162124494,,,,,,,,,,
2025,12,CA-0001-di2025.XLS,12,74,COMPRA,,,,,,,55648.00485,0.0072462954764429335,939960.24622767,0.03579858535077187,118137.45374999999,0.03733718577683903,,,64327.5,0.004957170958427536,13752.621683099998,0.004045201755180501,,,,,,,1191825.8265107698,0.010357277479229524,,,,,,,,,,
2025,12,CA-0001-di2025.XLS,12,75,VENTA,,,,,,,55648.00485,0.0072462954764429335,1141519.74622767,0.043475021660676426,142367.47875,0.04499505308382299,,,152676.58245750002,0.011765480091567153,61148.979589500006,0.017986385815216013,,,,,,,1553360.7918746702,0.013499110682894968,,,,,,,,,,
2025,12,CA-0001-di2025.XLS,12,76,KRW,,,,,,,,,153057.38,0.005829222782011554,33128.3162,0.010470160454370436,,,,,,,,,,,,,186185.6962,0.0016180022913687918,,,,,,,,,,
2025,12,CA-0001-di2025.XLS,12,77,USD,,,,,,,,,153057.38,0.005829222782011554,33128.3162,0.010470160454370436,,,,,,,,,,,,,186185.6962,0.0016180022913687918,,,,,,,,,,
2025,12,CA-0001-di2025.XLS,12,78,COMPRA,,,,,,,,,76528.69,0.002914611391005777,16564.1581,0.005235080227185218,,,,,,,,,,,,,93092.8481,0.0008090011456843959,,,,,,,,,,
2025,12,CA-0001-di2025.XLS,12,79,VENTA,,,,,,,,,76528.69,0.002914611391005777,16564.1581,0.005235080227185218,,,,,,,,,,,,,93092.8481,0.0008090011456843959,,,,,,,,,,
2025,12,CA-0001-di2025.XLS,12,80,MXN,,,,,,,768220.0717949359,0.10003502634399136,,,,,,,,,,,,,,,,,768220.0717949359,0.006676032916645204,,,,,,,,,,
2025,12,CA-0001-di2025.XLS,12,81,USD,,,,,,,768220.0717949359,0.10003502634399136,,,,,,,,,,,,,,,,,768220.0717949359,0.006676032916645204,,,,,,,,,,
2025,12,CA-0001-di2025.XLS,12,82,COMPRA,,,,,,,345564.3948474679,0.04499822981888894,,,,,,,,,,,,,,,,,345564.3948474679,0.0030030447778225887,,,,,,,,,,
2025,12,CA-0001-di2025.XLS,12,83,VENTA,,,,,,,422655.67694746796,0.05503679652510241,,,,,,,,,,,,,,,,,422655.67694746796,0.0036729881388226156,,,,,,,,,,
2025,12,CA-0001-di2025.XLS,12,84,TRY,,,,,,,,,,,23055.698544399995,0.007286722986164411,,,,,,,,,,,,,23055.698544399995,0.00020036003750725998,,,,,,,,,,
2025,12,CA-0001-di2025.XLS,12,85,USD,,,,,,,,,,,23055.698544399995,0.007286722986164411,,,,,,,,,,,,,23055.698544399995,0.00020036003750725998,,,,,,,,,,
2025,12,CA-0001-di2025.XLS,12,86,COMPRA,,,,,,,,,,,11527.849272199997,0.0036433614930822056,,,,,,,,,,,,,11527.849272199997,0.00010018001875362999,,,,,,,,,,
2025,12,CA-0001-di2025.XLS,12,87,VENTA,,,,,,,,,,,11527.849272199997,0.0036433614930822056,,,,,,,,,,,,,11527.849272199997,0.00010018001875362999,,,,,,,,,,
2025,12,CA-0001-di2025.XLS,12,88,TWD,,,,,,,,,71533.5609,0.0027243708397248854,15397.358400000001,0.004866314727503368,,,,,,,,,,,,,86930.9193,0.0007554523762507782,,,,,,,,,,
2025,12,CA-0001-di2025.XLS,12,89,USD,,,,,,,,,71533.5609,0.0027243708397248854,15397.358400000001,0.004866314727503368,,,,,,,,,,,,,86930.9193,0.0007554523762507782,,,,,,,,,,
2025,12,CA-0001-di2025.XLS,12,90,VENTA,,,,,,,,,71533.5609,0.0027243708397248854,15397.358400000001,0.004866314727503368,,,,,,,,,,,,,86930.9193,0.0007554523762507782,,,,,,,,,,
2025,12,CA-0001-di2025.XLS,12,91,USD,33609,0.020461905278461156,,,,,3577009.462365182,0.4657861060104187,6453638.124493781,0.2457881768403293,1676190.3257357616,0.5297577322241589,3031738.9154624995,0.630348051033456,6257995.8,0.4822502823476973,1866979.95,0.5491542445254283,2521347.18,0.37888040922024885,7163758.349999999,0.3369371224117751,977349.72,0.34812905445329595,33559616.82805723,0.291641828741381,,,,,,,,,,
2025,12,CA-0001-di2025.XLS,12,92,PEN,33609,0.020461905278461156,,,,,3577009.462365182,0.4657861060104187,6453638.124493781,0.2457881768403293,1676190.3257357616,0.5297577322241589,3031738.9154624995,0.630348051033456,6257995.8,0.4822502823476973,1866979.95,0.5491542445254283,2521347.18,0.37888040922024885,7163758.349999999,0.3369371224117751,977349.72,0.34812905445329595,33559616.82805723,0.291641828741381,,,,,,,,,,
2025,12,CA-0001-di2025.XLS,12,93,COMPRA,,,,,,,739264.1689619999,0.09626448635284154,949961.7593435999,0.03617949509919411,461329.1525784,0.14580246761151683,737717.55,0.15338353097754676,863751.3,0.06656193478161018,33609,0.009885764977955503,559589.85,0.08408902710633358,2518994.55,0.11847730389285735,100827,0.035914276594218975,6965044.330884,0.06052805299688501,,,,,,,,,,
2025,12,CA-0001-di2025.XLS,12,94,VENTA,33609,0.020461905278461156,,,,,2837745.293403182,0.3695216196575771,5503676.365150181,0.2096086817411352,1214861.1731573616,0.3839552646126421,2294021.3654624997,0.4769645200559093,5394244.5,0.41568834756608714,1833370.95,0.5392684795474728,1961757.33,0.29479138211391526,4644763.799999999,0.21845981851891774,876522.72,0.312214777859077,26594572.49717323,0.231113775744496,,,,,,,,,,
2025,12,CA-0001-di2025.XLS,12,95,ZAR,,,,,,,,,759516.0767999999,0.02892633088444737,82840.807992,0.026181727637758195,,,,,,,,,,,,,842356.884792,0.007320301170073092,,,,,,,,,,
2025,12,CA-0001-di2025.XLS,12,96,USD,,,,,,,,,759516.0767999999,0.02892633088444737,82840.807992,0.026181727637758195,,,,,,,,,,,,,842356.884792,0.007320301170073092,,,,,,,,,,
2025,12,CA-0001-di2025.XLS,12,97,COMPRA,,,,,,,,,379758.03839999996,0.014463165442223685,41420.403996,0.013090863818879098,,,,,,,,,,,,,421178.44239599997,0.0036601505850365457,,,,,,,,,,
2025,12,CA-0001-di2025.XLS,12,98,VENTA,,,,,,,,,379758.0384,0.014463165442223685,41420.403996,0.013090863818879098,,,,,,,,,,,,,421178.4423960001,0.003660150585036546,,,,,,,,,,
2025,12,CA-0001-di2025.XLS,12,99,Total general,1267571.6253399227,0.771725744037923,2676987.169226335,0.20857211685616844,1230276.673817223,0.2701265861049083,8597672.478458706,1.1195599079702359,20797920.57220845,0.7920932164001782,4158921.7136073085,1.3144216988195063,4529184.733032559,0.9416915007676464,9547302.198322047,0.7357290301792145,3085967.8081379803,0.9077078306640648,5095004.475634471,0.765621409070443,11577251.499731967,0.544519456851458,1338609.49046812,0.4768087069169825,73902670.43798509,0.6422334934821511,,,,,,,,,,
2025,12,CA-0001-di2025.XLS,13,1,INVERSIÓN EN INSTRUMENTOS DERIVADOS LOCALES Y EXTRANJEROS,,,,,,,,,,,,,,,,,,,,,,,,,,,,,,,,,,,,
2025,12,CA-0001-di2025.XLS,13,2,(Valores Nocionales en miles de Soles),,,,,,,,,,,,,,,,,,,,,,,,,,,,,,,,,,,,
2025,12,CA-0001-di2025.XLS,13,3,Al 31-12-2025,,,,,,,,,,,,,,,,,,,,,,,,,,,,,,,,,,,,
2025,12,CA-0001-di2025.XLS,13,4,,HÁBITAT F1,,HÁBITAT F2,,HÁBITAT F3,,INTEGRA F1,,INTEGRA F2,,INTEGRA F3,,PROFUTURO F1,,PROFUTURO F2,,PROFUTURO F3,,PRIMA F1,,PRIMA F2,,PRIMA F3,,SISTEMA,,,,,,,,,,,
2025,12,CA-0001-di2025.XLS,13,5,,Monto,%,Monto,%,Monto,%,Monto,%,Monto,%,Monto,%,Monto,%,Monto,%,Monto,%,Monto,%,Monto,%,Monto,%,Monto,%,,,,,,,,,,
2025,12,CA-0001-di2025.XLS,13,6,I. Nacional,1093856.0101653673,0.6659638212466658,2565547.7277038353,0.1998895350019064,1230276.673817223,0.2701265861049083,1162124.003864616,0.1513278676381857,3148359.8725530477,0.1199059535388442,795445.8363739019,0.251399602965503,1199841.3,0.24946660846917632,1519126.8,0.1170661265419759,332729.1,0.09786907328175948,1371247.2,0.20605599435065527,3087658.8300000005,0.14522361452484062,292398.30000000005,0.10415140212323504,17798611.65447799,0.15467458042101015,,,,,,,,,,
2025,12,CA-0001-di2025.XLS,13,7,1. Forwards,1093856.0101653673,0.6659638212466658,2565547.7277038353,0.1998895350019064,1230276.673817223,0.2701265861049083,1162124.003864616,0.1513278676381857,3148359.8725530477,0.1199059535388442,795445.8363739019,0.251399602965503,1199841.3,0.24946660846917632,1519126.8,0.1170661265419759,332729.1,0.09786907328175948,1371247.2,0.20605599435065527,3087658.8300000005,0.14522361452484062,292398.30000000005,0.10415140212323504,17798611.65447799,0.15467458042101015,,,,,,,,,,
2025,12,CA-0001-di2025.XLS,13,8,Monedas,1093856.0101653673,0.6659638212466658,2565547.7277038353,0.1998895350019064,1230276.673817223,0.2701265861049083,1162124.003864616,0.1513278676381857,3148359.8725530477,0.1199059535388442,795445.8363739019,0.251399602965503,1199841.3,0.24946660846917632,1519126.8,0.1170661265419759,332729.1,0.09786907328175948,1371247.2,0.20605599435065527,3087658.8300000005,0.14522361452484062,292398.30000000005,0.10415140212323504,17798611.65447799,0.15467458042101015,,,,,,,,,,
2025,12,CA-0001-di2025.XLS,13,9,CITIBANK,396162.9845513505,0.24119281932584136,659038.5908315821,0.05134767755326045,363659.46270000003,0.079847152477582,97469.4609,0.012692144408677778,536614.3778492641,0.020437072400650565,0,0,151240.5,0.03144537081544239,0,0,0,0,50413.5,0.007575588027597619,147879.6,0.006955305365291158,13443.6,0.00478857021256253,2415922.076832197,0.02099499336342114,,,,,,,,,,
2025,12,CA-0001-di2025.XLS,13,10,CONTINENTAL,423758.3991402667,0.2579935203118355,1588325.0396747533,0.12375117803659966,571829.111192223,0.12555407164023627,589700.8689717,0.0767888579438279,1653260.0736543,0.06296476057499316,367090.9348782,0.11601860373210279,645292.8,0.13416691547922088,1351081.8,0.10411633378290777,181488.6,0.053383130880959716,909123.4500000001,0.13661310409767707,1861938.6000000003,0.08757361755389323,131075.1,0.04668855957248467,10273964.777511442,0.0892834352516483,,,,,,,,,,
2025,12,CA-0001-di2025.XLS,13,11,CREDITO,105889.62647374999,0.06446795521668319,183193.54869749997,0.014273160023129212,39359.699925,0.00864204093040736,207385.703192916,0.027005066704125762,394586.10071618407,0.015027895340687821,135612.65445089998,0.042860199811302686,134436,0.02795144072483768,0,0,67218,0.019771529955911006,371379.44999999995,0.05580683180330247,489683.13,0.023031545266430038,147879.6,0.05267427233818783,2276623.51345625,0.019784452493060437,,,,,,,,,,
2025,12,CA-0001-di2025.XLS,13,12,INTERBANK,0,0,0,0,0,0,23529.6609,0.0030639530707614604,0,0,0,0,0,0,0,0,0,0,40330.8,0.006060470422078096,100827,0.0047422536581530625,0,0,164687.4609,0.001431177015927544,,,,,,,,,,
2025,12,CA-0001-di2025.XLS,13,13,SANTANDER PERÚ,67218,0.04092381055692231,34163.5485,0.002661784752604066,84022.5,0.01844846087390877,0,0,0,0,0,0,0,0,0,0,0,0,0,0,0,0,0,0,185404.0485,0.0016112095688586552,,,,,,,,,,
2025,12,CA-0001-di2025.XLS,13,14,SCOTIABANK,100827,0.06138571583538347,100827,0.007855734636313033,171405.9,0.03763486018277389,244038.3099,0.0317778455107928,563899.3203332999,0.02147622522251265,292742.247044802,0.09252079942209757,268872,0.05590288144967536,168045,0.012949792759068131,84022.5,0.024714412444888756,0,0,487330.5,0.022920892681073134,0,0,2482009.777278102,0.021569312728094064,,,,,,,,,,
2025,12,CA-0001-di2025.XLS,13,15,INTERAMERICANO,0,0,0,0,0,0,0,0,0,0,0,0,0,0,0,0,0,0,0,0,0,0,0,0,0,0,,,,,,,,,,
2025,12,CA-0001-di2025.XLS,13,16,JPM Banco Inver,0,0,0,0,0,0,0,0,0,0,0,0,0,0,0,0,0,0,0,0,0,0,0,0,0,0,,,,,,,,,,
2025,12,CA-0001-di2025.XLS,13,17,Banco BCI Peru,0,0,0,0,0,0,0,0,0,0,0,0,0,0,0,0,0,0,0,0,0,0,0,0,0,0,,,,,,,,,,
2025,12,CA-0001-di2025.XLS,13,18,II. Extranjero,173715.6151745558,0.1057619227912574,111439.44152249998,0.008682581854262092,0,0,7435548.474594094,0.96823204033205,17649560.699655402,0.6721872628613338,3385102.495726407,1.0698571599828328,3329343.43303256,0.6922248922984706,8028175.398322046,0.6186629036372384,2753238.70813798,0.8098387573823052,3723757.275634471,0.5595654147197879,8489592.669731969,0.39929584232661747,1046211.1904681199,0.3726573047937474,56125685.402000114,0.48774685402003554,,,,,,,,,,
2025,12,CA-0001-di2025.XLS,13,19,1. Forwards,173715.6151745558,0.1057619227912574,111439.44152249998,0.008682581854262092,0,0,7435548.474594094,0.96823204033205,17649560.699655402,0.6721872628613338,3363475.877233407,1.0630220958540026,3329343.43303256,0.6922248922984706,8028175.398322046,0.6186629036372384,2753238.70813798,0.8098387573823052,3723757.275634471,0.5595654147197879,8489592.669731969,0.39929584232661747,1046211.1904681199,0.3726573047937474,56104058.783507116,0.48755891306114124,,,,,,,,,,
2025,12,CA-0001-di2025.XLS,13,20,Monedas,173715.6151745558,0.1057619227912574,111439.44152249998,0.008682581854262092,0,0,7435548.474594094,0.96823204033205,17649560.699655402,0.6721872628613338,3363475.877233407,1.0630220958540026,3329343.43303256,0.6922248922984706,8028175.398322046,0.6186629036372384,2753238.70813798,0.8098387573823052,3723757.275634471,0.5595654147197879,8489592.669731969,0.39929584232661747,1046211.1904681199,0.3726573047937474,56104058.783507116,0.48755891306114124,,,,,,,,,,
2025,12,CA-0001-di2025.XLS,13,21,BANK OF AMERICA,25283.8712625,0.015393382095453037,0,0,0,0,210860.891345,0.027457593982581,884966.7355406361,0.033704145831686586,282747.9765057098,0.08936212345628794,47052.6,0.00978300425369319,37265,0.0028716952433376413,21582.5966831,0.006348313797587806,0,0,92424.75,0.0043470658533069735,25206.75,0.008978569148554744,1627391.171336946,0.014142454001128154,,,,,,,,,,
2025,12,CA-0001-di2025.XLS,13,22,BARCLAYS BANK,0,0,0,0,0,0,297493.54704088235,0.03873860617292749,1645750.104856493,0.06267874182040338,263558.8305288161,0.08329741928757999,50413.5,0.010481790271814131,9169.759500000002,0.0007066350392781472,91816.12299999999,0.027006831895178517,272311.815499,0.04092003390495792,381464.00424999994,0.017941613552007674,0,0,3011977.6846751925,0.026174872156243166,,,,,,,,,,
2025,12,CA-0001-di2025.XLS,13,23,Credit Agricole,0,0,0,0,0,0,226710.05122523033,0.029521418118865984,459580.59820124076,0.017503224563266216,106997.09274166806,0.033816289436298566,165405.17562560932,0.03439043829093833,0,0,66600.97259881353,0.019590037264278166,0,0,0,0,0,0,1025293.8903925619,0.008910071492278192,,,,,,,,,,
2025,12,CA-0001-di2025.XLS,13,24,DB AG,0,0,0,0,0,0,0,0,0,0,0,0,117631.5,0.024457510634232973,1045044.7644748023,0.080532673533267,634595.3786273298,0.18666014368789516,140011.00999999998,0.021039319449906283,106743.11899999999,0.005020509849151691,0,0,2044025.7721021322,0.017763117416525323,,,,,,,,,,
2025,12,CA-0001-di2025.XLS,13,25,DEUTSCHE BANK,,0,0,0,0,0,867197.5565787922,0.11292354053587003,1509875.7201087205,0.057503937057225556,168050.487282689,0.05311213391174079,0,0,0,0,0,0,0,0,0,0,0,0,2545123.763970202,0.022117789744156242,,,,,,,,,,
2025,12,CA-0001-di2025.XLS,13,26,G Sachs Bank,0,0,0,0,0,0,633639.3507473043,0.08251037882477522,1153649.9657559851,0.04393700364433024,483575.79536387906,0.15283348959672197,0,0,354274.56030607456,0.027300914253763284,101896.35343535819,0.029971834989813442,264411.65050112794,0.039732883729431026,325593.1298183687,0.015313806926226742,13699.107186468002,0.00487958111010607,3330739.913114566,0.028944999113056778,,,,,,,,,,
2025,12,CA-0001-di2025.XLS,13,27,JPMC&CO,0,0,0,0,0,0,89703.33700418251,0.011680865952110476,265660.952414,0.010117753721529638,85435.5656286049,0.027001797351879568,0,0,0,0,0,0,0,0,0,0,0,0,440799.8550467875,0.003830665781836431,,,,,,,,,,
2025,12,CA-0001-di2025.XLS,13,28,NovaScotia,0,0,0,0,0,0,613136.9239715731,0.07984062197003175,1479768.0237153003,0.05635727905399557,196516.530903497,0.062108789292945096,435236.55,0.09049278934666201,520939.49999999994,0.0401443575531112,67218,0.019771529955911006,457754.58,0.06878633929058639,1660284.6,0.0780891102375871,206023.16999999998,0.07338483850752077,5636877.87859037,0.04898593989695151,,,,,,,,,,
2025,12,CA-0001-di2025.XLS,13,29,STD CHARTERED,0,0,0,0,0,0,0,0,0,0,0,0,557909.4,0.11599847900807637,517578.6,0.03988536169792985,168045,0.04942882488977751,0,0,0,0,0,0,1243533,0.010806626311568975,,,,,,,,,,
2025,12,CA-0001-di2025.XLS,13,30,M.Stanley PLC ,0,0,0,0,0,0,0,0,0,0,0,0,0,0,0,0,0,0,0,0,0,0,0,0,0,0,,,,,,,,,,
2025,12,CA-0001-di2025.XLS,13,31,CITIBANK N.A.,0,0,0,0,0,0,2514920.3508926714,0.32748444461594794,4188833.235389462,0.15953260225530722,971772.7370349461,0.3071274863628176,863751.3,0.17958800665708208,1712268.0929,0.13194987622969928,818543.4131000001,0.24076669362849668,672179.9999999999,0.10100784036796827,1216645.7999999998,0.05722319414171362,280635.15,0.09996140318724282,13239550.079317082,0.1150551454931095,,,,,,,,,,
2025,12,CA-0001-di2025.XLS,13,32,BNY Mellon,0,0,0,0,0,0,0,0,0,0,0,0,0,0,0,0,0,0,0,0,0,0,0,0,0,0,,,,,,,,,,
2025,12,CA-0001-di2025.XLS,13,33,Natixis,0,0,0,0,0,0,0,0,0,0,0,0,0,0,235391.13482392562,0.018139584119085377,33609,0.009885764977955503,0,0,0,0,0,0,269000.1348239256,0.0023376813762110344,,,,,,,,,,
2025,12,CA-0001-di2025.XLS,13,34,BNP Paribas,0,0,0,0,0,0,359902.2494860019,0.046865256884623986,1183228.2353371864,0.045063498315121145,189727.61170779998,0.059963160373516254,0,0,0,0,0,0,77698.64557014,0.01167570053937345,97846.87555299999,0.0046020877694472875,0,0,1908403.6176541285,0.01658452549923043,,,,,,,,,,
2025,12,CA-0001-di2025.XLS,13,35,BBVA US,0,0,0,0,0,0,0,0,0,0,0,0,0,0,0,0,0,0,989785.0499999999,0.1487340449418333,3016407.75,0.1418724219397458,374740.35,0.13348139467518053,4380933.1499999985,0.038071452424676105,,,,,,,,,,
2025,12,CA-0001-di2025.XLS,13,36,Standard CB,0,0,0,0,0,0,782613.3975212107,0.10190927666765368,3471173.2549397876,0.13220036967837953,388906.54049973557,0.12291339699258078,0,0,0,0,0,0,230221.64999999997,0.03459518532602913,907443,0.04268028292337756,26887.2,0.00957714042512506,5807245.042960734,0.0504664750183453,,,,,,,,,,
2025,12,CA-0001-di2025.XLS,13,37,Santander USA,0,0,0,0,0,0,839370.8187812441,0.10930003660666246,1407073.87339659,0.053588706920088686,226186.709036061,0.07148600979163432,376420.8,0.07826403402954552,1320833.7000000002,0.1017853710862755,275593.8,0.08106327281923512,40330.8,0.006060470422078096,176447.25,0.00829894390176786,63857.1,0.022745708509672016,4726114.851213893,0.04107117149494624,,,,,,,,,,
2025,12,CA-0001-di2025.XLS,13,38,Morgan SCS,0,0,0,0,0,0,0,0,0,0,0,0,0,0,0,0,0,0,0,0,0,0,0,0,0,0,,,,,,,,,,
2025,12,CA-0001-di2025.XLS,13,39,JP Morgan Bank,0,0,0,0,0,0,0,0,0,0,0,0,0,0,0,0,0,0,0,0,0,0,0,0,0,0,,,,,,,,,,
2025,12,CA-0001-di2025.XLS,13,40,Bilbao Viz Arg,0,0,0,0,0,0,0,0,0,0,0,0,583323.2654625,0.12128243683235015,1855216.8,0.1429657120601122,346172.7,0.10182337927294166,0,0,0,0,0,0,2784712.7654625,0.02419988069589554,,,,,,,,,,
2025,12,CA-0001-di2025.XLS,13,41,Societe General,0,0,0,0,0,0,0,0,0,0,0,0,132199.34194445028,0.027486402974075765,420193.4863172433,0.032380722821378986,127565.37069337862,0.03752213020323466,0,0,0,0,0,0,679958.1989550722,0.005909014206776125,,,,,,,,,,
2025,12,CA-0001-di2025.XLS,13,42,GoldmanSachsInt,148431.7439120558,0.09036854069580437,111439.44152249998,0.008682581854262092,0,0,0,0,0,0,0,0,0,0,0,0,0,0,0,0,0,0,0,0,259871.18543455578,0.002258348423512437,,,,,,,,,,
2025,12,CA-0001-di2025.XLS,13,43,STATE STREET BA,0,0,0,0,0,0,0,0,0,0,0,0,0,0,0,0,0,0,579052.074064203,0.08701359674762407,508292.39111060003,0.023906805232285104,55162.36328165201,0.01964866923034543,1142506.8284564547,0.009928682514693818,,,,,,,,,,
2025,12,CA-0001-di2025.XLS,13,44,2. Swaps,0,0,0,0,0,0,0,0,0,0,0,0,0,0,0,0,0,0,0,0,0,0,0,0,0,0,,,,,,,,,,
2025,12,CA-0001-di2025.XLS,13,45,BARCLAYS BANK,0,0,0,0,0,0,0,0,0,0,0,0,0,0,0,0,0,0,0,0,0,0,0,0,0,0,,,,,,,,,,
2025,12,CA-0001-di2025.XLS,13,46,Credit Agricole,0,0,0,0,0,0,0,0,0,0,0,0,0,0,0,0,0,0,0,0,0,0,0,0,0,0,,,,,,,,,,
2025,12,CA-0001-di2025.XLS,13,47,3. Futuros,0,0,0,0,0,0,0,0,0,0,21626.618493,0.006835064128830216,0,0,0,0,0,0,0,0,0,0,0,0,21626.618493,0.00018794095889430998,,,,,,,,,,
2025,12,CA-0001-di2025.XLS,13,48,Índice,0,0,0,0,0,0,0,0,0,0,21626.618493,0.006835064128830216,0,0,0,0,0,0,0,0,0,0,0,0,21626.618493,0.00018794095889430998,,,,,,,,,,
2025,12,CA-0001-di2025.XLS,13,49,Chicago ME,0,0,0,0,0,0,0,0,0,0,21626.618493,0.006835064128830216,0,0,0,0,0,0,0,0,0,0,0,0,21626.618493,0.00018794095889430998,,,,,,,,,,
2025,12,CA-0001-di2025.XLS,13,50,Bonos,0,0,0,0,0,0,0,0,0,0,0,0,0,0,0,0,0,0,0,0,0,0,0,0,0,0,,,,,,,,,,
2025,12,CA-0001-di2025.XLS,13,51,CHICAGO BOT,0,0,0,0,0,0,0,0,0,0,0,0,0,0,0,0,0,0,0,0,0,0,0,0,0,0,,,,,,,,,,
2025,12,CA-0001-di2025.XLS,13,52,4. Opciones,0,0,0,0,0,0,0,0,0,0,0,0,0,0,0,0,0,0,0,0,0,0,0,0,0,0,,,,,,,,,,
2025,12,CA-0001-di2025.XLS,13,53,Índices(*),0,0,0,0,0,0,0,0,0,0,0,0,0,0,0,0,0,0,0,0,0,0,0,0,0,0,,,,,,,,,,
2025,12,CA-0001-di2025.XLS,13,54,Chicago BOE,0,0,0,0,0,0,0,0,0,0,0,0,0,0,0,0,0,0,0,0,0,0,0,0,0,0,,,,,,,,,,
2025,12,CA-0001-di2025.XLS,13,55,Chicago ME,0,0,0,0,0,0,0,0,0,0,0,0,0,0,0,0,0,0,0,0,0,0,0,0,0,0,,,,,,,,,,
2025,12,CA-0001-di2025.XLS,13,56,Total,1267571.625339923,0.7717257440379232,2676987.1692263354,0.2085721168561685,1230276.673817223,0.2701265861049083,8597672.47845871,1.1195599079702356,20797920.57220845,0.7920932164001779,4180548.332100309,1.3212567629483358,4529184.73303256,0.941691500767647,9547302.198322047,0.7357290301792143,3085967.8081379803,0.9077078306640647,5095004.475634471,0.7656214090704432,11577251.49973197,0.5445194568514581,1338609.49046812,0.47680870691698246,73924297.05647811,0.6424214344410457,,,,,,,,,,
2025,12,CA-0001-di2025.XLS,13,57,"*El valor nocional de estos derivados se ha calculado como la multiplicación del número de contratos en stock, por el número de unidades de subyacente en cada contrato, por el precio spot del subyacente, por el tipo de cambio de la fecha correspondiente.",,,,,,,,,,,,,,,,,,,,,,,,,,,,,,,,,,,,
2025,11,CA-0001-no2025.XLS,1,1,CARTERA POR TIPO DE INSTRUMENTO Y SECTOR DEL EMISOR,,,,,,,,,,,,,,,,,,,,,,,,,,,,,,,,,,,,
2025,11,CA-0001-no2025.XLS,1,2,(En miles de Soles),,,,,,,,,,,,,,,,,,,,,,,,,,,,,,,,,,,,
2025,11,CA-0001-no2025.XLS,1,3,Al 28-11-2025,,,,,,,,,,,,,,,,,,,,,,,,,,,,,,,,,,,,
2025,11,CA-0001-no2025.XLS,1,4,,HA00,,HA01,,HA02,,HA03,,IN00,,IN01,,IN02,,IN03,,PR00,,PR01,,PR02,,PR03,,RI00,,RI01,,RI02,,RI03,,TOTAL,,,
2025,11,CA-0001-no2025.XLS,1,5,,Monto,%,Monto,%,Monto,%,Monto,%,Monto,%,Monto,%,Monto,%,Monto,%,Monto,%,Monto,%,Monto,%,Monto,%,Monto,%,Monto,%,Monto,%,Monto,%,Monto,%,,
2025,11,CA-0001-no2025.XLS,1,6,I. NACIONAL,252548.35030961226,0.9935616014997173,868800.8162864777,0.5250910313085342,7571268.920540275,0.5800987342237488,1855853.5956346926,0.4285805358603076,2862122.0128409867,1.0001395188440938,3822935.465423922,0.4925115297242708,14741096.72970906,0.5179059400348709,1215811.221025612,0.38142956036413955,1861951.668921497,1.023248057370832,2644564.6075394973,0.5411564741656738,6864806.58164322,0.5026154337365327,1173302.5771612844,0.35045475740356513,2089669.689910002,1.003942795391757,3264593.836707555,0.48729163432192174,11312854.04064673,0.5044146370597664,1132865.2493450237,0.40554093114607587,63535045.363645464,0.5326562336747739,,
2025,11,CA-0001-no2025.XLS,1,7,1. Gobierno,0,,381785.79328175855,0.23074598017776485,3848627.4105620873,0.29487578803456055,284847.50371591497,0.06578110259785179,0,,2214097.374485115,0.28524375960012044,7012770.601518542,0.24638299423872306,0,,0,,1382680.229893652,0.28293744685784034,2462061.2781598023,0.18026290799179362,38604.53445903,0.011530821649816577,0,,2036029.6375538446,0.303909233196399,4786526.384239551,0.21342041187911975,97582.965714,0.03493256307626274,24545613.713583298,0.20578208576198273,,
2025,11,CA-0001-no2025.XLS,1,8,BONOS GOBIERNO CENTRAL DE LA REPUBLICA,0,,381785.79328175855,0.23074598017776485,3848627.4105620873,0.29487578803456055,284847.50371591497,0.06578110259785179,0,,2206086.294941985,0.2842116864520867,6979183.174811101,0.245202951252694,0,,0,,1382680.229893652,0.28293744685784034,2462061.2781598023,0.18026290799179362,38604.53445903,0.011530821649816577,0,,2036029.6375538446,0.303909233196399,4780614.7954021115,0.21315682747087317,97582.965714,0.03493256307626274,24498103.61849529,0.20538377726678506,,
2025,11,CA-0001-no2025.XLS,1,9,VAL REP DER CRED SOBRE DEUDA GOB CEN-GDN,0,,0,,0,,0,,0,,8011.07954313,0.0010320731480337063,33587.42670744,0.0011800429860290564,0,,0,,0,,0,,0,,0,,0,,5911.58883744,0.0002635844082465857,0,,47510.09508801,0.00039830849519767713,,
2025,11,CA-0001-no2025.XLS,1,10,2. Sistema Financiero,240541.04879257624,0.9463231471192762,183114.78974711962,0.11067201134449138,1517115.251266195,0.11623898796455151,299201.7714158464,0.0690959975643456,2852579.3085708795,0.9968049175886766,252072.01679383076,0.03247461949453677,2241272.5924497233,0.07874369255902547,217347.83456048038,0.068187303710331,1845165.5811711086,1.0140231499964156,142917.3982058756,0.02924514496243712,902869.904295954,0.06610475374045398,309136.5244820945,0.09233625477416915,1975012.0540620978,0.9488576745221939,127232.28012301901,0.01899140561454305,1872138.706565808,0.0834744409151722,225893.7324978888,0.08086500549842188,15203610.795000505,0.12746190732958726,,
2025,11,CA-0001-no2025.XLS,1,11,ACCIONES DEL CAPITAL SOCIAL,0,,14360.5026092,0.0086792864184963,706594.140652202,0.05413813337025286,200425.4684482624,0.04628514602103226,0,,26705.9245075676,0.003440543490959634,1585522.0271857942,0.05570489706377902,204618.18042636043,0.06419370149972707,0,,27664.784577975603,0.005661036693181483,600139.95076024,0.04394000006650971,259658.91054401442,0.07755774364916246,0,,56762.5379010612,0.008472695607966972,1264341.9796682077,0.056374156203407244,199381.50936092882,0.07137421066299768,5146175.916641816,0.043143790421447135,,
2025,11,CA-0001-no2025.XLS,1,12,BONOS SUBORDINADOS SISTEMA FINANCIERO,0,,69201.7129075456,0.04182454495641084,183151.33753064668,0.014032767847497503,0,,0,,109290.18378708122,0.014079933100532545,214489.309990246,0.00753575461546555,0,,0,,0,,29195.5221838741,0.0021375868163353144,0,,0,,35656.9242532578,0.0053223530286960665,132416.5065016,0.005904153260330439,0,,773401.4971542513,0.006483935381406612,,
2025,11,CA-0001-no2025.XLS,1,13,CD SERIADOS SUBASTADO BCOS,27738.501548290005,0.10912726211727083,0,,0,,0,,416049.47920056136,0.1453842722553783,0,,0,,0,,193458.40123791873,0.10631636500179927,0,,0,,0,,583674.8728135535,0.28041569739072214,0,,0,,0,,1220921.2548003236,0.010235788980289873,,
2025,11,CA-0001-no2025.XLS,1,14,CUENTAS CORRIENTES,936.8626400000002,0.003685752624566737,853.6100258000001,0.0005159099305390498,7040.10533048,0.0005394018141310306,1001.3385039,0.0002312435601539206,13597.371210000001,0.004751463508019734,5063.900007779999,0.0006523858856000631,22974.80833218,0.0008071848332979161,4729.654134120001,0.0014838075729635195,39613.77811,0.021770018079822505,31384.249158679995,0.006422149631220392,54874.64861893999,0.004017716302524923,14833.21393808,0.0044305454478435246,829.18317,0.0003983655759573421,-5816.564606500001,-0.0008682131422814225,8823.59420084,0.0003934241571921607,290.02313696,0.000103821926821981,201029.77591126005,0.0016853653394044209,,
2025,11,CA-0001-no2025.XLS,1,15,DEPOSITOS A PLAZO,203483.47868499995,0.8005333264428266,17158.06,0.010370090879015598,299679.04,0.02296093740717149,94761.36,0.021883662883311727,2285148.4635961,0.7985219618920907,500,6.441536015696993e-05,109258,0.003838613112299055,8000,0.0025097946376404067,1547055.7623959999,0.85019489492603,31577.38,0.0064616699382090805,79910.14,0.005850721240048838,34644.4,0.010347965677163173,1312168.085045,0.6304066626820153,20035.8,0.002990656178164489,311680.2,0.013897116889941573,26222.2,0.009386972908602215,6381282.369722101,0.05349850328455615,,
2025,11,CA-0001-no2025.XLS,1,16,OTROS BONOS SISTEMA FINANCIERO,0,,81540.904204574,0.049282179160029596,320650.627752866,0.02456774752549862,3013.604463684,0.0006959450998477026,0,,110512.008491402,0.014237341657287562,309028.4469415031,0.01085724293418392,0,,0,,52290.98446922,0.010700288699826165,138749.6427329,0.010158729315035189,0,,30933.052440326,0.014861207628598074,20593.5825752,0.003073913941996948,154876.42619516,0.006905590404300778,0,,1222189.2802668351,0.010246419674977032,,
2025,11,CA-0001-no2025.XLS,1,17,PAPELES COMERCIALES,8382.205919286302,0.03297680593461205,0,,0,,0,,137783.9945642174,0.048147219933187976,0,,0,,0,,65037.6394271906,0.035741871988763864,0,,0,,0,,47406.86059321821,0.022775741244901043,0,,0,,0,,258610.70050391252,0.0021681042475060453,,
2025,11,CA-0001-no2025.XLS,1,18,3. Sistema no Financiero,0,,183817.07787101046,0.11109646443930521,1766383.2398945726,0.13533750978478867,1196936.811277261,0.27641394837112604,9542.7042701077,0.0033346012554172836,1053984.6042456592,0.1357855957647711,4578810.013395761,0.1608695029759577,821099.4508051978,0.25759887482504606,0,,726909.3673433175,0.14874724903601555,2198232.3269163477,0.1609463400471011,696200.4462421368,0.20794871096452286,114657.63584790411,0.05508512086956313,919539.1792293709,0.1372555888672587,3921412.73622843,0.17484694622588187,680019.0416146867,0.24343191345389423,18867544.63518175,0.15817908378825418,,
2025,11,CA-0001-no2025.XLS,1,19,ACCIONES DEL CAPITAL SOCIAL,0,,37218.8557190954,0.02249455452539441,750658.9754050712,0.05751431180641572,663619.1994511005,0.15325253714890852,0,,164229.67602995672,0.02115782745986431,1654575.8051839657,0.05813099618400427,378028.7151368587,0.1185968052655726,0,,79690.41577813319,0.01630702623197193,351394.6427231318,0.025727799999093984,205812.4026371598,0.06147428382144927,0,,74842.2246123981,0.011171371316575468,1023232.8712380134,0.045623645060626904,238375.87272059394,0.0853333381368697,5621679.656635476,0.04713025222050049,,
2025,11,CA-0001-no2025.XLS,1,20,ACCIONES DEL EXTRANJERO - LIMITE LOCAL,0,,1077.089917636,0.000650978043599145,67244.78207988679,0.005152189596893957,59409.9859648607,0.01371981264048229,0,,25813.0936078684,0.003325519443032843,288242.101752837,0.01012694641403905,109221.18148643381,0.03426534195142515,0,,52701.1095536343,0.010784212474656926,469745.258765604,0.03439298896075213,232622.3243951076,0.06948216244421872,0,,14686.7329565892,0.0021922243510953147,379539.9005214244,0.01692282782782811,62745.9696253358,0.022461681971650153,1763049.5306272183,0.014780808251430341,,
2025,11,CA-0001-no2025.XLS,1,21,ACCIONES DEL TRABAJO,0,,10842.615629518401,0.006553124854694572,228447.504502308,0.017503289024491078,217902.347053373,0.05032115943036708,0,,46447.298032013605,0.005983838862100554,639567.913971434,0.02247024273532831,149627.715119645,0.046941854631208924,0,,17526.0895943224,0.0035863585346850185,223685.13508737803,0.01637738803784997,128568.599002771,0.03840226557947691,0,,62035.4732298392,0.009259763587187754,638419.323396618,0.028465677197461407,152076.86737603403,0.05444018557115434,2515146.8819952547,0.02108613691285755,,
2025,11,CA-0001-no2025.XLS,1,22,VALOR REP.DERECHO SOBRE ACC. EMP.NAC.,0,,6316.679035769801,0.0038177122387091224,476184.9326450089,0.03648454170401849,255189.1447241787,0.05893196567276551,0,,32789.4248792114,0.004224285225868626,977394.3340072264,0.034339258511110776,184221.83906226026,0.05779487297683936,0,,0.7069115196,1.4465509536171205e-07,221353.73262454348,0.016206691479085232,121295.59261839821,0.03622988503788062,0,,32621.076500872405,0.004869205321260468,742133.3470921643,0.033090051509410565,172749.3445092732,0.06184047932238097,3222250.1546104266,0.02701425050519974,,
2025,11,CA-0001-no2025.XLS,1,23,BONOS DE EMPRESAS PRIVADAS,,,128361.83756899078,0.07758009477690797,243847.0452622977,0.018683177652969434,816.134083748,0.00018847347860268923,0,0,762441.4239554139,0.09822587784536199,764582.9138823801,0.026862453995759792,0,0,0,0,542699.9034558707,0.11105252087506214,805084.4315826593,0.05894526757046489,0,0,0,0,733057.3579599222,0.10942026355482583,987871.8880781757,0.044046978604703434,11790.736282116,0.004220825180675005,4980553.672111574,0.04175526979508556,,
2025,11,CA-0001-no2025.XLS,1,24,BONO PARA NUEVOS PROYECTOS,0,,0,,0,,0,,0,,22263.6877411949,0.0028682469285427723,254446.944597919,0.00893960513571549,0,,0,,34291.14204983741,0.0070169862645441654,126969.126133031,0.009296203999854893,7901.527588700201,0.002360114081497372,0,,2296.3139697498,0.00034276073631388134,150215.40590203402,0.006697766025851452,42280.2511013337,0.015135403271164067,640664.3990838,0.005371112649913264,,
2025,11,CA-0001-no2025.XLS,1,25,PAPELES COMERCIALES,0,,0,,0,,0,,9542.7042701077,0.0033346012554172836,0,,0,,0,,0,,0,,0,,0,,114657.63584790411,0.05508512086956313,0,,0,,0,,124200.34011801181,0.0010412534532672321,,
2025,11,CA-0001-no2025.XLS,1,26,4. Administradoras de Fondos,12007.301517036,0.04723845438044108,65571.1753792129,0.039630298980555374,200164.23431252458,0.015336269280642004,74476.9602295139,0.01719929610799694,0,,51642.3496843028,0.006653121108533095,700348.5287663898,0.024605676890497866,177363.9356599339,0.05564338182876252,0,,210237.32002093148,0.04302080067025495,888561.2849752463,0.06505713021013057,129324.5261568865,0.038628054112262084,0,,101497.67738675671,0.015150114093075899,564763.9543231778,0.025181550475310358,129369.50951844829,0.04631144911749703,3305328.7579303607,0.027710753288664784,,
2025,11,CA-0001-no2025.XLS,1,27,FONDOS MUTUOS DEL EXT - ETF DEL MERCADO LOCAL,0,,0,,0,,0,,0,,0,,118.56123258,4.165467993116531e-06,21556.252767420003,0.006762720950411486,0,,0,,249472.99092534,0.018265478283799753,43520.8590306,0.012999282870804681,0,,0,,0,,0,,314668.66395594,0.0026380751668456364,,
2025,11,CA-0001-no2025.XLS,1,28,FONDO MUTUO ALTERNATIVO DEL EXTRANJERO - LÍMITE LOCAL,0,,0,,0,,0,,0,,0,,44191.6240712419,0.0015526052793723088,27582.4968581983,0.008653300338429933,0,,0,,34692.4914410695,0.002540054322824085,14868.2096713205,0.0044409983535489165,0,,0,,33040.4684865799,0.001473199942301217,33040.4684865799,0.011827763596153288,187415.75901499,0.0015712300472416907,,
2025,11,CA-0001-no2025.XLS,1,29,FONDO DE INVERSION TRADICIONAL,12007.301517036,0.04723845438044108,65571.1753792129,0.039630298980555374,168265.9618494846,0.012892273739876912,74476.9602295139,0.01719929610799694,0,,51642.3496843028,0.006653121108533095,95487.7400040002,0.0033548160394951234,20489.124,0.00642793669314367,0,,210225.02213020108,0.04301828415650884,335603.9937644623,0.024571667807902195,0,,0,,101497.67738675671,0.015150114093075899,279591.6202247781,0.012466359517582102,264.4495408,9.466713987315695e-05,1415123.3757105488,0.011863913579928283,,
2025,11,CA-0001-no2025.XLS,1,30,FONDO DE INVERSION ALTERNATIVO,0,,0,,31898.27246304,0.002443995540765092,0,,0,,0,,461876.85756727174,0.016227338608845232,107736.06203431559,0.033799423846777435,0,,12.2978907304,2.5165137461057818e-06,268791.8088443746,0.019679929795604536,70935.45745496599,0.021187772887908483,0,,0,,252131.86561182002,0.01124199101542704,96064.5914910684,0.034389018381470585,1289447.2133575866,0.010810287334468286,,
2025,11,CA-0001-no2025.XLS,1,31,FONDO MUTUO,0,,0,,0,,0,,0,,0,,98673.745891296,0.0034667514947920868,0,,0,,0,,0,,0,,0,,0,,0,,0,,98673.745891296,0.0008272471601808851,,
2025,11,CA-0001-no2025.XLS,1,32,5. Sociedades Titulizadoras,0,,54511.98000737609,0.032946276366417386,238978.7845048978,0.018310179159206075,390.54899615610003,9.019121898731615e-05,0,,251139.12021501377,0.032354433756309364,207894.99357864517,0.007304073370666818,0,,16786.087750388102,0.00922490737441645,181820.29207572096,0.037205832639125885,413081.78729587054,0.030244301747053455,36.545821137,1.0915902794374283e-05,0,,80295.06241456249,0.011985292550645076,168012.25928976352,0.007491287564282284,0,,1612947.461949531,0.013522403506284798,,
2025,11,CA-0001-no2025.XLS,1,33,PAPELES COMERCIALES TITULIZADOS,0,,0,,0,,0,,0,,0,,0,,0,,16786.087750388102,0.00922490737441645,0,,0,,0,,0,,0,,0,,0,,16786.087750388102,0.0001407288564615099,,
2025,11,CA-0001-no2025.XLS,1,34,TITULOS CON DERECHO CREDITICIO,0,,54511.98000737609,0.032946276366417386,238978.7845048978,0.018310179159206075,390.54899615610003,9.019121898731615e-05,0,,251139.12021501377,0.032354433756309364,207894.99357864517,0.007304073370666818,0,,0,,181820.29207572096,0.037205832639125885,413081.78729587054,0.030244301747053455,36.545821137,1.0915902794374283e-05,0,,80295.06241456249,0.011985292550645076,168012.25928976352,0.007491287564282284,0,,1596161.374199143,0.013381674649823287,,
2025,11,CA-0001-no2025.XLS,1,35,II. EXTRANJERO,0,,853910.9035687227,0.516091776843651,6228433.006954376,0.47721275541139047,2553862.9163428163,0.5897749368670684,0,,4061208.502854405,0.5232084167678307,15076279.11579497,0.5296820617123777,1959705.9478387365,0.6148074349047089,0,,2278550.682491304,0.46625915284104746,7095845.810536878,0.5195312609866494,2230929.249502296,0.6663581791582234,0,,3352966.602673674,0.5004826503291718,11621744.29365709,0.5181873565082544,1652388.5076206466,0.5915188716248316,58965825.53983586,0.4943494471091478,,
2025,11,CA-0001-no2025.XLS,1,36,1. Gobierno,0,,227268.3153688713,0.13735778312326527,52175.5473437026,0.0039976084972231235,0,,0,,775174.80010201,0.09986632786635631,219881.16489822502,0.007725189210180648,0,,0,,441833.678264142,0.09041229502028822,205131.6059356432,0.015018968104085362,0,,0,,746799.9344892614,0.11147155780818063,833830.9484188723,0.03717864065997106,0,,3502095.9948207275,0.029360382949157413,,
2025,11,CA-0001-no2025.XLS,1,37,TIT. DEUDA EMITIDOS POR ESTADOS DEL EXTRANJER,0,,227268.3153688713,0.13735778312326527,52175.5473437026,0.0039976084972231235,0,,0,,775174.80010201,0.09986632786635631,219881.16489822502,0.007725189210180648,0,,0,,441833.678264142,0.09041229502028822,205131.6059356432,0.015018968104085362,0,,0,,746799.9344892614,0.11147155780818063,833830.9484188723,0.03717864065997106,0,,3502095.9948207275,0.029360382949157413,,
2025,11,CA-0001-no2025.XLS,1,38,2. Sistema Financiero,0,,1262.2951335111998,0.0007629134791841427,989.9704587845999,7.584998183090164e-05,102.77044312929999,2.3733236118710844e-05,0,,453790.058334643,0.058462100086556876,679047.3587980645,0.023857292787295127,66024.6079440778,0.02071352587129458,0,,97141.926749507,0.01987812376508114,36625.7666237019,0.002681601492856408,9169.638815898501,0.002738887316244497,0,,428701.299185419,0.0639903666934196,695777.5134963052,0.03102314947966233,41793.5205302194,0.014961164393997452,2510426.72651326,0.02104656473301558,,
2025,11,CA-0001-no2025.XLS,1,39,BONO SISTEMA FINANCIERO EXTRANJERO,0,,0,,0,,0,,0,,318270.5223693764,0.041003020651540684,310239.7887583303,0.010899801580521479,0,,0,,88258.3018034,0.01806027021749157,0,,0,,0,,337622.1841257689,0.05039538580147134,476531.1712441098,0.021247449752920325,0,,1530921.9683009854,0.01283472963650035,,
2025,11,CA-0001-no2025.XLS,1,40,CUENTAS CORRIENTES DEL EXTERIOR,0,,61.15638569120001,3.696206199592922e-05,38.8029332446,2.973019806269783e-06,62.5841209293,1.4452829763789957e-05,0,,14708.421617806702,0.0018948965517031622,111595.4810581959,0.003920736942496766,18368.3398237455,0.005762595098999148,0,,8883.624946107,0.0018178535475895676,36625.7666237019,0.002681601492856408,9169.638815898501,0.002738887316244497,0,,91079.11505965011,0.013594980891948261,219246.34225219532,0.009775699726742004,41793.5205302194,0.014961164393997452,551632.7941673853,0.004624701923653937,,
2025,11,CA-0001-no2025.XLS,1,41,DEPÓSITOS OVERNIGHT - CMS,0,,1201.13874782,0.0007259514171882135,951.1675255399999,7.287696202463186e-05,40.1863222,9.28040635492089e-06,0,,120811.11434746,0.015564182883313028,257212.0889815382,0.009036754264276884,47656.2681203323,0.014950930772295432,0,,0,,0,,0,,0,,0,,0,,0,,427871.9640448905,0.003587133172861292,,
2025,11,CA-0001-no2025.XLS,1,42,3. Sistema no Financiero,0,,91327.2014479487,0.05519687999350702,97210.9270075075,0.00744814856024798,17172.39596436,0.003965697877096709,0,,319401.99025952205,0.041148788474840235,525414.13104719,0.01845962376050228,9827.4423691625,0.003083107769980522,0,,96651.212737248,0.019777709101759737,70452.993577984,0.005158304389802538,0,,0,,489385.6337877249,0.07304845173101168,639144.750580755,0.028498022358857907,0,,2355988.6787794027,0.019751808612654444,,
2025,11,CA-0001-no2025.XLS,1,43,ACCIONES EN EL EXTRANJERO,0,,0,,0,,17172.39596436,0.003965697877096709,0,,6697.2780593437,0.0008628151565279943,135962.5464318574,0.004776836602490408,9827.4423691625,0.003083107769980522,0,,0,,14692.678537264,0.0010757429081112884,0,,0,,0,,558.3417024639999,2.4895196755107274e-05,0,,184910.68306445162,0.0015502283415964697,,
2025,11,CA-0001-no2025.XLS,1,44,BONOS DE EMPRESA PRIVADA EXTRANJERA,0,,0,,0,,0,,0,,15266.89686784,0.00196684532044246,32442.155844160003,0.0011398056418261545,0,,0,,0,,0,,0,,0,,101529.456374004,0.015154857603419732,87608.8728111639,0.003906281971240935,0,,236847.38189716788,0.001985647978607781,,
2025,11,CA-0001-no2025.XLS,1,45,TIT. DEUDA EMITIDOS EMPRESAS PÚBLICAS EXTRAN,0,,91327.2014479487,0.05519687999350702,97210.9270075075,0.00744814856024798,0,,0,,297437.81533233833,0.03831912799786978,357009.42877117277,0.012542981516185717,0,,0,,96651.212737248,0.019777709101759737,55760.31504072,0.0040825614816912496,0,,0,,387856.1774137209,0.05789359412759195,550977.5360671271,0.024566845190861865,0,,1934230.6138177833,0.01621593229245019,,
2025,11,CA-0001-no2025.XLS,1,46,4. Administradoras de Fondos,0,,534053.091618391,0.32277420024769465,6078056.562144381,0.46569114837208847,2536587.749935327,0.5857855057538529,0,,2512841.6541582323,0.32373120034007724,13651936.461051486,0.4796399559543997,1883853.8975254963,0.5910108012634339,0,,1642923.864740406,0.3361910249539184,6783635.44439955,0.496672386999905,2221759.6106863976,0.663619291841979,0,,1688079.7352112685,0.25197227409655987,9452991.081161156,0.42148754400976307,1610594.9870904274,0.5765577072308342,50597314.13972245,0.42419069081432037,,
2025,11,CA-0001-no2025.XLS,1,47,FONDOS MUTUOS ALTERNATIVOS DEL EXTRANJERO,0,,0,,2480078.016849444,0.19001968275719944,537798.5696271609,0.12419621876309121,0,,0,,5352451.853784881,0.18805022853143957,505715.8771087601,0.1586553745671476,0,,0,,2682873.442817783,0.19642994789218188,450497.64393000567,0.13455952930431975,0,,0,,2173412.5221200236,0.09690756060206804,226904.5789949066,0.08122686639042413,14409732.505232973,0.1208063014761017,,
2025,11,CA-0001-no2025.XLS,1,48,FONDOS MUTUOS DEL EXTRANJERO,0,,534053.091618391,0.32277420024769465,3597978.545294938,0.27567146561488903,1998789.1803081662,0.46158928699076174,0,,2512841.6541582323,0.32373120034007724,8299484.607266612,0.29158972742296013,1378138.0204167361,0.43235542669628624,0,,1642923.864740406,0.3361910249539184,4100762.0015817676,0.30024243910772314,1771261.9667563916,0.5290597625376592,0,,1688079.7352112685,0.25197227409655987,7279578.559041134,0.32457998340769506,1383690.408095521,0.49533084084041007,36187581.634489514,0.30338438933821865,,
2025,11,CA-0001-no2025.XLS,1,49,III. OPERACIONES EN TRÁNSITO,1636.5436399999999,0.0064383985002838835,-68139.91328403528,-0.041182808152185515,-748011.8032752064,-0.05731148963513595,-79483.47442399598,-0.01835547272737599,-399.2642500000002,-0.00013951884409367857,-122020.17076202319,-0.0157199464921014,-1354491.77679354,-0.04758800174724896,11994.621949433349,0.003763004731151459,-42303.28991,-0.023248057370831597,-36239.24994138582,-0.007415627006721215,-302483.3013325676,-0.02214669472317965,-56288.75448501756,-0.016812936561788533,-8206.78236,-0.00394279539175639,81905.7668267168,0.012225715348906496,-506910.4571451568,-0.022601993568022484,8213.344230499191,0.002940197229092917,-3221227.96131628,-0.027005680783921793,,
2025,11,CA-0001-no2025.XLS,1,50,TOTAL,254184.893949612,1,1654571.806571165,1,13051690.1242194,1,4330233.0375535125,1,2861722.748590986,1,7762123.797516305,1,28462884.0687105,1,3187511.7908137823,1,1819648.3790114971,1,4886876.040089414,1,13658169.0908475,1,3347943.072178563,1,2081462.9075500008,1,6699466.206207944,1,22427687.877158698,1,2793467.101196169,1,119279642.94216506,1,,
2025,11,CA-0001-no2025.XLS,1-A,1,CARTERA POR TIPO DE INSTRUMENTO Y SECTOR DEL EMISOR,,,,,,,,,,,,,,,,,,,,,,,,,,,,,,,,,,,,
2025,11,CA-0001-no2025.XLS,1-A,2,(En miles de Soles),,,,,,,,,,,,,,,,,,,,,,,,,,,,,,,,,,,,
2025,11,CA-0001-no2025.XLS,1-A,3,Al 28-11-2025,,,,,,,,,,,,,,,,,,,,,,,,,,,,,,,,,,,,
2025,11,CA-0001-no2025.XLS,1-A,4,,HA00,,HA01,,HA02,,HA03,,IN00,,IN01,,IN02,,IN03,,PR00,,PR01,,PR02,,PR03,,RI00,,RI01,,RI02,,RI03,,TOTAL,,,
2025,11,CA-0001-no2025.XLS,1-A,5,,Monto,%,Monto,%,Monto,%,Monto,%,Monto,%,Monto,%,Monto,%,Monto,%,Monto,%,Monto,%,Monto,%,Monto,%,Monto,%,Monto,%,Monto,%,Monto,%,Monto,%,,
2025,11,CA-0001-no2025.XLS,1-A,6,I. NACIONAL,252548.35030961208,0.9935616014997174,868800.8162864775,0.5250910313085344,7571268.920540278,0.5800987342237489,1855853.5956346923,0.42858053586030775,2862122.0128409876,1.0001395188440942,3822935.4654239216,0.49251152972427104,14741096.729709063,0.5179059400348709,1215811.2210256122,0.3814295603641396,1861951.6689214974,1.0232480573708322,2644564.6075394987,0.5411564741656737,6864806.581643219,0.5026154337365328,1173302.5771612849,0.35045475740356513,2089669.6899100018,1.0039427953917566,3264593.836707555,0.4872916343219218,11312854.040646726,0.5044146370597665,1132865.2493450237,0.4055409311460759,63535045.363645434,0.5326562336747738,,
2025,11,CA-0001-no2025.XLS,1-A,7,Corto Plazo,240541.0487925761,0.9463231471192763,30018.416022821108,0.018142709735293663,353148.638123713,0.027057694042888113,95762.69850389998,0.022114906443465657,2862122.0128409876,1.0001395188440942,112230.81712845893,0.01445877701208142,211913.5885208683,0.007445260571954013,12729.654134119997,0.003993602210603927,1861951.6689214974,1.0232480573708322,91389.78366740319,0.01870106442596221,215521.63871174006,0.01577968740013357,49477.61393808,0.0147785111250067,2089669.6899100018,1.0039427953917566,14219.235393500001,0.0021224430358830664,320503.7942008399,0.014290541047133735,26512.223136959998,0.009490794835424194,8587712.52194747,0.07199646402455594,,
2025,11,CA-0001-no2025.XLS,1-A,8,Inversiones Alternativas,0,,0,,31898.27246304,0.002443995540765092,0,,0,,0,,506068.4816385137,0.01777994388821754,135318.5588925139,0.04245272418520737,0,,12.2978907304,2.5165137461057818e-06,303484.30028544413,0.022219984118428623,85803.6671262865,0.025628771241457404,0,,0,,285172.33409839997,0.012715190957728254,129105.05997764828,0.04621678197762387,1476862.9723725764,0.01238151738170998,,
2025,11,CA-0001-no2025.XLS,1-A,9,Renta Fija,12007.301517036,0.04723845438044108,768966.657352437,0.4647526654923472,4957091.674669048,0.3798045791380236,363544.7514890169,0.08395500850328642,0,,3414719.2312388443,0.43992073823036365,8779020.17032455,0.30843747770365276,20489.124,0.00642793669314367,0,,2375579.4195657796,0.4861141146363747,4230008.931759799,0.30970541539087987,46542.607868867206,0.013901851634108325,0,,3009426.556113295,0.4492039311019528,6659510.490431062,0.2969325472561703,151918.40263824968,0.05438345866797497,34788825.31896799,0.2916576916300461,,
2025,11,CA-0001-no2025.XLS,1-A,10,Renta Variable,0,,69815.74291121961,0.04219565608089355,2229130.3352844766,0.17079246550207206,1396546.1456417753,0.32251062091355565,0,,295985.41705661773,0.03813201448182597,5244094.489225134,0.18424325787104656,1047273.8839989783,0.3285552972751846,0,,177583.10641558506,0.03633877858959072,2115791.710886237,0.1549103468270908,991478.688228051,0.2961456234029927,0,,240948.0452007601,0.035965260184085975,4047667.4219164266,0.18047635779873425,825329.5635921658,0.2954498956650529,18681644.550357427,0.15662056063846175,,
2025,11,CA-0001-no2025.XLS,1-A,11,II. EXTRANJERO,0,,853910.9035687227,0.516091776843651,6228433.0069543775,0.4772127554113905,2553862.9163428163,0.5897749368670683,0,,4061208.5028544064,0.5232084167678306,15076279.115794975,0.5296820617123779,1959705.9478387365,0.614807434904709,0,,2278550.682491305,0.4662591528410476,7095845.810536878,0.5195312609866494,2230929.249502296,0.6663581791582235,0,,3352966.6026736735,0.5004826503291717,11621744.293657094,0.5181873565082544,1652388.5076206466,0.5915188716248317,58965825.53983589,0.4943494471091482,,
2025,11,CA-0001-no2025.XLS,1-A,12,Corto Plazo,0,,1262.2951335111998,0.0007629134791841427,989.9704587845999,7.584998183090164e-05,102.77044312929999,2.3733236118710844e-05,0,,135519.5359652667,0.01745907943501619,368807.57003973407,0.01295749120677365,66024.6079440778,0.020713525871294578,0,,8883.624946107,0.0018178535475895676,36625.7666237019,0.002681601492856408,9169.638815898501,0.002738887316244497,0,,91079.11505965011,0.013594980891948261,219246.34225219532,0.009775699726742004,41793.5205302194,0.014961164393997452,979504.758212276,0.008211835096515229,,
2025,11,CA-0001-no2025.XLS,1-A,13,Inversiones Alternativas,0,,0,,2480078.016849444,0.19001968275719944,537798.5696271609,0.12419621876309121,0,,0,,5352451.853784881,0.18805022853143957,505715.8771087601,0.1586553745671476,0,,0,,2682873.442817783,0.19642994789218188,450497.64393000567,0.13455952930431975,0,,0,,2173412.5221200236,0.09690756060206804,226904.5789949066,0.08122686639042413,14409732.505232973,0.1208063014761017,,
2025,11,CA-0001-no2025.XLS,1-A,14,Renta Fija,0,,778080.8776373063,0.47026117243575793,1062749.310747403,0.08142618317112126,1.5502647972999999,3.5800955372504986e-07,0,,3444732.6838841015,0.4437873929537601,2345399.403100465,0.08240202916326325,72063.4214104824,0.022608048578256202,0,,1982349.2383222207,0.4056475388489596,892431.0850546812,0.06534046248209871,85593.4809201,0.0255659905424864,0,,2858466.340360506,0.4266707603826342,3316797.4471793342,0.14788851464966657,26732.3380149151,0.009569591137646924,16865397.176896304,0.14139375974720025,,
2025,11,CA-0001-no2025.XLS,1-A,15,Renta Variable,0,,74567.73079790486,0.04506769092870896,2684615.7088987436,0.2056910395012389,2015960.0260077291,0.4655546268583047,0,,480956.28300503886,0.061961944379054286,7009620.288869893,0.24627231281090137,1315902.0413754163,0.41283048588801063,0,,287317.819222976,0.0587937604444984,3483915.5160407145,0.2550792491195124,1685668.4858362917,0.5034937719951729,0,,403421.147253518,0.06021690905458928,5912287.982105536,0.26361558152977776,1356958.070080606,0.4857612497027632,26711191.099494364,0.22393755078933095,,
2025,11,CA-0001-no2025.XLS,1-A,16,III. OPERACIONES EN TRÁNSITO,1636.5436399999999,0.0064383985002838835,-68139.91328403528,-0.041182808152185515,-748011.8032752064,-0.05731148963513595,-79483.47442399598,-0.01835547272737599,-399.2642500000002,-0.00013951884409367857,-122020.17076202319,-0.0157199464921014,-1354491.77679354,-0.04758800174724896,11994.621949433349,0.003763004731151459,-42303.28991,-0.023248057370831597,-36239.24994138582,-0.007415627006721215,-302483.3013325676,-0.02214669472317965,-56288.75448501756,-0.016812936561788533,-8206.78236,-0.00394279539175639,81905.7668267168,0.012225715348906496,-506910.4571451568,-0.022601993568022484,8213.344230499191,0.002940197229092917,-3221227.96131628,-0.027005680783921793,,
2025,11,CA-0001-no2025.XLS,1-A,17,TOTAL,254184.893949612,1,1654571.806571165,1,13051690.1242194,1,4330233.0375535125,1,2861722.748590986,1,7762123.797516305,1,28462884.0687105,1,3187511.7908137823,1,1819648.3790114971,1,4886876.040089414,1,13658169.0908475,1,3347943.072178563,1,2081462.9075500008,1,6699466.206207944,1,22427687.877158698,1,2793467.101196169,1,119279642.94216506,1,,
2025,11,CA-0001-no2025.XLS,2,1,CATEGORÍA DE RIESGO DE INVERSIONES DE CORTO Y LARGO PLAZO,,,,,,,,,,,,,,,,,,,,,,,,,,,,,,,,,,,,
2025,11,CA-0001-no2025.XLS,2,2,(En miles de Soles),,,,,,,,,,,,,,,,,,,,,,,,,,,,,,,,,,,,
2025,11,CA-0001-no2025.XLS,2,3,Al 28-11-2025,,,,,,,,,,,,,,,,,,,,,,,,,,,,,,,,,,,,
2025,11,CA-0001-no2025.XLS,2,4,,,,HA00,,HA01,,HA02,,HA03,,IN00,,IN01,,IN02,,IN03,,PR00,,PR01,,PR02,,PR03,,RI00,,RI01,,RI02,,RI03,,TOTAL,
2025,11,CA-0001-no2025.XLS,2,5,,,,Monto,%,Monto,%,Monto,%,Monto,%,Monto,%,Monto,%,Monto,%,Monto,%,Monto,%,Monto,%,Monto,%,Monto,%,Monto,%,Monto,%,Monto,%,Monto,%,Monto,%
2025,11,CA-0001-no2025.XLS,2,6,I.  INVERSIONES LOCALES,,,252548.3503096121,0.9935616014997162,868800.8162864775,0.5250910313085343,7571268.920540277,0.5800987342237467,1855853.5956346923,0.4285805358603077,2862122.0128409867,1.0001395188440936,3822935.465423922,0.49251152972427076,14741096.729709063,0.517905940034871,1215811.2210256124,0.38142956036413966,1861951.6689214972,1.0232480573708316,2644564.607539498,0.5411564741656738,6864806.58164322,0.5026154337365316,1173302.5771612846,0.3504547574035651,2089669.6899100023,1.0039427953917563,3264593.836707554,0.4872916343219217,11312854.04064673,0.5044146370597673,1132865.2493450239,0.4055409311460758,63535045.36364545,0.5326562336747735
2025,11,CA-0001-no2025.XLS,2,7,,Instrumentos de Corto Plazo ,,239604.18615257612,0.9426373944947084,17158.06,0.010370090879015604,299679.04,0.022960937407171412,94761.36,0.021883662883311727,2848524.6416309867,0.995388055336074,500,6.441536015696992e-05,109258,0.0038386131122990557,8000,0.0025097946376404067,1822337.890811497,1.001478039291009,31577.38,0.006461669938209079,79910.14,0.005850721240048826,34644.4,0.010347965677163173,2057907.4542996762,0.988683222187201,20035.8,0.0029906561781644888,311680.2,0.013897116889941594,26222.2,0.009386972908602213,8001800.752894736,0.06708437882208076
2025,11,CA-0001-no2025.XLS,2,8,,,CP-1,239604.18615257612,0.9426373944947084,17158.06,0.010370090879015604,299679.04,0.022960937407171412,94761.36,0.021883662883311727,2848524.6416309867,0.995388055336074,500,6.441536015696992e-05,109258,0.0038386131122990557,8000,0.0025097946376404067,1822337.890811497,1.001478039291009,31577.38,0.006461669938209079,79910.14,0.005850721240048826,34644.4,0.010347965677163173,2057907.4542996762,0.988683222187201,20035.8,0.0029906561781644888,311680.2,0.013897116889941594,26222.2,0.009386972908602213,8001800.752894736,0.06708437882208076
2025,11,CA-0001-no2025.XLS,2,9,,,CP-2,0,0,0,0,0,0,0,0,0,0,0,0,0,0,0,0,0,0,0,0,0,0,0,0,0,0,0,0,0,0,0,0,0,0
2025,11,CA-0001-no2025.XLS,2,10,,,CP-3,0,0,0,0,0,0,0,0,,0,,0,,0,,0,,0,,0,,0,,0,,0,,0,,0,,0,0,0
2025,11,CA-0001-no2025.XLS,2,11,,,CP-4,0,0,0,0,0,0,0,0,,0,,0,,0,,0,,0,,0,,0,,0,,0,,0,,0,,0,0,0
2025,11,CA-0001-no2025.XLS,2,12,,,E / V,0,0,0,0,0,0,0,0,,0,,0,,0,,0,,0,,0,,0,,0,,0,,0,,0,,0,0,0
2025,11,CA-0001-no2025.XLS,2,13,,,A-1+,0,0,0,0,0,0,0,0,0,0,0,0,0,0,0,0,0,0,0,0,0,0,0,0,0,0,0,0,0,0,0,0,0,0
2025,11,CA-0001-no2025.XLS,2,14,,Instrumentos de CP del Exterior  (1),,0,0,0,0,0,0,0,0,,0,,0,,0,,0,,0,,0,,0,,0,,0,,0,,0,,0,0,0
2025,11,CA-0001-no2025.XLS,2,15,,,CP-1,0,0,0,0,0,0,0,0,,0,,0,,0,,0,,0,,0,,0,,0,,0,,0,,0,,0,0,0
2025,11,CA-0001-no2025.XLS,2,16,,,CP-2,0,0,0,0,0,0,0,0,,0,,0,,0,,0,,0,,0,,0,,0,,0,,0,,0,,0,0,0
2025,11,CA-0001-no2025.XLS,2,17,,,CP-3,0,0,0,0,0,0,0,0,,0,,0,,0,,0,,0,,0,,0,,0,,0,,0,,0,,0,0,0
2025,11,CA-0001-no2025.XLS,2,18,,,CP-4,0,0,0,0,0,0,0,0,,0,,0,,0,,0,,0,,0,,0,,0,,0,,0,,0,,0,0,0
2025,11,CA-0001-no2025.XLS,2,19,,,E / V,0,0,0,0,0,0,0,0,,0,,0,,0,,0,,0,,0,,0,,0,,0,,0,,0,,0,0,0
2025,11,CA-0001-no2025.XLS,2,20,,Instrumentos de Largo Plazo,,0,0,333616.4346884865,0.2016330952597659,986627.7950507083,0.07559387218517137,4220.287543588101,0.0009746097974377082,0,0,1263657.5037332359,0.16279790643606792,1784030.0356981333,0.06267917303782063,0,0,0,0,811102.3220506491,0.16597562847855832,1513080.5099283347,0.1107820894487435,7938.0734098372,0.002371029984291747,30933.052440326,0.014861207628598064,871899.2411726924,0.13014458381247776,1599304.0748041733,0.07130936026771509,54070.9873834497,0.019356228451839066,9260480.317903616,0.0776367206464034
2025,11,CA-0001-no2025.XLS,2,21,,,AAA,0,0,433.75169575020004,0.0002621534429799581,6343.9828375344,0.0004860660019626232,0,0,0,0,791.6846042857001,0.00010199329783158316,33220.1507640437,0.001167139306187278,0,0,0,0,276.8621046272,5.665421065645328e-05,588.1170105195,4.305972540006134e-05,36.545821137,1.0915902794374283e-05,0,0,0,0,0,0,0,0,41691.094837897705,0.00034952397416307147
2025,11,CA-0001-no2025.XLS,2,22,,,AA,0,0,48187.294499989606,0.029123725128527407,150770.888745093,0.011551828714145923,667.616799248,0.00015417572067326634,0,0,313349.51229031937,0.04036904337838359,429987.5789509176,0.015106957464778026,0,0,0,0,176336.97426712993,0.03608378293628735,294522.3306544845,0.021563822258713047,7901.527588700201,0.0023601140814973726,30933.052440326,0.014861207628598064,110129.95798042198,0.01643861683761789,327353.928346709,0.01459597307309152,42280.2511013337,0.015135403271164062,1932420.9136646728,0.01620076038122986
2025,11,CA-0001-no2025.XLS,2,23,,,A,0,0,8886.22883504,0.005370712107959393,6664.67162628,0.0005106366733234543,0,0,0,0,33663.0324058176,0.0043368327127929806,0,0,0,0,0,0,0,0,19636.7689033936,0.001437730692362887,0,0,0,0,22442.021603878402,0.0033498223460076398,0,0,0,0,91292.72337440959,0.0007653671751740111
2025,11,CA-0001-no2025.XLS,2,24,,,A-,0,0,0,0,0,0,0,0,0,0,8011.07954313,0.001032073148033706,33587.42670744,0.0011800429860290567,0,0,0,0,0,0,0,0,0,0,0,0,0,0,5911.58883744,0.00026358440824658614,0,0,47510.09508801,0.000398308495197677
2025,11,CA-0001-no2025.XLS,2,25,,,AF,0,0,0,0,0,0,0,0,0,0,0,0,0,0,0,0,0,0,0,0,0,0,0,0,0,0,0,0,0,0,0,0,0,0
2025,11,CA-0001-no2025.XLS,2,26,,,AAF,0,0,0,0,0,0,0,0,0,0,0,0,0,0,0,0,0,0,0,0,0,0,0,0,0,0,0,0,0,0,0,0,0,0
2025,11,CA-0001-no2025.XLS,2,27,,,BBB+,0,0,61262.21360980401,0.037026022906047305,108586.985884676,0.008319764325631354,0,0,0,0,432839.6493799781,0.05576304381005574,388643.23884,0.013654387162657175,0,0,0,0,373188.2603672095,0.07636540344092323,802424.689901091,0.0587505312435181,0,0,0,0,280287.885484485,0.04183734597015522,130142.10610363999,0.005802742878198442,0,0,2577375.0295708836,0.021607836559508906
2025,11,CA-0001-no2025.XLS,2,28,,,BBB,0,0,0,0,0,0,0,0,0,0,0,0,0,0,0,0,0,0,0,0,0,0,0,0,0,0,0,0,0,0,0,0,0,0
2025,11,CA-0001-no2025.XLS,2,29,,,A(e),0,0,0,0,0,0,0,0,0,0,0,0,0,0,0,0,0,0,0,0,0,0,0,0,0,0,0,0,0,0,0,0,0,0
2025,11,CA-0001-no2025.XLS,2,30,,,BBB(e),0,0,97015.53817335049,0.058634830950250315,348541.3933113684,0.026704694180916498,3404.1534598401004,0.0007861363188350189,0,0,142564.856121352,0.018366733105566975,270394.73569330206,0.00949990644098324,0,0,0,0,90397.9731037348,0.018498110523401116,107111.06296555349,0.007842270970076776,0,0,0,0,181747.486901687,0.0271286519414448,413179.025683254,0.018422720520560373,0,0,1654356.2254134424,0.013869560510133208
2025,11,CA-0001-no2025.XLS,2,31,,,B(e),0,0,34489.48746658,0.020844962623927425,46509.073848683096,0.0035634521970743277,0,0,0,0,0,0,0,0,0,0,0,0,0,0,0,0,0,0,0,0,69323.8698078258,0.010347670646295376,150029.270479623,0.006689466667333967,0,0,300351.7016027119,0.0025180466188043744
2025,11,CA-0001-no2025.XLS,2,32,,,CCC(e),0,0,1915.4029139342001,0.0011576426639975006,1575.768388545,0.00012073289922972627,148.51728450000002,3.4297757929422905e-05,0,0,16666.015597452,0.0021470947941830978,66218.510536308,0.002326486324311126,0,0,0,0,7291.307565243,0.0014920181124769415,51988.9296885305,0.0038064347675537845,0,0,0,0,24171.202944108,0.0036079296768017385,81035.17890149701,0.0036131757916974924,11790.736282116,0.004220825180675003,262801.57010223373,0.002203239074329371
2025,11,CA-0001-no2025.XLS,2,33,,,CC(e),0,0,0,0,0,0,0,0,0,0,0,0,0,0,0,0,0,0,0,0,0,0,0,0,0,0,0,0,0,0,0,0,0,0
2025,11,CA-0001-no2025.XLS,2,34,,,C(e),0,0,0,0,0,0,0,0,0,0,37878.183415296,0.004879873653576114,85028.630479128,0.002987351185981913,0,0,0,0,0,0,0,0,0,0,0,0,51885.219990744,0.007744679709357359,234903.92183642203,0.01047383587300849,0,0,409695.95572159,0.003434751694555613
2025,11,CA-0001-no2025.XLS,2,35,,,C,0,0,0,0,0,0,0,0,0,0,6164.6330223317,0.000794194112738093,2975.258602517,0.00010453117102731443,0,0,0,0,0,0,0,0,0,0,0,0,0,0,0,0,0,0,9139.891624848698,7.662574601502069e-05
2025,11,CA-0001-no2025.XLS,2,36,,,D,0,0,0,0,0,0,0,0,0,0,0,0,0,0,0,0,0,0,0,0,0,0,0,0,0,0,0,0,0,0,0,0,0,0
2025,11,CA-0001-no2025.XLS,2,37,,,E-LP,0,0,0,0,0,0,0,0,0,0,0,0,0,0,0,0,0,0,0,0,0,0,0,0,0,0,0,0,0,0,0,0,0,0
2025,11,CA-0001-no2025.XLS,2,38,,,BB(e),0,0,81426.51749403798,0.049213045436076554,317635.03040852834,0.024336697192887453,0,0,0,0,271728.85735327343,0.03500702442290603,473974.5051244769,0.0166523709958655,0,0,0,0,163610.9446427047,0.03347965925481325,236808.61080476223,0.017338239791118853,0,0,0,0,131911.5964595422,0.01968986668479775,256749.0546155881,0.011447861055578205,0,0,1933845.1169029141,0.016212700417292277
2025,11,CA-0001-no2025.XLS,2,39,,,E2,0,0,0,0,0,0,0,0,0,0,0,0,0,0,0,0,0,0,0,0,0,0,0,0,0,0,0,0,0,0,0,0,0,0
2025,11,CA-0001-no2025.XLS,2,40,,Instrumentos de LP del Exterior  (1),,0,0,0,0,0,0,0,0,0,0,0,0,0,0,0,0,0,0,0,0,0,0,0,0,0,0,0,0,0,0,0,0,0,0
2025,11,CA-0001-no2025.XLS,2,41,,,AAA(e),0,0,0,0,0,0,0,0,0,0,0,0,0,0,0,0,0,0,0,0,0,0,0,0,0,0,0,0,0,0,0,0,0,0
2025,11,CA-0001-no2025.XLS,2,42,,,AA(e),0,0,0,0,0,0,0,0,0,0,0,0,0,0,0,0,0,0,0,0,0,0,0,0,0,0,0,0,0,0,0,0,0,0
2025,11,CA-0001-no2025.XLS,2,43,,,A(e),0,0,0,0,0,0,0,0,0,0,0,0,0,0,0,0,0,0,0,0,0,0,0,0,0,0,0,0,0,0,0,0,0,0
2025,11,CA-0001-no2025.XLS,2,44,,,BBB(e),0,0,0,0,0,0,0,0,0,0,0,0,0,0,0,0,0,0,0,0,0,0,0,0,0,0,0,0,0,0,0,0,0,0
2025,11,CA-0001-no2025.XLS,2,45,,,BB(e),0,0,0,0,0,0,0,0,0,0,0,0,0,0,0,0,0,0,0,0,0,0,0,0,0,0,0,0,0,0,0,0,0,0
2025,11,CA-0001-no2025.XLS,2,46,,,B(e),0,0,0,0,0,0,0,0,0,0,0,0,0,0,0,0,0,0,0,0,0,0,0,0,0,0,0,0,0,0,0,0,0,0
2025,11,CA-0001-no2025.XLS,2,47,,,CCC(e),0,0,0,0,0,0,0,0,0,0,0,0,0,0,0,0,0,0,0,0,0,0,0,0,0,0,0,0,0,0,0,0,0,0
2025,11,CA-0001-no2025.XLS,2,48,,,CC(e),0,0,0,0,0,0,0,0,0,0,0,0,0,0,0,0,0,0,0,0,0,0,0,0,0,0,0,0,0,0,0,0,0,0
2025,11,CA-0001-no2025.XLS,2,49,,,C(e),0,0,0,0,0,0,0,0,0,0,0,0,0,0,0,0,0,0,0,0,0,0,0,0,0,0,0,0,0,0,0,0,0,0
2025,11,CA-0001-no2025.XLS,2,50,,,E(e) / V(e),0,0,0,0,0,0,0,0,0,0,0,0,0,0,0,0,0,0,0,0,0,0,0,0,0,0,0,0,0,0,0,0,,0
2025,11,CA-0001-no2025.XLS,2,51,,,AAA,0,0,0,0,0,0,0,0,0,0,0,0,0,0,0,0,0,0,0,0,0,0,0,0,0,0,0,0,0,0,0,0,0,0
2025,11,CA-0001-no2025.XLS,2,52,,,AA,0,0,0,0,0,0,0,0,0,0,0,0,0,0,0,0,0,0,0,0,0,0,0,0,0,0,0,0,0,0,0,0,0,0
2025,11,CA-0001-no2025.XLS,2,53,,,A-,0,0,0,0,0,0,0,0,0,0,0,0,0,0,0,0,0,0,0,0,0,0,0,0,0,0,0,0,0,0,0,0,0,0
2025,11,CA-0001-no2025.XLS,2,54,,,A,0,0,0,0,0,0,0,0,0,0,0,0,0,0,0,0,0,0,0,0,0,0,0,0,0,0,0,0,0,0,0,0,0,0
2025,11,CA-0001-no2025.XLS,2,55,,,BBB+,0,0,0,0,0,0,0,0,0,0,0,0,0,0,0,0,0,0,0,0,0,0,0,0,0,0,0,0,0,0,0,0,0,0
2025,11,CA-0001-no2025.XLS,2,56,,Acciones Preferentes,,0,0,0,0,0,0,0,0,,0,,0,,0,,0,,0,,0,,0,,0,,0,,0,,0,,0,0,0
2025,11,CA-0001-no2025.XLS,2,57,,,AAA,0,0,0,0,0,0,0,0,,0,,0,,0,,0,,0,,0,,0,,0,,0,,0,,0,,0,0,0
2025,11,CA-0001-no2025.XLS,2,58,,,AA,0,0,0,0,0,0,0,0,,0,,0,,0,,0,,0,,0,,0,,0,,0,,0,,0,,0,0,0
2025,11,CA-0001-no2025.XLS,2,59,,,A,0,0,0,0,0,0,0,0,,0,,0,,0,,0,,0,,0,,0,,0,,0,,0,,0,,0,0,0
2025,11,CA-0001-no2025.XLS,2,60,,,BBB,0,0,0,0,0,0,0,0,,0,,0,,0,,0,,0,,0,,0,,0,,0,,0,,0,,0,0,0
2025,11,CA-0001-no2025.XLS,2,61,,,BB,0,0,0,0,0,0,0,0,,0,,0,,0,,0,,0,,0,,0,,0,,0,,0,,0,,0,0,0
2025,11,CA-0001-no2025.XLS,2,62,,,B,0,0,0,0,0,0,0,0,,0,,0,,0,,0,,0,,0,,0,,0,,0,,0,,0,,0,0,0
2025,11,CA-0001-no2025.XLS,2,63,,,CCC,0,0,0,0,0,0,0,0,,0,,0,,0,,0,,0,,0,,0,,0,,0,,0,,0,,0,0,0
2025,11,CA-0001-no2025.XLS,2,64,,,E / V,0,0,0,0,0,0,0,0,,0,,0,,0,,0,,0,,0,,0,,0,,0,,0,,0,,0,0,0
2025,11,CA-0001-no2025.XLS,2,65,,Cuotas de Participación de Fondos de Inversión,,0,0,0,0,31898.27246304,0.002443995540765083,0,0,0,0,0,0,461876.8575672718,0.016227338608845236,107736.0620343156,0.033799423846777435,0,0,12.2978907304,2.5165137461057813e-06,268791.8088443746,0.01967992979560449,70935.457454966,0.021187772887908487,0,0,0,0,252131.86561182002,0.011241991015427057,96064.5914910684,0.03438901838147057,1289447.2133575869,0.010810287334468285
2025,11,CA-0001-no2025.XLS,2,66,,,AAA,0,0,,0,,0,,0,,0,,0,,0,,0,,0,,0,,0,,0,,0,,0,,0,,0,0,0
2025,11,CA-0001-no2025.XLS,2,67,,,AA,0,0,0,0,0,0,0,0,0,0,0,0,0,0,0,0,0,0,0,0,0,0,0,0,0,0,0,0,0,0,0,0,0,0
2025,11,CA-0001-no2025.XLS,2,68,,,A,0,0,0,0,31898.27246304,0.002443995540765083,0,0,0,0,0,0,251741.8221485876,0.008844564786227327,47783.187600000005,0.014990748500980698,0,0,0,0,98004.5793809616,0.007175528339785704,9682.5026,0.0028920750416760914,0,0,0,0,110100.36622272,0.004909126916058566,6802.7937999999995,0.0024352510889020405,556013.5242153093,0.004661428475979782
2025,11,CA-0001-no2025.XLS,2,69,,,BBB,0,0,0,0,0,0,0,0,0,0,0,0,112304.4010825926,0.003945643765806917,34804.3509974072,0.010918971687480891,0,0,0,0,116510.4154805968,0.008530456366854584,44514.5461211126,0.013296088123788269,0,0,0,0,87748.1323307,0.00391249123901294,53945.7276941684,0.01931138822829476,449827.57370657753,0.003771201544631422
2025,11,CA-0001-no2025.XLS,2,70,,,BB,0,0,0,0,0,0,0,0,0,0,0,0,0,0,0,0,0,0,0,0,0,0,0,0,0,0,0,0,0,0,0,0,0,0
2025,11,CA-0001-no2025.XLS,2,71,,,B,0,0,0,0,0,0,0,0,0,0,0,0,0,0,0,0,0,0,0,0,0,0,0,0,0,0,0,0,0,0,0,0,0,0
2025,11,CA-0001-no2025.XLS,2,72,,,CCC,0,0,0,0,0,0,0,0,0,0,0,0,815.7556800000001,2.8660331048348246e-05,203.93892000000002,6.398060097777199e-05,0,0,0,0,0,0,0,0,0,0,0,0,1301.810106,5.804477541912914e-05,652.604544,0.00023361812412988614,2974.10925,2.4933921469248954e-05
2025,11,CA-0001-no2025.XLS,2,73,,,E / V,0,0,0,0,0,0,0,0,0,0,0,0,18106.1768120916,0.0006361328939253869,5217.4090559084,0.0016368281588619248,0,0,12.2978907304,2.5165137461057813e-06,14540.6462685162,0.0010646116746541106,674.8515727534,0.00020157199755319096,0,0,0,0,0,0,0,0,38551.3816,0.0003232016851248652
2025,11,CA-0001-no2025.XLS,2,74,,,4  (5),0,0,0,0,0,0,0,0,0,0,0,0,78908.701844,0.0027723368318372573,19727.175461,0.0061888948984761515,0,0,0,0,39736.1677143,0.002909333414310091,16063.5571611,0.004798037724890934,0,0,0,0,52981.5569524,0.0023623280849364207,34663.465452899996,0.012408760940143884,242080.6245857,0.002029521707262967
2025,11,CA-0001-no2025.XLS,2,75,,Instrumentos sin Categoría de Riesgo Equivalente,,12007.301517036,0.04723845438044106,517172.71157219104,0.31257193523921384,6246023.707696049,0.47856052727650783,1755870.6095872042,0.4054910196194043,0,0,2553714.061682906,0.3289968220424458,12362957.028111476,0.4343536304426081,1095345.5048571767,0.3436365343067582,0,0,1770488.3584394383,0.36229450960393983,4948149.474251571,0.36228497694960987,1044951.4323584015,0.31211744340635816,0,0,2378475.360141361,0.3550246074735608,9140914.306029897,0.4075727447294914,956217.4473335457,0.34230488947734194,44782287.30357826,0.37543948153241674
2025,11,CA-0001-no2025.XLS,2,76,,,Títulos de Deuda del Gobierno (2),0,0,381785.79328175855,0.2307459801777649,3848627.4105620873,0.2948757880345595,284847.50371591497,0.06578110259785178,0,0,2206086.2949419855,0.2842116864520868,6979183.174811101,0.245202951252694,0,0,0,0,1382680.229893652,0.2829374468578403,2462061.2781598023,0.18026290799179323,38604.53445903,0.011530821649816577,0,0,2036029.6375538446,0.30390923319639895,4780614.795402111,0.2131568274708735,97582.965714,0.03493256307626273,24498103.61849529,0.20538377726678506
2025,11,CA-0001-no2025.XLS,2,77,,,Certificados Banco Central de Reserva (3),0,0,0,0,0,0,0,0,0,0,0,0,0,0,0,0,0,0,0,0,0,0,0,0,0,0,0,0,0,0,0,0,0,0
2025,11,CA-0001-no2025.XLS,2,78,,,Fondos Mutuos ,12007.301517036,0.04723845438044106,65571.1753792129,0.03963029898055539,168265.96184948462,0.012892273739876867,74476.9602295139,0.017199296107996944,0,0,51642.3496843028,0.006653121108533094,238471.67119911808,0.008378338281652636,69627.8736256183,0.021843957981985088,0,0,210225.0221302011,0.04301828415650883,619769.4761308718,0.045377200414525934,58389.06870192049,0.017440281224353597,0,0,101497.67738675671,0.015150114093075899,312632.08871135797,0.01393955945988334,33304.9180273799,0.01192243073602644,2015881.5445727746,0.016900465954196486
2025,11,CA-0001-no2025.XLS,2,79,,,Acciones y Valores representativos sobre Acciones ,0,0,69815.7429112196,0.04219565608089356,2229130.335284477,0.1707924655020715,1396546.1456417753,0.32251062091355565,0,0,295985.41705661773,0.03813201448182596,5145302.182101258,0.18077234090826147,1025717.6312315583,0.3217925763247731,0,0,177583.10641558512,0.03633877858959072,1866318.7199608972,0.13664486854329072,947957.829197451,0.28314634053218796,0,0,240948.04520076013,0.035965260184085975,4047667.421916428,0.18047635779873453,825329.5635921657,0.29544989566505275,18268302.140510194,0.15315523831143518
2025,11,CA-0001-no2025.XLS,2,80,,Cuenta Corriente,,936.8626400000002,0.0036857526245667356,853.6100258000001,0.0005159099305390502,7040.10533048,0.0005394018141310286,1001.3385039,0.0002312435601539206,13597.371210000001,0.004751463508019732,5063.900007779999,0.0006523858856000629,22974.808332180004,0.0008071848332979165,4729.65413412,0.0014838075729635195,39613.77811,0.0217700180798225,31384.24915868,0.00642214963122039,54874.64861894,0.004017716302524914,14833.21393808,0.004430545447843525,829.18317,0.00039836557595734185,-5816.564606500001,-0.0008682131422814226,8823.594200840002,0.0003934241571921613,290.02313696,0.00010382192682198095,201029.77591126002,0.0016853653394044191
2025,11,CA-0001-no2025.XLS,2,81,II.  INVERSIONES EN EL EXTERIOR,,,0,0,853910.9035687222,0.5160917768436512,6228433.006954377,0.477212755411389,2553862.9163428163,0.5897749368670683,0,0,4061208.5028544078,0.5232084167678306,15076279.115794972,0.529682061712378,1959705.9478387365,0.6148074349047089,0,0,2278550.682491304,0.4662591528410475,7095845.810536878,0.5195312609866481,2230929.249502296,0.6663581791582235,0,0,3352966.6026736745,0.5004826503291718,11621744.29365709,0.5181873565082552,1652388.5076206469,0.5915188716248313,58965825.53983593,0.4943494471091482
2025,11,CA-0001-no2025.XLS,2,82,,Instrumentos de Inversión de Corto Plazo con Equivalencia de Clasificación,,0,0,1201.13874782,0.0007259514171882138,951.1675255399999,7.28769620246316e-05,40.1863222,9.28040635492089e-06,0,0,120811.11434746,0.015564182883313024,257212.0889815382,0.009036754264276886,47656.2681203323,0.014950930772295434,0,0,0,0,0,0,0,0,0,0,0,0,0,0,0,0,427871.96404489054,0.0035871331728612905
2025,11,CA-0001-no2025.XLS,2,83,,,A-1+,0,0,0,0,0,0,0,0,0,0,0,0,0,0,0,0,0,0,0,0,0,0,0,0,0,0,0,0,0,0,0,0,0,0
2025,11,CA-0001-no2025.XLS,2,84,,,A-1,0,0,0,0,0,0,0,0,0,0,0,0,0,0,0,0,0,0,0,0,0,0,0,0,0,0,0,0,0,0,0,0,0,0
2025,11,CA-0001-no2025.XLS,2,85,,,CP-1,0,0,1201.13874782,0.0007259514171882138,951.1675255399999,7.28769620246316e-05,40.1863222,9.28040635492089e-06,0,0,120811.11434746,0.015564182883313024,257212.0889815382,0.009036754264276886,47656.2681203323,0.014950930772295434,0,0,0,0,0,0,0,0,0,0,0,0,0,0,0,0,427871.96404489054,0.0035871331728612905
2025,11,CA-0001-no2025.XLS,2,86,,,CP -2,0,0,0,0,0,0,0,0,0,0,0,0,0,0,0,0,0,0,0,0,0,0,0,0,0,0,0,0,0,0,0,0,0,0
2025,11,CA-0001-no2025.XLS,2,87,,,A-2,0,0,0,0,0,0,0,0,0,0,0,0,0,0,0,0,0,0,0,0,0,0,0,0,0,0,0,0,0,0,0,0,0,0
2025,11,CA-0001-no2025.XLS,2,88,,Instrumentos de Inversión de Largo Plazo con Equivalencia de Clasificación,,0,0,318595.51681682,0.19255466311677236,149386.4743512101,0.011445757057471063,0,0,0,0,1406150.0346715648,0.1811553218362092,919572.538271888,0.032307777948714006,0,0,0,0,626743.19280479,0.1282502743395395,260891.92097636318,0.019101529585776572,0,0,0,0,1573807.7524027554,0.23491539534066364,1948948.5285412734,0.08689921757499433,0,0,7204095.958836665,0.06039669285671572
2025,11,CA-0001-no2025.XLS,2,89,,,AAA,0,0,0,0,0,0,0,0,0,0,0,0,0,0,0,0,0,0,0,0,0,0,0,0,0,0,33772.94299454,0.0050411393915600145,33772.94299454,0.0015058593279664747,0,0,67545.88598908,0.0005662817587560254
2025,11,CA-0001-no2025.XLS,2,90,,,AA+,0,0,0,0,0,0,0,0,0,0,54658.564995969,0.007041702299756984,0,0,0,0,0,0,0,0,0,0,0,0,0,0,0,0,0,0,0,0,54658.564995969,0.00045823883814333005
2025,11,CA-0001-no2025.XLS,2,91,,,AA-,0,0,0,0,0,0,0,0,0,0,0,0,0,0,0,0,0,0,0,0,0,0,0,0,0,0,0,0,0,0,0,0,0,0
2025,11,CA-0001-no2025.XLS,2,92,,,A+,0,0,0,0,0,0,0,0,0,0,0,0,0,0,0,0,0,0,0,0,0,0,0,0,0,0,0,0,0,0,0,0,0,0
2025,11,CA-0001-no2025.XLS,2,93,,,A,0,0,49854.9600864,0.030131638825465327,16364.6052192,0.00125383035173605,0,0,0,0,213297.8568156,0.027479316534973354,0,0,0,0,0,0,116074.52539200001,0.023752295830666535,0,0,0,0,0,0,0,0,0,0,0,0,395591.94751320005,0.003316508481711418
2025,11,CA-0001-no2025.XLS,2,94,,,A-,0,0,0,0,0,0,0,0,0,0,0,0,0,0,0,0,0,0,0,0,0,0,0,0,0,0,0,0,0,0,0,0,0,0
2025,11,CA-0001-no2025.XLS,2,95,,,BBB+,0,0,69060.293142561,0.04173907283339816,18303.39388083,0.001402377294176269,0,0,0,0,39391.702505016,0.00507486140811364,0,0,0,0,0,0,0,0,0,0,0,0,0,0,26952.217503432,0.004023039548801245,0,0,0,0,153707.60703183903,0.0012886323536897822
2025,11,CA-0001-no2025.XLS,2,96,,,BBB,0,0,0,0,0,0,0,0,0,0,21702.7116006522,0.0027959759682777215,20378.342756724,0.0007159619772729249,0,0,0,0,48544.161866001,0.009933577497724453,0,0,0,0,0,0,37656.2607697037,0.005620785240294246,16268.710300784602,0.0007253850860548744,0,0,144550.18729386549,0.0012118596579296708
2025,11,CA-0001-no2025.XLS,2,97,,,BB,0,0,199680.263587859,0.12068395145790888,114718.4752511801,0.008789549411558743,0,0,0,0,1077099.1987543276,0.13876346562508748,899194.195515164,0.03159181597144108,0,0,0,0,462124.505546789,0.09456440101114852,260891.92097636318,0.019101529585776572,0,0,0,0,1475426.3311350797,0.22023043116000815,1898906.8752459488,0.08466797316097298,0,0,6388041.766012711,0.05355517176648549
2025,11,CA-0001-no2025.XLS,2,98,,,B,0,0,0,0,0,0,0,0,0,0,0,0,0,0,0,0,0,0,0,0,0,0,0,0,0,0,0,0,0,0,0,0,0,0
2025,11,CA-0001-no2025.XLS,2,99,,,CCC,0,0,0,0,0,0,0,0,0,0,0,0,0,0,0,0,0,0,0,0,0,0,0,0,0,0,0,0,0,0,0,0,0,0
2025,11,CA-0001-no2025.XLS,2,100,,Acciones Preferentes,,0,0,0,0,0,0,0,0,0,0,0,0,0,0,0,0,0,0,0,0,0,0,0,0,0,0,0,0,0,0,0,0,0,0
2025,11,CA-0001-no2025.XLS,2,101,,,AA,0,0,0,0,0,0,0,0,0,0,0,0,0,0,0,0,0,0,0,0,0,0,0,0,0,0,0,0,0,0,0,0,0,0
2025,11,CA-0001-no2025.XLS,2,102,,,A,0,0,0,0,0,0,0,0,0,0,0,0,0,0,0,0,0,0,0,0,0,0,0,0,0,0,0,0,0,0,0,0,0,0
2025,11,CA-0001-no2025.XLS,2,103,,Instrumentos sin Categoría de Riesgo Equivalente,,0,0,534053.091618391,0.3227742002476947,6078056.562144382,0.465691148372087,2553760.145899687,0.5897512036309496,0,0,2519538.932217576,0.3245940154966052,13787899.00748335,0.4844167925568903,1893681.3398946587,0.5940939090334143,0,0,1642923.8647404069,0.33619102495391845,6798328.122936813,0.49774812990801515,2221759.6106863976,0.663619291841979,0,0,1688079.7352112688,0.2519722740965599,9453549.422863621,0.4215124392065189,1610594.9870904274,0.5765577072308339,50782224.82278699,0.4257409191559172
2025,11,CA-0001-no2025.XLS,2,104,,,Fondos Mutuos   (4),0,0,534053.091618391,0.3227742002476947,6078056.562144382,0.465691148372087,2536587.749935327,0.5857855057538529,0,0,2512841.6541582323,0.3237312003400772,13651936.461051492,0.4796399559543999,1883853.897525496,0.5910108012634337,0,0,1642923.8647404069,0.33619102495391845,6783635.444399549,0.49667238699990385,2221759.6106863976,0.663619291841979,0,0,1688079.7352112688,0.2519722740965599,9452991.081161158,0.4214875440097638,1610594.9870904274,0.5765577072308339,50597314.13972253,0.42419069081432076
2025,11,CA-0001-no2025.XLS,2,105,,,Acciones y Valores representativos sobre Acciones ,0,0,0,0,0,0,17172.39596436,0.003965697877096709,0,0,6697.2780593437,0.0008628151565279941,135962.5464318574,0.004776836602490408,9827.4423691625,0.003083107769980522,0,0,0,0,14692.678537264,0.001075742908111286,0,0,0,0,0,0,558.3417024639999,2.489519675510731e-05,0,0,184910.68306445162,0.0015502283415964693
2025,11,CA-0001-no2025.XLS,2,106,,Cuenta Corriente,,0,0,61.15638569120001,3.696206199592923e-05,38.8029332446,2.973019806269772e-06,62.5841209293,1.4452829763789957e-05,0,0,14708.421617806702,0.001894896551703162,111595.4810581959,0.003920736942496767,18368.3398237455,0.005762595098999148,0,0,8883.624946107,0.0018178535475895674,36625.7666237019,0.002681601492856402,9169.638815898501,0.002738887316244497,0,0,91079.11505965011,0.01359498089194826,219246.3422521953,0.009775699726742021,41793.5205302194,0.014961164393997448,551632.7941673854,0.004624701923653935
2025,11,CA-0001-no2025.XLS,2,107,III. OPERACIONES EN TRÁNSITO,,,1636.5436399999999,0.006438398500283881,-68139.91328403528,-0.04118280815218553,-748011.8032752064,-0.05731148963513574,-79483.47442399598,-0.018355472727375987,-399.2642500000002,-0.00013951884409367892,-122020.17076202319,-0.01571994649210139,-1354491.77679354,-0.047588001747248976,11994.621949433349,0.0037630047311514674,-42303.28991,-0.023248057370831594,-36239.24994138582,-0.007415627006721199,-302483.3013325676,-0.02214669472317959,-56288.75448501756,-0.016812936561788526,-8206.78236,-0.003942795391756387,81905.7668267168,0.01222571534890649,-506910.4571451568,-0.022601993568022522,8213.344230499191,0.0029401972290929133,-3221227.96131628,-0.027005680783921786
2025,11,CA-0001-no2025.XLS,2,108,TOTAL,,,254184.8939496121,1,1654571.8065711644,1,13051690.124219447,1,4330233.0375535125,1,2861722.7485909867,1,7762123.797516307,1,28462884.068710495,1,3187511.7908137823,1,1819648.3790114971,1,4886876.040089415,1,13658169.09084753,1,3347943.072178563,1,2081462.9075500022,1,6699466.206207945,1,22427687.877158664,1,2793467.10119617,1,119279642.9421651,1
2025,11,CA-0001-no2025.XLS,2,109,(1) Financian actividad desarrollada en el país.,,,,,,,,,,,,,,,,,,,,,,,,,,,,,,,,,,,,
2025,11,CA-0001-no2025.XLS,2,110,(2) Incluye inversiones en Bonos Estructurados cuyo capital protegido corresponde a Instrumentos de Deuda del Gobierno Central.,,,,,,,,,,,,,,,,,,,,,,,,,,,,,,,,,,,,
2025,11,CA-0001-no2025.XLS,2,111,(3) Incluye Depósitos Overnight y Certificados de Depósito con Negociación Restringida del BCRP.,,,,,,,,,,,,,,,,,,,,,,,,,,,,,,,,,,,,
2025,11,CA-0001-no2025.XLS,2,112,(4) Incluye la participación de las AFP en Fondos Mutuos Alternativos.,,,,,,,,,,,,,,,,,,,,,,,,,,,,,,,,,,,,
2025,11,CA-0001-no2025.XLS,2,113,"(5) Categoría de riesgo equivalente para acciones y valores representativos de derechos sobre acciones, según lo indicado en el Anexo IV de la Circular Nº AFP-044-2004",,,,,,,,,,,,,,,,,,,,,,,,,,,,,,,,,,,,
2025,11,CA-0001-no2025.XLS,2,114,(e) Clasificación de riesgo otorgada por empresas Clasificadoras del Exterior.,,,,,,,,,,,,,,,,,,,,,,,,,,,,,,,,,,,,
2025,11,CA-0001-no2025.XLS,2,115,"Nota:  Las Categorías E y E(e) corresponden a los Títulos que no tienen información suficiente y las categorías V y V(e) se asignan cuando la categoría de riesgo ha sido observada, por considerar que el instrumento tiene una categoría de riesgo correpondiente al grado especulativo.",,,,,,,,,,,,,,,,,,,,,,,,,,,,,,,,,,,,
2025,11,CA-0001-no2025.XLS,3,1,CARTERA POR EMISOR Y TIPO DE INSTRUMENTO,,,,,,,,,,,,,,,,,,,,,,,,,,,,,,,,,,,,
2025,11,CA-0001-no2025.XLS,3,2,(En miles de Soles),,,,,,,,,,,,,,,,,,,,,,,,,,,,,,,,,,,,
2025,11,CA-0001-no2025.XLS,3,3,Al 28-11-2025,,,,,,,,,,,,,,,,,,,,,,,,,,,,,,,,,,,,
2025,11,CA-0001-no2025.XLS,3,4,,HA00,,HA01,,HA02,,HA03,,IN00,,IN01,,IN02,,IN03,,PR00,,PR01,,PR02,,PR03,,RI00,,RI01,,RI02,,RI03,,TOTAL,,,
2025,11,CA-0001-no2025.XLS,3,5,,Monto,%,Monto,%,Monto,%,Monto,%,Monto,%,Monto,%,Monto,%,Monto,%,Monto,%,Monto,%,Monto,%,Monto,%,Monto,%,Monto,%,Monto,%,Monto,%,Monto,%,,
2025,11,CA-0001-no2025.XLS,3,6,NACIONAL,252548.3503096122,0.9935616014997174,868800.8162864778,0.5250910313085344,7571268.920540277,0.5800987342237492,1855853.5956346923,0.42858053586030764,2862122.0128409863,1.0001395188440942,3822935.4654239225,0.4925115297242709,14741096.72970906,0.5179059400348711,1215811.221025612,0.38142956036413944,1861951.6689214967,1.0232480573708316,2644564.6075394964,0.5411564741656736,6864806.581643221,0.5026154337365328,1173302.5771612844,0.35045475740356513,2089669.6899100023,1.0039427953917568,3264593.836707555,0.48729163432192163,11312854.04064673,0.5044146370597667,1132865.2493450237,0.40554093114607587,63535045.363645464,0.5326562336747739,,
2025,11,CA-0001-no2025.XLS,3,7,1. Gobierno,0,,381785.79328175855,0.23074598017776485,3848627.4105620873,0.29487578803456055,284847.50371591497,0.06578110259785179,0,,2214097.374485115,0.28524375960012044,7012770.601518542,0.24638299423872306,0,,0,,1382680.229893652,0.28293744685784034,2462061.2781598023,0.18026290799179362,38604.53445903,0.011530821649816577,0,,2036029.6375538446,0.303909233196399,4786526.384239551,0.21342041187911975,97582.965714,0.03493256307626274,24545613.713583298,0.20578208576198273,,
2025,11,CA-0001-no2025.XLS,3,8,GOBIERNO CENTRAL,0,,381785.79328175855,0.23074598017776485,3848627.4105620873,0.29487578803456055,284847.50371591497,0.06578110259785179,0,,2214097.374485115,0.28524375960012044,7012770.601518542,0.24638299423872306,0,,0,,1382680.229893652,0.28293744685784034,2462061.2781598023,0.18026290799179362,38604.53445903,0.011530821649816577,0,,2036029.6375538446,0.303909233196399,4786526.384239551,0.21342041187911975,97582.965714,0.03493256307626274,24545613.713583298,0.20578208576198273,,
2025,11,CA-0001-no2025.XLS,3,9,BONOS GOBIERNO CENTRAL DE LA REPUBLICA,0,,381785.79328175855,0.23074598017776485,3848627.4105620873,0.29487578803456055,284847.50371591497,0.06578110259785179,0,,2206086.294941985,0.2842116864520867,6979183.174811101,0.245202951252694,0,,0,,1382680.229893652,0.28293744685784034,2462061.2781598023,0.18026290799179362,38604.53445903,0.011530821649816577,0,,2036029.6375538446,0.303909233196399,4780614.7954021115,0.21315682747087317,97582.965714,0.03493256307626274,24498103.61849529,0.20538377726678506,,
2025,11,CA-0001-no2025.XLS,3,10,VAL REP DER CRED SOBRE DEUDA GOB CEN-GDN,0,,0,,0,,0,,0,,8011.07954313,0.0010320731480337063,33587.42670744,0.0011800429860290564,0,,0,,0,,0,,0,,0,,0,,5911.58883744,0.0002635844082465857,0,,47510.09508801,0.00039830849519767713,,
2025,11,CA-0001-no2025.XLS,3,11,2. Sistema Financiero,240541.0487925762,0.9463231471192763,183114.78974711962,0.11067201134449141,1517115.251266195,0.11623898796455152,299201.7714158464,0.06909599756434562,2852579.308570879,0.9968049175886768,252072.0167938308,0.03247461949453677,2241272.5924497233,0.07874369255902545,217347.8345604804,0.068187303710331,1845165.5811711084,1.0140231499964152,142917.39820587562,0.029245144962437117,902869.9042959542,0.06610475374045398,309136.5244820944,0.09233625477416915,1975012.054062098,0.9488576745221937,127232.28012301901,0.018991405614543055,1872138.7065658078,0.0834744409151722,225893.7324978888,0.08086500549842186,15203610.795000497,0.12746190732958726,,
2025,11,CA-0001-no2025.XLS,3,12,Banco BCI Peru S.A.,2930.5553031,0.011529226845718592,0,,0,,0,,51007.609116674794,0.017824091848796044,0,,30258,0.001063068659063362,0,,30000,0.016486701687002385,1647.38,0.00033710288259529046,35200.14,0.00257722244950006,20844.4,0.006226031790449829,96763.69629,0.046488311628813186,0,,0,,0,,268651.7807097748,0.0022522852523966354,,
2025,11,CA-0001-no2025.XLS,3,13,CD SERIADOS SUBASTADO BCOS,2930.5553031,0.011529226845718592,0,,0,,0,,51007.609116674794,0.017824091848796044,0,,0,,0,,0,,0,,0,,0,,96763.69629,0.046488311628813186,0,,0,,0,,150701.8607097748,0.0012634331977573524,,
2025,11,CA-0001-no2025.XLS,3,14,DEPOSITOS A PLAZO,0,,0,,0,,0,,0,,0,,30258,0.001063068659063362,0,,30000,0.016486701687002385,1647.38,0.00033710288259529046,35200.14,0.00257722244950006,20844.4,0.006226031790449829,0,,0,,0,,0,,117949.92,0.0009888520546392832,,
2025,11,CA-0001-no2025.XLS,3,15,BANCO CITIBANK,0,,0,,81.81124000000001,6.26824872651449e-06,0,,0,,33.653620000000004,4.335620105771614e-06,57.45978,2.018761691938522e-06,33.653620000000004,1.0557959376648493e-05,20.46106,1.12445130806619e-05,56.07261702,1.1474123051210862e-05,90.82139448,6.649602437625442e-06,30.270023500000004,9.041379392482557e-06,4.2007200000000005,2.018157510644513e-06,15.13218,2.2587142817405407e-06,178.14185999999998,7.942943605052894e-06,3.54142,1.2677507454745239e-06,605.219535,5.073954952174463e-06,,
2025,11,CA-0001-no2025.XLS,3,16,CUENTAS CORRIENTES,0,,0,,81.81124000000001,6.26824872651449e-06,0,,0,,33.653620000000004,4.335620105771614e-06,57.45978,2.018761691938522e-06,33.653620000000004,1.0557959376648493e-05,20.46106,1.12445130806619e-05,56.07261702,1.1474123051210862e-05,90.82139448,6.649602437625442e-06,30.270023500000004,9.041379392482557e-06,4.2007200000000005,2.018157510644513e-06,15.13218,2.2587142817405407e-06,178.14185999999998,7.942943605052894e-06,3.54142,1.2677507454745239e-06,605.219535,5.073954952174463e-06,,
2025,11,CA-0001-no2025.XLS,3,17,BANCO CONTINENTAL,63069.08735245001,0.2481228776913565,209.68425532,0.00012673022378795215,22178.040039582,0.0016992465978354224,17352.5742119424,0.0040073072422324475,707872.0514346,0.24735871138569657,1036.6543856876,0.00013355293122473838,46682.52331939399,0.001640119223572024,13457.136823780398,0.004221831229789663,428526.013732,0.23549935178399237,5152.164619095601,0.0010542859235286295,857.0083318399999,6.274694112655929e-05,10127.929955994401,0.003025120122309602,350062.32356,0.16818090886473835,17441.2255273812,0.002603375401941664,27501.043496847597,0.0012262094803297053,26533.9210541488,0.009498562214241547,1738059.382100064,0.014571299336826438,,
2025,11,CA-0001-no2025.XLS,3,18,ACCIONES DEL CAPITAL SOCIAL,0,,0,,19571.767122582,0.0014995580600142813,17125.5685078224,0.003954883804013,0,,207.3851569476,2.671757915197878e-05,43063.215500934,0.0015129603661026667,12953.4673796604,0.0040638178710402,0,,5071.7220754356,0.0010378249895904468,0,,9990.3072295944,0.0029840134716190196,0,,17349.0960640212,0.0025896236401558325,26441.557290687597,0.0011789693808614483,26479.5491948688,0.009479098280244716,178253.635522554,0.001494417916802313,,
2025,11,CA-0001-no2025.XLS,3,19,CD SERIADOS SUBASTADO BCOS,483.92753045,0.0019038406371463237,0,,0,,0,,0,,0,,0,,0,,0,,0,,0,,0,,0,,0,,0,,0,,483.92753045,4.057083996173943e-06,,
2025,11,CA-0001-no2025.XLS,3,20,CUENTAS CORRIENTES,174.33285,0.0006858505526868904,209.68425532,0.00012673022378795215,2606.272917,0.00019968853782114117,227.00570412000002,5.242343821944818e-05,1135.02353,0.0003966224647579318,829.2692287400001,0.0001068353520727596,3619.30781846,0.00012715885746935734,503.66944412,0.00015801335874946254,74.41647999999999,4.089607687855931e-05,80.44254366,1.6460933938182756e-05,857.0083318399999,6.274694112655929e-05,137.62272639999998,4.110665069058255e-05,703.8894600000001,0.00033817055180124136,92.12946335999999,1.375176178583151e-05,1059.4862061600002,4.7240099468257065e-05,54.37185928,1.946393399683062e-05,12363.932818459998,0.00010365501198268075,,
2025,11,CA-0001-no2025.XLS,3,21,DEPOSITOS A PLAZO,62410.82697200001,0.24553318650152328,0,,0,,0,,706737.0279045999,0.24696208892093863,0,,0,,0,,428451.597252,0.2354584557071138,0,,0,,0,,349358.4341,0.1678427383129371,0,,0,,0,,1546957.8862286,0.01296916932404527,,
2025,11,CA-0001-no2025.XLS,3,22,BANCO DE CREDITO DEL PERU,29444.108607999995,0.11583736606250417,81230.232137418,0.04909441331878767,235843.5716939739,0.01806996407739793,226.14485426,5.222463832749448e-05,509356.86658599996,0.17798959275030746,59949.906622852,0.007723389652975458,378007.746282763,0.013280725360446178,8432.61661002,0.0026455169936382026,336579.79592,0.18496968964017274,63284.118141039995,0.012949810394593536,99308.36532042,0.007270986664454734,27723.410031800002,0.008280729222125006,262980.73986000003,0.1263441874972171,17961.024470281798,0.002680963515218351,403870.84985398,0.018007689961893,15929.57780708,0.005702439738867488,2530129.0747998897,0.02121174252698483,,
2025,11,CA-0001-no2025.XLS,3,23,BONOS SUBORDINADOS SISTEMA FINANCIERO,0,,19373.532793821996,0.011709091570930693,52108.82022617991,0.003992495970271624,0,,0,,56713.09803463,0.007306389271036471,126205.583450405,0.004434040596368936,0,,0,,0,,0,,0,,0,,23830.277658341798,0.0035570412514746154,132416.5065016,0.005904153260330439,0,,410647.8186649787,0.0034427317900682253,,
2025,11,CA-0001-no2025.XLS,3,24,CUENTAS CORRIENTES,521.508,0.0020516876195773477,237.22212660000002,0.00014337372706211212,668.7634460600001,5.123960496265595e-05,226.14485426,5.222463832749448e-05,4886.91259,0.0017076820570427896,730.5372344799999,9.4115638134212e-05,2840.7596399599997,9.980575521097218e-05,432.61661002,0.0001357223559977959,38408.36472,0.021107575047474226,30081.24480704,0.006155516235785184,44779.74531842,0.0032786052816132904,13923.4100318,0.004158795335411663,53.7337,2.5815353137014384e-05,-6069.253188060001,-0.0009059308609447171,454.34335238000006,2.025814497100802e-05,129.57780707999999,4.63860150794382e-05,132305.63105003996,0.0011092054585893664,,
2025,11,CA-0001-no2025.XLS,3,25,DEPOSITOS A PLAZO,28922.600607999997,0.11378567844292682,0,,0,,0,,504469.95399600005,0.17628191069326465,500,6.441536015696993e-05,79000,0.002775544453235693,8000,0.0025097946376404067,298171.4312,0.1638621145926985,29930,0.00612456705561379,44710,0.0032734987905487785,13800,0.004121933886713345,262927.00616,0.1263183721440801,200,2.9853124688452563e-05,271000,0.012083278556591552,15800,0.00565605372378805,1557430.991964,0.013056972284190598,,
2025,11,CA-0001-no2025.XLS,3,26,OTROS BONOS SISTEMA FINANCIERO,0,,61619.477216996,0.03724194802079487,183065.988021734,0.014026228502163651,0,,0,,2006.271353742,0.00025846938364780514,169961.40319239802,0.005971334555630576,0,,0,,3272.873334,0.0006697271031945628,9818.620002,0.0007188825922926649,0,,0,,0,,0,,0,,429744.63312087,0.0036028329941366413,,
2025,11,CA-0001-no2025.XLS,3,27,BANCO DE LA NACION,0,,0,,19992.301959936,0.0015317787788140355,0,,0,,0,,5673.2541088064,0.00019932112624676212,0,,0,,0,,0,,0,,0,,0,,0,,0,,25665.5560687424,0.000215171301956251,,
2025,11,CA-0001-no2025.XLS,3,28,BONOS SUBORDINADOS SISTEMA FINANCIERO,0,,0,,19992.301959936,0.0015317787788140355,0,,0,,0,,5673.2541088064,0.00019932112624676212,0,,0,,0,,0,,0,,0,,0,,0,,0,,25665.5560687424,0.000215171301956251,,
2025,11,CA-0001-no2025.XLS,3,29,BANCO FALABELLA,0,,0,,0,,0,,0,,0,,0,,0,,0,,0,,0,,0,,9630.833235,0.00462695405239579,0,,0,,0,,9630.833235,8.074163367230809e-05,,
2025,11,CA-0001-no2025.XLS,3,30,CD SERIADOS SUBASTADO BCOS,0,,0,,0,,0,,0,,0,,0,,0,,0,,0,,0,,0,,9630.833235,0.00462695405239579,0,,0,,0,,9630.833235,8.074163367230809e-05,,
2025,11,CA-0001-no2025.XLS,3,31,Banco GNB Perú S.A.,33240.2208453828,0.13077181861158174,0,,0,,0,,128512.798967795,0.04490749463101214,0,,0,,0,,9912.982803227,0.005447746343506273,0,,0,,0,,103097.2410842335,0.0495311449991606,0,0,0,0,0,0,274763.2437006383,0.002303521681682618,,
2025,11,CA-0001-no2025.XLS,3,32,CD SERIADOS SUBASTADO BCOS,1762.2401193828,0.006932906562622621,0,,0,,0,,53336.200767795,0.01863779459210572,0,,0,,0,,9912.982803227,0.005447746343506273,0,,0,,0,,57966.4284692335,0.027848888519211353,0,,0,,0,,122977.8521596383,0.0010310045295764876,,
2025,11,CA-0001-no2025.XLS,3,33,CUENTAS CORRIENTES,0,,0,,0,,0,,0,,0,,0,,0,,0,,0,,0,,0,,0,,0,0,0,0,0,0,0,0,,
2025,11,CA-0001-no2025.XLS,3,34,DEPOSITOS A PLAZO,31477.980726,0.12383891204895912,0,,0,,0,,75176.59820000001,0.02626970003890642,0,,0,,0,,0,,0,,0,,0,,45130.812615,0.021682256479949244,0,,0,,0,,151785.39154100002,0.0012725171521061306,,
2025,11,CA-0001-no2025.XLS,3,35,BANCO INTERAMERICANO DE FINANZAS,5334.521910973001,0.020986777884725447,0,,249.41537,1.910981394947247e-05,0,,81640.7809353745,0.028528543156590418,20567.133338000003,0.002649678602727387,5846.295714500001,0.00020540067901716558,110.0422,3.4522915434269146e-05,145741.0214573167,0.08009295814419312,59.599830000000004,1.2195895601008432e-05,564.53888,4.133342296796605e-05,126.1705,3.768597532272218e-05,58797.914881903,0.02824836064511544,0,,1532.08481,6.831220491347839e-05,0,,320569.5198280672,0.0026875459376039653,,
2025,11,CA-0001-no2025.XLS,3,36,BONOS SUBORDINADOS SISTEMA FINANCIERO,0,,0,,0,,0,,0,,20455.601578,0.0026353098857487055,5113.9003945,0.00017966908701714303,0,,0,,0,,0,,0,,0,,0,,0,,0,,25569.501972500006,0.00021436601704867482,,
2025,11,CA-0001-no2025.XLS,3,37,CD SERIADOS SUBASTADO BCOS,5334.521910973001,0.020986777884725447,0,,0,,0,,81536.5677653745,0.02849212692093261,0,,0,,0,,45611.817127316695,0.025066280746005882,0,,0,,0,,58797.914881903,0.02824836064511544,0,,0,,0,,191280.82168556718,0.0016036334194789068,,
2025,11,CA-0001-no2025.XLS,3,38,CUENTAS CORRIENTES,0,,0,,249.41537,1.910981394947247e-05,0,,104.21317,3.641623565780822e-05,111.53176,1.4368716978681468e-05,732.3953200000001,2.573159200002254e-05,110.0422,3.4522915434269146e-05,129.20433,7.100510817930043e-05,59.599830000000004,1.2195895601008432e-05,564.53888,4.133342296796605e-05,126.1705,3.768597532272218e-05,0,,0,,1532.08481,6.831220491347839e-05,0,,3719.19617,3.118047705594928e-05,,
2025,11,CA-0001-no2025.XLS,3,39,DEPOSITOS A PLAZO,0,,0,,0,,0,,0,,0,,0,,0,,100000,0.054955672290007945,0,,0,,0,,0,,0,,0,,0,,100000,0.0008383660240204345,,
2025,11,CA-0001-no2025.XLS,3,40,BANCO INTERNACIONAL DEL PERU,60347.650050050004,0.23741635119360371,41490.103883024,0.02507603702555865,393808.312389852,0.030172974430267896,95149.23313096,0.021973236152832375,490628.55718725,0.17144517491389366,108425.5537962912,0.013968542196014034,134680.56498911462,0.004731796140685903,511.70188492,0.00016053333085533808,498123.35573500005,0.27374703897771707,20319.30931576,0.004157934260879722,80990.25867756,0.0059298034852879765,131.88422409999998,3.9392612495701935e-05,305832.72770000005,0.14693162515203423,19863.40724522,0.0029649238661453234,40807.85278438,0.001819530082989091,10480.6961405,0.003751859521099118,2301591.1691339817,0.019295758373873997,,
2025,11,CA-0001-no2025.XLS,3,41,BONOS SUBORDINADOS SISTEMA FINANCIERO,0,,13965.862684544001,0.008440771581552578,52965.397116132,0.004058125546349482,0,,0,,32121.484174451198,0.004138233943747368,77496.5720365346,0.002722723805832708,0,,0,,0,,0,,0,,0,,0,,0,,0,,176549.31601166184,0.0014801294810822415,,
2025,11,CA-0001-no2025.XLS,3,42,CD SERIADOS SUBASTADO BCOS,6403.649909050001,0.02519288148696759,0,,0,,0,,63223.09671675,0.022092670139998324,0,,0,,0,,49937.784775,0.02744364534983848,0,,0,,0,,28956.355620000002,0.013911540539573325,0,,0,,0,,148520.8870208,0.0012451486553561625,,
2025,11,CA-0001-no2025.XLS,3,43,CUENTAS CORRIENTES,73.24975,0.00028817507154662214,274.07493688,0.00016564704885669264,795.4502273200001,6.094614718471755e-05,387.87313095999997,8.957326952064914e-05,650.7062199999999,0.00022738269118501624,613.27265984,7.900835851603304e-05,1677.4085137799998,5.8933188559903876e-05,511.70188492,0.00016053333085533808,173.56902,9.538602182817834e-05,135.09679256,2.764481674012917e-05,253.40858476,1.8553627728171272e-05,131.88422409999998,3.9392612495701935e-05,12.62609,6.065969253740687e-06,27.60724522,4.12081266928673e-06,127.65278438,5.6917496390703285e-06,58.49614050000001,2.0940336284952785e-05,5904.07820522,4.9497785704159934e-05,,
2025,11,CA-0001-no2025.XLS,3,44,DEPOSITOS A PLAZO,53870.750391,0.2119352946350895,17158.06,0.010370090879015598,299679.04,0.02296093740717149,94761.36,0.021883662883311727,426754.75425050006,0.1491251220827103,0,,0,,0,,448012.00194000005,0.24620800760605044,0,,0,,0,,276863.74599,0.13301401864320717,19835.8,0.0029608030534760367,40680.2,0.0018138383333500207,10422.2,0.0037309191848141653,1688037.9125714996,0.014151936331583221,,
2025,11,CA-0001-no2025.XLS,3,45,OTROS BONOS SISTEMA FINANCIERO,0,,10092.1062616,0.006099527516133781,40368.4250464,0.0030929653295622027,0,,0,,75690.796962,0.009751299893750632,55506.5844388,0.0019501391462932909,0,,0,,20184.2125232,0.004130289444139593,80736.8500928,0.005911249857559805,0,,0,,0,,0,,0,,282578.9753248,0.002369046120148211,,
2025,11,CA-0001-no2025.XLS,3,46,BANCO MIBANCO,21483.3490935,0.08451859101335392,0,,634.9138987816,4.8646105809960994e-05,0,,243336.73140299998,0.08503155364118017,0,,0,,0,,109569.2101795,0.06021449607699605,0,,0,,0,,99375.295697,0.047743005814103276,11826.646594916001,0.0017653117772214514,0,,0,,486226.1468666976,0.004076354815234091,,
2025,11,CA-0001-no2025.XLS,3,47,BONOS SUBORDINADOS SISTEMA FINANCIERO,0,,0,,634.9138987816,4.8646105809960994e-05,0,,0,,0,,0,,0,,0,,0,,0,,0,,0,,11826.646594916001,0.0017653117772214514,0,,0,,12461.5604936976,0.0001044734892419138,,
2025,11,CA-0001-no2025.XLS,3,48,CD SERIADOS SUBASTADO BCOS,2919.1884895000003,0.011484508163095961,0,,0,,0,,19496.758642,0.006812944633298085,0,,0,,0,,14372.129719499999,0.007898300509743258,0,,0,,0,,28834.939497000003,0.013853208429709827,0,,0,,0,,65623.016348,0.0005501610729990074,,
2025,11,CA-0001-no2025.XLS,3,49,DEPOSITOS A PLAZO,18564.160603999997,0.07303408285025796,0,,0,,0,,223839.97276099998,0.07821860900788209,0,,0,,0,,95197.08046000001,0.05231619556725279,0,,0,,0,,70540.35620000001,0.03388979738439345,0,,0,,0,,408141.570025,0.0034217202529931694,,
2025,11,CA-0001-no2025.XLS,3,50,Banco Pichincha,0,,0,,0,,0,,104.43316,3.6493108932868955e-05,110.8882,1.4285806680316227e-05,138.75648999999999,4.874997546455113e-06,119.56092,3.7509169485919205e-05,0,,0,,0,,0,,0,,0,,0,,0,,473.63877,3.97082652426829e-06,,
2025,11,CA-0001-no2025.XLS,3,51,CUENTAS CORRIENTES,0,,0,,0,,0,,104.43316,3.6493108932868955e-05,110.8882,1.4285806680316227e-05,138.75648999999999,4.874997546455113e-06,119.56092,3.7509169485919205e-05,0,,0,,0,,0,,0,,0,,0,,0,,473.63877,3.97082652426829e-06,,
2025,11,CA-0001-no2025.XLS,3,52,BANCO RIPLEY,770.8451336597001,0.0030326158320506157,0,,0,,0,,0,,0,,0,,0,,38520.1776816473,0.02116902261225487,0,,0,,0,,0,,0,,0,,0,,39291.022815307,0.00032940258577365106,,
2025,11,CA-0001-no2025.XLS,3,53,CD SERIADOS SUBASTADO BCOS,770.8451336597001,0.0030326158320506157,0,,0,,0,,0,,0,,0,,0,,38520.1776816473,0.02116902261225487,0,,0,,0,,0,,0,,0,,0,,39291.022815307,0.00032940258577365106,,
2025,11,CA-0001-no2025.XLS,3,54,BANCO SANTANDER PERÚ,0,,0,,0,,0,,0,,36.8618085,4.7489333411295114e-06,3.0325240000000004,1.0654310338612807e-07,36.26935686,1.1378579669736787e-05,0,,0,,0,,0,,0,,0,,0,,0,,76.16368935999999,6.385304942347067e-07,,
2025,11,CA-0001-no2025.XLS,3,55,CUENTAS CORRIENTES,0,,0,,0,,0,,0,,36.8618085,4.7489333411295114e-06,3.0325240000000004,1.0654310338612807e-07,36.26935686,1.1378579669736787e-05,0,,0,,0,,0,,0,,0,,0,,0,,76.16368935999999,6.385304942347067e-07,,
2025,11,CA-0001-no2025.XLS,3,56,BANCO SCOTIABANK DEL PERU S.A.A,8404.931423999999,0.03306621134482579,132.628707,8.015893083229295e-05,2638.3921300999996,0.00020214946148652894,160.31481456,3.7022214086328796e-05,332858.739024,0.11631411155671467,2597.88549622,0.0003346874597711598,13905.688245980002,0.0004885551377158806,2982.1400982000005,0.0009355699033943494,148031.41404399998,0.08135165878828543,971.7925683999999,0.0001988576261046759,8329.12610944,0.0006098274266513104,483.85643228000004,0.00014452349453037338,307402.46318,0.14768577526170285,117.81969298000001,1.7586429926435697e-05,5471.88518792,0.00024397901459529396,44.035910099999995,1.576389071528486e-05,834533.1130651799,0.006996442079138508,,
2025,11,CA-0001-no2025.XLS,3,57,CUENTAS CORRIENTES,167.77204,0.0006600393807558763,132.628707,8.015893083229295e-05,2638.3921300999996,0.00020214946148652894,160.31481456,3.7022214086328796e-05,6716.08254,0.002346866950443319,2597.88549622,0.0003346874597711598,13905.688245980002,0.0004885551377158806,2982.1400982000005,0.0009355699033943494,807.7625000000002,0.0004439113123815754,971.7925683999999,0.0001988576261046759,8329.12610944,0.0006098274266513104,483.85643228000004,0.00014452349453037338,54.733200000000004,2.6295544254701164e-05,117.81969298000001,1.7586429926435697e-05,5471.88518792,0.00024397901459529396,44.035910099999995,1.576389071528486e-05,45581.91567317999,0.00038214329410158655,,
2025,11,CA-0001-no2025.XLS,3,58,DEPOSITOS A PLAZO,8237.159384,0.03240617196406991,0,,0,,0,,326142.65648400004,0.11396724460627135,0,,0,,0,,147223.65154399996,0.08090774747590386,0,,0,,0,,307347.72998,0.14765947971744814,0,,0,,0,,788951.197392,0.006614298785036921,,
2025,11,CA-0001-no2025.XLS,3,59,Caja Municipal de Ahorro y Crédito de Arequip,0,,0,,0,,0,,0,,0,,0,,0,,0,,0,,0,,0,,83590.31288299999,0.04015940547381192,0,,0,,0,,83590.31288299999,0.0007007927825834481,,
2025,11,CA-0001-no2025.XLS,3,60,CD SERIADOS SUBASTADO BCOS,0,,0,,0,,0,,0,,0,,0,,0,,0,,0,,0,,0,,83590.31288299999,0.04015940547381192,0,,0,,0,,83590.31288299999,0.0007007927825834481,,
2025,11,CA-0001-no2025.XLS,3,61,Compartamos Banco S.A.,2207.7313817245,0.008685533382491829,0,,0,,0,,54178.134784286,0.018931999897950094,0,,0,,0,,0,,0,,0,,0,,9484.631365581401,0.004556714093332245,0,,0,,0,,65870.4975315919,0.0005522358711580855,,
2025,11,CA-0001-no2025.XLS,3,62,CD SERIADOS SUBASTADO BCOS,2207.7313817245,0.008685533382491829,0,,0,,0,,32150.634784286,0.011234713355832905,0,,0,,0,,0,,0,,0,,0,,9484.631365581401,0.004556714093332245,0,,0,,0,,43842.9975315919,0.0003675647952169843,,
2025,11,CA-0001-no2025.XLS,3,63,DEPOSITOS A PLAZO,0,,0,,0,,0,,22027.5,0.007697286542117187,0,,0,,0,,0,,0,,0,,0,,0,,0,,0,,0,,22027.5,0.00018467107594110122,,
2025,11,CA-0001-no2025.XLS,3,64,CONSORCIO CREDICORP,0,,10830.00401048,0.006545502568983964,457456.1179802,0.0350495693374853,166910.38918035998,0.03854535950671623,0,,21186.13049,0.002729424451691824,1207144.20779924,0.042411169749528806,171017.03953534,0.05365220609636672,0,,22593.06250254,0.0046232117035910365,600139.95076024,0.04394000006650971,249668.60331442,0.07457373017754344,0,,32155.3576437,0.004799689505695812,971514.65870952,0.043317646653133215,151834.51167168,0.05435342754051556,4062450.0335977203,0.03405820082449001,,
2025,11,CA-0001-no2025.XLS,3,65,ACCIONES DEL CAPITAL SOCIAL,0,,10830.00401048,0.006545502568983964,457456.1179802,0.0350495693374853,166910.38918035998,0.03854535950671623,0,,21186.13049,0.002729424451691824,1207144.20779924,0.042411169749528806,171017.03953534,0.05365220609636672,0,,22593.06250254,0.0046232117035910365,600139.95076024,0.04394000006650971,249668.60331442,0.07457373017754344,0,,32155.3576437,0.004799689505695812,971514.65870952,0.043317646653133215,151834.51167168,0.05435342754051556,4062450.0335977203,0.03405820082449001,,
2025,11,CA-0001-no2025.XLS,3,66,CORPORACION FINANCIERA DE DESARROLLO,0,,67.876095131,4.102336015966713e-05,140.973428349,1.0801162685237395e-05,0,,30080.232324,0.01051123220752621,0,,0,,0,,5013.3720539999995,0.00275513231667508,0,,0,,0,,45973.168602326,0.02208695069009854,0,,0,,0,,81275.62250380601,0.0006813872048830159,,
2025,11,CA-0001-no2025.XLS,3,67,CD SERIADOS SUBASTADO BCOS,0,,0,,0,,0,,30080.232324,0.01051123220752621,0,,0,,0,,5013.3720539999995,0.00275513231667508,0,,0,,0,,15040.116162,0.007225743061500464,0,,0,,0,,50133.72054,0.00042030407958471396,,
2025,11,CA-0001-no2025.XLS,3,68,OTROS BONOS SISTEMA FINANCIERO,0,,67.876095131,4.102336015966713e-05,140.973428349,1.0801162685237395e-05,0,,0,,0,,0,,0,,0,,0,,0,,0,,30933.052440326,0.014861207628598074,0,,0,,0,,31141.901963805994,0.00026108312529830196,,
2025,11,CA-0001-no2025.XLS,3,69,Edpyme Santander Consumo Perú S.A.,3382.8482777863005,0.0133086125820557,0,,0,,0,,112787.2063567174,0.039412345732041984,0,,0,,0,,25042.778295190597,0.013762427172218185,0,,0,,0,,47406.86059321821,0.022775741244901043,0,,0,,0,,188619.6935229125,0.0015813234251075706,,
2025,11,CA-0001-no2025.XLS,3,70,Papeles Comerciales / Instrumentos de CP,3382.8482777863005,0.0133086125820557,0,,0,,0,,112787.2063567174,0.039412345732041984,0,,0,,0,,25042.778295190597,0.013762427172218185,0,,0,,0,,47406.86059321821,0.022775741244901043,0,,0,,0,,188619.6935229125,0.0015813234251075706,,
2025,11,CA-0001-no2025.XLS,3,71,Financiera Efectiva S.A.,988.667692,0.0038895611640713287,0,,0,,0,,0,,0,,0,,0,,0,,0,,0,,0,,27408.834425316,0.013168062868618562,0,,0,,0,,28397.502117316,0.00023807500942206084,,
2025,11,CA-0001-no2025.XLS,3,72,CD SERIADOS SUBASTADO BCOS,988.667692,0.0038895611640713287,0,,0,,0,,0,,0,,0,,0,,0,,0,,0,,0,,27408.834425316,0.013168062868618562,0,,0,,0,,28397.502117316,0.00023807500942206084,,
2025,11,CA-0001-no2025.XLS,3,73,Fondo Mivivienda S.A.,4999.3576415,0.019668193352556353,0,,5920.094318484,0.00045358832933815695,0,,24996.788207499998,0.008734874201145992,0,,23968.0957734051,0.0008420824718797011,0,,39994.861132,0.021979444816545683,0,,0,,0,,0,,0,,0,,0,,99879.1970728891,0.0008373532533235146,,
2025,11,CA-0001-no2025.XLS,3,74,OTROS BONOS SISTEMA FINANCIERO,0,,0,,5920.094318484,0.00045358832933815695,0,,0,,0,,23968.0957734051,0.0008420824718797011,0,,0,,0,,0,,0,,0,,0,,0,,0,,29888.1900918891,0.0002505724309250401,,
2025,11,CA-0001-no2025.XLS,3,75,Papeles Comerciales / Instrumentos de CP,4999.3576415,0.019668193352556353,0,,0,,0,,24996.788207499998,0.008734874201145992,0,,0,,0,,39994.861132,0.021979444816545683,0,,0,,0,,0,,0,,0,,0,,69991.00698100001,0.0005867808223984745,,
2025,11,CA-0001-no2025.XLS,3,76,InFinance XP S.A.,0,,8886.22883504,0.005370712107959391,6664.67162628,0.0005106366733234561,0,,0,,0,,0,,0,,30090.1370772277,0.01653623712377543,0,,0,,0,,143786.95654995908,0.06907975925413172,0,,0,,0,,189427.99408850682,0.001588099942421478,,
2025,11,CA-0001-no2025.XLS,3,77,BONOS SUBORDINADOS SISTEMA FINANCIERO,0,,8886.22883504,0.005370712107959391,6664.67162628,0.0005106366733234561,0,,0,,0,,0,,0,,0,,0,,0,,0,,0,,0,,0,,0,,15550.90046132,0.0001303734658969439,,
2025,11,CA-0001-no2025.XLS,3,78,CD SERIADOS SUBASTADO BCOS,0,,0,,0,,0,,0,,0,,0,,0,,30090.1370772277,0.01653623712377543,0,,0,,0,,143786.95654995908,0.06907975925413172,0,,0,,0,,173877.0936271868,0.0014577264765245341,,
2025,11,CA-0001-no2025.XLS,3,79,Intercorp Financial Services Inc.,0,,3530.4985987200002,0.0021337838495123357,229566.25554942,0.01758900597275328,16389.51076008,0.0037849027103030275,0,,5312.40886062,0.0006844014601158313,335314.60388562,0.011780766948147546,20647.67351136,0.006477677532320149,0,,0,,0,,0,,0,,7258.08419334,0.0010833824621153283,266385.763668,0.01187754016941258,21067.44849438,0.007541684842237402,905472.2475215399,0.007591171680154802,,
2025,11,CA-0001-no2025.XLS,3,80,ACCIONES DEL CAPITAL SOCIAL,0,,3530.4985987200002,0.0021337838495123357,229566.25554942,0.01758900597275328,16389.51076008,0.0037849027103030275,0,,5312.40886062,0.0006844014601158313,335314.60388562,0.011780766948147546,20647.67351136,0.006477677532320149,0,,0,,0,,0,,0,,7258.08419334,0.0010833824621153283,266385.763668,0.01187754016941258,21067.44849438,0.007541684842237402,905472.2475215399,0.007591171680154802,,
2025,11,CA-0001-no2025.XLS,3,81,Intercorp Perú Ltd.,0,,9761.444630847001,0.005899680262941281,91155.14693789902,0.006984164201749376,3013.604463684,0.0006959450998477026,0,,32814.94017566,0.0042275723798891225,59592.3635369,0.0020936867603803515,0,,0,,28833.898612020002,0.00590027215249201,48194.1726381,0.0035285968651827195,0,,0,,20593.5825752,0.003073913941996948,154876.42619516,0.006905590404300778,0,,448835.57976547,0.0037628850044688364,,
2025,11,CA-0001-no2025.XLS,3,82,OTROS BONOS SISTEMA FINANCIERO,0,,9761.444630847001,0.005899680262941281,91155.14693789902,0.006984164201749376,3013.604463684,0.0006959450998477026,0,,32814.94017566,0.0042275723798891225,59592.3635369,0.0020936867603803515,0,,0,,28833.898612020002,0.00590027215249201,48194.1726381,0.0035285968651827195,0,,0,,20593.5825752,0.003073913941996948,154876.42619516,0.006905590404300778,0,,448835.57976547,0.0037628850044688364,,
2025,11,CA-0001-no2025.XLS,3,83,INTERSEGURO,0,,10380.238313184,0.006273670488013077,0,,0,,0,,0,,0,,0,,0,,0,,0,,0,,0,,0,,0,,0,,10380.238313184,8.702439123008652e-05,,
2025,11,CA-0001-no2025.XLS,3,84,BONOS SUBORDINADOS SISTEMA FINANCIERO,0,,10380.238313184,0.006273670488013077,0,,0,,0,,0,,0,,0,,0,,0,,0,,0,,0,,0,,0,,0,,10380.238313184,8.702439123008652e-05,,
2025,11,CA-0001-no2025.XLS,3,85,Pacifico Compañía de Seguros y Reaseguros,0,,16595.8502809556,0.010030299207955102,50785.2327033372,0.003891084772928945,0,,0,,0,,0,,0,,0,,0,,29195.5221838741,0.0021375868163353144,0,,0,,0,,0,,0,,96576.60516816689,0.0008096654448822742,,
2025,11,CA-0001-no2025.XLS,3,86,BONOS SUBORDINADOS SISTEMA FINANCIERO,0,,16595.8502809556,0.010030299207955102,50785.2327033372,0.003891084772928945,0,,0,,0,,0,,0,,0,,0,,29195.5221838741,0.0021375868163353144,0,,0,,0,,0,,0,,96576.60516816689,0.0008096654448822742,,
2025,11,CA-0001-no2025.XLS,3,87,Santander Consumer Bank S.A,3937.17407845,0.01548941015838054,0,,0,,0,,85218.3790836811,0.029778698556888403,0,,0,,0,,0,,0,,0,,0,,23413.853434560602,0.011248748824508251,0,,0,,0,,112569.40659669173,0.0009437436583480808,,
2025,11,CA-0001-no2025.XLS,3,88,CD SERIADOS SUBASTADO BCOS,3937.17407845,0.01548941015838054,0,,0,,0,,85218.3790836811,0.029778698556888403,0,,0,,0,,0,,0,,0,,0,,23413.853434560602,0.011248748824508251,0,,0,,0,,112569.40659669173,0.0009437436583480808,,
2025,11,CA-0001-no2025.XLS,3,89,3. Sistema no Financiero,0,,183817.07787101044,0.11109646443930515,1766383.239894573,0.13533750978478865,1196936.8112772608,0.27641394837112615,9542.7042701077,0.0033346012554172836,1053984.6042456587,0.1357855957647711,4578810.013395759,0.16086950297595767,821099.4508051977,0.257598874825046,0,,726909.3673433177,0.14874724903601552,2198232.3269163477,0.16094634004710112,696200.4462421369,0.20794871096452286,114657.63584790411,0.05508512086956313,919539.1792293708,0.13725558886725872,3921412.7362284292,0.17484694622588187,680019.0416146867,0.24343191345389426,18867544.635181755,0.1581790837882541,,
2025,11,CA-0001-no2025.XLS,3,90,Administradora Jockey Plaza Shopping Center S,0,,0,,17721.3827164,0.0013577845127900542,548.0025509999999,0.0001265526696248222,0,,26588.252850997203,0.003425383766683135,30688.142856,0.001078181071950321,0,,0,,0,,66645.4206438394,0.004879528156412947,0,,0,,0,,0,,0,,142191.2016182366,0.00119208272351369,,
2025,11,CA-0001-no2025.XLS,3,91,BONOS DE EMPRESAS PRIVADAS,0,,0,,17721.3827164,0.0013577845127900542,548.0025509999999,0.0001265526696248222,0,,26588.252850997203,0.003425383766683135,30688.142856,0.001078181071950321,0,,0,,0,,66645.4206438394,0.004879528156412947,0,,0,,0,,0,,0,,142191.2016182366,0.00119208272351369,,
2025,11,CA-0001-no2025.XLS,3,92,AENZA S.A.A. (antes GRANA & MONTERO S.A.A.),0,,619.7043261236,0.00037454060540765405,13102.0239682032,0.0010038565000781315,36802.9694566184,0.008499073638173357,0,,1106.8050247752,0.0001425904885888771,17013.742614666,0.0005977518853533665,28904.8672385548,0.009068160099629088,0,,34936.463626046796,0.0071490382279898335,109853.1258095666,0.00804303454429924,31890.3081707664,0.009525343616435759,0,,2742.557770124,0.00040936959538398097,30746.5219105024,0.0013709180401879925,23465.330458792,0.008400074032997952,331184.4203747394,0.0027765376572708245,,
2025,11,CA-0001-no2025.XLS,3,93,ACCIONES DEL CAPITAL SOCIAL,0,,619.7043261236,0.00037454060540765405,13102.0239682032,0.0010038565000781315,36802.9694566184,0.008499073638173357,0,,1106.8050247752,0.0001425904885888771,17013.742614666,0.0005977518853533665,28904.8672385548,0.009068160099629088,0,,1966.4502815068001,0.00040239414001399967,15888.587777627601,0.0011633029047996434,31890.3081707664,0.009525343616435759,0,,2742.557770124,0.00040936959538398097,30746.5219105024,0.0013709180401879925,23465.330458792,0.008400074032997952,204249.8689982604,0.0017123615057876619,,
2025,11,CA-0001-no2025.XLS,3,94,BONOS DE EMPRESAS PRIVADAS,0,,0,,0,,0,,0,,0,,0,,0,,0,,32970.01334454,0.006746644087975834,93964.538031939,0.006879731639499597,0,,0,,0,,0,,0,,126934.551376479,0.0010641761514831628,,
2025,11,CA-0001-no2025.XLS,3,95,AL INVERSIONES PALO ALTO II S. A. C.,0,,0,,0,,0,,0,,25393.4259025,0.003271453350257734,0,,0,,0,,8125.896288800001,0.0016627997563554572,0,,0,,0,,0,,0,,0,,33519.3221913,0.000281014608733801,,
2025,11,CA-0001-no2025.XLS,3,96,BONOS DE EMPRESAS PRIVADAS,0,,0,,0,,0,,0,,25393.4259025,0.003271453350257734,0,,0,,0,,8125.896288800001,0.0016627997563554572,0,,0,,0,,0,,0,,0,,33519.3221913,0.000281014608733801,,
2025,11,CA-0001-no2025.XLS,3,97,ALICORP S.A.,0,,23918.490127475998,0.014456000055412062,37325.983345,0.0028598582244713233,0,,0,,135653.2880424,0.01747631081145676,205098.0217423836,0.007205806033122613,7076.2423434428,0.0022199893860270904,0,,97580.78503049999,0.01996792720543707,115710.5483695,0.00847189309195469,0,,0,,110330.274484485,0.016468517205482636,0,,3485.8572482274,0.0012478604980651993,736179.4907334149,0.0061718787261156125,,
2025,11,CA-0001-no2025.XLS,3,98,ACCIONES DEL CAPITAL SOCIAL,0,,0,,0,,0,,0,,0,,78402.9697027836,0.002754568704756546,7076.2423434428,0.0022199893860270904,0,,0,,0,,0,,0,,0,,0,,3485.8572482274,0.0012478604980651993,88965.0692944538,0.0007458529142109367,,
2025,11,CA-0001-no2025.XLS,3,99,BONOS DE EMPRESAS PRIVADAS,0,,23918.490127475998,0.014456000055412062,37325.983345,0.0028598582244713233,0,,0,,135653.2880424,0.01747631081145676,126695.0520396,0.004451237328366066,0,,0,,97580.78503049999,0.01996792720543707,115710.5483695,0.00847189309195469,0,,0,,110330.274484485,0.016468517205482636,0,,0,,647214.421438961,0.0054260258119046756,,
2025,11,CA-0001-no2025.XLS,3,100,Asociación Tecsup N° 2,0,,0,,0,,0,,0,,1745.224416054,0.00022483851862971192,0,,0,,0,,9695.6912003,0.001984026425217571,0,,0,,0,,0,,0,,0,,11440.915616354,9.591674936436001e-05,,
2025,11,CA-0001-no2025.XLS,3,101,BONOS DE EMPRESAS PRIVADAS,0,,0,,0,,0,,0,,1745.224416054,0.00022483851862971192,0,,0,,0,,9695.6912003,0.001984026425217571,0,,0,,0,,0,,0,,0,,11440.915616354,9.591674936436001e-05,,
2025,11,CA-0001-no2025.XLS,3,102,Camposol S.A.,0,,0,,0,,0,,0,,0,,0,,0,,0,,0,,949.1826626915,6.94956004994519e-05,0,,0,,0,,0,,0,,949.1826626915,7.957624949898021e-06,,
2025,11,CA-0001-no2025.XLS,3,103,BONOS DE EMPRESAS PRIVADAS,0,,0,,0,,0,,0,,0,,0,,0,,0,,0,,949.1826626915,6.94956004994519e-05,0,,0,,0,,0,,0,,949.1826626915,7.957624949898021e-06,,
2025,11,CA-0001-no2025.XLS,3,104,CEMENTOS PACASMAYO S.A.A.,0,,1046.5877716722,0.0006325429742702345,30366.619718322003,0.0023266427128829934,55566.4922857839,0.012832217528222858,0,,19283.3212670713,0.0024842841688819113,108213.58859369191,0.003801919311214567,33518.5559868202,0.010515586509646386,0,,15865.379165273,0.003246527850332523,27537.827382252,0.0020162166099338616,15784.987945408,0.004714831645908615,0,,12079.5966220439,0.0018030685207204348,77468.50110263769,0.0034541456759586385,24290.235866511703,0.008695372090156554,421021.6937074878,0.003529702833798957,,
2025,11,CA-0001-no2025.XLS,3,105,ACCIONES DEL CAPITAL SOCIAL,0,,881.395928809,0.0005327033407123936,28309.8137770195,0.0021690534718171346,53543.555675445,0.012365051767674827,0,,15851.163803926,0.002042116850674038,64477.623377926,0.0022653229104357287,20593.6755945965,0.006460737072078051,0,,15865.379165273,0.003246527850332523,27537.827382252,0.0020162166099338616,15784.987945408,0.004714831645908615,0,,7035.4156262115,0.0010501456996218975,67157.9328066735,0.002994420698848318,15355.3018806385,0.005496861543156648,332394.07296417846,0.0027866789735893653,,
2025,11,CA-0001-no2025.XLS,3,106,VALOR REP.DERECHO SOBRE ACC. EMP.NAC.,0,,165.1918428632,9.983963355784093e-05,2056.8059413025,0.00015758924106585882,2022.9366103389,0.00046716576054803163,0,,3432.1574631453,0.00044216731820787355,43735.9652157659,0.0015365964007788386,12924.8803922237,0.004054849437568335,0,,0,,0,,0,,0,,5044.1809958324,0.0007529228210985373,10310.5682959642,0.0004597249771103207,8934.9339858732,0.003198510546999906,88627.6207433093,0.0007430238602095919,,
2025,11,CA-0001-no2025.XLS,3,107,CIA MINERA BUENAVENTURA,0,,6151.47036168,0.003717862432593927,474127.75641672,0.03632692409214525,253165.85465808,0.058464718287104755,0,,81969.9015991022,0.01056024146707511,973833.3614246135,0.034214149173138676,171289.18264332,0.05373758401050159,0,,61290.8438691304,0.012541927269349966,270521.75763227156,0.019806590168337527,121291.553124,0.036228678477819375,0,,53992.5365284041,0.008059229626141386,751350.3267265973,0.03350101583551125,163814.4105234,0.05864196877538107,3382798.955507319,0.0283602371038915,,
2025,11,CA-0001-no2025.XLS,3,108,ACCIONES DEL CAPITAL SOCIAL,0,,0,,0,,0,,0,,0,,83.34752999999999,2.928288285853108e-06,0,,0,,0,,0,,0,,0,,0,,0,,0,,83.34752999999999,6.987573733802389e-07,,
2025,11,CA-0001-no2025.XLS,3,109,BONOS DE EMPRESAS PRIVADAS,0,,0,,0,,0,,0,,52613.9133562622,0.006778288356222482,40106.3051015734,0.001409073831195575,0,,0,,61290.8438691304,0.012541927269349966,49175.2119415116,0.003600424889633596,0,,0,,26415.6410233641,0.003942947125979456,19527.547930397297,0.0008706893032110088,0,,249129.463222239,0.002088616775479736,,
2025,11,CA-0001-no2025.XLS,3,110,VALOR REP.DERECHO SOBRE ACC. EMP.NAC.,0,,6151.47036168,0.003717862432593927,474127.75641672,0.03632692409214525,253165.85465808,0.058464718287104755,0,,29355.988242839998,0.003781953110852627,933643.70879304,0.03280214705365725,171289.18264332,0.05373758401050159,0,,0,,221346.54569076,0.01620616527870393,121291.553124,0.036228678477819375,0,,27576.89550504,0.004116282500161931,731822.7787962001,0.03263032653230025,163814.4105234,0.05864196877538107,3133586.14475508,0.026270921571038382,,
2025,11,CA-0001-no2025.XLS,3,111,CORPORACION PRIMAX S.A,0,,21023.715562471003,0.012706438897952263,23577.211669031596,0.0018064489307235765,0,,0,,19784.8096610376,0.002548891279905671,30521.820778327303,0.0010723375995435477,0,,0,,0,,0,,0,,0,,63216.165048316005,0.009436000287565872,90480.8850322883,0.004034338516206918,0,,248604.6077514718,0.0020842165655376114,,
2025,11,CA-0001-no2025.XLS,3,112,BONOS DE EMPRESAS PRIVADAS,0,,21023.715562471003,0.012706438897952263,23577.211669031596,0.0018064489307235765,0,,0,,19784.8096610376,0.002548891279905671,30521.820778327303,0.0010723375995435477,0,,0,,0,,0,,0,,0,,63216.165048316005,0.009436000287565872,90480.8850322883,0.004034338516206918,0,,248604.6077514718,0.0020842165655376114,,
2025,11,CA-0001-no2025.XLS,3,113,EDITORA EL COMERCIO,0,,0,,0,,0,,0,,403.780644,5.2019351215346524e-05,1205.014126,4.233633257582223e-05,494.983436,0.00015528834667420292,0,,0,,0,,0,,0,,0,,0,,0,,2103.7782060000004,1.7637361699850623e-05,,
2025,11,CA-0001-no2025.XLS,3,114,ACCIONES DEL TRABAJO,0,,0,,0,,0,,0,,403.780644,5.2019351215346524e-05,1205.014126,4.233633257582223e-05,494.983436,0.00015528834667420292,0,,0,,0,,0,,0,,0,,0,,0,,2103.7782060000004,1.7637361699850623e-05,,
2025,11,CA-0001-no2025.XLS,3,115,Electro Dunas S.A.A.,0,,24.524915665,1.4822515147181165e-05,0,,0,,0,,0,,0,,0,,0,,0,,0,,0,,0,,0,,0,,0,,24.524915665,2.0560856035502522e-07,,
2025,11,CA-0001-no2025.XLS,3,116,BONOS DE EMPRESAS PRIVADAS,0,,24.524915665,1.4822515147181165e-05,0,,0,,0,,0,,0,,0,,0,,0,,0,,0,,0,,0,,0,,0,,24.524915665,2.0560856035502522e-07,,
2025,11,CA-0001-no2025.XLS,3,117,Engie Energía Perú S.A.,0,,986.7675812196001,0.0005963884899408008,50835.0035695381,0.003894898138533492,52431.5514208486,0.012108251672864074,0,,8372.632935612,0.001078652332019111,155221.030611662,0.005453454057464889,28029.6688506219,0.008793589072015898,0,,18023.7383634,0.003688192255244973,37860.373276977894,0.0027719947692219286,18703.8986388023,0.005586683595139913,0,,7372.7906986591,0.0011005042001446669,156843.720331426,0.006993307611131964,23158.4538715904,0.008290218940353332,557839.630150358,0.004676737927701852,,
2025,11,CA-0001-no2025.XLS,3,118,ACCIONES DEL CAPITAL SOCIAL,0,,882.638285419,0.0005334542036275394,50835.0035695381,0.003894898138533492,52431.5514208486,0.012108251672864074,0,,8372.632935612,0.001078652332019111,155221.030611662,0.005453454057464889,28029.6688506219,0.008793589072015898,0,,18023.7383634,0.003688192255244973,37860.373276977894,0.0027719947692219286,18703.8986388023,0.005586683595139913,0,,7372.7906986591,0.0011005042001446669,156843.720331426,0.006993307611131964,23158.4538715904,0.008290218940353332,557735.5008545573,0.004675864943064809,,
2025,11,CA-0001-no2025.XLS,3,119,BONOS DE EMPRESAS PRIVADAS,0,,104.12929580059999,6.293428631326149e-05,0,,0,,0,,0,,0,,0,,0,,0,,0,,0,,0,,0,,0,,0,,104.12929580059999,8.729846370439676e-07,,
2025,11,CA-0001-no2025.XLS,3,120,Ferreycorp S.A.A.,0,,10347.7148355339,0.006254013754155452,132823.851335224,0.010176754893126761,151829.05213187603,0.035062559177567065,0,,63782.1611590968,0.00821710176530624,322072.237228643,0.011315516602293296,95977.4629234833,0.030110465222461164,0,,34299.0864182601,0.007018611918306921,134617.05727991398,0.009856156881973475,56022.349549625396,0.01673336384216674,0,,37599.9723547005,0.005612383314936216,230409.55229451,0.01027344207555023,73019.5261134216,0.02613939003690234,1342800.0236242886,0.011257579168604401,,
2025,11,CA-0001-no2025.XLS,3,121,ACCIONES DEL CAPITAL SOCIAL,0,,10347.7148355339,0.006254013754155452,132823.851335224,0.010176754893126761,151829.05213187603,0.035062559177567065,0,,63782.1611590968,0.00821710176530624,322072.237228643,0.011315516602293296,95977.4629234833,0.030110465222461164,0,,34299.0864182601,0.007018611918306921,134617.05727991398,0.009856156881973475,56022.349549625396,0.01673336384216674,0,,37599.9723547005,0.005612383314936216,230409.55229451,0.01027344207555023,73019.5261134216,0.02613939003690234,1342800.0236242886,0.011257579168604401,,
2025,11,CA-0001-no2025.XLS,3,122,Fossal S.A.A.,0,,0.042089330599999995,2.5438201251128163e-08,0.8653458249,6.630143810219788e-08,0.6632885022,1.5317616775995583e-07,0,,1.2791732261,1.6479680812476928e-07,14.6599984203,5.150566746823758e-07,7.7760267166000006,2.439528769433902e-06,0,,0.7069115196,1.4465509536171205e-07,7.1869337835,5.262003813026483e-07,4.0394943982,1.2065600612412543e-06,0,,0.0791420592,1.1813188806992472e-08,0.5270524368,2.3500078995515735e-08,0.3839231808,1.3743608458306283e-07,38.209379398799996,3.203344548686026e-07,,
2025,11,CA-0001-no2025.XLS,3,123,ACCIONES DEL CAPITAL SOCIAL,0,,0.025258104,1.5265643896316214e-08,0.49505883840000003,3.793063072201989e-08,0.30983274239999997,7.155105503861028e-08,0,,0,,0,,0,,0,,0,,0,,0,,0,,0.0791420592,1.1813188806992472e-08,0.5270524368,2.3500078995515735e-08,0.3839231808,1.3743608458306283e-07,1.8202673615999998,1.5260503105987585e-08,,
2025,11,CA-0001-no2025.XLS,3,124,VALOR REP.DERECHO SOBRE ACC. EMP.NAC.,0,,0.016831226600000002,1.0172557354811951e-08,0.3702869865,2.8370807380177994e-08,0.3534557598,8.162511272134555e-08,0,,1.2791732261,1.6479680812476928e-07,14.6599984203,5.150566746823758e-07,7.7760267166000006,2.439528769433902e-06,0,,0.7069115196,1.4465509536171205e-07,7.1869337835,5.262003813026483e-07,4.0394943982,1.2065600612412543e-06,0,,0,,0,,0,,36.3891120372,3.05073951762615e-07,,
2025,11,CA-0001-no2025.XLS,3,125,Gas Natural de Lima y Callao S.A.,0,,0,,87.74689562520001,6.723029338734626e-06,0,,0,,0,,0,,0,,0,,0,,0,,0,,0,,0,,0,,0,,87.74689562520001,7.356401600543499e-07,,
2025,11,CA-0001-no2025.XLS,3,126,BONOS DE EMPRESAS PRIVADAS,0,,0,,87.74689562520001,6.723029338734626e-06,0,,0,,0,,0,,0,,0,,0,,0,,0,,0,,0,,0,,0,,87.74689562520001,7.356401600543499e-07,,
2025,11,CA-0001-no2025.XLS,3,127,Hermes Transportes Blindados S.A.,0,,0,,0,,0,,0,,13397.6732173976,0.0017260318911281134,0,,0,,0,,0,,0,,0,,0,,0,,0,,0,,13397.6732173976,0.00011232154026394689,,
2025,11,CA-0001-no2025.XLS,3,128,BONOS DE EMPRESAS PRIVADAS,0,,0,,0,,0,,0,,13397.6732173976,0.0017260318911281134,0,,0,,0,,0,,0,,0,,0,,0,,0,,0,,13397.6732173976,0.00011232154026394689,,
2025,11,CA-0001-no2025.XLS,3,129,HOCHSCHILD MINING PLC,0,,0,,0,,3016.1228238261,0.0006965266759708027,0,,19363.54295304,0.0024946191864700577,171981.86075586,0.006042320249089627,53460.590588570805,0.016771887948035524,0,,25456.7837609943,0.005209214138472094,212913.432239524,0.015588724288250306,99531.0670799076,0.029729020157783344,0,,0,,39486.7643120644,0.0017606257287127393,28520.956858074198,0.010209877483741069,653731.1213718614,0.005480659610029476,,
2025,11,CA-0001-no2025.XLS,3,130,ACCIONES DEL EXTRANJERO - LIMITE LOCAL,0,,0,,0,,3016.1228238261,0.0006965266759708027,0,,19363.54295304,0.0024946191864700577,171981.86075586,0.006042320249089627,53460.590588570805,0.016771887948035524,0,,25456.7837609943,0.005209214138472094,212913.432239524,0.015588724288250306,99531.0670799076,0.029729020157783344,0,,0,,39486.7643120644,0.0017606257287127393,28520.956858074198,0.010209877483741069,653731.1213718614,0.005480659610029476,,
2025,11,CA-0001-no2025.XLS,3,131,HudBay Minerals Inc.,0,,0,,0,,0,,0,,0,,14296.84636672,0.0005022978814166148,24362.38819328,0.007643073905951012,0,,27244.32579264,0.005574998336184831,256831.82652608003,0.018804264672501826,133091.2573152,0.039753142286435374,0,,0,,0,,0,,455826.64419392,0.0038214957133543403,,
2025,11,CA-0001-no2025.XLS,3,132,ACCIONES DEL EXTRANJERO - LIMITE LOCAL,0,,0,,0,,0,,0,,0,,14296.84636672,0.0005022978814166148,24362.38819328,0.007643073905951012,0,,27244.32579264,0.005574998336184831,256831.82652608003,0.018804264672501826,133091.2573152,0.039753142286435374,0,,0,,0,,0,,455826.64419392,0.0038214957133543403,,
2025,11,CA-0001-no2025.XLS,3,133,"Hunt Oil Company of Peru L.L.C.,",0,,8888.479972711399,0.005372072664003232,0,,0,,0,,46410.19200455,0.00597905846585443,40840.968964004,0.0014348851249723089,0,,0,,58291.2011577148,0.011928111267714548,49098.2703254535,0.003594791512601409,0,,0,,125376.056983837,0.018714335310425097,191858.02585174402,0.008554516493300244,0,,520763.1952600147,0.004365901694663157,,
2025,11,CA-0001-no2025.XLS,3,134,BONOS DE EMPRESAS PRIVADAS,0,,8888.479972711399,0.005372072664003232,0,,0,,0,,46410.19200455,0.00597905846585443,40840.968964004,0.0014348851249723089,0,,0,,58291.2011577148,0.011928111267714548,49098.2703254535,0.003594791512601409,0,,0,,125376.056983837,0.018714335310425097,191858.02585174402,0.008554516493300244,0,,520763.1952600147,0.004365901694663157,,
2025,11,CA-0001-no2025.XLS,3,135,Inca Rail S.A.C.,0,,0,,0,,0,,0,,33663.0324058176,0.004336832712792981,0,,0,,0,,0,,19636.7689033936,0.00143773069236289,0,,0,,22442.021603878402,0.0033498223460076406,0,,0,,75741.8229130896,0.0006349937092770678,,
2025,11,CA-0001-no2025.XLS,3,136,BONOS DE EMPRESAS PRIVADAS,0,,0,,0,,0,,0,,33663.0324058176,0.004336832712792981,0,,0,,0,,0,,19636.7689033936,0.00143773069236289,0,,0,,22442.021603878402,0.0033498223460076406,0,,0,,75741.8229130896,0.0006349937092770678,,
2025,11,CA-0001-no2025.XLS,3,137,InRetail Peru Corp.,0,,4855.9213214723995,0.002934850758478424,260733.00363373003,0.019976953264458846,138520.892362248,0.031989246574246566,0,,17774.8044038699,0.00228994085478995,422143.80172569206,0.01483137832085535,74611.13164389,0.023407327263514695,0,,0,,91631.03475050481,0.006708881266663176,61514.3848269573,0.01837378458975076,0,,15109.4285336055,0.0022553182699249397,446813.343567634,0.01992239886763751,67626.9213398254,0.024208955713445633,1601334.6681094295,0.013425045788289845,,
2025,11,CA-0001-no2025.XLS,3,138,ACCIONES DEL CAPITAL SOCIAL,0,,4855.9213214723995,0.002934850758478424,260733.00363373003,0.019976953264458846,138520.892362248,0.031989246574246566,0,,17774.8044038699,0.00228994085478995,422143.80172569206,0.01483137832085535,74611.13164389,0.023407327263514695,0,,0,,91631.03475050481,0.006708881266663176,61514.3848269573,0.01837378458975076,0,,15109.4285336055,0.0022553182699249397,446813.343567634,0.01992239886763751,67626.9213398254,0.024208955713445633,1601334.6681094295,0.013425045788289845,,
2025,11,CA-0001-no2025.XLS,3,139,Inverfal Perú S.A.,0,,0,,36123.85442266,0.0027677529943517954,0,,0,,0,,0,,0,,0,,0,,0,,0,,0,,0,,0,,0,,36123.85442266,0.00030285012204618454,,
2025,11,CA-0001-no2025.XLS,3,140,BONOS DE EMPRESAS PRIVADAS,0,,0,,36123.85442266,0.0027677529943517954,0,,0,,0,,0,,0,,0,,0,,0,,0,,0,,0,,0,,0,,36123.85442266,0.00030285012204618454,,
2025,11,CA-0001-no2025.XLS,3,141,Inversiones Nacionales de Turismo S.A.,0,,0,,0,,0,,0,,58242.948952678395,0.007503481066781588,58242.948952678395,0.0020462771380467867,0,,0,,20141.6538164882,0.004121580668561355,0,,0,,0,,16784.7115137402,0.002505380428396958,50354.1345412206,0.002245177247740431,0,,203766.39777680582,0.0017083082473310699,,
2025,11,CA-0001-no2025.XLS,3,142,BONOS DE EMPRESAS PRIVADAS,0,,0,,0,,0,,0,,58242.948952678395,0.007503481066781588,58242.948952678395,0.0020462771380467867,0,,0,,20141.6538164882,0.004121580668561355,0,,0,,0,,16784.7115137402,0.002505380428396958,50354.1345412206,0.002245177247740431,0,,203766.39777680582,0.0017083082473310699,,
2025,11,CA-0001-no2025.XLS,3,143,Inversiones Portuarias Chancay S.A.A,0,,1020.8515386828,0.000616988355916901,14442.699505419901,0.0011065769542458928,18574.6411731023,0.004289524608032775,0,,3134.8790475032006,0.00040386872578691504,29079.119833741002,0.001021650503285011,15490.9738839718,0.004859895398227501,0,,4338.347781493,0.0008877548245348211,18259.908269702,0.0013369221121986386,18828.0472572852,0.005623765652930732,0,,3254.9466975872,0.00048585164808668787,21985.460484677402,0.0009802820783442556,10446.4816761261,0.0037396114927048516,158856.3571492919,0.0013317977253362197,,
2025,11,CA-0001-no2025.XLS,3,144,ACCIONES DEL CAPITAL SOCIAL,0,,1020.8515386828,0.000616988355916901,14442.699505419901,0.0011065769542458928,18574.6411731023,0.004289524608032775,0,,3134.8790475032006,0.00040386872578691504,29079.119833741002,0.001021650503285011,15490.9738839718,0.004859895398227501,0,,4338.347781493,0.0008877548245348211,18259.908269702,0.0013369221121986386,18828.0472572852,0.005623765652930732,0,,3254.9466975872,0.00048585164808668787,21985.460484677402,0.0009802820783442556,10446.4816761261,0.0037396114927048516,158856.3571492919,0.0013317977253362197,,
2025,11,CA-0001-no2025.XLS,3,145,KALLPA GENERACION S.A,0,,6865.017220727999,0.004149120149070259,64989.526765965995,0.004979395476557326,0,,0,,0,,0,,0,,0,,0,,0,,0,,0,,0,,34325.086103639995,0.0015304781434290473,0,,106179.630090334,0.0008901739431079381,,
2025,11,CA-0001-no2025.XLS,3,146,BONOS DE EMPRESAS PRIVADAS,0,,6865.017220727999,0.004149120149070259,64989.526765965995,0.004979395476557326,0,,0,,0,,0,,0,,0,,0,,0,,0,,0,,0,,34325.086103639995,0.0015304781434290473,0,,106179.630090334,0.0008901739431079381,,
2025,11,CA-0001-no2025.XLS,3,147,Línea Amarilla S.A.C.,0,,0,,0,,0,,0,,22263.6877411949,0.0028682469285427723,254446.944597919,0.00893960513571549,0,,0,,34291.14204983741,0.0070169862645441654,126969.126133031,0.009296203999854893,7901.527588700201,0.002360114081497372,0,,2296.3139697498,0.00034276073631388134,150215.40590203402,0.006697766025851452,42280.2511013337,0.015135403271164067,640664.3990838,0.005371112649913264,,
2025,11,CA-0001-no2025.XLS,3,148,BONO PARA NUEVOS PROYECTOS,0,,0,,0,,0,,0,,22263.6877411949,0.0028682469285427723,254446.944597919,0.00893960513571549,0,,0,,34291.14204983741,0.0070169862645441654,126969.126133031,0.009296203999854893,7901.527588700201,0.002360114081497372,0,,2296.3139697498,0.00034276073631388134,150215.40590203402,0.006697766025851452,42280.2511013337,0.015135403271164067,640664.3990838,0.005371112649913264,,
2025,11,CA-0001-no2025.XLS,3,149,LUZ DEL SUR S.A.,0,,20397.112207827002,0.012327728616442914,10.6439225186,8.155206273897493e-07,0,,4680.8546386077005,0.0016356771951134654,116305.553,0.014983728169501111,71353.1,0.0025068822902047055,0,,0,,124358.26,0.025447393995638293,232407.24,0.017015987901023925,0,,46811.4958849041,0.02248970938425411,37205.545,0.005553508869934164,95817.02,0.004272264734769386,0,,749346.8246538575,0.006282269179973921,,
2025,11,CA-0001-no2025.XLS,3,150,BONOS DE EMPRESAS PRIVADAS,0,,20397.112207827002,0.012327728616442914,10.6439225186,8.155206273897493e-07,0,,0,,116305.553,0.014983728169501111,71353.1,0.0025068822902047055,0,,0,,124358.26,0.025447393995638293,232407.24,0.017015987901023925,0,,0,,37205.545,0.005553508869934164,95817.02,0.004272264734769386,0,,697854.4741303456,0.00585057480821529,,
2025,11,CA-0001-no2025.XLS,3,151,Papeles Comerciales / Instrumentos de CP,0,,0,,0,,0,,4680.8546386077005,0.0016356771951134654,0,,0,,0,,0,,0,,0,,0,,46811.4958849041,0.02248970938425411,0,,0,,0,,51492.35052351181,0.0004316943717586313,,
2025,11,CA-0001-no2025.XLS,3,152,MINSUR,0,,10842.615629518401,0.006553124854694572,238812.41602230803,0.018297432267347136,217902.347053373,0.05032115943036708,0,,46043.5173880136,0.005931819510885208,648893.002142784,0.022797865478998237,149132.73168364502,0.046786566284534724,0,,17526.0895943224,0.0035863585346850185,223685.13508737803,0.01637738803784997,128568.599002771,0.03840226557947691,0,,62035.4732298392,0.009259763587187754,638419.323396618,0.028465677197461407,152076.86737603403,0.05444018557115434,2533938.117606604,0.021243676247716736,,
2025,11,CA-0001-no2025.XLS,3,153,ACCIONES DEL TRABAJO,0,,10842.615629518401,0.006553124854694572,228447.504502308,0.017503289024491078,217902.347053373,0.05032115943036708,0,,46043.5173880136,0.005931819510885208,638362.899845434,0.02242790640275249,149132.73168364502,0.046786566284534724,0,,17526.0895943224,0.0035863585346850185,223685.13508737803,0.01637738803784997,128568.599002771,0.03840226557947691,0,,62035.4732298392,0.009259763587187754,638419.323396618,0.028465677197461407,152076.86737603403,0.05444018557115434,2513043.103789254,0.021068499551157697,,
2025,11,CA-0001-no2025.XLS,3,154,BONOS DE EMPRESAS PRIVADAS,0,,0,,10364.91152,0.0007941432428560595,0,,0,,0,,10530.10229735,0.0003699590762457497,0,,0,,0,,0,,0,,0,,0,,0,,0,,20895.01381735,0.0001751766965590376,,
2025,11,CA-0001-no2025.XLS,3,155,Nexa Resources Perú S.A.A.,0,,16.30169088,9.85251339062923e-06,8625.63218688,0.000660882391842404,4376.31558528,0.001010642047974518,0,,15278.767120384,0.0019683745736280116,179124.409458944,0.006293262798897356,29948.989182976,0.009395726556772963,0,,3724.521480704,0.0007621477299915004,15395.584890368,0.0011272070793650346,0,,0,,21.943030527999998,3.275340131974525e-06,1490.52160768,6.645899549895243e-05,20.101747200000002,7.1959849433674695e-06,258023.087981824,0.002163177903767966,,
2025,11,CA-0001-no2025.XLS,3,156,ACCIONES DEL CAPITAL SOCIAL,0,,16.30169088,9.85251339062923e-06,8625.63218688,0.000660882391842404,4376.31558528,0.001010642047974518,0,,15278.767120384,0.0019683745736280116,179124.409458944,0.006293262798897356,29948.989182976,0.009395726556772963,0,,3724.521480704,0.0007621477299915004,15395.584890368,0.0011272070793650346,0,,0,,21.943030527999998,3.275340131974525e-06,1490.52160768,6.645899549895243e-05,20.101747200000002,7.1959849433674695e-06,258023.087981824,0.002163177903767966,,
2025,11,CA-0001-no2025.XLS,3,157,Nexa Resources S.A. Peru,0,,1077.089917636,0.000650978043599145,67244.78207988679,0.005152189596893957,56393.863141034606,0.013023285964511487,0,,31138.7092080064,0.004011622336913777,101963.394630257,0.0035823282835328084,31398.202704583,0.009850380097438615,0,,0,,0,,0,,0,,14686.7329565892,0.0021922243510953147,340053.13620936,0.015162202099115372,34225.0127672616,0.012251804487909084,678180.9236146146,0.005685638444972904,,
2025,11,CA-0001-no2025.XLS,3,158,ACCIONES DEL EXTRANJERO - LIMITE LOCAL,0,,1077.089917636,0.000650978043599145,67244.78207988679,0.005152189596893957,56393.863141034606,0.013023285964511487,0,,6449.5506548284,0.0008309002565627854,101963.394630257,0.0035823282835328084,31398.202704583,0.009850380097438615,0,,0,,0,,0,,0,,14686.7329565892,0.0021922243510953147,340053.13620936,0.015162202099115372,34225.0127672616,0.012251804487909084,653491.7650614367,0.005478652928046525,,
2025,11,CA-0001-no2025.XLS,3,159,BONOS DE EMPRESA PRIVADA EXTRANJERA,0,,0,,0,,0,,0,,24689.158553178,0.0031807220803509915,0,,0,,0,,0,,0,,0,,0,,0,,0,,0,,24689.158553178,0.00020698551692637944,,
2025,11,CA-0001-no2025.XLS,3,160,Norvial S.A.,0,,119.61424824800001,7.229317444727972e-05,1794.21372372,0.0001374698377484892,119.61424824800001,2.7623051048444138e-05,0,,0,,0,,0,,0,,0,,0,,0,,0,,0,,0,,0,,2033.4422202159997,1.7047688692377725e-05,,
2025,11,CA-0001-no2025.XLS,4,1,INVERSIÓN EN ACCIONES LOCALES,,,,,,,,,,,,,,,,,,,,,,,,,,,,,,,,,,,,
2025,11,CA-0001-no2025.XLS,4,2,(En miles de Soles),,,,,,,,,,,,,,,,,,,,,,,,,,,,,,,,,,,,
2025,11,CA-0001-no2025.XLS,4,3,Al 28-11-2025,,,,,,,,,,,,,,,,,,,,,,,,,,,,,,,,,,,,
2025,11,CA-0001-no2025.XLS,4,4,,Moneda,Tipo Oferta,HA01,,HA02,,HA03,,IN01,,IN02,,IN03,,PR01,,PR02,,PR03,,RI01,,RI02,,RI03,,TOTAL,,,,,,,,,
2025,11,CA-0001-no2025.XLS,4,5,,,,Monto,%,Monto,%,Monto,%,Monto,%,Monto,%,Monto,%,Monto,%,Monto,%,Monto,%,Monto,%,Monto,%,Monto,%,Monto,%,,,,,,,,
2025,11,CA-0001-no2025.XLS,4,6,Almacenes Comerciales,,,4855.9213214723995,0.002934850758478424,260733.00363373003,0.019976953264458846,138520.892362248,0.031989246574246566,17774.8044038699,0.00228994085478995,422143.80172569206,0.01483137832085535,74611.13164389,0.023407327263514695,0,,91631.03475050481,0.006708881266663176,61514.3848269573,0.01837378458975076,15109.4285336055,0.0022553182699249397,446813.343567634,0.01992239886763751,67626.9213398254,0.024208955713445633,1601334.668109429,0.013425045788289847,,,,,,,,
2025,11,CA-0001-no2025.XLS,4,7,InRetail Peru Corp.,,,4855.9213214723995,0.002934850758478424,260733.00363373003,0.019976953264458846,138520.892362248,0.031989246574246566,17774.8044038699,0.00228994085478995,422143.80172569206,0.01483137832085535,74611.13164389,0.023407327263514695,0,,91631.03475050481,0.006708881266663176,61514.3848269573,0.01837378458975076,15109.4285336055,0.0022553182699249397,446813.343567634,0.01992239886763751,67626.9213398254,0.024208955713445633,1601334.668109429,0.013425045788289847,,,,,,,,
2025,11,CA-0001-no2025.XLS,4,8,PAL1801171A1,USD,PUBLICA,4855.9213214723995,0.002934850758478424,260733.00363373003,0.019976953264458846,138520.892362248,0.031989246574246566,17774.8044038699,0.00228994085478995,422143.80172569206,0.01483137832085535,74611.13164389,0.023407327263514695,0,,91631.03475050481,0.006708881266663176,61514.3848269573,0.01837378458975076,15109.4285336055,0.0022553182699249397,446813.343567634,0.01992239886763751,67626.9213398254,0.024208955713445633,1601334.668109429,0.013425045788289847,,,,,,,,
2025,11,CA-0001-no2025.XLS,4,9,Bancos,,,0,,19571.767122582,0.0014995580600142813,17125.5685078224,0.003954883804013,207.3851569476,2.671757915197878e-05,43063.215500934,0.0015129603661026667,12953.4673796604,0.0040638178710402,5071.7220754356,0.0010378249895904468,0,,9990.3072295944,0.0029840134716190196,17349.0960640212,0.0025896236401558325,26441.557290687597,0.0011789693808614483,26479.5491948688,0.009479098280244716,178253.635522554,0.001494417916802313,,,,,,,,
2025,11,CA-0001-no2025.XLS,4,10,BANCO CONTINENTAL,,,0,,19571.767122582,0.0014995580600142813,17125.5685078224,0.003954883804013,207.3851569476,2.671757915197878e-05,43063.215500934,0.0015129603661026667,12953.4673796604,0.0040638178710402,5071.7220754356,0.0010378249895904468,0,,9990.3072295944,0.0029840134716190196,17349.0960640212,0.0025896236401558325,26441.557290687597,0.0011789693808614483,26479.5491948688,0.009479098280244716,178253.635522554,0.001494417916802313,,,,,,,,
2025,11,CA-0001-no2025.XLS,4,11,PEP116001004,PEN,PUBLICA,0,,19571.767122582,0.0014995580600142813,17125.5685078224,0.003954883804013,207.3851569476,2.671757915197878e-05,43063.215500934,0.0015129603661026667,12953.4673796604,0.0040638178710402,5071.7220754356,0.0010378249895904468,0,,9990.3072295944,0.0029840134716190196,17349.0960640212,0.0025896236401558325,26441.557290687597,0.0011789693808614483,26479.5491948688,0.009479098280244716,178253.635522554,0.001494417916802313,,,,,,,,
2025,11,CA-0001-no2025.XLS,4,12,Industria,,,13864.815245908701,0.008379699926497182,219553.0091181461,0.016821806756715137,241580.0916743929,0.055789166444233776,89804.6058655702,0.01156959206117088,614974.9227760697,0.021606205516331255,149394.0132815865,0.04686853667871318,50165.1724950527,0.010265284423734805,162162.0715959495,0.011872899692288639,71811.3769894316,0.021449402048136595,49679.6481188036,0.007415463648845459,346992.8027220849,0.01547162617130395,100796.00315134152,0.036082760061208675,2110778.5330343377,0.017696050063276837,,,,,,,,
2025,11,CA-0001-no2025.XLS,4,13,Alimentos,,,0,,0,,0,,0,,78402.9697027836,0.002754568704756546,7076.2423434428,0.0022199893860270904,0,,0,,0,,0,,0,,3485.8572482274,0.0012478604980651993,88965.0692944538,0.0007458529142109367,,,,,,,,
2025,11,CA-0001-no2025.XLS,4,14,ALICORP S.A.,,,0,,0,,0,,0,,78402.9697027836,0.002754568704756546,7076.2423434428,0.0022199893860270904,0,,0,,0,,0,,0,,3485.8572482274,0.0012478604980651993,88965.0692944538,0.0007458529142109367,,,,,,,,
2025,11,CA-0001-no2025.XLS,4,15,PEP214001005,PEN,PUBLICA,0,,0,,0,,0,,78402.9697027836,0.002754568704756546,7076.2423434428,0.0022199893860270904,0,,0,,0,,0,,0,,3485.8572482274,0.0012478604980651993,88965.0692944538,0.0007458529142109367,,,,,,,,
2025,11,CA-0001-no2025.XLS,4,16,Cemento,,,3517.0583210442,0.002125660734140478,86728.29243709719,0.006644985562150272,89750.3762540147,0.020726454090498947,26021.1655332473,0.003352325499056515,214485.05584622288,0.007535605152606732,46332.531987943796,0.014535642541455496,15865.379165273,0.003246527850332523,27537.827382252,0.0020162166099338616,15784.987945408,0.004714831645908615,12079.5966220439,0.0018030685207204348,116582.7233751381,0.005198160595674726,24290.235866511703,0.008695372090156554,678975.2307361967,0.005692297646006624,,,,,,,,
2025,11,CA-0001-no2025.XLS,4,17,CEMENTOS PACASMAYO S.A.A.,,,1046.5877716722,0.0006325429742702345,30366.619718322003,0.0023266427128829934,55566.4922857839,0.012832217528222858,19283.3212670713,0.0024842841688819113,108213.58859369191,0.003801919311214567,33518.5559868202,0.010515586509646386,15865.379165273,0.003246527850332523,27537.827382252,0.0020162166099338616,15784.987945408,0.004714831645908615,12079.5966220439,0.0018030685207204348,77468.50110263769,0.0034541456759586385,24290.235866511703,0.008695372090156554,421021.69370748784,0.0035297028337989574,,,,,,,,
2025,11,CA-0001-no2025.XLS,4,18,PEP239501005,PEN,PUBLICA,881.395928809,0.0005327033407123936,28309.8137770195,0.0021690534718171346,53543.555675445,0.012365051767674827,15851.163803926,0.002042116850674038,64477.623377926,0.0022653229104357287,20593.6755945965,0.006460737072078051,15865.379165273,0.003246527850332523,27537.827382252,0.0020162166099338616,15784.987945408,0.004714831645908615,7035.4156262115,0.0010501456996218975,67157.9328066735,0.002994420698848318,15355.3018806385,0.005496861543156648,332394.0729641785,0.0027866789735893653,,,,,,,,
2025,11,CA-0001-no2025.XLS,4,19,US15126Q2084,USD,PUBLICA,165.1918428632,9.983963355784093e-05,2056.8059413025,0.00015758924106585882,2022.9366103389,0.00046716576054803163,3432.1574631453,0.00044216731820787355,43735.9652157659,0.0015365964007788386,12924.8803922237,0.004054849437568335,0,,0,,0,,5044.1809958324,0.0007529228210985373,10310.5682959642,0.0004597249771103207,8934.9339858732,0.003198510546999906,88627.6207433093,0.0007430238602095921,,,,,,,,
2025,11,CA-0001-no2025.XLS,4,20,UNACEM CORP S.A.A.,,,2470.4705493720003,0.0014931177598702437,56361.6727187752,0.004318342849267278,34183.883968230795,0.007894236562276091,6737.844266176,0.0008680413301746038,106271.46725253099,0.0037336858413921643,12813.9760011236,0.004020056031809109,0,,0,,0,,0,,39114.2222725004,0.0017440149197160877,0,,257953.537028709,0.002162594812207667,,,,,,,,
2025,11,CA-0001-no2025.XLS,4,21,PEP761001002,PEN,PUBLICA,2470.4705493720003,0.0014931177598702437,56361.6727187752,0.004318342849267278,34183.883968230795,0.007894236562276091,6737.844266176,0.0008680413301746038,106271.46725253099,0.0037336858413921643,12813.9760011236,0.004020056031809109,0,,0,,0,,0,,39114.2222725004,0.0017440149197160877,0,,257953.537028709,0.002162594812207667,,,,,,,,
2025,11,CA-0001-no2025.XLS,4,22,Maquinaria,,,10347.7148355339,0.006254013754155452,132823.851335224,0.010176754893126761,151829.05213187603,0.035062559177567065,63782.1611590968,0.00821710176530624,322072.237228643,0.011315516602293296,95977.4629234833,0.030110465222461164,34299.0864182601,0.007018611918306921,134617.05727991398,0.009856156881973475,56022.349549625396,0.01673336384216674,37599.9723547005,0.005612383314936216,230409.55229451,0.01027344207555023,73019.5261134216,0.02613939003690234,1342800.0236242886,0.011257579168604405,,,,,,,,
2025,11,CA-0001-no2025.XLS,4,23,Ferreycorp S.A.A.,,,10347.7148355339,0.006254013754155452,132823.851335224,0.010176754893126761,151829.05213187603,0.035062559177567065,63782.1611590968,0.00821710176530624,322072.237228643,0.011315516602293296,95977.4629234833,0.030110465222461164,34299.0864182601,0.007018611918306921,134617.05727991398,0.009856156881973475,56022.349549625396,0.01673336384216674,37599.9723547005,0.005612383314936216,230409.55229451,0.01027344207555023,73019.5261134216,0.02613939003690234,1342800.0236242886,0.011257579168604405,,,,,,,,
2025,11,CA-0001-no2025.XLS,4,24,PEP736001004,PEN,PUBLICA,10347.7148355339,0.006254013754155452,132823.851335224,0.010176754893126761,151829.05213187603,0.035062559177567065,63782.1611590968,0.00821710176530624,322072.237228643,0.011315516602293296,95977.4629234833,0.030110465222461164,34299.0864182601,0.007018611918306921,134617.05727991398,0.009856156881973475,56022.349549625396,0.01673336384216674,37599.9723547005,0.005612383314936216,230409.55229451,0.01027344207555023,73019.5261134216,0.02613939003690234,1342800.0236242886,0.011257579168604405,,,,,,,,
2025,11,CA-0001-no2025.XLS,4,25,Otros ,,,0.042089330599999995,2.5438201251128163e-08,0.8653458249,6.630143810219788e-08,0.6632885022,1.5317616775995583e-07,1.2791732261,1.6479680812476928e-07,14.6599984203,5.150566746823758e-07,7.7760267166000006,2.439528769433902e-06,0.7069115196,1.4465509536171205e-07,7.1869337835,5.262003813026483e-07,4.0394943982,1.2065600612412543e-06,0.0791420592,1.1813188806992472e-08,0.5270524368,2.3500078995515735e-08,0.3839231808,1.3743608458306283e-07,38.2093793988,3.203344548686026e-07,,,,,,,,
2025,11,CA-0001-no2025.XLS,4,26,Fossal S.A.A.,,,0.042089330599999995,2.5438201251128163e-08,0.8653458249,6.630143810219788e-08,0.6632885022,1.5317616775995583e-07,1.2791732261,1.6479680812476928e-07,14.6599984203,5.150566746823758e-07,7.7760267166000006,2.439528769433902e-06,0.7069115196,1.4465509536171205e-07,7.1869337835,5.262003813026483e-07,4.0394943982,1.2065600612412543e-06,0.0791420592,1.1813188806992472e-08,0.5270524368,2.3500078995515735e-08,0.3839231808,1.3743608458306283e-07,38.2093793988,3.203344548686026e-07,,,,,,,,
2025,11,CA-0001-no2025.XLS,4,27,PEP736211009,PEN,PUBLICA,0.025258104,1.5265643896316214e-08,0.49505883840000003,3.793063072201989e-08,0.30983274239999997,7.155105503861028e-08,0,,0,,0,,0,,0,,0,,0.0791420592,1.1813188806992472e-08,0.5270524368,2.3500078995515735e-08,0.3839231808,1.3743608458306283e-07,1.8202673616,1.5260503105987585e-08,,,,,,,,
2025,11,CA-0001-no2025.XLS,4,28,US34988L6039,USD,PUBLICA,0.016831226600000002,1.0172557354811951e-08,0.3702869865,2.8370807380177994e-08,0.3534557598,8.162511272134555e-08,1.2791732261,1.6479680812476928e-07,14.6599984203,5.150566746823758e-07,7.7760267166000006,2.439528769433902e-06,0.7069115196,1.4465509536171205e-07,7.1869337835,5.262003813026483e-07,4.0394943982,1.2065600612412543e-06,0,,0,,0,,36.38911203720001,3.05073951762615e-07,,,,,,,,
2025,11,CA-0001-no2025.XLS,4,29,Inmobiliaria y Construccion,,,619.7043261236,0.00037454060540765405,13102.0239682032,0.0010038565000781315,36802.9694566184,0.008499073638173357,1106.8050247752,0.0001425904885888771,17013.742614666,0.0005977518853533665,28904.8672385548,0.009068160099629088,1966.4502815068001,0.00040239414001399967,15888.587777627601,0.0011633029047996434,31890.3081707664,0.009525343616435759,2742.557770124,0.00040936959538398097,30746.5219105024,0.0013709180401879925,23465.330458792,0.008400074032997952,204249.8689982604,0.0017123615057876615,,,,,,,,
2025,11,CA-0001-no2025.XLS,4,30,AENZA S.A.A. (antes GRANA & MONTERO S.A.A.),,,619.7043261236,0.00037454060540765405,13102.0239682032,0.0010038565000781315,36802.9694566184,0.008499073638173357,1106.8050247752,0.0001425904885888771,17013.742614666,0.0005977518853533665,28904.8672385548,0.009068160099629088,1966.4502815068001,0.00040239414001399967,15888.587777627601,0.0011633029047996434,31890.3081707664,0.009525343616435759,2742.557770124,0.00040936959538398097,30746.5219105024,0.0013709180401879925,23465.330458792,0.008400074032997952,204249.8689982604,0.0017123615057876615,,,,,,,,
2025,11,CA-0001-no2025.XLS,4,31,PEP736581005,PEN,PUBLICA,619.7043261236,0.00037454060540765405,13102.0239682032,0.0010038565000781315,36802.9694566184,0.008499073638173357,1106.8050247752,0.0001425904885888771,17013.742614666,0.0005977518853533665,28904.8672385548,0.009068160099629088,1966.4502815068001,0.00040239414001399967,15888.587777627601,0.0011633029047996434,31890.3081707664,0.009525343616435759,2742.557770124,0.00040936959538398097,30746.5219105024,0.0013709180401879925,23465.330458792,0.008400074032997952,204249.8689982604,0.0017123615057876615,,,,,,,,
2025,11,CA-0001-no2025.XLS,4,32,Minería,,,29831.0342233894,0.018029458803126494,912276.4377223462,0.06989718795341902,645488.9601332888,0.149065640240456,133658.7466053969,0.01721935260143165,2189479.301657967,0.07692401431887504,502405.1933392455,0.15761673252069125,73951.7206286607,0.015132718739333445,930172.52443411,0.06810374935667106,482482.4765218786,0.144113106501515,104344.5605020044,0.015575055876140602,1763167.5844893423,0.07861566444773943,397328.58137492265,0.14223492419323128,8164587.1216325555,0.06844912442931526,,,,,,,,
2025,11,CA-0001-no2025.XLS,4,33,CIA MINERA BUENAVENTURA,,,6151.47036168,0.003717862432593927,474127.75641672,0.03632692409214525,253165.85465808,0.058464718287104755,29355.988242839998,0.003781953110852627,933727.05632304,0.0328050753419431,171289.18264332,0.05373758401050159,0,,221346.54569076,0.01620616527870393,121291.553124,0.036228678477819375,27576.89550504,0.004116282500161931,731822.7787962001,0.03263032653230025,163814.4105234,0.05864196877538107,3133669.49228508,0.026271620328411766,,,,,,,,
2025,11,CA-0001-no2025.XLS,4,34,PEP612001003,PEN,PUBLICA,0,,0,,0,,0,,83.34752999999999,2.928288285853108e-06,0,,0,,0,,0,,0,,0,,0,,83.34752999999999,6.987573733802389e-07,,,,,,,,
2025,11,CA-0001-no2025.XLS,4,35,US2044481040,USD,PUBLICA,6151.47036168,0.003717862432593927,474127.75641672,0.03632692409214525,253165.85465808,0.058464718287104755,29355.988242839998,0.003781953110852627,933643.70879304,0.03280214705365725,171289.18264332,0.05373758401050159,0,,221346.54569076,0.01620616527870393,121291.553124,0.036228678477819375,27576.89550504,0.004116282500161931,731822.7787962001,0.03263032653230025,163814.4105234,0.05864196877538107,3133586.14475508,0.026270921571038386,,,,,,,,
2025,11,CA-0001-no2025.XLS,4,36,SOCIEDAD MINERA CERRO VERDE,,,8020.9400583934,0.0048477437041644705,98776.6268575106,0.007568110023866986,62735.2097424343,0.01448772137627917,15699.578282734901,0.0020225879787898245,94555.6608728911,0.0033220688614909893,20974.234661033897,0.006580127710109304,0,,0,,0,,0,,3238.096660054,0.0001443794241202997,0,,304000.3471350522,0.0025486356232844558,,,,,,,,
2025,11,CA-0001-no2025.XLS,4,37,PEP646501002,USD,PUBLICA,8020.9400583934,0.0048477437041644705,98776.6268575106,0.007568110023866986,62735.2097424343,0.01448772137627917,15699.578282734901,0.0020225879787898245,94555.6608728911,0.0033220688614909893,20974.234661033897,0.006580127710109304,0,,0,,0,,0,,3238.096660054,0.0001443794241202997,0,,304000.3471350522,0.0025486356232844558,,,,,,,,
2025,11,CA-0001-no2025.XLS,4,38,HOCHSCHILD MINING PLC,,,0,,0,,3016.1228238261,0.0006965266759708027,19363.54295304,0.0024946191864700577,171981.86075586,0.006042320249089627,53460.590588570805,0.016771887948035524,25456.7837609943,0.005209214138472094,212913.432239524,0.015588724288250306,99531.0670799076,0.029729020157783344,0,,39486.7643120644,0.0017606257287127393,28520.956858074198,0.010209877483741069,653731.1213718613,0.005480659610029475,,,,,,,,
2025,11,CA-0001-no2025.XLS,4,39,GB00B1FW5029,GBP,PUBLICA,0,,0,,3016.1228238261,0.0006965266759708027,19363.54295304,0.0024946191864700577,171981.86075586,0.006042320249089627,53460.590588570805,0.016771887948035524,25456.7837609943,0.005209214138472094,212913.432239524,0.015588724288250306,99531.0670799076,0.029729020157783344,0,,39486.7643120644,0.0017606257287127393,28520.956858074198,0.010209877483741069,653731.1213718613,0.005480659610029475,,,,,,,,
2025,11,CA-0001-no2025.XLS,4,40,HudBay Minerals Inc.,,,0,,0,,0,,0,,14296.84636672,0.0005022978814166148,24362.38819328,0.007643073905951012,27244.32579264,0.005574998336184831,256831.82652608003,0.018804264672501826,133091.2573152,0.039753142286435374,0,,0,,0,,455826.64419391996,0.00382149571335434,,,,,,,,
2025,11,CA-0001-no2025.XLS,4,41,CA4436281022,USD,PUBLICA,0,,0,,0,,0,,14296.84636672,0.0005022978814166148,24362.38819328,0.007643073905951012,27244.32579264,0.005574998336184831,256831.82652608003,0.018804264672501826,133091.2573152,0.039753142286435374,0,,0,,0,,455826.64419391996,0.00382149571335434,,,,,,,,
2025,11,CA-0001-no2025.XLS,4,42,MINSUR,,,10842.615629518401,0.006553124854694572,228447.504502308,0.017503289024491078,217902.347053373,0.05032115943036708,46043.5173880136,0.005931819510885208,638362.899845434,0.02242790640275249,149132.73168364502,0.046786566284534724,17526.0895943224,0.0035863585346850185,223685.13508737803,0.01637738803784997,128568.599002771,0.03840226557947691,62035.4732298392,0.009259763587187754,638419.323396618,0.028465677197461407,152076.86737603403,0.05444018557115434,2513043.1037892546,0.021068499551157693,,,,,,,,
2025,11,CA-0001-no2025.XLS,4,43,PEP622005002,PEN,PUBLICA,10842.615629518401,0.006553124854694572,228447.504502308,0.017503289024491078,217902.347053373,0.05032115943036708,46043.5173880136,0.005931819510885208,638362.899845434,0.02242790640275249,149132.73168364502,0.046786566284534724,17526.0895943224,0.0035863585346850185,223685.13508737803,0.01637738803784997,128568.599002771,0.03840226557947691,62035.4732298392,0.009259763587187754,638419.323396618,0.028465677197461407,152076.86737603403,0.05444018557115434,2513043.1037892546,0.021068499551157693,,,,,,,,
2025,11,CA-0001-no2025.XLS,4,44,Nexa Resources Perú S.A.A.,,,16.30169088,9.85251339062923e-06,8625.63218688,0.000660882391842404,4376.31558528,0.001010642047974518,15278.767120384,0.0019683745736280116,179124.409458944,0.006293262798897356,29948.989182976,0.009395726556772963,3724.521480704,0.0007621477299915004,15395.584890368,0.0011272070793650346,0,,21.943030527999998,3.275340131974525e-06,1490.52160768,6.645899549895243e-05,20.101747200000002,7.1959849433674695e-06,258023.087981824,0.002163177903767965,,,,,,,,
2025,11,CA-0001-no2025.XLS,4,45,PEP620001003,PEN,PUBLICA,16.30169088,9.85251339062923e-06,8625.63218688,0.000660882391842404,4376.31558528,0.001010642047974518,15278.767120384,0.0019683745736280116,179124.409458944,0.006293262798897356,29948.989182976,0.009395726556772963,3724.521480704,0.0007621477299915004,15395.584890368,0.0011272070793650346,0,,21.943030527999998,3.275340131974525e-06,1490.52160768,6.645899549895243e-05,20.101747200000002,7.1959849433674695e-06,258023.087981824,0.002163177903767965,,,,,,,,
2025,11,CA-0001-no2025.XLS,4,46,Nexa Resources S.A. Peru,,,1077.089917636,0.000650978043599145,67244.78207988679,0.005152189596893957,56393.863141034606,0.013023285964511487,6449.5506548284,0.0008309002565627854,101963.394630257,0.0035823282835328084,31398.202704583,0.009850380097438615,0,,0,,0,,14686.7329565892,0.0021922243510953147,340053.13620936,0.015162202099115372,34225.0127672616,0.012251804487909084,653491.7650614367,0.005478652928046526,,,,,,,,
2025,11,CA-0001-no2025.XLS,4,47,LU1701428291,USD,PUBLICA,1077.089917636,0.000650978043599145,67244.78207988679,0.005152189596893957,56393.863141034606,0.013023285964511487,6449.5506548284,0.0008309002565627854,101963.394630257,0.0035823282835328084,31398.202704583,0.009850380097438615,0,,0,,0,,14686.7329565892,0.0021922243510953147,340053.13620936,0.015162202099115372,34225.0127672616,0.012251804487909084,653491.7650614367,0.005478652928046526,,,,,,,,
2025,11,CA-0001-no2025.XLS,4,48,VOLCAN CIA MINERA,,,3722.6165652816003,0.002249897254683752,35054.135679040795,0.002685792824179338,47899.2471292608,0.011061586458248176,1467.801963556,0.00018909798424313482,55467.1734048208,0.0019487544997520599,21838.873681836798,0.0068513860073475255,0,,0,,0,,23.515780008,3.5100975636252202e-06,8656.9635073656,0.0003859944705304293,18671.2321029528,0.006683891890102352,192801.55981412317,0.0016163827712630447,,,,,,,,
2025,11,CA-0001-no2025.XLS,4,49,PEP648011109,PEN,PUBLICA,0,,0,,0,,0.05092,6.560060278385819e-09,0.35644,1.2522975505206714e-08,0.35264,1.1063174762718912e-07,0,,0,,0,,0,,0.44688,1.992537092756322e-08,0,,1.2068800000000002,1.0118071870697821e-08,,,,,,,,
2025,11,CA-0001-no2025.XLS,4,50,PEP648014202,PEN,PUBLICA,3722.6165652816003,0.002249897254683752,35054.135679040795,0.002685792824179338,47899.2471292608,0.011061586458248176,1467.751043556,0.00018909142418285644,55466.8169648208,0.0019487419767765548,21838.521041836797,0.006851275375599898,0,,0,,0,,23.515780008,3.5100975636252202e-06,8656.5166273656,0.00038597454515950177,18671.2321029528,0.006683891890102352,192800.3529341232,0.001616372653191174,,,,,,,,
2025,11,CA-0001-no2025.XLS,4,51,Otras Empresas Financieras,,,14360.5026092,0.0086792864184963,687022.3735296199,0.05263857531023858,183299.89994044,0.04233026221701926,26498.539350619998,0.003413825911807655,1542458.8116848601,0.05419193669767635,191664.7130467,0.06012988362868687,22593.06250254,0.0046232117035910365,600139.95076024,0.04394000006650971,249668.60331442,0.07457373017754344,39413.44183704,0.00588307196781114,1237900.42237752,0.055195186822545796,172901.96016606,0.06189511238275296,4967922.28111926,0.041649372504644816,,,,,,,,
2025,11,CA-0001-no2025.XLS,4,52,CONSORCIO CREDICORP,,,10830.00401048,0.006545502568983964,457456.1179802,0.0350495693374853,166910.38918035998,0.03854535950671623,21186.13049,0.002729424451691824,1207144.20779924,0.042411169749528806,171017.03953534,0.05365220609636672,22593.06250254,0.0046232117035910365,600139.95076024,0.04394000006650971,249668.60331442,0.07457373017754344,32155.3576437,0.004799689505695812,971514.65870952,0.043317646653133215,151834.51167168,0.05435342754051556,4062450.0335977194,0.034058200824490015,,,,,,,,
2025,11,CA-0001-no2025.XLS,4,53,BMG2519Y1084,USD,PUBLICA,10830.00401048,0.006545502568983964,457456.1179802,0.0350495693374853,166910.38918035998,0.03854535950671623,21186.13049,0.002729424451691824,1207144.20779924,0.042411169749528806,171017.03953534,0.05365220609636672,22593.06250254,0.0046232117035910365,600139.95076024,0.04394000006650971,249668.60331442,0.07457373017754344,32155.3576437,0.004799689505695812,971514.65870952,0.043317646653133215,151834.51167168,0.05435342754051556,4062450.0335977194,0.034058200824490015,,,,,,,,
2025,11,CA-0001-no2025.XLS,4,54,Intercorp Financial Services Inc.,,,3530.4985987200002,0.0021337838495123357,229566.25554942,0.01758900597275328,16389.51076008,0.0037849027103030275,5312.40886062,0.0006844014601158313,335314.60388562,0.011780766948147546,20647.67351136,0.006477677532320149,0,,0,,0,,7258.08419334,0.0010833824621153283,266385.763668,0.01187754016941258,21067.44849438,0.007541684842237402,905472.24752154,0.007591171680154803,,,,,,,,
2025,11,CA-0001-no2025.XLS,4,55,PAL2400671A3,USD,PUBLICA,3530.4985987200002,0.0021337838495123357,229566.25554942,0.01758900597275328,16389.51076008,0.0037849027103030275,5312.40886062,0.0006844014601158313,335314.60388562,0.011780766948147546,20647.67351136,0.006477677532320149,0,,0,,0,,7258.08419334,0.0010833824621153283,266385.763668,0.01187754016941258,21067.44849438,0.007541684842237402,905472.24752154,0.007591171680154803,,,,,,,,
2025,11,CA-0001-no2025.XLS,4,56,Otros,,,1020.8515386828,0.000616988355916901,14442.699505419901,0.0011065769542458928,18574.6411731023,0.004289524608032775,3538.6596915032,0.00045588807700226155,30284.133959741,0.001063986835860833,15985.9573199718,0.005015183744901704,4338.347781493,0.0008877548245348211,18259.908269702,0.0013369221121986386,18828.0472572852,0.005623765652930732,3254.9466975872,0.00048585164808668787,21985.460484677402,0.0009802820783442556,10446.4816761261,0.0037396114927048516,160960.13535529192,0.0013494350870360704,,,,,,,,
2025,11,CA-0001-no2025.XLS,4,57,EDITORA EL COMERCIO,,,0,,0,,0,,403.780644,5.2019351215346524e-05,1205.014126,4.233633257582223e-05,494.983436,0.00015528834667420292,0,,0,,0,,0,,0,,0,,2103.778206,1.7637361699850623e-05,,,,,,,,
2025,11,CA-0001-no2025.XLS,4,58,PEP294015008,PEN,PUBLICA,0,,0,,0,,403.780644,5.2019351215346524e-05,1205.014126,4.233633257582223e-05,494.983436,0.00015528834667420292,0,,0,,0,,0,,0,,0,,2103.778206,1.7637361699850623e-05,,,,,,,,
2025,11,CA-0001-no2025.XLS,4,59,Inversiones Portuarias Chancay S.A.A,,,1020.8515386828,0.000616988355916901,14442.699505419901,0.0011065769542458928,18574.6411731023,0.004289524608032775,3134.8790475032006,0.00040386872578691504,29079.119833741002,0.001021650503285011,15490.9738839718,0.004859895398227501,4338.347781493,0.0008877548245348211,18259.908269702,0.0013369221121986386,18828.0472572852,0.005623765652930732,3254.9466975872,0.00048585164808668787,21985.460484677402,0.0009802820783442556,10446.4816761261,0.0037396114927048516,158856.3571492919,0.0013317977253362197,,,,,,,,
2025,11,CA-0001-no2025.XLS,4,60,PEP746351100,PEN,PUBLICA,0,,0,,0,,0.09710002470000001,1.2509466124602354e-08,0.6797001729,2.3880228414632106e-08,0.6724539023999999,2.1096514978798564e-07,0,,0,,0,,0,,0.8521614108,3.799595461946289e-08,0,,2.3014155108,1.929428571408353e-08,,,,,,,,
2025,11,CA-0001-no2025.XLS,4,61,PEP746354203,PEN,PUBLICA,1020.8515386828,0.000616988355916901,14442.699505419901,0.0011065769542458928,18574.6411731023,0.004289524608032775,3134.7819474785,0.00040385621632079045,29078.4401335681,0.0010216266230565962,15490.3014300694,0.004859684433077713,4338.347781493,0.0008877548245348211,18259.908269702,0.0013369221121986386,18828.0472572852,0.005623765652930732,3254.9466975872,0.00048585164808668787,21984.6083232666,0.0009802440823896363,10446.4816761261,0.0037396114927048516,158854.0557337811,0.0013317784310505057,,,,,,,,
2025,11,CA-0001-no2025.XLS,4,62,Servicios Públicos,,,5262.9136464427,0.0031808312129705907,102429.0206844295,0.007847950702902212,115153.1223938626,0.026592823387380927,23395.8709579347,0.003014106907882714,285884.25218132715,0.010044106967206541,49798.28798194921,0.015622934517596101,19496.6306508963,0.003989589768792165,48064.642372763396,0.003519113144160155,21772.324887117502,0.006503194474256661,9054.365677574198,0.0013515055377373393,173619.72907397922,0.007741311990113829,26284.736230229297,0.009409359508466778,880215.8967385056,0.007379431016282425,,,,,,,,
2025,11,CA-0001-no2025.XLS,4,63,Energía,,,5262.9136464427,0.0031808312129705907,102429.0206844295,0.007847950702902212,115153.1223938626,0.026592823387380927,23395.8709579347,0.003014106907882714,285884.25218132715,0.010044106967206541,49798.28798194921,0.015622934517596101,19496.6306508963,0.003989589768792165,48064.642372763396,0.003519113144160155,21772.324887117502,0.006503194474256661,9054.365677574198,0.0013515055377373393,173619.72907397922,0.007741311990113829,26284.736230229297,0.009409359508466778,880215.8967385056,0.007379431016282425,,,,,,,,
2025,11,CA-0001-no2025.XLS,4,64,Engie Energía Perú S.A.,,,882.638285419,0.0005334542036275394,50835.0035695381,0.003894898138533492,52431.5514208486,0.012108251672864074,8372.632935612,0.001078652332019111,155221.030611662,0.005453454057464889,28029.6688506219,0.008793589072015898,18023.7383634,0.003688192255244973,37860.373276977894,0.0027719947692219286,18703.8986388023,0.005586683595139913,7372.7906986591,0.0011005042001446669,156843.720331426,0.006993307611131964,23158.4538715904,0.008290218940353332,557735.5008545573,0.004675864943064809,,,,,,,,
2025,11,CA-0001-no2025.XLS,4,65,PEP702101002,PEN,PUBLICA,882.638285419,0.0005334542036275394,50835.0035695381,0.003894898138533492,52431.5514208486,0.012108251672864074,8372.632935612,0.001078652332019111,155221.030611662,0.005453454057464889,28029.6688506219,0.008793589072015898,18023.7383634,0.003688192255244973,37860.373276977894,0.0027719947692219286,18703.8986388023,0.005586683595139913,7372.7906986591,0.0011005042001446669,156843.720331426,0.006993307611131964,23158.4538715904,0.008290218940353332,557735.5008545573,0.004675864943064809,,,,,,,,
2025,11,CA-0001-no2025.XLS,4,66,Orygen Perú S.A.A.,,,3915.0457542105,0.002366198758290101,46522.7046406005,0.0035644965669442714,58455.86873139,0.013499474098607933,12999.6159418905,0.0016747498855983292,105920.59144761901,0.003721358355390923,19799.3084674515,0.006211524777574759,0,,0,,0,,0,,0,,94.833564969,3.394833786601319e-05,247707.96854813103,0.0020766994470987543,,,,,,,,
2025,11,CA-0001-no2025.XLS,4,67,PEP700511004,PEN,PUBLICA,3915.0457542105,0.002366198758290101,46522.7046406005,0.0035644965669442714,58455.86873139,0.013499474098607933,12999.6159418905,0.0016747498855983292,105920.59144761901,0.003721358355390923,19799.3084674515,0.006211524777574759,0,,0,,0,,0,,0,,94.833564969,3.394833786601319e-05,247707.96854813103,0.0020766994470987543,,,,,,,,
2025,11,CA-0001-no2025.XLS,4,68,Pluz Energía Perú S.A.A,,,465.2296068132,0.00028117825105294995,5071.3124742909,0.00038855599742444903,4265.702241624,0.0009850976159089186,2023.6220804322002,0.0002607046902652739,24742.630122046197,0.0008692945543507304,1969.3106638758002,0.000617820668005444,1472.8922874963,0.0003013975135471925,10204.269095785501,0.0007471183749382267,3068.4262483152,0.0009165108791167478,1681.5749789151,0.00025100133759267234,16776.0087425532,0.0007480043789818652,3031.4487936698997,0.0010851922302474322,74772.42733581751,0.0006268666261188617,,,,,,,,
2025,11,CA-0001-no2025.XLS,4,69,PEP701011004,PEN,PUBLICA,465.2296068132,0.00028117825105294995,5071.3124742909,0.00038855599742444903,4265.702241624,0.0009850976159089186,2023.6220804322002,0.0002607046902652739,24742.630122046197,0.0008692945543507304,1969.3106638758002,0.000617820668005444,1472.8922874963,0.0003013975135471925,10204.269095785501,0.0007471183749382267,3068.4262483152,0.0009165108791167478,1681.5749789151,0.00025100133759267234,16776.0087425532,0.0007480043789818652,3031.4487936698997,0.0010851922302474322,74772.42733581751,0.0006268666261188617,,,,,,,,
2025,11,CA-0001-no2025.XLS,4,70,Total general,,,69815.74291121961,0.04219565608089355,2229130.335284477,0.1707924655020721,1396546.1456417756,0.32251062091355565,295985.4170566177,0.03813201448182597,5145302.182101258,0.18077234090826144,1025717.6312315583,0.32179257632477304,177583.1064155851,0.03633877858959072,1866318.7199608975,0.13664486854329103,947957.829197451,0.28314634053218796,240948.0452007601,0.03596526018408598,4047667.4219164276,0.18047635779873422,825329.5635921657,0.29544989566505286,18268302.140510198,0.15315523831143527,,,,,,,,
2025,11,CA-0001-no2025.XLS,5,1, ,,,,,,,,,,,,,,,,,,,,,,,,,,,,,,,,,,,,
2025,11,CA-0001-no2025.XLS,5,2,INVERSIÓN EN ACCIONES LOCALES (UNIDADES),,,,,,,,,,,,,,,,,,,,,,,,,,,,,,,,,,,,
2025,11,CA-0001-no2025.XLS,5,3,Al 28-11-2025,,,,,,,,,,,,,,,,,,,,,,,,,,,,,,,,,,,,
2025,11,CA-0001-no2025.XLS,5,4,,,,,,,,,,,,,,,% sobre el emisor,,,,,,,,,,,,,,,,,,,,,,
2025,11,CA-0001-no2025.XLS,5,5,,HA01,HA02,HA03,IN01,IN02,IN03,PR01,PR02,PR03,RI01,RI02,RI03,TOTAL,,,,,,,,,,,,,,,,,,,,,,,
2025,11,CA-0001-no2025.XLS,5,6,Almacenes Comerciales,,,,,,,,,,,,,,,,,,,,,,,,,,,,,,,,,,,,
2025,11,CA-0001-no2025.XLS,5,7,InRetail Peru Corp.,,,,,,,,,,,,,,,,,,,,,,,,,,,,,,,,,,,,
2025,11,CA-0001-no2025.XLS,5,8,PAL1801171A1,58343,3132659,1664303,213561,5071980,896439,,1100930,739084,181537,5368380,812525,19239741,0.17692222307016475,,,,,,,,,,,,,,,,,,,,,,
2025,11,CA-0001-no2025.XLS,5,9,Bancos,,,,,,,,,,,,,,,,,,,,,,,,,,,,,,,,,,,,
2025,11,CA-0001-no2025.XLS,5,10,BANCO CONTINENTAL,,,,,,,,,,,,,,,,,,,,,,,,,,,,,,,,,,,,
2025,11,CA-0001-no2025.XLS,5,11,PEP116001004,,13055605,11423836,138339,28725885,8640781,3383159,,6664166,11572943,17638189,17663532,118906435,0.012322659118109345,,,,,,,,,,,,,,,,,,,,,,
2025,11,CA-0001-no2025.XLS,5,12,Industria,,,,,,,,,,,,,,,,,,,,,,,,,,,,,,,,,,,,
2025,11,CA-0001-no2025.XLS,5,13,Alimentos,,,,,,,,,,,,,,,,,,,,,,,,,,,,,,,,,,,,
2025,11,CA-0001-no2025.XLS,5,14,ALICORP S.A.,,,,,,,,,,,,,,,,,,,,,,,,,,,,,,,,,,,,
2025,11,CA-0001-no2025.XLS,5,15,PEP214001005,,,,,8565774,773102,,,,,,380841,9719717,0.017064918627832583,,,,,,,,,,,,,,,,,,,,,,
2025,11,CA-0001-no2025.XLS,5,16,Cemento,,,,,,,,,,,,,,,,,,,,,,,,,,,,,,,,,,,,
2025,11,CA-0001-no2025.XLS,5,17,CEMENTOS PACASMAYO S.A.A.,,,,,,,,,,,,,,,,,,,,,,,,,,,,,,,,,,,,
2025,11,CA-0001-no2025.XLS,5,18,PEP239501005,202502,6504221,12301710,3641828,14813828,4731427,3645094,6326856,3626624,1616397,15429633,3527903,76368023,0.18016916139941333,,,,,,,,,,,,,,,,,,,,,,
2025,11,CA-0001-no2025.XLS,5,19,US15126Q2084,7594,94553,92996,157779,2010577,594167,,,,231885,473985,410746,4074282,0.048060689584233034,,,,,,,,,,,,,,,,,,,,,,
2025,11,CA-0001-no2025.XLS,5,20,UNACEM CORP S.A.A.,,,,,,,,,,,,,,,,,,,,,,,,,,,,,,,,,,,,
2025,11,CA-0001-no2025.XLS,5,21,PEP761001002,1525230,34796818,21104597,4159840,65610347,7911149,,,,,24148511,,159256492,0.08759368211365885,,,,,,,,,,,,,,,,,,,,,,
2025,11,CA-0001-no2025.XLS,5,22,Maquinaria,,,,,,,,,,,,,,,,,,,,,,,,,,,,,,,,,,,,
2025,11,CA-0001-no2025.XLS,5,23,Ferreycorp S.A.A.,,,,,,,,,,,,,,,,,,,,,,,,,,,,,,,,,,,,
2025,11,CA-0001-no2025.XLS,5,24,PEP736001004,3071343,39423932,45064935,18931416,95595436,28487421,10180437,39956180,16628198,11160185,68388700,21673192,398561375,0.4212840515591384,,,,,,,,,,,,,,,,,,,,,,
2025,11,CA-0001-no2025.XLS,5,25,Otros ,,,,,,,,,,,,,,,,,,,,,,,,,,,,,,,,,,,,
2025,11,CA-0001-no2025.XLS,5,26,Fossal S.A.A.,,,,,,,,,,,,,,,,,,,,,,,,,,,,,,,,,,,,
2025,11,CA-0001-no2025.XLS,5,27,PEP736211009,15,294,184,,,,,,,47,313,228,1081,0.00024104864410695156,,,,,,,,,,,,,,,,,,,,,,
2025,11,CA-0001-no2025.XLS,5,28,US34988L6039,1,22,21,76,871,462,42,427,240,,,,2162,,,,,,,,,,,,,,,,,,,,,,,
2025,11,CA-0001-no2025.XLS,5,29,Inmobiliaria y Construccion,,,,,,,,,,,,,,,,,,,,,,,,,,,,,,,,,,,,
2025,11,CA-0001-no2025.XLS,5,30,AENZA S.A.A. (antes GRANA & MONTERO S.A.A.),,,,,,,,,,,,,,,,,,,,,,,,,,,,,,,,,,,,
2025,11,CA-0001-no2025.XLS,5,31,PEP736581005,2363411,49968132,140358134,4221102,64886535,110236573,7499593,60595451,121622364,10459490,117260224,89491420,778962429,0.43599670519924794,,,,,,,,,,,,,,,,,,,,,,
2025,11,CA-0001-no2025.XLS,5,32,Minería,,,,,,,,,,,,,,,,,,,,,,,,,,,,,,,,,,,,
2025,11,CA-0001-no2025.XLS,5,33,CIA MINERA BUENAVENTURA,,,,,,,,,,,,,,,,,,,,,,,,,,,,,,,,,,,,
2025,11,CA-0001-no2025.XLS,5,34,PEP612001003,,,,,1000,,,,,,,,1000,3.6378197696325894e-06,,,,,,,,,,,,,,,,,,,,,,
2025,11,CA-0001-no2025.XLS,5,35,US2044481040,73838,5691102,3038828,352369,11206814,2056037,,2656891,1455900,331014,8784295,1966315,37613403,0.13683078103655774,,,,,,,,,,,,,,,,,,,,,,
2025,11,CA-0001-no2025.XLS,5,36,SOCIEDAD MINERA CERRO VERDE,,,,,,,,,,,,,,,,,,,,,,,,,,,,,,,,,,,,
2025,11,CA-0001-no2025.XLS,5,37,PEP646501002,53004,652736,414567,103746,624843,138602,,,,,21398,,2008896,0.005738784454871753,,,,,,,,,,,,,,,,,,,,,,
2025,11,CA-0001-no2025.XLS,5,38,HOCHSCHILD MINING PLC,,,,,,,,,,,,,,,,,,,,,,,,,,,,,,,,,,,,
2025,11,CA-0001-no2025.XLS,5,39,GB00B1FW5029,,,168224,1080000,9592274,2981760,1419850,11875229,5551337,,2202371,1590754,36461799,0.07087414012877916,,,,,,,,,,,,,,,,,,,,,,
2025,11,CA-0001-no2025.XLS,5,40,HudBay Minerals Inc.,,,,,,,,,,,,,,,,,,,,,,,,,,,,,,,,,,,,
2025,11,CA-0001-no2025.XLS,5,41,CA4436281022,,,,,250736,427264,477807,4504279,2334135,,,,7994221,0.020179852239754888,,,,,,,,,,,,,,,,,,,,,,
2025,11,CA-0001-no2025.XLS,5,42,MINSUR,,,,,,,,,,,,,,,,,,,,,,,,,,,,,,,,,,,,
2025,11,CA-0001-no2025.XLS,5,43,PEP622005002,2494298,52553385,50127516,10592117,146852693,34307356,4031803,51457822,29576664,14270999,146865673,34984642,578114968,0.6015759237005454,,,,,,,,,,,,,,,,,,,,,,
2025,11,CA-0001-no2025.XLS,5,44,Nexa Resources Perú S.A.A.,,,,,,,,,,,,,,,,,,,,,,,,,,,,,,,,,,,,
2025,11,CA-0001-no2025.XLS,5,45,PEP620001003,8880,4698630,2383905,8322784,97574219,16314076,2028854,8386418,,11953,811930,10950,140552599,0.1117488471932166,,,,,,,,,,,,,,,,,,,,,,
2025,11,CA-0001-no2025.XLS,5,46,Nexa Resources S.A. Peru,,,,,,,,,,,,,,,,,,,,,,,,,,,,,,,,,,,,
2025,11,CA-0001-no2025.XLS,5,47,LU1701428291,45940,2868122,2405309,275086,4348939,1339195,,,,626418,14503934,1459764,27872707,0.21045756059764173,,,,,,,,,,,,,,,,,,,,,,
2025,11,CA-0001-no2025.XLS,5,48,VOLCAN CIA MINERA,,,,,,,,,,,,,,,,,,,,,,,,,,,,,,,,,,,,
2025,11,CA-0001-no2025.XLS,5,49,PEP648011109,,,,67,469,464,,,,,588,,1588,9.721965541958778e-07,,,,,,,,,,,,,,,,,,,,,,
2025,11,CA-0001-no2025.XLS,5,50,PEP648014202,6675634,62861317,85895992,2632065,99466642,39162232,,,,42170,15523419,33482447,345741918,0.14151437258353033,,,,,,,,,,,,,,,,,,,,,,
2025,11,CA-0001-no2025.XLS,5,51,Otras Empresas Financieras,,,,,,,,,,,,,,,,,,,,,,,,,,,,,,,,,,,,
2025,11,CA-0001-no2025.XLS,5,52,CONSORCIO CREDICORP,,,,,,,,,,,,,,,,,,,,,,,,,,,,,,,,,,,,
2025,11,CA-0001-no2025.XLS,5,53,BMG2519Y1084,12524,529010,193018,24500,1395962,197767,26127,694012,288721,37185,1123476,175584,4697886,0.059142004683133166,,,,,,,,,,,,,,,,,,,,,,
2025,11,CA-0001-no2025.XLS,5,54,Intercorp Financial Services Inc.,,,,,,,,,,,,,,,,,,,,,,,,,,,,,,,,,,,,
2025,11,CA-0001-no2025.XLS,5,55,PAL2400671A3,26064,1694779,120996,39219,2475469,152432,,,,53583,1966600,155531,6684673,0.05790217310946112,,,,,,,,,,,,,,,,,,,,,,
2025,11,CA-0001-no2025.XLS,5,56,Otros,,,,,,,,,,,,,,,,,,,,,,,,,,,,,,,,,,,,
2025,11,CA-0001-no2025.XLS,5,57,EDITORA EL COMERCIO,,,,,,,,,,,,,,,,,,,,,,,,,,,,,,,,,,,,
2025,11,CA-0001-no2025.XLS,5,58,PEP294015008,,,,1337022,3990113,1639018,,,,,,,6966153,0.19461315576152918,,,,,,,,,,,,,,,,,,,,,,
2025,11,CA-0001-no2025.XLS,5,59,Inversiones Portuarias Chancay S.A.A,,,,,,,,,,,,,,,,,,,,,,,,,,,,,,,,,,,,
2025,11,CA-0001-no2025.XLS,5,60,PEP746351100,,,,67,469,464,,,,,588,,1588,9.721965541958778e-07,,,,,,,,,,,,,,,,,,,,,,
2025,11,CA-0001-no2025.XLS,5,61,PEP746354203,8155284,115378497,148387369,25042855,232299143,123747482,34657790,145873060,150411756,26002816,175628598,83453883,1269038533,0.519425566968188,,,,,,,,,,,,,,,,,,,,,,
2025,11,CA-0001-no2025.XLS,5,62,Servicios Públicos,,,,,,,,,,,,,,,,,,,,,,,,,,,,,,,,,,,,
2025,11,CA-0001-no2025.XLS,5,63,Energía,,,,,,,,,,,,,,,,,,,,,,,,,,,,,,,,,,,,
2025,11,CA-0001-no2025.XLS,5,64,Engie Energía Perú S.A.,,,,,,,,,,,,,,,,,,,,,,,,,,,,,,,,,,,,
2025,11,CA-0001-no2025.XLS,5,65,PEP702101002,248870,14333513,14783678,2360760,43766352,7903287,5082000,10675167,5273779,2078843,44223888,6529792,157259929,0.2615027788607171,,,,,,,,,,,,,,,,,,,,,,
2025,11,CA-0001-no2025.XLS,5,66,Orygen Perú S.A.A.,,,,,,,,,,,,,,,,,,,,,,,,,,,,,,,,,,,,
2025,11,CA-0001-no2025.XLS,5,67,PEP700511004,1623013,19286353,24233340,5389093,43910214,8207959,,,,,,39314,102689286,0.03275693719757386,,,,,,,,,,,,,,,,,,,,,,
2025,11,CA-0001-no2025.XLS,5,68,Pluz Energía Perú S.A.A,,,,,,,,,,,,,,,,,,,,,,,,,,,,,,,,,,,,
2025,11,CA-0001-no2025.XLS,5,69,PEP701011004,391396,4266477,3588720,1702466,20815886,1656774,1239139,8584815,2581456,1414703,14113596,2550347,62905775,0.02074012630273696,,,,,,,,,,,,,,,,,,,,,,
2025,11,CA-0001-no2025.XLS,6,1,INVERSIÓN EN BONOS LOCALES,,,,,,,,,,,,,,,,,,,,,,,,,,,,,,,,,,,,
2025,11,CA-0001-no2025.XLS,6,2,(En miles de Soles),,,,,,,,,,,,,,,,,,,,,,,,,,,,,,,,,,,,
2025,11,CA-0001-no2025.XLS,6,3,Al 28-11-2025,,,,,,,,,,,,,,,,,,,,,,,,,,,,,,,,,,,,
2025,11,CA-0001-no2025.XLS,6,4,,Moneda,Tasa cupón (%) *,Plazo remanente,Tipo Oferta,HA00,,HA01,,HA02,,HA03,,IN00,,IN01,,IN02,,PR00,,PR01,,PR02,,PR03,,RI00,,RI01,,RI02,,RI03,,TOTAL,
2025,11,CA-0001-no2025.XLS,6,5,,,,,,Monto,%,Monto,%,Monto,%,Monto,%,Monto,%,Monto,%,Monto,%,Monto,%,Monto,%,Monto,%,Monto,%,Monto,%,Monto,%,Monto,%,Monto,%,Monto,%
2025,11,CA-0001-no2025.XLS,6,6,Almacenes Comerciales,,,,,0,,16355.58735664,0.009885087665390802,70879.47755552,0.005430674256048443,0,,0,,82134.51403113839,0.010581448605266962,27124.94647975,0.0009529936043820906,0,,0,,27124.94647975,0.0019859870162192345,0,,0,,64288.9415608625,0.009596128942525341,131708.7564185974,0.0058725962809895865,0,,419617.1698822583,0.003517927783248961
2025,11,CA-0001-no2025.XLS,6,7,InRetail Shopping Malls,,,,,0,,16355.58735664,0.009885087665390802,34755.62313286,0.0026629212616966474,0,,0,,82134.51403113839,0.010581448605266962,27124.94647975,0.0009529936043820906,0,,0,,27124.94647975,0.0019859870162192345,0,,0,,64288.9415608625,0.009596128942525341,131708.7564185974,0.0058725962809895865,0,,383493.3154595983,0.0032150776612027763
2025,11,CA-0001-no2025.XLS,6,8,CVL800700S24,PEN,7.125,6.898630136986301,PRIVADA,0,,16355.58735664,0.009885087665390802,34755.62313286,0.0026629212616966474,0,,0,,61333.452587399996,0.007901632876175622,0,,0,,0,,0,,0,,0,,35777.84734265,0.005340402689022757,66444.57363635,0.002962613622959322,0,,214667.0840559,0.0017996958974800528
2025,11,CA-0001-no2025.XLS,6,9,CVL800707107,PEN,7.875,8.66027397260274,PRIVADA,0,,0,,0,,0,,0,,0,,27124.94647975,0.0009529936043820906,0,,0,,27124.94647975,0.0019859870162192345,0,,0,,0,,0,,0,,54249.8929595,0.00045481267063990176
2025,11,CA-0001-no2025.XLS,6,10,USP56243AE14,USD,5.65,6.887671232876713,PUBLICA,0,,0,,0,,0,,0,,20801.0614437384,0.0026798157290913406,0,,0,,0,,0,,0,,0,,28511.0942182125,0.004255726253502584,65264.1827822474,0.002909982658030264,0,,114576.3384441983,0.0009605690930828218
2025,11,CA-0001-no2025.XLS,6,11,Inverfal Perú S.A.,,,,,0,,0,,36123.85442266,0.0027677529943517954,0,,0,,0,,0,,0,,0,,0,,0,,0,,0,,0,,0,,36123.85442266,0.00030285012204618454
2025,11,CA-0001-no2025.XLS,6,12,PEP74190M059,PEN,5.78125,2.197260273972603,PUBLICA,0,,0,,36123.85442266,0.0027677529943517954,0,,0,,0,,0,,0,,0,,0,,0,,0,,0,,0,,0,,36123.85442266,0.00030285012204618454
2025,11,CA-0001-no2025.XLS,6,13,Bancos,,,,,22812.65977784,0.08974829079481898,105050.978956962,0.06349133868941192,329143.54430922755,0.02521846145415692,0,,300750.8677928803,0.10509434149096368,186987.25210282323,0.024089702377930983,434284.04351263755,0.015257907191142657,158354.892106691,0.08702499556134877,23457.0858572,0.004800016547334155,90555.47009480001,0.00663013244985247,0,,290434.79935871786,0.13953397790815117,35656.9242532578,0.0053223530286960665,132416.5065016,0.005904153260330439,0,,2109905.0246246373,0.01768872686555294
2025,11,CA-0001-no2025.XLS,6,14,Banco BCI Peru S.A.,,,,,2930.5553031,0.011529226845718592,0,,0,,0,,51007.609116674794,0.017824091848796044,0,,0,,0,,0,,0,,0,,96763.69629,0.046488311628813186,0,,0,,0,,150701.86070977483,0.0012634331977573524
2025,11,CA-0001-no2025.XLS,6,15,CVL11700Q035,PEN,4.49004,0.7287671232876712,PRIVADA,0,,0,,0,,0,,0,,0,,0,,0,,0,,0,,0,,96763.69629,0.046488311628813186,0,,0,,0,,96763.69629,0.0008112339532816817
2025,11,CA-0001-no2025.XLS,6,16,PEP11700Q029,PEN,4.594008,0.5178082191780822,PUBLICA,2930.5553031,0.011529226845718592,0,,0,,0,,31771.1268926748,0.011102098170872009,0,,0,,0,,0,,0,,0,,0,,0,,0,,0,,34701.6821957748,0.0002909271132929242
2025,11,CA-0001-no2025.XLS,6,17,PEP11700Q037,PEN,4.468754,0.863013698630137,PUBLICA,0,,0,,0,,0,,19236.482224,0.006721993677924035,0,,0,,0,,0,,0,,0,,0,,0,,0,,0,,19236.482224,0.00016127213118274645
2025,11,CA-0001-no2025.XLS,6,18,BANCO FALABELLA,,,,,0,,0,,0,,0,,0,,0,,0,,0,,0,,0,,0,,9630.833235,0.00462695405239579,0,,0,,0,,9630.833235,8.074163367230809e-05
2025,11,CA-0001-no2025.XLS,6,19,PEP14150Q883,PEN,4.499981,0.8246575342465754,PUBLICA,0,,0,,0,,0,,0,,0,,0,,0,,0,,0,,0,,9630.833235,0.00462695405239579,0,,0,,0,,9630.833235,8.074163367230809e-05
2025,11,CA-0001-no2025.XLS,6,20,BANCO RIPLEY,,,,,770.8451336597001,0.0030326158320506157,0,,0,,0,,0,,0,,0,,38520.1776816473,0.02116902261225487,0,,0,,0,,0,,0,,0,,0,,39291.022815307,0.00032940258577365106
2025,11,CA-0001-no2025.XLS,6,21,PEP14300Q843,PEN,4.68748,0.8657534246575342,PUBLICA,770.8451336597001,0.0030326158320506157,0,,0,,0,,0,,0,,0,,38520.1776816473,0.02116902261225487,0,,0,,0,,0,,0,,0,,0,,39291.022815307,0.00032940258577365106
2025,11,CA-0001-no2025.XLS,6,22,Compartamos Ban,,,,,2207.7313817245,0.008685533382491829,0,,0,,0,,32150.634784286,0.011234713355832905,0,,0,,0,,0,,0,,0,,9484.631365581401,0.004556714093332245,0,,0,,0,,43842.99753159191,0.0003675647952169843
2025,11,CA-0001-no2025.XLS,6,23,PEP16820Q269,PEN,4.718728,0.18082191780821918,PUBLICA,1487.73440115,0.005852961511729014,0,,0,,0,,15373.25547855,0.005372028260291555,0,,0,,0,,0,,0,,0,,0,,0,,0,,0,,16860.989879700002,0.00014135681046492874
2025,11,CA-0001-no2025.XLS,6,24,PEP16820Q277,PEN,4.437551,0.7561643835616438,PUBLICA,719.9969805745001,0.0028325718707628146,0,,0,,0,,16777.379305736,0.005862685095541351,0,,0,,0,,0,,0,,0,,9484.631365581401,0.004556714093332245,0,,0,,0,,26982.0076518919,0.00022620798475205556
2025,11,CA-0001-no2025.XLS,6,25,BANCO CONTINENTAL,,,,,483.92753045,0.0019038406371463237,0,,0,,0,,0,,0,,0,,0,,0,,0,,0,,0,,0,,0,,0,,483.92753045,4.057083996173943e-06
2025,11,CA-0001-no2025.XLS,6,26,PEP11600Q187,PEN,4.375018,0.736986301369863,PUBLICA,483.92753045,0.0019038406371463237,0,,0,,0,,0,,0,,0,,0,,0,,0,,0,,0,,0,,0,,0,,483.92753045,4.057083996173943e-06
2025,11,CA-0001-no2025.XLS,6,27,BANCO DE CREDITO DEL PERU,,,,,0,,80993.010010818,0.048951039591725566,235174.8082479139,0.018018724472435275,0,,0,,58719.369388372004,0.007564858654684276,296166.98664280295,0.010405375151999513,0,,3272.873334,0.0006697271031945628,9818.620002,0.0007188825922926649,0,,0,,23830.277658341798,0.0035570412514746154,132416.5065016,0.005904153260330439,0,,840392.4517858485,0.007045564784204868
2025,11,CA-0001-no2025.XLS,6,28,US05971V2F13,PEN,7.8500000000000005,3.1232876712328768,PUBLICA,0,,61619.477216996,0.03724194802079487,183065.988021734,0.014026228502163651,0,,0,,2006.271353742,0.00025846938364780514,169961.40319239802,0.005971334555630576,0,,3272.873334,0.0006697271031945628,9818.620002,0.0007188825922926649,0,,0,,0,,0,,0,,429744.63312087,0.0036028329941366413
2025,11,CA-0001-no2025.XLS,6,29,US05971V2H78,USD,5.8,9.284931506849315,PUBLICA,0,,0,,0,,0,,0,,49873.452670900006,0.006425232832135236,99529.8995045,0.0034968311455800117,0,,0,,0,,0,,0,,0,,0,,0,,149403.3521754,0.0012525469433861485
2025,11,CA-0001-no2025.XLS,6,30,US05971V2J35,USD,6.45,9.673972602739726,PUBLICA,0,,5797.515310909999,0.0035039369629562473,14774.7721481719,0.001132019838622667,0,,0,,6839.64536373,0.0008811564389012353,26675.683945905,0.0009372094507889247,0,,0,,0,,0,,0,,23830.277658341798,0.0035570412514746154,88918.94648635,0.003964695200565404,0,,166836.8409134087,0.0013987033897670423
2025,11,CA-0001-no2025.XLS,6,31,US05971V2K08,USD,5.65,11.139726027397261,PUBLICA,0,,13576.017482912,0.008205154607974446,37334.048078008,0.0028604761316489567,0,,0,,0,,0,,0,,0,,0,,0,,0,,0,,43497.56001525,0.0019394580597650345,0,,94407.62557617,0.0007914814569150352
2025,11,CA-0001-no2025.XLS,6,32,Banco GNB Perú S.A.,,,,,1762.2401193828,0.006932906562622621,0,,0,,0,,53336.200767795,0.01863779459210572,0,,0,,9912.982803227,0.005447746343506273,0,,0,,0,,57966.4284692335,0.027848888519211353,0,,0,,0,,122977.85215963832,0.0010310045295764876
2025,11,CA-0001-no2025.XLS,6,33,PEP16900Q087,PEN,4.68748,0.33424657534246577,PUBLICA,492.39930475,0.0019371698179971707,0,,0,,0,,11301.548842622,0.0039492116586718595,0,,0,,9912.982803227,0.005447746343506273,0,,0,,0,,49239.930475,0.02365640545233553,0,,0,,0,,70946.861425599,0.0005947943813010817
2025,11,CA-0001-no2025.XLS,6,34,PEP16900Q095,PEN,4.59376,0.5808219178082191,PUBLICA,1269.8408146328,0.0049957367446254505,0,,0,,0,,14163.9836264065,0.004949460472151035,0,,0,,0,,0,,0,,0,,0,,0,,0,,0,,15433.8244410393,0.00012939194032063523
2025,11,CA-0001-no2025.XLS,6,35,PEP16900Q103,PEN,4.499981,0.8246575342465754,PUBLICA,0,,0,,0,,0,,27870.6682987665,0.009739122461282827,0,,0,,0,,0,,0,,0,,8726.4979942335,0.0041924830668758255,0,,0,,0,,36597.166292999995,0.00030681820795477074
2025,11,CA-0001-no2025.XLS,6,36,BANCO INTERAMERICANO DE FINANZAS,,,,,5334.521910973001,0.020986777884725447,0,,0,,0,,81536.5677653745,0.02849212692093261,20455.601578,0.0026353098857487055,5113.9003945,0.00017966908701714303,45611.817127316695,0.025066280746005882,0,,0,,0,,58797.914881903,0.02824836064511544,0,,0,,0,,216850.3236580672,0.0018179994365275815
2025,11,CA-0001-no2025.XLS,6,37,PEP12100D292,PEN,7.0625,3.254794520547945,PUBLICA,0,,0,,0,,0,,0,,20455.601578,0.0026353098857487055,5113.9003945,0.00017966908701714303,0,,0,,0,,0,,0,,0,,0,,0,,25569.501972500006,0.00021436601704867482
2025,11,CA-0001-no2025.XLS,6,38,PEP12100Q211,PEN,4.749992,0.1232876712328767,PUBLICA,2417.2944668729997,0.00950998475681324,0,,0,,0,,12429.5272875,0.0043433722898627665,0,,0,,0,,0,,0,,0,,42695.923413653996,0.020512459414378664,0,,0,,0,,57542.745168026995,0.0004824188247773987
2025,11,CA-0001-no2025.XLS,6,39,PEP12100Q229,PEN,4.674202,0.36164383561643837,PUBLICA,0,,0,,0,,0,,32641.697426624498,0.011406310217401792,0,,0,,45611.817127316695,0.025066280746005882,0,,0,,0,,16101.991468249,0.007735901230736776,0,,0,,0,,94355.5060221902,0.0007910445042825975
2025,11,CA-0001-no2025.XLS,6,40,PEP12100Q237,PEN,4.562478,0.5643835616438356,PUBLICA,1949.29562,0.007668809856129437,0,,0,,0,,24366.19525,0.00851451988561683,0,,0,,0,,0,,0,,0,,0,,0,,0,,0,,26315.49087,0.00022062013450827945
2025,11,CA-0001-no2025.XLS,6,41,PEP12100Q245,PEN,4.406251,0.7178082191780822,PUBLICA,967.9318241,0.0038079832717827704,0,,0,,0,,12099.14780125,0.004227924528051225,0,,0,,0,,0,,0,,0,,0,,0,,0,,0,,13067.079625350001,0.00010954995591063108
2025,11,CA-0001-no2025.XLS,6,42,BANCO INTERNACIONAL DEL PERU,,,,,6403.649909050001,0.02519288148696759,24057.968946144,0.014540299097686359,93333.822162532,0.007151090875911685,0,,63223.09671675,0.022092670139998324,107812.2811364512,0.013889533837498,133003.1564753346,0.004672862952125999,49937.784775,0.02744364534983848,20184.2125232,0.004130289444139593,80736.8500928,0.005911249857559805,0,,28956.355620000002,0.013911540539573325,0,,0,,0,,607649.1783572619,0.005094324256586614
2025,11,CA-0001-no2025.XLS,6,43,CVL14800A109,PEN,5,0.8410958904109589,PRIVADA,0,,10092.1062616,0.006099527516133781,40368.4250464,0.0030929653295622027,0,,0,,75690.796962,0.009751299893750632,55506.5844388,0.0019501391462932909,0,,20184.2125232,0.004130289444139593,80736.8500928,0.005911249857559805,0,,0,,0,,0,,0,,282578.9753248,0.0023690461201482105
2025,11,CA-0001-no2025.XLS,6,44,PEP14800Q040,PEN,4.59376,0.0273972602739726,PUBLICA,2996.2670865,0.011787746470464768,0,,0,,0,,21972.625301,0.007678111134916395,0,,0,,49937.784775,0.02744364534983848,0,,0,,0,,0,,0,,0,,0,,74906.67716250001,0.0006279921310530742
2025,11,CA-0001-no2025.XLS,6,45,PEP14800Q057,PEN,4.562753,0.5945205479452055,PUBLICA,3407.38282255,0.013405135016502822,0,,0,,0,,26772.293605749997,0.009355306561032777,0,,0,,0,,0,,0,,0,,0,,0,,0,,0,,30179.676428299997,0.000253016153334171
2025,11,CA-0001-no2025.XLS,6,46,PEP14800Q065,PEN,4.468754,0.7863013698630137,PUBLICA,0,,0,,0,,0,,14478.177810000001,0.005059252444049152,0,,0,,0,,0,,0,,0,,28956.355620000002,0.013911540539573325,0,,0,,0,,43434.53343,0.00036414037096891747
2025,11,CA-0001-no2025.XLS,6,47,USP13435AF20,USD,7.625,8.139726027397261,PUBLICA,0,,0,,11067.8090625,0.0008479981486812956,0,,0,,0,,0,,0,,0,,0,,0,,0,,0,,0,,0,,11067.8090625,9.278875078345458e-05
2025,11,CA-0001-no2025.XLS,6,48,USP13435AG03,USD,6.397,9.424657534246576,PUBLICA,0,,13965.862684544001,0.008440771581552578,41897.588053632,0.0032101273976681867,0,,0,,32121.484174451198,0.004138233943747368,77496.5720365346,0.002722723805832708,0,,0,,0,,0,,0,,0,,0,,0,,165481.5069491618,0.0013873407302987869
2025,11,CA-0001-no2025.XLS,6,49,BANCO MIBANCO,,,,,2919.1884895000003,0.011484508163095961,0,,634.9138987816,4.8646105809960994e-05,0,,19496.758642,0.006812944633298085,0,,0,,14372.129719499999,0.007898300509743258,0,,0,,0,,28834.939497000003,0.013853208429709827,11826.646594916001,0.0017653117772214514,0,,0,,78084.5768416976,0.0006546345622409212
2025,11,CA-0001-no2025.XLS,6,50,PEP13300D073,PEN,7.21875,1.536986301369863,PUBLICA,0,,0,,634.9138987816,4.8646105809960994e-05,0,,0,,0,,0,,0,,0,,0,,0,,0,,1437.3457969160002,0.00021454631647878283,0,,0,,2072.2596956976,1.7373121218197926e-05
2025,11,CA-0001-no2025.XLS,6,51,PEP13300D107,PEN,7,9.73150684931507,PUBLICA,0,,0,,0,,0,,0,,0,,0,,0,,0,,0,,0,,0,,10389.300798,0.0015507654607426686,0,,0,,10389.300798,8.710036802371588e-05
2025,11,CA-0001-no2025.XLS,6,52,PEP13300Q422,PEN,4.59376,0.5616438356164384,PUBLICA,2437.09483025,0.00958788223950521,0,,0,,0,,19496.758642,0.006812944633298085,0,,0,,0,,0,,0,,0,,0,,0,,0,,0,,21933.85347225,0.00018388597526977036
2025,11,CA-0001-no2025.XLS,6,53,PEP13300Q430,PEN,4.499981,0.8054794520547945,PUBLICA,482.09365925000003,0.0018966259235907513,0,,0,,0,,0,,0,,0,,0,,0,,0,,0,,14462.8097775,0.0069483869854416675,0,,0,,0,,14944.90343675,0.00012529299273637424
2025,11,CA-0001-no2025.XLS,6,54,PEP13300Q448,PEN,4.531213999999999,0.9452054794520548,PUBLICA,0,,0,,0,,0,,0,,0,,0,,14372.129719499999,0.007898300509743258,0,,0,,0,,14372.129719499999,0.00690482144426816,0,,0,,0,,28744.259438999998,0.00024098210499286276
2025,11,CA-0001-no2025.XLS,6,55,Compañías de Seguros,,,,,0,,26976.0885941396,0.01630396969596818,50786.0369262148,0.003891146391222817,0,,0,,0,,0,,0,,0,,29195.5221838741,0.0021375868163353144,0,,0,,0,,0,,0,,106957.6477042285,0.0008966965784437239
2025,11,CA-0001-no2025.XLS,6,56,INTERSEGURO,,,,,0,,10380.238313184,0.006273670488013077,0,,0,,0,,0,,0,,0,,0,,0,,0,,0,,0,,0,,0,,10380.238313184,8.702439123008652e-05
2025,11,CA-0001-no2025.XLS,6,57,PEP66450D098,USD,6.75,8.983561643835616,PUBLICA,0,,10380.238313184,0.006273670488013077,0,,0,,0,,0,,0,,0,,0,,0,,0,,0,,0,,0,,0,,10380.238313184,8.702439123008652e-05
2025,11,CA-0001-no2025.XLS,6,58,Pacifico S.A. Entidad Prestadora de Salud,,,,,0,,0,,0.8042228776,6.161829387196696e-08,0,,0,,0,,0,,0,,0,,0,,0,,0,,0,,0,,0,,0.8042228776,6.742331363197845e-09
2025,11,CA-0001-no2025.XLS,6,59,PEP75455M014,PEN,6.59375,11.841095890410958,PRIVADA,0,,0,,0.8042228776,6.161829387196696e-08,0,,0,,0,,0,,0,,0,,0,,0,,0,,0,,0,,0,,0.8042228776,6.742331363197845e-09
2025,11,CA-0001-no2025.XLS,6,60,Pacifico Compañía de Seguros y Reaseguros,,,,,0,,16595.8502809556,0.010030299207955102,50785.2327033372,0.003891084772928945,0,,0,,0,,0,,0,,0,,29195.5221838741,0.0021375868163353144,0,,0,,0,,0,,0,,96576.60516816689,0.0008096654448822742
2025,11,CA-0001-no2025.XLS,6,61,PEP66950D014,USD,4.40625,5.057534246575343,PUBLICA,0,,16519.2338310153,0.009983993299903232,45100.292117763696,0.003455513553303969,0,,0,,0,,0,,0,,0,,29195.5221838741,0.0021375868163353144,0,,0,,0,,0,,0,,90815.0481326531,0.0007613625082419676
2025,11,CA-0001-no2025.XLS,6,62,PEP66950D030,USD,8,7.50958904109589,PUBLICA,0,,76.61644994029999,4.630590805186951e-05,5684.9405855735,0.0004355712196249761,0,,0,,0,,0,,0,,0,,0,,0,,0,,0,,0,,0,,5761.5570355138,4.830293664030666e-05
2025,11,CA-0001-no2025.XLS,6,63,Financieras,,,,,4925.84177045,0.01937897132245187,8886.22883504,0.005370712107959391,6664.67162628,0.0005106366733234561,0,,85218.37908368111,0.029778698556888403,0,,0,,30090.1370772277,0.01653623712377543,0,,0,,0,,194609.6444098357,0.09349657094725854,0,,0,,0,,330394.90280251455,0.00276991861019162
2025,11,CA-0001-no2025.XLS,6,64,Financiera Efectiva S.A.,,,,,988.667692,0.0038895611640713287,0,,0,,0,,0,,0,,0,,0,,0,,0,,0,,27408.834425316,0.013168062868618562,0,,0,,0,,28397.502117316,0.00023807500942206084
2025,11,CA-0001-no2025.XLS,6,65,PEP16830Q102,PEN,4.656262,0.25753424657534246,PUBLICA,988.667692,0.0038895611640713287,0,,0,,0,,0,,0,,0,,0,,0,,0,,0,,27408.834425316,0.013168062868618562,0,,0,,0,,28397.502117316,0.00023807500942206084
2025,11,CA-0001-no2025.XLS,6,66,InFinance XP SA,,,,,0,,8886.22883504,0.005370712107959391,6664.67162628,0.0005106366733234561,0,,0,,0,,0,,30090.1370772277,0.01653623712377543,0,,0,,0,,143786.95654995908,0.06907975925413172,0,,0,,0,,189427.99408850682,0.001588099942421478
2025,11,CA-0001-no2025.XLS,6,67,CVL16870D013,PEN,10.3,7.441095890410959,PRIVADA,0,,8886.22883504,0.005370712107959391,6664.67162628,0.0005106366733234561,0,,0,,0,,0,,0,,0,,0,,0,,0,,0,,0,,0,,15550.90046132,0.0001303734658969439
2025,11,CA-0001-no2025.XLS,6,68,CVL16870H329,PEN,4.8,0.23013698630136986,PRIVADA,0,,0,,0,,0,,0,,0,,0,,0,,0,,0,,0,,103668.330938751,0.049805514459431065,0,,0,,0,,103668.330938751,0.0008691200642595527
2025,11,CA-0001-no2025.XLS,6,69,CVL16870H410,PEN,4.65,0.9068493150684932,PRIVADA,0,,0,,0,,0,,0,,0,,0,,0,,0,,0,,0,,40118.6256112081,0.01927424479470066,0,,0,,0,,40118.6256112081,0.00033634092642832915
2025,11,CA-0001-no2025.XLS,6,70,CVL16870H428,PEN,4.7,0.9068493150684932,PRIVADA,0,,0,,0,,0,,0,,0,,0,,30090.1370772277,0.01653623712377543,0,,0,,0,,0,,0,,0,,0,,30090.1370772277,0.0002522654858366525
2025,11,CA-0001-no2025.XLS,6,71,Santander Consu,,,,,3937.17407845,0.01548941015838054,0,,0,,0,,85218.37908368111,0.029778698556888403,0,,0,,0,,0,,0,,0,,23413.853434560602,0.011248748824508251,0,,0,,0,,112569.4065966917,0.0009437436583480808
2025,11,CA-0001-no2025.XLS,6,72,PEP16920Q218,PEN,4.68748,0.038356164383561646,PUBLICA,499.12054989999996,0.0019636121649264588,0,,0,,0,,19964.821996,0.006976504626742753,0,,0,,0,,0,,0,,0,,0,,0,,0,,0,,20463.942545899998,0.0001715627414798879
2025,11,CA-0001-no2025.XLS,6,73,PEP16920Q226,PEN,4.812499,0.12054794520547946,PUBLICA,1491.73527915,0.005868701542294297,0,,0,,0,,13575.7855304511,0.004743920611154715,0,,0,,0,,0,,0,,0,,19219.517336568602,0.00923365834041744,0,,0,,0,,34287.038146169696,0.0002874508784604126
2025,11,CA-0001-no2025.XLS,6,74,PEP16920Q234,PEN,4.59376,0.5972602739726027,PUBLICA,1946.3182494,0.007657096451159784,0,,0,,0,,26761.87592925,0.009351666209602809,0,,0,,0,,0,,0,,0,,0,,0,,0,,0,,28708.19417865,0.00024067974610361383
2025,11,CA-0001-no2025.XLS,6,75,PEP16920Q242,PEN,4.499981,0.852054794520548,PUBLICA,0,,0,,0,,0,,24915.89562798,0.008706607109388125,0,,0,,0,,0,,0,,0,,4194.336097992,0.002015090484090812,0,,0,,0,,29110.231725972,0.00024405029230416657
2025,11,CA-0001-no2025.XLS,6,76,Gobierno,,,,,0,,381785.7932817586,0.23074598017776482,3868619.712522024,0.29640756681337455,284847.50371591497,0.06578110259785179,0,,2214097.374485115,0.28524375960012044,7018443.855627348,0.24658231536496983,0,,1382680.2298936518,0.28293744685784034,2462061.2781598023,0.18026290799179362,38604.53445903,0.011530821649816577,0,,2036029.6375538444,0.303909233196399,4786526.384239551,0.21342041187911975,97582.965714,0.03493256307626274,24571279.269652043,0.20599725706393904
2025,11,CA-0001-no2025.XLS,6,77,GOBIERNO CENTRAL,,,,,0,,381785.7932817586,0.23074598017776482,3848627.4105620873,0.2948757880345605,284847.50371591497,0.06578110259785179,0,,2214097.374485115,0.28524375960012044,7012770.601518542,0.24638299423872306,0,,1382680.2298936518,0.28293744685784034,2462061.2781598023,0.18026290799179362,38604.53445903,0.011530821649816577,0,,2036029.6375538444,0.303909233196399,4786526.384239551,0.21342041187911975,97582.965714,0.03493256307626274,24545613.7135833,0.20578208576198279
2025,11,CA-0001-no2025.XLS,6,78,PEP01000C2Z1,PEN,6.9,11.712328767123287,PUBLICA,0,,33335.3918727,0.020147443429356055,586227.598791529,0.04491583796520684,59143.437193499994,0.013658257345640398,0,,462780.19067558995,0.0596203053117587,1714845.680726763,0.060248486294890546,0,,373678.98954075004,0.0764658212066932,692921.284153381,0.05073310189267723,38604.53445903,0.011530821649816577,0,,456366.89141337207,0.06811988856522444,1254095.722949742,0.05591729873443468,0,,5671999.721776356,0.04755211854990655
2025,11,CA-0001-no2025.XLS,6,79,PEP01000C4G7,PEN,6.95,5.706849315068493,PUBLICA,0,,67102.8576162,0.04055602624781811,417278.274252,0.0319712060492209,78944.538372,0.0182310138247437,0,,0,,0,,0,,0,,38.3444900664,2.8074399878454497e-06,0,,0,,0,,0,,0,,563364.0147302663,0.004723052491056029
2025,11,CA-0001-no2025.XLS,6,80,PEP01000C4L7,PEN,6.8500000000000005,16.21917808219178,PUBLICA,0,,13748.8061946584,0.00830958568256436,117633.180849268,0.009012869577019892,0,,0,,0,,0,,0,,0,,0,,0,,0,,0,,82349.842753942,0.0036717936866693486,0,,213731.8297978684,0.0017918550435425116
2025,11,CA-0001-no2025.XLS,6,81,PEP01000C4S2,PEN,6.7142,29.22739726027397,PUBLICA,0,,0,,110711.261982496,0.008482523024129602,0,,0,,45415.31420909,0.005850887642840974,120185.7261271,0.004222542095065526,0,,0,,0,,0,,0,,48183.840272000096,0.007192190958042505,160637.263488091,0.00716245314131069,0,,485133.4060787771,0.004067193647737552
2025,11,CA-0001-no2025.XLS,6,82,PEP01000C4T0,VAC,3.2669,28.22739726027397,PUBLICA,0,,0,,0,,0,,0,,0,,0,,0,,0,,0,,0,,0,,18466.1555838046,0.0027563622257984165,166158.231162191,0.007408620633222452,0,,184624.3867459956,0.0015478281305345135
2025,11,CA-0001-no2025.XLS,6,83,PEP01000C5E9,PEN,6.15,6.7095890410958905,PUBLICA,0,,0,,0,,0,,0,,149273.010917398,0.019230949519918997,182956.78369094,0.006427907419686469,0,,0,,0,,0,,0,,0,,2712.3473667492,0.00012093744935301908,0,,334942.1419750872,0.0028080411184454174
2025,11,CA-0001-no2025.XLS,6,84,PEP01000C5F6,PEN,5.94,3.210958904109589,PUBLICA,0,,0,,0,,0,,0,,0,,9587.2950252,0.000336834981376304,0,,5326.275014000001,0.001089914082187881,0,,0,,0,,2600.2874618348,0.0003881335291198706,11057.346929064,0.000493022151441891,0,,28571.204430098802,0.00023953127059536954
2025,11,CA-0001-no2025.XLS,6,85,PEP01000C5G4,PEN,5.4,8.70958904109589,PUBLICA,0,,132708.34731439498,0.08020706432162154,1172090.744156323,0.08980375208122127,100696.02797355001,0.023254182188411982,0,,271728.98294952,0.03500704060356095,1211424.3159986879,0.042561544820063316,0,,201846.941486403,0.04130387999011119,359901.63128484704,0.026350649848523353,0,,0,,582683.3270844779,0.08697459008667653,1207097.8936226699,0.05382177156353372,15029.2579065,0.00538014494606521,5255207.4697773745,0.04405787391839744
2025,11,CA-0001-no2025.XLS,6,86,PEP01000C5H2,PEN,5.3500000000000005,14.715068493150685,PUBLICA,0,,95374.6821466152,0.057643120575264696,562335.5556902959,0.04308526714458203,46063.500176864996,0.010637649239055705,0,,230426.85043964098,0.029686057121811445,227768.744999168,0.008002307301302478,0,,0,,0,,0,,0,,72298.28098976199,0.010791647985740721,92992.684333315,0.004146333979795691,0,,1327260.2987756622,0.011127299395247259
2025,11,CA-0001-no2025.XLS,6,87,PEP01000C5I0,PEN,7.3,7.7095890410958905,PUBLICA,0,,0,,361806.849496328,0.027721072600776834,0,,0,,210690.467117799,0.02714340464206651,1245154.399004095,0.043746599817441,0,,0,,0,,0,,0,,767.7904721022,0.00011460472349136418,355.07427238360003,1.583196066970517e-05,0,,1818774.5803627078,0.015247988135281176
2025,11,CA-0001-no2025.XLS,6,88,PEP01000C5J8,PEN,7.6000000000000005,13.712328767123287,PUBLICA,0,,0,,103277.944744932,0.007912993931206199,0,,0,,541054.7417601721,0.06970447211023569,1714755.780786152,0.060245327797656255,0,,541188.57684048,0.11074325855635535,806198.905817634,0.05902686520097905,0,,0,,320878.040021524,0.04789606069274414,683703.818070887,0.030484810641903025,0,,4711057.80804178,0.03949590803458411
2025,11,CA-0001-no2025.XLS,6,89,PEP01000C5K6,PEN,6.8500000000000005,9.70958904109589,PUBLICA,0,,39515.70813719,0.023882739921140064,399376.126198915,0.030599571580220995,0,,0,,294716.736872775,0.03796856949989349,552504.4484529949,0.0194114007252121,0,,234225.782655855,0.047929552690591556,546764.213970114,0.0400320284756547,0,,0,,473307.924763,0.07064860246991282,739681.2219552,0.032980716782157575,82553.7078075,0.02955241813019753,3362645.870813544,0.028191280489026825
2025,11,CA-0001-no2025.XLS,6,90,US715638BE14,PEN,6.95,5.706849315068493,PUBLICA,0,,0,,0,,0,,0,,8011.07954313,0.0010320731480337063,33587.42670744,0.0011800429860290564,0,,0,,0,,0,,0,,0,,0,,0,,41598.50625057,0.00034874774290479557
2025,11,CA-0001-no2025.XLS,6,91,US715638DC30,PEN,5.3500000000000005,14.715068493150685,PUBLICA,0,,0,,0,,0,,0,,0,,0,,0,,0,,0,,0,,0,,0,,5911.58883744,0.0002635844082465857,0,,5911.58883744,4.9560752292881554e-05
2025,11,CA-0001-no2025.XLS,6,92,US715638DR09,USD,3.23,95.72602739726027,PUBLICA,0,,0,,0,,0,,0,,0,,0,,0,,0,,0,,0,,0,,7.7619278420999995,1.1585889984649143e-06,31.0477113687,1.3843473985706878e-06,0,,38.8096392108,3.2536682918825947e-07
2025,11,CA-0001-no2025.XLS,6,93,US715638DU38,USD,3,8.136986301369863,PUBLICA,0,,0,,0,,0,,0,,0,,0,,0,,0,,0,,0,,0,,0,,20279.5996985194,0.0009042215947357194,0,,20279.5996985194,0.00017001727367973714
2025,11,CA-0001-no2025.XLS,6,94,US715638EB48,USD,5.375,9.202739726027398,PUBLICA,0,,0,,0,,0,,0,,0,,0,,0,,0,,0,,0,,0,,0,,26372.65917852,0.0011758973694911737,0,,26372.65917852,0.00022109941418341832
2025,11,CA-0001-no2025.XLS,6,95,US715638EC21,USD,5.875,28.71232876712329,PUBLICA,0,,0,,0,,0,,0,,0,,0,,0,,5179.115471796001,0.0010598008685526713,15537.346415388,0.0011375863274236191,0,,0,,0,,0,,0,,20716.461887184003,0.00017367977784129315
2025,11,CA-0001-no2025.XLS,6,96,US715638FC12,USD,5.5,10.342465753424657,PUBLICA,0,,0,,8847.728701819999,0.000677899078020684,0,,0,,0,,0,,0,,21234.548884368,0.004345219463348506,40699.552028371996,0.002979868806547815,0,,0,,40533.2147287777,0.006050215566610113,225542.760975315,0.010056442831319106,0,,336857.8053186527,0.0028241013890524845
2025,11,CA-0001-no2025.XLS,6,97,US715638FD94,USD,6.2,29.605479452054794,PUBLICA,0,,0,,9042.14569818,0.0006927950029552816,0,,0,,0,,0,,0,,0,,0,,0,,0,,19936.122835347203,0.0029757778040396324,107547.28093415301,0.00479529060343682,0,,136525.54946768022,0.001144583820844242
2025,11,CA-0001-no2025.XLS,6,98,BANCO DE LA NACION,,,,,0,,0,,19992.301959936,0.0015317787788140355,0,,0,,0,,5673.2541088064,0.00019932112624676212,0,,0,,0,,0,,0,,0,,0,,0,,25665.5560687424,0.000215171301956251
2025,11,CA-0001-no2025.XLS,6,99,PEP12030D010,PEN,8,6.008219178082192,PUBLICA,0,,0,,19992.301959936,0.0015317787788140355,0,,0,,0,,5673.2541088064,0.00019932112624676212,0,,0,,0,,0,,0,,0,,0,,0,,25665.5560687424,0.000215171301956251
2025,11,CA-0001-no2025.XLS,6,100,Hidrocarburos,,,,,0,,29912.1955351824,0.018078511561955495,23577.211669031596,0.0018064489307235765,0,,0,,66195.00166558761,0.008527949745760101,71362.7897423313,0.0025072227245158565,0,,58291.2011577148,0.011928111267714548,49098.2703254535,0.003594791512601409,0,,0,,188592.22203215302,0.028150335597990968,282338.9108840323,0.012588855009507162,0,,769367.8030114867,0.006450118260200768
2025,11,CA-0001-no2025.XLS,6,101,CORPORACION PRIMAX S.A,,,,,0,,21023.715562471003,0.012706438897952263,23577.211669031596,0.0018064489307235765,0,,0,,19784.8096610376,0.002548891279905671,30521.820778327303,0.0010723375995435477,0,,0,,0,,0,,0,,63216.165048316005,0.009436000287565872,90480.8850322883,0.004034338516206918,0,,248604.6077514718,0.002084216565537611
2025,11,CA-0001-no2025.XLS,6,102,PEP73125M023,PEN,7.125,1.8575342465753424,PRIVADA,0,,499.7287438591,0.00030202904574731494,0,,0,,0,,0,,0,,0,,0,,0,,0,,0,,1649.8915031305,0.0002462720838268662,0,,0,,2149.6202469895998,1.8021685796224953e-05
2025,11,CA-0001-no2025.XLS,6,103,PEP73125M031,PEN,7.9375,10.865753424657534,PRIVADA,0,,5595.322052500001,0.003381734192664269,11190.644105000001,0.000857409576728615,0,,0,,6154.85425775,0.0007929343074532522,19567.960282003,0.0006874904255930351,0,,0,,0,,0,,0,,41574.3619144855,0.006205623050379945,32072.386004930002,0.001430035328679327,0,,116155.52861666851,0.0009738084869434817
2025,11,CA-0001-no2025.XLS,6,104,PEP73125M049,PEN,7.0625,2.652054794520548,PRIVADA,0,,0,,0,,0,,0,,6168.8086112376,0.0007947320568645751,10953.860496324301,0.00038484717395051253,0,,0,,0,,0,,0,,0,,34403.7836417823,0.0015339870890935913,0,,51526.4527493442,0.0004319802732334448
2025,11,CA-0001-no2025.XLS,6,105,PEP73125M056,PEN,7.6875,12.657534246575343,PRIVADA,0,,5329.39056575,0.0032210089308812215,0,,0,,0,,7461.14679205,0.0009612249155878434,0,,0,,0,,0,,0,,0,,0,,714.1383358104999,3.1841817120070075e-05,0,,13504.675693610501,0.00011321861266937639
2025,11,CA-0001-no2025.XLS,6,106,PEP73125M064,PEN,5.96875,5.967123287671233,PRIVADA,0,,9599.2742003619,0.005801666728659458,12386.567564031599,0.0009490393539949615,0,,0,,0,,0,,0,,0,,0,,0,,0,,19991.9116307,0.0029841051533590606,23290.5770497655,0.0010384742813139291,0,,65268.330444859,0.0005471875068950832
2025,11,CA-0001-no2025.XLS,6,107,"Hunt Oil Company of Peru L.L.C.,",,,,,0,,8888.479972711399,0.005372072664003232,0,,0,,0,,46410.19200455,0.00597905846585443,40840.968964004,0.0014348851249723089,0,,58291.2011577148,0.011928111267714548,49098.2703254535,0.003594791512601409,0,,0,,125376.056983837,0.018714335310425097,191858.02585174402,0.008554516493300244,0,,520763.19526001473,0.004365901694663157
2025,11,CA-0001-no2025.XLS,6,108,USP5300PAE36,USD,7.75,12.945205479452055,PUBLICA,0,,8888.479972711399,0.005372072664003232,0,,0,,0,,46410.19200455,0.00597905846585443,40840.968964004,0.0014348851249723089,0,,58291.2011577148,0.011928111267714548,49098.2703254535,0.003594791512601409,0,,0,,125376.056983837,0.018714335310425097,191858.02585174402,0.008554516493300244,0,,520763.19526001473,0.004365901694663157
2025,11,CA-0001-no2025.XLS,6,109,Industria,,,,,0,,23918.490127475998,0.014456000055412062,37325.983345,0.0028598582244713233,0,,0,,135653.2880424,0.01747631081145676,126695.0520396,0.004451237328366066,0,,97580.78503049999,0.01996792720543707,116659.7310321915,0.008541388692454141,0,,0,,110330.274484485,0.016468517205482636,0,,0,,648163.6041016525,0.005433983436854573
2025,11,CA-0001-no2025.XLS,6,110,Alimentos,,,,,0,,23918.490127475998,0.014456000055412062,37325.983345,0.0028598582244713233,0,,0,,135653.2880424,0.01747631081145676,126695.0520396,0.004451237328366066,0,,97580.78503049999,0.01996792720543707,116659.7310321915,0.008541388692454141,0,,0,,110330.274484485,0.016468517205482636,0,,0,,648163.6041016525,0.005433983436854573
2025,11,CA-0001-no2025.XLS,6,111,ALICORP S.A.,,,,,0,,23918.490127475998,0.014456000055412062,37325.983345,0.0028598582244713233,0,,0,,135653.2880424,0.01747631081145676,126695.0520396,0.004451237328366066,0,,97580.78503049999,0.01996792720543707,115710.5483695,0.00847189309195469,0,,0,,110330.274484485,0.016468517205482636,0,,0,,647214.421438961,0.0054260258119046756
2025,11,CA-0001-no2025.XLS,6,112,USP0161KEA71,PEN,7.4,6.553424657534246,PUBLICA,0,,23918.490127475998,0.014456000055412062,37325.983345,0.0028598582244713233,0,,0,,135653.2880424,0.01747631081145676,126695.0520396,0.004451237328366066,0,,97580.78503049999,0.01996792720543707,115710.5483695,0.00847189309195469,0,,0,,110330.274484485,0.016468517205482636,0,,0,,647214.421438961,0.0054260258119046756
2025,11,CA-0001-no2025.XLS,6,113,Camposol S.A.,,,,,0,,0,,0,,0,,0,,0,,0,,0,,0,,949.1826626915,6.94956004994519e-05,0,,0,,0,,0,,0,,949.1826626915,7.957624949898021e-06
2025,11,CA-0001-no2025.XLS,6,114,USP19189AE26,USD,6,1.1835616438356165,PUBLICA,0,,0,,0,,0,,0,,0,,0,,0,,0,,949.1826626915,6.94956004994519e-05,0,,0,,0,,0,,0,,949.1826626915,7.957624949898021e-06
2025,11,CA-0001-no2025.XLS,6,115,Inmobiliaria y Construccion,,,,,0,,268.131532748,0.0001620549387358773,3369.982112265,0.0002582027369782159,268.131532748,6.192080897786704e-05,0,,39721.3879429326,0.005117335020557454,329711.4101483824,0.011583907286150143,0,,74711.27936752442,0.01528814701961571,272561.52820132853,0.019955934531808894,7938.0734098372,0.0023710299842917464,0,,26467.516913857802,0.0039506904131156205,231250.584803531,0.010310941817548937,54070.9873834497,0.019356228451839073,1040339.0133486047,0.008721848822544113
2025,11,CA-0001-no2025.XLS,6,116,AENZA S.A.A. (antes GRANA & MONTERO S.A.A.),,,,,0,,0,,0,,0,,0,,0,,0,,0,,32970.01334454,0.006746644087975834,93964.538031939,0.006879731639499597,0,,0,,0,,0,,0,,126934.551376479,0.0010641761514831628
2025,11,CA-0001-no2025.XLS,6,117,USP0091FAB50,USD,12,3.4602739726027396,PUBLICA,0,,0,,0,,0,,0,,0,,0,,0,,32970.01334454,0.006746644087975834,93964.538031939,0.006879731639499597,0,,0,,0,,0,,0,,126934.551376479,0.0010641761514831628
2025,11,CA-0001-no2025.XLS,6,118,Huascacocha Finance Limited,,,,,0,,0,,0,,0,,0,,791.6846042857001,0.00010199329783158319,9045.9550141554,0.0003178158261235269,0,,158.816407904,3.249855461876912e-05,588.1170105195,4.305972540006143e-05,36.545821137,1.0915902794374283e-05,0,,0,,0,,0,,10621.118858001599,8.90438518763126e-05
2025,11,CA-0001-no2025.XLS,6,119,XS0511095894,VAC,5.2,2.3424657534246576,PUBLICA,0,,0,,0,,0,,0,,480.5939416442,6.191526368053787e-05,5491.986704326399,0.00019295257258781408,0,,0,,0,,0,,0,,0,,0,,0,,5972.5806459706,5.0072086893037705e-05
2025,11,CA-0001-no2025.XLS,6,120,XS0511096355,VAC,5.2,2.3424657534246576,PUBLICA,0,,0,,0,,0,,0,,311.0906626415,4.007803415104531e-05,3553.9683098289997,0.0001248632535357128,0,,158.816407904,3.249855461876912e-05,588.1170105195,4.305972540006143e-05,36.545821137,1.0915902794374283e-05,0,,0,,0,,0,,4648.5382120310005,3.897176498327488e-05
2025,11,CA-0001-no2025.XLS,6,121,Línea Amarilla S.A.C.,,,,,0,,0,,0,,0,,0,,22263.6877411949,0.0028682469285427723,254446.944597919,0.00893960513571549,0,,34291.14204983741,0.0070169862645441654,126969.126133031,0.009296203999854893,7901.527588700201,0.002360114081497372,0,,2296.3139697498,0.00034276073631388134,150215.40590203402,0.006697766025851452,42280.2511013337,0.015135403271164067,640664.3990837999,0.005371112649913264
2025,11,CA-0001-no2025.XLS,6,122,XS0799645816,VAC,6.45,11.594520547945205,PUBLICA,0,,0,,0,,0,,0,,22263.6877411949,0.0028682469285427723,254446.944597919,0.00893960513571549,0,,34291.14204983741,0.0070169862645441654,126969.126133031,0.009296203999854893,7901.527588700201,0.002360114081497372,0,,2296.3139697498,0.00034276073631388134,150215.40590203402,0.006697766025851452,42280.2511013337,0.015135403271164067,640664.3990837999,0.005371112649913264
2025,11,CA-0001-no2025.XLS,6,123,Norvial S.A.,,,,,0,,119.61424824800001,7.229317444727972e-05,1794.21372372,0.0001374698377484892,119.61424824800001,2.7623051048444138e-05,0,,0,,0,,0,,0,,0,,0,,0,,0,,0,,0,,2033.4422202159997,1.7047688692377725e-05
2025,11,CA-0001-no2025.XLS,6,124,PEP74850M025,PEN,8.375,1.1534246575342466,PUBLICA,0,,119.61424824800001,7.229317444727972e-05,1794.21372372,0.0001374698377484892,119.61424824800001,2.7623051048444138e-05,0,,0,,0,,0,,0,,0,,0,,0,,0,,0,,0,,2033.4422202159997,1.7047688692377725e-05
2025,11,CA-0001-no2025.XLS,6,125,Rutas de Lima S.A.C.,,,,,0,,148.51728450000002,8.976176428859759e-05,1575.768388545,0.0001207328992297267,148.51728450000002,3.4297757929422905e-05,0,,16666.015597452,0.002147094794183098,66218.510536308,0.002326486324311126,0,,7291.307565243,0.0014920181124769417,51039.747025839,0.0037369391670543407,0,,0,,24171.202944108,0.003607929676801739,81035.17890149701,0.003613175791697487,11790.736282116,0.004220825180675005,260085.50181010796,0.0021804684805789977
2025,11,CA-0001-no2025.XLS,6,126,USP82169AA48,PEN,10.375,10.594520547945205,PUBLICA,0,,148.51728450000002,8.976176428859759e-05,1575.768388545,0.0001207328992297267,148.51728450000002,3.4297757929422905e-05,0,,16666.015597452,0.002147094794183098,66218.510536308,0.002326486324311126,0,,7291.307565243,0.0014920181124769417,51039.747025839,0.0037369391670543407,0,,0,,11127.509023878001,0.001660954571808555,51601.736430387,0.002300805001078171,5428.009713906001,0.0019431085161453,211245.638850558,0.0017710116633479895
2025,11,CA-0001-no2025.XLS,6,127,XS1084504874,VAC,7.25,13.594520547945205,PRIVADA,0,,0,,0,,0,,0,,0,,0,,0,,0,,0,,0,,0,,13043.69392023,0.001946975104993184,29433.44247111,0.0013123707906193157,6362.726568210001,0.0022777166645297046,48839.86295955,0.0004094568172310082
2025,11,CA-0001-no2025.XLS,6,128,Minería,,,,,0,,36256.3730960142,0.02191284352363632,56873.9853686831,0.0043575954399304,0,,0,,77303.0719094402,0.009959010436573473,50636.407398923395,0.0017790329074413248,0,,61290.8438691304,0.012541927269349966,49175.2119415116,0.003600424889633596,0,,0,,95739.5108311899,0.014290617772274833,169556.8184100203,0.007560155970544966,0,,596832.2228249131,0.005003638576570005
2025,11,CA-0001-no2025.XLS,6,129,CIA MINERA BUENAVENTURA,,,,,0,,0,,0,,0,,0,,52613.9133562622,0.006778288356222482,40106.3051015734,0.001409073831195575,0,,61290.8438691304,0.012541927269349966,49175.2119415116,0.003600424889633596,0,,0,,26415.6410233641,0.003942947125979456,19527.547930397297,0.0008706893032110088,0,,249129.46322223902,0.0020886167754797357
2025,11,CA-0001-no2025.XLS,6,130,USP6680PAB78,USD,6.8,6.189041095890411,PUBLICA,0,,0,,0,,0,,0,,52613.9133562622,0.006778288356222482,40106.3051015734,0.001409073831195575,0,,61290.8438691304,0.012541927269349966,49175.2119415116,0.003600424889633596,0,,0,,26415.6410233641,0.003942947125979456,19527.547930397297,0.0008706893032110088,0,,249129.46322223902,0.0020886167754797357
2025,11,CA-0001-no2025.XLS,6,131,MINSUR,,,,,0,,0,,10364.91152,0.0007941432428560595,0,,0,,0,,10530.10229735,0.0003699590762457497,0,,0,,0,,0,,0,,0,,0,,0,,20895.01381735,0.0001751766965590376
2025,11,CA-0001-no2025.XLS,6,132,USP6811TAB19,USD,4.5,5.917808219178082,PUBLICA,0,,0,,10364.91152,0.0007941432428560595,0,,0,,0,,10530.10229735,0.0003699590762457497,0,,0,,0,,0,,0,,0,,0,,0,,20895.01381735,0.0001751766965590376
2025,11,CA-0001-no2025.XLS,6,133,Nexa Resources S.A. Peru,,,,,0,,0,,0,,0,,0,,24689.158553178,0.0031807220803509915,0,,0,,0,,0,,0,,0,,0,,0,,0,,24689.158553178,0.00020698551692637944
2025,11,CA-0001-no2025.XLS,6,134,USL67359AC04,USD,6.75,11.367123287671232,PUBLICA,0,,0,,0,,0,,0,,24689.158553178,0.0031807220803509915,0,,0,,0,,0,,0,,0,,0,,0,,0,,24689.158553178,0.00020698551692637944
2025,11,CA-0001-no2025.XLS,6,135,VOLCAN CIA MINERA,,,,,0,,36256.3730960142,0.02191284352363632,46509.073848683096,0.0035634521970743407,0,,0,,0,,0,,0,,0,,0,,0,,0,,69323.8698078258,0.010347670646295378,150029.270479623,0.006689466667333957,0,,302118.58723214606,0.0025328595876048516
2025,11,CA-0001-no2025.XLS,6,136,USP98047AC08,USD,4.375,0.2054794520547945,PUBLICA,0,,1766.8856294342,0.0010678808997089024,0,,0,,0,,0,,0,,0,,0,,0,,0,,0,,0,,0,,0,,1766.8856294342,1.4812968800475932e-05
2025,11,CA-0001-no2025.XLS,6,137,USP98047AE63,USD,8.5,6.254794520547946,PUBLICA,0,,34489.48746658,0.02084496262392742,46509.073848683096,0.0035634521970743407,0,,0,,0,,0,,0,,0,,0,,0,,0,,69323.8698078258,0.010347670646295378,150029.270479623,0.006689466667333957,0,,300351.7016027119,0.0025180466188043757
2025,11,CA-0001-no2025.XLS,6,138,Otras Empresas Financieras,,,,,8382.2059192863,0.03297680593461205,67.876095131,4.102336015966713e-05,6061.0677468330005,0.00046438949202339436,0,,167864.2268882174,0.05865845214071419,0,,23968.0957734051,0.0008420824718797011,70051.0114811906,0.03849700430543894,0,,0,,0,,176970.3420785442,0.0850220974088115,0,,0,,0,,453364.8259826075,0.003800856665897549
2025,11,CA-0001-no2025.XLS,6,139,Caja Municipal de Ahorro y Crédito de Arequip,,,,,0,,0,,0,,0,,0,,0,,0,,0,,0,,0,,0,,83590.31288299999,0.04015940547381192,0,,0,,0,,83590.31288299999,0.0007007927825834481
2025,11,CA-0001-no2025.XLS,6,140,PEP13150Q066,PEN,4.749992,0.2356164383561644,PUBLICA,0,,0,,0,,0,,0,,0,,0,,0,,0,,0,,0,,39554.521523999996,0.019003231515933135,0,,0,,0,,39554.521523999996,0.0003316116694210658
2025,11,CA-0001-no2025.XLS,6,141,PEP13150Q074,PEN,4.812499,0.40273972602739727,PUBLICA,0,,0,,0,,0,,0,,0,,0,,0,,0,,0,,0,,39242.466303999994,0.018853310410508632,0,,0,,0,,39242.466303999994,0.0003289955044804035
2025,11,CA-0001-no2025.XLS,6,142,PEP13150Q082,PEN,4.68748,0.8904109589041096,PUBLICA,0,,0,,0,,0,,0,,0,,0,,0,,0,,0,,0,,4793.325054999999,0.002302863547370159,0,,0,,0,,4793.325054999999,4.0185608681978805e-05
2025,11,CA-0001-no2025.XLS,6,143,CORPORACION FINANCIERA DE DESARROLLO,,,,,0,,67.876095131,4.102336015966713e-05,140.973428349,1.0801162685237395e-05,0,,30080.232324,0.01051123220752621,0,,0,,5013.3720539999995,0.00275513231667508,0,,0,,0,,45973.168602326,0.02208695069009854,0,,0,,0,,81275.622503806,0.0006813872048830159
2025,11,CA-0001-no2025.XLS,6,144,PEP11100M302,PEN,6.875,0.8547945205479452,PUBLICA,0,,67.876095131,4.102336015966713e-05,140.973428349,1.0801162685237395e-05,0,,0,,0,,0,,0,,0,,0,,0,,22900.350249582,0.011002045804667739,0,,0,,0,,23109.199773062,0.00019373967932035917
2025,11,CA-0001-no2025.XLS,6,145,PEP11100M310,PEN,6.675000000000001,0.915068493150685,PUBLICA,0,,0,,0,,0,,0,,0,,0,,0,,0,,0,,0,,8032.702190743999,0.003859161823930335,0,,0,,0,,8032.702190743999,6.73434459779428e-05
2025,11,CA-0001-no2025.XLS,6,146,PEP11100V204,PEN,4.53125,0.9013698630136986,PUBLICA,0,,0,,0,,0,,30080.232324,0.01051123220752621,0,,0,,5013.3720539999995,0.00275513231667508,0,,0,,0,,15040.116162,0.007225743061500464,0,,0,,0,,50133.72054,0.00042030407958471396
2025,11,CA-0001-no2025.XLS,6,147,Edpyme Santander Consumo Perú S.A.,,,,,3382.8482777862996,0.0133086125820557,0,,0,,0,,112787.2063567174,0.03941234573204199,0,,0,,25042.778295190597,0.013762427172218185,0,,0,,0,,47406.86059321821,0.022775741244901043,0,,0,,0,,188619.6935229125,0.0015813234251075708
2025,11,CA-0001-no2025.XLS,6,148,PEP16997V299,PEN,4.749992,0.04657534246575343,PUBLICA,997.90328992,0.003925895337107712,0,,0,,0,,10477.98454416,0.0036614254645454384,0,,0,,19958.0657984,0.010968089235592862,0,,0,,0,,0,,0,,0,,0,,31433.95363248,0.00026353158726104953
2025,11,CA-0001-no2025.XLS,6,149,PEP16997V307,PEN,4.687486,0.19452054794520549,PUBLICA,495.649177585,0.0019499552860259837,0,,0,,0,,18457.9753732654,0.006449952352076551,0,,0,,3697.5428647841,0.0020320095395533217,0,,0,,0,,0,,0,,0,,0,,22651.1674156345,0.00018989969165666718
2025,11,CA-0001-no2025.XLS,6,150,PEP16997V315,PEN,4.687486,0.3643835616438356,PUBLICA,0,,0,,0,,0,,14196.3530424495,0.0049607716363995425,0,,0,,1387.1696320065,0.0007623283970720012,0,,0,,0,,23188.360444250502,0.011140414926511714,0,,0,,0,,38771.8831187065,0.00032505029494014974
2025,11,CA-0001-no2025.XLS,6,151,PEP16997V323,PEN,4.594008,0.536986301369863,PUBLICA,976.28586287,0.003840849264093297,0,,0,,0,,19525.7172574,0.006823063927843391,0,,0,,0,,0,,0,,0,,0,,0,,0,,0,,20502.003120269997,0.000171881828403953
2025,11,CA-0001-no2025.XLS,6,152,PEP16997V331,PEN,4.499981,0.7890410958904109,PUBLICA,424.7925283668,0.0016711950177928678,0,,0,,0,,15398.729153296501,0.005380929777658687,0,,0,,0,,0,,0,,0,,16904.8117538697,0.008121601251000728,0,,0,,0,,32728.333435533,0.00027438322775162854
2025,11,CA-0001-no2025.XLS,6,153,PEP16997V349,PEN,4.499981,0.9780821917808219,PUBLICA,488.2174190445,0.0019207176770358397,0,,0,,0,,34730.446986146,0.012136202573518376,0,,0,,0,,0,,0,,0,,7313.688395098,0.003513725067388601,0,,0,,0,,42532.35280028851,0.00035657679509412264
2025,11,CA-0001-no2025.XLS,6,154,Fondo Mivivienda S.A.,,,,,4999.3576415,0.019668193352556353,0,,5920.094318484,0.00045358832933815695,0,,24996.788207499998,0.008734874201145992,0,,23968.0957734051,0.0008420824718797011,39994.861132,0.021979444816545683,0,,0,,0,,0,,0,,0,,0,,99879.19707288909,0.0008373532533235146
2025,11,CA-0001-no2025.XLS,6,155,PEP16880M023,PEN,6.71875,0.6219178082191781,PUBLICA,0,,0,,0,,0,,0,,0,,19012.5685464672,0.0006679775844419043,0,,0,,0,,0,,0,,0,,0,,0,,19012.5685464672,0.00015939491498717678
2025,11,CA-0001-no2025.XLS,6,156,PEP16880M049,PEN,5.03125,0.6328767123287671,PUBLICA,0,,0,,5920.094318484,0.00045358832933815695,0,,0,,0,,4955.5272269379,0.00017410488743779676,0,,0,,0,,0,,0,,0,,0,,0,,10875.6215454219,9.117751593786333e-05
2025,11,CA-0001-no2025.XLS,6,157,PEP16880V016,PEN,4.562478,0.0027397260273972603,PUBLICA,4999.3576415,0.019668193352556353,0,,0,,0,,24996.788207499998,0.008734874201145992,0,,0,,39994.861132,0.021979444816545683,0,,0,,0,,0,,0,,0,,0,,69991.00698099998,0.0005867808223984745
2025,11,CA-0001-no2025.XLS,6,158,Otros,,,,,0,,9785.969546512,0.005914502778088462,108876.52965429903,0.00834194871453943,3561.607014684,0.0008224977694725248,0,,191845.4979211048,0.024715593686162392,148523.4553455784,0.005218144970377459,0,,66797.1399176082,0.013668679002626393,134476.36218533298,0.009845855713958556,0,,0,,59820.3156928186,0.008929116716401547,205230.5607363806,0.00915076765204121,0,,928917.4380143186,0.007787728191513126
2025,11,CA-0001-no2025.XLS,6,159,Asociación Tecsup N° 2,,,,,0,,0,,0,,0,,0,,1745.224416054,0.00022483851862971192,0,,0,,9695.6912003,0.001984026425217571,0,,0,,0,,0,,0,,0,,11440.915616354,9.591674936436001e-05
2025,11,CA-0001-no2025.XLS,6,160,CVL75840TB14,PEN,6.59375,8.854794520547944,PRIVADA,0,,0,,0,,0,,0,,1745.224416054,0.00022483851862971192,0,,0,,9695.6912003,0.001984026425217571,0,,0,,0,,0,,0,,0,,11440.915616354,9.591674936436001e-05
2025,11,CA-0001-no2025.XLS,7,1,INVERSIÓN EN BONOS LOCALES (UNIDADES),,,,,,,,,,,,,,,,,,,,,,,,,,,,,,,,,,,,
2025,11,CA-0001-no2025.XLS,7,2,Al 28-11-2025,,,,,,,,,,,,,,,,,,,,,,,,,,,,,,,,,,,,
2025,11,CA-0001-no2025.XLS,7,3,,HA00,HA01,HA02,HA03,IN00,IN01,IN02,PR00,PR01,PR02,PR03,RI00,RI01,RI02,RI03,TOTAL,% SOBRE EL EMISOR,,,,,,,,,,,,,,,,,,,
2025,11,CA-0001-no2025.XLS,7,4,Almacenes Comerciales,,,,,,,,,,,,,,,,,,,,,,,,,,,,,,,,,,,,
2025,11,CA-0001-no2025.XLS,7,5,InRetail Shopping Malls,,,,,,,,,,,,,,,,,,,,,,,,,,,,,,,,,,,,
2025,11,CA-0001-no2025.XLS,7,6,CVL800700S24,,1600,3400,,,6000,,,,,,,3500,6500,,21000,0.49065420560747663,,,,,,,,,,,,,,,,,,,
2025,11,CA-0001-no2025.XLS,7,7,CVL800707107,,,,,,,2500,,,2500,,,,,,5000,0.3546099290780142,,,,,,,,,,,,,,,,,,,
2025,11,CA-0001-no2025.XLS,7,8,USP56243AE14,,,,,,6100,,,,,,,8361,19139,,33600,0.0896,,,,,,,,,,,,,,,,,,,
2025,11,CA-0001-no2025.XLS,7,9,Inverfal Perú S.A.,,,,,,,,,,,,,,,,,,,,,,,,,,,,,,,,,,,,
2025,11,CA-0001-no2025.XLS,7,10,PEP74190M059,,,35300,,,,,,,,,,,,,35300,0.1765,,,,,,,,,,,,,,,,,,,
2025,11,CA-0001-no2025.XLS,7,11,Bancos,,,,,,,,,,,,,,,,,,,,,,,,,,,,,,,,,,,,
2025,11,CA-0001-no2025.XLS,7,12,Banco BCI Peru S.A.,,,,,,,,,,,,,,,,,,,,,,,,,,,,,,,,,,,,
2025,11,CA-0001-no2025.XLS,7,13,CVL11700Q035,,,,,,,,,,,,100000,,,,100000,1,,,,,,,,,,,,,,,,,,,
2025,11,CA-0001-no2025.XLS,7,14,PEP11700Q029,3000,,,,32524,,,,,,,,,,,35524,0.2960333333333333,,,,,,,,,,,,,,,,,,,
2025,11,CA-0001-no2025.XLS,7,15,PEP11700Q037,,,,,20000,,,,,,,,,,,20000,0.2077922077922078,,,,,,,,,,,,,,,,,,,
2025,11,CA-0001-no2025.XLS,7,16,BANCO FALABELLA,,,,,,,,,,,,,,,,,,,,,,,,,,,,,,,,,,,,
2025,11,CA-0001-no2025.XLS,7,17,PEP14150Q883,,,,,,,,,,,,10000,,,,10000,0.23255813953488372,,,,,,,,,,,,,,,,,,,
2025,11,CA-0001-no2025.XLS,7,18,BANCO RIPLEY,,,,,,,,,,,,,,,,,,,,,,,,,,,,,,,,,,,,
2025,11,CA-0001-no2025.XLS,7,19,PEP14300Q843,803,,,,,,,40127,,,,,,,,40930,0.7180701754385965,,,,,,,,,,,,,,,,,,,
2025,11,CA-0001-no2025.XLS,7,20,Compartamos Ban,,,,,,,,,,,,,,,,,,,,,,,,,,,,,,,,,,,,
2025,11,CA-0001-no2025.XLS,7,21,PEP16820Q269,1500,,,,15500,,,,,,,,,,,17000,0.302491103202847,,,,,,,,,,,,,,,,,,,
2025,11,CA-0001-no2025.XLS,7,22,PEP16820Q277,745,,,,17360,,,,,,,9814,,,,27919,0.3489875,,,,,,,,,,,,,,,,,,,
2025,11,CA-0001-no2025.XLS,7,23,BANCO CONTINENTAL,,,,,,,,,,,,,,,,,,,,,,,,,,,,,,,,,,,,
2025,11,CA-0001-no2025.XLS,7,24,PEP11600Q187,500,,,,,,,,,,,,,,,500,0.005607518560886437,,,,,,,,,,,,,,,,,,,
2025,11,CA-0001-no2025.XLS,7,25,BANCO DE CREDITO DEL PERU,,,,,,,,,,,,,,,,,,,,,,,,,,,,,,,,,,,,
2025,11,CA-0001-no2025.XLS,7,26,US05971V2F13,,56482,167803,,,1839,155791,,3000,9000,,,,,,393915,0.34253478260869563,,,,,,,,,,,,,,,,,,,
2025,11,CA-0001-no2025.XLS,7,27,US05971V2H78,,,,,,14479,28895,,,,,,,,,43374,0.07229,,,,,,,,,,,,,,,,,,,
2025,11,CA-0001-no2025.XLS,7,28,US05971V2J35,,1630,4154,,,1923,7500,,,,,,6700,25000,,46907,0.06254266666666666,,,,,,,,,,,,,,,,,,,
2025,11,CA-0001-no2025.XLS,7,29,US05971V2K08,,4000,11000,,,,,,,,,,,12816,,27816,0.055632,,,,,,,,,,,,,,,,,,,
2025,11,CA-0001-no2025.XLS,7,30,Banco GNB Perú S.A.,,,,,,,,,,,,,,,,,,,,,,,,,,,,,,,,,,,,
2025,11,CA-0001-no2025.XLS,7,31,PEP16900Q087,500,,,,11476,,,10066,,,,50000,,,,72042,0.72042,,,,,,,,,,,,,,,,,,,
2025,11,CA-0001-no2025.XLS,7,32,PEP16900Q095,1304,,,,14545,,,,,,,,,,,15849,0.1981125,,,,,,,,,,,,,,,,,,,
2025,11,CA-0001-no2025.XLS,7,33,PEP16900Q103,,,,,28939,,,,,,,9061,,,,38000,0.38,,,,,,,,,,,,,,,,,,,
2025,11,CA-0001-no2025.XLS,7,34,BANCO INTERAMERICANO DE FINANZAS,,,,,,,,,,,,,,,,,,,,,,,,,,,,,,,,,,,,
2025,11,CA-0001-no2025.XLS,7,35,PEP12100D292,,,,,,20000,5000,,,,,,,,,25000,0.25329793916796695,,,,,,,,,,,,,,,,,,,
2025,11,CA-0001-no2025.XLS,7,36,PEP12100Q211,2431,,,,12500,,,,,,,42938,,,,57869,0.4822416666666667,,,,,,,,,,,,,,,,,,,
2025,11,CA-0001-no2025.XLS,7,37,PEP12100Q229,,,,,33185,,,46371,,,,16370,,,,95926,0.6851857142857143,,,,,,,,,,,,,,,,,,,
2025,11,CA-0001-no2025.XLS,7,38,PEP12100Q237,2000,,,,25000,,,,,,,,,,,27000,0.2723146747352496,,,,,,,,,,,,,,,,,,,
2025,11,CA-0001-no2025.XLS,7,39,PEP12100Q245,1000,,,,12500,,,,,,,,,,,13500,0.13064558272768623,,,,,,,,,,,,,,,,,,,
2025,11,CA-0001-no2025.XLS,7,40,BANCO INTERNACIONAL DEL PERU,,,,,,,,,,,,,,,,,,,,,,,,,,,,,,,,,,,,
2025,11,CA-0001-no2025.XLS,7,41,CVL14800A109,,1000,4000,,,7500,5500,,2000,8000,,,,,,28000,0.8974358974358975,,,,,,,,,,,,,,,,,,,
2025,11,CA-0001-no2025.XLS,7,42,PEP14800Q040,3000,,,,22000,,,50000,,,,,,,,75000,0.7352941176470589,,,,,,,,,,,,,,,,,,,
2025,11,CA-0001-no2025.XLS,7,43,PEP14800Q057,3500,,,,27500,,,,,,,,,,,31000,0.2906704172526957,,,,,,,,,,,,,,,,,,,
2025,11,CA-0001-no2025.XLS,7,44,PEP14800Q065,,,,,15000,,,,,,,30000,,,,45000,0.4444444444444444,,,,,,,,,,,,,,,,,,,
2025,11,CA-0001-no2025.XLS,7,45,USP13435AF20,,,3000,,,,,,,,,,,,,3000,0.01,,,,,,,,,,,,,,,,,,,
2025,11,CA-0001-no2025.XLS,7,46,USP13435AG03,,4000,12000,,,9200,22196,,,,,,,,,47396,0.13541714285714285,,,,,,,,,,,,,,,,,,,
2025,11,CA-0001-no2025.XLS,7,47,BANCO MIBANCO,,,,,,,,,,,,,,,,,,,,,,,,,,,,,,,,,,,,
2025,11,CA-0001-no2025.XLS,7,48,PEP13300D073,,,614,,,,,,,,,,1390,,,2004,0.0668,,,,,,,,,,,,,,,,,,,
2025,11,CA-0001-no2025.XLS,7,49,PEP13300D107,,,,,,,,,,,,,10000,,,10000,0.078400012544002,,,,,,,,,,,,,,,,,,,
2025,11,CA-0001-no2025.XLS,7,50,PEP13300Q422,2500,,,,20000,,,,,,,,,,,22500,0.19736842105263158,,,,,,,,,,,,,,,,,,,
2025,11,CA-0001-no2025.XLS,7,51,PEP13300Q430,500,,,,,,,,,,,15000,,,,15500,0.17971222854757737,,,,,,,,,,,,,,,,,,,
2025,11,CA-0001-no2025.XLS,7,52,PEP13300Q448,,,,,,,,15000,,,,15000,,,,30000,0.3333333333333333,,,,,,,,,,,,,,,,,,,
2025,11,CA-0001-no2025.XLS,7,53,Compañías de Seguros,,,,,,,,,,,,,,,,,,,,,,,,,,,,,,,,,,,,
2025,11,CA-0001-no2025.XLS,7,54,INTERSEGURO,,,,,,,,,,,,,,,,,,,,,,,,,,,,,,,,,,,,
2025,11,CA-0001-no2025.XLS,7,55,PEP66450D098,,3000,,,,,,,,,,,,,,3000,0.1045077684107852,,,,,,,,,,,,,,,,,,,
2025,11,CA-0001-no2025.XLS,7,56,Pacifico S.A. Entidad Prestadora de Salud,,,,,,,,,,,,,,,,,,,,,,,,,,,,,,,,,,,,
2025,11,CA-0001-no2025.XLS,7,57,PEP75455M014,,,1,,,,,,,,,,,,,1,7.692307692307694e-06,,,,,,,,,,,,,,,,,,,
2025,11,CA-0001-no2025.XLS,7,58,Pacifico Compañía de Seguros y Reaseguros,,,,,,,,,,,,,,,,,,,,,,,,,,,,,,,,,,,,
2025,11,CA-0001-no2025.XLS,7,59,PEP66950D014,,4866,13285,,,,,,,8600,,,,,,26751,0.53502,,,,,,,,,,,,,,,,,,,
2025,11,CA-0001-no2025.XLS,7,60,PEP66950D030,,20,1484,,,,,,,,,,,,,1504,0.025066666666666668,,,,,,,,,,,,,,,,,,,
2025,11,CA-0001-no2025.XLS,7,61,Financieras,,,,,,,,,,,,,,,,,,,,,,,,,,,,,,,,,,,,
2025,11,CA-0001-no2025.XLS,7,62,Financiera Efectiva S.A.,,,,,,,,,,,,,,,,,,,,,,,,,,,,,,,,,,,,
2025,11,CA-0001-no2025.XLS,7,63,PEP16830Q102,1000,,,,,,,,,,,27723,,,,28723,0.4787166666666667,,,,,,,,,,,,,,,,,,,
2025,11,CA-0001-no2025.XLS,7,64,InFinance XP SA,,,,,,,,,,,,,,,,,,,,,,,,,,,,,,,,,,,,
2025,11,CA-0001-no2025.XLS,7,65,CVL16870D013,,800,600,,,,,,,,,,,,,1400,0.28,,,,,,,,,,,,,,,,,,,
2025,11,CA-0001-no2025.XLS,7,66,CVL16870H329,,,,,,,,,,,,1,,,,1,1,,,,,,,,,,,,,,,,,,,
2025,11,CA-0001-no2025.XLS,7,67,CVL16870H410,,,,,,,,,,,,1,,,,1,1,,,,,,,,,,,,,,,,,,,
2025,11,CA-0001-no2025.XLS,7,68,CVL16870H428,,,,,,,,1,,,,,,,,1,1,,,,,,,,,,,,,,,,,,,
2025,11,CA-0001-no2025.XLS,7,69,Santander Consu,,,,,,,,,,,,,,,,,,,,,,,,,,,,,,,,,,,,
2025,11,CA-0001-no2025.XLS,7,70,PEP16920Q218,500,,,,20000,,,,,,,,,,,20500,0.41836734693877553,,,,,,,,,,,,,,,,,,,
2025,11,CA-0001-no2025.XLS,7,71,PEP16920Q226,1500,,,,13651,,,,,,,19326,,,,34477,0.3830777777777778,,,,,,,,,,,,,,,,,,,
2025,11,CA-0001-no2025.XLS,7,72,PEP16920Q234,2000,,,,27500,,,,,,,,,,,29500,0.38663171690694625,,,,,,,,,,,,,,,,,,,
2025,11,CA-0001-no2025.XLS,7,73,PEP16920Q242,,,,,25900,,,,,,,4360,,,,30260,0.37825,,,,,,,,,,,,,,,,,,,
2025,11,CA-0001-no2025.XLS,7,74,Gobierno,,,,,,,,,,,,,,,,,,,,,,,,,,,,,,,,,,,,
2025,11,CA-0001-no2025.XLS,7,75,GOBIERNO CENTRAL,,,,,,,,,,,,,,,,,,,,,,,,,,,,,,,,,,,,
2025,11,CA-0001-no2025.XLS,7,76,PEP01000C2Z1,,31000,545158,55000,,430359,1594708,,347500,644377,35900,,424395,1166237,,5274634,0.34923522111102906,,,,,,,,,,,,,,,,,,,
2025,11,CA-0001-no2025.XLS,7,77,PEP01000C4G7,,59500,370000,70000,,,,,,34,,,,,,499534,0.03273368045491935,,,,,,,,,,,,,,,,,,,
2025,11,CA-0001-no2025.XLS,7,78,PEP01000C4L7,,12884,110234,,,,,,,,,,,77170,,200288,0.04344196354690723,,,,,,,,,,,,,,,,,,,
2025,11,CA-0001-no2025.XLS,7,79,PEP01000C4S2,,,104092,,,42700,113000,,,,,,45303,151033,,456128,0.4704712572188305,,,,,,,,,,,,,,,,,,,
2025,11,CA-0001-no2025.XLS,7,80,PEP01000C4T0,,,,,,,,,,,,,13414,120699,,134113,0.05758340065639596,,,,,,,,,,,,,,,,,,,
2025,11,CA-0001-no2025.XLS,7,81,PEP01000C5E9,,,,,,136706,167554,,,,,,,2484,,306744,0.019356344622746456,,,,,,,,,,,,,,,,,,,
2025,11,CA-0001-no2025.XLS,7,82,PEP01000C5F6,,,,,,,9000,,5000,,,,2441,10380,,26821,0.001591395534800808,,,,,,,,,,,,,,,,,,,
2025,11,CA-0001-no2025.XLS,7,83,PEP01000C5G4,,132450,1169809,100500,,271200,1209066,,201454,359201,,,581549,1204748,15000,5244977,0.44869702347033635,,,,,,,,,,,,,,,,,,,
2025,11,CA-0001-no2025.XLS,7,84,PEP01000C5H2,,104664,617106,50550,,252870,249953,,,,,,79340,102050,,1456533,0.17004209803729284,,,,,,,,,,,,,,,,,,,
2025,11,CA-0001-no2025.XLS,7,85,PEP01000C5I0,,,313840,,,182758,1080077,,,,,,666,308,,1577649,0.09644700182996634,,,,,,,,,,,,,,,,,,,
2025,11,CA-0001-no2025.XLS,7,86,PEP01000C5J8,,,91830,,,481081,1524682,,481200,716835,,,285310,607918,,4188856,0.2452470121604897,,,,,,,,,,,,,,,,,,,
2025,11,CA-0001-no2025.XLS,7,87,PEP01000C5K6,,35900,362833,,,267750,501950,,212794,496735,,,430000,672000,75000,3054962,0.1439017743945393,,,,,,,,,,,,,,,,,,,
2025,11,CA-0001-no2025.XLS,7,88,US715638BE14,,,,,,7102,29776,,,,,,,,,36878,0.002416557567285742,,,,,,,,,,,,,,,,,,,
2025,11,CA-0001-no2025.XLS,7,89,US715638DC30,,,,,,,,,,,,,,6480,,6480,0.0007565038315518135,,,,,,,,,,,,,,,,,,,
2025,11,CA-0001-no2025.XLS,7,90,US715638DR09,,,,,,,,,,,,,4,16,,20,2e-05,,,,,,,,,,,,,,,,,,,
2025,11,CA-0001-no2025.XLS,7,91,US715638DU38,,,,,,,,,,,,,,6803,,6803,0.0030235555555555554,,,,,,,,,,,,,,,,,,,
2025,11,CA-0001-no2025.XLS,7,92,US715638EB48,,,,,,,,,,,,,,7500,,7500,0.006,,,,,,,,,,,,,,,,,,,
2025,11,CA-0001-no2025.XLS,7,93,US715638EC21,,,,,,,,,1500,4500,,,,,,6000,0.0034285714285714284,,,,,,,,,,,,,,,,,,,
2025,11,CA-0001-no2025.XLS,7,94,US715638FC12,,,2500,,,,,,6000,11500,,,11453,63729,,95182,0.05948875,,,,,,,,,,,,,,,,,,,
2025,11,CA-0001-no2025.XLS,7,95,US715638FD94,,,2500,,,,,,,,,,5512,29735,,37747,0.026962142857142858,,,,,,,,,,,,,,,,,,,
2025,11,CA-0001-no2025.XLS,7,96,BANCO DE LA NACION,,,,,,,,,,,,,,,,,,,,,,,,,,,,,,,,,,,,
2025,11,CA-0001-no2025.XLS,7,97,PEP12030D010,,,18240,,,,5176,,,,,,,,,23416,0.093664,,,,,,,,,,,,,,,,,,,
2025,11,CA-0001-no2025.XLS,7,98,Hidrocarburos,,,,,,,,,,,,,,,,,,,,,,,,,,,,,,,,,,,,
2025,11,CA-0001-no2025.XLS,7,99,CORPORACION PRIMAX S.A,,,,,,,,,,,,,,,,,,,,,,,,,,,,,,,,,,,,
2025,11,CA-0001-no2025.XLS,7,100,PEP73125M023,,1207,,,,,,,,,,,3985,,,5192,0.0257029702970297,,,,,,,,,,,,,,,,,,,
2025,11,CA-0001-no2025.XLS,7,101,PEP73125M031,,5000,10000,,,5500,17486,,,,,,37151,28660,,103797,0.3733705035971223,,,,,,,,,,,,,,,,,,,
2025,11,CA-0001-no2025.XLS,7,102,PEP73125M049,,,,,,584,1037,,,,,,,3257,,4878,0.21864634692962798,,,,,,,,,,,,,,,,,,,
2025,11,CA-0001-no2025.XLS,7,103,PEP73125M056,,500,,,,700,,,,,,,,67,,1267,0.10144115292233787,,,,,,,,,,,,,,,,,,,
2025,11,CA-0001-no2025.XLS,7,104,PEP73125M064,,9123,11772,,,,,,,,,,19000,22135,,62030,0.3446111111111111,,,,,,,,,,,,,,,,,,,
2025,11,CA-0001-no2025.XLS,7,105,"Hunt Oil Company of Peru L.L.C.,",,,,,,,,,,,,,,,,,,,,,,,,,,,,,,,,,,,,
2025,11,CA-0001-no2025.XLS,7,106,USP5300PAE36,,2394,,,,12500,11000,,15700,13224,,,33768.46,51674.54,,140261,0.22263650793650794,,,,,,,,,,,,,,,,,,,
2025,11,CA-0001-no2025.XLS,7,107,Industria,,,,,,,,,,,,,,,,,,,,,,,,,,,,,,,,,,,,
2025,11,CA-0001-no2025.XLS,7,108,Alimentos,,,,,,,,,,,,,,,,,,,,,,,,,,,,,,,,,,,,
2025,11,CA-0001-no2025.XLS,7,109,ALICORP S.A.,,,,,,,,,,,,,,,,,,,,,,,,,,,,,,,,,,,,
2025,11,CA-0001-no2025.XLS,7,110,USP0161KEA71,,22428,35000,,,127200,118800,,91500,108500,,,103455,,,606883,0.39665555555555554,,,,,,,,,,,,,,,,,,,
2025,11,CA-0001-no2025.XLS,7,111,Camposol S.A.,,,,,,,,,,,,,,,,,,,,,,,,,,,,,,,,,,,,
2025,11,CA-0001-no2025.XLS,7,112,USP19189AE26,,,,,,,,,,281,,,,,,281,0.0008028571428571428,,,,,,,,,,,,,,,,,,,
2025,11,CA-0001-no2025.XLS,7,113,Inmobiliaria y Construccion,,,,,,,,,,,,,,,,,,,,,,,,,,,,,,,,,,,,
2025,11,CA-0001-no2025.XLS,7,114,AENZA S.A.A. (antes GRANA & MONTERO S.A.A.),,,,,,,,,,,,,,,,,,,,,,,,,,,,,,,,,,,,
2025,11,CA-0001-no2025.XLS,7,115,USP0091FAB50,,,,,,,,,10000,28500,,,,,,38500,0.18333333333333332,,,,,,,,,,,,,,,,,,,
2025,11,CA-0001-no2025.XLS,7,116,Huascacocha Finance Limited,,,,,,,,,,,,,,,,,,,,,,,,,,,,,,,,,,,,
2025,11,CA-0001-no2025.XLS,7,117,XS0511095894,,,,,,2131,24352,,,,,,,,,26483,0.12473388722596632,,,,,,,,,,,,,,,,,,,
2025,11,CA-0001-no2025.XLS,7,118,XS0511096355,,,,,,1379,15754,,704,2607,162,,,,,20606,0.18962693074686318,,,,,,,,,,,,,,,,,,,
2025,11,CA-0001-no2025.XLS,7,119,Línea Amarilla S.A.C.,,,,,,,,,,,,,,,,,,,,,,,,,,,,,,,,,,,,
2025,11,CA-0001-no2025.XLS,7,120,XS0799645816,,,,,,18557,212084,,28582,105830,6586,,1914,125206,35241,534000,0.6584979571609051,,,,,,,,,,,,,,,,,,,
2025,11,CA-0001-no2025.XLS,7,121,Norvial S.A.,,,,,,,,,,,,,,,,,,,,,,,,,,,,,,,,,,,,
2025,11,CA-0001-no2025.XLS,7,122,PEP74850M025,,40,600,40,,,,,,,,,,,,680,0.023859649122807018,,,,,,,,,,,,,,,,,,,
2025,11,CA-0001-no2025.XLS,7,123,Rutas de Lima S.A.C.,,,,,,,,,,,,,,,,,,,,,,,,,,,,,,,,,,,,
2025,11,CA-0001-no2025.XLS,7,124,USP82169AA48,,500,5305,500,,56108,222932,,24547,171831,,,37462,173723,18274,711182,0.6851477555833441,,,,,,,,,,,,,,,,,,,
2025,11,CA-0001-no2025.XLS,7,125,XS1084504874,,,,,,,,,,,,,37462,84534,18274,140270,0.3333333333333333,,,,,,,,,,,,,,,,,,,
2025,11,CA-0001-no2025.XLS,7,126,Minería,,,,,,,,,,,,,,,,,,,,,,,,,,,,,,,,,,,,
2025,11,CA-0001-no2025.XLS,7,127,CIA MINERA BUENAVENTURA,,,,,,,,,,,,,,,,,,,,,,,,,,,,,,,,,,,,
2025,11,CA-0001-no2025.XLS,7,128,USP6680PAB78,,,,,,14765,11255,,17200,13800,,,7413,5480,,69913,0.10755846153846153,,,,,,,,,,,,,,,,,,,
2025,11,CA-0001-no2025.XLS,7,129,MINSUR,,,,,,,,,,,,,,,,,,,,,,,,,,,,,,,,,,,,
2025,11,CA-0001-no2025.XLS,7,130,USP6811TAB19,,,3200,,,,3251,,,,,,,,,6451,0.012902,,,,,,,,,,,,,,,,,,,
2025,11,CA-0001-no2025.XLS,7,131,Nexa Resources S.A. Peru,,,,,,,,,,,,,,,,,,,,,,,,,,,,,,,,,,,,
2025,11,CA-0001-no2025.XLS,7,132,USL67359AC04,,,,,,7000,,,,,,,,,,7000,0.014,,,,,,,,,,,,,,,,,,,
2025,11,CA-0001-no2025.XLS,7,133,VOLCAN CIA MINERA,,,,,,,,,,,,,,,,,,,,,,,,,,,,,,,,,,,,
2025,11,CA-0001-no2025.XLS,7,134,USP98047AC08,,523,,,,,,,,,,,,,,523,0.007692760274174095,,,,,,,,,,,,,,,,,,,
2025,11,CA-0001-no2025.XLS,7,135,USP98047AE63,,10000,13485,,,,,,,,,,20100,43500,,87085,0.11611333333333333,,,,,,,,,,,,,,,,,,,
2025,11,CA-0001-no2025.XLS,7,136,Otras Empresas Financieras,,,,,,,,,,,,,,,,,,,,,,,,,,,,,,,,,,,,
2025,11,CA-0001-no2025.XLS,7,137,Caja Municipal de Ahorro y Crédito de Arequip,,,,,,,,,,,,,,,,,,,,,,,,,,,,,,,,,,,,
2025,11,CA-0001-no2025.XLS,7,138,PEP13150Q066,,,,,,,,,,,,40000,,,,40000,0.7072761029086729,,,,,,,,,,,,,,,,,,,
2025,11,CA-0001-no2025.XLS,7,139,PEP13150Q074,,,,,,,,,,,,40000,,,,40000,0.7352941176470589,,,,,,,,,,,,,,,,,,,
2025,11,CA-0001-no2025.XLS,7,140,PEP13150Q082,,,,,,,,,,,,5000,,,,5000,0.08888888888888889,,,,,,,,,,,,,,,,,,,
2025,11,CA-0001-no2025.XLS,7,141,CORPORACION FINANCIERA DE DESARROLLO,,,,,,,,,,,,,,,,,,,,,,,,,,,,,,,,,,,,
2025,11,CA-0001-no2025.XLS,7,142,PEP11100M302,,13,27,,,,,,,,,4386,,,,4426,0.14753333333333332,,,,,,,,,,,,,,,,,,,
2025,11,CA-0001-no2025.XLS,7,143,PEP11100M310,,,,,,,,,,,,1540,,,,1540,0.154,,,,,,,,,,,,,,,,,,,
2025,11,CA-0001-no2025.XLS,7,144,PEP11100V204,,,,,6000,,,1000,,,,3000,,,,10000,0.4170141784820684,,,,,,,,,,,,,,,,,,,
2025,11,CA-0001-no2025.XLS,7,145,Edpyme Santander Consumo Perú S.A.,,,,,,,,,,,,,,,,,,,,,,,,,,,,,,,,,,,,
2025,11,CA-0001-no2025.XLS,7,146,PEP16997V299,100,,,,1050,,,2000,,,,,,,,3150,0.5258764607679466,,,,,,,,,,,,,,,,,,,
2025,11,CA-0001-no2025.XLS,7,147,PEP16997V307,50,,,,1862,,,373,,,,,,,,2285,0.38083333333333336,,,,,,,,,,,,,,,,,,,
2025,11,CA-0001-no2025.XLS,7,148,PEP16997V315,,,,,1443,,,141,,,,2357,,,,3941,0.6568333333333334,,,,,,,,,,,,,,,,,,,
2025,11,CA-0001-no2025.XLS,7,149,PEP16997V323,100,,,,2000,,,,,,,,,,,2100,0.33648453773433745,,,,,,,,,,,,,,,,,,,
2025,11,CA-0001-no2025.XLS,7,150,PEP16997V331,44,,,,1595,,,,,,,1751,,,,3390,0.42375,,,,,,,,,,,,,,,,,,,
2025,11,CA-0001-no2025.XLS,7,151,PEP16997V349,51,,,,3628,,,,,,,764,,,,4443,0.555375,,,,,,,,,,,,,,,,,,,
2025,11,CA-0001-no2025.XLS,7,152,Fondo Mivivienda S.A.,,,,,,,,,,,,,,,,,,,,,,,,,,,,,,,,,,,,
2025,11,CA-0001-no2025.XLS,7,153,PEP16880M023,,,,,,,3664,,,,,,,,,3664,0.05909677419354839,,,,,,,,,,,,,,,,,,,
2025,11,CA-0001-no2025.XLS,7,154,PEP16880M049,,,1160,,,,971,,,,,,,,,2131,0.04262,,,,,,,,,,,,,,,,,,,
2025,11,CA-0001-no2025.XLS,7,155,PEP16880V016,5000,,,,25000,,,40000,,,,,,,,70000,0.7692307692307693,,,,,,,,,,,,,,,,,,,
2025,11,CA-0001-no2025.XLS,7,156,Otros,,,,,,,,,,,,,,,,,,,,,,,,,,,,,,,,,,,,
2025,11,CA-0001-no2025.XLS,7,157,Asociación Tecsup N° 2,,,,,,,,,,,,,,,,,,,,,,,,,,,,,,,,,,,,
2025,11,CA-0001-no2025.XLS,7,158,CVL75840TB14,,,,,,180,,,1000,,,,,,,1180,0.10727272727272727,,,,,,,,,,,,,,,,,,,
2025,11,CA-0001-no2025.XLS,7,159,Electro Dunas S.A.A.,,,,,,,,,,,,,,,,,,,,,,,,,,,,,,,,,,,,
2025,11,CA-0001-no2025.XLS,7,160,PEP70160M015,,25,,,,,,,,,,,,,,25,0.00010845986984815618,,,,,,,,,,,,,,,,,,,
2025,11,CA-0001-no2025.XLS,8,1,INVERSIÓN EN FONDOS MUTUOS O DE INVERSIÓN LOCALES,,,,,,,,,,,,,,,,,,,,,,,,,,,,,,,,,,,,
2025,11,CA-0001-no2025.XLS,8,2,(En miles de Soles),,,,,,,,,,,,,,,,,,,,,,,,,,,,,,,,,,,,
2025,11,CA-0001-no2025.XLS,8,3,Al 28-11-2025,,,,,,,,,,,,,,,,,,,,,,,,,,,,,,,,,,,,
2025,11,CA-0001-no2025.XLS,8,4,,Tipo de Oferta,HA00,,HA01,,HA02,,HA03,,IN01,,IN02,,IN03,,PR01,,PR02,,PR03,,RI01,,RI02,,RI03,,TOTAL,,,,,,,,
2025,11,CA-0001-no2025.XLS,8,5,,,Monto,%,Monto,%,Monto,%,Monto,%,Monto,%,Monto,%,Monto,%,Monto,%,Monto,%,Monto,%,Monto,%,Monto,%,Monto,%,Monto,%,,,,,,,
2025,11,CA-0001-no2025.XLS,8,6,AC CAPITALES SAFI S.A.,,0,,0,,0,,0,,0,,114864.14190249419,0.0040355763535841185,12872.1084534626,0.004038293596453272,12.2978907304,2.5165137461057818e-06,67789.8480828336,0.004963318848370414,2353.5115141779997,0.0007029723813811835,0,,0,,10071.9786384684,0.003605547612912841,207963.88648216717,0.001743498566498915,,,,,,,
2025,11,CA-0001-no2025.XLS,8,7,Fondo de Infraestructura II,PRIVADA,0,,0,,0,,0,,0,,73525.286117892,0.002583198734899778,0,,0,,38141.2370216016,0.002792558560953861,0,,0,,0,,0,,111666.5231394936,0.0009361741902064309,,,,,,,
2025,11,CA-0001-no2025.XLS,8,8,"Fondo de Inversión en Infraestructura, Servicios Públicos y Recursos Naturales",PRIVADA,0,,0,,0,,0,,0,,18106.1768120916,0.0006361328939253869,5217.4090559084,0.0016368281588619248,12.2978907304,2.5165137461057818e-06,14540.6462685162,0.001064611674654113,674.8515727534,0.00020157199755319096,0,,0,,0,,38551.38159999999,0.0003232016851248653,,,,,,,
2025,11,CA-0001-no2025.XLS,8,9,Fondo Inmobiliario II,PRIVADA,0,,0,,0,,0,,0,,23232.6789725106,0.0008162447247589533,7654.6993975542,0.002401465437591348,0,,15107.9647927158,0.0011061486127624401,1678.6599414246,0.0005014003838279925,0,,0,,10071.9786384684,0.003605547612912841,57745.9817426736,0.0004841226911676187,,,,,,,
2025,11,CA-0001-no2025.XLS,8,10,BD Capital SAFI SAC,,0,,1952.8553519558002,0.0011802783923913099,17634.1013183151,0.0013510971491418062,0,,51642.3496843028,0.006653121108533095,6205.9917238402,0.00021803804944216818,0,,75599.2514938345,0.015469852493424667,108293.376041062,0.007928835506483125,0,,85285.4731967567,0.012730189327282284,101121.8165140581,0.004508793642390789,0,,447735.2153241252,0.0037536599228521995,,,,,,,
2025,11,CA-0001-no2025.XLS,8,11,Fondo de Inversión Senior Loans BDC 2 CLASE A,PUBLICA,0,,1952.8553519558002,0.0011802783923913099,17634.1013183151,0.0013510971491418062,0,,0,,0,,0,,55103.372697430095,0.011275786871897384,66338.6788157853,0.00485706966830859,0,,73168.1972522514,0.010921496579003766,40535.4367915316,0.0018073836685062214,0,,254732.6422272693,0.0021355919245229556,,,,,,,
2025,11,CA-0001-no2025.XLS,8,12,Fondo de Inversión Senior Loans BDC CLASE C,PUBLICA,0,,0,,0,,0,,51642.3496843028,0.006653121108533095,6205.9917238402,0.00021803804944216818,0,,20495.8787964044,0.004194065621527283,41954.6972252767,0.003071765838174535,0,,12117.2759445053,0.0018086927482785177,60586.3797225265,0.002701409973884567,0,,193002.57309685592,0.0016180679983292437,,,,,,,
2025,11,CA-0001-no2025.XLS,8,13,BlackRock Institutional Trust Company PE,,0,,0,,0,,0,,0,,118.56123258,4.165467993116531e-06,21556.252767420003,0.006762720950411486,0,,249472.99092534,0.018265478283799753,43520.8590306,0.012999282870804681,0,,0,,0,,314668.66395594,0.0026380751668456364,,,,,,,
2025,11,CA-0001-no2025.XLS,8,14,ETF - EPU,PUBLICA,0,,0,,0,,0,,0,,118.56123258,4.165467993116531e-06,21556.252767420003,0.006762720950411486,0,,249472.99092534,0.018265478283799753,43520.8590306,0.012999282870804681,0,,0,,0,,314668.66395594,0.0026380751668456364,,,,,,,
2025,11,CA-0001-no2025.XLS,8,15,"Carlyle Peru GP, L.P.",,0,,0,,0,,0,,0,,44191.6240712419,0.0015526052793723088,27582.4968581983,0.008653300338429933,0,,34692.4914410695,0.002540054322824085,14868.2096713205,0.0044409983535489165,0,,33040.4684865799,0.001473199942301217,33040.4684865799,0.011827763596153288,187415.75901499004,0.0015712300472416907,,,,,,,
2025,11,CA-0001-no2025.XLS,8,16,Carlyle Peru Fund,PRIVADA,0,,0,,0,,0,,0,,44191.6240712419,0.0015526052793723088,27582.4968581983,0.008653300338429933,0,,34692.4914410695,0.002540054322824085,14868.2096713205,0.0044409983535489165,0,,33040.4684865799,0.001473199942301217,33040.4684865799,0.011827763596153288,187415.75901499004,0.0015712300472416907,,,,,,,
2025,11,CA-0001-no2025.XLS,8,17,COMPASS GROUP SAFI S.A.,,12007.301517036,0.04723845438044108,27586.69920909,0.016673014189851943,93581.82399745201,0.007170092387023246,47453.251941277,0.010958590803253178,0,,0,,0,,6419.4827398,0.0013136168560728507,9901.2360902,0.000724931432927927,0,,0,,0,,0,,196949.795494855,0.0016511601698065929,,,,,,,
2025,11,CA-0001-no2025.XLS,8,18,Compass - Fondo de Inversión Acreencias High Yield,PRIVADA,12007.301517036,0.04723845438044108,27586.69920909,0.016673014189851943,93581.82399745201,0.007170092387023246,47453.251941277,0.010958590803253178,0,,0,,0,,0,,0,,0,,0,,0,,0,,180629.076664855,0.0015143328082599674,,,,,,,
2025,11,CA-0001-no2025.XLS,8,19,VINCI COMPASS - FONDO DE INVERSIÓN OPORTUNIDADES RENTA FIJA II,PRIVADA,0,,0,,0,,0,,0,,0,,0,,6419.4827398,0.0013136168560728507,9901.2360902,0.000724931432927927,0,,0,,0,,0,,16320.718829999998,0.00013682736154662538,,,,,,,
2025,11,CA-0001-no2025.XLS,8,20,Credicorp Capital S.A. Sociedad Admin. Fondos,,0,,0,,0,,0,,0,,37127.197821999995,0.0013044074427726127,9281.799455499999,0.002911926312633443,53804.96921861,0.011010094951707745,146816.99235148,0.010749390447205973,19026.579,0.005683065270168732,16212.20419,0.0024199247657936155,77029.0954507,0.0034345535693471848,27112.2408557,0.00970558802861522,386411.07834398997,0.003239539193886995,,,,,,,
2025,11,CA-0001-no2025.XLS,8,21,Credicorp Capital Fondo de Inversión Inmobiliario Perú,PRIVADA,0,,0,,0,,0,,0,,37127.197821999995,0.0013044074427726127,9281.799455499999,0.002911926312633443,0,,38053.158,0.002786109744790015,19026.579,0.005683065270168732,0,,54225.1159307,0.002417775574000436,27112.2408557,0.00970558802861522,184826.0910639,0.001549519151004806,,,,,,,
2025,11,CA-0001-no2025.XLS,8,22,Fondo Credicorp Deuda Soles,PUBLICA,0,,0,,0,,0,,0,,0,,0,,31811.575188900002,0.006509593230508452,77002.3218146,0.005637821680374434,0,,0,,0,,0,,108813.89700350001,0.0009122587418899337,,,,,,,
2025,11,CA-0001-no2025.XLS,8,23,Fondo Credicorp Deuda Soles II,PUBLICA,0,,0,,0,,0,,0,,0,,0,,21941.704044399998,0.004489924414779822,31683.2790456,0.0023197310587428103,0,,16212.20419,0.0024199247657936155,22803.97952,0.0010167779953467488,0,,92641.1668,0.0007766720667072987,,,,,,,
2025,11,CA-0001-no2025.XLS,8,24,Fondo de Inversión Credicorp Capital Deuda Titulizada Clase C,PUBLICA,0,,0,,0,,0,,0,,0,,0,,51.68998531,1.0577306419471657e-05,78.23349128,5.727963298713675e-06,0,,0,,0,,0,,129.92347659,1.089234284956703e-06,,,,,,,
2025,11,CA-0001-no2025.XLS,8,25,El Dorado Asset Management,,0,,0,,0,,0,,0,,98673.745891296,0.0034667514947920868,0,,0,,0,,0,,0,,0,,0,,98673.745891296,0.0008272471601808851,,,,,,,
2025,11,CA-0001-no2025.XLS,8,26,FONDO BURSATIL VANECK EL DORADO PERU ETF,PUBLICA,0,,0,,0,,0,,0,,98673.745891296,0.0034667514947920868,0,,0,,0,,0,,0,,0,,0,,98673.745891296,0.0008272471601808851,,,,,,,
2025,11,CA-0001-no2025.XLS,8,27,Enfoca SAFI S.A.,,0,,0,,0,,0,,0,,19748.388,0.0006938294781486876,46079.572,0.014456282838795628,0,,18860.82,0.001380918619073098,6286.94,0.0018778515238937388,0,,40680.2,0.0018138383333500207,0,,131655.92,0.001103758501891524,,,,,,,
2025,11,CA-0001-no2025.XLS,8,28,Enfoca Descubridor 1 Clase B,PRIVADA,0,,0,,0,,0,,0,,9874.194,0.0003469147390743438,23039.786,0.007228141419397814,0,,9430.41,0.000690459309536549,3143.47,0.0009389257619468694,0,,20340.1,0.0009069191666750103,0,,65827.96,0.000551879250945762,,,,,,,
2025,11,CA-0001-no2025.XLS,8,29,Enfoca Descubridor 2 Clase B,PRIVADA,0,,0,,0,,0,,0,,9874.194,0.0003469147390743438,23039.786,0.007228141419397814,0,,9430.41,0.000690459309536549,3143.47,0.0009389257619468694,0,,20340.1,0.0009069191666750103,0,,65827.96,0.000551879250945762,,,,,,,
2025,11,CA-0001-no2025.XLS,8,30,Faro Capital SAFI S.A.,,0,,0,,0,,0,,0,,815.7556800000001,2.8660331048348243e-05,203.93892000000002,6.398060097777199e-05,0,,21727.881,0.0015908340902412834,6207.966,0.0018542627118090069,0,,34824.826506,0.0015527604404316268,17414.112744,0.006233870710896591,81194.48085,0.0006807069408261781,,,,,,,
2025,11,CA-0001-no2025.XLS,8,31,Faro Capital Fondo de Inversión Inmobiliario I ,PUBLICA,0,,0,,0,,0,,0,,0,,0,,0,,21727.881,0.0015908340902412834,6207.966,0.0018542627118090069,0,,33523.0164,0.0014947156650124977,16761.5082,0.006000252586766704,78220.3716,0.0006557730193569292,,,,,,,
2025,11,CA-0001-no2025.XLS,8,32,Fondo de Inversión en Retail,PRIVADA,0,,0,,0,,0,,0,,815.7556800000001,2.8660331048348243e-05,203.93892000000002,6.398060097777199e-05,0,,0,,0,,0,,1301.810106,5.8044775419129055e-05,652.604544,0.00023361812412988622,2974.10925,2.493392146924896e-05,,,,,,,
2025,11,CA-0001-no2025.XLS,8,33,HMC Asset Management S.A. Sociedad Administra,,0,,36031.620818167095,0.021777006398312117,57050.036533717495,0.00437108420371186,27023.7082882369,0.006240705304743762,0,,0,,0,,38757.752176226604,0.007930987374813266,95971.5803036907,0.007026679759588156,0,,0,0,0,0,0,,254834.6981200388,0.0021364475264534465,,,,,,,
2025,11,CA-0001-no2025.XLS,8,34,Fondo HMC Crédito Perú II (PEN) FI,PUBLICA,0,,23733.334167018,0.014344094389110577,37577.781333603,0.0028791505909163215,17800.002173142002,0.0041106337739270065,0,,0,,0,,25491.396751909,0.005216296984574748,63121.561189995,0.004621524361731142,0,,0,,0,,0,,167724.075615667,0.0014061416640640946,,,,,,,
2025,11,CA-0001-no2025.XLS,8,35,Fondo HMC Crédito Perú II (USD) FI,PUBLICA,0,,12298.2866511491,0.0074329120092015396,19472.2552001145,0.0014919336127955385,9223.7061150949,0.0021300715308167554,0,,0,,0,,13266.3554243176,0.0027146903902385187,32850.0191136957,0.0024051553978570147,0,,0,,0,,0,,87110.6225043718,0.0007303058623893518,,,,,,,
2025,11,CA-0001-no2025.XLS,8,36,Fondo HMC Crédito Perú III (PEN) FI,PUBLICA,0,,0,,0,,0,,0,,0,,0,,0,0,0,0,0,,0,0,0,0,0,,0,0,,,,,,,
2025,11,CA-0001-no2025.XLS,8,37,Fondo HMC Crédito Perú III (USD) FI,PUBLICA,0,,0,,0,,0,,0,,0,,0,,0,0,0,0,0,,0,0,0,0,0,,0,0,,,,,,,
2025,11,CA-0001-no2025.XLS,8,38,Larráin Vial S.A. SAF - Perú,,0,,0,,31898.27246304,0.002443995540765092,0,,0,,131747.33957124,0.004628741741462209,14747.708277736001,0.004626714894118356,35643.566501730005,0.0072937324804903045,70217.9131875896,0.0051410926838388205,9506.282728432,0.002839439776449395,0,,55826.24722272,0.0024891664057611483,0,,349587.3299524876,0.0029308213986018678,,,,,,,
2025,11,CA-0001-no2025.XLS,8,39,Bienes Raíces LV Colliers II,PRIVADA,0,,0,,0,,0,,0,,36049.1058522,0.001266530326483292,14747.708277736001,0.004626714894118356,0,,21629.46351132,0.001583628330228695,9506.282728432,0.002839439776449395,0,,0,,0,,81932.560369688,0.0006868947487494955,,,,,,,
2025,11,CA-0001-no2025.XLS,8,40,Fondo de Inversión Activa de Financiamiento Estructurado Perú II,PUBLICA,0,,0,,0,,0,,0,,0,,0,,35643.566501730005,0.0072937324804903045,10981.489916909599,0.0008040235732817531,0,,0,,0,,0,,46625.0564186396,0.00039088863169423326,,,,,,,
2025,11,CA-0001-no2025.XLS,8,41,Fondo de Inversión en Bienes Raices Larrain Vial Colliers III,PUBLICA,0,,0,,31898.27246304,0.002443995540765092,0,,0,,95698.23371904,0.003362211414978917,0,,0,,37606.95975936,0.002753440780328373,0,,0,,55826.24722272,0.0024891664057611483,0,,221029.71316416,0.001853038018158139,,,,,,,
2025,11,CA-0001-no2025.XLS,8,42,Macrocapitales SAFI S.A.,,0,,0,,0,,0,,0,,100295.917155,0.003523744006857555,24223.18601448,0.007599402795713499,0,,21208.11523612,0.0015527787871898442,9856.0739188,0.002943919208395167,0,,164393.87164,0.007329951822961903,6802.7937999999995,0.0024352510889020414,326779.9577644,0.0027396121392050557,,,,,,,
2025,11,CA-0001-no2025.XLS,8,43,Fortaleza Fondo de Inversión de Capital Privado I,PRIVADA,0,,0,,0,,0,,0,,11536.627355,0.0004053217982812331,2030.44641448,0.0006370004403847618,0,,17812.55263612,0.0013041684077594558,6460.5113188,0.0019296956906128143,0,,0,,0,,37840.137724399996,0.0003172388581239088,,,,,,,
2025,11,CA-0001-no2025.XLS,8,44,Kandeo Fund II (Perú) Servicios Financieros ,PRIVADA,0,,0,,0,,0,,0,,6802.7937999999995,0.00023900577972273623,1703.6156,0.000534465662185068,0,,3395.5626,0.0002486103794303884,3395.5626,0.0010142235177823529,0,,13593.919,0.0006061221769473892,6802.7937999999995,0.0024352510889020414,35694.24740000001,0.00029924844273139734,,,,,,,
2025,11,CA-0001-no2025.XLS,8,45,Macro-Infraestructura: Fondo de Inversión en Instrumentos de Deuda,PRIVADA,0,,0,,0,,0,,0,,81956.496,0.0028794164288535855,20489.124,0.00642793669314367,0,,0,,0,,0,,150799.95263999997,0.006723829646014514,0,,253245.57264,0.0021231248383497495,,,,,,,
2025,11,CA-0001-no2025.XLS,8,46,SIGMA SAFI SA,,0,,0,,0,,0,,0,,86233.95412416,0.0030296983930366266,19727.175461,0.0061888948984761515,0,,41428.644775420005,0.003033250247515373,16063.5571611,0.004798037724890935,0,,57847.42850312,0.0025792863187664677,34927.9149937,0.012503428080017046,256228.6750185,0.0021481341551528384,,,,,,,
2025,11,CA-0001-no2025.XLS,8,47,Fondo de Inversión en Infraestructura -Sigma FI,PRIVADA,0,,0,,0,,0,,0,,78908.701844,0.002772336831837257,19727.175461,0.0061888948984761515,0,,39736.1677143,0.0029093334143100976,16063.5571611,0.004798037724890935,0,,52981.5569524,0.0023623280849364168,34663.465452899996,0.01240876094014389,242080.6245857,0.0020295217072629672,,,,,,,
2025,11,CA-0001-no2025.XLS,8,48,Leasing Operativo,PUBLICA,0,,0,,0,,0,,0,,7325.25228016,0.00025736156119936964,0,,0,,1692.47706112,0.00012391683320527556,0,,0,,4865.8715507199995,0.0002169582338300511,264.4495408,9.466713987315695e-05,14148.050432799999,0.00011861244788987124,,,,,,,
2025,11,CA-0001-no2025.XLS,8,49,Union para la Infraestructura Peru SAC,,0,,0,,0,,0,,0,,55967.1205116556,0.001966319378477206,0,,0,,0,,0,,0,,0,,0,,55967.1205116556,0.0004692093229922921,,,,,,,
2025,11,CA-0001-no2025.XLS,8,50,Fondo de Inversion en Infraestructura AM SURA,PUBLICA,0,,0,,0,,0,,0,,55967.1205116556,0.001966319378477206,0,,0,,0,,0,,0,,0,,0,,55967.1205116556,0.0004692093229922921,,,,,,,
2025,11,CA-0001-no2025.XLS,8,51,W Capital SAFI S.A.,,0,,0,,0,,0,,0,,4358.791080882,0.0001531394735108259,1089.697452137,0.000341864602752982,0,,2179.395540441,0.00015956718107271335,1634.5471324559999,0.00048822429092032694,0,,0,,0,,9262.431205915998,7.765307622866594e-05,,,,,,,
2025,11,CA-0001-no2025.XLS,8,52,Fondo de Desarrollo de Vivienda (FODEVI),PUBLICA,0,,0,,0,,0,,0,,4358.791080882,0.0001531394735108259,1089.697452137,0.000341864602752982,0,,2179.395540441,0.00015956718107271335,1634.5471324559999,0.00048822429092032694,0,,0,,0,,9262.431205915998,7.765307622866594e-05,,,,,,,
2025,11,CA-0001-no2025.XLS,8,53,Total general,,12007.301517036,0.04723845438044108,65571.1753792129,0.039630298980555374,200164.23431252458,0.015336269280642004,74476.9602295139,0.01719929610799694,51642.3496843028,0.006653121108533095,700348.5287663898,0.024605676890497863,177363.9356599339,0.055643381828762536,210237.32002093148,0.04302080067025494,888561.2849752465,0.06505713021013056,129324.5261568865,0.038628054112262084,101497.67738675671,0.0151501140930759,564763.9543231779,0.025181550475310354,129369.50951844829,0.04631144911749703,3305328.757930362,0.027710753288664784,,,,,,,
2025,11,CA-0001-no2025.XLS,9,1,INVERSIÓN EN FONDOS MUTUOS O DE INVERSIÓN LOCALES (UNIDADES*),,,,,,,,,,,,,,,,,,,,,,,,,,,,,,,,,,,,
2025,11,CA-0001-no2025.XLS,9,2,Al 28-11-2025,,,,,,,,,,,,,,,,,,,,,,,,,,,,,,,,,,,,
2025,11,CA-0001-no2025.XLS,9,3,,HA00,HA01,HA02,HA03,IN01,IN02,IN03,PR01,PR02,PR03,RI01,RI02,RI03,Total general,% sobre el Fondo mutuo,,,,,,,,,,,,,,,,,,,,,
2025,11,CA-0001-no2025.XLS,9,4,AC CAPITALES SAFI S.A.,,,,,,,,,,,,,,,,,,,,,,,,,,,,,,,,,,,,
2025,11,CA-0001-no2025.XLS,9,5,Fondo de Infraestructura II,,,,,,24528385,,,12724098,,,,,37252483,0.2888086642599278,,,,,,,,,,,,,,,,,,,,,
2025,11,CA-0001-no2025.XLS,9,6,"Fondo de Inversión en Infraestructura, Servicios Públicos y Recursos Naturales",,,,,,1878654,541346,1276,1508703,70021,,,,4000000,0.9999999589929215,,,,,,,,,,,,,,,,,,,,,
2025,11,CA-0001-no2025.XLS,9,7,Fondo Inmobiliario II,,,,,,14681059,4837113,,9546937,1060769,,,6364626,36490504,0.601184831843849,,,,,,,,,,,,,,,,,,,,,
2025,11,CA-0001-no2025.XLS,9,8,BD Capital SAFI SAC,,,,,,,,,,,,,,,,,,,,,,,,,,,,,,,,,,,,
2025,11,CA-0001-no2025.XLS,9,9,Fondo de Inversión Senior Loans BDC 2 CLASE A,,535,4831,,,,,15096,18174,,20045,11105,,69786,0.6244444444444445,,,,,,,,,,,,,,,,,,,,,
2025,11,CA-0001-no2025.XLS,9,10,Fondo de Inversión Senior Loans BDC CLASE C,,,,,15070,1811,,5981,12243,,3536,17680,,56321,0.26666666666666666,,,,,,,,,,,,,,,,,,,,,
2025,11,CA-0001-no2025.XLS,9,11,BlackRock Institutional Trust Company PE,,,,,,,,,,,,,,,,,,,,,,,,,,,,,,,,,,,,
2025,11,CA-0001-no2025.XLS,9,12,ETF - EPU,,,,,,547,99453,,1150981,200790,,,,1451771,0.4921252448660635,,,,,,,,,,,,,,,,,,,,,
2025,11,CA-0001-no2025.XLS,9,13,"Carlyle Peru GP, L.P.",,,,,,,,,,,,,,,,,,,,,,,,,,,,,,,,,,,,
2025,11,CA-0001-no2025.XLS,9,14,Carlyle Peru Fund,,,,,,86.0620402,53.7161963,,67.5627261,28.9554522,,64.3454543,64.3454543,364.9873234,0.34056631312639873,,,,,,,,,,,,,,,,,,,,,
2025,11,CA-0001-no2025.XLS,9,15,COMPASS GROUP SAFI S.A.,,,,,,,,,,,,,,,,,,,,,,,,,,,,,,,,,,,,
2025,11,CA-0001-no2025.XLS,9,16,Compass - Fondo de Inversión Acreencias High Yield,11755188,27007470,91616916,46456891,,,,,,,,,,176836465,0.5,,,,,,,,,,,,,,,,,,,,,
2025,11,CA-0001-no2025.XLS,9,17,VINCI COMPASS - FONDO DE INVERSIÓN OPORTUNIDADES RENTA FIJA II,,,,,,,,59000,91000,,,,,150000,0.35,,,,,,,,,,,,,,,,,,,,,
2025,11,CA-0001-no2025.XLS,9,18,Credicorp Capital S.A. Sociedad Admin. Fondos,,,,,,,,,,,,,,,,,,,,,,,,,,,,,,,,,,,,
2025,11,CA-0001-no2025.XLS,9,19,Credicorp Capital Fondo de Inversión Inmobiliario Perú,,,,,,58540,14635,,60000,30000,,85499,42749,291423,0.7953185253109111,,,,,,,,,,,,,,,,,,,,,
2025,11,CA-0001-no2025.XLS,9,20,Fondo Credicorp Deuda Soles,,,,,,,,4413,10682,,,,,15095,0.31882986587812867,,,,,,,,,,,,,,,,,,,,,
2025,11,CA-0001-no2025.XLS,9,21,Fondo Credicorp Deuda Soles II,,,,,,,,12316,17784,,9100,12800,,52000,0.43505451776925796,,,,,,,,,,,,,,,,,,,,,
2025,11,CA-0001-no2025.XLS,9,22,Fondo de Inversión Credicorp Capital Deuda Titulizada Clase C,,,,,,,,3700,5600,,,,,9300,0.49732620320855614,,,,,,,,,,,,,,,,,,,,,
2025,11,CA-0001-no2025.XLS,9,23,El Dorado Asset Management,,,,,,,,,,,,,,,,,,,,,,,,,,,,,,,,,,,,
2025,11,CA-0001-no2025.XLS,9,24,FONDO BURSATIL VANECK EL DORADO PERU ETF,,,,,,1674352,,,,,,,,1674352,0.23852318618221427,,,,,,,,,,,,,,,,,,,,,
2025,11,CA-0001-no2025.XLS,9,25,Enfoca SAFI S.A.,,,,,,,,,,,,,,,,,,,,,,,,,,,,,,,,,,,,
2025,11,CA-0001-no2025.XLS,9,26,Enfoca Descubridor 1 Clase B,,,,,,13350000,31150000,,12750000,4250000,,27500000,,89000000,0.9862,,,,,,,,,,,,,,,,,,,,,
2025,11,CA-0001-no2025.XLS,9,27,Enfoca Descubridor 2 Clase B,,,,,,13350000,31150000,,12750000,4250000,,27500000,,89000000,0.9862,,,,,,,,,,,,,,,,,,,,,
2025,11,CA-0001-no2025.XLS,9,28,Faro Capital SAFI S.A.,,,,,,,,,,,,,,,,,,,,,,,,,,,,,,,,,,,,
2025,11,CA-0001-no2025.XLS,9,29,Faro Capital Fondo de Inversión Inmobiliario I ,,,,,,,,,350,100,,540,270,1260,0.7599517490952955,,,,,,,,,,,,,,,,,,,,,
2025,11,CA-0001-no2025.XLS,9,30,Fondo de Inversión en Retail,,,,,,24000,6000,,,,,38300,19200,87500,0.7608695652173914,,,,,,,,,,,,,,,,,,,,,
2025,11,CA-0001-no2025.XLS,9,31,HMC Asset Management S.A. Sociedad Administra,,,,,,,,,,,,,,,,,,,,,,,,,,,,,,,,,,,,
2025,11,CA-0001-no2025.XLS,9,32,Fondo HMC Crédito Perú II (PEN) FI,,22999222,36415437,17249418,,,,24681283,61115565,,,,,162460925,0.5,,,,,,,,,,,,,,,,,,,,,
2025,11,CA-0001-no2025.XLS,9,33,Fondo HMC Crédito Perú II (USD) FI,,3811481,6034835,2858608,,,,4110952,10179499,,,,,26995375,0.5,,,,,,,,,,,,,,,,,,,,,
2025,11,CA-0001-no2025.XLS,9,34,Fondo HMC Crédito Perú III (PEN) FI,,,,,,,,3053906,4514469,,3026700,3026700,,13621775,0.49569136430679184,,,,,,,,,,,,,,,,,,,,,
2025,11,CA-0001-no2025.XLS,9,35,Fondo HMC Crédito Perú III (USD) FI,,,,,,,,4733,7099,,4950,4950,,21732,0.48428515449496945,,,,,,,,,,,,,,,,,,,,,
2025,11,CA-0001-no2025.XLS,9,36,Larráin Vial S.A. SAF - Perú,,,,,,,,,,,,,,,,,,,,,,,,,,,,,,,,,,,,
2025,11,CA-0001-no2025.XLS,9,37,Bienes Raíces LV Colliers II,,,,,,18900,7732,,11340,4984,,,,42956,0.6782904457030289,,,,,,,,,,,,,,,,,,,,,
2025,11,CA-0001-no2025.XLS,9,38,Fondo de Inversión Activa de Financiamiento Estructurado Perú II,,,,,,,,10798425,3326906,,,,,14125331,0.4715495447881827,,,,,,,,,,,,,,,,,,,,,
2025,11,CA-0001-no2025.XLS,9,39,Fondo de Inversión en Bienes Raices Larrain Vial Colliers III,,,9337,,,28012,,,11008,,,16341,,64698,0.8815,,,,,,,,,,,,,,,,,,,,,
2025,11,CA-0001-no2025.XLS,9,40,Macrocapitales SAFI S.A.,,,,,,,,,,,,,,,,,,,,,,,,,,,,,,,,,,,,
2025,11,CA-0001-no2025.XLS,9,41,Fortaleza Fondo de Inversión de Capital Privado I,,,,,,125,22,,193,70,,,,410,0.82,,,,,,,,,,,,,,,,,,,,,
2025,11,CA-0001-no2025.XLS,9,42,Kandeo Fund II (Perú) Servicios Financieros ,,,,,,583,146,,291,291,,1165,583,3059,0.7300238663484487,,,,,,,,,,,,,,,,,,,,,
2025,11,CA-0001-no2025.XLS,9,43,Macro-Infraestructura: Fondo de Inversión en Instrumentos de Deuda,,,,,,1200,300,,,,,2208,,3708,0.845993031358885,,,,,,,,,,,,,,,,,,,,,
2025,11,CA-0001-no2025.XLS,9,44,SIGMA SAFI SA,,,,,,,,,,,,,,,,,,,,,,,,,,,,,,,,,,,,
2025,11,CA-0001-no2025.XLS,9,45,Fondo de Inversión en Infraestructura -Sigma FI,,,,,,280,70,,141,57,,188,123,859,0.6899598393574298,,,,,,,,,,,,,,,,,,,,,
2025,11,CA-0001-no2025.XLS,9,46,Leasing Operativo,,,,,,277,,,64,,,184,10,535,0.89605553665,,,,,,,,,,,,,,,,,,,,,
2025,11,CA-0001-no2025.XLS,9,47,Union para la Infraestructura Peru SAC,,,,,,,,,,,,,,,,,,,,,,,,,,,,,,,,,,,,
2025,11,CA-0001-no2025.XLS,9,48,Fondo de Inversion en Infraestructura AM SURA,,,,,,1800,,,,,,,,1800,0.20809248554913296,,,,,,,,,,,,,,,,,,,,,
2025,11,CA-0001-no2025.XLS,9,49,W Capital SAFI S.A.,,,,,,,,,,,,,,,,,,,,,,,,,,,,,,,,,,,,
2025,11,CA-0001-no2025.XLS,9,50,Fondo de Desarrollo de Vivienda (FODEVI),,,,,,6851646,1712911,,3425823,2569368,,,,14559748,0.85,,,,,,,,,,,,,,,,,,,,,
2025,11,CA-0001-no2025.XLS,9,51,* Se considera el valor sobre porcentaje comprometido total,,,,,,,,,,,,,,,,,,,,,,,,,,,,,,,,,,,,
2025,11,CA-0001-no2025.XLS,10,1,INVERSIÓN EN INSTRUMENTOS DEL EXTERIOR,,,,,,,,,,,,,,,,,,,,,,,,,,,,,,,,,,,,
2025,11,CA-0001-no2025.XLS,10,2,(En miles de Soles),,,,,,,,,,,,,,,,,,,,,,,,,,,,,,,,,,,,
2025,11,CA-0001-no2025.XLS,10,3,Al 28-11-2025,,,,,,,,,,,,,,,,,,,,,,,,,,,,,,,,,,,,
2025,11,CA-0001-no2025.XLS,10,4,,Moneda,Tasa cupón (%),Plazo remanente,HA01,,HA02,,HA03,,IN01,,IN02,,IN03,,PR01,,PR02,,PR03,,RI01,,RI02,,RI03,,Total,,,,,,,,
2025,11,CA-0001-no2025.XLS,10,5,,,,,Monto,%,Monto,%,Monto,%,Monto,%,Monto,%,Monto,%,Monto,%,Monto,%,Monto,%,Monto,%,Monto,%,Monto,%,Monto,%,,,,,,,
2025,11,CA-0001-no2025.XLS,10,6,CUENTAS CORRIENTES DEL EXTERIOR,,,,61.15638569120001,3.696206199592922e-05,38.8029332446,2.973019806269783e-06,62.5841209293,1.4452829763789957e-05,14708.421617806702,0.0018948965517031622,111595.4810581959,0.003920736942496766,18368.339823745497,0.005762595098999148,8883.624946107,0.0018178535475895676,36625.7666237019,0.002681601492856408,9169.638815898501,0.002738887316244497,91079.11505965011,0.01359498089194826,219246.3422521953,0.009775699726742004,41793.5205302194,0.014961164393997452,551632.7941673853,0.004624701923653935,,,,,,,
2025,11,CA-0001-no2025.XLS,10,7,BROWN BROTHERS HARRIMAN & CO.,,,,61.15638569120001,3.696206199592922e-05,38.8029332446,2.973019806269783e-06,62.5841209293,1.4452829763789957e-05,38.7713079867,4.994935535440172e-06,3495.1284899159004,0.00012279600624724203,3488.2399128255,0.0010943457285015848,0,,0,,0,,0,0,0,0,0,0,7184.6831505932005,6.0233942468094294e-05,,,,,,,
2025,11,CA-0001-no2025.XLS,10,8,AUD,,,,0,,0,,0,,0.11010550000000001,1.4184970875526508e-08,0.11010550000000001,3.868388731591679e-09,0.11010550000000001,3.454277418433948e-08,0,,0,,0,,0,,0,,0,,0.3303165,2.7692613077334584e-09,,,,,,,
2025,11,CA-0001-no2025.XLS,10,9,BRL,,,,0,0,0,0,0,0,0,0,0,0,0,0,0,,0,,0,,0,0,0,0,0,0,0,0,,,,,,,
2025,11,CA-0001-no2025.XLS,10,10,CAD,,,,0,0,0,0,0,0,0,0,338.60144901520005,1.1896245236350718e-05,338.60144901520005,0.00010622751262945257,0,,0,,0,,0,0,0,0,0,0,677.2028980304001,5.677439010768622e-06,,,,,,,
2025,11,CA-0001-no2025.XLS,10,11,CLP,,,,0,0,0,0,0,0,0,0,0,0,0,0,0,,0,,0,,0,0,0,0,0,0,0,0,,,,,,,
2025,11,CA-0001-no2025.XLS,10,12,COP,,,,0,0,0,0,0,0,0,0,0,0,0,0,0,,0,,0,,0,0,0,0,0,,0,0,,,,,,,
2025,11,CA-0001-no2025.XLS,10,13,EUR,,,,0.4099205912,2.477502575421581e-07,0.1015149176,7.77791356014679e-09,0,0,4.975907928,6.410498025800841e-07,8.521910188,2.9940431080096384e-07,1.6154638615999999,5.068103171431929e-07,0,,0,,0,,0,0,0,0,0,0,15.6247174864,1.3099232275515723e-07,,,,,,,
2025,11,CA-0001-no2025.XLS,10,14,GBP,,,,0,0,3.111050987,2.3836384080456913e-07,18.357683329300002,4.239421566944511e-06,0.044489346,5.7315944914761e-09,3114.2542200000003,0.00010941456995299811,3114.2542200000003,0.000977017317700626,0,,0,,0,,0,0,0,0,0,0,6250.021663662301,5.239805812206143e-05,,,,,,,
2025,11,CA-0001-no2025.XLS,10,15,JPY,,,,0,0,0,0,0,0,2.15292e-05,2.7736223437828748e-12,2.15292e-05,7.563955904126821e-13,0.017890765200000002,5.61276832028045e-09,0,,0,,0,,0,0,0,0,0,0,0.0179338236,1.5035108387015837e-10,,,,,,,
2025,11,CA-0001-no2025.XLS,10,16,MXN,,,,0,0,0,0,0,0,0,0,0,0,0,0,0,,0,,0,,0,0,0,0,0,0,0,0,,,,,,,
2025,11,CA-0001-no2025.XLS,10,17,PEN,,,,0,0,0,0,0,0,0,0,0,0,0,0,0,,0,,0,,0,0,0,0,0,0,0,0,,,,,,,
2025,11,CA-0001-no2025.XLS,10,18,RUB,,,,0,,0,,0,,0,,0,0,0,0,0,,0,,0,,0,,0,,0,,0,0,,,,,,,
2025,11,CA-0001-no2025.XLS,10,19,USD,,,,60.7464651,3.671431173838706e-05,35.59036734,2.726878051905067e-06,44.2264376,1.0213408196845446e-05,33.62,4.331288816954659e-06,33.62,1.1811873989592911e-06,33.62,1.054741196468381e-05,0,,0,,0,,0,0,0,0,0,0,241.42327004,2.024010670094465e-06,,,,,,,
2025,11,CA-0001-no2025.XLS,10,20,HKD,,,,0,,0,,0,,0,0,0,0,0,0,0,,0,,0,,0,,0,,0,,0,0,,,,,,,
2025,11,CA-0001-no2025.XLS,10,21,CHF,,,,0,,0,,0,,0.0041836735,5.38985670563342e-10,0.0041836735,1.4698698451992607e-10,0.0041836735,1.312520164492284e-09,0,,0,,0,,0,,0,,0,,0.0125510205,1.0522349153983967e-10,,,,,,,
2025,11,CA-0001-no2025.XLS,10,22,SEK,,,,0,,0,,0,,0,0,0,0,0,0,0,,0,,0,,0,,0,,0,,0,0,,,,,,,
2025,11,CA-0001-no2025.XLS,10,23,TRY,,,,0,,0,,0,,0,0,0,0,0,0,0,,0,,0,,0,,0,,0,,0,0,,,,,,,
2025,11,CA-0001-no2025.XLS,10,24,NOK,,,,0,,0,,0,,0.01660001,2.138591245518605e-09,0.01660001,5.832160212551523e-10,0.01660001,5.20782701034714e-09,0,,0,,0,,0,,0,,0,,0.049800029999999995,4.175065314719835e-10,,,,,,,
2025,11,CA-0001-no2025.XLS,10,25,ZAR,,,,0,,0,,0,,0,0,0,0,0,0,0,,0,,0,,0,,0,,0,,0,0,,,,,,,
2025,11,CA-0001-no2025.XLS,10,26,CNH,,,,0,,0,,0,,0,0,0,0,0,0,0,,0,,0,,0,,0,,0,,0,0,,,,,,,
2025,11,CA-0001-no2025.XLS,10,27,HUF,,,,0,,0,,0,,0,0,0,0,0,0,0,,0,,0,,0,,0,,0,,0,0,,,,,,,
2025,11,CA-0001-no2025.XLS,10,28,JP MORGAN CHASE & CO,,,,0,,0,,0,,0,,0,,0,,0,,0,,0,,90382.6687580901,0.013491025400551849,197235.6783372553,0.008794293884307547,37391.5893125794,0.013385369491757478,325009.93640792475,0.0027247728815344616,,,,,,,
2025,11,CA-0001-no2025.XLS,10,29,BRL,,,,0,,0,,0,,0,,0,,0,,0,,0,,0,,201.76019346479998,3.011586106335493e-05,64.2331071726,2.864009322959131e-06,0,0,265.9933006374,2.2299974587144915e-06,,,,,,,
2025,11,CA-0001-no2025.XLS,10,30,CAD,,,,0,,0,,0,,0,,0,,0,,0,,0,,0,,0,0,24.944625573,1.1122245730200597e-06,16.615336199,5.947926213945844e-06,41.559961772,3.484245990923289e-07,,,,,,,
2025,11,CA-0001-no2025.XLS,10,31,COP,,,,0,,0,,0,,0,,0,,0,,0,,0,,0,,9.6500731,1.4404241775349097e-06,0,0,0,0,9.6500731,8.090293416353549e-08,,,,,,,
2025,11,CA-0001-no2025.XLS,10,32,EUR,,,,0,,0,,0,,0,,0,,0,,0,,0,,0,,664.7293132472,9.922123536219052e-05,4975.1317269224,0.00022182989856878128,0.359182632,1.2857951033187296e-07,5640.220222801599,4.728569002789827e-05,,,,,,,
2025,11,CA-0001-no2025.XLS,10,33,GBP,,,,0,,0,,0,,0,,0,,0,,0,,0,,0,,104.7011378977,1.562828062341452e-05,290.2509847073,1.2941636529680077e-05,245.8683686484,8.801548747186556e-05,640.8204912534,5.372421273629346e-06,,,,,,,
2025,11,CA-0001-no2025.XLS,10,34,JPY,,,,0,,0,,0,,0,,0,,0,,0,,0,,0,,0,0,0,0,0,0,0,0,,,,,,,
2025,11,CA-0001-no2025.XLS,10,35,MXN,,,,0,,0,,0,,0,,0,,0,,0,,0,,0,,25.1115836004,3.748296181736209e-06,0,0,0,0,25.1115836004,2.1052698499924097e-07,,,,,,,
2025,11,CA-0001-no2025.XLS,10,36,PEN,,,,0,,0,,0,,0,,0,,0,,0,,0,,0,,0,0,0,0,0,0,0,0,,,,,,,
2025,11,CA-0001-no2025.XLS,10,37,USD,,,,0,,0,,0,,0,,0,,0,,0,,0,,0,,89376.71645678,0.013340871303143619,191881.11789288,0.008555546115313107,37128.7464251,0.013291277498561335,318386.58077476,0.002669244918255964,,,,,,,
2025,11,CA-0001-no2025.XLS,10,38,BNP PARIBAS ASSET MANAGEMENT S.A.S,,,,0,,0,,0,,0,0,0,0,0,0,0,,0,,0,,0,,0,,0,,0,0,,,,,,,
2025,11,CA-0001-no2025.XLS,10,39,USD,,,,0,,0,,0,,0,0,0,0,0,0,0,,0,,0,,0,,0,,0,,0,0,,,,,,,
2025,11,CA-0001-no2025.XLS,10,40,SOCIETE GENERALE ASSET MANAGEMENT,,,,0,,0,,0,,0,,0,,0,,0,,0,,0,,696.44630156,0.00010395549139641157,22010.66391494,0.0009814058424344573,4401.931217640001,0.0015757949022399739,27109.04143414,0.00022727299282145167,,,,,,,
2025,11,CA-0001-no2025.XLS,10,41,USD,,,,0,,0,,0,,0,,0,,0,,0,,0,,0,,696.44630156,0.00010395549139641157,22010.66391494,0.0009814058424344573,4401.931217640001,0.0015757949022399739,27109.04143414,0.00022727299282145167,,,,,,,
2025,11,CA-0001-no2025.XLS,10,42,INTL FCStone Financial Inc.,,,,0,,0,,0,,14669.650309820001,0.001889901616167722,108100.35256828,0.0037979409362495233,14880.09991092,0.004668249370497563,0,,0,,0,,0,,0,,0,,137650.10278902,0.0011540116938123482,,,,,,,
2025,11,CA-0001-no2025.XLS,10,43,USD,,,,0,,0,,0,,14669.650309820001,0.001889901616167722,108100.35256828,0.0037979409362495233,14880.09991092,0.004668249370497563,0,,0,,0,,0,,0,,0,,137650.10278902,0.0011540116938123482,,,,,,,
2025,11,CA-0001-no2025.XLS,10,44,STATE STREET BANK AND TRUST COMPANY,,,,0,,0,,0,,0,,0,,0,,8883.624946107,0.0018178535475895676,36625.7666237019,0.002681601492856408,9169.638815898501,0.002738887316244497,0,,0,,0,,54679.03038570741,0.00045841041301758045,,,,,,,
2025,11,CA-0001-no2025.XLS,10,45,AUD,,,,0,,0,,0,,0,,0,,0,,0,0,0,0,0,0,0,,0,,0,,0,0,,,,,,,
2025,11,CA-0001-no2025.XLS,10,46,BRL,,,,0,,0,,0,,0,,0,,0,,0,0,0,0,0,0,0,,0,,0,,0,0,,,,,,,
2025,11,CA-0001-no2025.XLS,10,47,CAD,,,,0,,0,,0,,0,,0,,0,,0,0,0,0,0,0,0,,0,,0,,0,0,,,,,,,
2025,11,CA-0001-no2025.XLS,10,48,CLP,,,,0,,0,,0,,0,,0,,0,,0,0,0,0,0,0,0,,0,,0,,0,0,,,,,,,
2025,11,CA-0001-no2025.XLS,10,49,COP,,,,0,,0,,0,,0,,0,,0,,3.132e-07,6.409002344865483e-14,8.95e-08,6.5528548815503395e-15,0,0,0,,0,,0,,4.027e-07,3.37609997873029e-15,,,,,,,
2025,11,CA-0001-no2025.XLS,10,50,EUR,,,,0,,0,,0,,0,,0,,0,,0.008384827999999999,1.7157848759033763e-09,0.8290059944,6.069671482948082e-08,0.33820106240000003,1.0101756663978365e-07,0,,0,,0,,1.1755918848,9.855762943304647e-09,,,,,,,
2025,11,CA-0001-no2025.XLS,10,51,GBP,,,,0,,0,,0,,0,,0,,0,,0,0,0,0,0,0,0,,0,,0,,0,0,,,,,,,
2025,11,CA-0001-no2025.XLS,10,52,JPY,,,,0,,0,,0,,0,,0,,0,,0,0,0,0,0,0,0,,0,,0,,0,0,,,,,,,
2025,11,CA-0001-no2025.XLS,10,53,MXN,,,,0,,0,,0,,0,,0,,0,,2.20458e-05,4.511225539413648e-12,0,0,0,0,0,,0,,0,,2.20458e-05,1.8482449692349696e-13,,,,,,,
2025,11,CA-0001-no2025.XLS,10,54,PEN,,,,0,,0,,0,,0,,0,,0,,0,0,0,0,0,0,0,,0,,0,,0,0,,,,,,,
2025,11,CA-0001-no2025.XLS,10,55,USD,,,,0,,0,,0,,0,,0,,0,,8883.61653892,0.001817851827229376,36624.937613300004,0.002681540795818878,9169.3006062,0.002738786296098333,0,,0,,0,,54677.854758420006,0.0004584005569578337,,,,,,,
2025,11,CA-0001-no2025.XLS,10,56,HKD,,,,0,,0,,0,,0,,0,,0,,0,0,4.318e-06,3.1614779193893143e-13,8.6361e-06,2.5795241477568924e-12,0,,0,,0,,1.29541e-05,1.0860277311763111e-13,,,,,,,
2025,11,CA-0001-no2025.XLS,10,57,CHF,,,,0,,0,,0,,0,,0,,0,,0,0,0,0,0,0,0,,0,,0,,0,0,,,,,,,
2025,11,CA-0001-no2025.XLS,10,58,SEK,,,,0,,0,,0,,0,,0,,0,,0,0,0,0,0,0,0,,0,,0,,0,0,,,,,,,
2025,11,CA-0001-no2025.XLS,10,59,ACCIONES EN EL EXTRANJERO,,,,0,,0,,17172.39596436,0.003965697877096709,6697.2780593437,0.0008628151565279943,135962.5464318574,0.004776836602490408,9827.4423691625,0.003083107769980522,0,,14692.678537264,0.0010757429081112884,0,,0,,558.3417024639999,2.4895196755107274e-05,0,,184910.68306445162,0.0015502283415964697,,,,,,,
2025,11,CA-0001-no2025.XLS,10,60,Auna S.A.A.,,,,0,,0,,17172.39596436,0.003965697877096709,6665.30748156,0.0008586963639632673,126669.048778272,0.004450323743457903,9790.818296168,0.0030716179072292535,0,,14692.678537264,0.0010757429081112884,0,,0,,558.3417024639999,2.4895196755107274e-05,0,,175548.590760088,0.0014717397405792536,,,,,,,
2025,11,CA-0001-no2025.XLS,10,61,LU2791994721,USD,,,0,,0,,17172.39596436,0.003965697877096709,6665.30748156,0.0008586963639632673,126669.048778272,0.004450323743457903,9790.818296168,0.0030716179072292535,0,,14692.678537264,0.0010757429081112884,0,,0,,558.3417024639999,2.4895196755107274e-05,0,,175548.590760088,0.0014717397405792536,,,,,,,
2025,11,CA-0001-no2025.XLS,10,62,Aclara Resources Inc,,,,0,,0,,0,,31.970577783699998,4.118792564726914e-06,9293.4976535854,0.0003265128590325049,36.6240729945,1.1489862751268365e-05,0,,0,,0,,0,,0,,0,,9362.092304363601,7.848860101721618e-05,,,,,,,
2025,11,CA-0001-no2025.XLS,10,63,CA00461M1032,CAD,,,0,,0,,0,,31.970577783699998,4.118792564726914e-06,9293.4976535854,0.0003265128590325049,36.6240729945,1.1489862751268365e-05,0,,0,,0,,0,,0,,0,,9362.092304363601,7.848860101721618e-05,,,,,,,
2025,11,CA-0001-no2025.XLS,10,64,TIT. DEUDA EMITIDOS POR ESTADOS DEL EXTRANJER,,,,227268.31536887132,0.13735778312326527,52175.54734370261,0.0039976084972231235,0,,775174.80010201,0.0998663278663563,219881.16489822502,0.007725189210180648,0,,441833.678264142,0.09041229502028822,205131.6059356432,0.015018968104085362,0,,746799.9344892614,0.11147155780818063,833830.9484188724,0.037178640659971056,0,,3502095.9948207284,0.02936038294915742,,,,,,,
2025,11,CA-0001-no2025.XLS,10,65,REPUBLICA DE CHILE,,,,49854.9600864,0.030131638825465313,16364.6052192,0.0012538303517360546,0,,213297.8568156,0.02747931653497336,0,,0,,116074.52539200001,0.02375229583066654,0,,0,,0,,0,,0,,395591.94751320005,0.003316508481711419,,,,,,,
2025,11,CA-0001-no2025.XLS,10,66,CL0002839505,CLP,6,7.345205479452055,49854.9600864,0.030131638825465313,16364.6052192,0.0012538303517360546,0,,135864.2805408,0.01750349312700647,0,,0,,116074.52539200001,0.02375229583066654,0,,0,,0,,0,,0,,318158.37123840005,0.002667331687039548,,,,,,,
2025,11,CA-0001-no2025.XLS,10,67,CL0002187822,CLP,5,9.26027397260274,0,,0,,0,,77433.5762748,0.00997582340796689,0,,0,,0,,0,,0,,0,,0,,0,,77433.5762748,0.0006491767946718713,,,,,,,
2025,11,CA-0001-no2025.XLS,10,68,REPUBLICA DE COLOMBIA,,,,37502.67557745,0.022666091268150085,4478.4045995,0.0003431283272033587,0,,93807.709363068,0.012085314768244773,0,,0,,0,,0.0832463587,6.094986681324978e-09,0,,271420.96095669834,0.04051381895249966,607061.6531568564,0.027067509432174394,0,,1014271.4868999313,0.008503307537495898,,,,,,,
2025,11,CA-0001-no2025.XLS,10,69,COL17CT02914,COP,6,2.4164383561643836,0,,0,,0,,0,,0,,0,,0,,0.0832463587,6.094986681324978e-09,0,,0,,0,,0,,0.0832463587,6.979091875749791e-10,,,,,,,
2025,11,CA-0001-no2025.XLS,10,70,COL17CT03862,COP,13.25,7.205479452054795,0,,0,,0,,0,,0,,0,,0,,0,,0,,56144.1852675,0.008380396816611294,214368.707385,0.00955821699317129,0,,270512.89265249996,0.0022678881825934304,,,,,,,
2025,11,CA-0001-no2025.XLS,10,71,COL17CT03771,COP,7,5.326027397260274,0,,0,,0,,0,,0,,0,,0,,0,,0,,71430.14362999999,0.010662064921502326,75989.5145,0.003388201000308682,0,,147419.65813,0.0012359163264889983,,,,,,,
2025,11,CA-0001-no2025.XLS,10,72,US195325EP60,USD,7.75,10.95068493150685,0,,0,,0,,0,,0,,0,,0,,0,,0,,17868.3426335459,0.0026671293030761933,35424.94574454,0.0015795184032598498,0,,53293.2883780859,0.00044679282284510304,,,,,,,
2025,11,CA-0001-no2025.XLS,10,73,COL17CT04084,COP,11.75,9.161643835616438,7497.3647608,0.00453130213570911,0,,0,,0,,0,,0,,0,,0,,0,,0,,0,,0,,7497.3647608,6.285535885142813e-05,,,,,,,
2025,11,CA-0001-no2025.XLS,10,74,COL17CT03995,COP,11,3.734246575342466,30005.31081665,0.018134789132440977,4478.4045995,0.0003431283272033587,0,,0,,0,,0,,0,,0,,0,,0,,0,,0,,34483.71541614999,0.00028909975386889837,,,,,,,
2025,11,CA-0001-no2025.XLS,10,75,XS3183160236,EUR,5.625,10.232876712328768,0,,0,,0,,56478.199384068,0.007276127108683796,0,,0,,0,,0,,0,,37652.132922712,0.005620169094639555,112956.398768136,0.005036470963338827,0,,207086.73107491597,0.0017361447935866628,,,,,,,
2025,11,CA-0001-no2025.XLS,10,76,US195325EG61,USD,7.5,8.186301369863013,0,,0,,0,,0,,0,,0,,0,,0,,0,,36605.8588909854,0.005463996349002435,0,,0,,36605.8588909854,0.000306891083742885,,,,,,,
2025,11,CA-0001-no2025.XLS,10,77,XS3183159733,EUR,5,6.813698630136987,0,,0,,0,,0,,0,,0,,0,,0,,0,,51720.2976119551,0.007720062467667855,63213.6970812784,0.002818556127029835,0,,114933.99469323349,0.0009635675615575188,,,,,,,
2025,11,CA-0001-no2025.XLS,10,78,US195325EL56,USD,8,9.967123287671233,0,,0,,0,,0,,0,,0,,0,,0,,0,,0,,105108.389677902,0.004686545945065911,0,,105108.389677902,0.0008811930274545318,,,,,,,
2025,11,CA-0001-no2025.XLS,10,79,COL17CT03722,COP,7.25,24.926027397260274,0,,0,,0,,37329.509979,0.004809187659560977,0,,0,,0,,0,,0,,0,,0,,0,,37329.509979,0.00031295792859725366,,,,,,,
2025,11,CA-0001-no2025.XLS,10,80,GOBIERNO DE MEXICO,,,,69060.29314256099,0.041739072833398144,18303.39388083,0.001402377294176274,0,,39391.702505016,0.005074861408113641,0,,0,,48544.161866001,0.009933577497724456,0,,0,,26952.217503432,0.004023039548801246,0,,0,,202251.76889783997,0.0016956101134198188,,,,,,,
2025,11,CA-0001-no2025.XLS,10,81,MX0MGO0000U2,MXN,7.75,8.991780821917809,0,,0,,0,,0,,0,,0,,48544.161866001,0.009933577497724456,0,,0,,0,,0,,0,,48544.161866001,0.0004069777597300366,,,,,,,
2025,11,CA-0001-no2025.XLS,10,82,MX0MGO0000B2,MXN,10,10.986301369863014,8292.990001056,0.005012166874910006,0,,0,,39391.702505016,0.005074861408113641,0,,0,,0,,0,,0,,26952.217503432,0.004023039548801246,0,,0,,74636.91000950399,0.0006257304948983885,,,,,,,
2025,11,CA-0001-no2025.XLS,10,83,MX0MGO0000R8,MXN,7.75,16.96986301369863,33312.21232026,0.0201334340328778,0,,0,,0,,0,,0,,0,,0,,0,,0,,0,,0,,33312.21232026,0.0002792782699426091,,,,,,,
2025,11,CA-0001-no2025.XLS,10,84,MX0MGO0000J5,MXN,8.5,12.98082191780822,27455.090821245,0.016593471925610333,18303.39388083,0.001402377294176274,0,,0,,0,,0,,0,,0,,0,,0,,0,,0,,45758.484702075,0.000383623588848785,,,,,,,
2025,11,CA-0001-no2025.XLS,10,85,REPUBLICA FEDERAL DE BRASIL,,,,70850.3865624603,0.042820980196251725,13029.1436441726,0.0009982725241074362,0,,374018.966422357,0.04818513285526755,219881.16489822502,0.007725189210180648,0,,277214.991006141,0.056726421691897226,205131.5226892845,0.01501896200909868,0,,448426.756029131,0.06693469930687973,226769.295262016,0.010111131227796666,0,,1835322.2265137874,0.015386717978386954,,,,,,,
2025,11,CA-0001-no2025.XLS,10,86,BRSTNCNTF1P8,BRL,10,1.093150684931507,39428.5430789766,0.02383005858215724,0,,0,,0,,0,,0,,158286.522134795,0.03239012425039921,66774.1455369765,0.004888952911098651,0,,211197.08316980902,0.031524464288528974,209670.81698610602,0.009348748659893899,0,,685357.1109066632,0.0057458011610495114,,,,,,,
2025,11,CA-0001-no2025.XLS,10,87,BRSTNCNTF238,BRL,10,9.098630136986301,0,,0,,0,,374018.966422357,0.04818513285526755,219881.16489822502,0.007725189210180648,0,,0,,0,,0,,143640.961993815,0.021440657743853175,0,,0,,737541.0933143971,0.006183293939536753,,,,,,,
2025,11,CA-0001-no2025.XLS,10,88,BRSTNCNTF204,BRL,10,5.095890410958904,31421.8434834837,0.018990921614094484,13029.1436441726,0.0009982725241074362,0,,0,,0,,0,,118928.46887134599,0.02433629744149802,138357.37715230798,0.01013000909800003,0,,29437.73981964,0.00439404258690969,0,,0,,331174.5729709502,0.0027764550999832085,,,,,,,
2025,11,CA-0001-no2025.XLS,10,89,US105756CL22,USD,6.625,9.2986301369863,0,,0,,0,,0,,0,,0,,0,,0,,0,,29954.014494047,0.004471104648052502,0,,0,,29954.014494047,0.0002511242803482465,,,,,,,
2025,11,CA-0001-no2025.XLS,10,90,US105756CN87,USD,7.25,30.14246575342466,0,,0,,0,,0,,0,,0,,0,,0,,0,,34196.95655182,0.005104430039535386,17098.47827591,0.0007623825679027667,0,,51295.43482773,0.0004300434974692333,,,,,,,
2025,11,CA-0001-no2025.XLS,10,91,GOBIERNO DEL REINO UNIDO,,,,0,,0,,0,,54658.564995969,0.007041702299756986,0,,0,,0,,0,,0,,0,,0,,0,,54658.564995969,0.00045823883814333027,,,,,,,
2025,11,CA-0001-no2025.XLS,10,92,GB00BPCJD997,GBP,3.75,27.91780821917808,0,,0,,0,,54658.564995969,0.007041702299756986,0,,0,,0,,0,,0,,0,,0,,0,,54658.564995969,0.00045823883814333027,,,,,,,
2025,11,CA-0001-no2025.XLS,10,93,TIT. DEUDA EMITIDOS EMPRESAS PÚBLICAS EXTRAN,,,,91327.2014479487,0.05519687999350702,97210.9270075075,0.00744814856024798,0,,297437.81533233833,0.03831912799786977,357009.42877117265,0.012542981516185717,0,,96651.212737248,0.019777709101759737,55760.31504072,0.0040825614816912496,0,,387856.1774137209,0.057893594127591944,550977.5360671271,0.02456684519086186,0,,1934230.613817783,0.016215932292450195,,,,,,,
2025,11,CA-0001-no2025.XLS,10,94,EMPRESAS PÚBLICAS DE MEDELLIN,,,,42787.6089256592,0.025860230880114937,78066.7009221625,0.005981348023065445,0,,61978.453095196404,0.007984728756197889,93715.7760698517,0.0032925607905234834,0,,0,,0,,0,,156337.12453205002,0.023335758360447125,100595.591425822,0.004485330453001033,0,,533481.2549707419,0.004472525586192525,,,,,,,
2025,11,CA-0001-no2025.XLS,10,95,USP9379RAZ03,COP,8.375,1.9452054794520548,42787.6089256592,0.025860230880114937,78066.7009221625,0.005981348023065445,0,,61978.453095196404,0.007984728756197889,93715.7760698517,0.0032925607905234834,0,,0,,0,,0,,156337.12453205002,0.023335758360447125,100595.591425822,0.004485330453001033,0,,533481.2549707419,0.004472525586192525,,,,,,,
2025,11,CA-0001-no2025.XLS,10,96,ECOPETROL S.A.,,,,48539.5925222895,0.02933664911339208,19144.226085345,0.0014668005371825347,0,,235459.3622371419,0.03033439924167189,263293.65270132106,0.009250420725662234,0,,96651.212737248,0.019777709101759737,55760.31504072,0.0040825614816912496,0,,197746.1098871309,0.02951669637558481,416609.0016467651,0.018575655409894358,0,,1333203.4728579614,0.011177124947501645,,,,,,,
2025,11,CA-0001-no2025.XLS,10,97,US279158AQ26,USD,5.875,25.945205479452056,0,,0,,0,,45088.0336782004,0.005808723856301738,82908.8238851213,0.0029128750159321945,0,,0,,0,,0,,7410.513396954,0.0011061349022235796,79045.47623417599,0.003524459439025778,0,,214452.8471944517,0.0017978998084227427,,,,,,,
2025,11,CA-0001-no2025.XLS,10,98,US279158AJ82,USD,5.875,19.50958904109589,31161.6949399855,0.018833691482126193,19144.226085345,0.0014668005371825347,0,,99409.5846525014,0.01280700839689134,76587.1145952921,0.0026907714063834102,0,,0,,0,,0,,70706.0083418742,0.010553976416263688,100315.744687208,0.004472852718330086,0,,397324.37330220616,0.003331032550917815,,,,,,,
2025,11,CA-0001-no2025.XLS,10,99,US279158AS81,USD,8.875,7.131506849315069,0,,0,,0,,23791.067750707203,0.0030650203953613542,3717.354336048,0.00013060357225480606,0,,96651.212737248,0.019777709101759737,55760.31504072,0.0040825614816912496,0,,39195.784119290096,0.005850583152874181,63905.0383910011,0.0028493814761924112,0,,283020.77237501444,0.0023727499965123327,,,,,,,
2025,11,CA-0001-no2025.XLS,10,100,US279158AV11,USD,8.375,10.147945205479452,14218.554464120001,0.00859349494996272,0,,0,,41166.2698122434,0.005303480192549316,49764.94062442,0.0017484152520976272,0,,0,,0,,0,,0,,64349.622865991,0.0028692044948390493,0,,169499.38776677442,0.0014210252779592854,,,,,,,
2025,11,CA-0001-no2025.XLS,10,101,US279158AW93,USD,7.75,6.1808219178082195,0,,0,,0,,22213.1946016687,0.0028617418610066996,50315.419260439594,0.001767755478994196,0,,0,,0,,0,,80433.80402901261,0.012006001904223356,108993.119468389,0.004859757281507033,0,,261955.5373595099,0.002196146223262287,,,,,,,
2025,11,CA-0001-no2025.XLS,10,102,US279158AE95,USD,7.375,17.816438356164383,3159.3431181839996,0.0019094626813031658,0,,0,,3791.2117418208,0.0004884245395614403,0,,0,,0,,0,,0,,0,,0,,0,,6950.5548600048,5.827109042718132e-05,,,,,,,
2025,11,CA-0001-no2025.XLS,10,103,Empresa de Energia de Bogota S.A. E.S.P.,,,,0,,0,,0,,0,,0,,0,,0,,0,,0,,33772.94299454,0.005041139391560015,33772.94299454,0.0015058593279664724,0,,67545.88598908,0.0005662817587560258,,,,,,,
2025,11,CA-0001-no2025.XLS,10,104,USP4R53VAC78,USD,5.75,9.904109589041095,0,,0,,0,,0,,0,,0,,0,,0,,0,,33772.94299454,0.005041139391560015,33772.94299454,0.0015058593279664724,0,,67545.88598908,0.0005662817587560258,,,,,,,
2025,11,CA-0001-no2025.XLS,10,105,BONO SISTEMA FINANCIERO EXTRANJERO,,,,0,,0,,0,,318270.52236937644,0.041003020651540684,310239.7887583302,0.010899801580521479,0,,88258.3018034,0.01806027021749157,0,,0,,337622.1841257689,0.05039538580147135,476531.17124410986,0.021247449752920325,0,,1530921.9683009854,0.012834729636500349,,,,,,,
2025,11,CA-0001-no2025.XLS,10,106,BBVA Bancomer S.A.,,,,0,,0,,0,,100788.44593034899,0.012984648088529446,97292.1165197082,0.0034182100550612256,0,,0,,0,,0,,89738.38930453271,0.013394856626245562,50514.0391201174,0.0022523070321289348,0,,338332.9908747073,0.002836468843545703,,,,,,,
2025,11,CA-0001-no2025.XLS,10,107,USP1S81BAA64,USD,8.45,12.591780821917808,0,,0,,0,,31274.358755015197,0.00402909816576518,25553.4394705612,0.0008977811035900021,0,,0,,0,,0,,0,,8390.6816171992,0.0003741215618460886,0,,65218.479842775596,0.0005467695763844464,,,,,,,
2025,11,CA-0001-no2025.XLS,10,108,USP16259AN67,USD,5.875,8.797260273972602,0,,0,,0,,16302.674205379199,0.0021002852609224897,20378.342756724,0.0007159619772729248,0,,0,,0,,0,,0,,16268.710300784602,0.0007253850860548732,0,,52949.7272628878,0.0004439125231835365,,,,,,,
2025,11,CA-0001-no2025.XLS,10,109,USP1S81BAB48,USD,8.125,13.12054794520548,0,,0,,0,,47811.3755746816,0.0061595739544865425,42955.532742878,0.0015091770967123953,0,,0,,0,,0,,34233.6919642153,0.00510991337376898,14007.238937895,0.0006245511804255382,0,,139007.8392196699,0.0011653944947426647,,,,,,,
2025,11,CA-0001-no2025.XLS,10,110,USP16259AM84,USD,5.125,7.145205479452055,0,,0,,0,,0,,8404.801549545,0.00029528987748590356,0,,0,,0,,0,,17848.4365706137,0.0026641580121823374,11847.4082642386,0.0005282492038024347,0,,38100.646384397296,0.0003194228742189571,,,,,,,
2025,11,CA-0001-no2025.XLS,10,111,USP2000GAA15,USD,7.625,9.210958904109589,0,,0,,0,,5400.037395273,0.0006956907073552323,0,,0,,0,,0,,0,,37656.2607697037,0.005620785240294246,0,,0,,43056.2981649767,0.00036096937501609846,,,,,,,
2025,11,CA-0001-no2025.XLS,10,112,GRUPO FINANCIERO BANORTE,,,,0,,0,,0,,87431.4345034229,0.011263854685157029,134060.437542031,0.004710008909090306,0,,88258.3018034,0.01806027021749157,0,,0,,79162.0268031193,0.011816169283720722,99376.4615680197,0.004430972203301834,0,,488288.6622199929,0.0040936462431963245,,,,,,,
2025,11,CA-0001-no2025.XLS,10,113,USP1401KAB72,USD,6.625,6.158904109589041,0,,0,,0,,22385.066074317103,0.0028838841866294105,69561.2705841063,0.0024439290978448534,0,,0,,0,,0,,0,,0,,0,,91946.33665842339,0.0007708468468756675,,,,,,,
2025,11,CA-0001-no2025.XLS,10,114,USP1400MAD04,USD,8.375,5.476712328767123,0,,0,,0,,65046.3684291058,0.008379970498527619,64499.1669579247,0.002266079811245453,0,,88258.3018034,0.01806027021749157,0,,0,,11028.757393352798,0.001646214348112271,0,,0,,228832.59458378327,0.0019184547248748641,,,,,,,
2025,11,CA-0001-no2025.XLS,10,115,USP1400MAE86,USD,8.75,9.479452054794521,0,,0,,0,,0,,0,,0,,0,,0,,0,,68133.2694097665,0.01016995493560845,92933.39314672831,0.004143690319561456,0,,161066.6625564948,0.0013503281748972955,,,,,,,
2025,11,CA-0001-no2025.XLS,10,116,USP1400MAC21,USD,8.375,4.879452054794521,0,,0,,0,,0,,0,,0,,0,,0,,0,,0,,6443.068421291399,0.0002872818837403784,0,,6443.068421291399,5.4016496548496886e-05,,,,,,,
2025,11,CA-0001-no2025.XLS,10,117,BANCOLOMBIA S.A.,,,,0,,0,,0,,63032.946358935806,0.008120579882931633,50269.707161286104,0.0017661494541429143,0,,0,,0,,0,,54525.363480549204,0.008138762373340165,75143.47753215849,0.0033504781207824713,0,,242971.4945329296,0.002036990458218749,,,,,,,
2025,11,CA-0001-no2025.XLS,10,118,US05968LAN29,USD,8.625,9.076712328767123,0,,0,,0,,63032.946358935806,0.008120579882931633,50269.707161286104,0.0017661494541429143,0,,0,,0,,0,,54525.363480549204,0.008138762373340165,75143.47753215849,0.0033504781207824713,0,,242971.4945329296,0.002036990458218749,,,,,,,
2025,11,CA-0001-no2025.XLS,10,119,Grupo Aval Acciones y Valores S.A.,,,,0,,0,,0,,0,,3804.1660855362,0.00013365357060629544,0,,0,,0,,0,,0,,0,,0,,3804.1660855362,3.189283595844364e-05,,,,,,,
2025,11,CA-0001-no2025.XLS,10,120,USG42045AC15,USD,4.375,4.189041095890411,0,,0,,0,,0,,3804.1660855362,0.00013365357060629544,0,,0,,0,,0,,0,,0,,0,,3804.1660855362,3.189283595844364e-05,,,,,,,
2025,11,CA-0001-no2025.XLS,10,121,Banco de Crédito e Inversiones,,,,0,,0,,0,,17795.4021944863,0.0022925944829919366,0,,0,,0,,0,,0,,20662.2363379054,0.0030841615886888266,18377.5769801542,0.0008194146931601764,0,,56835.2155125459,0.00047648713653597626,,,,,,,
2025,11,CA-0001-no2025.XLS,10,122,USP32133CH47,USD,7.5,9.043835616438356,0,,0,,0,,17795.4021944863,0.0022925944829919366,0,,0,,0,,0,,0,,0,,0,,0,,17795.4021944863,0.00014919060583635995,,,,,,,
2025,11,CA-0001-no2025.XLS,10,123,US05890PAC05,USD,8.75,3.4438356164383563,0,,0,,0,,0,,0,,0,,0,,0,,0,,20662.2363379054,0.0030841615886888266,18377.5769801542,0.0008194146931601764,0,,39039.8133180596,0.00032729653069961634,,,,,,,
2025,11,CA-0001-no2025.XLS,10,124,Banco Davivienda S.A.,,,,0,,0,,0,,49222.2933821824,0.006341343511930634,24813.3614497688,0.0008717795916207363,0,,0,,0,,0,,93534.1681996623,0.013961435929476065,233119.61604366,0.01039427770354691,0,,400689.4390752735,0.0033592441190451517,,,,,,,
2025,11,CA-0001-no2025.XLS,10,125,USP0R137PD99,USD,8.125,9.597260273972603,0,,0,,0,,49222.2933821824,0.006341343511930634,24813.3614497688,0.0008717795916207363,0,,0,,0,,0,,93534.1681996623,0.013961435929476065,233119.61604366,0.01039427770354691,0,,400689.4390752735,0.0033592441190451517,,,,,,,
2025,11,CA-0001-no2025.XLS,10,126,BONOS DE EMPRESA PRIVADA EXTRANJERA,,,,0,,0,,0,,15266.89686784,0.00196684532044246,32442.155844160003,0.0011398056418261545,0,,0,,0,,0,,101529.456374004,0.015154857603419732,87608.8728111639,0.003906281971240935,0,,236847.38189716788,0.001985647978607781,,,,,,,
2025,11,CA-0001-no2025.XLS,10,127,Inversiones CMPC S.A.,,,,0,,0,,0,,0,,0,,0,,0,,0,,0,,75314.664814004,0.011241890397807363,61018.5720747639,0.002720680455737383,0,,136333.2368887679,0.0011429715375227238,,,,,,,
2025,11,CA-0001-no2025.XLS,10,128,USP58072BA92,USD,6.7,32.05205479452055,0,,0,,0,,0,,0,,0,,0,,0,,0,,75314.664814004,0.011241890397807363,61018.5720747639,0.002720680455737383,0,,136333.2368887679,0.0011429715375227238,,,,,,,
2025,11,CA-0001-no2025.XLS,10,129,Cemex S.A.B. de C.V.,,,,0,,0,,0,,0,,0,,0,,0,,0,,0,,26214.791559999998,0.003912967205612369,26590.3007364,0.0011856015155035523,0,,52805.0922964,0.00044269995276564943,,,,,,,
2025,11,CA-0001-no2025.XLS,10,130,USP2253TJW01,USD,7.2,4.534246575342466,0,,0,,0,,0,,0,,0,,0,,0,,0,,26214.791559999998,0.003912967205612369,26590.3007364,0.0011856015155035523,0,,52805.0922964,0.00044269995276564943,,,,,,,
2025,11,CA-0001-no2025.XLS,10,131,Grupo Nutresa S.A.,,,,0,,0,,0,,15266.89686784,0.00196684532044246,32442.155844160003,0.0011398056418261545,0,,0,,0,,0,,0,,0,,0,,47709.052712,0.00039997648831940766,,,,,,,
2025,11,CA-0001-no2025.XLS,10,132,USP4R21KAB22,USD,9,9.457534246575342,0,,0,,0,,15266.89686784,0.00196684532044246,32442.155844160003,0.0011398056418261545,0,,0,,0,,0,,0,,0,,0,,47709.052712,0.00039997648831940766,,,,,,,
2025,11,CA-0001-no2025.XLS,10,133,FONDOS MUTUOS DEL EXTRANJERO,,,,534053.0916183911,0.3227742002476946,3597978.545294938,0.27567146561488903,1998789.1803081664,0.4615892869907618,2512841.6541582327,0.3237312003400773,8299484.6072666105,0.2915897274229602,1378138.020416736,0.4323554266962863,1642923.8647404066,0.3361910249539184,4100762.0015817676,0.3002424391077232,1771261.9667563918,0.5290597625376592,1688079.7352112678,0.25197227409656,7279578.559041134,0.3245799834076951,1383690.408095521,0.49533084084041007,36187581.63448956,0.3033843893382192,,,,,,,
2025,11,CA-0001-no2025.XLS,10,134,ALLIANZ GLOBAL INVESTORS,,,,265.7033440808,0.00016058737555272841,1192.5221918316997,9.136917751508619e-05,17967.0657847117,0.004149214517762467,14.859506484199999,1.914360923869146e-06,27.044948535099998,9.501829986663491e-07,14.9265647345,4.682826516130062e-06,0,,0,,0,,0,,0,,0,,19482.122340378,0.00016333149445982387,,,,,,,
2025,11,CA-0001-no2025.XLS,10,135,LU0852482198,EUR,,,125.9156314972,7.610164212705882e-05,16.9510291894,1.2987612353701827e-06,1695.0764605225002,0.0003914515560299224,8.819474084,1.1362191990318452e-06,8.819474084,3.098587642316727e-07,8.819474084,2.766883595353967e-06,0,,0,,0,,0,,0,,0,,1864.4015434611003,1.5630509091690443e-05,,,,,,,
2025,11,CA-0001-no2025.XLS,10,136,LU1548499711,EUR,,,0,,12.4170722856,9.513765778547124e-07,12702.8139530362,0.002933517397995054,0,,0,,0,,0,,0,,0,,0,,0,,0,,12715.2310253218,0.00010660017679200312,,,,,,,
2025,11,CA-0001-no2025.XLS,10,137,LU1997245763,USD,,,139.78771258359998,8.448573342566958e-05,1163.1540903567,8.91190397018613e-05,3569.175371153,0.0008242455637374902,6.040032400199999,7.781417248373011e-07,18.2254744511,6.403242344346764e-07,6.1070906505,1.915942920776095e-06,0,,0,,0,,0,,0,,0,,4902.4897715951,4.1100808576130316e-05,,,,,,,
2025,11,CA-0001-no2025.XLS,10,138,AXA FUNDS MANAGEMENT,,,,3.6048526915,2.1787224206185886e-06,0.84998084,6.512419708944292e-08,207.52962193270002,4.792573982345064e-05,0.8448047047999999,1.0883679864398934e-07,1.2700467368,4.4621154122472556e-08,0,,0,,0,,0,,0,,0,,0,,214.0993069058,1.7949358467614631e-06,,,,,,,
2025,11,CA-0001-no2025.XLS,10,139,LU0276015889,USD,,,2.1071539073,1.273534275714959e-06,0,,0,,0,,0,,0,,0,,0,,0,,0,,0,,0,,2.1071539073,1.7665662432622242e-08,,,,,,,
2025,11,CA-0001-no2025.XLS,10,140,LU0211118053,USD,,,1.4217373528000001,8.592781208730511e-07,0,,0,,0,,0,,0,,0,,0,,0,,0,,0,,0,,1.4217373528000001,1.1919362916682738e-08,,,,,,,
2025,11,CA-0001-no2025.XLS,10,141,LU0998992639,USD,,,0.0759614314,4.591002403057858e-08,0,,0,,0.8448047047999999,1.0883679864398934e-07,1.2700467368,4.4621154122472556e-08,0,,0,,0,,0,,0,,0,,0,,2.190812873,1.836703077709795e-08,,,,,,,
2025,11,CA-0001-no2025.XLS,10,142,LU1694772994,USD,,,0,,0.84998084,6.512419708944292e-08,207.52962193270002,4.792573982345064e-05,0,,0,,0,,0,,0,,0,,0,,0,,0,,208.37960277270003,1.7469837906350602e-06,,,,,,,
2025,11,CA-0001-no2025.XLS,10,143,BlackRock Fund Advisors,,,,84710.51274126,0.05119784611633687,471819.65432371997,0.03615008093458997,561475.75755282,0.12966409721681896,367989.770906,0.04740838725398169,2287969.892356,0.08038433093542988,368699.83270240005,0.11567010787692482,213384.46236200002,0.043664799477519736,622316.6255620001,0.04556369315847918,434625.8382041001,0.1298187659807733,33891.22000364,0.0050587940830622135,671069.3412443999,0.029921467826732384,250449.87923015998,0.08965556785076037,6368402.7871885,0.053390525240558775,,,,,,,
2025,11,CA-0001-no2025.XLS,10,144,US4642866085,USD,,,0,,0,,0,,0,,0,,0,,0,,0,,0,,0,,0,,2244.6134125999997,0.0008035224082785337,2244.6134125999997,1.881807622184401e-05,,,,,,,
2025,11,CA-0001-no2025.XLS,10,145,US4642875235,USD,,,5496.9957388,0.003322307147364999,203618.299508,0.015600914331405646,399040.9874018,0.09215231234466066,87393.253488,0.01125893579743778,1113964.690008,0.03913744957534332,257690.381004,0.08084374205191906,43796.390732,0.008962042493551496,334209.35980000003,0.02446955793100831,140367.931116,0.04192661825180325,16432.12646348,0.0024527516010534474,290697.29643379996,0.01296153656257444,97560.20150508,0.034924413988374696,2990267.91319896,0.025069390211444942,,,,,,,
2025,11,CA-0001-no2025.XLS,10,146,US46434G1031,USD,,,0,,0,,0,,0,,0,,0,,0,,3090.5857400000004,0.00022628111567831138,67.67706,2.0214519345444362e-05,1658.5391504,0.0002475628802878569,44508.94646,0.001984553499397046,8504.75054,0.0030445143013705963,57830.498950400004,0.00048483125472164766,,,,,,,
2025,11,CA-0001-no2025.XLS,10,147,US4642873909,USD,,,0,,0,,0,,0,,0,,0,,0,,27532.54427,0.00201582980023654,13153.62328,0.003928867067456053,0,,36182.936649999996,0.001613315507518286,24212.720559999998,0.00866762330926756,101081.82475999999,0.0008474356752477151,,,,,,,
2025,11,CA-0001-no2025.XLS,10,148,US4642864007,USD,,,2081.4014244,0.00125796983614351,78482.73230874,0.006013223694539248,83715.9540334,0.019332898092869776,0,,0,,0,,0,,14113.302818,0.0010333231873265862,23955.32584,0.00715523690921419,2177.22272776,0.0003249845078317605,164063.4728626,0.007315220086939463,56695.47645408,0.0202957380202555,425284.88846898003,0.003565444010217127,,,,,,,
2025,11,CA-0001-no2025.XLS,10,149,US4642891315,USD,,,2215.50128306,0.0013390179104110756,80150.30511952,0.006140990504424319,46879.70248242,0.01082613847242411,0,,0,,17880.1521684,0.005609438754055601,0,,0,,0,,0,,0,,0,,147125.6610534,0.0012334515548871703,,,,,,,
2025,11,CA-0001-no2025.XLS,10,150,US46429B6719,USD,,,0,,0,,0,,0,,0,,0,,0,,0,,0,,0,,0,,11460.833418400001,0.004102727185687079,11460.833418400001,9.608373344944534e-05,,,,,,,
2025,11,CA-0001-no2025.XLS,10,151,US46435G1022,USD,,,73379.43225,0.04434949994830815,0,,0,,148378.27266,0.01911567974572597,0,,0,,136637.5635,0.027960104242279894,0,,85593.4809201,0.0255659905424864,0,,0,,0,,443988.7493301,0.003722250824856813,,,,,,,
2025,11,CA-0001-no2025.XLS,10,152,US46434G8226,USD,,,0,,0,,0,,0,,0,,0,,0,,0,,0,,3572.219136,0.0005332095164074214,21907.750170000003,0.0009768171507465902,22214.737752,0.007952389252226239,47694.70705800001,0.0003998562192303482,,,,,,,
2025,11,CA-0001-no2025.XLS,10,153,US4642882579,USD,,,0,,0,,0,,0,,0,,0,,3567.16605,0.000729948134705445,4708.659186,0.0003447503947769491,76480.040112,0.022843889057597728,0,,0,,0,,84755.865348,0.0007105643784421409,,,,,,,
2025,11,CA-0001-no2025.XLS,10,154,US4642866408,USD,,,257.1163464,0.00015539751455866544,9900.37947492,0.000758551527096735,5400.716127600001,0.0012472114273672642,14688.725928,0.0018923591417982848,133662.31453200002,0.0046960214646321165,36569.072435999995,0.01147260773791955,17285.346456,0.003537095337430276,68059.460604,0.0049830588676492114,21969.446232000002,0.006562072818551276,0,,0,,0,,307792.57813692,0.002580428399556485,,,,,,,
2025,11,CA-0001-no2025.XLS,10,155,US4642867729,USD,,,1280.0656986,0.0007736537595504731,45602.722393799995,0.0034940089720010433,26438.3975076,0.006105536879497163,7912.577946,0.001019383116323375,118658.11869599999,0.004168871938962851,22943.420994,0.0071979093724834405,12097.995624,0.002475609269552629,59756.766264,0.00437516667618676,25906.818912,0.007738130055820213,10051.112526,0.001500285577481727,113708.938668,0.005070025019556562,27556.545588,0.009864639385300161,471913.48081800004,0.003956362285950302,,,,,,,
2025,11,CA-0001-no2025.XLS,10,156,US4642882819,USD,,,0,,54065.21551874,0.004142391905122981,0,,38569.462435999994,0.004968931627751326,288522.99387199996,0.010136815130030195,0,,0,,0,,0,,0,,0,,0,,381157.67182673997,0.003195496418542696,,,,,,,
2025,11,CA-0001-no2025.XLS,10,157,US46434G7723,USD,,,0,,0,,0,,19476.059276,0.0025091147454040707,190661.511242,0.006698601265484404,33616.8061,0.010546409960547164,0,,0,,0,,0,,0,,0,,243754.37661800004,0.002043553875628122,,,,,,,
2025,11,CA-0001-no2025.XLS,10,158,US4642885135,USD,,,0,,0,,0,,51571.419172,0.006643983079540889,0,,0,,0,,0,,0,,0,,0,,0,,51571.419172,0.0004323572564432085,,,,,,,
2025,11,CA-0001-no2025.XLS,10,159,US4642872422,USD,,,0,,0,,0,,0,,368589.46093199996,0.012949828276087934,0,,0,,0,,0,,0,,0,,0,,368589.46093199996,0.003090128808573961,,,,,,,
2025,11,CA-0001-no2025.XLS,10,160,US4642874329,USD,,,0,,0,,0,,0,,73910.803074,0.002596743284889067,0,,0,,0,,0,,0,,0,,0,,73910.803074,0.0006196430610530669,,,,,,,
2025,11,CA-0001-no2025.XLS,11,1,INVERSIÓN EN INSTRUMENTOS DERIVADOS LOCALES Y EXTRANJEROS,,,,,,,,,,,,,,,,,,,,,,,,,,,,,,,,,,,,
2025,11,CA-0001-no2025.XLS,11,2,(Valores Nocionales en miles de Soles),,,,,,,,,,,,,,,,,,,,,,,,,,,,,,,,,,,,
2025,11,CA-0001-no2025.XLS,11,3,Al 28-11-2025,,,,,,,,,,,,,,,,,,,,,,,,,,,,,,,,,,,,
2025,11,CA-0001-no2025.XLS,11,4,,HÁBITAT F1,,HÁBITAT F2,,HÁBITAT F3,,INTEGRA F1,,INTEGRA F2,,INTEGRA F3,,PROFUTURO F1,,PROFUTURO F2,,PROFUTURO F3,,PRIMA F1,,PRIMA F2,,PRIMA F3,,SISTEMA,,,,,,,,,,,
2025,11,CA-0001-no2025.XLS,11,5,,Monto,%,Monto,%,Monto,%,Monto,%,Monto,%,Monto,%,Monto,%,Monto,%,Monto,%,Monto,%,Monto,%,Monto,%,Monto,%,,,,,,,,,,
2025,11,CA-0001-no2025.XLS,11,6,I. Nacional,989787.7655540535,0.5982138470044585,2568724.340341041,0.19681162484653106,971957.6392407351,0.2244585062308495,1528125.6011528801,0.19686952192669793,3402179.26758092,0.11953037715250248,929633.4484573401,0.2916486304886739,1583838.2,0.32410034283804373,1956684,0.14326107598940163,456559.6,0.1363701801843688,1711930.4,0.25553235844576244,3569435.4,0.15915307095187742,465300.8,0.16656748876718724,20134156.46232697,0.16879792700326393,,,,,,,,,,
2025,11,CA-0001-no2025.XLS,11,7,1. Forwards,989787.7655540535,0.5982138470044585,2568724.340341041,0.19681162484653106,971957.6392407351,0.2244585062308495,1528125.6011528801,0.19686952192669793,3402179.26758092,0.11953037715250248,929633.4484573401,0.2916486304886739,1583838.2,0.32410034283804373,1956684,0.14326107598940163,456559.6,0.1363701801843688,1711930.4,0.25553235844576244,3569435.4,0.15915307095187742,465300.8,0.16656748876718724,20134156.46232697,0.16879792700326393,,,,,,,,,,
2025,11,CA-0001-no2025.XLS,11,8,Monedas,989787.7655540535,0.5982138470044585,2568724.340341041,0.19681162484653106,971957.6392407351,0.2244585062308495,1528125.6011528801,0.19686952192669793,3402179.26758092,0.11953037715250248,929633.4484573401,0.2916486304886739,1583838.2,0.32410034283804373,1956684,0.14326107598940163,456559.6,0.1363701801843688,1711930.4,0.25553235844576244,3569435.4,0.15915307095187742,465300.8,0.16656748876718724,20134156.46232697,0.16879792700326393,,,,,,,,,,
2025,11,CA-0001-no2025.XLS,11,9,II. Extranjero,177546.48667664896,0.10730660704571392,223420.71990027197,0.01711814468270901,65424.520000000004,0.01510877577086785,7256695.246087173,0.9348852756521542,17859998.302880906,0.6274837876501266,3389593.8511241595,1.0633980589162884,3575885.8915918744,0.7317324733136567,6886777.070726417,0.5042240306822183,2631051.4711353877,0.785871030185504,2903300.6749244616,0.43336298528294226,7304895.257464307,0.3257087978696153,1191492.7999999998,0.42652830938649683,53466082.292511605,0.44824146831522216,,,,,,,,,,
2025,11,CA-0001-no2025.XLS,11,10,1. Forwards,177546.48667664896,0.10730660704571392,223420.71990027197,0.01711814468270901,65424.520000000004,0.01510877577086785,7256695.246087173,0.9348852756521542,17284332.288380906,0.6072586406442814,3282519.9724271595,1.0298063780931521,3575885.8915918744,0.7317324733136567,6886777.070726417,0.5042240306822183,2631051.4711353877,0.785871030185504,2903300.6749244616,0.43336298528294226,7304895.257464307,0.3257087978696153,1191492.7999999998,0.42652830938649683,52783342.399314605,0.4425176090182251,,,,,,,,,,
2025,11,CA-0001-no2025.XLS,11,11,Monedas,177546.48667664896,0.10730660704571392,223420.71990027197,0.01711814468270901,65424.520000000004,0.01510877577086785,7256695.246087173,0.9348852756521542,17284332.288380906,0.6072586406442814,3282519.9724271595,1.0298063780931521,3575885.8915918744,0.7317324733136567,6886777.070726417,0.5042240306822183,2631051.4711353877,0.785871030185504,2903300.6749244616,0.43336298528294226,7304895.257464307,0.3257087978696153,1191492.7999999998,0.42652830938649683,52783342.399314605,0.4425176090182251,,,,,,,,,,
2025,11,CA-0001-no2025.XLS,11,12,2. Swaps,0,0,0,0,0,0,0,0,0,0,0,0,0,0,0,0,0,0,0,0,0,0,0,0,0,0,,,,,,,,,,
2025,11,CA-0001-no2025.XLS,11,13,Interest Rate Swap,0,0,0,0,0,0,0,0,0,0,0,0,0,0,0,0,0,0,0,0,0,0,0,0,0,0,,,,,,,,,,
2025,11,CA-0001-no2025.XLS,11,14,3. Futuros,0,0,0,0,0,0,0,0,575666.0145,0.02022514700584523,107073.878697,0.033591680823136245,0,0,0,0,0,0,0,0,0,0,0,0,682739.893197,0.00572385929699705,,,,,,,,,,
2025,11,CA-0001-no2025.XLS,11,15,Índice,0,0,0,0,0,0,0,0,575666.0145,0.02022514700584523,107073.878697,0.033591680823136245,0,0,0,0,0,0,0,0,0,0,0,0,682739.893197,0.00572385929699705,,,,,,,,,,
2025,11,CA-0001-no2025.XLS,11,16,Bonos,0,0,0,0,0,0,0,0,0,0,0,0,0,0,0,0,0,0,0,0,0,0,0,0,0,0,,,,,,,,,,
2025,11,CA-0001-no2025.XLS,11,17,Materia Prima,0,0,0,0,0,0,0,0,0,0,0,0,0,0,0,0,0,0,0,0,0,0,0,0,0,0,,,,,,,,,,
2025,11,CA-0001-no2025.XLS,11,18,4. Opciones,0,0,0,0,0,0,0,0,0,0,0,0,0,0,0,0,0,0,0,0,0,0,0,0,0,0,,,,,,,,,,
2025,11,CA-0001-no2025.XLS,11,19,Índice,0,0,0,0,0,0,0,0,0,0,0,0,0,0,0,0,0,0,0,0,0,0,0,0,0,0,,,,,,,,,,
2025,11,CA-0001-no2025.XLS,11,20,Total,1167334.2522307024,0.7055204540501724,2792145.0602413127,0.21392976952924006,1037382.1592407351,0.23956728200171737,8784820.847240053,1.1317547975788522,21262177.570461825,0.747014164802629,4319227.2995815,1.3550466894049622,5159724.091591874,1.0558328161517003,8843461.070726417,0.64748510667162,3087611.0711353878,0.9222412103698727,4615231.074924462,0.6888953437287046,10874330.657464307,0.48486186882149274,1656793.5999999999,0.5930957981536841,73600238.75483857,0.6170393953184861,,,,,,,,,,
2025,11,CA-0001-no2025.XLS,12,1,INVERSIÓN EN FORWARDS DE MONEDAS LOCALES Y EXTRANJEROS,,,,,,,,,,,,,,,,,,,,,,,,,,,,,,,,,,,,
2025,11,CA-0001-no2025.XLS,12,2,(Valores Nocionales en miles de Soles),,,,,,,,,,,,,,,,,,,,,,,,,,,,,,,,,,,,
2025,11,CA-0001-no2025.XLS,12,3,Al 28-11-2025,,,,,,,,,,,,,,,,,,,,,,,,,,,,,,,,,,,,
2025,11,CA-0001-no2025.XLS,12,4,,HA01,,HA02,,HA03,,IN01,,IN02,,IN03,,PR01,,PR02,,PR03,,RI01,,RI02,,RI03,,TOTAL,,,,,,,,,,,
2025,11,CA-0001-no2025.XLS,12,5,,Monto,%,Monto,%,Monto,%,Monto,%,Monto,%,Monto,%,Monto,%,Monto,%,Monto,%,Monto,%,Monto,%,Monto,%,Monto,%,,,,,,,,,,
2025,11,CA-0001-no2025.XLS,12,6,I. Nacional,989787.7655540535,0.5982138470044585,2568724.3403410413,0.19681162484653097,971957.6392407352,0.22445850623084945,1528125.6011528801,0.19686952192669793,3402179.26758092,0.11953037715250248,929633.44845734,0.2916486304886739,1583838.2,0.3241003428380436,1956684,0.1432610759894016,456559.6,0.13637018018436883,1711930.4,0.2555323584457624,3569435.4,0.15915307095187745,465300.8,0.16656748876718724,20134156.46232697,0.16879792700326407,,,,,,,,,,
2025,11,CA-0001-no2025.XLS,12,7,BRL,42513.425708643,0.025694518388262193,20548.745036094,0.0015744125734308287,,,,,,,,,,,,,,,,,,,,,63062.170744737,0.0005286918135336291,,,,,,,,,,
2025,11,CA-0001-no2025.XLS,12,8,USD,42513.425708643,0.025694518388262193,20548.745036094,0.0015744125734308287,,,,,,,,,,,,,,,,,,,,,63062.170744737,0.0005286918135336291,,,,,,,,,,
2025,11,CA-0001-no2025.XLS,12,9,COMPRA,17105.1261318975,0.010338098391356694,13717.282019855998,0.001050996605750047,,,,,,,,,,,,,,,,,,,,,30822.4081517535,0.0002584045977292061,,,,,,,,,,
2025,11,CA-0001-no2025.XLS,12,10,VENTA,25408.2995767455,0.015356419996905499,6831.463016237999,0.0005234159676807817,,,,,,,,,,,,,,,,,,,,,32239.762592983498,0.0002702872158044231,,,,,,,,,,
2025,11,CA-0001-no2025.XLS,12,11,COP,89703.261041,0.05421539318193487,76276.30454,0.005844170664032062,,,,,,,,,,,,,,,,,,,,,165979.565581,0.0013915162846478192,,,,,,,,,,
2025,11,CA-0001-no2025.XLS,12,12,USD,89703.261041,0.05421539318193487,76276.30454,0.005844170664032062,,,,,,,,,,,,,,,,,,,,,165979.565581,0.0013915162846478192,,,,,,,,,,
2025,11,CA-0001-no2025.XLS,12,13,COMPRA,25288.266739,0.015283873832835264,25906.43175,0.001984910115351779,,,,,,,,,,,,,,,,,,,,,51194.698489,0.00042919895823147875,,,,,,,,,,
2025,11,CA-0001-no2025.XLS,12,14,VENTA,64414.99430200001,0.03893151934909961,50369.87279,0.0038592605486802833,,,,,,,,,,,,,,,,,,,,,114784.867092,0.0009623173264163404,,,,,,,,,,
2025,11,CA-0001-no2025.XLS,12,15,EUR,4874.9,0.0029463212056673738,971665.068,0.0744474515370946,265891.7876976,0.06140357467870206,,,,,,,,,,,,,,,,,,,1242431.7556976,0.010416125711409246,,,,,,,,,,
2025,11,CA-0001-no2025.XLS,12,16,USD,4874.9,0.0029463212056673738,971665.068,0.0744474515370946,265891.7876976,0.06140357467870206,,,,,,,,,,,,,,,,,,,1242431.7556976,0.010416125711409246,,,,,,,,,,
2025,11,CA-0001-no2025.XLS,12,17,COMPRA,,,114267.656,0.008755008348532498,8969.816,0.0020714395558414913,,,,,,,,,,,,,,,,,,,123237.47200000001,0.0010331810941096964,,,,,,,,,,
2025,11,CA-0001-no2025.XLS,12,18,VENTA,4874.9,0.0029463212056673738,857397.412,0.0656924431885621,256921.97169760003,0.05933213512286057,,,,,,,,,,,,,,,,,,,1119194.2836976,0.009382944617299549,,,,,,,,,,
2025,11,CA-0001-no2025.XLS,12,19,GBP,5783.61498,0.0034955357978603634,148594.41564000002,0.011385070762924445,45824.026379999996,0.010582346488652163,,,,,,,,,,,,,,,,,,,200202.05700000003,0.0016784260252780243,,,,,,,,,,
2025,11,CA-0001-no2025.XLS,12,20,USD,5783.61498,0.0034955357978603634,148594.41564000002,0.011385070762924445,45824.026379999996,0.010582346488652163,,,,,,,,,,,,,,,,,,,200202.05700000003,0.0016784260252780243,,,,,,,,,,
2025,11,CA-0001-no2025.XLS,12,21,COMPRA,,,7563.18882,0.0005794796496099268,,,,,,,,,,,,,,,,,,,,,7563.18882,6.340720539939202e-05,,,,,,,,,,
2025,11,CA-0001-no2025.XLS,12,22,VENTA,5783.61498,0.0034955357978603634,141031.22682,0.010805591113314517,45824.026379999996,0.010582346488652163,,,,,,,,,,,,,,,,,,,192638.86818000002,0.0016150188198786322,,,,,,,,,,
2025,11,CA-0001-no2025.XLS,12,23,JPY,,,228731.66419986958,0.017525060894253316,162319.53916313522,0.037485174066946333,,,,,,,,,,,,,,,,,,,391051.20336300484,0.0032784404255184873,,,,,,,,,,
2025,11,CA-0001-no2025.XLS,12,24,USD,,,228731.66419986958,0.017525060894253316,162319.53916313522,0.037485174066946333,,,,,,,,,,,,,,,,,,,391051.20336300484,0.0032784404255184873,,,,,,,,,,
2025,11,CA-0001-no2025.XLS,12,25,COMPRA,,,222205.2301737576,0.01702501576875641,106714.23689203203,0.024643993975973916,,,,,,,,,,,,,,,,,,,328919.4670657896,0.002757549058268663,,,,,,,,,,
2025,11,CA-0001-no2025.XLS,12,26,VENTA,,,6526.4340261120005,0.0005000451254969046,55605.30227110321,0.012841180090972421,,,,,,,,,,,,,,,,,,,62131.736297215204,0.0005208913672498242,,,,,,,,,,
2025,11,CA-0001-no2025.XLS,12,27,MXN,139211.5638244104,0.08413751719419423,94825.35292507801,0.007265369620530226,,,,,,,,,,,,,,,,,,,,,234036.9167494884,0.0019620859936927003,,,,,,,,,,
2025,11,CA-0001-no2025.XLS,12,28,USD,139211.5638244104,0.08413751719419423,94825.35292507801,0.007265369620530226,,,,,,,,,,,,,,,,,,,,,234036.9167494884,0.0019620859936927003,,,,,,,,,,
2025,11,CA-0001-no2025.XLS,12,29,COMPRA,35904.059210817,0.02169990995145893,34217.944074366,0.0026217251366449004,,,,,,,,,,,,,,,,,,,,,70122.003285183,0.0005878790509054672,,,,,,,,,,
2025,11,CA-0001-no2025.XLS,12,30,VENTA,103307.50461359341,0.062437607242735296,60607.408850712,0.004643644483885326,,,,,,,,,,,,,,,,,,,,,163914.9134643054,0.001374206942787233,,,,,,,,,,
2025,11,CA-0001-no2025.XLS,12,31,USD,707701,0.42772456123653946,1028082.7899999999,0.07877008879426549,497922.28599999996,0.11498741099654888,1528125.6011528801,0.19686952192669793,3402179.26758092,0.11953037715250248,929633.44845734,0.2916486304886739,1583838.2,0.3241003428380436,1956684,0.1432610759894016,456559.6,0.13637018018436883,1711930.4,0.2555323584457624,3569435.4,0.15915307095187745,465300.8,0.16656748876718724,17837392.79319114,0.14954264074918416,,,,,,,,,,
2025,11,CA-0001-no2025.XLS,12,32,PEN,707701,0.42772456123653946,1028082.7899999999,0.07877008879426549,497922.28599999996,0.11498741099654888,1528125.6011528801,0.19686952192669793,3402179.26758092,0.11953037715250248,929633.44845734,0.2916486304886739,1583838.2,0.3241003428380436,1956684,0.1432610759894016,456559.6,0.13637018018436883,1711930.4,0.2555323584457624,3569435.4,0.15915307095187745,465300.8,0.16656748876718724,17837392.79319114,0.14954264074918416,,,,,,,,,,
2025,11,CA-0001-no2025.XLS,12,33,COMPRA,228111.69999999998,0.13786751296864228,67240,0.0051518232014431545,55136.8,0.012732986775037654,456986.631154,0.05887391686541059,1020213.499485,0.035843644552047686,297793.73240599997,0.09342513908943761,613901.2,0.1256224211467348,769898,0.05636904879995355,238029.6,0.07109726625223353,516739.4,0.07713142869818082,874120,0.038975038567851686,344268.8,0.12324068533063565,5482439.3630450005,0.04596290890729161,,,,,,,,,,
2025,11,CA-0001-no2025.XLS,12,34,VENTA,479589.3,0.28985704826789715,960842.7899999999,0.07361826559282234,442785.486,0.10225442422151122,1071138.96999888,0.13799560506128736,2381965.76809592,0.0836867326004548,631839.71605134,0.19822349139923628,969937,0.19847792169130882,1186786,0.08689202718944805,218530,0.0652729139321353,1195191,0.17840092974758157,2695315.4,0.12017803238402576,121032,0.0433268034365516,12354953.43014614,0.10357973184189255,,,,,,,,,,
2025,11,CA-0001-no2025.XLS,12,35,II. Extranjero,177546.48667664902,0.10730660704571393,223420.719900272,0.01711814468270901,65424.520000000004,0.01510877577086785,7256695.246087177,0.9348852756521541,17284332.2883809,0.607258640644281,3282519.972427159,1.0298063780931523,3575885.8915918744,0.7317324733136565,6886777.070726416,0.5042240306822183,2631051.4711353877,0.7858710301855035,2903300.6749244616,0.4333629852829423,7304895.257464306,0.32570879786961543,1191492.7999999998,0.4265283093864968,52783342.3993146,0.4425176090182263,,,,,,,,,,
2025,11,CA-0001-no2025.XLS,12,36,AUD,,,,,,,298315.95277373993,0.03843225907698019,286092.94302884,0.010051439001690785,,,,,,,,,,,,,,,584408.8958025798,0.004899485623761813,,,,,,,,,,
2025,11,CA-0001-no2025.XLS,12,37,USD,,,,,,,298315.95277373993,0.03843225907698019,286092.94302884,0.010051439001690785,,,,,,,,,,,,,,,584408.8958025798,0.004899485623761813,,,,,,,,,,
2025,11,CA-0001-no2025.XLS,12,38,COMPRA,,,,,,,149157.97638686997,0.01921612953849009,143046.47151442,0.005025719500845393,,,,,,,,,,,,,,,292204.4479012899,0.0024497428118809067,,,,,,,,,,
2025,11,CA-0001-no2025.XLS,12,39,VENTA,,,,,,,149157.97638687,0.019216129538490098,143046.47151441997,0.005025719500845392,,,,,,,,,,,,,,,292204.44790128997,0.0024497428118809067,,,,,,,,,,
2025,11,CA-0001-no2025.XLS,12,40,BRL,24266.297307548997,0.014666209838204006,6857.732974871999,0.0005254287306550767,,,715657.8838802172,0.09219872067863832,762664.8118669817,0.026795064408296765,145383.4913555574,0.045610338375702296,139974.25703706042,0.028642890854767684,224171.15445,0.0164129725557593,78507.19755,0.023449382458858248,95220.938502465,0.014213212750327804,139070.241423459,0.006200828288015101,,,2331774.006348162,0.019548801026163076,,,,,,,,,,
2025,11,CA-0001-no2025.XLS,12,41,USD,24266.297307548997,0.014666209838204006,6857.732974871999,0.0005254287306550767,,,715657.8838802172,0.09219872067863832,762664.8118669817,0.026795064408296765,145383.4913555574,0.045610338375702296,139974.25703706042,0.028642890854767684,224171.15445,0.0164129725557593,78507.19755,0.023449382458858248,95220.938502465,0.014213212750327804,139070.241423459,0.006200828288015101,,,2331774.006348162,0.019548801026163076,,,,,,,,,,
2025,11,CA-0001-no2025.XLS,12,42,COMPRA,8826.258389294999,0.005334466811438063,,,,,357828.94194010866,0.04609936033931916,453691.4494584908,0.01593975678512628,88267.0692077787,0.027691527122239705,69987.12851853021,0.014321445427383842,203677.3077,0.014912489832658943,70624.9488,0.021095026790298184,30661.222470615,0.004576666487578266,44189.406190059,0.001970305919722708,,,1327753.7326748776,0.011131436177409276,,,,,,,,,,
2025,11,CA-0001-no2025.XLS,12,43,VENTA,15440.038918253998,0.009331743026765944,6857.732974871999,0.0005254287306550767,,,357828.94194010855,0.046099360339319155,308973.3624084909,0.010855307623170487,57116.4221477787,0.01791881125346259,69987.12851853021,0.014321445427383842,20493.84675,0.0015004827231003583,7882.24875,0.002354355668560065,64559.716031849995,0.009636546262749538,94880.8352334,0.004230522368292393,,,1004020.2736732842,0.008417364848753798,,,,,,,,,,
2025,11,CA-0001-no2025.XLS,12,44,CAD,,,,,,,77442.16242000001,0.009976929567237726,371818.58106,0.013063278484443656,48341.22561000001,0.015165818601617889,,,,,,,,,,,,,497601.96909,0.004171725843707225,,,,,,,,,,
2025,11,CA-0001-no2025.XLS,12,45,USD,,,,,,,77442.16242000001,0.009976929567237726,371818.58106,0.013063278484443656,48341.22561000001,0.015165818601617889,,,,,,,,,,,,,497601.96909,0.004171725843707225,,,,,,,,,,
2025,11,CA-0001-no2025.XLS,12,46,COMPRA,,,,,,,38721.081210000004,0.004988464783618863,146947.70571,0.0051627834113810315,15873.238260000002,0.0049798210333670675,,,,,,,,,,,,,201542.02518000003,0.0016896598632318292,,,,,,,,,,
2025,11,CA-0001-no2025.XLS,12,47,VENTA,,,,,,,38721.081210000004,0.004988464783618863,224870.87535000002,0.007900495073062626,32467.987350000003,0.01018599756825082,,,,,,,,,,,,,296059.94391000003,0.002482065980475396,,,,,,,,,,
2025,11,CA-0001-no2025.XLS,12,48,CLP,,,,,,,,,1132072.7383697326,0.039773648223309546,228265.82640000002,0.07161254338190949,,,162972,0.011932199617385718,65188.8,0.019471298822766585,,,,,,,1588499.3647697326,0.013317438966009865,,,,,,,,,,
2025,11,CA-0001-no2025.XLS,12,49,USD,,,,,,,,,1132072.7383697326,0.039773648223309546,228265.82640000002,0.07161254338190949,,,162972,0.011932199617385718,65188.8,0.019471298822766585,,,,,,,1588499.3647697326,0.013317438966009865,,,,,,,,,,
2025,11,CA-0001-no2025.XLS,12,50,COMPRA,,,,,,,,,637381.8891848663,0.022393440090125862,129421.4976,0.04060267258398384,,,121323.6,0.008882859715164924,48891.600000000006,0.014603474117074938,,,,,,,937018.5867848663,0.007855645470360748,,,,,,,,,,
2025,11,CA-0001-no2025.XLS,12,51,VENTA,,,,,,,,,494690.8491848664,0.01738020813318368,98844.3288,0.03100987079792565,,,41648.4,0.003049339902220795,16297.2,0.004867824705691646,,,,,,,651480.7779848663,0.005461793495649117,,,,,,,,,,
2025,11,CA-0001-no2025.XLS,12,52,CNH,,,,,,,77427.30556000001,0.009975015547262323,575948.8147,0.020235082759345026,153522.93756,0.04816388068036137,,,,,,,,,,,,,806899.05782,0.00676476754890388,,,,,,,,,,
2025,11,CA-0001-no2025.XLS,12,53,USD,,,,,,,77427.30556000001,0.009975015547262323,575948.8147,0.020235082759345026,153522.93756,0.04816388068036137,,,,,,,,,,,,,806899.05782,0.00676476754890388,,,,,,,,,,
2025,11,CA-0001-no2025.XLS,12,54,COMPRA,,,,,,,38713.652780000004,0.004987507773631161,287974.40735,0.010117541379672513,76761.46878,0.024081940340180685,,,,,,,,,,,,,403449.52891,0.00338238377445194,,,,,,,,,,
2025,11,CA-0001-no2025.XLS,12,55,VENTA,,,,,,,38713.652780000004,0.004987507773631161,287974.40735,0.010117541379672513,76761.46878,0.024081940340180685,,,,,,,,,,,,,403449.52891,0.00338238377445194,,,,,,,,,,
2025,11,CA-0001-no2025.XLS,12,56,COP,107422.50936910001,0.06492465841764579,167948.46692540002,0.01286794777741053,,,659477.18787,0.08496092114390356,114572.8,0.004025340500401043,,,,,,,,,512174.19689498,0.07645000081056945,475951.80925298,0.021221617308920616,,,2037546.9703124599,0.017082101522557392,,,,,,,,,,
2025,11,CA-0001-no2025.XLS,12,57,USD,107422.50936910001,0.06492465841764579,167948.46692540002,0.01286794777741053,,,659477.18787,0.08496092114390356,114572.8,0.004025340500401043,,,,,,,,,512174.19689498,0.07645000081056945,475951.80925298,0.021221617308920616,,,2037546.9703124599,0.017082101522557392,,,,,,,,,,
2025,11,CA-0001-no2025.XLS,12,58,COMPRA,42917.5610975,0.025938772150626555,64700.60639040001,0.004957258851122903,,,329738.593935,0.04248046057195178,57286.4,0.0020126702502005216,,,,,,,,,129373.96790602,0.019311085976691376,91897.94366254,0.004097521963293093,,,715915.07299146,0.006001988732801495,,,,,,,,,,
2025,11,CA-0001-no2025.XLS,12,59,VENTA,64504.948271600006,0.03898588626701924,103247.86053500001,0.007910688926287627,,,329738.59393500007,0.04248046057195178,57286.4,0.0020126702502005216,,,,,,,,,382800.22898896,0.05713891483387808,384053.86559044,0.017124095345627522,,,1321631.8973209998,0.011080112789755897,,,,,,,,,,
2025,11,CA-0001-no2025.XLS,12,60,EUR,15599.68,0.009428227858135596,,,23399.52,0.00540375536306476,878456.98,0.11317224549820827,3536260.77462944,0.12424112630655314,465420.3526420016,0.14601368816370033,294126.7593048144,0.06018707184138699,599121.270300816,0.04386541609755689,196956.43448313442,0.058829087065381765,200707.13952701678,0.029958676310813392,360908.20678786794,0.016092082641984334,,,6570957.11767509,0.055088671927540425,,,,,,,,,,
2025,11,CA-0001-no2025.XLS,12,61,USD,15599.68,0.009428227858135596,,,23399.52,0.00540375536306476,878456.98,0.11317224549820827,3536260.77462944,0.12424112630655314,465420.3526420016,0.14601368816370033,294126.7593048144,0.06018707184138699,599121.270300816,0.04386541609755689,196956.43448313442,0.058829087065381765,200707.13952701678,0.029958676310813392,360908.20678786794,0.016092082641984334,,,6570957.11767509,0.055088671927540425,,,,,,,,,,
2025,11,CA-0001-no2025.XLS,12,62,COMPRA,,,,,23399.52,0.00540375536306476,296783.912,0.038234885160548945,1366531.968,0.04801101549305893,188670.3297210008,0.0591904727269519,32820.5203967456,0.006716053390244186,,,,,48749,0.00727654987718687,68248.6,0.0030430510881822664,,,2025203.8501177463,0.01697862099654091,,,,,,,,,,
2025,11,CA-0001-no2025.XLS,12,63,VENTA,15599.68,0.009428227858135596,,,,,581673.068,0.07493736033765933,2169728.80662944,0.0762301108134942,276750.0229210008,0.08682321543674844,261306.23890806877,0.053471018451142806,599121.270300816,0.04386541609755689,196956.43448313442,0.058829087065381765,151958.13952701678,0.02268212643362652,292659.60678786796,0.01304903155380207,,,4545753.2675573435,0.03811005093099951,,,,,,,,,,
2025,11,CA-0001-no2025.XLS,12,64,GBP,,,,,,,652409.5565845309,0.08405039311448323,1543513.3701240001,0.054228986999275954,168436.663956,0.052842679497351,,,,,249517.343788173,0.07452855033936041,,,,,,,2613876.9344527037,0.02191385612815836,,,,,,,,,,
2025,11,CA-0001-no2025.XLS,12,65,USD,,,,,,,652409.5565845309,0.08405039311448323,1543513.3701240001,0.054228986999275954,168436.663956,0.052842679497351,,,,,249517.343788173,0.07452855033936041,,,,,,,2613876.9344527037,0.02191385612815836,,,,,,,,,,
2025,11,CA-0001-no2025.XLS,12,66,COMPRA,,,,,,,296396.91647226544,0.038185028247952627,507045.0763620001,0.017814255053633134,55300.257078,0.017349036084312545,,,,,82448.33531502409,0.024626564292616112,,,,,,,941190.5852272896,0.007890622087824687,,,,,,,,,,
2025,11,CA-0001-no2025.XLS,12,67,VENTA,,,,,,,356012.6401122654,0.04586536486653061,1036468.293762,0.03641473194564282,113136.40687800001,0.035493643413038456,,,,,167069.00847314892,0.049901986046744305,,,,,,,1672686.349225414,0.014023234040333673,,,,,,,,,,
2025,11,CA-0001-no2025.XLS,12,68,INR,,,,,,,,,,,60877.818,0.019098852645956076,,,,,,,,,,,,,60877.818,0.0005103789422769964,,,,,,,,,,
2025,11,CA-0001-no2025.XLS,12,69,USD,,,,,,,,,,,60877.818,0.019098852645956076,,,,,,,,,,,,,60877.818,0.0005103789422769964,,,,,,,,,,
2025,11,CA-0001-no2025.XLS,12,70,COMPRA,,,,,,,,,,,30438.909,0.009549426322978038,,,,,,,,,,,,,30438.909,0.0002551894711384982,,,,,,,,,,
2025,11,CA-0001-no2025.XLS,12,71,VENTA,,,,,,,,,,,30438.909,0.009549426322978038,,,,,,,,,,,,,30438.909,0.0002551894711384982,,,,,,,,,,
2025,11,CA-0001-no2025.XLS,12,72,JPY,,,,,,,162520.48612800002,0.020937631293641915,2054050.0719764258,0.0721659149866145,313938.7944,0.09849023784155177,,,220413.6459756,0.016137861854653844,94956.09531408001,0.02836251790036874,,,,,,,2845879.0937941056,0.023858883407070423,,,,,,,,,,
2025,11,CA-0001-no2025.XLS,12,73,USD,,,,,,,162520.48612800002,0.020937631293641915,2054050.0719764258,0.0721659149866145,313938.7944,0.09849023784155177,,,220413.6459756,0.016137861854653844,94956.09531408001,0.02836251790036874,,,,,,,2845879.0937941056,0.023858883407070423,,,,,,,,,,
2025,11,CA-0001-no2025.XLS,12,74,COMPRA,,,,,,,71770.17170400001,0.009246202917681466,842143.0309882129,0.02958741036063834,129229.023,0.040542288619113596,,,67119.7353288,0.004914255701650211,33559.8676644,0.010024025779674333,,,,,,,1143821.8286854126,0.009589413587027723,,,,,,,,,,
2025,11,CA-0001-no2025.XLS,12,75,VENTA,,,,,,,90750.31442400001,0.011691428375960449,1211907.040988213,0.042578504625976156,184709.77140000003,0.05794794922243817,,,153293.9106468,0.011223606153003631,61396.227649680004,0.018338492120694407,,,,,,,1702057.265108693,0.014269469820042699,,,,,,,,,,
2025,11,CA-0001-no2025.XLS,12,76,KRW,,,,,,,,,75350.87,0.0026473378389238454,16309.226299999998,0.005116601088975486,,,,,,,,,,,,,91660.09629999999,0.0007684471049636114,,,,,,,,,,
2025,11,CA-0001-no2025.XLS,12,77,USD,,,,,,,,,75350.87,0.0026473378389238454,16309.226299999998,0.005116601088975486,,,,,,,,,,,,,91660.09629999999,0.0007684471049636114,,,,,,,,,,
2025,11,CA-0001-no2025.XLS,12,78,VENTA,,,,,,,,,75350.87,0.0026473378389238454,16309.226299999998,0.005116601088975486,,,,,,,,,,,,,91660.09629999999,0.0007684471049636114,,,,,,,,,,
2025,11,CA-0001-no2025.XLS,12,79,MXN,,,,,,,452413.78443574917,0.058284793728813095,,,,,135949.692,0.027819345300502556,,,,,,,,,,,588363.4764357492,0.004932639484182797,,,,,,,,,,
2025,11,CA-0001-no2025.XLS,12,80,USD,,,,,,,452413.78443574917,0.058284793728813095,,,,,135949.692,0.027819345300502556,,,,,,,,,,,588363.4764357492,0.004932639484182797,,,,,,,,,,
2025,11,CA-0001-no2025.XLS,12,81,COMPRA,,,,,,,226206.89221787459,0.029142396864406547,,,,,67974.846,0.013909672650251278,,,,,,,,,,,294181.7382178746,0.0024663197420913986,,,,,,,,,,
2025,11,CA-0001-no2025.XLS,12,82,VENTA,,,,,,,226206.89221787459,0.029142396864406547,,,,,67974.846,0.013909672650251278,,,,,,,,,,,294181.7382178746,0.0024663197420913986,,,,,,,,,,
2025,11,CA-0001-no2025.XLS,12,83,TRY,,,,,,,,,,,23303.0603976,0.007310737003313375,,,,,,,,,,,,,23303.0603976,0.00019536494093043958,,,,,,,,,,
2025,11,CA-0001-no2025.XLS,12,84,USD,,,,,,,,,,,23303.0603976,0.007310737003313375,,,,,,,,,,,,,23303.0603976,0.00019536494093043958,,,,,,,,,,
2025,11,CA-0001-no2025.XLS,12,85,COMPRA,,,,,,,,,,,11651.5301988,0.0036553685016566875,,,,,,,,,,,,,11651.5301988,9.768247046521979e-05,,,,,,,,,,
2025,11,CA-0001-no2025.XLS,12,86,VENTA,,,,,,,,,,,11651.5301988,0.0036553685016566875,,,,,,,,,,,,,11651.5301988,9.768247046521979e-05,,,,,,,,,,
2025,11,CA-0001-no2025.XLS,12,87,TWD,,,,,,,,,71604.80940000001,0.002515725715888216,15412.6944,0.00483533721958879,,,,,,,,,,,,,87017.5038,0.0007295251868098907,,,,,,,,,,
2025,11,CA-0001-no2025.XLS,12,88,USD,,,,,,,,,71604.80940000001,0.002515725715888216,15412.6944,0.00483533721958879,,,,,,,,,,,,,87017.5038,0.0007295251868098907,,,,,,,,,,
2025,11,CA-0001-no2025.XLS,12,89,VENTA,,,,,,,,,71604.80940000001,0.002515725715888216,15412.6944,0.00483533721958879,,,,,,,,,,,,,87017.5038,0.0007295251868098907,,,,,,,,,,
2025,11,CA-0001-no2025.XLS,12,90,USD,30258,0.018287510931728528,48614.52,0.003724768174643401,42025,0.00970502040780309,3282573.94643494,0.4228963660029855,5516193.44982548,0.19380303965364776,1610236.90977,0.5051704951839255,3005835.18325,0.6150831653169994,5680099,0.41587558055686263,1945925.6,0.5812301935987677,2095198.4,0.31274109541123163,6328965,0.2821942696306954,1191492.7999999998,0.4265283093864968,30777417.809280418,0.2580274139838215,,,,,,,,,,
2025,11,CA-0001-no2025.XLS,12,91,PEN,30258,0.018287510931728528,48614.52,0.003724768174643401,42025,0.00970502040780309,3282573.94643494,0.4228963660029855,5516193.44982548,0.19380303965364776,1610236.90977,0.5051704951839255,3005835.18325,0.6150831653169994,5680099,0.41587558055686263,1945925.6,0.5812301935987677,2095198.4,0.31274109541123163,6328965,0.2821942696306954,1191492.7999999998,0.4265283093864968,30777417.809280418,0.2580274139838215,,,,,,,,,,
2025,11,CA-0001-no2025.XLS,12,92,COMPRA,,,,,,,669236.96316,0.08621828002461643,1159350.402362,0.04073200732446098,511910.142512,0.16059866632879424,801837,0.16407966836525878,981704,0.07187669104622901,121032,0.03615115233164417,334519,0.049932187088282315,1864229,0.08312176494566831,127756,0.04573384807191557,6571574.508034,0.05509384791854509,,,,,,,,,,
2025,11,CA-0001-no2025.XLS,12,93,VENTA,30258,0.018287510931728528,48614.52,0.003724768174643401,42025,0.00970502040780309,2613336.98327494,0.3366780859783691,4356843.047463479,0.15307103232918678,1098326.767258,0.3445718288551313,2203998.18325,0.4510034969517406,4698395,0.3439988895106336,1824893.6,0.5450790412671236,1760679.4,0.26280890832294934,4464736,0.19907250468502707,1063736.7999999998,0.3807944613145812,24205843.301246416,0.20293356606527643,,,,,,,,,,
2025,11,CA-0001-no2025.XLS,12,94,ZAR,,,,,,,,,1244188.2534,0.043712655765890826,33070.971636,0.010375168409198849,,,,,,,,,,,,,1277259.2250360001,0.010708107381368528,,,,,,,,,,
2025,11,CA-0001-no2025.XLS,12,95,USD,,,,,,,,,1244188.2534,0.043712655765890826,33070.971636,0.010375168409198849,,,,,,,,,,,,,1277259.2250360001,0.010708107381368528,,,,,,,,,,
2025,11,CA-0001-no2025.XLS,12,96,COMPRA,,,,,,,,,730130.6817000001,0.025652027388982663,16535.485818,0.0051875842045994245,,,,,,,,,,,,,746666.1675180001,0.006259795461326414,,,,,,,,,,
2025,11,CA-0001-no2025.XLS,12,97,VENTA,,,,,,,,,514057.5717,0.01806062837690816,16535.485818,0.0051875842045994245,,,,,,,,,,,,,530593.057518,0.004448311920042114,,,,,,,,,,
2025,11,CA-0001-no2025.XLS,12,98,Total general,1167334.2522307024,0.7055204540501724,2792145.060241313,0.21392976952924,1037382.1592407352,0.23956728200171729,8784820.847240057,1.1317547975788522,20686511.555961818,0.7267890177967836,4212153.420884499,1.3214550085818266,5159724.091591874,1.0558328161517,8843461.070726417,0.64748510667162,3087611.0711353878,0.9222412103698723,4615231.074924462,0.6888953437287046,10874330.657464307,0.4848618688214929,1656793.5999999999,0.5930957981536841,72917498.86164157,0.6113155360214902,,,,,,,,,,
2025,11,CA-0001-no2025.XLS,13,1,INVERSIÓN EN INSTRUMENTOS DERIVADOS LOCALES Y EXTRANJEROS,,,,,,,,,,,,,,,,,,,,,,,,,,,,,,,,,,,,
2025,11,CA-0001-no2025.XLS,13,2,(Valores Nocionales en miles de Soles),,,,,,,,,,,,,,,,,,,,,,,,,,,,,,,,,,,,
2025,11,CA-0001-no2025.XLS,13,3,Al 28-11-2025,,,,,,,,,,,,,,,,,,,,,,,,,,,,,,,,,,,,
2025,11,CA-0001-no2025.XLS,13,4,,HÁBITAT F1,,HÁBITAT F2,,HÁBITAT F3,,INTEGRA F1,,INTEGRA F2,,INTEGRA F3,,PROFUTURO F1,,PROFUTURO F2,,PROFUTURO F3,,PRIMA F1,,PRIMA F2,,PRIMA F3,,SISTEMA,,,,,,,,,,,
2025,11,CA-0001-no2025.XLS,13,5,,Monto,%,Monto,%,Monto,%,Monto,%,Monto,%,Monto,%,Monto,%,Monto,%,Monto,%,Monto,%,Monto,%,Monto,%,Monto,%,,,,,,,,,,
2025,11,CA-0001-no2025.XLS,13,6,I. Nacional,989787.7655540534,0.5982138470044585,2568724.340341042,0.1968116248465309,971957.6392407353,0.22445850623084942,1528125.6011528801,0.19686952192669793,3402179.2675809194,0.11953037715250248,929633.44845734,0.2916486304886739,1583838.2,0.32410034283804356,1956684,0.1432610759894016,456559.6,0.13637018018436886,1711930.4,0.2555323584457624,3569435.4,0.15915307095187745,465300.8,0.16656748876718724,20134156.462326966,0.16879792700326401,,,,,,,,,,
2025,11,CA-0001-no2025.XLS,13,7,1. Forwards,989787.7655540534,0.5982138470044585,2568724.340341042,0.1968116248465309,971957.6392407353,0.22445850623084942,1528125.6011528801,0.19686952192669793,3402179.2675809194,0.11953037715250248,929633.44845734,0.2916486304886739,1583838.2,0.32410034283804356,1956684,0.1432610759894016,456559.6,0.13637018018436886,1711930.4,0.2555323584457624,3569435.4,0.15915307095187745,465300.8,0.16656748876718724,20134156.462326966,0.16879792700326401,,,,,,,,,,
2025,11,CA-0001-no2025.XLS,13,8,Monedas,989787.7655540534,0.5982138470044585,2568724.340341042,0.1968116248465309,971957.6392407353,0.22445850623084942,1528125.6011528801,0.19686952192669793,3402179.2675809194,0.11953037715250248,929633.44845734,0.2916486304886739,1583838.2,0.32410034283804356,1956684,0.1432610759894016,456559.6,0.13637018018436886,1711930.4,0.2555323584457624,3569435.4,0.15915307095187745,465300.8,0.16656748876718724,20134156.462326966,0.16879792700326401,,,,,,,,,,
2025,11,CA-0001-no2025.XLS,13,9,CITIBANK,275738.3489593725,0.16665239179361818,519439.84612999996,0.03979866524459542,297953.88800000004,0.06880781828969128,97501.362,0.012561170698050206,769919.3061370801,0.02704993999478286,0,0,151290,0.030958427993445045,0,0,0,0,50430,0.007527465390193314,147928,0.006595775757636439,13448,0.004814089270727955,2323648.7512264526,0.01948068164785768,,,,,,,,,,
2025,11,CA-0001-no2025.XLS,13,10,CONTINENTAL,368200.47659468086,0.22253520526118317,1396938.824211042,0.10703125885733439,465751.38524073525,0.10755804161151442,806489.7592120001,0.10390065660509788,1436683.6451117198,0.0504756876233452,385300.30307898,0.12087807931860595,802173.2,0.16414846487191084,1475918,0.10806118962087168,288459.6,0.08616024639041861,950437.4,0.14186763105384334,1828928,0.08154777300350508,235340,0.08424656223773921,10440620.593449155,0.0875306157523584,,,,,,,,,,
2025,11,CA-0001-no2025.XLS,13,11,CREDITO,151861.53999999998,0.0917829854206864,309085.47,0.02368164330123382,120840.366,0.027906203881413315,292607.32374088,0.03769681228667177,539037.09933812,0.018938245964002228,175664.83956199998,0.05511033404433374,252150,0.05159737998907508,134480,0.009846122061127258,94136,0.028117562924612132,509343,0.07602740044095248,708373.4,0.03158477163940904,147928,0.052954981978007507,3435507.0386409997,0.028802123764796725,,,,,,,,,,
2025,11,CA-0001-no2025.XLS,13,12,INTERBANK,0,0,68248.6,0.005229100549464802,0,0,0,0,0,0,0,0,47068,0.009631510931294014,67240,0.004923061030563629,0,0,117670,0.017564085910451065,100860,0.004497119834752117,0,0,401086.6,0.003362573781298744,,,,,,,,,,
2025,11,CA-0001-no2025.XLS,13,13,SANTANDER PERÚ,0,0,33620,0.0025759116007215773,0,0,0,0,35301.336200000005,0.0012402585807812453,0,0,55473,0.011351423597596515,110946,0.008123050700429988,0,0,20172,0.0030109861560773253,0,0,0,0,255512.33620000002,0.002142128613881665,,,,,,,,,,
2025,11,CA-0001-no2025.XLS,13,14,SCOTIABANK,193987.4,0.11724326452897066,241391.6,0.018495045293180922,87412,0.020186442448230424,331527.1562,0.042710882336878066,621237.880794,0.02182624498959093,368668.30581636,0.11566021712573422,275684,0.05641313545472208,168100,0.012307652576409074,73964,0.0220923708693381,63878,0.009534789494244864,632056,0.028181950964446603,68584.8,0.024551855280712572,3126491.1428103596,0.026211439485330258,,,,,,,,,,
2025,11,CA-0001-no2025.XLS,13,15,INTERAMERICANO,0,0,0,0,0,0,0,0,0,0,0,0,0,0,0,0,0,0,0,0,0,0,0,0,0,0,,,,,,,,,,
2025,11,CA-0001-no2025.XLS,13,16,JPM Banco Inver,0,0,0,0,0,0,0,0,0,0,0,0,0,0,0,0,0,0,0,0,0,0,0,0,0,0,,,,,,,,,,
2025,11,CA-0001-no2025.XLS,13,17,Banco BCI Peru,0,0,0,0,0,0,0,0,0,0,0,0,0,0,0,0,0,0,0,0,151290,0.006745679752128177,0,0,151290,0.0012683639577405154,,,,,,,,,,
2025,11,CA-0001-no2025.XLS,13,18,II. Extranjero,177546.48667664902,0.10730660704571393,223420.71990027197,0.01711814468270901,65424.520000000004,0.01510877577086785,7256695.246087177,0.9348852756521543,17859998.302880898,0.6274837876501262,3389593.8511241586,1.0633980589162886,3575885.891591875,0.7317324733136567,6886777.070726415,0.5042240306822183,2631051.4711353877,0.7858710301855036,2903300.674924462,0.43336298528294226,7304895.257464307,0.3257087978696155,1191492.8,0.42652830938649683,53466082.292511605,0.44824146831522316,,,,,,,,,,
2025,11,CA-0001-no2025.XLS,13,19,1. Forwards,177546.48667664902,0.10730660704571393,223420.71990027197,0.01711814468270901,65424.520000000004,0.01510877577086785,7256695.246087177,0.9348852756521543,17284332.2883809,0.607258640644281,3282519.9724271586,1.0298063780931523,3575885.891591875,0.7317324733136567,6886777.070726415,0.5042240306822183,2631051.4711353877,0.7858710301855036,2903300.674924462,0.43336298528294226,7304895.257464307,0.3257087978696155,1191492.8,0.42652830938649683,52783342.399314605,0.4425176090182261,,,,,,,,,,
2025,11,CA-0001-no2025.XLS,13,20,Monedas,177546.48667664902,0.10730660704571393,223420.71990027197,0.01711814468270901,65424.520000000004,0.01510877577086785,7256695.246087177,0.9348852756521543,17284332.2883809,0.607258640644281,3282519.9724271586,1.0298063780931523,3575885.891591875,0.7317324733136567,6886777.070726415,0.5042240306822183,2631051.4711353877,0.7858710301855036,2903300.674924462,0.43336298528294226,7304895.257464307,0.3257087978696155,1191492.8,0.42652830938649683,52783342.399314605,0.4425176090182261,,,,,,,,,,
2025,11,CA-0001-no2025.XLS,13,21,BANK OF AMERICA,31741.9739648,0.01918440398823195,92731.49272,0.007104941339966583,65424.520000000004,0.01510877577086785,194356.58097920002,0.02503909832530492,876716.5504565405,0.03080209821113395,224727.24574555742,0.07050240453798723,47068,0.009631510931294014,36216,0.0026515999149746045,14486.4,0.00432695529394813,0,0,92455,0.0041223598485227745,25215,0.009026417382614916,1701138.7638660977,0.014261769417694574,,,,,,,,,,
2025,11,CA-0001-no2025.XLS,13,22,BARCLAYS BANK,0,0,0,0,0,0,293694.63841687934,0.037836891819588686,910261.3519068167,0.03198064362379479,184101.8551140213,0.057757231093102726,69987.12851853021,0.014321445427383842,9458.6985,0.0006925304875847807,58416.799,0.017448564010972625,117358.3512,0.017517567458024033,71466.9958104,0.0031865520958665114,0,0,1714745.8184666475,0.014375846340335487,,,,,,,,,,
2025,11,CA-0001-no2025.XLS,13,23,Credit Agricole,0,0,0,0,0,0,325353.04142319504,0.041915466682881326,661999.08360441,0.023258327652472557,31074.474024000003,0.009748818534116414,163472.2774917264,0.03345128383668503,41648.4,0.003049339902220795,82119.884403392,0.02452845900690755,0,0,0,0,0,0,1305667.1609467233,0.010946269864169534,,,,,,,,,,
2025,11,CA-0001-no2025.XLS,13,24,DB AG,0,0,0,0,0,0,0,0,0,0,0,0,327583.69200000004,0.06703335409219961,800089.7962148672,0.058579579070449264,544508.9862025713,0.16263985810494985,152429.73385,0.02275251925425844,64235.0613,0.0028640964530909,0,0,1888847.2695674384,0.015835453753691074,,,,,,,,,,
2025,11,CA-0001-no2025.XLS,13,25,DEUTSCHE BANK,,0,0,0,0,0,894191.0469774179,0.11519927668037679,2953181.5656555663,0.10375552802472413,442269.51341480296,0.13875070664503805,0,0,0,0,0,0,0,0,0,0,0,0,4289642.126047787,0.03596290213685247,,,,,,,,,,
2025,11,CA-0001-no2025.XLS,13,26,G Sachs Bank,0,0,0,0,0,0,472372.5229547682,0.060856092388775894,1210911.4679339998,0.04254352668586968,352611.098168,0.11062268041931768,0,0,110699.2,0.008104980928533154,18108,0.005408694117435163,131799.71603185,0.01967316678300729,67957.595823,0.003030075868507644,0,0,2364459.6009116187,0.019822825945732172,,,,,,,,,,
2025,11,CA-0001-no2025.XLS,13,27,JPMC&CO,0,0,0,0,0,0,139761.04072148987,0.01800551554797543,311220.6200549024,0.010934261591467815,101061.5713298019,0.03170547372438128,0,0,0,0,0,0,0,0,0,0,0,0,552043.2321061941,0.004628142895882599,,,,,,,,,,
2025,11,CA-0001-no2025.XLS,13,28,NovaScotia,0,0,0,0,0,0,459201.2778668654,0.05915923139666993,924057.4217039999,0.03246534748457991,164028.27850146,0.05145966172554394,250469,0.05125339745581457,336200,0.024615305152818144,106911.6,0.031933517892952346,407474.4,0.060821920352761974,1180062,0.05261630206659977,360742.6,0.12913794468727738,4189146.578072326,0.03512038160697305,,,,,,,,,,
2025,11,CA-0001-no2025.XLS,13,29,STD CHARTERED,0,0,0,0,0,0,0,0,0,0,0,0,447146,0.09149935384729313,652228,0.0477536919964672,262236,0.07832749671856237,0,0,0,0,0,0,1361610,0.011415275619664636,,,,,,,,,,
2025,11,CA-0001-no2025.XLS,13,30,M.Stanley PLC ,0,0,0,0,0,0,0,0,0,0,0,0,0,0,0,0,0,0,0,0,0,0,0,0,0,0,,,,,,,,,,
2025,11,CA-0001-no2025.XLS,13,31,CITIBANK N.A.,0,0,0,0,0,0,2165645.4883239088,0.2790016682054034,3928456.6731564524,0.13802033074628026,891397.9876409753,0.2796532361730961,947469.1285185302,0.19388032778936512,1316370.16945,0.09637969486935954,432554.50405000005,0.12920007739812897,692572,0.10337719135865484,1243940,0.05546447796194279,453870,0.1624755128870685,12072275.951139864,0.10120985990034642,,,,,,,,,,
2025,11,CA-0001-no2025.XLS,13,32,BNY Mellon,0,0,0,0,0,0,0,0,0,0,0,0,0,0,67119.7353288,0.004914255701650211,33559.8676644,0.010024025779674333,0,0,0,0,0,0,100679.60299320001,0.0008440635846136493,,,,,,,,,,
2025,11,CA-0001-no2025.XLS,13,33,Natixis,0,0,0,0,0,0,0,0,0,0,0,0,33620,0.00687965066521001,233851.64010539599,0.01712174146841561,67240,0.020083973517580095,0,0,0,0,0,0,334711.640105396,0.0028061086690851942,,,,,,,,,,
2025,11,CA-0001-no2025.XLS,13,34,BNP Paribas,0,0,0,0,0,0,631831.9404712919,0.0813993640082709,1618111.0950676524,0.0568498642358754,375779.8012125401,0.11789126625210138,0,0,0,0,0,0,298205.9045619968,0.04451189025861037,410606.0566008479,0.01830799763443411,0,0,3334534.79791433,0.02795560680485219,,,,,,,,,,
2025,11,CA-0001-no2025.XLS,13,35,BBVA US,0,0,0,0,0,0,0,0,0,0,0,0,0,0,0,0,0,0,667357,0.09961345866355818,3145151,0.14023518684702022,153307.2,0.054880617686298684,3965815.2,0.033248047212238056,,,,,,,,,,
2025,11,CA-0001-no2025.XLS,13,36,Standard CB,0,0,0,0,0,0,764469.6100894402,0.09848717052593937,2542142.350225213,0.0893142923987739,282256.82783400005,0.0885508341168956,0,0,0,0,0,0,203401,0.0303607770737797,490852,0.02188598319579364,134480,0.04814089270727955,4417601.788148653,0.03703567246835747,,,,,,,,,,
2025,11,CA-0001-no2025.XLS,13,37,Santander USA,0,0,0,0,0,0,915818.05786272,0.11798550007096768,1347274.108615346,0.047334419989308686,233211.31944200004,0.07316406487157194,406802,0.08324377304904114,1052306,0.0770459051283208,554730,0.16569278152003575,40344,0.006021972312154651,176505,0.007869959710816206,63878,0.022866924035957786,4790868.485920066,0.04016501364145605,,,,,,,,,,
2025,11,CA-0001-no2025.XLS,13,38,Morgan SCS,0,0,0,0,0,0,0,0,0,0,0,0,0,0,0,0,0,0,0,0,0,0,0,0,0,0,,,,,,,,,,
2025,11,CA-0001-no2025.XLS,13,39,JP Morgan Bank,0,0,0,0,0,0,0,0,0,0,0,0,0,0,0,0,0,0,0,0,0,0,0,0,0,0,,,,,,,,,,
2025,11,CA-0001-no2025.XLS,13,40,Bilbao Viz Arg,0,0,0,0,0,0,0,0,0,0,0,0,684374.18325,0.14004328688424802,1736473,0.12713805111430573,322752,0.09640307288438445,0,0,0,0,0,0,2743599.18325,0.02300140338767014,,,,,,,,,,
2025,11,CA-0001-no2025.XLS,13,41,Societe General,0,0,0,0,0,0,0,0,0,0,0,0,197894.481813088,0.040495089335121984,494116.43112735276,0.036177354947118504,133427.42981502408,0.039853553939972045,0,0,0,0,0,0,825438.342755465,0.006920194614899157,,,,,,,,,,
2025,11,CA-0001-no2025.XLS,13,42,GoldmanSachsInt,145804.512711849,0.08812220305748197,130689.22718027199,0.010013203342742426,0,0,0,0,0,0,0,0,0,0,0,0,0,0,0,0,0,0,0,0,276493.739892121,0.002318029573798977,,,,,,,,,,
2025,11,CA-0001-no2025.XLS,13,43,STATE STREET BA,0,0,0,0,0,0,0,0,0,0,0,0,0,0,0,0,0,0,192358.56928061502,0.028712521768132705,361664.547930059,0.016125806187020884,0,0,554023.1172106741,0.0046447415799132,,,,,,,,,,
2025,11,CA-0001-no2025.XLS,13,44,2. Swaps,0,0,0,0,0,0,0,0,0,0,0,0,0,0,0,0,0,0,0,0,0,0,0,0,0,0,,,,,,,,,,
2025,11,CA-0001-no2025.XLS,13,45,BARCLAYS BANK,0,0,0,0,0,0,0,0,0,0,0,0,0,0,0,0,0,0,0,0,0,0,0,0,0,0,,,,,,,,,,
2025,11,CA-0001-no2025.XLS,13,46,Credit Agricole,0,0,0,0,0,0,0,0,0,0,0,0,0,0,0,0,0,0,0,0,0,0,0,0,0,0,,,,,,,,,,
2025,11,CA-0001-no2025.XLS,13,47,3. Futuros,0,0,0,0,0,0,0,0,575666.0145,0.02022514700584523,107073.878697,0.033591680823136245,0,0,0,0,0,0,0,0,0,0,0,0,682739.893197,0.00572385929699705,,,,,,,,,,
2025,11,CA-0001-no2025.XLS,13,48,Índice,0,0,0,0,0,0,0,0,575666.0145,0.02022514700584523,107073.878697,0.033591680823136245,0,0,0,0,0,0,0,0,0,0,0,0,682739.893197,0.00572385929699705,,,,,,,,,,
2025,11,CA-0001-no2025.XLS,13,49,Chicago ME,0,0,0,0,0,0,0,0,575666.0145,0.02022514700584523,107073.878697,0.033591680823136245,0,0,0,0,0,0,0,0,0,0,0,0,682739.893197,0.00572385929699705,,,,,,,,,,
2025,11,CA-0001-no2025.XLS,13,50,Bonos,0,0,0,0,0,0,0,0,0,0,0,0,0,0,0,0,0,0,0,0,0,0,0,0,0,0,,,,,,,,,,
2025,11,CA-0001-no2025.XLS,13,51,CHICAGO BOT,0,0,0,0,0,0,0,0,0,0,0,0,0,0,0,0,0,0,0,0,0,0,0,0,0,0,,,,,,,,,,
2025,11,CA-0001-no2025.XLS,13,52,4. Opciones,0,0,0,0,0,0,0,0,0,0,0,0,0,0,0,0,0,0,0,0,0,0,0,0,0,0,,,,,,,,,,
2025,11,CA-0001-no2025.XLS,13,53,Índices(*),0,0,0,0,0,0,0,0,0,0,0,0,0,0,0,0,0,0,0,0,0,0,0,0,0,0,,,,,,,,,,
2025,11,CA-0001-no2025.XLS,13,54,Chicago BOE,0,0,0,0,0,0,0,0,0,0,0,0,0,0,0,0,0,0,0,0,0,0,0,0,0,0,,,,,,,,,,
2025,11,CA-0001-no2025.XLS,13,55,Chicago ME,0,0,0,0,0,0,0,0,0,0,0,0,0,0,0,0,0,0,0,0,0,0,0,0,0,0,,,,,,,,,,
2025,11,CA-0001-no2025.XLS,13,56,Total,1167334.2522307024,0.7055204540501724,2792145.0602413137,0.2139297695292399,1037382.1592407353,0.23956728200171729,8784820.847240057,1.1317547975788522,21262177.570461817,0.7470141648026287,4319227.299581499,1.3550466894049624,5159724.091591875,1.0558328161517,8843461.070726415,0.64748510667162,3087611.0711353878,0.9222412103698725,4615231.074924462,0.6888953437287046,10874330.657464307,0.48486186882149296,1656793.6,0.5930957981536841,73600238.75483857,0.6170393953184872,,,,,,,,,,
2025,11,CA-0001-no2025.XLS,13,57,"*El valor nocional de estos derivados se ha calculado como la multiplicación del número de contratos en stock, por el número de unidades de subyacente en cada contrato, por el precio spot del subyacente, por el tipo de cambio de la fecha correspondiente.",,,,,,,,,,,,,,,,,,,,,,,,,,,,,,,,,,,,
