fecha_hoy_simulada,fecha_ultima_cuota_visible,cuota_ultima_visible,cuota_real_hoy,cuota_estimada_hoy,retorno_acumulado_real,retorno_acumulado_estimado,error_pct,error_abs_pct,afp,tipo_modelo
2024-02-26,2024-02-21,21.7439387,21.9302475,21.84819387666946,0.008568309659555684,0.00479467763903596,-0.0037415730638945544,0.0037415730638945544,Habitat,CANASTA_EVIDENCIA
2024-02-27,2024-02-22,21.8170406,21.923793,21.8386258134522,0.00489307426966068,0.0009893740332591605,-0.0038846921492006192,0.0038846921492006192,Habitat,CANASTA_EVIDENCIA
2024-02-28,2024-02-23,21.8881726,21.862389800000003,21.85954389849073,-0.00117793296275448,-0.0013079530225045266,-0.00013017339528320626,0.00013017339528320626,Habitat,CANASTA_EVIDENCIA
2024-02-29,2024-02-23,21.8881726,21.8716474,21.924840590900498,-0.0007549830815936076,0.001675242221933937,0.0024320614687898257,0.0024320614687898257,Habitat,CANASTA_EVIDENCIA
2024-03-01,2024-02-23,21.8881726,21.9215492,21.972894926315043,0.001524869188942679,0.003870689795046678,0.0023422489827973347,0.0023422489827973347,Habitat,CANASTA_EVIDENCIA
2024-03-04,2024-02-28,21.862389800000003,21.9957217,22.01297002242907,0.006098688259597251,0.006887637802024171,0.0007841671514270399,0.0007841671514270399,Habitat,CANASTA_EVIDENCIA
2024-03-05,2024-02-29,21.8716474,21.8918414,21.935208127679434,0.0009232957916101014,0.002906078655942279,0.00198095385797159,0.00198095385797159,Habitat,CANASTA_EVIDENCIA
2024-03-06,2024-03-01,21.9215492,21.9385361,21.997441104688132,0.0007748950516690556,0.003461977253328863,0.0026850016072008653,0.0026850016072008653,Habitat,CANASTA_EVIDENCIA
2024-03-07,2024-03-01,21.9215492,21.9670167,22.083885404130015,0.0020741006753299818,0.007405325355838155,0.005320190070689845,0.005320190070689845,Habitat,CANASTA_EVIDENCIA
2024-03-08,2024-03-01,21.9215492,21.8544775,22.133439638918674,-0.0030596240889763093,0.009665851486384547,0.012764530239566252,0.012764530239566252,Habitat,CANASTA_EVIDENCIA
2024-03-11,2024-03-06,21.9385361,21.8320377,22.09538365422351,-0.00485439864877768,0.007149408397559842,0.012062362562863749,0.012062362562863749,Habitat,CANASTA_EVIDENCIA
2024-03-12,2024-03-07,21.9670167,21.8778521,22.07732957377242,-0.004059021815192576,0.00502175034866803,0.009117781437622208,0.009117781437622208,Habitat,CANASTA_EVIDENCIA
2024-03-13,2024-03-08,21.8544775,21.9033867,22.06581993297086,0.0022379487224069017,0.009670440895732213,0.007415895778841497,0.007415895778841497,Habitat,CANASTA_EVIDENCIA
2024-03-14,2024-03-08,21.8544775,21.8943938,22.07965455230871,0.001826458674200726,0.010303474530960921,0.008461561164973208,0.008461561164973208,Habitat,CANASTA_EVIDENCIA
2024-03-15,2024-03-08,21.8544775,21.8997237,22.139734436113315,0.002070340048166308,0.013052562620786246,0.010959532613341372,0.010959532613341372,Habitat,CANASTA_EVIDENCIA
2024-03-18,2024-03-13,21.9033867,22.013175500000003,22.02964201377979,0.005012412075982908,0.005764191424323828,0.0007480299141660041,0.0007480299141660041,Habitat,CANASTA_EVIDENCIA
2024-03-19,2024-03-14,21.8943938,21.9206718,21.99272339017939,0.0012002159201138785,0.004491085301452369,0.003286924362390531,0.003286924362390531,Habitat,CANASTA_EVIDENCIA
2024-03-20,2024-03-15,21.8997237,22.0158811,22.04204624453456,0.005304057785898042,0.006498828317845984,0.0011884668351773708,0.0011884668351773708,Habitat,CANASTA_EVIDENCIA
2024-03-21,2024-03-15,21.8997237,22.028102,22.097105222110702,0.005862096789833071,0.009012968602462479,0.0031325087431819387,0.0031325087431819387,Habitat,CANASTA_EVIDENCIA
2024-03-22,2024-03-15,21.8997237,22.1037092,22.128804456629737,0.009314523908810823,0.010460440495408507,0.0011353414217798452,0.0011353414217798452,Habitat,CANASTA_EVIDENCIA
2024-03-25,2024-03-20,22.0158811,22.073967,22.058780068553983,0.002638363631060736,0.001948546522354766,-0.0006880019094899215,0.0006880019094899215,Habitat,CANASTA_EVIDENCIA
2024-03-26,2024-03-21,22.028102,21.890702500000003,21.8221905045694,-0.006237464308091467,-0.009347673051023797,-0.0031297303241230034,0.0031297303241230034,Habitat,CANASTA_EVIDENCIA
2024-03-27,2024-03-22,22.1037092,21.662628800000004,21.899388955973652,-0.019955039944155484,-0.009243708473433476,0.010929428656121676,0.010929428656121676,Habitat,CANASTA_EVIDENCIA
2024-03-28,2024-03-22,22.1037092,21.6669967,21.95195886509699,-0.019757430576403112,-0.006865378725802729,0.013151899593772054,0.013151899593772054,Habitat,CANASTA_EVIDENCIA
2024-03-29,2024-03-22,22.1037092,21.6698466,21.964092327929983,-0.019628497465031813,-0.006316445389627945,0.013578579182465633,0.013578579182465633,Habitat,CANASTA_EVIDENCIA
2024-04-01,2024-03-27,21.662628800000004,21.4612382,21.72762299913234,-0.009296683327741029,0.0030002914111852963,0.012412368599139745,0.012412368599139745,Habitat,CANASTA_EVIDENCIA
2024-04-02,2024-03-28,21.6669967,21.3454998,21.70940048278648,-0.01483809244314882,0.0019570678564087007,0.017048121908416647,0.017048121908416647,Habitat,CANASTA_EVIDENCIA
2024-04-03,2024-03-29,21.6698466,21.3173488,21.761987983976354,-0.016266741823636077,0.004252055202659033,0.020858090194421974,0.020858090194421974,Habitat,CANASTA_EVIDENCIA
2024-04-04,2024-03-29,21.6698466,21.0798805,21.69104791304931,-0.027225208876190066,0.0009783785478809648,0.028992925887284304,0.028992925887284304,Habitat,CANASTA_EVIDENCIA
2024-04-05,2024-03-29,21.6698466,20.6709382,21.626301955781074,-0.04609669918014103,-0.0020094578896984183,0.04621772589795059,0.04621772589795059,Habitat,CANASTA_EVIDENCIA
2024-04-08,2024-04-03,21.3173488,20.6578192,21.049841302693313,-0.030938631543149575,-0.012548816450697053,0.01897693550795121,0.01897693550795121,Habitat,CANASTA_EVIDENCIA
2024-04-09,2024-04-04,21.0798805,20.6826106,20.95121879036143,-0.01884592751842218,-0.0061035312623604066,0.012987151165599453,0.012987151165599453,Habitat,CANASTA_EVIDENCIA
2024-04-10,2024-04-05,20.6709382,20.7123279,20.587251879042725,0.0020023135669768877,-0.004048501337848065,-0.006038723486859854,0.006038723486859854,Habitat,CANASTA_EVIDENCIA
2024-04-11,2024-04-05,20.6709382,20.6877692,20.696357583192732,0.0008142349339519406,0.0012297159880596542,0.0004151430301500003,0.0004151430301500003,Habitat,CANASTA_EVIDENCIA
2024-04-12,2024-04-05,20.6709382,20.6081078,20.572620059124095,-0.003039552408898416,-0.004756346321808658,-0.0017220281075929211,0.0017220281075929211,Habitat,CANASTA_EVIDENCIA
2024-04-15,2024-04-10,20.7123279,20.5833726,20.628003786604648,-0.006226016728906547,-0.004071204057915279,0.0021683126216471837,0.0021683126216471837,Habitat,CANASTA_EVIDENCIA
2024-04-16,2024-04-11,20.6877692,20.5561275,20.487504540820115,-0.006363262211954823,-0.00968034094173309,-0.0033383213438369364,0.0033383213438369364,Habitat,CANASTA_EVIDENCIA
2024-04-17,2024-04-12,20.6081078,20.5353907,20.504204267253815,-0.003528567528164772,-0.005041876418473645,-0.0015186676115290787,0.0015186676115290787,Habitat,CANASTA_EVIDENCIA
2024-04-18,2024-04-12,20.6081078,20.5225202,20.555769892602232,-0.004153103275207015,-0.002539675544484754,0.0016201564076050445,0.0016201564076050445,Habitat,CANASTA_EVIDENCIA
2024-04-19,2024-04-12,20.6081078,20.4411381,20.582814761477493,-0.008102136383428604,-0.0012273343466547848,0.006930957600520982,0.006930957600520982,Habitat,CANASTA_EVIDENCIA
2024-04-22,2024-04-17,20.5353907,20.637935,20.68130996282215,0.0049935402495164816,0.007105745634639948,0.002101710409600166,0.002101710409600166,Habitat,CANASTA_EVIDENCIA
2024-04-23,2024-04-18,20.5225202,20.8005142,20.65033343382479,0.013545802235341409,0.006227950201983079,-0.007220050655055821,0.007220050655055821,Habitat,CANASTA_EVIDENCIA
2024-04-24,2024-04-19,20.4411381,20.9692991,20.62520183390206,0.025838140587680858,0.009004573669117777,-0.016409574037595798,0.016409574037595798,Habitat,CANASTA_EVIDENCIA
2024-04-25,2024-04-19,20.4411381,21.1084898,20.663931989043324,0.03264748257828165,0.010899289851347582,-0.021060616612974203,0.021060616612974203,Habitat,CANASTA_EVIDENCIA
2024-04-26,2024-04-19,20.4411381,21.167249,20.73239473593795,0.03552203876554216,0.01424855282093862,-0.020543730744701394,0.020543730744701394,Habitat,CANASTA_EVIDENCIA
2024-04-29,2024-04-24,20.9692991,21.2173671,21.1413062325988,0.011830056828175062,0.00820280791353678,-0.0035848400530902325,0.0035848400530902325,Habitat,CANASTA_EVIDENCIA
2024-04-30,2024-04-25,21.1084898,21.3106465,21.258779195503628,0.009577032839175326,0.007119855419672305,-0.002433868183978949,0.002433868183978949,Habitat,CANASTA_EVIDENCIA
2024-05-01,2024-04-26,21.167249,21.2301747,21.217014765232182,0.0029727859298105397,0.002351073832607131,-0.0006198693582967207,0.0006198693582967207,Habitat,CANASTA_EVIDENCIA
2024-05-02,2024-04-26,21.167249,21.248094700000003,21.312835114718087,0.0038193768117906757,0.0068778949365637665,0.003046880938368801,0.003046880938368801,Habitat,CANASTA_EVIDENCIA
2024-05-03,2024-04-26,21.167249,21.3548087,21.35405195930295,0.008860844411099356,0.0088250938656671,-3.543654769655458e-05,3.543654769655458e-05,Habitat,CANASTA_EVIDENCIA
2024-05-06,2024-05-01,21.2301747,21.479145000000003,21.422451709442026,0.01172719035609271,0.009056779426408923,-0.0026394575090384897,0.0026394575090384897,Habitat,CANASTA_EVIDENCIA
2024-05-07,2024-05-02,21.248094700000003,21.3894996,21.341030341014264,0.006654944925485351,0.004373834093193363,-0.0022660305239555756,0.0022660305239555756,Habitat,CANASTA_EVIDENCIA
2024-05-08,2024-05-03,21.3548087,21.4624039,21.391257717038407,0.005038453001922738,0.0017068294804443163,-0.003314921445569996,0.003314921445569996,Habitat,CANASTA_EVIDENCIA
2024-05-09,2024-05-03,21.3548087,21.4558401,21.509212045132,0.0047310842920358365,0.007230378286273265,0.0024875253023535215,0.0024875253023535215,Habitat,CANASTA_EVIDENCIA
2024-05-10,2024-05-03,21.3548087,21.6248432,21.5492830994688,0.012645137860682443,0.009106820023576212,-0.0034941340305858493,0.0034941340305858493,Habitat,CANASTA_EVIDENCIA
2024-05-13,2024-05-08,21.4624039,21.6476863,21.615661575283568,0.008632881985787266,0.007140750681873254,-0.0014793601622189456,0.0014793601622189456,Habitat,CANASTA_EVIDENCIA
2024-05-14,2024-05-09,21.4558401,21.7472039,21.594274030878022,0.013579696653313489,0.006452039642019125,-0.0070321623793657695,0.0070321623793657695,Habitat,CANASTA_EVIDENCIA
2024-05-15,2024-05-10,21.6248432,21.8948901,21.770033350006734,0.012487808466514094,0.006714044058674817,-0.005702552030314445,0.005702552030314445,Habitat,CANASTA_EVIDENCIA
2024-05-16,2024-05-10,21.6248432,21.9665086,21.73617920131429,0.015799670630675333,0.005148522941164746,-0.010485480550409876,0.010485480550409876,Habitat,CANASTA_EVIDENCIA
2024-05-17,2024-05-10,21.6248432,22.0773396,21.84582408137744,0.02092484074057932,0.010218843176510894,-0.010486567802877711,0.010486567802877711,Habitat,CANASTA_EVIDENCIA
2024-05-20,2024-05-15,21.8948901,22.1264465,22.06970418984993,0.010575819241038342,0.007984241485182286,-0.0025644565271730757,0.0025644565271730757,Habitat,CANASTA_EVIDENCIA
2024-05-21,2024-05-16,21.9665086,22.1639021,22.198511139891906,0.00898611170279473,0.010561648376470112,0.0015615048169657086,0.0015615048169657086,Habitat,CANASTA_EVIDENCIA
2024-05-22,2024-05-17,22.0773396,22.1048945,22.046216679326108,0.0012481078109611854,-0.0014097224229812078,-0.0026545171104025433,0.0026545171104025433,Habitat,CANASTA_EVIDENCIA
2024-05-23,2024-05-17,22.0773396,22.1318845,22.00900704721445,0.002470628299797717,-0.0030951443436395554,-0.005552055577804582,0.005552055577804582,Habitat,CANASTA_EVIDENCIA
2024-05-24,2024-05-17,22.0773396,22.163665700000003,22.040203896782657,0.003910167690676092,-0.0016820732882751877,-0.005570459548004503,0.005570459548004503,Habitat,CANASTA_EVIDENCIA
2024-05-27,2024-05-22,22.1048945,22.1675638,22.116471852906116,0.002835087043731477,0.0005237461280855893,-0.002304806588348862,0.002304806588348862,Habitat,CANASTA_EVIDENCIA
2024-05-28,2024-05-23,22.1318845,22.2637357,22.256137065354952,0.005957522505595891,0.005614188224909222,-0.00034130097246209967,0.00034130097246209967,Habitat,CANASTA_EVIDENCIA
2024-05-29,2024-05-24,22.163665700000003,22.2060943,22.198084094796897,0.0019143313463709788,0.0015529197770247638,-0.0003607210297716934,0.0003607210297716934,Habitat,CANASTA_EVIDENCIA
2024-05-30,2024-05-24,22.163665700000003,22.1653537,22.146829509764263,7.616068672233745e-05,-0.0007596302192800497,-0.0008357272564406548,0.0008357272564406548,Habitat,CANASTA_EVIDENCIA
2024-05-31,2024-05-24,22.163665700000003,22.0537522,22.193407171922566,-0.004959175142223882,0.0013419022072040931,0.0063324812329470515,0.0063324812329470515,Habitat,CANASTA_EVIDENCIA
2024-06-03,2024-05-29,22.2060943,22.0419198,22.14889984620488,-0.007393218176147354,-0.002575619693514497,0.004853481329011977,0.004853481329011977,Habitat,CANASTA_EVIDENCIA
2024-06-04,2024-05-30,22.1653537,21.9317111,22.027063183739177,-0.010540892022850912,-0.006239039454661421,0.004347681004204684,0.004347681004204684,Habitat,CANASTA_EVIDENCIA
2024-06-05,2024-05-31,22.0537522,21.990269400000003,21.85349136960545,-0.0028785487124498577,-0.009080578605329181,-0.006219934276682992,0.006219934276682992,Habitat,CANASTA_EVIDENCIA
2024-06-06,2024-05-31,22.0537522,22.0246488,21.862624179012464,-0.0013196575229498242,-0.008666462706855782,-0.00735651326197484,0.00735651326197484,Habitat,CANASTA_EVIDENCIA
2024-06-07,2024-05-31,22.0537522,21.8604833,21.811868640482874,-0.008763538206437382,-0.010967909556774957,-0.002223860234468078,0.002223860234468078,Habitat,CANASTA_EVIDENCIA
2024-06-10,2024-06-05,21.990269400000003,22.0067058,22.00201748699412,0.0007474396834810104,0.0005342402487400477,-0.0002130402000412035,0.0002130402000412035,Habitat,CANASTA_EVIDENCIA
2024-06-11,2024-06-06,22.0246488,21.9587226,22.067954869027623,-0.0029932917704458273,0.001966254691317504,0.004974436401306015,0.004974436401306015,Habitat,CANASTA_EVIDENCIA
2024-06-12,2024-06-07,21.8604833,22.1434847,22.058905446998025,0.01294579795497941,0.009076750238089515,-0.0038195999476980935,0.0038195999476980935,Habitat,CANASTA_EVIDENCIA
2024-06-13,2024-06-07,21.8604833,22.0400735,21.983308720018435,0.00821528954943096,0.005618604965537788,-0.0025755258929405223,0.0025755258929405223,Habitat,CANASTA_EVIDENCIA
2024-06-14,2024-06-07,21.8604833,22.046706800000003,22.020219649063694,0.00851872748851834,0.007307082230139761,-0.0012014107674488406,0.0012014107674488406,Habitat,CANASTA_EVIDENCIA
2024-06-17,2024-06-12,22.1434847,22.1454433,22.104073596447833,8.845039642757513e-05,-0.0017798058474584044,-0.001868091010495454,0.001868091010495454,Habitat,CANASTA_EVIDENCIA
2024-06-18,2024-06-13,22.0400735,22.2448669,22.133744940086682,0.009291865564786006,0.004250051166421187,-0.004995397833255644,0.004995397833255644,Habitat,CANASTA_EVIDENCIA
2024-06-19,2024-06-14,22.046706800000003,22.2131318,22.113486237974982,0.007548746464029588,0.0030289983252727026,-0.00448588532775096,0.00448588532775096,Habitat,CANASTA_EVIDENCIA
2024-06-20,2024-06-14,22.046706800000003,22.1264937,22.125890620983334,0.0036189940168296353,0.0035916394090809156,-2.725596856167911e-05,2.725596856167911e-05,Habitat,CANASTA_EVIDENCIA
2024-06-21,2024-06-14,22.046706800000003,22.0841702,22.089975482681353,0.0016992741972690073,0.0019625916502572505,0.0002628707634826366,0.0002628707634826366,Habitat,CANASTA_EVIDENCIA
2024-06-24,2024-06-19,22.2131318,22.0869729,22.21654899682864,-0.0056794737966665565,0.0001538367871494195,0.005866629954919711,0.005866629954919711,Habitat,CANASTA_EVIDENCIA
2024-06-25,2024-06-20,22.1264937,22.0882675,22.11751662549618,-0.0017276212181779327,-0.00040571608974915296,0.0013241928320624208,0.0013241928320624208,Habitat,CANASTA_EVIDENCIA
2024-06-26,2024-06-21,22.0841702,22.0673016,22.142435885657452,-0.0007638321860061748,0.0026383461606112046,0.0034047790264239985,0.0034047790264239985,Habitat,CANASTA_EVIDENCIA
2024-06-27,2024-06-21,22.0841702,22.0559748,22.118274086431672,-0.0012767244476316053,0.0015442684113924354,0.0028245990937416643,0.0028245990937416643,Habitat,CANASTA_EVIDENCIA
2024-06-28,2024-06-21,22.0841702,22.1397831,22.149635824282534,0.0025182245697417116,0.002964368762315317,0.00044502352340280993,0.00044502352340280993,Habitat,CANASTA_EVIDENCIA
2024-07-01,2024-06-26,22.0673016,22.098684400000003,22.079455100962665,0.0014221403490495277,0.0005507470366319378,-0.0008701558287034228,0.0008701558287034228,Habitat,CANASTA_EVIDENCIA
2024-07-02,2024-06-27,22.0559748,22.0375809,22.122218010329185,-0.0008339645001772533,0.003003413402937971,0.0038405808111718898,0.0038405808111718898,Habitat,CANASTA_EVIDENCIA
2024-07-03,2024-06-28,22.1397831,22.1176069,22.305464117598223,-0.0010016448625461694,0.007483407441251089,0.008493559834370057,0.008493559834370057,Habitat,CANASTA_EVIDENCIA
2024-07-04,2024-06-28,22.1397831,22.1139385,22.32267520130438,-0.0011673375427060373,0.008260790111551897,0.00943914632413323,0.00943914632413323,Habitat,CANASTA_EVIDENCIA
2024-07-05,2024-06-28,22.1397831,22.1739156,22.343618025861595,0.0015416817701345842,0.009206726413755861,0.007653245774128958,0.007653245774128958,Habitat,CANASTA_EVIDENCIA
2024-07-08,2024-07-03,22.1176069,22.1630353,22.184380861867528,0.002053947346356111,0.003019040991615096,0.00096311545682215,0.00096311545682215,Habitat,CANASTA_EVIDENCIA
2024-07-09,2024-07-04,22.1139385,22.1568992,22.180854367390587,0.0019426978147742968,0.0030259588264021087,0.001081160643208845,0.001081160643208845,Habitat,CANASTA_EVIDENCIA
2024-07-10,2024-07-05,22.1739156,22.2986674,22.240034808142834,0.0056260609199756395,0.002981846297946289,-0.00262942133740085,0.00262942133740085,Habitat,CANASTA_EVIDENCIA
2024-07-11,2024-07-05,22.1739156,22.1688085,22.23312914787724,-0.00023032016952384549,0.002670414596384507,0.002901403017543158,0.002901403017543158,Habitat,CANASTA_EVIDENCIA
2024-07-12,2024-07-05,22.1739156,22.1833059,22.22699788417477,0.0004234840688217556,0.002393906657368605,0.001969588499195263,0.001969588499195263,Habitat,CANASTA_EVIDENCIA
2024-07-15,2024-07-10,22.2986674,22.1713855,22.29857356995741,-0.005708049620938294,-4.207876681872058e-06,0.0057365864644502995,0.0057365864644502995,Habitat,CANASTA_EVIDENCIA
2024-07-16,2024-07-11,22.1688085,22.1698567,22.223881613232635,4.72826494035683e-05,0.002484261309426472,0.002436863438663339,0.002436863438663339,Habitat,CANASTA_EVIDENCIA
2024-07-17,2024-07-12,22.1833059,21.9834545,22.18855795821044,-0.00900909002927286,0.0002367572369110782,0.009329901185932243,0.009329901185932243,Habitat,CANASTA_EVIDENCIA
2024-07-18,2024-07-12,22.1833059,21.9026106,22.06976544948549,-0.012653447654075833,-0.005118283587952965,0.0076317317847713895,0.0076317317847713895,Habitat,CANASTA_EVIDENCIA
2024-07-19,2024-07-12,22.1833059,21.820128,22.085198638383915,-0.01637167614408641,-0.0044225717329212655,0.012147987325459964,0.012147987325459964,Habitat,CANASTA_EVIDENCIA
2024-07-22,2024-07-17,21.9834545,21.914120200000003,21.904240991206613,-0.0031539310621084837,-0.0036033239813783036,-0.00045081475793806725,0.00045081475793806725,Habitat,CANASTA_EVIDENCIA
2024-07-23,2024-07-18,21.9026106,21.8713431,21.9337451527012,-0.001427569551914476,0.0014214996225700993,0.002853142233464334,0.002853142233464334,Habitat,CANASTA_EVIDENCIA
2024-07-24,2024-07-19,21.820128,21.7786135,21.737877032492534,-0.0019025782066907082,-0.0037694997713793033,-0.0018704802997429049,0.0018704802997429049,Habitat,CANASTA_EVIDENCIA
2024-07-25,2024-07-19,21.820128,21.622832400000004,21.705546229595388,-0.009041908461765114,-0.005251196070188646,0.0038253004077015706,0.0038253004077015706,Habitat,CANASTA_EVIDENCIA
2024-07-26,2024-07-19,21.820128,21.6925612,21.773179308299714,-0.005846290177582869,-0.0021516231114816486,0.003716394184920535,0.003716394184920535,Habitat,CANASTA_EVIDENCIA
2024-07-29,2024-07-24,21.7786135,21.6311453,21.84288769578334,-0.00677123913329003,0.0029512528785793357,0.009788774142409418,0.009788774142409418,Habitat,CANASTA_EVIDENCIA
2024-07-30,2024-07-25,21.622832400000004,21.5669468,21.720333537581705,-0.0025845642682780223,0.004509175106111485,0.007112121108478142,0.007112121108478142,Habitat,CANASTA_EVIDENCIA
2024-07-31,2024-07-26,21.6925612,21.7625906,21.851788585776085,0.0032282679465254205,0.00734018377581358,0.004098684178531764,0.004098684178531764,Habitat,CANASTA_EVIDENCIA
2024-08-01,2024-07-26,21.6925612,21.5215323,21.7465385331558,-0.007884218853788427,0.002488287697249847,0.010454935551024835,0.010454935551024835,Habitat,CANASTA_EVIDENCIA
2024-08-02,2024-07-26,21.6925612,21.135819,21.561414206347813,-0.025665120631306437,-0.006045712741941545,0.02013620604660793,0.02013620604660793,Habitat,CANASTA_EVIDENCIA
2024-08-05,2024-07-31,21.7625906,20.8346758,21.180650397318043,-0.04263806717937335,-0.02674039195875677,0.016605710625842596,0.016605710625842596,Habitat,CANASTA_EVIDENCIA
2024-08-06,2024-08-01,21.5215323,20.8178492,21.20543801241933,-0.0326967006898482,-0.014687350471818905,0.01861810068349068,0.01861810068349068,Habitat,CANASTA_EVIDENCIA
2024-08-07,2024-08-02,21.135819,20.8297895,20.986598509298535,-0.014479188149747135,-0.007060076105944391,0.007528113008464787,0.007528113008464787,Habitat,CANASTA_EVIDENCIA
2024-08-08,2024-08-02,21.135819,20.9597638,21.12489173979743,-0.008329707971098776,-0.0005170019767188894,0.007878330184113436,0.007878330184113436,Habitat,CANASTA_EVIDENCIA
2024-08-09,2024-08-02,21.135819,21.0745518,21.2537411117922,-0.002898737919737271,0.005579254430225555,0.008502639272840895,0.008502639272840895,Habitat,CANASTA_EVIDENCIA
2024-08-12,2024-08-07,20.8297895,21.1634498,21.094671453408058,0.016018419197179057,0.012716496890573747,-0.003249864612901665,0.003249864612901665,Habitat,CANASTA_EVIDENCIA
2024-08-13,2024-08-08,20.9597638,21.2334515,21.145354178802407,0.01305776642387535,0.008854602588718397,-0.004148987327735831,0.004148987327735831,Habitat,CANASTA_EVIDENCIA
2024-08-14,2024-08-09,21.0745518,21.1984386,21.13456405629641,0.005878502241741579,0.0028476172051454807,-0.003013172097665273,0.003013172097665273,Habitat,CANASTA_EVIDENCIA
2024-08-15,2024-08-09,21.0745518,21.3734082,21.24333119780626,0.014180913683772944,0.008008682671308831,-0.006085927006893588,0.006085927006893588,Habitat,CANASTA_EVIDENCIA
2024-08-16,2024-08-09,21.0745518,21.3780237,21.276541275228183,0.014399921900118517,0.009584520569883903,-0.004747044263582523,0.004747044263582523,Habitat,CANASTA_EVIDENCIA
2024-08-19,2024-08-14,21.1984386,21.4093889,21.35393975544534,0.009951218765706704,0.007335500429042963,-0.0025899452251372246,0.0025899452251372246,Habitat,CANASTA_EVIDENCIA
2024-08-20,2024-08-15,21.3734082,21.4221495,21.419513295622377,0.0022804645634382226,0.0021571241793050255,-0.00012305975073245712,0.00012305975073245712,Habitat,CANASTA_EVIDENCIA
2024-08-21,2024-08-16,21.3780237,21.3864269,21.39861566083295,0.0003930765592705665,0.0009632303304514256,0.0005699297451575713,0.0005699297451575713,Habitat,CANASTA_EVIDENCIA
2024-08-22,2024-08-16,21.3780237,21.2736379,21.35415565862432,-0.004882855471808667,-0.0011164755784079938,0.0037848608217743163,0.0037848608217743163,Habitat,CANASTA_EVIDENCIA
2024-08-23,2024-08-16,21.3780237,21.3556183,21.42896614893214,-0.0010480575900942979,0.0023829353754594162,0.0034345926164143226,0.0034345926164143226,Habitat,CANASTA_EVIDENCIA
2024-08-26,2024-08-21,21.3864269,21.289909400000003,21.42207986495174,-0.004513025969756446,0.00166708375917346,0.00620812716806296,0.00620812716806296,Habitat,CANASTA_EVIDENCIA
2024-08-27,2024-08-22,21.2736379,21.2733674,21.36616520492348,-1.2715267659890728e-05,0.0043493879776659305,0.004362158711341602,0.004362158711341602,Habitat,CANASTA_EVIDENCIA
2024-08-28,2024-08-23,21.3556183,21.2023764,21.3105899983194,-0.007175718251154595,-0.0021084990866595543,0.005103842903166456,0.005103842903166456,Habitat,CANASTA_EVIDENCIA
2024-08-29,2024-08-23,21.3556183,21.260722,21.34468651284974,-0.004443622220013155,-0.00051189279545516,0.003949278526370836,0.003949278526370836,Habitat,CANASTA_EVIDENCIA
2024-08-30,2024-08-23,21.3556183,21.3106089,21.426027278005655,-0.002107613994955182,0.003296976796296036,0.005416005640536126,0.005416005640536126,Habitat,CANASTA_EVIDENCIA
2024-09-02,2024-08-28,21.2023764,21.3421059,21.3297442162716,0.006590275418372427,0.006007242483988762,-0.0005792157431099287,0.0005792157431099287,Habitat,CANASTA_EVIDENCIA
2024-09-03,2024-08-29,21.260722,21.1000122,21.161603291067582,-0.007559000112978387,-0.004662057522431207,0.002919007367568449,0.002919007367568449,Habitat,CANASTA_EVIDENCIA
2024-09-04,2024-08-30,21.3106089,21.1060686,21.04694899578339,-0.009598050480856934,-0.012372237013678733,-0.0028010713571077206,0.0028010713571077206,Habitat,CANASTA_EVIDENCIA
2024-09-05,2024-08-30,21.3106089,21.1540901,21.049742795111534,-0.0073446423203795685,-0.012241138022502263,-0.004932724801454236,0.004932724801454236,Habitat,CANASTA_EVIDENCIA
2024-09-06,2024-08-30,21.3106089,20.966667200000003,20.958223181950444,-0.01613945906538572,-0.016535694484522856,-0.0004027353498299302,0.0004027353498299302,Habitat,CANASTA_EVIDENCIA
2024-09-09,2024-09-04,21.1060686,21.0837918,21.066621207745275,-0.0010554689469738365,-0.0018690071089186855,-0.0008143977334630348,0.0008143977334630348,Habitat,CANASTA_EVIDENCIA
2024-09-10,2024-09-05,21.1540901,21.0624509,21.124765150060856,-0.004331984952640422,-0.0013862543744741496,0.002958546959074715,0.002958546959074715,Habitat,CANASTA_EVIDENCIA
2024-09-11,2024-09-06,20.966667200000003,21.127462,21.078414008166163,0.007669068167400317,0.0053297363429396505,-0.002321527868981099,0.002321527868981099,Habitat,CANASTA_EVIDENCIA
2024-09-12,2024-09-06,20.966667200000003,21.2600538,21.21842524028839,0.013993001233882252,0.012007537387171752,-0.001958064645707136,0.001958064645707136,Habitat,CANASTA_EVIDENCIA
2024-09-13,2024-09-06,20.966667200000003,21.5106931,21.318196430893096,0.025947180580039753,0.016766099616113195,-0.008948882688810444,0.008948882688810444,Habitat,CANASTA_EVIDENCIA
2024-09-16,2024-09-11,21.127462,21.505385500000003,21.359723640577247,0.017887785101684317,0.010993352660023437,-0.0067732735794369114,0.0067732735794369114,Habitat,CANASTA_EVIDENCIA
2024-09-17,2024-09-12,21.2600538,21.3912421,21.37964903652804,0.0061706476020300105,0.0056253496652975965,-0.00054195373124033,0.00054195373124033,Habitat,CANASTA_EVIDENCIA
2024-09-18,2024-09-13,21.5106931,21.4465584,21.570407268966793,-0.0029815264297551325,0.0027760225432620356,0.0057747665922376346,0.0057747665922376346,Habitat,CANASTA_EVIDENCIA
2024-09-19,2024-09-13,21.5106931,21.6083308,21.668737301568633,0.004539030869256333,0.0073472389213080636,0.002795519104540567,0.002795519104540567,Habitat,CANASTA_EVIDENCIA
2024-09-20,2024-09-13,21.5106931,21.603582900000003,21.706180884351152,0.004318308088361977,0.009087935169841188,0.004749118922822149,0.004749118922822149,Habitat,CANASTA_EVIDENCIA
2024-09-23,2024-09-18,21.4465584,21.6538819,21.637837306856795,0.009666982279077363,0.008918862564764485,-0.0007409568971188385,0.0007409568971188385,Habitat,CANASTA_EVIDENCIA
2024-09-24,2024-09-19,21.6083308,21.790303,21.84183180349708,0.008421390883186719,0.010806063904625018,0.002364758466051553,0.002364758466051553,Habitat,CANASTA_EVIDENCIA
2024-09-25,2024-09-20,21.603582900000003,21.7331465,21.74134713724467,0.005997320009358154,0.0063769161755418136,0.0003773331783627487,0.0003773331783627487,Habitat,CANASTA_EVIDENCIA
2024-09-26,2024-09-20,21.603582900000003,21.915316000000004,21.872538183587327,0.014429694437398277,0.012449568427250313,-0.0019519598263003646,0.0019519598263003646,Habitat,CANASTA_EVIDENCIA
2024-09-27,2024-09-20,21.603582900000003,21.895324,21.89611393674381,0.01350429238290829,0.013540857463222311,3.607787415305097e-05,3.607787415305097e-05,Habitat,CANASTA_EVIDENCIA
2024-09-30,2024-09-25,21.7331465,21.505385500000003,21.816366661702908,-0.010479890705195283,0.00382918146265232,0.014460617862577019,0.014460617862577019,Habitat,CANASTA_EVIDENCIA
2024-10-01,2024-09-26,21.915316000000004,21.8372471,21.891020119743306,-0.0035622986225708475,-0.0011086255957567515,0.0024624449912145074,0.0024624449912145074,Habitat,CANASTA_EVIDENCIA
2024-10-02,2024-09-27,21.895324,21.8683487,21.888895896647313,-0.0012320119126805196,-0.00029358338578078236,0.0009395861081780144,0.0009395861081780144,Habitat,CANASTA_EVIDENCIA
2024-10-03,2024-09-27,21.895324,21.9300001,21.901008210809113,0.001583721711539976,0.0002596084355324102,-0.0013220195649195077,0.0013220195649195077,Habitat,CANASTA_EVIDENCIA
2024-10-04,2024-09-27,21.895324,22.0579327,21.990810712994648,0.007426640500958204,0.004361055035981609,-0.003042986299679362,0.003042986299679362,Habitat,CANASTA_EVIDENCIA
2024-10-07,2024-10-02,21.8683487,22.1031378,21.935635180943564,0.010736480528134251,0.00307688897166547,-0.0075782280584811845,0.0075782280584811845,Habitat,CANASTA_EVIDENCIA
2024-10-08,2024-10-03,21.9300001,21.9794201,21.937111691703603,0.0022535339614520034,0.00032428598591760505,-0.0019249101251945788,0.0019249101251945788,Habitat,CANASTA_EVIDENCIA
2024-10-09,2024-10-04,22.0579327,22.0120163,22.002773522442435,-0.002081627531667962,-0.0025006503695409465,-0.0004198969068346381,0.0004198969068346381,Habitat,CANASTA_EVIDENCIA
2024-10-10,2024-10-04,22.0579327,22.09996,22.067182292349173,0.0019053145447307518,0.00041933178756936584,-0.0014831568767919023,0.0014831568767919023,Habitat,CANASTA_EVIDENCIA
2024-10-11,2024-10-04,22.0579327,22.1035416,22.123853321875345,0.0020676869686886423,0.0029885222142937984,0.0009189351753180475,0.0009189351753180475,Habitat,CANASTA_EVIDENCIA
2024-10-14,2024-10-09,22.0120163,22.1574533,22.162606263654148,0.006607163924369885,0.006841261681881816,0.00023256118762282618,0.00023256118762282618,Habitat,CANASTA_EVIDENCIA
2024-10-15,2024-10-10,22.09996,21.9736377,22.12152287786996,-0.005715951522084151,0.0009756975971884074,0.006730118148346342,0.006730118148346342,Habitat,CANASTA_EVIDENCIA
2024-10-16,2024-10-11,22.1035416,22.0385631,22.111173170414894,-0.002939732517797,0.00034526459845207746,0.003294682601829635,0.003294682601829635,Habitat,CANASTA_EVIDENCIA
2024-10-17,2024-10-11,22.1035416,22.0455935,22.146861189266577,-0.0026216658420025185,0.001959848337905079,0.004593556951260069,0.004593556951260069,Habitat,CANASTA_EVIDENCIA
2024-10-18,2024-10-11,22.1035416,22.1557976,22.260968618694868,0.002364146024454339,0.007122253145842805,0.004746884792577566,0.004746884792577566,Habitat,CANASTA_EVIDENCIA
2024-10-21,2024-10-16,22.0385631,22.1727614,22.237828609601927,0.006089249076315584,0.009041674300532154,0.0029345559819142775,0.0029345559819142775,Habitat,CANASTA_EVIDENCIA
2024-10-22,2024-10-17,22.0455935,22.1590337,22.210990159633486,0.005145708597048992,0.007502481601753486,0.0023447078215097505,0.0023447078215097505,Habitat,CANASTA_EVIDENCIA
2024-10-23,2024-10-18,22.1557976,22.1047475,22.173996235012773,-0.002304141828773587,0.0008213938103844853,0.003132753948570377,0.003132753948570377,Habitat,CANASTA_EVIDENCIA
2024-10-24,2024-10-18,22.1557976,22.1617964,22.263277059212168,0.00027075531688369736,0.004851076054791514,0.004579080927400225,0.004579080927400225,Habitat,CANASTA_EVIDENCIA
2024-10-25,2024-10-18,22.1557976,22.2421438,22.29028994754547,0.0038972282360985044,0.006070300423103303,0.002164636106051443,0.002164636106051443,Habitat,CANASTA_EVIDENCIA
2024-10-28,2024-10-23,22.1047475,22.2530201,22.234105099266667,0.006707726473690778,0.0058520279078813076,-0.0008499970183073469,0.0008499970183073469,Habitat,CANASTA_EVIDENCIA
2024-10-29,2024-10-24,22.1617964,22.3927569,22.18780585210751,0.010421560411050468,0.0011736165984950198,-0.009152559857088849,0.009152559857088849,Habitat,CANASTA_EVIDENCIA
2024-10-30,2024-10-25,22.2421438,22.245631600000003,22.234804377829875,0.00015681042400239598,-0.00032997818178515104,-0.00048671228422791923,0.00048671228422791923,Habitat,CANASTA_EVIDENCIA
2024-10-31,2024-10-25,22.2421438,22.0646666,22.111163905730248,-0.007979320770329812,-0.005888816089290594,0.0021073196605765343,0.0021073196605765343,Habitat,CANASTA_EVIDENCIA
2024-11-01,2024-10-25,22.2421438,22.0381851,22.08583465592912,-0.009169920931812348,-0.007027611433340408,0.002162136115696711,0.002162136115696711,Habitat,CANASTA_EVIDENCIA
2024-11-04,2024-10-30,22.245631600000003,22.057869300000004,22.124823433619433,-0.008440412184116175,-0.005430646724391974,0.003035385363328258,0.003035385363328258,Habitat,CANASTA_EVIDENCIA
2024-11-05,2024-10-31,22.0646666,22.1010773,22.152460593503346,0.0016501812902987023,0.003978940407073583,0.0023249225730432865,0.0023249225730432865,Habitat,CANASTA_EVIDENCIA
2024-11-06,2024-11-01,22.0381851,22.2251095,22.28385203556084,0.008481841819179436,0.011147330619382112,0.002643070692670557,0.002643070692670557,Habitat,CANASTA_EVIDENCIA
2024-11-07,2024-11-01,22.0381851,22.2924306,22.369417468878986,0.011536589734878033,0.015029929523506347,0.003453498196781979,0.003453498196781979,Habitat,CANASTA_EVIDENCIA
2024-11-08,2024-11-01,22.0381851,22.2830224,22.356643263410533,0.011109685252620904,0.014450289892997237,0.0033038993583982545,0.0033038993583982545,Habitat,CANASTA_EVIDENCIA
2024-11-11,2024-11-06,22.2251095,22.237287,22.25855194138161,0.000547916310603469,0.0015047143583977185,0.000956274089623177,0.000956274089623177,Habitat,CANASTA_EVIDENCIA
2024-11-12,2024-11-07,22.2924306,22.2852052,22.288881942417092,-0.0003241189859305438,-0.0001591866605568093,0.00016498580040402722,0.00016498580040402722,Habitat,CANASTA_EVIDENCIA
2024-11-13,2024-11-08,22.2830224,22.2728062,22.299918326129752,-0.00045847460979975274,0.0007582421193343958,0.001217274818731573,0.001217274818731573,Habitat,CANASTA_EVIDENCIA
2024-11-14,2024-11-08,22.2830224,22.2075859,22.25603993611706,-0.0033853800730370143,-0.001210897848531567,0.002181868679254295,0.002181868679254295,Habitat,CANASTA_EVIDENCIA
2024-11-15,2024-11-08,22.2830224,22.131894000000003,22.218737427529813,-0.006782221786933107,-0.002884930568044841,0.00392390400612852,0.00392390400612852,Habitat,CANASTA_EVIDENCIA
2024-11-18,2024-11-13,22.2728062,22.1265023,22.25475780783707,-0.0065687232532020134,-0.0008103331031062977,0.005796465527995842,0.005796465527995842,Habitat,CANASTA_EVIDENCIA
2024-11-19,2024-11-14,22.2075859,22.1335502,22.29043633220434,-0.0033338022571829384,0.00373072663446683,0.007088159413501716,0.007088159413501716,Habitat,CANASTA_EVIDENCIA
2024-11-20,2024-11-15,22.131894000000003,22.0926481,22.275347930451176,-0.0017732734487161395,0.006481773789950962,0.008269711698851268,0.008269711698851268,Habitat,CANASTA_EVIDENCIA
2024-11-21,2024-11-15,22.131894000000003,22.2082836,22.305059335908936,0.003451561804877601,0.007824243867647906,0.004357641394174827,0.004357641394174827,Habitat,CANASTA_EVIDENCIA
2024-11-22,2024-11-15,22.131894000000003,22.1981763,22.307087747516185,0.002994876986126771,0.00791589493046474,0.004906324107182947,0.004906324107182947,Habitat,CANASTA_EVIDENCIA
2024-11-25,2024-11-20,22.0926481,22.1641421,22.094039083805846,0.003236099161874506,6.296138876371593e-05,-0.0031629023076039653,0.0031629023076039653,Habitat,CANASTA_EVIDENCIA
2024-11-26,2024-11-21,22.2082836,22.1143275,22.218893160147694,-0.0042306781420964334,0.000477729856966258,0.0047284123900079855,0.0047284123900079855,Habitat,CANASTA_EVIDENCIA
2024-11-27,2024-11-22,22.1981763,22.040341400000003,22.18169660942507,-0.007110264278782141,-0.000742389390561371,0.006413476400373153,0.006413476400373153,Habitat,CANASTA_EVIDENCIA
2024-11-28,2024-11-22,22.1981763,21.9876961,22.19462977091141,-0.009481869012816113,-0.0001597666871665515,0.009411339413200714,0.009411339413200714,Habitat,CANASTA_EVIDENCIA
2024-11-29,2024-11-22,22.1981763,22.0694352,22.126965904790207,-0.005799625080011639,-0.0032079389877532893,0.002606804581487765,0.002606804581487765,Habitat,CANASTA_EVIDENCIA
2024-12-02,2024-11-27,22.040341400000003,22.1647272,22.01248784682349,0.005643551419761472,-0.0012637532545894947,-0.00686854170605411,0.00686854170605411,Habitat,CANASTA_EVIDENCIA
2024-12-03,2024-11-28,21.9876961,22.0373006,21.982033487484852,0.0022560117155701054,-0.00025753550937746006,-0.00250788939708646,0.00250788939708646,Habitat,CANASTA_EVIDENCIA
2024-12-04,2024-11-29,22.0694352,22.1842309,22.12694921646247,0.005201569453848087,0.002606048407730377,-0.002582090124996328,0.002582090124996328,Habitat,CANASTA_EVIDENCIA
2024-12-05,2024-11-29,22.0694352,22.1144164,22.15991095120844,0.002038167247705447,0.004099595226996877,0.0020572349903134057,0.0020572349903134057,Habitat,CANASTA_EVIDENCIA
2024-12-06,2024-11-29,22.0694352,22.0807755,22.14103408040264,0.0005138464078138227,0.003244255222382808,0.0027290065243694706,0.0027290065243694706,Habitat,CANASTA_EVIDENCIA
2024-12-09,2024-12-04,22.1842309,22.1680833,22.275178411532686,-0.0007278864015068942,0.004099646814111013,0.004831049670978471,0.004831049670978471,Habitat,CANASTA_EVIDENCIA
2024-12-10,2024-12-05,22.1144164,22.0563624,22.136032183918303,-0.00262516536497881,0.0009774521528094215,0.003612099877280839,0.003612099877280839,Habitat,CANASTA_EVIDENCIA
2024-12-11,2024-12-06,22.0807755,22.257271300000003,22.210493596646305,0.007993188463874423,0.0058747074642511166,-0.0021016818604218113,0.0021016818604218113,Habitat,CANASTA_EVIDENCIA
2024-12-12,2024-12-06,22.0807755,22.2473095,22.173476358909944,0.007542035831123783,0.004198261012614557,-0.003318744726864886,0.003318744726864886,Habitat,CANASTA_EVIDENCIA
2024-12-13,2024-12-06,22.0807755,22.1673557,22.139001141521977,0.003921066993321842,0.002636938250740961,-0.001279113253820574,0.001279113253820574,Habitat,CANASTA_EVIDENCIA
2024-12-16,2024-12-11,22.257271300000003,22.2976986,22.16968123566931,0.00181636371570848,-0.00393534603366652,-0.00574128149398756,0.00574128149398756,Habitat,CANASTA_EVIDENCIA
2024-12-17,2024-12-12,22.2473095,22.1926177,22.165499601390714,-0.0024583556946515817,-0.003677294039051593,-0.0012219423132443508,0.0012219423132443508,Habitat,CANASTA_EVIDENCIA
2024-12-18,2024-12-13,22.1673557,21.9100159,21.931172361846855,-0.011608953430561897,-0.010654556247010838,0.0009656068687222685,0.0009656068687222685,Habitat,CANASTA_EVIDENCIA
2024-12-19,2024-12-13,22.1673557,21.7566885,21.93854898373004,-0.018525763990876132,-0.010321786656311005,0.008358831066135775,0.008358831066135775,Habitat,CANASTA_EVIDENCIA
2024-12-20,2024-12-13,22.1673557,21.8525443,22.03719159972401,-0.014201576600315957,-0.005871882151283869,0.008449693417347692,0.008449693417347692,Habitat,CANASTA_EVIDENCIA
2024-12-23,2024-12-18,21.9100159,21.9096057,22.085985955876946,-1.8722031141948925e-05,0.008031489191066443,0.00805036194133546,0.00805036194133546,Habitat,CANASTA_EVIDENCIA
2024-12-24,2024-12-19,21.7566885,22.0167726,22.00069918624279,0.011954213528405422,0.011215433187030888,-0.0007300531303670033,0.0007300531303670033,Habitat,CANASTA_EVIDENCIA
2024-12-26,2024-12-20,21.8525443,22.0494373,22.0141701539286,0.009010072113204703,0.007396203010035629,-0.0015994578723966812,0.0015994578723966812,Habitat,CANASTA_EVIDENCIA
2024-12-27,2024-12-20,21.8525443,22.0636572,21.977047514149803,0.009660792679413444,0.005697424173614518,-0.003925445589781917,0.003925445589781917,Habitat,CANASTA_EVIDENCIA
2024-12-30,2024-12-24,22.0167726,22.0220271,21.918226559432135,0.00023865895767127832,-0.004475953054439263,-0.004713487096193014,0.004713487096193014,Habitat,CANASTA_EVIDENCIA
2024-12-31,2024-12-26,22.0494373,21.9260027,21.974898299352144,-0.005598083902122908,-0.003380539813043537,0.0022300279727751615,0.0022300279727751615,Habitat,CANASTA_EVIDENCIA
2025-01-02,2024-12-27,22.0636572,21.8844727,22.054407941926915,-0.008121251086152692,-0.000419207839808422,0.007765105618784851,0.007765105618784851,Habitat,CANASTA_EVIDENCIA
2025-01-03,2024-12-27,22.0636572,21.983004,22.097922454228,-0.003655477388399664,0.0015530178844511688,0.00522760466349359,0.00522760466349359,Habitat,CANASTA_EVIDENCIA
2025-01-06,2024-12-31,21.9260027,22.1483075,22.018642863981096,0.010138865849907086,0.004225127819631913,-0.005854381244205897,0.005854381244205897,Habitat,CANASTA_EVIDENCIA
2025-01-07,2025-01-02,21.8844727,22.1197873,21.908009677307287,0.010752582583358317,0.0010755103689241707,-0.009574125637849651,0.009574125637849651,Habitat,CANASTA_EVIDENCIA
2025-01-08,2025-01-03,21.983004,22.1538993,22.01089113415096,0.007773973930041533,0.0012685770402880436,-0.006455214222673589,0.006455214222673589,Habitat,CANASTA_EVIDENCIA
2025-01-09,2025-01-03,21.983004,22.1044851,22.011910085702443,0.005526137374127771,0.0013149288287643834,-0.004188064724364837,0.004188064724364837,Habitat,CANASTA_EVIDENCIA
2025-01-10,2025-01-03,21.983004,21.9888623,21.96937706122571,0.00026649224100583346,-0.0006198851974139608,-0.0008861412886418396,0.0008861412886418396,Habitat,CANASTA_EVIDENCIA
2025-01-13,2025-01-08,22.1538993,21.9387456,22.143004953022484,-0.009711775660188104,-0.0004917575380292138,0.00931043901719164,0.00931043901719164,Habitat,CANASTA_EVIDENCIA
2025-01-14,2025-01-09,22.1044851,21.9671036,22.13197000465586,-0.006215096139018383,0.0012434084997463568,0.007505149866724237,0.007505149866724237,Habitat,CANASTA_EVIDENCIA
2025-01-15,2025-01-10,21.9888623,22.0649429,22.139327826562234,0.003459960727481448,0.006842806349386832,0.003371181466426343,0.003371181466426343,Habitat,CANASTA_EVIDENCIA
2025-01-16,2025-01-10,21.9888623,22.0570941,22.131244372110036,0.003103016384799373,0.006475190492690297,0.0033617425656280453,0.0033617425656280453,Habitat,CANASTA_EVIDENCIA
2025-01-17,2025-01-10,21.9888623,22.0751762,22.147163566037598,0.003925346333175206,0.007199156731160006,0.0032610098051040204,0.0032610098051040204,Habitat,CANASTA_EVIDENCIA
2025-01-20,2025-01-15,22.0649429,22.0657323,22.093828787600884,3.5776208602955606e-05,0.0013091304034549278,0.0012733086406964134,0.0012733086406964134,Habitat,CANASTA_EVIDENCIA
2025-01-21,2025-01-16,22.0570941,22.1522983,22.11722606139957,0.004316262131737636,0.0027261959860600538,-0.0015832324991954527,0.0015832324991954527,Habitat,CANASTA_EVIDENCIA
2025-01-22,2025-01-17,22.0751762,22.1614138,22.139294832293032,0.003906541864884261,0.0029045581204933946,-0.0009980846847851277,0.0009980846847851277,Habitat,CANASTA_EVIDENCIA
2025-01-23,2025-01-17,22.0751762,22.1573456,22.140661589358547,0.003722253415127774,0.002966471876158616,-0.0007529787612037264,0.0007529787612037264,Habitat,CANASTA_EVIDENCIA
2025-01-24,2025-01-17,22.0751762,22.143164,22.120127713208024,0.003079830456800492,0.0020362923856536153,-0.0010403340187505883,0.0010403340187505883,Habitat,CANASTA_EVIDENCIA
2025-01-27,2025-01-22,22.1614138,21.9574511,21.981836025972353,-0.009203505779942556,-0.008103173184178525,0.0011105535820754575,0.0011105535820754575,Habitat,CANASTA_EVIDENCIA
2025-01-28,2025-01-23,22.1573456,21.9470268,22.03253174986876,-0.009492057568484147,-0.005633068707076472,0.0038959696294151858,0.0038959696294151858,Habitat,CANASTA_EVIDENCIA
2025-01-29,2025-01-24,22.143164,21.9092297,22.06657298669668,-0.010564628433407108,-0.0034589010542177556,0.007181598296752467,0.007181598296752467,Habitat,CANASTA_EVIDENCIA
2025-01-30,2025-01-24,22.143164,22.041727,22.14238220540362,-0.00458096232318006,-3.5306363461828916e-05,0.004566575268971418,0.004566575268971418,Habitat,CANASTA_EVIDENCIA
2025-01-31,2025-01-24,22.143164,22.0206574,22.074116278727725,-0.005532479459574913,-0.0031182409737051664,0.00242766951761042,0.00242766951761042,Habitat,CANASTA_EVIDENCIA
2025-02-03,2025-01-29,21.9092297,21.855655,21.88633058338535,-0.0024453027666235805,-0.0010451812742029443,0.0014035536059364695,0.0014035536059364695,Habitat,CANASTA_EVIDENCIA
2025-02-04,2025-01-30,22.041727,21.9525156,22.05383666177694,-0.00404738703097085,0.0005493971401124842,0.004615464743227049,0.004615464743227049,Habitat,CANASTA_EVIDENCIA
2025-02-05,2025-01-31,22.0206574,22.0988038,22.121385675548456,0.003548776886197702,0.004574262871391621,0.0010218596333462227,0.0010218596333462227,Habitat,CANASTA_EVIDENCIA
2025-02-06,2025-01-31,22.0206574,22.1225745,22.178356656472218,0.004628249654344829,0.00716142363997796,0.0025215038363739506,0.0025215038363739506,Habitat,CANASTA_EVIDENCIA
2025-02-07,2025-01-31,22.0206574,22.0353793,22.146207098120183,0.0006685495229583616,0.005701450953057519,0.005029538934244071,0.005029538934244071,Habitat,CANASTA_EVIDENCIA
2025-02-10,2025-02-05,22.0988038,22.0842047,22.22431440371117,-0.0006606285178204496,0.005679520251280268,0.006344340021045447,0.006344340021045447,Habitat,CANASTA_EVIDENCIA
2025-02-11,2025-02-06,22.1225745,22.0472511,22.099012820750445,-0.0034048207183119406,-0.0010650514138647038,0.0023477630166077734,0.0023477630166077734,Habitat,CANASTA_EVIDENCIA
2025-02-12,2025-02-07,22.0353793,22.0371605,22.063125764338917,8.083364373945301e-05,0.0012591779774318024,0.0011782490915250854,0.0011782490915250854,Habitat,CANASTA_EVIDENCIA
2025-02-13,2025-02-07,22.0353793,22.1183248,22.141500621693137,0.0037641966072261557,0.00481595166792248,0.0010478108944822484,0.0010478108944822484,Habitat,CANASTA_EVIDENCIA
2025-02-14,2025-02-07,22.0353793,22.1156076,22.164168989998164,0.003640885818561923,0.005844677699655687,0.0021957972340838072,0.0021957972340838072,Habitat,CANASTA_EVIDENCIA
2025-02-17,2025-02-12,22.0371605,22.1310067,22.15200391747194,0.004258543200245768,0.005211352772601652,0.000948769197740118,0.000948769197740118,Habitat,CANASTA_EVIDENCIA
2025-02-18,2025-02-13,22.1183248,22.1212713,22.12872941179537,0.0001332153328357233,0.0004704068635148495,0.00033714661758010855,0.00033714661758010855,Habitat,CANASTA_EVIDENCIA
2025-02-19,2025-02-14,22.1156076,22.1055778,22.116823289100974,-0.00045351681859295834,5.496973553520412e-05,0.0005087172659641315,0.0005087172659641315,Habitat,CANASTA_EVIDENCIA
2025-02-20,2025-02-14,22.1156076,21.9856119,22.129949351570517,-0.005878007168114263,0.0006484900541694483,0.00656508684984658,0.00656508684984658,Habitat,CANASTA_EVIDENCIA
2025-02-21,2025-02-14,22.1156076,21.8191365,21.983459019926922,-0.013405514574241328,-0.005975353807284867,0.007531119296445343,0.007531119296445343,Habitat,CANASTA_EVIDENCIA
2025-02-24,2025-02-19,22.1055778,21.6944722,21.841596553833305,-0.01859736957429803,-0.011941838777301483,0.006781651679606426,0.006781651679606426,Habitat,CANASTA_EVIDENCIA
2025-02-25,2025-02-20,21.9856119,21.5479508,21.629962970396956,-0.01990670543947881,-0.016176439901726902,0.003806031077301153,0.003806031077301153,Habitat,CANASTA_EVIDENCIA
2025-02-26,2025-02-21,21.8191365,21.5908076,21.6442689679067,-0.010464616690949113,-0.00801441120702917,0.002476117100256081,0.002476117100256081,Habitat,CANASTA_EVIDENCIA
2025-02-27,2025-02-21,21.8191365,21.4077693,21.52747181700881,-0.018853505041320107,-0.013367379730686912,0.0055915455427115734,0.0055915455427115734,Habitat,CANASTA_EVIDENCIA
2025-02-28,2025-02-21,21.8191365,21.5321955,21.633037304334273,-0.013150887066497696,-0.008529173263374878,0.00468330339719758,0.00468330339719758,Habitat,CANASTA_EVIDENCIA
2025-03-03,2025-02-26,21.5908076,21.4131658,21.448711429872343,-0.008227658885719524,-0.006581327237044077,0.0016599894758364542,0.0016599894758364542,Habitat,CANASTA_EVIDENCIA
2025-03-04,2025-02-27,21.4077693,21.3454815,21.383241056307103,-0.002909588529618423,-0.0011457636407214977,0.001768971869156477,0.001768971869156477,Habitat,CANASTA_EVIDENCIA
2025-03-05,2025-02-28,21.5321955,21.447962200000003,21.455551472281375,-0.00391196986856257,-0.0035595082590916816,0.00035384584374975603,0.00035384584374975603,Habitat,CANASTA_EVIDENCIA
2025-03-06,2025-02-28,21.5321955,21.3454479,21.40828516712256,-0.008672947447463053,-0.0057546539031488875,0.002943825185442117,0.002943825185442117,Habitat,CANASTA_EVIDENCIA
2025-03-07,2025-02-28,21.5321955,21.3907497,21.39055929463234,-0.0065690375140797785,-0.006577880335874697,-8.90129473396506e-06,8.90129473396506e-06,Habitat,CANASTA_EVIDENCIA
2025-03-10,2025-03-05,21.447962200000003,21.1780875,21.30054616896008,-0.012582766487718056,-0.006873195209189831,0.005782328973760187,0.005782328973760187,Habitat,CANASTA_EVIDENCIA
2025-03-11,2025-03-06,21.3454479,21.1491117,21.24031097861105,-0.009198036083374994,-0.004925496147070829,0.004312203741921206,0.004312203741921206,Habitat,CANASTA_EVIDENCIA
2025-03-12,2025-03-07,21.3907497,21.2206285,21.380797323692164,-0.007953026536512642,-0.00046526542769265156,0.007547788874027184,0.007547788874027184,Habitat,CANASTA_EVIDENCIA
2025-03-13,2025-03-07,21.3907497,21.251966000000003,21.41048347968531,-0.006488024120070768,0.0009225380111530512,0.007458956017777796,0.007458956017777796,Habitat,CANASTA_EVIDENCIA
2025-03-14,2025-03-07,21.3907497,21.4326994,21.5703458008245,0.001961114060438973,0.008395970377069073,0.006422261529245299,0.006422261529245299,Habitat,CANASTA_EVIDENCIA
2025-03-17,2025-03-12,21.2206285,21.5347267,21.496164240238617,0.01480155029338559,0.012984334570421252,-0.0017907104324376144,0.0017907104324376144,Habitat,CANASTA_EVIDENCIA
2025-03-18,2025-03-13,21.251966000000003,21.5298987,21.508099671018275,0.013077975938790676,0.012052234180041088,-0.001012500304134023,0.001012500304134023,Habitat,CANASTA_EVIDENCIA
2025-03-19,2025-03-14,21.4326994,21.5961233,21.589663956472222,0.007624979800724407,0.007323601826479287,-0.00029909736289457367,0.00029909736289457367,Habitat,CANASTA_EVIDENCIA
2025-03-20,2025-03-14,21.4326994,21.6115441,21.62078891212825,0.008344478530781796,0.00877582000372068,0.0004277719391763135,0.0004277719391763135,Habitat,CANASTA_EVIDENCIA
2025-03-21,2025-03-14,21.4326994,21.6729406,21.642689612107407,0.011209096694558163,0.009797655824324458,-0.0013957952661298734,0.0013957952661298734,Habitat,CANASTA_EVIDENCIA
2025-03-24,2025-03-19,21.5961233,21.8400083,21.73084529990148,0.011292999054140607,0.00623824924640437,-0.004998303965778383,0.004998303965778383,Habitat,CANASTA_EVIDENCIA
2025-03-25,2025-03-20,21.6115441,21.8853641,21.77216125057774,0.012670080339146184,0.007432007164066556,-0.005172536719289078,0.005172536719289078,Habitat,CANASTA_EVIDENCIA
2025-03-26,2025-03-21,21.6729406,21.7375592,21.743563103342314,0.0029815335718679226,0.003258556586562822,0.0002761995165636577,0.0002761995165636577,Habitat,CANASTA_EVIDENCIA
2025-03-27,2025-03-21,21.6729406,21.6959922,21.726682501993917,0.0010636120139597693,0.002479677445981432,0.001414560888066685,0.001414560888066685,Habitat,CANASTA_EVIDENCIA
2025-03-28,2025-03-21,21.6729406,21.5635826,21.611555148023445,-0.005045831205757079,-0.002832354552596117,0.0022247021245647147,0.0022247021245647147,Habitat,CANASTA_EVIDENCIA
2025-03-31,2025-03-26,21.7375592,21.5677909,21.614127260939544,-0.007809906275033862,-0.005678279604660275,0.0021484055160949644,0.0021484055160949644,Habitat,CANASTA_EVIDENCIA
2025-04-01,2025-03-27,21.6959922,21.5884762,21.662252580195013,-0.004955569628200762,-0.0015551084040760221,0.003417396369782333,0.003417396369782333,Habitat,CANASTA_EVIDENCIA
2025-04-02,2025-03-28,21.5635826,21.5941343,21.68422183200755,0.0014168192997763285,0.005594582043502827,0.004171851983320929,0.004171851983320929,Habitat,CANASTA_EVIDENCIA
2025-04-03,2025-03-28,21.5635826,21.0786924,21.342607022436447,-0.02248653245588228,-0.010247628219420046,0.01252044564379351,0.01252044564379351,Habitat,CANASTA_EVIDENCIA
2025-04-04,2025-03-28,21.5635826,20.4734145,20.865178046368793,-0.05055598228839764,-0.03238815027105957,0.01913523249230331,0.01913523249230331,Habitat,CANASTA_EVIDENCIA
2025-04-07,2025-04-02,21.5941343,20.3661096,20.693224208169962,-0.05686843857408064,-0.04172013007393571,0.016061713041648495,0.016061713041648495,Habitat,CANASTA_EVIDENCIA
2025-04-08,2025-04-03,21.0786924,20.3382395,20.455657185194255,-0.03512802815036098,-0.029557583695549727,0.005773247246609214,0.005773247246609214,Habitat,CANASTA_EVIDENCIA
2025-04-09,2025-04-04,20.4734145,20.938213,20.738018256659373,0.022702539432296387,0.012924261200268905,-0.009561214385421901,0.009561214385421901,Habitat,CANASTA_EVIDENCIA
2025-04-10,2025-04-04,20.4734145,20.8038804,20.642458289759993,0.016141220605873974,0.008256746316545938,-0.007759230832725228,0.007759230832725228,Habitat,CANASTA_EVIDENCIA
2025-04-11,2025-04-04,20.4734145,21.0013542,20.730874548436514,0.025786597540923273,0.01257533512236142,-0.012879152886411838,0.012879152886411838,Habitat,CANASTA_EVIDENCIA
2025-04-14,2025-04-09,20.938213,21.1791759,21.045499348563876,0.011508283920886653,0.0051239496209096735,-0.006311697493202484,0.006311697493202484,Habitat,CANASTA_EVIDENCIA
2025-04-15,2025-04-10,20.8038804,21.2636701,21.06131724816898,0.02210115089875253,0.01237446299532552,-0.009516365278401273,0.009516365278401273,Habitat,CANASTA_EVIDENCIA
2025-04-16,2025-04-11,21.0013542,21.0679367,21.145907957362574,0.0031703907931803776,0.006883068395778569,0.0037009441632969153,0.0037009441632969153,Habitat,CANASTA_EVIDENCIA
2025-04-17,2025-04-11,21.0013542,21.005324,21.177835462536173,0.00018902590576752587,0.00840332774998731,0.008212749421821375,0.008212749421821375,Habitat,CANASTA_EVIDENCIA
2025-04-18,2025-04-11,21.0013542,21.0103527,21.19320031589467,0.00042847236965304347,0.009134940255170365,0.008702739002314441,0.008702739002314441,Habitat,CANASTA_EVIDENCIA
2025-04-21,2025-04-16,21.0679367,20.928118800000004,21.058971918892404,-0.006636525540728244,-0.0004255177540759547,0.006252502680384353,0.006252502680384353,Habitat,CANASTA_EVIDENCIA
2025-04-22,2025-04-17,21.005324,21.0937616,21.044629136620546,0.004210246887884184,0.0018711987789641338,-0.002329241427449058,0.002329241427449058,Habitat,CANASTA_EVIDENCIA
2025-04-23,2025-04-18,21.0103527,21.2446396,21.13210641482145,0.011151021753195156,0.005794939121676501,-0.005297015496490198,0.005297015496490198,Habitat,CANASTA_EVIDENCIA
2025-04-24,2025-04-18,21.0103527,21.4565267,21.239731311046476,0.02123591195115937,0.010917408875600554,-0.010103936764076726,0.010103936764076726,Habitat,CANASTA_EVIDENCIA
2025-04-25,2025-04-18,21.0103527,21.5110664,21.2595543056489,0.023831760806185986,0.011860895873913702,-0.011692218771222729,0.011692218771222729,Habitat,CANASTA_EVIDENCIA
2025-04-28,2025-04-23,21.2446396,21.5364182,21.38658337521161,0.01373422216115161,0.006681392477545733,-0.006957276897064935,0.006957276897064935,Habitat,CANASTA_EVIDENCIA
2025-04-29,2025-04-24,21.4565267,21.5225296,21.513114033861406,0.003076122287769767,0.0026373016776011227,-0.0004374748839277576,0.0004374748839277576,Habitat,CANASTA_EVIDENCIA
2025-04-30,2025-04-25,21.5110664,21.5294731,21.502886192812827,0.0008556851463208393,-0.0003802790170911452,-0.0012349074714315122,0.0012349074714315122,Habitat,CANASTA_EVIDENCIA
2025-05-01,2025-04-25,21.5110664,21.4581543,21.515476303650615,-0.0024597618275215005,0.00020500627763464507,0.0026713389627650574,0.0026713389627650574,Habitat,CANASTA_EVIDENCIA
2025-05-02,2025-04-25,21.5110664,21.6596592,21.615680985103797,0.0069077374983139705,0.0048632914407160666,-0.002030420446144543,0.002030420446144543,Habitat,CANASTA_EVIDENCIA
2025-05-05,2025-04-30,21.5294731,21.7453256,21.664255717227135,0.010025907229471498,0.006260376954006164,-0.0037281521676946205,0.0037281521676946205,Habitat,CANASTA_EVIDENCIA
2025-05-06,2025-05-01,21.4581543,21.721802200000003,21.59133483318472,0.01228660658852676,0.006206523232276329,-0.006006286477246436,0.006006286477246436,Habitat,CANASTA_EVIDENCIA
2025-05-07,2025-05-02,21.6596592,21.6576562,21.666660691507268,-9.247606259654706e-05,0.00032325030798574517,0.00041576481887584116,0.00041576481887584116,Habitat,CANASTA_EVIDENCIA
2025-05-08,2025-05-02,21.6596592,21.6444755,21.72563862626881,-0.0007010128765092549,0.00304618949262192,0.0037498310489811892,0.0037498310489811892,Habitat,CANASTA_EVIDENCIA
2025-05-09,2025-05-02,21.6596592,21.7604098,21.76968994036624,0.004651532097974975,0.005079984839569507,0.000426469007318131,0.000426469007318131,Habitat,CANASTA_EVIDENCIA
2025-05-12,2025-05-07,21.6576562,21.9710001,21.865285309015395,0.014468042945477988,0.009586868823570738,-0.004811560261410497,0.004811560261410497,Habitat,CANASTA_EVIDENCIA
2025-05-13,2025-05-08,21.6444755,22.1705722,21.879461559526195,0.024306280833647387,0.010856629883509772,-0.013130497393017415,0.013130497393017415,Habitat,CANASTA_EVIDENCIA
2025-05-14,2025-05-09,21.7604098,22.195125200000003,21.95857004434854,0.019977353551494215,0.009106457376944155,-0.010657977980293776,0.010657977980293776,Habitat,CANASTA_EVIDENCIA
2025-05-15,2025-05-09,21.7604098,22.2580053,21.967655298629133,0.022867009609350175,0.009523970390903802,-0.013044744911210326,0.013044744911210326,Habitat,CANASTA_EVIDENCIA
2025-05-16,2025-05-09,21.7604098,22.2901677,21.954636478065765,0.02434503324473236,0.008925690271961884,-0.01505288010615713,0.01505288010615713,Habitat,CANASTA_EVIDENCIA
2025-05-19,2025-05-14,22.195125200000003,22.3011771,22.21814794371661,0.0047781618280755556,0.0010372883013340939,-0.0037230840287525435,0.0037230840287525435,Habitat,CANASTA_EVIDENCIA
2025-05-20,2025-05-15,22.2580053,22.3534277,22.289612321183842,0.0042871047388959305,0.001420029367314557,-0.0028548363889695505,0.0028548363889695505,Habitat,CANASTA_EVIDENCIA
2025-05-21,2025-05-16,22.2901677,22.2738972,22.291359856586233,-0.0007299406724518009,5.3483518037023003e-05,0.0007839964613931549,0.0007839964613931549,Habitat,CANASTA_EVIDENCIA
2025-05-22,2025-05-16,22.2901677,22.112999100000003,22.226929227619042,-0.007948284749782264,-0.0028370568239807215,0.005152178910866834,0.005152178910866834,Habitat,CANASTA_EVIDENCIA
2025-05-23,2025-05-16,22.2901677,22.171776,22.291833449162052,-0.005311386688221287,7.473022116610828e-05,0.005414877417219577,0.005414877417219577,Habitat,CANASTA_EVIDENCIA
2025-05-26,2025-05-21,22.2738972,22.1701776,22.291523424611636,-0.0046565537709315485,0.0007913399461876303,0.005473380809165818,0.005473380809165818,Habitat,CANASTA_EVIDENCIA
2025-05-27,2025-05-22,22.112999100000003,22.1965901,22.277573662342093,0.003780174711805584,0.007442435175701201,0.0036484686151001533,0.0036484686151001533,Habitat,CANASTA_EVIDENCIA
2025-05-28,2025-05-23,22.171776,22.1791996,22.25799136044179,0.00033482207289114996,0.0038885184678840723,0.0035525069372561724,0.0035525069372561724,Habitat,CANASTA_EVIDENCIA
2025-05-29,2025-05-23,22.171776,22.1879381,22.298060533441042,0.0007289492731659131,0.005695733776177381,0.004963166606321234,0.004963166606321234,Habitat,CANASTA_EVIDENCIA
2025-05-30,2025-05-23,22.171776,22.0852618,22.28567851389571,-0.0039019968449979237,0.00513727515088136,0.00907468137396994,0.00907468137396994,Habitat,CANASTA_EVIDENCIA
2025-06-02,2025-05-28,22.1791996,22.2930833,22.296778206314883,0.005134707385923809,0.005301300697744038,0.00016574227374288597,0.00016574227374288597,Habitat,CANASTA_EVIDENCIA
2025-06-03,2025-05-29,22.1879381,22.4102807,22.33320994354217,0.01002087706383148,0.0065473340914976585,-0.0034390803707261552,0.0034390803707261552,Habitat,CANASTA_EVIDENCIA
2025-06-04,2025-05-30,22.0852618,22.4496337,22.25066567143482,0.016498418868641007,0.007489332611616106,-0.008862863030374535,0.008862863030374535,Habitat,CANASTA_EVIDENCIA
2025-06-05,2025-05-30,22.0852618,22.6247989,22.31748184990921,0.02442973530882009,0.010514706685940567,-0.013583194770000251,0.013583194770000251,Habitat,CANASTA_EVIDENCIA
2025-06-06,2025-05-30,22.0852618,22.7614748,22.373406664211185,0.03061829224048407,0.013046929976224364,-0.017049340572115046,0.017049340572115046,Habitat,CANASTA_EVIDENCIA
2025-06-09,2025-06-04,22.4496337,22.767338100000003,22.59112189986644,0.01415187455820277,0.006302472537288661,-0.007739868374580072,0.007739868374580072,Habitat,CANASTA_EVIDENCIA
2025-06-10,2025-06-05,22.6247989,22.8177277,22.721157793322888,0.008527315573178429,0.004258994466593391,-0.004232231532726671,0.004232231532726671,Habitat,CANASTA_EVIDENCIA
2025-06-11,2025-06-06,22.7614748,22.8001326,22.834994129281416,0.0016983873118803228,0.0032299897052987525,0.001529005549792961,0.001529005549792961,Habitat,CANASTA_EVIDENCIA
2025-06-12,2025-06-06,22.7614748,22.8193577,22.840756153240818,0.0025430206306316094,0.003483137799173752,0.0009377324954600308,0.0009377324954600308,Habitat,CANASTA_EVIDENCIA
2025-06-13,2025-06-06,22.7614748,22.7490273,22.836900457880077,-0.000546867024626918,0.003313742125359953,0.003862721545025094,0.003862721545025094,Habitat,CANASTA_EVIDENCIA
2025-06-16,2025-06-11,22.8001326,22.816651200000003,22.907625614201443,0.0007244957864851465,0.004714578467032382,0.00398719397531222,0.00398719397531222,Habitat,CANASTA_EVIDENCIA
2025-06-17,2025-06-12,22.8193577,22.7784148,22.91242069952158,-0.0017942178977281564,0.004078247983359207,0.005883021303202396,0.005883021303202396,Habitat,CANASTA_EVIDENCIA
2025-06-18,2025-06-13,22.7490273,22.6521496,22.841964499343273,-0.004258542517991515,0.004085326291874969,0.008379553494705538,0.008379553494705538,Habitat,CANASTA_EVIDENCIA
2025-06-19,2025-06-13,22.7490273,22.6784374,22.84399014733089,-0.0031029854186337413,0.004174369570996372,0.0073000068042998745,0.0073000068042998745,Habitat,CANASTA_EVIDENCIA
2025-06-20,2025-06-13,22.7490273,22.6046268,22.82179416523422,-0.006347546121235892,0.003198680289693945,0.009607208610682427,0.009607208610682427,Habitat,CANASTA_EVIDENCIA
2025-06-23,2025-06-18,22.6521496,22.6270883,22.644553472579165,-0.0011063541625206952,-0.0003353380387721705,0.0007718700854304483,0.0007718700854304483,Habitat,CANASTA_EVIDENCIA
2025-06-24,2025-06-19,22.6784374,22.718684600000003,22.734017873767556,0.0017746901733186604,0.0024508070281576977,0.0006749190825754425,0.0006749190825754425,Habitat,CANASTA_EVIDENCIA
2025-06-25,2025-06-20,22.6046268,22.741502500000003,22.642563343691037,0.006055207246332683,0.0016782645440993615,-0.004350598924102056,0.004350598924102056,Habitat,CANASTA_EVIDENCIA
2025-06-26,2025-06-20,22.6046268,22.8726671,22.797544292323263,0.01185776267715255,0.008534425010868318,-0.0032843921239398277,0.0032843921239398277,Habitat,CANASTA_EVIDENCIA
2025-06-27,2025-06-20,22.6046268,22.8806792,22.768982369083805,0.012212207812251963,0.0072708817773450285,-0.004881709583000271,0.004881709583000271,Habitat,CANASTA_EVIDENCIA
2025-06-30,2025-06-25,22.741502500000003,22.950805,22.91290082770512,0.009203547566832837,0.0075368075484509855,-0.0016515399915113527,0.0016515399915113527,Habitat,CANASTA_EVIDENCIA
2025-07-01,2025-06-26,22.8726671,23.0243875,22.901480397524068,0.006633262283610053,0.0012597261787659075,-0.005338126908953855,0.005338126908953855,Habitat,CANASTA_EVIDENCIA
2025-07-02,2025-06-27,22.8806792,23.0479488,23.018323109316956,0.007310517250729287,0.006015726548753708,-0.0012853938083654537,0.0012853938083654537,Habitat,CANASTA_EVIDENCIA
2025-07-03,2025-06-27,22.8806792,23.1103679,23.08437858865923,0.010038543785885645,0.008902681029644866,-0.001124573674171958,0.001124573674171958,Habitat,CANASTA_EVIDENCIA
2025-07-04,2025-06-27,22.8806792,23.1468275,23.089336202612785,0.011632010469339704,0.009119353529190022,-0.0024837657509313438,0.0024837657509313438,Habitat,CANASTA_EVIDENCIA
2025-07-07,2025-07-02,23.0479488,23.1482499,23.113308856470187,0.004351844967652729,0.0028358296452908327,-0.0015094464454443735,0.0015094464454443735,Habitat,CANASTA_EVIDENCIA
2025-07-08,2025-07-03,23.1103679,23.0585752,23.08135627944924,-0.0022411023582190603,-0.0012553508743909925,0.0009879656158997552,0.0009879656158997552,Habitat,CANASTA_EVIDENCIA
2025-07-09,2025-07-04,23.1468275,23.1407802,23.108186923048873,-0.00026125826530665197,-0.001669368165081342,-0.0014084778762613048,0.0014084778762613048,Habitat,CANASTA_EVIDENCIA
2025-07-10,2025-07-04,23.1468275,23.1317046,23.127393998903486,-0.0006533465547277073,-0.0008395751468107671,-0.00018635034343783552,0.00018635034343783552,Habitat,CANASTA_EVIDENCIA
2025-07-11,2025-07-04,23.1468275,23.15605,23.127520893601552,0.0003984347314982539,-0.000834092983085899,-0.0012320368283212924,0.0012320368283212924,Habitat,CANASTA_EVIDENCIA
2025-07-14,2025-07-09,23.1407802,23.1816109,23.14039800388094,0.0017644478555653986,-1.6516129350718778e-05,-0.0017778271016989367,0.0017778271016989367,Habitat,CANASTA_EVIDENCIA
2025-07-15,2025-07-10,23.1317046,23.0857602,23.073514087271803,-0.001986209005971795,-0.002515617146874538,-0.0005304617488054442,0.0005304617488054442,Habitat,CANASTA_EVIDENCIA
2025-07-16,2025-07-11,23.15605,23.0459172,23.08814620730984,-0.004756113413125207,-0.0029324428255319557,0.001832385621425292,0.001832385621425292,Habitat,CANASTA_EVIDENCIA
2025-07-17,2025-07-11,23.15605,23.1987158,23.13354272626355,0.0018425335927327868,-0.0009719824294925905,-0.0028093397194188796,0.0028093397194188796,Habitat,CANASTA_EVIDENCIA
2025-07-18,2025-07-11,23.15605,23.1791061,23.156420108380235,0.0009956836334348296,1.5983225992055594e-05,-0.0009787259060763942,0.0009787259060763942,Habitat,CANASTA_EVIDENCIA
2025-07-21,2025-07-16,23.0459172,23.289851,23.158251216362196,0.01058468612392649,0.004874356502599708,-0.005650520633979306,0.005650520633979306,Habitat,CANASTA_EVIDENCIA
2025-07-22,2025-07-17,23.1987158,23.2979315,23.295511949651416,0.004276775527376486,0.004172478790891443,-0.00010385258230261041,0.00010385258230261041,Habitat,CANASTA_EVIDENCIA
2025-07-23,2025-07-18,23.1791061,23.3811871,23.317479673735125,0.008718239570075559,0.005969754534025151,-0.0027247301855291006,0.0027247301855291006,Habitat,CANASTA_EVIDENCIA
2025-07-24,2025-07-18,23.1791061,23.3580702,23.376245976075154,0.007720923284440184,0.008505068108521918,0.000778136888857972,0.000778136888857972,Habitat,CANASTA_EVIDENCIA
2025-07-25,2025-07-18,23.1791061,23.3453145,23.363883878620136,0.007170613020318406,0.007971738764340763,0.0007954220800980849,0.0007954220800980849,Habitat,CANASTA_EVIDENCIA
2025-07-28,2025-07-23,23.3811871,23.3338143,23.44850583326996,-0.002026107562348667,0.002879183720742695,0.004915250108507019,0.004915250108507019,Habitat,CANASTA_EVIDENCIA
2025-07-29,2025-07-24,23.3580702,23.3553038,23.391182323711448,-0.00011843444155756888,0.0014175881580940075,0.001536204539178243,0.001536204539178243,Habitat,CANASTA_EVIDENCIA
2025-07-30,2025-07-25,23.3453145,23.3936283,23.292714979789793,0.0020695287698950793,-0.002253108229071321,-0.004313709652735143,0.004313709652735143,Habitat,CANASTA_EVIDENCIA
2025-07-31,2025-07-25,23.3453145,23.4170551,23.38642574856338,0.0030730192133414658,0.0017610064136586168,-0.0013079933111067588,0.0013079933111067588,Habitat,CANASTA_EVIDENCIA
2025-08-01,2025-07-25,23.3453145,23.2699205,23.28860288603748,-0.003229513142776419,-0.0024292503732396,0.0008028556022561251,0.0008028556022561251,Habitat,CANASTA_EVIDENCIA
2025-08-04,2025-07-30,23.3936283,23.4035135,23.477235361438826,0.00042255950523073516,0.0035739245048544976,0.0031500339228478502,0.0031500339228478502,Habitat,CANASTA_EVIDENCIA
2025-08-05,2025-07-31,23.4170551,23.358686,23.416540150784815,-0.002492589258159983,-2.1990349041933754e-05,0.0024767724856105122,0.0024767724856105122,Habitat,CANASTA_EVIDENCIA
2025-08-06,2025-08-01,23.2699205,23.4681298,23.43350870056885,0.0085178331399971,0.007030028339325423,-0.0014752389613572614,0.0014752389613572614,Habitat,CANASTA_EVIDENCIA
2025-08-07,2025-08-01,23.2699205,23.4900671,23.463199656641265,0.009460565196172332,0.008305965490568168,-0.001143778910650095,0.001143778910650095,Habitat,CANASTA_EVIDENCIA
2025-08-08,2025-08-01,23.2699205,23.463583600000003,23.56768335120363,0.008322465046668448,0.012796040760157723,0.0044366518336793614,0.0044366518336793614,Habitat,CANASTA_EVIDENCIA
2025-08-11,2025-08-06,23.4681298,23.4544301,23.551495464226765,-0.0005837576371339193,0.003552292617146069,0.004138466115480854,0.004138466115480854,Habitat,CANASTA_EVIDENCIA
2025-08-12,2025-08-07,23.4900671,23.5948818,23.628504311072277,0.004462086019328515,0.005893436169549071,0.0014249917146131885,0.0014249917146131885,Habitat,CANASTA_EVIDENCIA
2025-08-13,2025-08-08,23.463583600000003,23.7446964,23.540685822097863,0.011980812683702657,0.003286037777190165,-0.008591837708320171,0.008591837708320171,Habitat,CANASTA_EVIDENCIA
2025-08-14,2025-08-08,23.463583600000003,23.8220375,23.50617754360225,0.015277031254509632,0.0018153213221123732,-0.013259149491211764,0.013259149491211764,Habitat,CANASTA_EVIDENCIA
2025-08-15,2025-08-08,23.463583600000003,23.8016727,23.515747662426165,0.014409099043165563,0.002223192472021296,-0.012012812762265956,0.012012812762265956,Habitat,CANASTA_EVIDENCIA
2025-08-18,2025-08-13,23.7446964,23.7610963,23.75431750253488,0.0006906763398331073,0.0004051895367624958,-0.00028528976018316055,0.00028528976018316055,Habitat,CANASTA_EVIDENCIA
2025-08-19,2025-08-14,23.8220375,23.5593557,23.78868297900713,-0.011026840168478436,-0.0014001539957642084,0.009734021673909021,0.009734021673909021,Habitat,CANASTA_EVIDENCIA
2025-08-20,2025-08-15,23.8016727,23.4664752,23.712330426963884,-0.014082938801187717,-0.0037536132087102603,0.01047687072167891,0.01047687072167891,Habitat,CANASTA_EVIDENCIA
2025-08-21,2025-08-15,23.8016727,23.516869900000003,23.745527923275496,-0.011965663236768953,-0.002358858447982337,0.009723148711874074,0.009723148711874074,Habitat,CANASTA_EVIDENCIA
2025-08-22,2025-08-15,23.8016727,23.684403000000003,23.899915957428,-0.004926952045685384,0.004127577866743781,0.009099362032811031,0.009099362032811031,Habitat,CANASTA_EVIDENCIA
2025-08-25,2025-08-20,23.4664752,23.7390335,23.667208582595652,0.011614795050259641,0.008554049165238498,-0.003025604113341407,0.003025604113341407,Habitat,CANASTA_EVIDENCIA
2025-08-26,2025-08-21,23.516869900000003,23.9394507,23.74032223576639,0.01796926214232264,0.009501789001536531,-0.00831800473323352,0.00831800473323352,Habitat,CANASTA_EVIDENCIA
2025-08-27,2025-08-22,23.684403000000003,23.9160138,23.74134443605103,0.009779043195642156,0.002404174428674688,-0.007303448033173954,0.007303448033173954,Habitat,CANASTA_EVIDENCIA
2025-08-28,2025-08-22,23.684403000000003,24.050030900000003,23.80862833202792,0.01543749698905228,0.005245026949926235,-0.010037515917373896,0.010037515917373896,Habitat,CANASTA_EVIDENCIA
2025-08-29,2025-08-22,23.684403000000003,23.9920331,23.82156256499084,0.012988720889439254,0.005791134570326095,-0.007105297591856075,0.007105297591856075,Habitat,CANASTA_EVIDENCIA
2025-09-01,2025-08-27,23.9160138,24.0555541,23.997334140776996,0.005834596900926581,0.0034002464397722143,-0.0024202293982079626,0.0024202293982079626,Habitat,CANASTA_EVIDENCIA
2025-09-02,2025-08-28,24.050030900000003,24.0648566,24.209772135170812,0.0006164524304206331,0.006642038666603511,0.006021874037297037,0.006021874037297037,Habitat,CANASTA_EVIDENCIA
2025-09-03,2025-08-29,23.9920331,24.1227419,24.216068457101834,0.0054480084891179725,0.009337906302814947,0.0038688204470584964,0.0038688204470584964,Habitat,CANASTA_EVIDENCIA
2025-09-04,2025-08-29,23.9920331,24.103771700000003,24.215879385169924,0.004657321017117244,0.00933002568964958,0.004651043270955002,0.004651043270955002,Habitat,CANASTA_EVIDENCIA
2025-09-05,2025-08-29,23.9920331,24.215251400000003,24.2301841798683,0.009303850952089743,0.009926256723457927,0.000616668380667651,0.000616668380667651,Habitat,CANASTA_EVIDENCIA
2025-09-08,2025-09-03,24.1227419,24.2633764,24.1827498627109,0.005829955010213661,0.0024876095329320336,-0.0033229726959640438,0.0033229726959640438,Habitat,CANASTA_EVIDENCIA
2025-09-09,2025-09-04,24.103771700000003,24.1877493,24.153443742586024,0.0034840024642284195,0.0020607580923122093,-0.0014183030007663966,0.0014183030007663966,Habitat,CANASTA_EVIDENCIA
2025-09-10,2025-09-05,24.215251400000003,24.2131655,24.342270837515805,-8.613992750061694e-05,0.005245431295245684,0.005332030523468978,0.005332030523468978,Habitat,CANASTA_EVIDENCIA
2025-09-11,2025-09-05,24.215251400000003,24.3747666,24.43970743409108,0.00658738566719963,0.009269201066030464,0.002664264858686982,0.002664264858686982,Habitat,CANASTA_EVIDENCIA
2025-09-12,2025-09-05,24.215251400000003,24.4105822,24.474755296643778,0.008066437005894489,0.010716547697860124,0.0026289047970260437,0.0026289047970260437,Habitat,CANASTA_EVIDENCIA
2025-09-15,2025-09-10,24.2131655,24.5026542,24.386974199227062,0.011955838653149309,0.007178272466153324,-0.004721121223387192,0.004721121223387192,Habitat,CANASTA_EVIDENCIA
2025-09-16,2025-09-11,24.3747666,24.4330368,24.451512992785826,0.0023905951985607743,0.0031486001095011318,0.0007561971496652387,0.0007561971496652387,Habitat,CANASTA_EVIDENCIA
2025-09-17,2025-09-12,24.4105822,24.4594674,24.458792253609328,0.0020026232721315207,0.001974965333245038,-2.7602661154979558e-05,2.7602661154979558e-05,Habitat,CANASTA_EVIDENCIA
2025-09-18,2025-09-12,24.4105822,24.4951509,24.434230012903715,0.0034644278168833864,0.0009687525151986787,-0.0024870590650774016,0.0024870590650774016,Habitat,CANASTA_EVIDENCIA
2025-09-19,2025-09-12,24.4105822,24.631882500000003,24.494594178541494,0.009065752639033864,0.003441621254797189,-0.005573602482819129,0.005573602482819129,Habitat,CANASTA_EVIDENCIA
2025-09-22,2025-09-17,24.4594674,24.7908516,24.573446425504812,0.013548299911060102,0.004659914447066482,-0.008769572663457348,0.008769572663457348,Habitat,CANASTA_EVIDENCIA
2025-09-23,2025-09-18,24.4951509,24.8105836,24.61286433157377,0.012877352798835062,0.004805580992512715,-0.007969150247083667,0.007969150247083667,Habitat,CANASTA_EVIDENCIA
2025-09-24,2025-09-19,24.631882500000003,24.8418992,24.754332485174345,0.008526213942438021,0.004971198818212175,-0.0035249605563835162,0.0035249605563835162,Habitat,CANASTA_EVIDENCIA
2025-09-25,2025-09-19,24.631882500000003,24.775420800000003,24.742098510048628,0.005827337800917043,0.0044745264617360725,-0.001344973722963938,0.001344973722963938,Habitat,CANASTA_EVIDENCIA
2025-09-26,2025-09-19,24.631882500000003,24.7735032,24.7289216199963,0.005749487478271087,0.0039395738428151805,-0.0017995670472515934,0.0017995670472515934,Habitat,CANASTA_EVIDENCIA
2025-09-29,2025-09-24,24.8418992,24.8767214,24.87645225197371,0.0014017527291150245,0.001390918290728349,-1.0819272442064154e-05,1.0819272442064154e-05,Habitat,CANASTA_EVIDENCIA
2025-09-30,2025-09-25,24.775420800000003,24.8552251,24.956505311244257,0.0032211077520829523,0.007309038772986387,0.004074805632891199,0.004074805632891199,Habitat,CANASTA_EVIDENCIA
2025-10-01,2025-09-26,24.7735032,24.9710367,24.822713859047177,0.007973579610654369,0.0019864231009192324,-0.005939795080787458,0.005939795080787458,Habitat,CANASTA_EVIDENCIA
2025-10-02,2025-09-26,24.7735032,25.0113067,24.82595047374084,0.009599106677815383,0.0021170713450344714,-0.007410897338648859,0.007410897338648859,Habitat,CANASTA_EVIDENCIA
2025-10-03,2025-09-26,24.7735032,24.9387957,24.86707084790702,0.0066721488142218455,0.003776924367604906,-0.0028760351123523487,0.0028760351123523487,Habitat,CANASTA_EVIDENCIA
2025-10-06,2025-10-01,24.9710367,25.0902639,25.19224523355237,0.004774619549535952,0.008858604318673358,0.004064577955769089,0.004064577955769089,Habitat,CANASTA_EVIDENCIA
2025-10-07,2025-10-02,25.0113067,24.9416563,25.271749328387685,-0.0027847565437274513,0.010412995670781466,0.013234607373997287,0.013234607373997287,Habitat,CANASTA_EVIDENCIA
2025-10-08,2025-10-03,24.9387957,25.1926523,25.288361214647974,0.010179184394216723,0.014016936457279527,0.003799080521901921,0.003799080521901921,Habitat,CANASTA_EVIDENCIA
2025-10-09,2025-10-03,24.9387957,24.993081900000004,25.32513879712803,0.0021767771248073498,0.01549165010915221,0.013285952427020575,0.013285952427020575,Habitat,CANASTA_EVIDENCIA
2025-10-10,2025-10-03,24.9387957,24.6580929,25.09218276164733,-0.011255667810775694,0.006150540045818165,0.017604356647035413,0.017604356647035413,Habitat,CANASTA_EVIDENCIA
2025-10-13,2025-10-08,25.1926523,24.8915302,25.22598870248355,-0.011952774817600265,0.001323258944178507,0.013436638880624185,0.013436638880624185,Habitat,CANASTA_EVIDENCIA
2025-10-14,2025-10-09,24.993081900000004,24.9018328,24.88441857199877,-0.0036509743122156157,-0.004347736243013545,-0.0006993151123090291,0.0006993151123090291,Habitat,CANASTA_EVIDENCIA
2025-10-15,2025-10-10,24.6580929,24.9935098,24.869250911518954,0.013602710532411022,0.008563436449659623,-0.004971646218373427,0.004971646218373427,Habitat,CANASTA_EVIDENCIA
2025-10-16,2025-10-10,24.6580929,25.0450518,24.879725955972436,0.01569297761871913,0.008988248072195226,-0.006601138035081333,0.006601138035081333,Habitat,CANASTA_EVIDENCIA
2025-10-17,2025-10-10,24.6580929,24.855886,24.826519845052708,0.008021427318087637,0.0068304935720600035,-0.0011814567763664963,0.0011814567763664963,Habitat,CANASTA_EVIDENCIA
2025-10-20,2025-10-15,24.9935098,24.9705302,25.08138344084918,-0.0009194226894856383,0.003515858378929204,0.004439362719225848,0.004439362719225848,Habitat,CANASTA_EVIDENCIA
2025-10-21,2025-10-16,25.0450518,24.6956723,24.961728336230532,-0.013950041021676074,-0.0033269431596650856,0.010773387053347516,0.010773387053347516,Habitat,CANASTA_EVIDENCIA
2025-10-22,2025-10-17,24.855886,24.6261133,24.77426867865275,-0.009244196726682863,-0.003283621486969035,0.006016190084399131,0.006016190084399131,Habitat,CANASTA_EVIDENCIA
2025-10-23,2025-10-17,24.855886,24.708423000000003,24.83636225253468,-0.00593271951762242,-0.0007854778327081036,0.005177961075649273,0.005177961075649273,Habitat,CANASTA_EVIDENCIA
2025-10-24,2025-10-17,24.855886,24.7401647,24.82700707623094,-0.004655690004371604,-0.0011618545309171058,0.0035101777730259798,0.0035101777730259798,Habitat,CANASTA_EVIDENCIA
2025-10-27,2025-10-22,24.6261133,24.7466712,24.765417147201287,0.0048955309565639205,0.005656753280725235,0.00075751389145573,0.00075751389145573,Habitat,CANASTA_EVIDENCIA
2025-10-28,2025-10-23,24.708423000000003,24.8743008,24.839023013275092,0.006713411050150775,0.005285647460183451,-0.0014182423461288618,0.0014182423461288618,Habitat,CANASTA_EVIDENCIA
2025-10-29,2025-10-24,24.7401647,24.9988699,24.977199272673552,0.010456890774053651,0.00958096179018364,-0.000866864278790791,0.000866864278790791,Habitat,CANASTA_EVIDENCIA
2025-10-30,2025-10-24,24.7401647,24.8654953,24.954370439705126,0.005065875733640368,0.00865821801522304,0.0035742356479473436,0.0035742356479473436,Habitat,CANASTA_EVIDENCIA
2025-10-31,2025-10-24,24.7401647,24.8355364,24.950522700435698,0.0038549339164259955,0.008502691998477196,0.004629910084635869,0.004629910084635869,Habitat,CANASTA_EVIDENCIA
2025-11-03,2025-10-29,24.9988699,24.8211973,24.974974719668822,-0.007107225275011286,-0.0009558504215094743,0.006195407006769127,0.006195407006769127,Habitat,CANASTA_EVIDENCIA
2025-11-04,2025-10-30,24.8654953,24.4969825,24.705328515669184,-0.01482024771893431,-0.006441326923048107,0.008504966506351685,0.008504966506351685,Habitat,CANASTA_EVIDENCIA
2025-11-05,2025-10-31,24.8355364,24.6214147,24.766831702385637,-0.008621585479426153,-0.0027663867012093224,0.005906118887053058,0.005906118887053058,Habitat,CANASTA_EVIDENCIA
2025-11-06,2025-10-31,24.8355364,24.4978068,24.755062630524378,-0.013598643273112443,-0.003240267018175702,0.010501178028899272,0.010501178028899272,Habitat,CANASTA_EVIDENCIA
2025-11-07,2025-10-31,24.8355364,24.4483761,24.759944451185792,-0.015588964690128382,-0.003043701074006533,0.01274392826384041,0.01274392826384041,Habitat,CANASTA_EVIDENCIA
2025-11-10,2025-11-05,24.6214147,24.7245554,24.7884944468361,0.0041890647331488395,0.006785952345626178,0.0025860544629288107,0.0025860544629288107,Habitat,CANASTA_EVIDENCIA
2025-11-11,2025-11-06,24.4978068,24.6931094,24.66475250759312,0.00797224835653454,0.006814720556663101,-0.001148372687600041,0.001148372687600041,Habitat,CANASTA_EVIDENCIA
2025-11-12,2025-11-07,24.4483761,24.8414124,24.697993945259068,0.016076172028456348,0.010209996943685296,-0.005773361531606458,0.005773361531606458,Habitat,CANASTA_EVIDENCIA
2025-11-13,2025-11-07,24.4483761,24.6452358,24.550944458906788,0.008052056267246144,0.00419530354438491,-0.0038259459904704807,0.0038259459904704807,Habitat,CANASTA_EVIDENCIA
2025-11-14,2025-11-07,24.4483761,24.5220918,24.553597100720953,0.003015157313454253,0.004303803258366656,0.001284772154753755,0.001284772154753755,Habitat,CANASTA_EVIDENCIA
2025-11-17,2025-11-12,24.8414124,24.3368222,24.601679182467596,-0.02031246017235311,-0.009650546984695807,0.010882973146247199,0.010882973146247199,Habitat,CANASTA_EVIDENCIA
2025-11-18,2025-11-13,24.6452358,24.1807269,24.469015148086736,-0.018847817232083397,-0.0071502927926241355,0.011922232498591034,0.011922232498591034,Habitat,CANASTA_EVIDENCIA
2025-11-19,2025-11-14,24.5220918,24.3647778,24.401643567193478,-0.006415194971254423,-0.0049118253772511,0.0015130762733028824,0.0015130762733028824,Habitat,CANASTA_EVIDENCIA
2025-11-20,2025-11-14,24.5220918,23.9638432,24.268328758090266,-0.02276512968604083,-0.010348344014833644,0.012706040327048473,0.012706040327048473,Habitat,CANASTA_EVIDENCIA
2025-11-21,2025-11-14,24.5220918,23.9981105,24.258686734646556,-0.02136772442879442,-0.010741541443599067,0.010858197967150707,0.010858197967150707,Habitat,CANASTA_EVIDENCIA
2025-11-24,2025-11-19,24.3647778,24.2726071,24.30086902536126,-0.003782948515130724,-0.002622998459634651,0.0011643547495669981,0.0011643547495669981,Habitat,CANASTA_EVIDENCIA
2025-11-25,2025-11-20,23.9638432,24.3008758,24.09519833505126,0.01406421320600204,0.005481388521656694,-0.008463788163089125,0.008463788163089125,Habitat,CANASTA_EVIDENCIA
2025-11-26,2025-11-21,23.9981105,24.6499513,24.330937765870317,0.027162171788483125,0.013868894631113404,-0.012941751090992382,0.012941751090992382,Habitat,CANASTA_EVIDENCIA
2025-11-27,2025-11-21,23.9981105,24.7121925,24.35059202420655,0.029755759312801056,0.014687886540340367,-0.014632472444258138,0.014632472444258138,Habitat,CANASTA_EVIDENCIA
2025-11-28,2025-11-21,23.9981105,24.9228243,24.47273250278376,0.03853277531995691,0.019777473846691374,-0.018059421829501043,0.018059421829501043,Habitat,CANASTA_EVIDENCIA
2025-12-01,2025-11-26,24.6499513,25.0515283,24.800393035187167,0.01629118837244925,0.006103125047032698,-0.010024748263076422,0.010024748263076422,Habitat,CANASTA_EVIDENCIA
2025-12-02,2025-11-27,24.7121925,25.1330409,24.8722188435367,0.01702999035799846,0.006475602823857063,-0.010377656149968773,0.010377656149968773,Habitat,CANASTA_EVIDENCIA
2025-12-03,2025-11-28,24.9228243,25.2757614,25.06925464487124,0.014161200020978537,0.005875351168416421,-0.008170149728061626,0.008170149728061626,Habitat,CANASTA_EVIDENCIA
2025-12-04,2025-11-28,24.9228243,25.3227481,25.18620393163352,0.016046487957626754,0.010567808385726352,-0.0053921544307616864,0.0053921544307616864,Habitat,CANASTA_EVIDENCIA
2025-12-05,2025-11-28,24.9228243,25.4056928,25.18635765947084,0.019374549777651184,0.01057397654048553,-0.008633306804731622,0.008633306804731622,Habitat,CANASTA_EVIDENCIA
2025-12-08,2025-12-03,25.2757614,25.3695303,25.357566679622206,0.0037098348301389805,0.003236510992788766,-0.0004715743743113343,0.0004715743743113343,Habitat,CANASTA_EVIDENCIA
2025-12-09,2025-12-04,25.3227481,25.5035934,25.35425808278897,0.0071416143021223455,0.0012443350407522757,-0.005855461811551166,0.005855461811551166,Habitat,CANASTA_EVIDENCIA
2025-12-10,2025-12-05,25.4056928,25.706447000000004,25.520501537936592,0.011838063317840541,0.004519016223662797,-0.007233417440512535,0.007233417440512535,Habitat,CANASTA_EVIDENCIA
2025-12-11,2025-12-05,25.4056928,25.7982052,25.504355731560732,0.015449781397026241,0.0038834969916952122,-0.011390306657428573,0.011390306657428573,Habitat,CANASTA_EVIDENCIA
2025-12-12,2025-12-05,25.4056928,25.605768200000004,25.519093811894155,0.007875219210711881,0.004463606357318239,-0.003384955586134275,0.003384955586134275,Habitat,CANASTA_EVIDENCIA
2025-12-15,2025-12-10,25.706447000000004,25.563125,25.67601712702642,-0.005575332911623487,-0.0011837448004224926,0.004416209951890515,0.004416209951890515,Habitat,CANASTA_EVIDENCIA
2025-12-16,2025-12-11,25.7982052,25.7123733,25.77155333222366,-0.0033270492786064976,-0.0010330899986926712,0.0023016168726697206,0.0023016168726697206,Habitat,CANASTA_EVIDENCIA
2025-12-17,2025-12-12,25.605768200000004,25.4973774,25.5576901197948,-0.00423306183018568,-0.0018776269405268442,0.002365447977202395,0.002365447977202395,Habitat,CANASTA_EVIDENCIA
2025-12-18,2025-12-12,25.605768200000004,25.6848179,25.615235085156193,0.003087183301143659,0.00036971689668696683,-0.0027091029072005,0.0027091029072005,Habitat,CANASTA_EVIDENCIA
2025-12-19,2025-12-12,25.605768200000004,25.9936386,25.797817120365405,0.015147774398738711,0.007500220999633989,-0.007533438571181605,0.007533438571181605,Habitat,CANASTA_EVIDENCIA
2025-12-22,2025-12-17,25.4973774,26.3145885,25.89666293918399,0.0320507904471774,0.015659867009851336,-0.015881896113101313,0.015881896113101313,Habitat,CANASTA_EVIDENCIA
2025-12-23,2025-12-18,25.6848179,26.476217,26.080659817506515,0.030811941244091923,0.01541151348814962,-0.014940094443759988,0.014940094443759988,Habitat,CANASTA_EVIDENCIA
2025-12-24,2025-12-19,25.9936386,26.5181252,26.224919792147446,0.020177498351461987,0.008897607437976962,-0.011056792501023205,0.011056792501023205,Habitat,CANASTA_EVIDENCIA
2025-12-26,2025-12-19,25.9936386,26.7298332,26.33106668143073,0.02832210647108102,0.01298117922708708,-0.014918406545435192,0.014918406545435192,Habitat,CANASTA_EVIDENCIA
2025-12-29,2025-12-24,26.5181252,26.4690296,26.537027828925105,-0.0018513978507047613,0.0007128192050736004,0.0025689732473270777,0.0025689732473270777,Habitat,CANASTA_EVIDENCIA
2025-12-30,2025-12-24,26.5181252,26.5973696,26.644365676245712,0.0029883108026054206,0.004760535493878448,0.0017669445119006255,0.0017669445119006255,Habitat,CANASTA_EVIDENCIA
2025-12-31,2025-12-26,26.7298332,26.5003785,26.716786537103715,-0.00858421742788884,-0.00048809368912505757,0.008166224384444698,0.008166224384444698,Habitat,CANASTA_EVIDENCIA
2026-01-02,2025-12-26,26.7298332,26.862067000000003,26.81911894982029,0.004947049201938114,0.0033403032915404474,-0.001598836388119862,0.001598836388119862,Habitat,CANASTA_EVIDENCIA
2026-01-05,2025-12-31,26.5003785,27.2684942,26.83503437472195,0.028985084118704263,0.012628343203548997,-0.015895994186508777,0.015895994186508777,Habitat,CANASTA_EVIDENCIA
2026-01-06,2025-12-31,26.5003785,27.7736158,27.0779007130785,0.048046004324051594,0.02179297979002448,-0.025049496325267873,0.025049496325267873,Habitat,CANASTA_EVIDENCIA
2026-01-07,2026-01-02,26.862067000000003,27.7565226,27.338827930834942,0.03329809280871787,0.017748482677633737,-0.015048523015093296,0.015048523015093296,Habitat,CANASTA_EVIDENCIA
2026-01-08,2026-01-02,26.862067000000003,27.707101400000003,27.452500957071063,0.03145827906690868,0.02198021310389331,-0.009188995963646307,0.009188995963646307,Habitat,CANASTA_EVIDENCIA
2026-01-09,2026-01-02,26.862067000000003,27.9908552,27.60649418787694,0.042021643382841534,0.027712952539241886,-0.013731663765780833,0.013731663765780833,Habitat,CANASTA_EVIDENCIA
2026-01-12,2026-01-07,27.7565226,28.333933,28.197525301179553,0.02080269233725973,0.015888254718894546,-0.004814287477154844,0.004814287477154844,Habitat,CANASTA_EVIDENCIA
2026-01-13,2026-01-08,27.707101400000003,28.4390516,28.10299838839712,0.02641742235800959,0.014288646895308732,-0.01181661105755305,0.01181661105755305,Habitat,CANASTA_EVIDENCIA
2026-01-14,2026-01-09,27.9908552,28.5460392,28.323544043080865,0.01983447794049531,0.011885626241275649,-0.007794256686900813,0.007794256686900813,Habitat,CANASTA_EVIDENCIA
2026-01-15,2026-01-09,27.9908552,28.7569735,28.366450739637706,0.0273703069994089,0.013418508900639337,-0.01358010641705032,0.01358010641705032,Habitat,CANASTA_EVIDENCIA
2026-01-16,2026-01-09,27.9908552,28.8321339,28.39676993015119,0.030055483978210118,0.014501690900504904,-0.015099956574799678,0.015099956574799678,Habitat,CANASTA_EVIDENCIA
2026-01-19,2026-01-14,28.5460392,28.8526907,28.62971531274755,0.01074234845161981,0.002931268753654237,-0.00772806216137234,0.00772806216137234,Habitat,CANASTA_EVIDENCIA
2026-01-20,2026-01-15,28.7569735,29.0239506,28.791943560393662,0.009283908127536433,0.0012160549646735852,-0.007993640934819468,0.007993640934819468,Habitat,CANASTA_EVIDENCIA
2026-01-21,2026-01-16,28.8321339,29.2532086,28.864344759454518,0.014604354345066461,0.0011171861079113388,-0.013293032086247214,0.013293032086247214,Habitat,CANASTA_EVIDENCIA
2026-01-22,2026-01-16,28.8321339,29.3576996,28.935559999768568,0.01822847042202458,0.0035871815845225363,-0.01437917840917724,0.01437917840917724,Habitat,CANASTA_EVIDENCIA
2026-01-23,2026-01-16,28.8321339,29.5645201,29.168014239761604,0.025401734139421484,0.011649513730983552,-0.01341154393500188,0.01341154393500188,Habitat,CANASTA_EVIDENCIA
2026-01-26,2026-01-21,29.2532086,29.9584229,29.727250613995935,0.024107246136411797,0.016204786985176467,-0.007716437102704199,0.007716437102704199,Habitat,CANASTA_EVIDENCIA
2026-01-27,2026-01-22,29.3576996,30.1935733,29.927676827667977,0.02847204349757715,0.019414914500589076,-0.00880639299264474,0.00880639299264474,Habitat,CANASTA_EVIDENCIA
2026-01-28,2026-01-23,29.5645201,30.4335212,29.97617065075754,0.02939337750319182,0.01392380290176054,-0.01502785518103189,0.01502785518103189,Habitat,CANASTA_EVIDENCIA
2026-01-29,2026-01-23,29.5645201,30.3932487,29.956935533890444,0.02803118728790066,0.013273188016011295,-0.014355594902546787,0.014355594902546787,Habitat,CANASTA_EVIDENCIA
2026-01-30,2026-01-23,29.5645201,29.3228487,29.56221842251553,-0.0081743724972555,-7.785269223659075e-05,0.008163249245136672,0.008163249245136672,Habitat,CANASTA_EVIDENCIA
2026-02-02,2026-01-28,30.4335212,29.2866217,30.03588699886166,-0.037685402634250575,-0.013065665274984428,0.025583876028338892,0.025583876028338892,Habitat,CANASTA_EVIDENCIA
2026-02-03,2026-01-29,30.3932487,29.7207278,30.25907310025451,-0.022127312109284425,-0.004414651459930585,0.01811346289623872,0.01811346289623872,Habitat,CANASTA_EVIDENCIA
2026-02-04,2026-01-30,29.3228487,29.4272448,29.431203954166634,0.003560230490156968,0.0036952499150135765,0.000134540429916008,0.000134540429916008,Habitat,CANASTA_EVIDENCIA
2026-02-05,2026-01-30,29.3228487,29.0368662,29.266923120044666,-0.009752889390995723,-0.0019072355666226448,0.007922925237871192,0.007922925237871192,Habitat,CANASTA_EVIDENCIA
2026-02-06,2026-01-30,29.3228487,29.651843600000003,29.468371806942493,0.011219745508559642,0.0049627888624099725,-0.006187534088352931,0.006187534088352931,Habitat,CANASTA_EVIDENCIA
2026-02-09,2026-02-04,29.4272448,30.1772039,29.69293534298104,0.02548519595011478,0.009028726433167211,-0.016047495938447676,0.016047495938447676,Habitat,CANASTA_EVIDENCIA
2026-02-10,2026-02-05,29.0368662,30.1023191,29.402376347241564,0.03669310912070811,0.012587795966823911,-0.023252120556998435,0.023252120556998435,Habitat,CANASTA_EVIDENCIA
2026-02-11,2026-02-06,29.651843600000003,30.3085545,29.819398108043497,0.022147388501671417,0.0056507281740652004,-0.01613921877919,0.01613921877919,Habitat,CANASTA_EVIDENCIA
2026-02-12,2026-02-06,29.651843600000003,29.687386,29.598795781015294,0.0011986573408202528,-0.0017890226220101946,-0.0029841030458089834,0.0029841030458089834,Habitat,CANASTA_EVIDENCIA
2026-02-13,2026-02-06,29.651843600000003,29.8561671,29.55696435797127,0.006890751980089371,-0.0031997754779986565,-0.010021471980196983,0.010021471980196983,Habitat,CANASTA_EVIDENCIA
2026-02-16,2026-02-11,30.3085545,29.7873136,30.056665775106893,-0.017197814564201663,-0.008310812872752038,0.009042513155899101,0.009042513155899101,Habitat,CANASTA_EVIDENCIA
2026-02-17,2026-02-12,29.687386,29.5303976,29.545709266565428,-0.00528805062190385,-0.004772287241273876,0.0005185052627068032,0.0005185052627068032,Habitat,CANASTA_EVIDENCIA
2026-02-18,2026-02-13,29.8561671,29.7768293,29.91643268637001,-0.0026573337339071967,0.0020185305825812794,0.004688322754700103,0.004688322754700103,Habitat,CANASTA_EVIDENCIA
2026-02-19,2026-02-13,29.8561671,29.8572732,30.00762131355161,3.704762223155633e-05,0.005072794945323311,0.005035560767538749,0.005035560767538749,Habitat,CANASTA_EVIDENCIA
2026-02-20,2026-02-13,29.8561671,30.1816002,30.177039620433572,0.010900029428090763,0.010747277751991469,-0.00015110463117284922,0.00015110463117284922,Habitat,CANASTA_EVIDENCIA
2026-02-23,2026-02-18,29.7768293,30.3450369,30.09314540674835,0.01908220631133495,0.010622894182637177,-0.008300912405601713,0.008300912405601713,Habitat,CANASTA_EVIDENCIA
2026-02-24,2026-02-19,29.8572732,30.5425954,30.195819601494282,0.022953274915942457,0.011338825190984947,-0.011353841871137083,0.011353841871137083,Habitat,CANASTA_EVIDENCIA
2026-02-25,2026-02-20,30.1816002,30.7773777,30.423761258976533,0.01973975853009935,0.008023466528343182,-0.011489492200092988,0.011489492200092988,Habitat,CANASTA_EVIDENCIA
2026-02-26,2026-02-20,30.1816002,30.7911694,30.4087074156276,0.020196715746039207,0.007524691007854578,-0.012421158138034238,0.012421158138034238,Habitat,CANASTA_EVIDENCIA
2026-02-27,2026-02-20,30.1816002,30.9593428,30.444837059414585,0.025768766229963047,0.00872176616449205,-0.016618755246491146,0.016618755246491146,Habitat,CANASTA_EVIDENCIA
2026-03-02,2026-02-25,30.7773777,31.0085295,30.878244815928912,0.007510444920068693,0.0032773135161840994,-0.004201575701004767,0.004201575701004767,Habitat,CANASTA_EVIDENCIA
2026-03-03,2026-02-26,30.7911694,29.9283997,30.505915084883288,-0.0280200368096446,-0.009264159844371234,0.019296567496834394,0.019296567496834394,Habitat,CANASTA_EVIDENCIA
2026-03-04,2026-02-27,30.9593428,30.1005378,30.722339162264053,-0.02773976842945125,-0.007655318760059315,0.020657483477389826,0.020657483477389826,Habitat,CANASTA_EVIDENCIA
2026-03-05,2026-02-27,30.9593428,29.5524629,30.51488529209083,-0.045442821867652916,-0.014356167402531872,0.03256657136657237,0.03256657136657237,Habitat,CANASTA_EVIDENCIA
2026-03-06,2026-02-27,30.9593428,29.3830914,30.374762157383646,-0.05091359368261528,-0.01888220452200151,0.03374970808495825,0.03374970808495825,Habitat,CANASTA_EVIDENCIA
2026-03-09,2026-03-04,30.1005378,29.5207059,29.751393998956893,-0.019263174095181856,-0.011599254583521401,0.00781445063469488,0.00781445063469488,Habitat,CANASTA_EVIDENCIA
2026-03-10,2026-03-05,29.5524629,29.6260665,29.652198978210965,0.002490607982456927,0.0033748821053749545,0.0008820772143667277,0.0008820772143667277,Habitat,CANASTA_EVIDENCIA
2026-03-11,2026-03-06,29.3830914,29.5845643,29.51934940434129,0.006856763206338323,0.0046372930093152576,-0.002204355453654938,0.002204355453654938,Habitat,CANASTA_EVIDENCIA
2026-03-12,2026-03-06,29.3830914,29.0239145,29.244521510730877,-0.01222393161803259,-0.004715973802168594,0.007600870335077614,0.007600870335077614,Habitat,CANASTA_EVIDENCIA
2026-03-13,2026-03-06,29.3830914,28.6489549,29.226064429301776,-0.024984998685332438,-0.0053441269524903134,0.020144173891026407,0.020144173891026407,Habitat,CANASTA_EVIDENCIA
2026-03-16,2026-03-11,29.5845643,28.8927697,29.396396107919927,-0.02338363320091219,-0.006360350288480476,0.01743088022190986,0.01743088022190986,Habitat,CANASTA_EVIDENCIA
2026-03-17,2026-03-12,29.0239145,28.966760800000003,29.186316249335178,-0.0019691933698329223,0.005595446104803559,0.007579565103985386,0.007579565103985386,Habitat,CANASTA_EVIDENCIA
2026-03-18,2026-03-13,28.6489549,28.489852,28.535465079124496,-0.005553532425715102,-0.003961394796830886,0.0016010289953243273,0.0016010289953243273,Habitat,CANASTA_EVIDENCIA
2026-03-19,2026-03-13,28.6489549,28.0510199,28.360787818928387,-0.02087109292772138,-0.010058554738819225,0.011043018044715858,0.011043018044715858,Habitat,CANASTA_EVIDENCIA
2026-03-20,2026-03-13,28.6489549,27.4167579,28.26050923530682,-0.04301019022512409,-0.013558807504464254,0.03077502228324458,0.03077502228324458,Habitat,CANASTA_EVIDENCIA
2026-03-23,2026-03-18,28.489852,28.0239967,28.441642066496794,-0.016351622325029846,-0.0016921791486739224,0.014903133588250572,0.014903133588250572,Habitat,CANASTA_EVIDENCIA
2026-03-24,2026-03-19,28.0510199,28.0713478,28.181487761031523,0.0007246759680208381,0.0046510915288153765,0.003923572242281903,0.003923572242281903,Habitat,CANASTA_EVIDENCIA
2026-03-25,2026-03-20,27.4167579,28.4611957,27.85793682201195,0.03809486897792547,0.016091578866513245,-0.021195837460477818,0.021195837460477818,Habitat,CANASTA_EVIDENCIA
2026-03-26,2026-03-20,27.4167579,28.0011252,27.695755584015,0.02131423788806197,0.010176173456855064,-0.010905619463642102,0.010905619463642102,Habitat,CANASTA_EVIDENCIA
2026-03-27,2026-03-20,27.4167579,27.9860939,27.628411888353313,0.020765985609115356,0.007719876621637756,-0.012780705050328134,0.012780705050328134,Habitat,CANASTA_EVIDENCIA
2026-03-30,2026-03-25,28.4611957,27.8711509,28.126082326378214,-0.020731553453321783,-0.011774395466518928,0.00914678504999289,0.00914678504999289,Habitat,CANASTA_EVIDENCIA
2026-03-31,2026-03-26,28.0011252,28.5875221,28.165740850891588,0.02094190486316605,0.005878894141424951,-0.014754033162895697,0.014754033162895697,Habitat,CANASTA_EVIDENCIA
2026-04-01,2026-03-27,27.9860939,29.0838712,28.384251093209105,0.03922581350304122,0.01422696552908742,-0.024055260800044276,0.024055260800044276,Habitat,CANASTA_EVIDENCIA
2026-04-02,2026-03-27,27.9860939,28.9279356,28.33638161090353,0.03365391766944659,0.012516491660293116,-0.020449229328914575,0.020449229328914575,Habitat,CANASTA_EVIDENCIA
2026-04-03,2026-03-27,27.9860939,28.912731800000003,28.359739729768698,0.033110655002840605,0.013351124708714579,-0.019126247704871147,0.019126247704871147,Habitat,CANASTA_EVIDENCIA
2026-04-06,2026-04-01,29.0838712,28.9092923,29.15608577183795,-0.006002601881966774,0.002482976607252718,0.008536821630806601,0.008536821630806601,Habitat,CANASTA_EVIDENCIA
2026-04-07,2026-04-02,28.9279356,28.9130988,29.045394615451897,-0.0005128883099422277,0.0040604008898545985,0.0045756359900066546,0.0045756359900066546,Habitat,CANASTA_EVIDENCIA
2026-04-08,2026-04-03,28.912731800000003,29.7851231,29.362537843102352,0.030173257443628865,0.015557369196858462,-0.014187796218899873,0.014187796218899873,Habitat,CANASTA_EVIDENCIA
2026-04-09,2026-04-03,28.912731800000003,29.943643,29.39983272809866,0.035655959704229634,0.01684728137998559,-0.018161125949215373,0.018161125949215373,Habitat,CANASTA_EVIDENCIA
2026-04-10,2026-04-03,28.912731800000003,30.0598868,29.426314066139685,0.039676465300314545,0.017763187155482862,-0.02107701662603456,0.02107701662603456,Habitat,CANASTA_EVIDENCIA
2026-04-13,2026-04-08,29.7851231,30.2170529,30.040960678027314,0.014501528113543438,0.008589441687663069,-0.005827577644829995,0.005827577644829995,Habitat,CANASTA_EVIDENCIA
2026-04-14,2026-04-09,29.943643,30.3696085,30.02517334725918,0.01422557368854549,0.0027227931905005054,-0.011341441979432099,0.011341441979432099,Habitat,CANASTA_EVIDENCIA
2026-04-15,2026-04-10,30.0598868,30.1080085,29.92073443288395,0.0016008609852782296,-0.004629171361884565,-0.0062200748719746235,0.0062200748719746235,Habitat,CANASTA_EVIDENCIA
2026-04-16,2026-04-10,30.0598868,30.503820500000003,30.185705469049644,0.014768309107538125,0.004185600228196584,-0.010428694692533935,0.010428694692533935,Habitat,CANASTA_EVIDENCIA
2026-04-17,2026-04-10,30.0598868,30.6830162,30.047642640792255,0.02072959902164362,-0.00040732552618083506,-0.020707662997216936,0.020707662997216936,Habitat,CANASTA_EVIDENCIA
2026-04-20,2026-04-15,30.1080085,30.595337,30.23037398303659,0.0161860091144852,0.004064217101459544,-0.011928713743647013,0.011928713743647013,Habitat,CANASTA_EVIDENCIA
2026-04-21,2026-04-16,30.503820500000003,30.117365,30.28130870218967,-0.012669085172462347,-0.007294555047959839,0.005443494216365474,0.005443494216365474,Habitat,CANASTA_EVIDENCIA
2026-04-22,2026-04-17,30.6830162,30.4407091,30.80473902633618,-0.007897108238009598,0.003967107586254182,0.011958654614132591,0.011958654614132591,Habitat,CANASTA_EVIDENCIA
2026-04-23,2026-04-17,30.6830162,30.331460900000003,30.750515128780673,-0.01145765128527354,0.002199879188561349,0.013815827406475911,0.013815827406475911,Habitat,CANASTA_EVIDENCIA
2026-04-24,2026-04-17,30.6830162,30.7603724,30.880747513274287,0.0025211406693452787,0.006444324507910881,0.00391331781387283,0.00391331781387283,Habitat,CANASTA_EVIDENCIA
2026-04-27,2026-04-22,30.4407091,30.8025926,30.48361106882902,0.011888142907945598,0.0014093616770911588,-0.010355671527823906,0.010355671527823906,Habitat,CANASTA_EVIDENCIA
2026-04-28,2026-04-23,30.331460900000003,30.3385472,30.32598408330499,0.0002336287072806087,-0.00018056554259182622,-0.0004140975048076978,0.0004140975048076978,Habitat,CANASTA_EVIDENCIA
2026-04-29,2026-04-24,30.7603724,30.2184508,30.562180095600663,-0.017617524032316423,-0.006443104843533609,0.011374815270168037,0.011374815270168037,Habitat,CANASTA_EVIDENCIA
2026-04-30,2026-04-24,30.7603724,30.7231268,30.6957206677752,-0.001210830594495782,-0.002101786395303895,-0.000892035905173616,0.000892035905173616,Habitat,CANASTA_EVIDENCIA
2026-05-01,2026-04-24,30.7603724,30.7377664,30.687759657257107,-0.0007349065773989416,-0.0023605937470020377,-0.0016268827764561733,0.0016268827764561733,Habitat,CANASTA_EVIDENCIA
2026-05-04,2026-04-29,30.2184508,30.6126502,30.39450150390349,0.013044990380512766,0.005825934131060473,-0.007126096390586589,0.007126096390586589,Habitat,CANASTA_EVIDENCIA
2026-05-05,2026-04-30,30.7231268,30.9299424,30.849404670617155,0.006731593478304543,0.00411018941656538,-0.0026038758281957675,0.0026038758281957675,Habitat,CANASTA_EVIDENCIA
2026-05-06,2026-05-01,30.7377664,31.6791471,31.041922331446788,0.030626190847751422,0.009895186510584741,-0.02011495974123667,0.02011495974123667,Habitat,CANASTA_EVIDENCIA
2026-05-07,2026-05-01,30.7377664,31.431747,31.17534506835857,0.022577457026936143,0.014235864202500004,-0.008157419046463832,0.008157419046463832,Habitat,CANASTA_EVIDENCIA
2026-05-08,2026-05-01,30.7377664,31.9145516,31.281245625430614,0.038284668595828686,0.017681155434593032,-0.01984379985991669,0.01984379985991669,Habitat,CANASTA_EVIDENCIA
2026-05-11,2026-05-06,31.6791471,32.2546052,32.09011981407601,0.01816520180241854,0.012972972813274142,-0.00509959383796732,0.00509959383796732,Habitat,CANASTA_EVIDENCIA
2026-05-12,2026-05-07,31.431747,32.0105717,31.7590264006972,0.01841528884792809,0.010412383400044467,-0.007858194525866669,0.007858194525866669,Habitat,CANASTA_EVIDENCIA
2026-05-13,2026-05-08,31.9145516,32.2090019,32.25050318702285,0.009226208272968384,0.01052659586866489,0.0012884996297526374,0.0012884996297526374,Habitat,CANASTA_EVIDENCIA
2026-05-14,2026-05-08,31.9145516,32.2617824,32.315952529695984,0.010880014996043519,0.01257736391621389,0.0016790804991599906,0.0016790804991599906,Habitat,CANASTA_EVIDENCIA
2026-05-15,2026-05-08,31.9145516,31.4135285,32.072045675664896,-0.015698892037699697,0.004934867255502962,0.02096285285700694,0.02096285285700694,Habitat,CANASTA_EVIDENCIA
2026-05-18,2026-05-13,32.2090019,31.1928859,32.0512853702042,-0.03154757800799768,-0.004896659955048066,0.027519078323054336,0.027519078323054336,Habitat,CANASTA_EVIDENCIA
2026-05-19,2026-05-14,32.2617824,30.953379100000003,31.927345711132553,-0.040555828062370125,-0.010366342588295718,0.031465598892644,0.031465598892644,Habitat,CANASTA_EVIDENCIA
2026-05-20,2026-05-15,31.4135285,31.3896738,31.37287342277358,-0.0007593766488218634,-0.0012941900884015922,-0.000535219873053272,0.000535219873053272,Habitat,CANASTA_EVIDENCIA
2026-05-21,2026-05-15,31.4135285,31.6185381,31.567912724197924,0.006526156397871574,0.004914577622119776,-0.0016011295538699288,0.0016011295538699288,Habitat,CANASTA_EVIDENCIA
2026-05-22,2026-05-15,31.4135285,31.7575942,31.591071969526723,0.010952787427238597,0.005651815571330099,-0.005243540471755126,0.005243540471755126,Habitat,CANASTA_EVIDENCIA
2026-05-25,2026-05-20,31.3896738,31.7909107,31.657848609360407,0.012782448857432849,0.00854340860848346,-0.004185538813129774,0.004185538813129774,Habitat,CANASTA_EVIDENCIA
2026-05-26,2026-05-21,31.6185381,32.6290876,31.89692088050043,0.03196066487337057,0.008804416561575046,-0.022439080383588994,0.022439080383588994,Habitat,CANASTA_EVIDENCIA
2026-05-27,2026-05-22,31.7575942,32.455315,31.937707083485186,0.021970203271883815,0.005671490174944838,-0.01594832515151412,0.01594832515151412,Habitat,CANASTA_EVIDENCIA
2026-05-28,2026-05-22,31.7575942,32.5996811,31.998859732984915,0.02651607973503234,0.007597097294760324,-0.01843028357154952,0.01843028357154952,Habitat,CANASTA_EVIDENCIA
2026-05-29,2026-05-22,31.7575942,32.7664958,32.08228056800908,0.03176882964264349,0.010223896872171734,-0.020881550354582612,0.020881550354582612,Habitat,CANASTA_EVIDENCIA
2026-06-22,2026-05-29,32.7664958,34.2627474,33.1028692154921,0.04566407128588956,0.01026577323206146,-0.03385245704224826,0.03385245704224826,Habitat,CANASTA_EVIDENCIA
2026-06-23,2026-05-29,32.7664958,33.2654714,32.73632524142131,0.01522822590018924,-0.000920774646237521,-0.015906768679631256,0.015906768679631256,Habitat,CANASTA_EVIDENCIA
2026-06-24,2026-05-29,32.7664958,33.0983887,32.65450699148931,0.010129032473469524,-0.0034177841046610924,-0.013410976363048333,0.013410976363048333,Habitat,CANASTA_EVIDENCIA
2026-06-25,2026-05-29,32.7664958,33.4136279,32.748044651537256,0.019749811024955655,-0.0005631102140237765,-0.01991951459011565,0.01991951459011565,Habitat,CANASTA_EVIDENCIA
2026-06-26,2026-05-29,32.7664958,33.1006036,32.70862950805729,0.010196628960244203,-0.0017660201535102393,-0.011841901636582497,0.011841901636582497,Habitat,CANASTA_EVIDENCIA
2026-06-29,2026-06-24,33.0983887,33.1735992,33.18521535997657,0.0022723311603383145,0.002623289633932213,0.0003501627877799951,0.0003501627877799951,Habitat,CANASTA_EVIDENCIA
2026-06-30,2026-06-25,33.4136279,33.5370629,33.51920521266243,0.0036941513914448,0.0031597081579526343,-0.0005324761858491733,0.0005324761858491733,Habitat,CANASTA_EVIDENCIA
2024-02-26,2024-02-21,21.7439387,21.9302475,21.844272376256296,0.008568309659555684,0.004614328509686905,-0.003920390034070742,0.003920390034070742,Habitat,CANASTA_PODADA
2024-02-27,2024-02-22,21.8170406,21.923793,21.83854335886906,0.00489307426966068,0.000985594667182399,-0.0038884531126042177,0.0038884531126042177,Habitat,CANASTA_PODADA
2024-02-28,2024-02-23,21.8881726,21.862389800000003,21.863848248706596,-0.00117793296275448,-0.0011113011459624733,6.671039716765748e-05,6.671039716765748e-05,Habitat,CANASTA_PODADA
2024-02-29,2024-02-23,21.8881726,21.8716474,21.9236084268833,-0.0007549830815936076,0.001618948622659211,0.0023757253366885056,0.0023757253366885056,Habitat,CANASTA_PODADA
2024-03-01,2024-02-23,21.8881726,21.9215492,21.96945281887823,0.001524869188942679,0.0037134310096873513,0.0021852296314091024,0.0021852296314091024,Habitat,CANASTA_PODADA
2024-03-04,2024-02-28,21.862389800000003,21.9957217,22.004613276303736,0.006098688259597251,0.006505394771789019,0.00040424117130632986,0.00040424117130632986,Habitat,CANASTA_PODADA
2024-03-05,2024-02-29,21.8716474,21.8918414,21.92779292975404,0.0009232957916101014,0.0025670462186602183,0.0016422341591622036,0.0016422341591622036,Habitat,CANASTA_PODADA
2024-03-06,2024-03-01,21.9215492,21.9385361,21.991915061544855,0.0007748950516690556,0.003209894560957993,0.0024331141012117197,0.0024331141012117197,Habitat,CANASTA_PODADA
2024-03-07,2024-03-01,21.9215492,21.9670167,22.07210257159763,0.0020741006753299818,0.0068678253632561415,0.004783802599723552,0.004783802599723552,Habitat,CANASTA_PODADA
2024-03-08,2024-03-01,21.9215492,21.8544775,22.120685407330257,-0.0030596240889763093,0.009084038975231579,0.012180932137602296,0.012180932137602296,Habitat,CANASTA_PODADA
2024-03-11,2024-03-06,21.9385361,21.8320377,22.088073984338813,-0.00485439864877768,0.006816219808705171,0.011727548653821307,0.011727548653821307,Habitat,CANASTA_PODADA
2024-03-12,2024-03-07,21.9670167,21.8778521,22.06571556749434,-0.004059021815192576,0.004493048320682647,0.008586924650356487,0.008586924650356487,Habitat,CANASTA_PODADA
2024-03-13,2024-03-08,21.8544775,21.9033867,22.055752951473544,0.0022379487224069017,0.009209803870787736,0.0069562873340287545,0.0069562873340287545,Habitat,CANASTA_PODADA
2024-03-14,2024-03-08,21.8544775,21.8943938,22.06244443035438,0.001826458674200726,0.0095159873007431,0.0076755096254081945,0.0076755096254081945,Habitat,CANASTA_PODADA
2024-03-15,2024-03-08,21.8544775,21.8997237,22.120204399243317,0.002070340048166308,0.012158922547716555,0.01006773885660106,0.01006773885660106,Habitat,CANASTA_PODADA
2024-03-18,2024-03-13,21.9033867,22.013175500000003,22.018395639054866,0.005012412075982908,0.005250737734309618,0.00023713702981487117,0.00023713702981487117,Habitat,CANASTA_PODADA
2024-03-19,2024-03-14,21.8943938,21.9206718,21.993115101986724,0.0012002159201138785,0.0045089762652723575,0.003304793878932344,0.003304793878932344,Habitat,CANASTA_PODADA
2024-03-20,2024-03-15,21.8997237,22.0158811,22.049205899099384,0.005304057785898042,0.006825757308499103,0.0015136709245482383,0.0015136709245482383,Habitat,CANASTA_PODADA
2024-03-21,2024-03-15,21.8997237,22.028102,22.111465402428852,0.005862096789833071,0.009668692871629858,0.003784411495318718,0.003784411495318718,Habitat,CANASTA_PODADA
2024-03-22,2024-03-15,21.8997237,22.1037092,22.131094850630983,0.009314523908810823,0.01056502601587539,0.0012389617680539367,0.0012389617680539367,Habitat,CANASTA_PODADA
2024-03-25,2024-03-20,22.0158811,22.073967,22.048333433293795,0.002638363631060736,0.001474041994794062,-0.0011612578158789466,0.0011612578158789466,Habitat,CANASTA_PODADA
2024-03-26,2024-03-21,22.028102,21.890702500000003,21.804843823821223,-0.006237464308091467,-0.010135152641783551,-0.003922152620674524,0.003922152620674524,Habitat,CANASTA_PODADA
2024-03-27,2024-03-22,22.1037092,21.662628800000004,21.90774543719388,-0.019955039944155484,-0.008865650603389175,0.011315184295355607,0.011315184295355607,Habitat,CANASTA_PODADA
2024-03-28,2024-03-22,22.1037092,21.6669967,21.958312416354012,-0.019757430576403112,-0.006577935962258752,0.013445135954352816,0.013445135954352816,Habitat,CANASTA_PODADA
2024-03-29,2024-03-22,22.1037092,21.6698466,21.970485320961206,-0.019628497465031813,-0.006027218229906595,0.013873597100646062,0.013873597100646062,Habitat,CANASTA_PODADA
2024-04-01,2024-03-27,21.662628800000004,21.4612382,21.718376894878382,-0.009296683327741029,0.002573468593912276,0.011981540509549138,0.011981540509549138,Habitat,CANASTA_PODADA
2024-04-02,2024-03-28,21.6669967,21.3454998,21.69235876801415,-0.01483809244314882,0.0011705391552558897,0.016249746844257507,0.016249746844257507,Habitat,CANASTA_PODADA
2024-04-03,2024-03-29,21.6698466,21.3173488,21.739796152810822,-0.016266741823636077,0.0032279671426387324,0.01981706809670536,0.01981706809670536,Habitat,CANASTA_PODADA
2024-04-04,2024-03-29,21.6698466,21.0798805,21.670018356117563,-0.027225208876190066,7.926042151273904e-06,0.027995313166863545,0.027995313166863545,Habitat,CANASTA_PODADA
2024-04-05,2024-03-29,21.6698466,20.6709382,21.60304610112383,-0.04609669918014103,-0.0030826475198106884,0.04509267514155857,0.04509267514155857,Habitat,CANASTA_PODADA
2024-04-08,2024-04-03,21.3173488,20.6578192,21.04392091273295,-0.030938631543149575,-0.012826542823517029,0.018690342334536147,0.018690342334536147,Habitat,CANASTA_PODADA
2024-04-09,2024-04-04,21.0798805,20.6826106,20.945165439185747,-0.01884592751842218,-0.006390693761961996,0.012694472872092133,0.012694472872092133,Habitat,CANASTA_PODADA
2024-04-10,2024-04-05,20.6709382,20.7123279,20.574732302566282,0.0020023135669768877,-0.004654162114118066,-0.00664317396373959,0.00664317396373959,Habitat,CANASTA_PODADA
2024-04-11,2024-04-05,20.6709382,20.6877692,20.67743199960433,0.0008142349339519406,0.00031415117889199706,-0.0004996769006718749,0.0004996769006718749,Habitat,CANASTA_PODADA
2024-04-12,2024-04-05,20.6709382,20.6081078,20.56314120355569,-0.003039552408898416,-0.005214905845168927,-0.00218198569614958,0.00218198569614958,Habitat,CANASTA_PODADA
2024-04-15,2024-04-10,20.7123279,20.5833726,20.637346605179953,-0.006226016728906547,-0.003620128803582978,0.002622213872762069,0.002622213872762069,Habitat,CANASTA_PODADA
2024-04-16,2024-04-11,20.6877692,20.5561275,20.50562785373271,-0.006363262211954823,-0.008804300961907985,-0.002456671192922255,0.002456671192922255,Habitat,CANASTA_PODADA
2024-04-17,2024-04-12,20.6081078,20.5353907,20.51031567754058,-0.003528567528164772,-0.004745322734551083,-0.0012210638125049744,0.0012210638125049744,Habitat,CANASTA_PODADA
2024-04-18,2024-04-12,20.6081078,20.5225202,20.559662452153773,-0.004153103275207015,-0.00235079068473365,0.001809828997209273,0.001809828997209273,Habitat,CANASTA_PODADA
2024-04-19,2024-04-12,20.6081078,20.4411381,20.60059366444569,-0.008102136383428604,-0.00036462035366047196,0.007800718515065919,0.007800718515065919,Habitat,CANASTA_PODADA
2024-04-22,2024-04-17,20.5353907,20.637935,20.68831242250389,0.0049935402495164816,0.0074467403487916695,0.0024410108135282105,0.0024410108135282105,Habitat,CANASTA_PODADA
2024-04-23,2024-04-18,20.5225202,20.8005142,20.65606123912774,0.013545802235341409,0.006507048736038801,-0.006944682207532082,0.006944682207532082,Habitat,CANASTA_PODADA
2024-04-24,2024-04-19,20.4411381,20.9692991,20.615539535389978,0.025838140587680858,0.008531884797059242,-0.016870357131298808,0.016870357131298808,Habitat,CANASTA_PODADA
2024-04-25,2024-04-19,20.4411381,21.1084898,20.636786138970976,0.03264748257828165,0.009571288937721967,-0.022346632350222606,0.022346632350222606,Habitat,CANASTA_PODADA
2024-04-26,2024-04-19,20.4411381,21.167249,20.705410043329767,0.03552203876554216,0.012928435884387746,-0.021818563039072036,0.021818563039072036,Habitat,CANASTA_PODADA
2024-04-29,2024-04-24,20.9692991,21.2173671,21.12323158025595,0.011830056828175062,0.007340850045672198,-0.004436720131219762,0.004436720131219762,Habitat,CANASTA_PODADA
2024-04-30,2024-04-25,21.1084898,21.3106465,21.26100381462404,0.009577032839175326,0.007225245200821462,-0.002329478149616926,0.002329478149616926,Habitat,CANASTA_PODADA
2024-05-01,2024-04-26,21.167249,21.2301747,21.226836031228313,0.0029727859298105397,0.0028150578862804476,-0.00015726054160480896,0.00015726054160480896,Habitat,CANASTA_PODADA
2024-05-02,2024-04-26,21.167249,21.248094700000003,21.325238403315645,0.0038193768117906757,0.007463860954044721,0.00363061744616755,0.00363061744616755,Habitat,CANASTA_PODADA
2024-05-03,2024-04-26,21.167249,21.3548087,21.366636445549535,0.008860844411099356,0.009419620166490894,0.0005538680170680266,0.0005538680170680266,Habitat,CANASTA_PODADA
2024-05-06,2024-05-01,21.2301747,21.479145000000003,21.421223027994817,0.01172719035609271,0.008998905128878576,-0.0026966609706851052,0.0026966609706851052,Habitat,CANASTA_PODADA
2024-05-07,2024-05-02,21.248094700000003,21.3894996,21.336728102709493,0.006654944925485351,0.004171357665752939,-0.002467168389975183,0.002467168389975183,Habitat,CANASTA_PODADA
2024-05-08,2024-05-03,21.3548087,21.4624039,21.386609556122604,0.005038453001922738,0.0014891660501086257,-0.0035314936868464653,0.0035314936868464653,Habitat,CANASTA_PODADA
2024-05-09,2024-05-03,21.3548087,21.4558401,21.509013005627263,0.0047310842920358365,0.007221057692137656,0.0024782485970924473,0.0024782485970924473,Habitat,CANASTA_PODADA
2024-05-10,2024-05-03,21.3548087,21.6248432,21.546767973074985,0.012645137860682443,0.008989042035997485,-0.0036104412967497,0.0036104412967497,Habitat,CANASTA_PODADA
2024-05-13,2024-05-08,21.4624039,21.6476863,21.622638155254315,0.008632881985787266,0.007465811192487681,-0.0011570818423068951,0.0011570818423068951,Habitat,CANASTA_PODADA
2024-05-14,2024-05-09,21.4558401,21.7472039,21.599879985040495,0.013579696653313489,0.006713318349184316,-0.006774384221389651,0.006774384221389651,Habitat,CANASTA_PODADA
2024-05-15,2024-05-10,21.6248432,21.8948901,21.774069007144313,0.012487808466514094,0.006900665395081829,-0.005518232441627524,0.005518232441627524,Habitat,CANASTA_PODADA
2024-05-16,2024-05-10,21.6248432,21.9665086,21.739727012034862,0.015799670630675333,0.005312584742110937,-0.010323970554207196,0.010323970554207196,Habitat,CANASTA_PODADA
2024-05-17,2024-05-10,21.6248432,22.0773396,21.846754207522334,0.02092484074057932,0.010261855102021489,-0.010444437448326571,0.010444437448326571,Habitat,CANASTA_PODADA
2024-05-20,2024-05-15,21.8948901,22.1264465,22.060745037321848,0.010575819241038342,0.007575052286827644,-0.002969363502546729,0.002969363502546729,Habitat,CANASTA_PODADA
2024-05-21,2024-05-16,21.9665086,22.1639021,22.188874526637875,0.00898611170279473,0.010122952658843332,0.0011267161587884544,0.0011267161587884544,Habitat,CANASTA_PODADA
2024-05-22,2024-05-17,22.0773396,22.1048945,22.042847360141845,0.0012481078109611854,-0.0015623367889016082,-0.002806941234582916,0.002806941234582916,Habitat,CANASTA_PODADA
2024-05-23,2024-05-17,22.0773396,22.1318845,21.99258271838914,0.002470628299797717,-0.003839089453099631,-0.006294167205276202,0.006294167205276202,Habitat,CANASTA_PODADA
2024-05-24,2024-05-17,22.0773396,22.163665700000003,22.016462768682402,0.003910167690676092,-0.002757435108603268,-0.006641632900896921,0.006641632900896921,Habitat,CANASTA_PODADA
2024-05-27,2024-05-22,22.1048945,22.1675638,22.094346123633894,0.002835087043731477,-0.00047719641304355687,-0.0033029193927979206,0.0033029193927979206,Habitat,CANASTA_PODADA
2024-05-28,2024-05-23,22.1318845,22.2637357,22.243548615099165,0.005957522505595891,0.005045395709487144,-0.0009067249617429329,0.0009067249617429329,Habitat,CANASTA_PODADA
2024-05-29,2024-05-24,22.163665700000003,22.2060943,22.19604197851251,0.0019143313463709788,0.001460781756535301,-0.0004526830045700203,0.0004526830045700203,Habitat,CANASTA_PODADA
2024-05-30,2024-05-24,22.163665700000003,22.1653537,22.144737334527683,7.616068672233745e-05,-0.0008540268441388221,-0.0009301166925352877,0.0009301166925352877,Habitat,CANASTA_PODADA
2024-05-31,2024-05-24,22.163665700000003,22.0537522,22.189803353138394,-0.004959175142223882,0.0011793019030417184,0.006169070546570898,0.006169070546570898,Habitat,CANASTA_PODADA
2024-06-03,2024-05-29,22.2060943,22.0419198,22.145526242255237,-0.007393218176147354,-0.0027275421299441938,0.004700427330982304,0.004700427330982304,Habitat,CANASTA_PODADA
2024-06-04,2024-05-30,22.1653537,21.9317111,22.03042804059395,-0.010540892022850912,-0.006087232409291543,0.004501105278281292,0.004501105278281292,Habitat,CANASTA_PODADA
2024-06-05,2024-05-31,22.0537522,21.990269400000003,21.852926617524126,-0.0028785487124498577,-0.009106186586964271,-0.0062456161849421266,0.0062456161849421266,Habitat,CANASTA_PODADA
2024-06-06,2024-05-31,22.0537522,22.0246488,21.857794341617833,-0.0013196575229498242,-0.0088854656842553,-0.007575805630197774,0.007575805630197774,Habitat,CANASTA_PODADA
2024-06-07,2024-05-31,22.0537522,21.8604833,21.801390060503845,-0.008763538206437382,-0.011443047750221758,-0.0027031991326629257,0.0027031991326629257,Habitat,CANASTA_PODADA
2024-06-10,2024-06-05,21.990269400000003,22.0067058,21.9963546395166,0.0007474396834810104,0.0002767241913188556,-0.0004703639235000834,0.0004703639235000834,Habitat,CANASTA_PODADA
2024-06-11,2024-06-06,22.0246488,21.9587226,22.063598301370337,-0.0029932917704458273,0.0017684505085200364,0.004776038355270185,0.004776038355270185,Habitat,CANASTA_PODADA
2024-06-12,2024-06-07,21.8604833,22.1434847,22.054323715848348,0.01294579795497941,0.008867160583240663,-0.004026510974203146,0.004026510974203146,Habitat,CANASTA_PODADA
2024-06-13,2024-06-07,21.8604833,22.0400735,21.974480351040164,0.00821528954943096,0.005214754380117759,-0.002976085763045866,0.002976085763045866,Habitat,CANASTA_PODADA
2024-06-14,2024-06-07,21.8604833,22.046706800000003,22.012009909899678,0.00851872748851834,0.006931530644598283,-0.0015737901544699007,0.0015737901544699007,Habitat,CANASTA_PODADA
2024-06-17,2024-06-12,22.1434847,22.1454433,22.099229775015868,8.845039642757513e-05,-0.001998552873845094,-0.002086818690332226,0.002086818690332226,Habitat,CANASTA_PODADA
2024-06-18,2024-06-13,22.0400735,22.2448669,22.128657188061858,0.009291865564786006,0.004019210192827138,-0.00522411361059405,0.00522411361059405,Habitat,CANASTA_PODADA
2024-06-19,2024-06-14,22.046706800000003,22.2131318,22.107750725446927,0.007548746464029588,0.0027688455242178556,-0.004744089014637409,0.004744089014637409,Habitat,CANASTA_PODADA
2024-06-20,2024-06-14,22.046706800000003,22.1264937,22.130290658398305,0.0036189940168296353,0.003791217398432689,0.00017160235371149746,0.00017160235371149746,Habitat,CANASTA_PODADA
2024-06-21,2024-06-14,22.046706800000003,22.0841702,22.097169355162013,0.0016992741972690073,0.0022888931040716542,0.0005886186822638972,0.0005886186822638972,Habitat,CANASTA_PODADA
2024-06-24,2024-06-19,22.2131318,22.0869729,22.23440717048821,-0.0056794737966665565,0.0009577834714964428,0.006675168713962343,0.006675168713962343,Habitat,CANASTA_PODADA
2024-06-25,2024-06-20,22.1264937,22.0882675,22.11085569089568,-0.0017276212181779327,-0.0007067549570368703,0.0010226329835818504,0.0010226329835818504,Habitat,CANASTA_PODADA
2024-06-26,2024-06-21,22.0841702,22.0673016,22.13376335940905,-0.0007638321860061748,0.002245642872696685,0.003011775549804696,0.003011775549804696,Habitat,CANASTA_PODADA
2024-06-27,2024-06-21,22.0841702,22.0559748,22.109915573796304,-0.0012767244476316053,0.0011657840690026955,0.002445630913411323,0.002445630913411323,Habitat,CANASTA_PODADA
2024-06-28,2024-06-21,22.0841702,22.1397831,22.14187359626954,0.0025182245697417116,0.0026128849645228325,9.442261742576008e-05,9.442261742576008e-05,Habitat,CANASTA_PODADA
2024-07-01,2024-06-26,22.0673016,22.098684400000003,22.076418143725608,0.0014221403490495277,0.0004131245356073787,-0.0010075828891603633,0.0010075828891603633,Habitat,CANASTA_PODADA
2024-07-02,2024-06-27,22.0559748,22.0375809,22.121911422253326,-0.0008339645001772533,0.0029895129483610283,0.003826668754433493,0.003826668754433493,Habitat,CANASTA_PODADA
2024-07-03,2024-06-28,22.1397831,22.1176069,22.295407433703673,-0.0010016448625461694,0.007029171559665093,0.008038868513558617,0.008038868513558617,Habitat,CANASTA_PODADA
2024-07-04,2024-06-28,22.1397831,22.1139385,22.31087532464997,-0.0011673375427060373,0.007727818464941194,0.008905551792593114,0.008905551792593114,Habitat,CANASTA_PODADA
2024-07-05,2024-06-28,22.1397831,22.1739156,22.330435060086067,0.0015416817701345842,0.00861128400512956,0.007058719935150615,0.007058719935150615,Habitat,CANASTA_PODADA
2024-07-08,2024-07-03,22.1176069,22.1630353,22.18223935418685,0.002053947346356111,0.002922217330250776,0.0008664902585275858,0.0008664902585275858,Habitat,CANASTA_PODADA
2024-07-09,2024-07-04,22.1139385,22.1568992,22.179273904663102,0.0019426978147742968,0.0029544897514797164,0.0010098301418954847,0.0010098301418954847,Habitat,CANASTA_PODADA
2024-07-10,2024-07-05,22.1739156,22.2986674,22.249292361784946,0.0056260609199756395,0.00339934376700457,-0.0022142595936048837,0.0022142595936048837,Habitat,CANASTA_PODADA
2024-07-11,2024-07-05,22.1739156,22.1688085,22.259971298005535,-0.00023032016952384549,0.0038809427959369813,0.0041122100903858705,0.0041122100903858705,Habitat,CANASTA_PODADA
2024-07-12,2024-07-05,22.1739156,22.1833059,22.254985767020557,0.0004234840688217556,0.0036561051499879316,0.003231252697126541,0.003231252697126541,Habitat,CANASTA_PODADA
2024-07-15,2024-07-10,22.2986674,22.1713855,22.32963753930453,-0.005708049620938294,0.0013888784808966381,0.007137670277959529,0.007137670277959529,Habitat,CANASTA_PODADA
2024-07-16,2024-07-11,22.1688085,22.1698567,22.265498474847295,4.72826494035683e-05,0.0043615323235479675,0.004314045694634228,0.004314045694634228,Habitat,CANASTA_PODADA
2024-07-17,2024-07-12,22.1833059,21.9834545,22.247880479750677,-0.00900909002927286,0.0029109538515932343,0.012028408899551035,0.012028408899551035,Habitat,CANASTA_PODADA
2024-07-18,2024-07-12,22.1833059,21.9026106,22.121618059298445,-0.012653447654075833,-0.002780822704228081,0.009999148653925483,0.009999148653925483,Habitat,CANASTA_PODADA
2024-07-19,2024-07-12,22.1833059,21.820128,22.135432263946043,-0.01637167614408641,-0.002158092949255064,0.01445015647690262,0.01445015647690262,Habitat,CANASTA_PODADA
2024-07-22,2024-07-17,21.9834545,21.914120200000003,21.888967574583123,-0.0031539310621084837,-0.004298092704987599,-0.0011477816671316976,0.0011477816671316976,Habitat,CANASTA_PODADA
2024-07-23,2024-07-18,21.9026106,21.8713431,21.93010384280921,-0.001427569551914476,0.0012552495824040832,0.0026866545205086467,0.0026866545205086467,Habitat,CANASTA_PODADA
2024-07-24,2024-07-19,21.820128,21.7786135,21.746157878029035,-0.0019025782066907082,-0.0033899948694602333,-0.0014902519837162176,0.0014902519837162176,Habitat,CANASTA_PODADA
2024-07-25,2024-07-19,21.820128,21.622832400000004,21.723273075888077,-0.009041908461765114,-0.0044387880818995695,0.004645121140007147,0.004645121140007147,Habitat,CANASTA_PODADA
2024-07-26,2024-07-19,21.820128,21.6925612,21.794656042806483,-0.005846290177582869,-0.0011673605761394201,0.004706444843704416,0.004706444843704416,Habitat,CANASTA_PODADA
2024-07-29,2024-07-24,21.7786135,21.6311453,21.85362702681258,-0.00677123913329003,0.003444366502604934,0.010285249519940143,0.010285249519940143,Habitat,CANASTA_PODADA
2024-07-30,2024-07-25,21.622832400000004,21.5669468,21.734623779567947,-0.0025845642682780223,0.00517006178931223,0.007774720321930273,0.007774720321930273,Habitat,CANASTA_PODADA
2024-07-31,2024-07-26,21.6925612,21.7625906,21.848014556497073,0.0032282679465254205,0.007166205735866349,0.003925265978999448,0.003925265978999448,Habitat,CANASTA_PODADA
2024-08-01,2024-07-26,21.6925612,21.5215323,21.742528089244278,-0.007884218853788427,0.002303411237778441,0.010268589901671454,0.010268589901671454,Habitat,CANASTA_PODADA
2024-08-02,2024-07-26,21.6925612,21.135819,21.56541895161786,-0.025665120631306437,-0.005861098982730462,0.020325682748222773,0.020325682748222773,Habitat,CANASTA_PODADA
2024-08-05,2024-07-31,21.7625906,20.8346758,21.218622420041125,-0.04263806717937335,-0.024995561877586114,0.018428250275011493,0.018428250275011493,Habitat,CANASTA_PODADA
2024-08-06,2024-08-01,21.5215323,20.8178492,21.233016104308792,-0.0326967006898482,-0.013405931867184417,0.019942833686622752,0.019942833686622752,Habitat,CANASTA_PODADA
2024-08-07,2024-08-02,21.135819,20.8297895,20.999322735460503,-0.014479188149747135,-0.006458054194138363,0.008138979775119681,0.008138979775119681,Habitat,CANASTA_PODADA
2024-08-08,2024-08-02,21.135819,20.9597638,21.13041408706237,-0.008329707971098776,-0.0002557229004294115,0.008141803919678114,0.008141803919678114,Habitat,CANASTA_PODADA
2024-08-09,2024-08-02,21.135819,21.0745518,21.24458988121785,-0.002898737919737271,0.0051462818269709665,0.008068407946775435,0.008068407946775435,Habitat,CANASTA_PODADA
2024-08-12,2024-08-07,20.8297895,21.1634498,21.062368471981575,0.016018419197179057,0.011165689983644533,-0.004776221692288751,0.004776221692288751,Habitat,CANASTA_PODADA
2024-08-13,2024-08-08,20.9597638,21.2334515,21.12101948504992,0.01305776642387535,0.007693583123771663,-0.005295041880029716,0.005295041880029716,Habitat,CANASTA_PODADA
2024-08-14,2024-08-09,21.0745518,21.1984386,21.11720720548237,0.005878502241741579,0.0020240243250331247,-0.0038319517795819547,0.0038319517795819547,Habitat,CANASTA_PODADA
2024-08-15,2024-08-09,21.0745518,21.3734082,21.230695644896286,0.014180913683772944,0.007409118180927932,-0.006677108010490929,0.006677108010490929,Habitat,CANASTA_PODADA
2024-08-16,2024-08-09,21.0745518,21.3780237,21.262366639357737,0.014399921900118517,0.008911925678900534,-0.0054100913286134755,0.0054100913286134755,Habitat,CANASTA_PODADA
2024-08-19,2024-08-14,21.1984386,21.4093889,21.358823867917174,0.009951218765706704,0.007565900061959008,-0.002361815758450958,0.002361815758450958,Habitat,CANASTA_PODADA
2024-08-20,2024-08-15,21.3734082,21.4221495,21.42706357523543,0.0022804645634382226,0.002510379941905061,0.00022939225755247428,0.00022939225755247428,Habitat,CANASTA_PODADA
2024-08-21,2024-08-16,21.3780237,21.3864269,21.41315592199141,0.0003930765592705665,0.0016433802527504593,0.001249812421513452,0.001249812421513452,Habitat,CANASTA_PODADA
2024-08-22,2024-08-16,21.3780237,21.2736379,21.37426771432768,-0.004882855471808667,-0.00017569377436521538,0.004730258867839288,0.004730258867839288,Habitat,CANASTA_PODADA
2024-08-23,2024-08-16,21.3780237,21.3556183,21.451774161228933,-0.0010480575900942979,0.0034498259644522022,0.0045026025413150705,0.0045026025413150705,Habitat,CANASTA_PODADA
2024-08-26,2024-08-21,21.3864269,21.289909400000003,21.432820425010817,-0.004513025969756446,0.002169297621699373,0.006712617809957244,0.006712617809957244,Habitat,CANASTA_PODADA
2024-08-27,2024-08-22,21.2736379,21.2733674,21.364634333428768,-1.2715267659890728e-05,0.004277427013494872,0.004290196832155813,0.004290196832155813,Habitat,CANASTA_PODADA
2024-08-28,2024-08-23,21.3556183,21.2023764,21.315760156434823,-0.007175718251154595,-0.0018664008227370354,0.005347690951983397,0.005347690951983397,Habitat,CANASTA_PODADA
2024-08-29,2024-08-23,21.3556183,21.260722,21.350023237212625,-0.004443622220013155,-0.00026199488625311407,0.004200291843928117,0.004200291843928117,Habitat,CANASTA_PODADA
2024-08-30,2024-08-23,21.3556183,21.3106089,21.426508208656973,-0.002107613994955182,0.0033194968959044946,0.005438573304068051,0.005438573304068051,Habitat,CANASTA_PODADA
2024-09-02,2024-08-28,21.2023764,21.3421059,21.323905587375876,0.006590275418372427,0.005731866328713808,-0.0008527889754367246,0.0008527889754367246,Habitat,CANASTA_PODADA
2024-09-03,2024-08-29,21.260722,21.1000122,21.18015110833533,-0.007559000112978387,-0.0037896592441531984,0.0037980503317116554,0.0037980503317116554,Habitat,CANASTA_PODADA
2024-09-04,2024-08-30,21.3106089,21.1060686,21.074053859720063,-0.009598050480856934,-0.011100341683804915,-0.0015168500058764245,0.0015168500058764245,Habitat,CANASTA_PODADA
2024-09-05,2024-08-30,21.3106089,21.1540901,21.06407622870935,-0.0073446423203795685,-0.011568541867926108,-0.004255152117871086,0.004255152117871086,Habitat,CANASTA_PODADA
2024-09-06,2024-08-30,21.3106089,20.966667200000003,20.976594753855178,-0.01613945906538572,-0.015673608751030188,0.0004734922227016547,0.0004734922227016547,Habitat,CANASTA_PODADA
2024-09-09,2024-09-04,21.1060686,21.0837918,21.051807757747017,-0.0010554689469738365,-0.002570864488376734,-0.001516996684295835,0.001516996684295835,Habitat,CANASTA_PODADA
2024-09-10,2024-09-05,21.1540901,21.0624509,21.119224262778015,-0.004331984952640422,-0.001648184207269976,0.002695477513398714,0.002695477513398714,Habitat,CANASTA_PODADA
2024-09-11,2024-09-06,20.966667200000003,21.127462,21.063224823340818,0.007669068167400317,0.0046052919340855425,-0.0030404587479170297,0.0030404587479170297,Habitat,CANASTA_PODADA
2024-09-12,2024-09-06,20.966667200000003,21.2600538,21.201930145342402,0.013993001233882252,0.011220807918504105,-0.002733937326988345,0.002733937326988345,Habitat,CANASTA_PODADA
2024-09-13,2024-09-06,20.966667200000003,21.5106931,21.30735319943832,0.025947180580039753,0.016248934377053326,-0.009452968326793765,0.009452968326793765,Habitat,CANASTA_PODADA
2024-09-16,2024-09-11,21.127462,21.505385500000003,21.368190126776273,0.017887785101684317,0.01139408636855066,-0.0063795821387963025,0.0063795821387963025,Habitat,CANASTA_PODADA
2024-09-17,2024-09-12,21.2600538,21.3912421,21.391704001235418,0.0061706476020300105,0.0061923738516322935,2.1593006766851275e-05,2.1593006766851275e-05,Habitat,CANASTA_PODADA
2024-09-18,2024-09-13,21.5106931,21.4465584,21.575071080274828,-0.0029815264297551325,0.0029928361664379732,0.005992228584089654,0.005992228584089654,Habitat,CANASTA_PODADA
2024-09-19,2024-09-13,21.5106931,21.6083308,21.67336327259946,0.004539030869256333,0.007562293406503828,0.0030096018614940157,0.0030096018614940157,Habitat,CANASTA_PODADA
2024-09-20,2024-09-13,21.5106931,21.603582900000003,21.708187344633636,0.004318308088361977,0.009181212512098691,0.00484199519671491,0.00484199519671491,Habitat,CANASTA_PODADA
2024-09-23,2024-09-18,21.4465584,21.6538819,21.629808213608474,0.009666982279077363,0.008544485795374701,-0.0011117492236587534,0.0011117492236587534,Habitat,CANASTA_PODADA
2024-09-24,2024-09-19,21.6083308,21.790303,21.82737025269425,0.008421390883186719,0.010136805786694625,0.0017010893650377668,0.0017010893650377668,Habitat,CANASTA_PODADA
2024-09-25,2024-09-20,21.603582900000003,21.7331465,21.725845454376177,0.005997320009358154,0.005659364696222413,-0.00033594057003305533,0.00033594057003305533,Habitat,CANASTA_PODADA
2024-09-26,2024-09-20,21.603582900000003,21.915316000000004,21.85970750084179,0.014429694437398277,0.011855653852759218,-0.002537426298494405,0.002537426298494405,Habitat,CANASTA_PODADA
2024-09-27,2024-09-20,21.603582900000003,21.895324,21.894949951616187,0.01350429238290829,0.013486978200092148,-1.708348247375646e-05,1.708348247375646e-05,Habitat,CANASTA_PODADA
2024-09-30,2024-09-25,21.7331465,21.505385500000003,21.82711939990699,-0.010479890705195283,0.004323943608763203,0.014960619976190914,0.014960619976190914,Habitat,CANASTA_PODADA
2024-10-01,2024-09-26,21.915316000000004,21.8372471,21.90514352497778,-0.0035622986225708475,-0.00046417195272130396,0.003109202577910253,0.003109202577910253,Habitat,CANASTA_PODADA
2024-10-02,2024-09-27,21.895324,21.8683487,21.885976255747966,-0.0012320119126805196,-0.00042692879319949917,0.0008060762149804113,0.0008060762149804113,Habitat,CANASTA_PODADA
2024-10-03,2024-09-27,21.895324,21.9300001,21.89898550904274,0.001583721711539976,0.00016722789956147288,-0.0014142540271699922,0.0014142540271699922,Habitat,CANASTA_PODADA
2024-10-04,2024-09-27,21.895324,22.0579327,21.98802290560487,0.007426640500958204,0.004233730709117145,-0.003169372005343507,0.003169372005343507,Habitat,CANASTA_PODADA
2024-10-07,2024-10-02,21.8683487,22.1031378,21.945364500871936,0.010736480528134251,0.0035217931599900165,-0.0071380498350810395,0.0071380498350810395,Habitat,CANASTA_PODADA
2024-10-08,2024-10-03,21.9300001,21.9794201,21.946192794937218,0.0022535339614520034,0.0007383809787222528,-0.0015117462113015678,0.0015117462113015678,Habitat,CANASTA_PODADA
2024-10-09,2024-10-04,22.0579327,22.0120163,22.01625861986712,-0.002081627531667962,-0.0018893012640699425,0.00019272745437315386,0.00019272745437315386,Habitat,CANASTA_PODADA
2024-10-10,2024-10-04,22.0579327,22.09996,22.075426656197155,0.0019053145447307518,0.0007930913760181291,-0.0011101080636727323,0.0011101080636727323,Habitat,CANASTA_PODADA
2024-10-11,2024-10-04,22.0579327,22.1035416,22.14087143400179,0.0020676869686886423,0.0037600411212512785,0.00168886211437691,0.00168886211437691,Habitat,CANASTA_PODADA
2024-10-14,2024-10-09,22.0120163,22.1574533,22.163763213052505,0.006607163924369885,0.0068938215829190685,0.0002847760961999235,0.0002847760961999235,Habitat,CANASTA_PODADA
2024-10-15,2024-10-10,22.09996,21.9736377,22.135020939803915,-0.005715951522084151,0.0015864707358708152,0.00734440250664159,0.00734440250664159,Habitat,CANASTA_PODADA
2024-10-16,2024-10-11,22.1035416,22.0385631,22.122376347890498,-0.002939732517797,0.0008521144815316628,0.003803026881117111,0.003803026881117111,Habitat,CANASTA_PODADA
2024-10-17,2024-10-11,22.1035416,22.0455935,22.15600966505703,-0.0026216658420025185,0.0023737401908945355,0.005008536742593606,0.005008536742593606,Habitat,CANASTA_PODADA
2024-10-18,2024-10-11,22.1035416,22.1557976,22.261552210402915,0.002364146024454339,0.007148655779348756,0.004773225153623661,0.004773225153623661,Habitat,CANASTA_PODADA
2024-10-21,2024-10-16,22.0385631,22.1727614,22.213012710665964,0.006089249076315584,0.007915652661854455,0.0018153494704526985,0.0018153494704526985,Habitat,CANASTA_PODADA
2024-10-22,2024-10-17,22.0455935,22.1590337,22.189286045498573,0.005145708597048992,0.006517971289753399,0.0013652375779624748,0.0013652375779624748,Habitat,CANASTA_PODADA
2024-10-23,2024-10-18,22.1557976,22.1047475,22.15696346840866,-0.002304141828773587,5.262136934569561e-05,0.002362206055900984,0.002362206055900984,Habitat,CANASTA_PODADA
2024-10-24,2024-10-18,22.1557976,22.1617964,22.240148477373623,0.00027075531688369736,0.0038071695226906677,0.0035354569620369425,0.0035354569620369425,Habitat,CANASTA_PODADA
2024-10-25,2024-10-18,22.1557976,22.2421438,22.263695624143903,0.0038972282360985044,0.004869967946624643,0.0009689634388525548,0.0009689634388525548,Habitat,CANASTA_PODADA
2024-10-28,2024-10-23,22.1047475,22.2530201,22.234855445047124,0.006707726473690778,0.0058859729136071515,-0.0008162781892636639,0.0008162781892636639,Habitat,CANASTA_PODADA
2024-10-29,2024-10-24,22.1617964,22.3927569,22.191125216999854,0.010421560411050468,0.001323395291180196,-0.009004325992577722,0.009004325992577722,Habitat,CANASTA_PODADA
2024-10-30,2024-10-25,22.2421438,22.245631600000003,22.24686107511797,0.00015681042400239598,0.0002120872502393567,5.526815961331977e-05,5.526815961331977e-05,Habitat,CANASTA_PODADA
2024-10-31,2024-10-25,22.2421438,22.0646666,22.131351462677014,-0.007979320770329812,-0.004981189687434218,0.0030222465576259516,0.0030222465576259516,Habitat,CANASTA_PODADA
2024-11-01,2024-10-25,22.2421438,22.0381851,22.108979231463238,-0.009169920931812348,-0.005987038377872733,0.003212339452727253,0.003212339452727253,Habitat,CANASTA_PODADA
2024-11-04,2024-10-30,22.245631600000003,22.057869300000004,22.127375122845454,-0.008440412184116175,-0.0053159415421834,0.0031510669457748275,0.0031510669457748275,Habitat,CANASTA_PODADA
2024-11-05,2024-10-31,22.0646666,22.1010773,22.150700892174065,0.0016501812902987023,0.0038991884053243275,0.0022453019597403756,0.0022453019597403756,Habitat,CANASTA_PODADA
2024-11-06,2024-11-01,22.0381851,22.2251095,22.305219115419476,0.008481841819179436,0.012116878690681121,0.0036044643748314176,0.0036044643748314176,Habitat,CANASTA_PODADA
2024-11-07,2024-11-01,22.0381851,22.2924306,22.372153606843508,0.011536589734878033,0.015154083937860552,0.0035762366282081626,0.0035762366282081626,Habitat,CANASTA_PODADA
2024-11-08,2024-11-01,22.0381851,22.2830224,22.367463566623385,0.011109685252620904,0.014941269670313506,0.003789484438313284,0.003789484438313284,Habitat,CANASTA_PODADA
2024-11-11,2024-11-06,22.2251095,22.237287,22.262203442377075,0.000547916310603469,0.001669010556599293,0.0011204803165545396,0.0011204803165545396,Habitat,CANASTA_PODADA
2024-11-12,2024-11-07,22.2924306,22.2852052,22.297366625811655,-0.0003241189859305438,0.0002214216071914077,0.000545717470515239,0.000545717470515239,Habitat,CANASTA_PODADA
2024-11-13,2024-11-08,22.2830224,22.2728062,22.29557528977624,-0.00045847460979975274,0.0005633387406298596,0.0010222820407892463,0.0010222820407892463,Habitat,CANASTA_PODADA
2024-11-14,2024-11-08,22.2830224,22.2075859,22.243634421309636,-0.0033853800730370143,-0.001767622810914804,0.0016232525890909066,0.0016232525890909066,Habitat,CANASTA_PODADA
2024-11-15,2024-11-08,22.2830224,22.131894000000003,22.21111246038518,-0.006782221786933107,-0.0032271178623785035,0.0035793800740766546,0.0035793800740766546,Habitat,CANASTA_PODADA
2024-11-18,2024-11-13,22.2728062,22.1265023,22.237879747152473,-0.0065687232532020134,-0.001568120897470493,0.005033667122004815,0.005033667122004815,Habitat,CANASTA_PODADA
2024-11-19,2024-11-14,22.2075859,22.1335502,22.282101083660717,-0.0033338022571829384,0.003355393242482796,0.006711570548710188,0.006711570548710188,Habitat,CANASTA_PODADA
2024-11-20,2024-11-15,22.131894000000003,22.0926481,22.26886822809772,-0.0017732734487161395,0.00618899711419707,0.00797641492772061,0.00797641492772061,Habitat,CANASTA_PODADA
2024-11-21,2024-11-15,22.131894000000003,22.2082836,22.308203667272696,0.003451561804877601,0.007966316270658691,0.004499225112232219,0.004499225112232219,Habitat,CANASTA_PODADA
2024-11-22,2024-11-15,22.131894000000003,22.1981763,22.31613224926181,0.002994876986126771,0.008324558632975876,0.005313767566654137,0.005313767566654137,Habitat,CANASTA_PODADA
2024-11-25,2024-11-20,22.0926481,22.1641421,22.12397755657404,0.003236099161874506,0.0014180942199517599,-0.0018121406750031266,0.0018121406750031266,Habitat,CANASTA_PODADA
2024-11-26,2024-11-21,22.2082836,22.1143275,22.23429310024643,-0.0042306781420964334,0.0011711621084677937,0.005424790794403611,0.005424790794403611,Habitat,CANASTA_PODADA
2024-11-27,2024-11-22,22.1981763,22.040341400000003,22.18947650751696,-0.007110264278782141,-0.00039191473954725,0.006766460864211288,0.006766460864211288,Habitat,CANASTA_PODADA
2024-11-28,2024-11-22,22.1981763,21.9876961,22.20188442125581,-0.009481869012816113,0.00016704621162100253,0.009741280772741279,0.009741280772741279,Habitat,CANASTA_PODADA
2024-11-29,2024-11-22,22.1981763,22.0694352,22.128837731586408,-0.005799625080011639,-0.003123615538344504,0.002691619928107958,0.002691619928107958,Habitat,CANASTA_PODADA
2024-12-02,2024-11-27,22.040341400000003,22.1647272,22.000796820408667,0.005643551419761472,-0.0017941908826936137,-0.007396002581585348,0.007396002581585348,Habitat,CANASTA_PODADA
2024-12-03,2024-11-28,21.9876961,22.0373006,21.966303370619276,0.0022560117155701054,-0.0009729409249350507,-0.003221684482568765,0.003221684482568765,Habitat,CANASTA_PODADA
2024-12-04,2024-11-29,22.0694352,22.1842309,22.123785858173633,0.005201569453848087,0.0024627117858291303,-0.002724685029597551,0.002724685029597551,Habitat,CANASTA_PODADA
2024-12-05,2024-11-29,22.0694352,22.1144164,22.14308280710276,0.002038167247705447,0.003337086175307258,0.0012962768984834394,0.0012962768984834394,Habitat,CANASTA_PODADA
2024-12-06,2024-11-29,22.0694352,22.0807755,22.120805620579784,0.0005138464078138227,0.0023276726438283823,0.0018128946865920703,0.0018128946865920703,Habitat,CANASTA_PODADA
2024-12-09,2024-12-04,22.1842309,22.1680833,22.259194922650735,-0.0007278864015068942,0.003379158060004439,0.004110036100898995,0.004110036100898995,Habitat,CANASTA_PODADA
2024-12-10,2024-12-05,22.1144164,22.0563624,22.134113055721294,-0.00262516536497881,0.0008906703828410745,0.00352508969118559,0.00352508969118559,Habitat,CANASTA_PODADA
2024-12-11,2024-12-06,22.0807755,22.257271300000003,22.199770651713713,0.007993188463874423,0.005389083898512226,-0.002583454526444595,0.002583454526444595,Habitat,CANASTA_PODADA
2024-12-12,2024-12-06,22.0807755,22.2473095,22.16204227749752,0.007542035831123783,0.003680431309920129,-0.0038326981742434763,0.0038326981742434763,Habitat,CANASTA_PODADA
2024-12-13,2024-12-06,22.0807755,22.1673557,22.122063953808826,0.003921066993321842,0.0018698824146292647,-0.002043173159853917,0.002043173159853917,Habitat,CANASTA_PODADA
2024-12-16,2024-12-11,22.257271300000003,22.2976986,22.17065683199246,0.00181636371570848,-0.0038915133324336493,-0.005697528264533069,0.005697528264533069,Habitat,CANASTA_PODADA
2024-12-17,2024-12-12,22.2473095,22.1926177,22.166994931640847,-0.0024583556946515817,-0.0036100800575077363,-0.0011545626886165783,0.0011545626886165783,Habitat,CANASTA_PODADA
2024-12-18,2024-12-13,22.1673557,21.9100159,21.981988412338662,-0.011608953430561897,-0.008362174098254682,0.003284913742972684,0.003284913742972684,Habitat,CANASTA_PODADA
2024-12-19,2024-12-13,22.1673557,21.7566885,21.980145435152046,-0.018525763990876132,-0.00844531334190457,0.010270723651351954,0.010270723651351954,Habitat,CANASTA_PODADA
2024-12-20,2024-12-13,22.1673557,21.8525443,22.06590212319079,-0.014201576600315957,-0.004576710825694663,0.009763523197195312,0.009763523197195312,Habitat,CANASTA_PODADA
2024-12-23,2024-12-18,21.9100159,21.9096057,22.05199314001559,-1.8722031141948925e-05,0.006480015380344373,0.006498859083328368,0.006498859083328368,Habitat,CANASTA_PODADA
2024-12-24,2024-12-19,21.7566885,22.0167726,21.96776021629524,0.011954213528405422,0.009701463358968487,-0.002226138435238223,0.002226138435238223,Habitat,CANASTA_PODADA
2024-12-26,2024-12-20,21.8525443,22.0494373,22.00253420186914,0.009010072113204703,0.006863727161927624,-0.002127178915847572,0.002127178915847572,Habitat,CANASTA_PODADA
2024-12-27,2024-12-20,21.8525443,22.0636572,21.969091052684472,0.009660792679413444,0.005333326457755749,-0.004286059489517879,0.004286059489517879,Habitat,CANASTA_PODADA
2024-12-30,2024-12-24,22.0167726,22.0220271,21.933612889693514,0.00023865895767127832,-0.0037771071999210815,-0.0040148079877027065,0.0040148079877027065,Habitat,CANASTA_PODADA
2024-12-31,2024-12-26,22.0494373,21.9260027,21.981968837166015,-0.005598083902122908,-0.0030598723185550902,0.002552500696627824,0.002552500696627824,Habitat,CANASTA_PODADA
2025-01-02,2024-12-27,22.0636572,21.8844727,22.055186867959748,-0.008121251086152692,-0.00038390426226586616,0.007800698253047189,0.007800698253047189,Habitat,CANASTA_PODADA
2025-01-03,2024-12-27,22.0636572,21.983004,22.094080252074058,-0.003655477388399664,0.001378876212509983,0.005052824085100216,0.005052824085100216,Habitat,CANASTA_PODADA
2025-01-06,2024-12-31,21.9260027,22.1483075,22.00296824816492,0.010138865849907086,0.003510240750126181,-0.0065620929199706746,0.0065620929199706746,Habitat,CANASTA_PODADA
2025-01-07,2025-01-02,21.8844727,22.1197873,21.907729871564314,0.010752582583358317,0.001062724785884983,-0.009586775205369436,0.009586775205369436,Habitat,CANASTA_PODADA
2025-01-08,2025-01-03,21.983004,22.1538993,22.01122031168672,0.007773973930041533,0.0012835512237872049,-0.006440355550107579,0.006440355550107579,Habitat,CANASTA_PODADA
2025-01-09,2025-01-03,21.983004,22.1044851,22.01166018923011,0.005526137374127771,0.0013035611161289484,-0.004199369962700095,0.004199369962700095,Habitat,CANASTA_PODADA
2025-01-10,2025-01-03,21.983004,21.9888623,21.96129743218061,0.00026649224100583346,-0.000987425004307485,-0.0012535831751235849,0.0012535831751235849,Habitat,CANASTA_PODADA
2025-01-13,2025-01-08,22.1538993,21.9387456,22.142333675251706,-0.009711775660188104,-0.0005220581980479588,0.009279841198017502,0.009279841198017502,Habitat,CANASTA_PODADA
2025-01-14,2025-01-09,22.1044851,21.9671036,22.131986492316813,-0.006215096139018383,0.0012441543963768176,0.0075059004281661235,0.0075059004281661235,Habitat,CANASTA_PODADA
2025-01-15,2025-01-10,21.9888623,22.0649429,22.14536971139011,0.003459960727481448,0.007117576582855278,0.003645004283700626,0.003645004283700626,Habitat,CANASTA_PODADA
2025-01-16,2025-01-10,21.9888623,22.0570941,22.136702855089666,0.003103016384799373,0.006723429028416161,0.003609213195933547,0.003609213195933547,Habitat,CANASTA_PODADA
2025-01-17,2025-01-10,21.9888623,22.0751762,22.150210041412514,0.003925346333175206,0.007337703024886011,0.0033990143830657793,0.0033990143830657793,Habitat,CANASTA_PODADA
2025-01-20,2025-01-15,22.0649429,22.0657323,22.08919222366435,3.5776208602955606e-05,0.0010989977981930021,0.0010631835529133493,0.0010631835529133493,Habitat,CANASTA_PODADA
2025-01-21,2025-01-16,22.0570941,22.1522983,22.120114977856037,0.004316262131737636,0.0028571704672573084,-0.001452820908608099,0.001452820908608099,Habitat,CANASTA_PODADA
2025-01-22,2025-01-17,22.0751762,22.1614138,22.145897790643165,0.003906541864884261,0.0032036704940621163,-0.00070013625921439,0.00070013625921439,Habitat,CANASTA_PODADA
2025-01-23,2025-01-17,22.0751762,22.1573456,22.154871468450946,0.003722253415127774,0.003610175870349064,-0.00011166191084976962,0.00011166191084976962,Habitat,CANASTA_PODADA
2025-01-24,2025-01-17,22.0751762,22.143164,22.131672306657755,0.003079830456800492,0.0025592596020933556,-0.0005189725073726503,0.0005189725073726503,Habitat,CANASTA_PODADA
2025-01-27,2025-01-22,22.1614138,21.9574511,22.021368621732755,-0.009203505779942556,-0.006319325090497818,0.0029109718355586622,0.0029109718355586622,Habitat,CANASTA_PODADA
2025-01-28,2025-01-23,22.1573456,21.9470268,22.054445311148918,-0.009492057568484147,-0.004644071122448912,0.004894444797821862,0.004894444797821862,Habitat,CANASTA_PODADA
2025-01-29,2025-01-24,22.143164,21.9092297,22.087405619075934,-0.010564628433407108,-0.0025180855330368956,0.00813245931124329,0.00813245931124329,Habitat,CANASTA_PODADA
2025-01-30,2025-01-24,22.143164,22.041727,22.15801121030797,-0.00458096232318006,0.0006705098832293643,0.005275639713166136,0.005275639713166136,Habitat,CANASTA_PODADA
2025-01-31,2025-01-24,22.143164,22.0206574,22.09271284516983,-0.005532479459574913,-0.0022784076760741234,0.0032721750246125225,0.0032721750246125225,Habitat,CANASTA_PODADA
2025-02-03,2025-01-29,21.9092297,21.855655,21.89262195032422,-0.0024453027666235805,-0.0007580252662092724,0.0016914135185708279,0.0016914135185708279,Habitat,CANASTA_PODADA
2025-02-04,2025-01-30,22.041727,21.9525156,22.055759132278574,-0.00404738703097085,0.0006366167350939644,0.004703038784246383,0.004703038784246383,Habitat,CANASTA_PODADA
2025-02-05,2025-01-31,22.0206574,22.0988038,22.120145548981107,0.003548776886197702,0.004517946361633385,0.0009657422715843023,0.0009657422715843023,Habitat,CANASTA_PODADA
2025-02-06,2025-01-31,22.0206574,22.1225745,22.166712421285318,0.004628249654344829,0.006632636738870268,0.0019951530182582555,0.0019951530182582555,Habitat,CANASTA_PODADA
2025-02-07,2025-01-31,22.0206574,22.0353793,22.13206260173421,0.0006685495229583616,0.005059122428116458,0.004387639550829547,0.004387639550829547,Habitat,CANASTA_PODADA
2025-02-10,2025-02-05,22.0988038,22.0842047,22.201987744333618,-0.0006606285178204496,0.004669209486063641,0.005333361374503909,0.005333361374503909,Habitat,CANASTA_PODADA
2025-02-11,2025-02-06,22.1225745,22.0472511,22.08974829928235,-0.0034048207183119406,-0.0014838327572430643,0.0019275509263985136,0.0019275509263985136,Habitat,CANASTA_PODADA
2025-02-12,2025-02-07,22.0353793,22.0371605,22.049423827618984,8.083364373945301e-05,0.0006373626443083591,0.0005564840179379527,0.0005564840179379527,Habitat,CANASTA_PODADA
2025-02-13,2025-02-07,22.0353793,22.1183248,22.12615950573595,0.0037641966072261557,0.004119747815548136,0.00035421786264522304,0.00035421786264522304,Habitat,CANASTA_PODADA
2025-02-14,2025-02-07,22.0353793,22.1156076,22.139091435416937,0.003640885818561923,0.004706619024113623,0.0010618670687996268,0.0010618670687996268,Habitat,CANASTA_PODADA
2025-02-17,2025-02-12,22.0371605,22.1310067,22.140173244506368,0.004258543200245768,0.004674501712975676,0.0004141946469324864,0.0004141946469324864,Habitat,CANASTA_PODADA
2025-02-18,2025-02-13,22.1183248,22.1212713,22.11901229345309,0.0001332153328357233,3.108252814376655e-05,-0.00010211920084857162,0.00010211920084857162,Habitat,CANASTA_PODADA
2025-02-19,2025-02-14,22.1156076,22.1055778,22.117665679997547,-0.00045351681859295834,9.306007028020424e-05,0.0005468248831546063,0.0005468248831546063,Habitat,CANASTA_PODADA
2025-02-20,2025-02-14,22.1156076,21.9856119,22.118543126035604,-0.005878007168114263,0.00013273549109293903,0.006046282752567134,0.006046282752567134,Habitat,CANASTA_PODADA
2025-02-21,2025-02-14,22.1156076,21.8191365,21.973924861543985,-0.013405514574241328,-0.006406459230901551,0.007094156157095632,0.007094156157095632,Habitat,CANASTA_PODADA
2025-02-24,2025-02-19,22.1055778,21.6944722,21.8359785183346,-0.01859736957429803,-0.012195984384782754,0.006522690067315873,0.006522690067315873,Habitat,CANASTA_PODADA
2025-02-25,2025-02-20,21.9856119,21.5479508,21.64567515455903,-0.01990670543947881,-0.015461782323237028,0.004535204088132128,0.004535204088132128,Habitat,CANASTA_PODADA
2025-02-26,2025-02-21,21.8191365,21.5908076,21.65038299434509,-0.010464616690949113,-0.007734197256381248,0.0027592943927252644,0.0027592943927252644,Habitat,CANASTA_PODADA
2025-02-27,2025-02-21,21.8191365,21.4077693,21.546937951740794,-0.018853505041320107,-0.012475220926327912,0.006500847883333494,0.006500847883333494,Habitat,CANASTA_PODADA
2025-02-28,2025-02-21,21.8191365,21.5321955,21.65291684247508,-0.013150887066497696,-0.00761806763182038,0.0056065505477636,0.0056065505477636,Habitat,CANASTA_PODADA
2025-03-03,2025-02-26,21.5908076,21.4131658,21.464192819869773,-0.008227658885719524,-0.005864291066640215,0.0023829741172494145,0.0023829741172494145,Habitat,CANASTA_PODADA
2025-03-04,2025-02-27,21.4077693,21.3454815,21.378414931647683,-0.002909588529618423,-0.0013712016390383663,0.0015428760249649454,0.0015428760249649454,Habitat,CANASTA_PODADA
2025-03-05,2025-02-28,21.5321955,21.447962200000003,21.448684104105855,-0.00391196986856257,-0.003878443138515375,3.3658400696578994e-05,3.3658400696578994e-05,Habitat,CANASTA_PODADA
2025-03-06,2025-02-28,21.5321955,21.3454479,21.406876012887167,-0.008672947447463053,-0.005820097960416271,0.002877808569534235,0.002877808569534235,Habitat,CANASTA_PODADA
2025-03-07,2025-02-28,21.5321955,21.3907497,21.384036823095933,-0.0065690375140797785,-0.0068807974971278885,-0.00031382148817660216,0.00031382148817660216,Habitat,CANASTA_PODADA
2025-03-10,2025-03-05,21.447962200000003,21.1780875,21.304845474970552,-0.012582766487718056,-0.006672742319055902,0.0059853362571360424,0.0059853362571360424,Habitat,CANASTA_PODADA
2025-03-11,2025-03-06,21.3454479,21.1491117,21.22911613064078,-0.009198036083374994,-0.00544995682003091,0.003782874277446835,0.003782874277446835,Habitat,CANASTA_PODADA
2025-03-12,2025-03-07,21.3907497,21.2206285,21.35883495967263,-0.007953026536512642,-0.001491987928191607,0.006512835360773073,0.006512835360773073,Habitat,CANASTA_PODADA
2025-03-13,2025-03-07,21.3907497,21.251966000000003,21.382640060151882,-0.006488024120070768,-0.00037911900993914394,0.006148798664174393,0.006148798664174393,Habitat,CANASTA_PODADA
2025-03-14,2025-03-07,21.3907497,21.4326994,21.533408105428578,0.001961114060438973,0.0066691634201383465,0.004698834409471386,0.004698834409471386,Habitat,CANASTA_PODADA
2025-03-17,2025-03-12,21.2206285,21.5347267,21.47924093991421,0.01480155029338559,0.012186841681631089,-0.0025765713611676233,0.0025765713611676233,Habitat,CANASTA_PODADA
2025-03-18,2025-03-13,21.251966000000003,21.5298987,21.49830256827165,0.013077975938790676,0.011591236701190333,-0.0014675466972052797,0.0014675466972052797,Habitat,CANASTA_PODADA
2025-03-19,2025-03-14,21.4326994,21.5961233,21.587912395917314,0.007624979800724407,0.007241878077071107,-0.0003802026858535923,0.0003802026858535923,Habitat,CANASTA_PODADA
2025-03-20,2025-03-14,21.4326994,21.6115441,21.614900182756173,0.008344478530781796,0.008501065561353105,0.00015529120643331673,0.00015529120643331673,Habitat,CANASTA_PODADA
2025-03-21,2025-03-14,21.4326994,21.6729406,21.635162251352615,0.011209096694558163,0.009446446645568818,-0.0017431113453698632,0.0017431113453698632,Habitat,CANASTA_PODADA
2025-03-24,2025-03-19,21.5961233,21.8400083,21.726353677984378,0.011292999054140607,0.006030266459183364,-0.005203964231809577,0.005203964231809577,Habitat,CANASTA_PODADA
2025-03-25,2025-03-20,21.6115441,21.8853641,21.766046838369217,0.012670080339146184,0.007149083732948869,-0.00545192033751829,0.00545192033751829,Habitat,CANASTA_PODADA
2025-03-26,2025-03-21,21.6729406,21.7375592,21.746497796139646,0.0029815335718679226,0.003393964736822408,0.00041120514301562494,0.00041120514301562494,Habitat,CANASTA_PODADA
2025-03-27,2025-03-21,21.6729406,21.6959922,21.728466366522127,0.0010636120139597693,0.0025619858212562185,0.0014967818121784937,0.0014967818121784937,Habitat,CANASTA_PODADA
2025-03-28,2025-03-21,21.6729406,21.5635826,21.61417257995078,-0.005045831205757079,-0.0027115849728864827,0.002346084177625496,0.002346084177625496,Habitat,CANASTA_PODADA
2025-03-31,2025-03-26,21.7375592,21.5677909,21.61704740350936,-0.007809906275033862,-0.005543943337053214,0.002283799195649694,0.002283799195649694,Habitat,CANASTA_PODADA
2025-04-01,2025-03-27,21.6959922,21.5884762,21.657480855066872,-0.004955569628200762,-0.001775044191485553,0.003196365247255084,0.003196365247255084,Habitat,CANASTA_PODADA
2025-04-02,2025-03-28,21.5635826,21.5941343,21.68251929207112,0.0014168192997763285,0.005515627633745801,0.004093009279428239,0.004093009279428239,Habitat,CANASTA_PODADA
2025-04-03,2025-03-28,21.5635826,21.0786924,21.353556726881507,-0.02248653245588228,-0.009739841334087673,0.013039913561313066,0.013039913561313066,Habitat,CANASTA_PODADA
2025-04-04,2025-03-28,21.5635826,20.4734145,20.90837909152887,-0.05055598228839764,-0.030384724126088725,0.021245337045702417,0.021245337045702417,Habitat,CANASTA_PODADA
2025-04-07,2025-04-02,21.5941343,20.3661096,20.734884488681793,-0.05686843857408064,-0.03979088947863996,0.018107281946562415,0.018107281946562415,Habitat,CANASTA_PODADA
2025-04-08,2025-04-03,21.0786924,20.3382395,20.49284447789747,-0.03512802815036098,-0.027793371191399463,0.007601689315216875,0.007601689315216875,Habitat,CANASTA_PODADA
2025-04-09,2025-04-04,20.4734145,20.938213,20.742636026501906,0.022702539432296387,0.013149810770543668,-0.009340671694289093,0.009340671694289093,Habitat,CANASTA_PODADA
2025-04-10,2025-04-04,20.4734145,20.8038804,20.654976191006526,0.016141220605873974,0.008868168570832502,-0.007157520911025617,0.007157520911025617,Habitat,CANASTA_PODADA
2025-04-11,2025-04-04,20.4734145,21.0013542,20.737984768084438,0.025786597540923273,0.012922625489970807,-0.012540592830702524,0.012540592830702524,Habitat,CANASTA_PODADA
2025-04-14,2025-04-09,20.938213,21.1791759,21.035758159094303,0.011508283920886653,0.00465871462355949,-0.006771639349088088,0.006771639349088088,Habitat,CANASTA_PODADA
2025-04-15,2025-04-10,20.8038804,21.2636701,21.038741831651194,0.02210115089875253,0.011289308875818804,-0.010578054836770878,0.010578054836770878,Habitat,CANASTA_PODADA
2025-04-16,2025-04-11,21.0013542,21.0679367,21.123246237698716,0.0031703907931803776,0.005804008471925748,0.0026252944693305746,0.0026252944693305746,Habitat,CANASTA_PODADA
2025-04-17,2025-04-11,21.0013542,21.005324,21.131661529957903,0.00018902590576752587,0.006204710835166161,0.00601454802401058,0.00601454802401058,Habitat,CANASTA_PODADA
2025-04-18,2025-04-11,21.0013542,21.0103527,21.147394605826726,0.00042847236965304347,0.006953856614956955,0.006522589495926434,0.006522589495926434,Habitat,CANASTA_PODADA
2025-04-21,2025-04-16,21.0679367,20.928118800000004,21.0300692570335,-0.006636525540728244,-0.0017973968455345934,0.004871458252305727,0.004871458252305727,Habitat,CANASTA_PODADA
2025-04-22,2025-04-17,21.005324,21.0937616,21.047126086227,0.004210246887884184,0.0019900710042366487,-0.0022108675852769988,0.0022108675852769988,Habitat,CANASTA_PODADA
2025-04-23,2025-04-18,21.0103527,21.2446396,21.130910247053105,0.011151021753195156,0.005738006818567509,-0.005353319947441926,0.005353319947441926,Habitat,CANASTA_PODADA
2025-04-24,2025-04-18,21.0103527,21.4565267,21.234502291882396,0.02123591195115937,0.01066853065643203,-0.010347639728549574,0.010347639728549574,Habitat,CANASTA_PODADA
2025-04-25,2025-04-18,21.0103527,21.5110664,21.2462447772903,0.023831760806185986,0.011227421103230828,-0.01231094813178113,0.01231094813178113,Habitat,CANASTA_PODADA
2025-04-28,2025-04-23,21.2446396,21.5364182,21.37736016687174,0.01373422216115161,0.006247249629583784,-0.007385537913089935,0.007385537913089935,Habitat,CANASTA_PODADA
2025-04-29,2025-04-24,21.4565267,21.5225296,21.508336252625764,0.003076122287769767,0.002414629047382766,-0.0006594646464900267,0.0006594646464900267,Habitat,CANASTA_PODADA
2025-04-30,2025-04-25,21.5110664,21.5294731,21.51510661243963,0.0008556851463208393,0.00018782018355123498,-0.0006672939692318192,0.0006672939692318192,Habitat,CANASTA_PODADA
2025-05-01,2025-04-25,21.5110664,21.4581543,21.527571868721118,-0.0024597618275215005,0.0007673012771285403,0.003235020484549267,0.003235020484549267,Habitat,CANASTA_PODADA
2025-05-02,2025-04-25,21.5110664,21.6596592,21.626170070622308,0.0069077374983139705,0.005350904900851772,-0.0015461521840423043,0.0015461521840423043,Habitat,CANASTA_PODADA
2025-05-05,2025-04-30,21.5294731,21.7453256,21.664536252985943,0.010025907229471498,0.00627340726633685,-0.0037152511992765147,0.0037152511992765147,Habitat,CANASTA_PODADA
2025-05-06,2025-05-01,21.4581543,21.721802200000003,21.58539445173314,0.01228660658852676,0.005929687612188594,-0.00627976201103897,0.00627976201103897,Habitat,CANASTA_PODADA
2025-05-07,2025-05-02,21.6596592,21.6576562,21.66620629287082,-9.247606259654706e-05,0.00030227127815662946,0.0003947838488089772,0.0003947838488089772,Habitat,CANASTA_PODADA
2025-05-08,2025-05-02,21.6596592,21.6444755,21.727608660705815,-0.0007010128765092549,0.0031371435754545818,0.003840848936524921,0.003840848936524921,Habitat,CANASTA_PODADA
2025-05-09,2025-05-02,21.6596592,21.7604098,21.762817031824415,0.004651532097974975,0.004762671049986622,0.00011062437916109502,0.00011062437916109502,Habitat,CANASTA_PODADA
2025-05-12,2025-05-07,21.6576562,21.9710001,21.865986243149436,0.014468042945477988,0.009619233089009693,-0.0047796575655454365,0.0047796575655454365,Habitat,CANASTA_PODADA
2025-05-13,2025-05-08,21.6444755,22.1705722,21.86257269293174,0.024306280833647387,0.010076344558764605,-0.013892266933383857,0.013892266933383857,Habitat,CANASTA_PODADA
2025-05-14,2025-05-09,21.7604098,22.195125200000003,21.946649510066827,0.019977353551494215,0.00855864902263126,-0.011195056918767765,0.011195056918767765,Habitat,CANASTA_PODADA
2025-05-15,2025-05-09,21.7604098,22.2580053,21.955689047261654,0.022867009609350175,0.00897406110714205,-0.013582360533373916,0.013582360533373916,Habitat,CANASTA_PODADA
2025-05-16,2025-05-09,21.7604098,22.2901677,21.9488870872346,0.02434503324473236,0.008661476919179956,-0.015310814048536847,0.015310814048536847,Habitat,CANASTA_PODADA
2025-05-19,2025-05-14,22.195125200000003,22.3011771,22.22731932293169,0.0047781618280755556,0.0014505042274637336,-0.0033118331259881506,0.0033118331259881506,Habitat,CANASTA_PODADA
2025-05-20,2025-05-15,22.2580053,22.3534277,22.2981169279277,0.0042871047388959305,0.0018021214114680717,-0.002474375420835284,0.002474375420835284,Habitat,CANASTA_PODADA
2025-05-21,2025-05-16,22.2901677,22.2738972,22.28537617095147,-0.0007299406724518009,-0.00021496155224220992,0.0005153552990029286,0.0005153552990029286,Habitat,CANASTA_PODADA
2025-05-22,2025-05-16,22.2901677,22.112999100000003,22.220056219227676,-0.007948284749782264,-0.003145399429737239,0.004841365874594272,0.004841365874594272,Habitat,CANASTA_PODADA
2025-05-23,2025-05-16,22.2901677,22.171776,22.285616712150798,-0.005311386688221287,-0.0002041701933540585,0.005134487744725469,0.005134487744725469,Habitat,CANASTA_PODADA
2025-05-26,2025-05-21,22.2738972,22.1701776,22.291455436767624,-0.0046565537709315485,0.0007882875910742992,0.005470314174101487,0.005470314174101487,Habitat,CANASTA_PODADA
2025-05-27,2025-05-22,22.112999100000003,22.1965901,22.27770829260787,0.003780174711805584,0.007448523461834,0.003654533973119989,0.003654533973119989,Habitat,CANASTA_PODADA
2025-05-28,2025-05-23,22.171776,22.1791996,22.255389348677372,0.00033482207289114996,0.003771161528845157,0.0034351892787587435,0.0034351892787587435,Habitat,CANASTA_PODADA
2025-05-29,2025-05-23,22.171776,22.1879381,22.295879166676162,0.0007289492731659131,0.005597348930286961,0.004864853425752047,0.004864853425752047,Habitat,CANASTA_PODADA
2025-05-30,2025-05-23,22.171776,22.0852618,22.281659936099036,-0.0039019968449979237,0.004956027703826527,0.00889272392954088,0.00889272392954088,Habitat,CANASTA_PODADA
2025-06-02,2025-05-28,22.1791996,22.2930833,22.28539815915403,0.005134707385923809,0.004788205213412278,-0.00034473207418406204,0.00034473207418406204,Habitat,CANASTA_PODADA
2025-06-03,2025-05-29,22.1879381,22.4102807,22.322560678172174,0.01002087706383148,0.006067376678510428,-0.003914275907656362,0.003914275907656362,Habitat,CANASTA_PODADA
2025-06-04,2025-05-30,22.0852618,22.4496337,22.239322446362504,0.016498418868641007,0.006975721988611516,-0.009368137424776601,0.009368137424776601,Habitat,CANASTA_PODADA
2025-06-05,2025-05-30,22.0852618,22.6247989,22.31232912052351,0.02442973530882009,0.010281395918227743,-0.013810941739530236,0.013810941739530236,Habitat,CANASTA_PODADA
2025-06-06,2025-05-30,22.0852618,22.7614748,22.369856520001775,0.03061829224048407,0.012886182766544074,-0.017205312197003275,0.017205312197003275,Habitat,CANASTA_PODADA
2025-06-09,2025-06-04,22.4496337,22.767338100000003,22.60334540914384,0.01415187455820277,0.006846958449208129,-0.007202980433455353,0.007202980433455353,Habitat,CANASTA_PODADA
2025-06-10,2025-06-05,22.6247989,22.8177277,22.724701601828155,0.008527315573178429,0.004415628278939376,-0.004076922092984936,0.004076922092984936,Habitat,CANASTA_PODADA
2025-06-11,2025-06-06,22.7614748,22.8001326,22.834746106986824,0.0016983873118803228,0.003219093122508232,0.001518127442242223,0.001518127442242223,Habitat,CANASTA_PODADA
2025-06-12,2025-06-06,22.7614748,22.8193577,22.84125489751303,0.0025430206306316094,0.0035050495723163433,0.0009595886878546178,0.0009595886878546178,Habitat,CANASTA_PODADA
2025-06-13,2025-06-06,22.7614748,22.7490273,22.830742530638425,-0.000546867024626918,0.003043200462494955,0.0035920318508924076,0.0035920318508924076,Habitat,CANASTA_PODADA
2025-06-16,2025-06-11,22.8001326,22.816651200000003,22.898294695421946,0.0007244957864851465,0.004305330023472997,0.0035782418158691875,0.0035782418158691875,Habitat,CANASTA_PODADA
2025-06-17,2025-06-12,22.8193577,22.7784148,22.909189977113158,-0.0017942178977281564,0.003936669835065354,0.005741188676270825,0.005741188676270825,Habitat,CANASTA_PODADA
2025-06-18,2025-06-13,22.7490273,22.6521496,22.843981242257424,-0.004258542517991515,0.00417397812245901,0.008468584467472562,0.008468584467472562,Habitat,CANASTA_PODADA
2025-06-19,2025-06-13,22.7490273,22.6784374,22.844838546030008,-0.0031029854186337413,0.004211663416044509,0.0073374167318074335,0.0073374167318074335,Habitat,CANASTA_PODADA
2025-06-20,2025-06-13,22.7490273,22.6046268,22.82274398043355,-0.006347546121235892,0.0032404321934920155,0.009649227229602042,0.009649227229602042,Habitat,CANASTA_PODADA
2025-06-23,2025-06-18,22.6521496,22.6270883,22.650658495667056,-0.0011063541625206952,-6.582617364248033e-05,0.001041680456387084,0.001041680456387084,Habitat,CANASTA_PODADA
2025-06-24,2025-06-19,22.6784374,22.718684600000003,22.74130797242393,0.0017746901733186604,0.0027722620970318523,0.0009958046789348973,0.0009958046789348973,Habitat,CANASTA_PODADA
2025-06-25,2025-06-20,22.6046268,22.741502500000003,22.635148650846652,0.006055207246332683,0.0013502479433393777,-0.004676641270881299,0.004676641270881299,Habitat,CANASTA_PODADA
2025-06-26,2025-06-20,22.6046268,22.8726671,22.795858627258514,0.01185776267715255,0.00845985332783794,-0.0033580899160415845,0.0033580899160415845,Habitat,CANASTA_PODADA
2025-06-27,2025-06-20,22.6046268,22.8806792,22.777342617218377,0.012212207812251963,0.0076407285440509565,-0.0045163249691303475,0.0045163249691303475,Habitat,CANASTA_PODADA
2025-06-30,2025-06-25,22.741502500000003,22.950805,22.93358272162165,0.009203547566832837,0.008446241475102534,-0.0007503997519192618,0.0007503997519192618,Habitat,CANASTA_PODADA
2025-07-01,2025-06-26,22.8726671,23.0243875,22.92959323469347,0.006633262283610053,0.002488828016627309,-0.0041171243016357995,0.0041171243016357995,Habitat,CANASTA_PODADA
2025-07-02,2025-06-27,22.8806792,23.0479488,23.03112466219317,0.007310517250729287,0.006575218369967439,-0.000729962477477808,0.000729962477477808,Habitat,CANASTA_PODADA
2025-07-03,2025-06-27,22.8806792,23.1103679,23.101053594842057,0.010038543785885645,0.009631462113329992,-0.00040303578022848896,0.00040303578022848896,Habitat,CANASTA_PODADA
2025-07-04,2025-06-27,22.8806792,23.1468275,23.106494088300533,0.011632010469339704,0.0098692388598558,-0.001742502798686707,0.001742502798686707,Habitat,CANASTA_PODADA
2025-07-07,2025-07-02,23.0479488,23.1482499,23.1139310604435,0.004351844967652729,0.002862825712433903,-0.0014825673519490712,0.0014825673519490712,Habitat,CANASTA_PODADA
2025-07-08,2025-07-03,23.1103679,23.0585752,23.06971665495025,-0.0022411023582190603,-0.00175900466949086,0.000483180545788775,0.000483180545788775,Habitat,CANASTA_PODADA
2025-07-09,2025-07-04,23.1468275,23.1407802,23.098115355443777,-0.00026125826530665197,-0.002104484709890553,-0.0018437081285712642,0.0018437081285712642,Habitat,CANASTA_PODADA
2025-07-10,2025-07-04,23.1468275,23.1317046,23.12308558441008,-0.0006533465547277073,-0.001025709272249875,-0.00037260615847212186,0.00037260615847212186,Habitat,CANASTA_PODADA
2025-07-11,2025-07-04,23.1468275,23.15605,23.116778890599175,0.0003984347314982539,-0.0012981739895381317,-0.0016959330024259867,0.0016959330024259867,Habitat,CANASTA_PODADA
2025-07-14,2025-07-09,23.1407802,23.1816109,23.149146666047677,0.0017644478555653986,0.0003615464118049694,-0.0014004304572432513,0.0014004304572432513,Habitat,CANASTA_PODADA
2025-07-15,2025-07-10,23.1317046,23.0857602,23.065576567132975,-0.001986209005971795,-0.0028587617735280624,-0.0008742892888154996,0.0008742892888154996,Habitat,CANASTA_PODADA
2025-07-16,2025-07-11,23.15605,23.0459172,23.094227349012613,-0.004756113413125207,-0.0026698271504590476,0.0020962562953499297,0.0020962562953499297,Habitat,CANASTA_PODADA
2025-07-17,2025-07-11,23.15605,23.1987158,23.141569932212423,0.0018425335927327868,-0.0006253254673217468,-0.0024633203096343648,0.0024633203096343648,Habitat,CANASTA_PODADA
2025-07-18,2025-07-11,23.15605,23.1791061,23.157046793183497,0.0009956836334348296,4.304677108124544e-05,-0.0009516892809123823,0.0009516892809123823,Habitat,CANASTA_PODADA
2025-07-21,2025-07-16,23.0459172,23.289851,23.152343935549382,0.01058468612392649,0.004618029936746426,-0.005904162480499187,0.005904162480499187,Habitat,CANASTA_PODADA
2025-07-22,2025-07-17,23.1987158,23.2979315,23.29348317064116,0.004276775527376486,0.004085026578978246,-0.00019093237349587788,0.00019093237349587788,Habitat,CANASTA_PODADA
2025-07-23,2025-07-18,23.1791061,23.3811871,23.327987421022417,0.008718239570075559,0.006423082942893066,-0.002275319843686674,0.002275319843686674,Habitat,CANASTA_PODADA
2025-07-24,2025-07-18,23.1791061,23.3580702,23.376923224608124,0.007720923284440184,0.008534286169393113,0.0008071310877437732,0.0008071310877437732,Habitat,CANASTA_PODADA
2025-07-25,2025-07-18,23.1791061,23.3453145,23.366769248582067,0.007170613020318406,0.008096220267185705,0.0009190173292403792,0.0009190173292403792,Habitat,CANASTA_PODADA
2025-07-28,2025-07-23,23.3811871,23.3338143,23.43792712319649,-0.002026107562348667,0.0024267383411209487,0.004461886164770279,0.004461886164770279,Habitat,CANASTA_PODADA
2025-07-29,2025-07-24,23.3580702,23.3553038,23.385272083236355,-0.00011843444155756888,0.001164560385487512,0.001283146795819201,0.001283146795819201,Habitat,CANASTA_PODADA
2025-07-30,2025-07-25,23.3453145,23.3936283,23.2790437405608,0.0020695287698950793,-0.00283871778378475,-0.00489810977458327,0.00489810977458327,Habitat,CANASTA_PODADA
2025-07-31,2025-07-25,23.3453145,23.4170551,23.36951920983415,0.0030730192133414658,0.0010368123262656237,-0.002029968754092004,0.002029968754092004,Habitat,CANASTA_PODADA
2025-08-01,2025-07-25,23.3453145,23.2699205,23.28594769801476,-0.003229513142776419,-0.002542985744965698,0.0006887517305766977,0.0006887517305766977,Habitat,CANASTA_PODADA
2025-08-04,2025-07-30,23.3936283,23.4035135,23.485653626709954,0.00042255950523073516,0.0039337774170735695,0.00350973484002548,0.00350973484002548,Habitat,CANASTA_PODADA
2025-08-05,2025-07-31,23.4170551,23.358686,23.430280427839197,-0.002492589258159983,0.0005647733151210588,0.003065002365252756,0.003065002365252756,Habitat,CANASTA_PODADA
2025-08-06,2025-08-01,23.2699205,23.4681298,23.421966084298614,0.0085178331399971,0.006533996723306901,-0.0019670811477012773,0.0019670811477012773,Habitat,CANASTA_PODADA
2025-08-07,2025-08-01,23.2699205,23.4900671,23.444099563215833,0.009460565196172332,0.007485159359089,-0.001956892527742893,0.001956892527742893,Habitat,CANASTA_PODADA
2025-08-08,2025-08-01,23.2699205,23.463583600000003,23.54311847176304,0.008322465046668448,0.011740391281656493,0.003389715446665109,0.003389715446665109,Habitat,CANASTA_PODADA
2025-08-11,2025-08-06,23.4681298,23.4544301,23.545276134761423,-0.0005837576371339193,0.0032872808962145506,0.003873299601571789,0.003873299601571789,Habitat,CANASTA_PODADA
2025-08-12,2025-08-07,23.4900671,23.5948818,23.63762559632379,0.004462086019328515,0.006281740094467025,0.0018115706908856666,0.0018115706908856666,Habitat,CANASTA_PODADA
2025-08-13,2025-08-08,23.463583600000003,23.7446964,23.569027826725744,0.011980812683702657,0.004493952352859765,-0.007398223599702658,0.007398223599702658,Habitat,CANASTA_PODADA
2025-08-14,2025-08-08,23.463583600000003,23.8220375,23.530808040115446,0.015277031254509632,0.002865054258610389,-0.012225212049328471,0.012225212049328471,Habitat,CANASTA_PODADA
2025-08-15,2025-08-08,23.463583600000003,23.8016727,23.544188088858252,0.014409099043165563,0.003435301709763028,-0.01081792084056965,0.01081792084056965,Habitat,CANASTA_PODADA
2025-08-18,2025-08-13,23.7446964,23.7610963,23.754651767102967,0.0006906763398331073,0.00041926697799210544,-0.00027122203519835963,0.00027122203519835963,Habitat,CANASTA_PODADA
2025-08-19,2025-08-14,23.8220375,23.5593557,23.80044063484076,-0.011026840168478436,-0.0009065918546740104,0.01023308692778735,0.01023308692778735,Habitat,CANASTA_PODADA
2025-08-20,2025-08-15,23.8016727,23.4664752,23.718063237051382,-0.014082938801187717,-0.003512755763111497,0.010721168599337805,0.010721168599337805,Habitat,CANASTA_PODADA
2025-08-21,2025-08-15,23.8016727,23.516869900000003,23.752166347633096,-0.011965663236768953,-0.002079952656726669,0.01000543221243455,0.01000543221243455,Habitat,CANASTA_PODADA
2025-08-22,2025-08-15,23.8016727,23.684403000000003,23.913650200748933,-0.004926952045685384,0.004704606359406505,0.009679247593824991,0.009679247593824991,Habitat,CANASTA_PODADA
2025-08-25,2025-08-20,23.4664752,23.7390335,23.668973979501278,0.011614795050259641,0.008629279760825614,-0.0029512372733592196,0.0029512372733592196,Habitat,CANASTA_PODADA
2025-08-26,2025-08-21,23.516869900000003,23.9394507,23.741660763934824,0.01796926214232264,0.009558706787539784,-0.008262091663831406,0.008262091663831406,Habitat,CANASTA_PODADA
2025-08-27,2025-08-22,23.684403000000003,23.9160138,23.743842521126243,0.009779043195642156,0.002509648274699572,-0.0071989956316950154,0.0071989956316950154,Habitat,CANASTA_PODADA
2025-08-28,2025-08-22,23.684403000000003,24.050030900000003,23.805384346202967,0.01543749698905228,0.005108059772626072,-0.01017240080955717,0.01017240080955717,Habitat,CANASTA_PODADA
2025-08-29,2025-08-22,23.684403000000003,23.9920331,23.821667358079786,0.012988720889439254,0.005795559131458017,-0.0071009297632310675,0.0071009297632310675,Habitat,CANASTA_PODADA
2025-09-01,2025-08-27,23.9160138,24.0555541,23.99405949613024,0.005834596900926581,0.003263323762183079,-0.0025563578213214644,0.0025563578213214644,Habitat,CANASTA_PODADA
2025-09-02,2025-08-28,24.050030900000003,24.0648566,24.21668311986446,0.0006164524304206331,0.00692939732831932,0.006309055665200125,0.006309055665200125,Habitat,CANASTA_PODADA
2025-09-03,2025-08-29,23.9920331,24.1227419,24.214219661921653,0.0054480084891179725,0.009260847590346621,0.003792179276338903,0.003792179276338903,Habitat,CANASTA_PODADA
2025-09-04,2025-08-29,23.9920331,24.103771700000003,24.21531990522518,0.004657321017117244,0.009306706284311517,0.004627831968105456,0.004627831968105456,Habitat,CANASTA_PODADA
2025-09-05,2025-08-29,23.9920331,24.215251400000003,24.22817537603494,0.009303850952089743,0.009842528769891556,0.0005337122386819271,0.0005337122386819271,Habitat,CANASTA_PODADA
2025-09-08,2025-09-03,24.1227419,24.2633764,24.183986439359288,0.005829955010213661,0.002538871394187847,-0.0032720079568444582,0.0032720079568444582,Habitat,CANASTA_PODADA
2025-09-09,2025-09-04,24.103771700000003,24.1877493,24.153865703341204,0.0034840024642284195,0.0020782640976142464,-0.001400857774675024,0.001400857774675024,Habitat,CANASTA_PODADA
2025-09-10,2025-09-05,24.215251400000003,24.2131655,24.33074870766056,-8.613992750061694e-05,0.00476961010037491,0.004856168337864064,0.004856168337864064,Habitat,CANASTA_PODADA
2025-09-11,2025-09-05,24.215251400000003,24.3747666,24.441083447798412,0.00658738566719963,0.009326025324618792,0.0027207172436436444,0.0027207172436436444,Habitat,CANASTA_PODADA
2025-09-12,2025-09-05,24.215251400000003,24.4105822,24.466132393769147,0.008066437005894489,0.010360453815860149,0.0022756603391929087,0.0022756603391929087,Habitat,CANASTA_PODADA
2025-09-15,2025-09-10,24.2131655,24.5026542,24.393954050738447,0.011955838653149309,0.00746653925685381,-0.004436260185296637,0.004436260185296637,Habitat,CANASTA_PODADA
2025-09-16,2025-09-11,24.3747666,24.4330368,24.443709647695187,0.0023905951985607743,0.002828459809546935,0.0004368203503539725,0.0004368203503539725,Habitat,CANASTA_PODADA
2025-09-17,2025-09-12,24.4105822,24.4594674,24.466477380441592,0.0020026232721315207,0.002289793007951735,0.0002865957924165219,0.0002865957924165219,Habitat,CANASTA_PODADA
2025-09-18,2025-09-12,24.4105822,24.4951509,24.45492906627798,0.0034644278168833864,0.0018167066198846449,-0.0016420324939504516,0.0016420324939504516,Habitat,CANASTA_PODADA
2025-09-19,2025-09-12,24.4105822,24.631882500000003,24.51293860447332,0.009065752639033864,0.004193116068871072,-0.004828859325984647,0.004828859325984647,Habitat,CANASTA_PODADA
2025-09-22,2025-09-17,24.4594674,24.7908516,24.58594291203522,0.013548299911060102,0.005170820360349326,-0.00826549613022487,0.00826549613022487,Habitat,CANASTA_PODADA
2025-09-23,2025-09-18,24.4951509,24.8105836,24.610660246739286,0.012877352798835062,0.00471560053705522,-0.008057986723888022,0.008057986723888022,Habitat,CANASTA_PODADA
2025-09-24,2025-09-19,24.631882500000003,24.8418992,24.74608052900866,0.008526213942438021,0.004636187632376609,-0.003857139513364638,0.003857139513364638,Habitat,CANASTA_PODADA
2025-09-25,2025-09-19,24.631882500000003,24.775420800000003,24.73328071664988,0.005827337800917043,0.004116543534578687,-0.0017008826485854778,0.0017008826485854778,Habitat,CANASTA_PODADA
2025-09-26,2025-09-19,24.631882500000003,24.7735032,24.71676980771545,0.005749487478271087,0.003446237116284001,-0.002290083555261946,0.002290083555261946,Habitat,CANASTA_PODADA
2025-09-29,2025-09-24,24.8418992,24.8767214,24.873340486813035,0.0014017527291150245,0.0012656555185215357,-0.00013590670300167584,0.00013590670300167584,Habitat,CANASTA_PODADA
2025-09-30,2025-09-25,24.775420800000003,24.8552251,24.95450189496429,0.0032211077520829523,0.0072281757153560555,0.003994202207578956,0.003994202207578956,Habitat,CANASTA_PODADA
2025-10-01,2025-09-26,24.7735032,24.9710367,24.824064944167908,0.007973579610654369,0.0020409606085871612,-0.005885688992323335,0.005885688992323335,Habitat,CANASTA_PODADA
2025-10-02,2025-09-26,24.7735032,25.0113067,24.832312298827592,0.009599106677815383,0.0023738709197813623,-0.007156539373147086,0.007156539373147086,Habitat,CANASTA_PODADA
2025-10-03,2025-09-26,24.7735032,24.9387957,24.884594722898267,0.0066721488142218455,0.004484287991141533,-0.0021733598427823297,0.0021733598427823297,Habitat,CANASTA_PODADA
2025-10-06,2025-10-01,24.9710367,25.0902639,25.207011408351637,0.004774619549535952,0.009449936387768698,0.0046531000557406,0.0046531000557406,Habitat,CANASTA_PODADA
2025-10-07,2025-10-02,25.0113067,24.9416563,25.28830794978279,-0.0027847565437274513,0.01107504110462143,0.013898501591603996,0.013898501591603996,Habitat,CANASTA_PODADA
2025-10-08,2025-10-03,24.9387957,25.1926523,25.28323192676854,0.010179184394216723,0.01381126141422051,0.0035954779865929876,0.0035954779865929876,Habitat,CANASTA_PODADA
2025-10-09,2025-10-03,24.9387957,24.993081900000004,25.322439604053617,0.0021767771248073498,0.015383417413921796,0.013177954818513804,0.013177954818513804,Habitat,CANASTA_PODADA
2025-10-10,2025-10-03,24.9387957,24.6580929,25.111452341645546,-0.011255667810775694,0.0069232148866573695,0.018385827463791582,0.018385827463791582,Habitat,CANASTA_PODADA
2025-10-13,2025-10-08,25.1926523,24.8915302,25.250169484511265,-0.011952774817600265,0.0022830936507334254,0.014408085064664622,0.014408085064664622,Habitat,CANASTA_PODADA
2025-10-14,2025-10-09,24.993081900000004,24.9018328,24.928033109047917,-0.0036509743122156157,-0.002602671859851191,0.0010521438023596286,0.0010521438023596286,Habitat,CANASTA_PODADA
2025-10-15,2025-10-10,24.6580929,24.9935098,24.888087312055507,0.013602710532411022,0.009327339830709658,-0.004217994542907055,0.004217994542907055,Habitat,CANASTA_PODADA
2025-10-16,2025-10-10,24.6580929,25.0450518,24.9048328690521,0.01569297761871913,0.01000644981153842,-0.005598668035012744,0.005598668035012744,Habitat,CANASTA_PODADA
2025-10-17,2025-10-10,24.6580929,24.855886,24.836978200936148,0.008021427318087637,0.0072546283957000135,-0.0007606970463195362,0.0007606970463195362,Habitat,CANASTA_PODADA
2025-10-20,2025-10-15,24.9935098,24.9705302,25.071431971120962,-0.0009194226894856383,0.0031176962237196015,0.004040834147805317,0.004040834147805317,Habitat,CANASTA_PODADA
2025-10-21,2025-10-16,25.0450518,24.6956723,24.951071325250542,-0.013950041021676074,-0.0037524567926610075,0.010341853509715726,0.010341853509715726,Habitat,CANASTA_PODADA
2025-10-22,2025-10-17,24.855886,24.6261133,24.76999272591921,-0.009244196726682863,-0.0034556512723301624,0.005842555183858789,0.005842555183858789,Habitat,CANASTA_PODADA
2025-10-23,2025-10-17,24.855886,24.708423000000003,24.82437565120548,-0.00593271951762242,-0.00126772181021928,0.00469283900496098,0.00469283900496098,Habitat,CANASTA_PODADA
2025-10-24,2025-10-17,24.855886,24.7401647,24.825771907923823,-0.004655690004371604,-0.0012115477225869142,0.0034602521430999733,0.0034602521430999733,Habitat,CANASTA_PODADA
2025-10-27,2025-10-22,24.6261133,24.7466712,24.762399105602338,0.0048955309565639205,0.005534198756502073,0.0006355564138393888,0.0006355564138393888,Habitat,CANASTA_PODADA
2025-10-28,2025-10-23,24.708423000000003,24.8743008,24.847949970019762,0.006713411050150775,0.0056469395080276374,-0.0010593596255070725,0.0010593596255070725,Habitat,CANASTA_PODADA
2025-10-29,2025-10-24,24.7401647,24.9988699,24.97466160467081,0.010456890774053651,0.009478388988688025,-0.0009683755876176425,0.0009683755876176425,Habitat,CANASTA_PODADA
2025-10-30,2025-10-24,24.7401647,24.8654953,24.959135637304914,0.005065875733640368,0.008850827791979654,0.003765874605558883,0.003765874605558883,Habitat,CANASTA_PODADA
2025-10-31,2025-10-24,24.7401647,24.8355364,24.95902177102327,0.0038549339164259955,0.008846225305172206,0.0049721241786133685,0.0049721241786133685,Habitat,CANASTA_PODADA
2025-11-03,2025-10-29,24.9988699,24.8211973,24.971356553965176,-0.007107225275011286,-0.0011005835921735763,0.006049637821668341,0.006049637821668341,Habitat,CANASTA_PODADA
2025-11-04,2025-10-30,24.8654953,24.4969825,24.7085671036424,-0.01482024771893431,-0.006311082665527934,0.008637170053185095,0.008637170053185095,Habitat,CANASTA_PODADA
2025-11-05,2025-10-31,24.8355364,24.6214147,24.76465216790107,-0.008621585479426153,-0.002854145405086883,0.005817596984021733,0.005817596984021733,Habitat,CANASTA_PODADA
2025-11-06,2025-10-31,24.8355364,24.4978068,24.750660255243954,-0.013598643273112443,-0.0034175281495448795,0.010321473155056271,0.010321473155056271,Habitat,CANASTA_PODADA
2025-11-07,2025-10-31,24.8355364,24.4483761,24.754431049819118,-0.015588964690128382,-0.003265697542207402,0.012518416297560009,0.012518416297560009,Habitat,CANASTA_PODADA
2025-11-10,2025-11-05,24.6214147,24.7245554,24.775483724201436,0.0041890647331488395,0.006257521189529269,0.002059827704786077,0.002059827704786077,Habitat,CANASTA_PODADA
2025-11-11,2025-11-06,24.4978068,24.6931094,24.663488414993715,0.00797224835653454,0.006763120321191973,-0.0011995648067831821,0.0011995648067831821,Habitat,CANASTA_PODADA
2025-11-12,2025-11-07,24.4483761,24.8414124,24.70408876433651,0.016076172028456348,0.010459290354933204,-0.005528012395281001,0.005528012395281001,Habitat,CANASTA_PODADA
2025-11-13,2025-11-07,24.4483761,24.6452358,24.5583252553439,0.008052056267246144,0.004497196660186331,-0.003526464317947342,0.003526464317947342,Habitat,CANASTA_PODADA
2025-11-14,2025-11-07,24.4483761,24.5220918,24.55218515079914,0.003015157313454253,0.004246050959562098,0.0012271934647574145,0.0012271934647574145,Habitat,CANASTA_PODADA
2025-11-17,2025-11-12,24.8414124,24.3368222,24.59935397695809,-0.02031246017235311,-0.00974414896964193,0.010787430454173519,0.010787430454173519,Habitat,CANASTA_PODADA
2025-11-18,2025-11-13,24.6452358,24.1807269,24.468383388640696,-0.018847817232083397,-0.007175926933484678,0.01189610592892043,0.01189610592892043,Habitat,CANASTA_PODADA
2025-11-19,2025-11-14,24.5220918,24.3647778,24.40615437866118,-0.006415194971254423,-0.004727876491303906,0.0016982128464633206,0.0016982128464633206,Habitat,CANASTA_PODADA
2025-11-20,2025-11-14,24.5220918,23.9638432,24.283952669032686,-0.02276512968604083,-0.00971120787368196,0.013358018843683928,0.013358018843683928,Habitat,CANASTA_PODADA
2025-11-21,2025-11-14,24.5220918,23.9981105,24.279343277407285,-0.02136772442879442,-0.009899176814626931,0.011718955015532773,0.011718955015532773,Habitat,CANASTA_PODADA
2025-11-24,2025-11-19,24.3647778,24.2726071,24.297694443203532,-0.003782948515130724,-0.002753292369301441,0.001033566073070702,0.001033566073070702,Habitat,CANASTA_PODADA
2025-11-25,2025-11-20,23.9638432,24.3008758,24.093980490880757,0.01406421320600204,0.005430568452424067,-0.008513903400931833,0.008513903400931833,Habitat,CANASTA_PODADA
2025-11-26,2025-11-21,23.9981105,24.6499513,24.320618785526317,0.027162171788483125,0.013438903263918167,-0.013360371810295812,0.013360371810295812,Habitat,CANASTA_PODADA
2025-11-27,2025-11-21,23.9981105,24.7121925,24.34060749153936,0.029755759312801056,0.014271831590214612,-0.015036505096042818,0.015036505096042818,Habitat,CANASTA_PODADA
2025-11-28,2025-11-21,23.9981105,24.9228243,24.4583523294463,0.03853277531995691,0.019178252781455463,-0.018636409941456766,0.018636409941456766,Habitat,CANASTA_PODADA
2025-12-01,2025-11-26,24.6499513,25.0515283,24.786768721148572,0.01629118837244925,0.005550413446397728,-0.0105685998746603,0.0105685998746603,Habitat,CANASTA_PODADA
2025-12-02,2025-11-27,24.7121925,25.1330409,24.85628626033562,0.01702999035799846,0.005830877221258968,-0.011011585934449397,0.011011585934449397,Habitat,CANASTA_PODADA
2025-12-03,2025-11-28,24.9228243,25.2757614,25.065576854784194,0.014161200020978537,0.005727784021018589,-0.008315656327401721,0.008315656327401721,Habitat,CANASTA_PODADA
2025-12-04,2025-11-28,24.9228243,25.3227481,25.180643448366645,0.016046487957626754,0.010344700314187438,-0.005611738942083999,0.005611738942083999,Habitat,CANASTA_PODADA
2025-12-05,2025-11-28,24.9228243,25.4056928,25.177134809387134,0.019374549777651184,0.010203920162737523,-0.008996329775855072,0.008996329775855072,Habitat,CANASTA_PODADA
2025-12-08,2025-12-03,25.2757614,25.3695303,25.359519570464563,0.0037098348301389805,0.003313774376132672,-0.0003945965659221118,0.0003945965659221118,Habitat,CANASTA_PODADA
2025-12-09,2025-12-04,25.3227481,25.5035934,25.353190769091245,0.0071416143021223455,0.001202186625678614,-0.005897311353338708,0.005897311353338708,Habitat,CANASTA_PODADA
2025-12-10,2025-12-05,25.4056928,25.706447000000004,25.526440617335627,0.011838063317840541,0.004752785853398445,-0.007002382813322217,0.007002382813322217,Habitat,CANASTA_PODADA
2025-12-11,2025-12-05,25.4056928,25.7982052,25.5204966166169,0.015449781397026241,0.00451882251433422,-0.010764647433035512,0.010764647433035512,Habitat,CANASTA_PODADA
2025-12-12,2025-12-05,25.4056928,25.605768200000004,25.539975592065748,0.007875219210711881,0.0052855394703406056,-0.0025694447993267477,0.0025694447993267477,Habitat,CANASTA_PODADA
2025-12-15,2025-12-10,25.706447000000004,25.563125,25.693161689171983,-0.005575332911623487,-0.0005168085199802608,0.005086885471630831,0.005086885471630831,Habitat,CANASTA_PODADA
2025-12-16,2025-12-11,25.7982052,25.7123733,25.775249280988785,-0.0033270492786064976,-0.0008898262043135485,0.0024453589038699874,0.0024453589038699874,Habitat,CANASTA_PODADA
2025-12-17,2025-12-12,25.605768200000004,25.4973774,25.558386455735395,-0.00423306183018568,-0.001850432445319461,0.002392758077754076,0.002392758077754076,Habitat,CANASTA_PODADA
2025-12-18,2025-12-12,25.605768200000004,25.6848179,25.608972880880636,0.003087183301143659,0.00012515464701556844,-0.0029529124720546474,0.0029529124720546474,Habitat,CANASTA_PODADA
2025-12-19,2025-12-12,25.605768200000004,25.9936386,25.78322301702128,0.015147774398738711,0.006930267259908973,-0.008094887607567158,0.008094887607567158,Habitat,CANASTA_PODADA
2025-12-22,2025-12-17,25.4973774,26.3145885,25.879029878924126,0.0320507904471774,0.01496830332535004,-0.016551982983730618,0.016551982983730618,Habitat,CANASTA_PODADA
2025-12-23,2025-12-18,25.6848179,26.476217,26.061517097616363,0.030811941244091923,0.014666220297258281,-0.015663110118172674,0.015663110118172674,Habitat,CANASTA_PODADA
2025-12-24,2025-12-19,25.9936386,26.5181252,26.218537871953817,0.020177498351461987,0.008652088898158938,-0.011297455072207807,0.011297455072207807,Habitat,CANASTA_PODADA
2025-12-26,2025-12-19,25.9936386,26.7298332,26.322380298181294,0.02832210647108102,0.012647005801692313,-0.015243376147169863,0.015243376147169863,Habitat,CANASTA_PODADA
2025-12-29,2025-12-24,26.5181252,26.4690296,26.531445920623455,-0.0018513978507047613,0.0005023251275491081,0.0023580887386764893,0.0023580887386764893,Habitat,CANASTA_PODADA
2025-12-30,2025-12-24,26.5181252,26.5973696,26.63181434098522,0.0029883108026054206,0.004287223931849438,0.001295043137845342,0.001295043137845342,Habitat,CANASTA_PODADA
2025-12-31,2025-12-26,26.7298332,26.5003785,26.70793253130363,-0.00858421742788884,-0.0008193342821297689,0.00783211573010667,0.00783211573010667,Habitat,CANASTA_PODADA
2026-01-02,2025-12-26,26.7298332,26.862067000000003,26.81361829980503,0.004947049201938114,0.0031345163727032332,-0.0018036102804365184,0.0018036102804365184,Habitat,CANASTA_PODADA
2026-01-05,2025-12-31,26.5003785,27.2684942,26.854208380118255,0.028985084118704263,0.013351880242701286,-0.015192838183259338,0.015192838183259338,Habitat,CANASTA_PODADA
2026-01-06,2025-12-31,26.5003785,27.7736158,27.11763297474836,0.048046004324051594,0.023292289004414046,-0.023618920560269374,0.023618920560269374,Habitat,CANASTA_PODADA
2026-01-07,2026-01-02,26.862067000000003,27.7565226,27.371491823956713,0.03329809280871787,0.018964468518253286,-0.013871722390876418,0.013871722390876418,Habitat,CANASTA_PODADA
2026-01-08,2026-01-02,26.862067000000003,27.707101400000003,27.48383695869948,0.03145827906690868,0.023146765239602685,-0.008058022312666835,0.008058022312666835,Habitat,CANASTA_PODADA
2026-01-09,2026-01-02,26.862067000000003,27.9908552,27.636795131060058,0.042021643382841534,0.028840972329495562,-0.012649133669197066,0.012649133669197066,Habitat,CANASTA_PODADA
2026-01-12,2026-01-07,27.7565226,28.333933,28.196415509972027,0.02080269233725973,0.015848271640916067,-0.004853455749612046,0.004853455749612046,Habitat,CANASTA_PODADA
2026-01-13,2026-01-08,27.707101400000003,28.4390516,28.099946754459104,0.02641742235800959,0.014178507841282162,-0.011923915407252683,0.011923915407252683,Habitat,CANASTA_PODADA
2026-01-14,2026-01-09,27.9908552,28.5460392,28.32848969704863,0.01983447794049531,0.012062314446492195,-0.00762100484158823,0.00762100484158823,Habitat,CANASTA_PODADA
2026-01-15,2026-01-09,27.9908552,28.7569735,28.377368946109165,0.0273703069994089,0.013808572240735506,-0.013200434805520689,0.013200434805520689,Habitat,CANASTA_PODADA
2026-01-16,2026-01-09,27.9908552,28.8321339,28.406875422852202,0.030055483978210118,0.01486271926597671,-0.014749462479008435,0.014749462479008435,Habitat,CANASTA_PODADA
2026-01-19,2026-01-14,28.5460392,28.8526907,28.633411239927682,0.01074234845161981,0.003060741257851385,-0.007599965713850021,0.007599965713850021,Habitat,CANASTA_PODADA
2026-01-20,2026-01-15,28.7569735,29.0239506,28.80255535285041,0.009283908127536433,0.0015850712819416302,-0.00762801901783805,0.00762801901783805,Habitat,CANASTA_PODADA
2026-01-21,2026-01-16,28.8321339,29.2532086,28.871435904949497,0.014604354345066461,0.0013631320208837838,-0.013050626352505645,0.013050626352505645,Habitat,CANASTA_PODADA
2026-01-22,2026-01-16,28.8321339,29.3576996,28.93920463051985,0.01822847042202458,0.0037135902216329786,-0.014255032757408248,0.014255032757408248,Habitat,CANASTA_PODADA
2026-01-23,2026-01-16,28.8321339,29.5645201,29.15178098502263,0.025401734139421484,0.011086487255202115,-0.013960622854059745,0.013960622854059745,Habitat,CANASTA_PODADA
2026-01-26,2026-01-21,29.2532086,29.9584229,29.699103618046493,0.024107246136411797,0.015242602072939482,-0.008655972406127699,0.008655972406127699,Habitat,CANASTA_PODADA
2026-01-27,2026-01-22,29.3576996,30.1935733,29.883892969252393,0.02847204349757715,0.01792352181614376,-0.010256498218036647,0.010256498218036647,Habitat,CANASTA_PODADA
2026-01-28,2026-01-23,29.5645201,30.4335212,29.945974741750742,0.02939337750319182,0.012902446596815942,-0.016020047599659915,0.016020047599659915,Habitat,CANASTA_PODADA
2026-01-29,2026-01-23,29.5645201,30.3932487,29.932121062471143,0.02803118728790066,0.012433855216582579,-0.01517204172809794,0.01517204172809794,Habitat,CANASTA_PODADA
2026-01-30,2026-01-23,29.5645201,29.3228487,29.53836884688775,-0.0081743724972555,-0.0008845485407439346,0.007349904816299269,0.007349904816299269,Habitat,CANASTA_PODADA
2026-02-02,2026-01-28,30.4335212,29.2866217,30.05578122699872,-0.037685402634250575,-0.012411970685839657,0.026263170087614363,0.026263170087614363,Habitat,CANASTA_PODADA
2026-02-03,2026-01-29,30.3932487,29.7207278,30.280997680938025,-0.022127312109284425,-0.003693287945950141,0.01885114943039934,0.01885114943039934,Habitat,CANASTA_PODADA
2026-02-04,2026-01-30,29.3228487,29.4272448,29.46194026550658,0.003560230490156968,0.004743453370769535,0.0011790252788661526,0.0011790252788661526,Habitat,CANASTA_PODADA
2026-02-05,2026-01-30,29.3228487,29.0368662,29.303941647291442,-0.009752889390995723,-0.0006447890824659019,0.009197805488095012,0.009197805488095012,Habitat,CANASTA_PODADA
2026-02-06,2026-01-30,29.3228487,29.651843600000003,29.52962513932536,0.011219745508559642,0.007051717295303517,-0.0041217828585418115,0.0041217828585418115,Habitat,CANASTA_PODADA
2026-02-09,2026-02-04,29.4272448,30.1772039,29.696500284686202,0.02548519595011478,0.00914987069010964,-0.015929362339424546,0.015929362339424546,Habitat,CANASTA_PODADA
2026-02-10,2026-02-05,29.0368662,30.1023191,29.412557803252877,0.03669310912070811,0.012938434907720175,-0.02291389226377316,0.02291389226377316,Habitat,CANASTA_PODADA
2026-02-11,2026-02-06,29.651843600000003,30.3085545,29.79069024452448,0.022147388501671417,0.004682563634069492,-0.01708640560458008,0.01708640560458008,Habitat,CANASTA_PODADA
2026-02-12,2026-02-06,29.651843600000003,29.687386,29.581532100399762,0.0011986573408202528,-0.0023712353453880786,-0.0035656187311418064,0.0035656187311418064,Habitat,CANASTA_PODADA
2026-02-13,2026-02-06,29.651843600000003,29.8561671,29.544746583820448,0.006890751980089371,-0.0036118164396211627,-0.010430693100573984,0.010430693100573984,Habitat,CANASTA_PODADA
2026-02-16,2026-02-11,30.3085545,29.7873136,30.070460525311763,-0.017197814564201663,-0.0078556690880206,0.009505621390166752,0.009505621390166752,Habitat,CANASTA_PODADA
2026-02-17,2026-02-12,29.687386,29.5303976,29.552107764189767,-0.00528805062190385,-0.0045567580726114665,0.0007351802195092461,0.0007351802195092461,Habitat,CANASTA_PODADA
2026-02-18,2026-02-13,29.8561671,29.7768293,29.906492458227987,-0.0026573337339071967,0.0016855934005000073,0.004354498490139358,0.004354498490139358,Habitat,CANASTA_PODADA
2026-02-19,2026-02-13,29.8561671,29.8572732,29.990317594115158,3.704762223155633e-05,0.0044932255927505604,0.0044560128858370796,0.0044560128858370796,Habitat,CANASTA_PODADA
2026-02-20,2026-02-13,29.8561671,30.1816002,30.146361610495966,0.010900029428090763,0.009719751015727862,-0.001167552060544197,0.001167552060544197,Habitat,CANASTA_PODADA
2026-02-23,2026-02-18,29.7768293,30.3450369,30.062551314227786,0.01908220631133495,0.009595447901761256,-0.009309119863756488,0.009309119863756488,Habitat,CANASTA_PODADA
2026-02-24,2026-02-19,29.8572732,30.5425954,30.172312602454355,0.022953274915942457,0.010551512870718316,-0.012123488285663009,0.012123488285663009,Habitat,CANASTA_PODADA
2026-02-25,2026-02-20,30.1816002,30.7773777,30.40981933472235,0.01973975853009935,0.0075615319668289604,-0.011942484797125785,0.011942484797125785,Habitat,CANASTA_PODADA
2026-02-26,2026-02-20,30.1816002,30.7911694,30.401777184814044,0.020196715746039207,0.0072950732683167985,-0.012646230161883931,0.012646230161883931,Habitat,CANASTA_PODADA
2026-02-27,2026-02-20,30.1816002,30.9593428,30.422811268273215,0.025768766229963047,0.00799199070542378,-0.017330197711005302,0.017330197711005302,Habitat,CANASTA_PODADA
2026-03-02,2026-02-25,30.7773777,31.0085295,30.883285696163238,0.007510444920068693,0.0034410987575215213,-0.004039011389971425,0.004039011389971425,Habitat,CANASTA_PODADA
2026-03-03,2026-02-26,30.7911694,29.9283997,30.5153469208455,-0.0280200368096446,-0.008957843580780112,0.019611714182148576,0.019611714182148576,Habitat,CANASTA_PODADA
2026-03-04,2026-02-27,30.9593428,30.1005378,30.74388004317783,-0.02773976842945125,-0.006959539103077228,0.021373114575309327,0.021373114575309327,Habitat,CANASTA_PODADA
2026-03-05,2026-02-27,30.9593428,29.5524629,30.524739174043084,-0.045442821867652916,-0.01403788280534557,0.032900008277925386,0.032900008277925386,Habitat,CANASTA_PODADA
2026-03-06,2026-02-27,30.9593428,29.3830914,30.40247945625491,-0.05091359368261528,-0.01798692392608192,0.034693015870171706,0.034693015870171706,Habitat,CANASTA_PODADA
2026-03-09,2026-03-04,30.1005378,29.5207059,29.745822997951528,-0.019263174095181856,-0.01178433436655979,0.0076257356011100175,0.0076257356011100175,Habitat,CANASTA_PODADA
2026-03-10,2026-03-05,29.5524629,29.6260665,29.657805610802935,0.002490607982456927,0.0035646000524354182,0.0010713238223147847,0.0010713238223147847,Habitat,CANASTA_PODADA
2026-03-11,2026-03-06,29.3830914,29.5845643,29.49301649234073,0.006856763206338323,0.003741100309844425,-0.0030944450197385454,0.0030944450197385454,Habitat,CANASTA_PODADA
2026-03-12,2026-03-06,29.3830914,29.0239145,29.216557463101665,-0.01222393161803259,-0.005667679231952327,0.006637387355233004,0.006637387355233004,Habitat,CANASTA_PODADA
2026-03-13,2026-03-06,29.3830914,28.6489549,29.196517737380123,-0.024984998685332438,-0.006349694798276961,0.019112838122417042,0.019112838122417042,Habitat,CANASTA_PODADA
2026-03-16,2026-03-11,29.5845643,28.8927697,29.38001291855689,-0.02338363320091219,-0.00691412519612844,0.016863845993860815,0.016863845993860815,Habitat,CANASTA_PODADA
2026-03-17,2026-03-12,29.0239145,28.966760800000003,29.16322837488169,-0.0019691933698329223,0.004799968483978567,0.00678251794317597,0.00678251794317597,Habitat,CANASTA_PODADA
2026-03-18,2026-03-13,28.6489549,28.489852,28.517778253373525,-0.005553532425715102,-0.004578758530087823,0.0009802175656625778,0.0009802175656625778,Habitat,CANASTA_PODADA
2026-03-19,2026-03-13,28.6489549,28.0510199,28.33219567479591,-0.02087109292772138,-0.011056571742660393,0.010023727329640186,0.010023727329640186,Habitat,CANASTA_PODADA
2026-03-20,2026-03-13,28.6489549,27.4167579,28.241723278601658,-0.04301019022512409,-0.014214536719394988,0.03008982249508274,0.03008982249508274,Habitat,CANASTA_PODADA
2026-03-23,2026-03-18,28.489852,28.0239967,28.44757202092498,-0.016351622325029846,-0.0014840364588422084,0.015114736326135025,0.015114736326135025,Habitat,CANASTA_PODADA
2026-03-24,2026-03-19,28.0510199,28.0713478,28.205687122054794,0.0007246759680208381,0.0055137824794311285,0.004785638474216425,0.004785638474216425,Habitat,CANASTA_PODADA
2026-03-25,2026-03-20,27.4167579,28.4611957,27.874347100740927,0.03809486897792547,0.016690128074586363,-0.02061925315594082,0.02061925315594082,Habitat,CANASTA_PODADA
2026-03-26,2026-03-20,27.4167579,28.0011252,27.71687825071961,0.02131423788806197,0.01094660250545565,-0.010151268824025395,0.010151268824025395,Habitat,CANASTA_PODADA
2026-03-27,2026-03-20,27.4167579,27.9860939,27.64237027498507,0.020765985609115356,0.00822899541251254,-0.01228194353392531,0.01228194353392531,Habitat,CANASTA_PODADA
2026-03-30,2026-03-25,28.4611957,27.8711509,28.122837021972593,-0.020731553453321783,-0.011888421048572018,0.00903034549508308,0.00903034549508308,Habitat,CANASTA_PODADA
2026-03-31,2026-03-26,28.0011252,28.5875221,28.15417859221096,0.02094190486316605,0.005465972924936668,-0.015158484400053629,0.015158484400053629,Habitat,CANASTA_PODADA
2026-04-01,2026-03-27,27.9860939,29.0838712,28.38522678308508,0.03922581350304122,0.014261828910860697,-0.024021713344505535,0.024021713344505535,Habitat,CANASTA_PODADA
2026-04-02,2026-03-27,27.9860939,28.9279356,28.33765883048656,0.03365391766944659,0.012562129311177728,-0.02040507755809029,0.02040507755809029,Habitat,CANASTA_PODADA
2026-04-03,2026-03-27,27.9860939,28.912731800000003,28.361650124623786,0.033110655002840605,0.013419386998618776,-0.019060173185579732,0.019060173185579732,Habitat,CANASTA_PODADA
2026-04-06,2026-04-01,29.0838712,28.9092923,29.15450807350184,-0.006002601881966774,0.0024287301032277497,0.00848224754024307,0.00848224754024307,Habitat,CANASTA_PODADA
2026-04-07,2026-04-02,28.9279356,28.9130988,29.043616879723068,-0.0005128883099422277,0.003998946946047077,0.00451415051101578,0.00451415051101578,Habitat,CANASTA_PODADA
2026-04-08,2026-04-03,28.912731800000003,29.7851231,29.37164223761619,0.030173257443628865,0.01587226142415865,-0.013882127026824675,0.013882127026824675,Habitat,CANASTA_PODADA
2026-04-09,2026-04-03,28.912731800000003,29.943643,29.406581871975597,0.035655959704229634,0.017080712932687758,-0.017935731067338923,0.017935731067338923,Habitat,CANASTA_PODADA
2026-04-10,2026-04-03,28.912731800000003,30.0598868,29.42732456311125,0.039676465300314545,0.017798137051554752,-0.021043400499058174,0.021043400499058174,Habitat,CANASTA_PODADA
2026-04-13,2026-04-08,29.7851231,30.2170529,30.03232803702204,0.014501528113543438,0.008299611057240863,-0.00611326536672141,0.00611326536672141,Habitat,CANASTA_PODADA
2026-04-14,2026-04-09,29.943643,30.3696085,30.023751463264958,0.01422557368854549,0.0026753078529875296,-0.011388261285457113,0.011388261285457113,Habitat,CANASTA_PODADA
2026-04-15,2026-04-10,30.0598868,30.1080085,29.92335184909464,0.0016008609852782296,-0.004542097973082249,-0.006133140652772151,0.006133140652772151,Habitat,CANASTA_PODADA
2026-04-16,2026-04-10,30.0598868,30.503820500000003,30.189605922239544,0.014768309107538125,0.004315356311971996,-0.010300826998390522,0.010300826998390522,Habitat,CANASTA_PODADA
2026-04-17,2026-04-10,30.0598868,30.6830162,30.071485728224403,0.02072959902164362,0.00038586067544343905,-0.019930585304569814,0.019930585304569814,Habitat,CANASTA_PODADA
2026-04-20,2026-04-15,30.1080085,30.595337,30.267706977937166,0.0161860091144852,0.005304186025361535,-0.010708495286809061,0.010708495286809061,Habitat,CANASTA_PODADA
2026-04-21,2026-04-16,30.503820500000003,30.117365,30.31720205953177,-0.012669085172462347,-0.00611787105383188,0.00663527700819011,0.00663527700819011,Habitat,CANASTA_PODADA
2026-04-22,2026-04-17,30.6830162,30.4407091,30.8169537729067,-0.007897108238009598,0.004365202300636195,0.012359918150089966,0.012359918150089966,Habitat,CANASTA_PODADA
2026-04-23,2026-04-17,30.6830162,30.331460900000003,30.76236561157299,-0.01145765128527354,0.0025861020655781886,0.014206526780679463,0.014206526780679463,Habitat,CANASTA_PODADA
2026-04-24,2026-04-17,30.6830162,30.7603724,30.878308243533393,0.0025211406693452787,0.006364825487182424,0.0038340187173218077,0.0038340187173218077,Habitat,CANASTA_PODADA
2026-04-27,2026-04-22,30.4407091,30.8025926,30.467203550327046,0.011888142907945598,0.0008703624557500067,-0.010888338330097391,0.010888338330097391,Habitat,CANASTA_PODADA
2026-04-28,2026-04-23,30.331460900000003,30.3385472,30.30764752363994,0.0002336287072806087,-0.0007851048269179595,-0.0010184955843917098,0.0010184955843917098,Habitat,CANASTA_PODADA
2026-04-29,2026-04-24,30.7603724,30.2184508,30.551909872100563,-0.017617524032316423,-0.006776983229872635,0.01103494928669746,0.01103494928669746,Habitat,CANASTA_PODADA
2026-04-30,2026-04-24,30.7603724,30.7231268,30.69438184201512,-0.001210830594495782,-0.0021453107630414747,-0.0009356130374360561,0.0009356130374360561,Habitat,CANASTA_PODADA
2026-05-01,2026-04-24,30.7603724,30.7377664,30.684358178483162,-0.0007349065773989416,-0.0024711736427754927,-0.0017375439978891682,0.0017375439978891682,Habitat,CANASTA_PODADA
2026-05-04,2026-04-29,30.2184508,30.6126502,30.391692040835355,0.013044990380512766,0.005732962354091153,-0.0072178709690624565,0.0072178709690624565,Habitat,CANASTA_PODADA
2026-05-05,2026-04-30,30.7231268,30.9299424,30.837980968729124,0.006731593478304543,0.003738361966761916,-0.00297321702321951,0.00297321702321951,Habitat,CANASTA_PODADA
2026-05-06,2026-05-01,30.7377664,31.6791471,31.044679177876198,0.030626190847751422,0.009984875735024046,-0.0200279357307509,0.0200279357307509,Habitat,CANASTA_PODADA
2026-05-07,2026-05-01,30.7377664,31.431747,31.173332646584804,0.022577457026936143,0.014170393545082094,-0.008221444179198789,0.008221444179198789,Habitat,CANASTA_PODADA
2026-05-08,2026-05-01,30.7377664,31.9145516,31.27412944745512,0.038284668595828686,0.017449642907531482,-0.020066775826011574,0.020066775826011574,Habitat,CANASTA_PODADA
2026-05-11,2026-05-06,31.6791471,32.2546052,32.08693998770584,0.01816520180241854,0.012872596803776837,-0.005198179027600114,0.005198179027600114,Habitat,CANASTA_PODADA
2026-05-12,2026-05-07,31.431747,32.0105717,31.762257320471832,0.01841528884792809,0.010515175006716282,-0.007757261627669321,0.007757261627669321,Habitat,CANASTA_PODADA
2026-05-13,2026-05-08,31.9145516,32.2090019,32.24673110075846,0.009226208272968384,0.010408402565758035,0.001171386833892063,0.001171386833892063,Habitat,CANASTA_PODADA
2026-05-14,2026-05-08,31.9145516,32.2617824,32.31107075638599,0.010880014996043519,0.012424400046591622,0.001527762966561541,0.001527762966561541,Habitat,CANASTA_PODADA
2026-05-15,2026-05-08,31.9145516,31.4135285,32.06222408347992,-0.015698892037699697,0.004627120735731127,0.020650198002428066,0.020650198002428066,Habitat,CANASTA_PODADA
2026-05-18,2026-05-13,32.2090019,31.1928859,32.03382162160625,-0.03154757800799768,-0.005438860817160052,0.02695921513328936,0.02695921513328936,Habitat,CANASTA_PODADA
2026-05-19,2026-05-14,32.2617824,30.953379100000003,31.8976407111249,-0.040555828062370125,-0.011287091468173194,0.03050592983965683,0.03050592983965683,Habitat,CANASTA_PODADA
2026-05-20,2026-05-15,31.4135285,31.3896738,31.365019362690347,-0.0007593766488218634,-0.001544211670129747,-0.0007854314596175138,0.0007854314596175138,Habitat,CANASTA_PODADA
2026-05-21,2026-05-15,31.4135285,31.6185381,31.568748074582462,0.006526156397871574,0.004941169680523494,-0.0015747099141669718,0.0015747099141669718,Habitat,CANASTA_PODADA
2026-05-22,2026-05-15,31.4135285,31.7575942,31.60506059132064,0.010952787427238597,0.006097121223444857,-0.004803059316103919,0.004803059316103919,Habitat,CANASTA_PODADA
2026-05-25,2026-05-20,31.3896738,31.7909107,31.67947276986807,0.012782448857432849,0.009232302690194594,-0.0035053393463161386,0.0035053393463161386,Habitat,CANASTA_PODADA
2026-05-26,2026-05-21,31.6185381,32.6290876,31.905918529808527,0.03196066487337057,0.009088985357249335,-0.02216332491600137,0.02216332491600137,Habitat,CANASTA_PODADA
2026-05-27,2026-05-22,31.7575942,32.455315,31.93956907113189,0.021970203271883815,0.005730121431298141,-0.015890954343475316,0.015890954343475316,Habitat,CANASTA_PODADA
2026-05-28,2026-05-22,31.7575942,32.5996811,31.99683204397772,0.02651607973503234,0.007533248345925392,-0.018492483229300083,0.018492483229300083,Habitat,CANASTA_PODADA
2026-05-29,2026-05-22,31.7575942,32.7664958,32.08453582246383,0.03176882964264349,0.010294911522731987,-0.02081272229104747,0.02081272229104747,Habitat,CANASTA_PODADA
2026-06-22,2026-05-29,32.7664958,34.2627474,33.182965182471996,0.04566407128588956,0.012710220373091996,-0.03151475872387299,0.03151475872387299,Habitat,CANASTA_PODADA
2026-06-23,2026-05-29,32.7664958,33.2654714,32.845878013039545,0.01522822590018924,0.002422664099453131,-0.012613480864740012,0.012613480864740012,Habitat,CANASTA_PODADA
2026-06-24,2026-05-29,32.7664958,33.0983887,32.77205238142405,0.010129032473469524,0.00016958119226306856,-0.009859583242369574,0.009859583242369574,Habitat,CANASTA_PODADA
2026-06-25,2026-05-29,32.7664958,33.4136279,32.87560966430052,0.019749811024955655,0.00333004374244128,-0.01610176055439594,0.01610176055439594,Habitat,CANASTA_PODADA
2026-06-26,2026-05-29,32.7664958,33.1006036,32.83566959146539,0.010196628960244203,0.0021111134949434174,-0.008003902639848182,0.008003902639848182,Habitat,CANASTA_PODADA
2026-06-29,2026-06-24,33.0983887,33.1735992,33.1811888860767,0.0022723311603383145,0.0025016379748026285,0.00022878693478323164,0.00022878693478323164,Habitat,CANASTA_PODADA
2026-06-30,2026-06-25,33.4136279,33.5370629,33.49766643942354,0.0036941513914448,0.0025150977222541115,-0.0011747140974728287,0.0011747140974728287,Habitat,CANASTA_PODADA
2024-02-26,2024-02-21,53.436894300000006,53.7903551,53.566874966547246,0.00661454608525025,0.002432414313180642,-0.00415465064391729,0.00415465064391729,Integra,CANASTA_EVIDENCIA
2024-02-27,2024-02-22,53.555207200000005,53.742052,53.558033655157175,0.0034888260127952098,5.2776476928029226e-05,-0.0034241034347335386,0.0034241034347335386,Integra,CANASTA_EVIDENCIA
2024-02-28,2024-02-23,53.6863686,53.6401641,53.563512764024075,-0.0008606374617038393,-0.0022883990700002244,-0.0014289914518722524,0.0014289914518722524,Integra,CANASTA_EVIDENCIA
2024-02-29,2024-02-23,53.6863686,53.7438552,53.681149648217136,0.001070785778571004,-9.72118606447081e-05,-0.0011667483017270275,0.0011667483017270275,Integra,CANASTA_EVIDENCIA
2024-03-01,2024-02-23,53.6863686,53.8458627,53.80534999436237,0.0029708491030253636,0.002216230999881219,-0.0007523828871187632,0.0007523828871187632,Integra,CANASTA_EVIDENCIA
2024-03-04,2024-02-28,53.6401641,54.0726986,53.94410979612278,0.00806363118490161,0.005666382667214531,-0.0023780726171713784,0.0023780726171713784,Integra,CANASTA_EVIDENCIA
2024-03-05,2024-02-29,53.7438552,53.8365409,53.833419247569566,0.0017245822737332883,0.0016664983789544952,-5.7983896778135424e-05,5.7983896778135424e-05,Integra,CANASTA_EVIDENCIA
2024-03-06,2024-03-01,53.8458627,53.9145429,53.96348579335186,0.0012754963251802032,0.0021844406878053224,0.0009077864843003436,0.0009077864843003436,Integra,CANASTA_EVIDENCIA
2024-03-07,2024-03-01,53.8458627,53.9710662,54.20670382311419,0.002325220429609809,0.006701371377864307,0.004365999038095536,0.004365999038095536,Integra,CANASTA_EVIDENCIA
2024-03-08,2024-03-01,53.8458627,53.7883928,54.29988787535457,-0.001067303913769413,0.008431941705236534,0.009509395033542978,0.009509395033542978,Integra,CANASTA_EVIDENCIA
2024-03-11,2024-03-06,53.9145429,53.8429428,54.29452615094743,-0.0013280294360058509,0.007047880414236651,0.00838704809699653,0.00838704809699653,Integra,CANASTA_EVIDENCIA
2024-03-12,2024-03-07,53.9710662,53.9591007,54.162052574450605,-0.000221702123794687,0.00353868077652697,0.003761216770067577,0.003761216770067577,Integra,CANASTA_EVIDENCIA
2024-03-13,2024-03-08,53.7883928,54.14924310000001,54.17681742613733,0.006708702030598923,0.007221346575303045,0.0005092282838821127,0.0005092282838821127,Integra,CANASTA_EVIDENCIA
2024-03-14,2024-03-08,53.7883928,54.2340529,54.21764079912325,0.00828543254038272,0.007980309073731151,-0.0003026161608650213,0.0003026161608650213,Integra,CANASTA_EVIDENCIA
2024-03-15,2024-03-08,53.7883928,54.2863059,54.36712308989956,0.00925688748223763,0.010759389893864935,0.001488721484354194,0.001488721484354194,Integra,CANASTA_EVIDENCIA
2024-03-18,2024-03-13,54.14924310000001,54.6095534,54.338163625646445,0.008500770715297312,0.0034888858058006456,-0.00496963914657389,0.00496963914657389,Integra,CANASTA_EVIDENCIA
2024-03-19,2024-03-14,54.2340529,54.3832118,54.28042408312803,0.002750281272082322,0.0008550196905536822,-0.0018900633756236962,0.0018900633756236962,Integra,CANASTA_EVIDENCIA
2024-03-20,2024-03-15,54.2863059,54.5383863,54.50401131542105,0.004643535709804025,0.004010319210558944,-0.0006302897263930074,0.0006302897263930074,Integra,CANASTA_EVIDENCIA
2024-03-21,2024-03-15,54.2863059,54.42718729999999,54.55998630365394,0.0025951554017971112,0.005041426177682551,0.0024399387556437446,0.0024399387556437446,Integra,CANASTA_EVIDENCIA
2024-03-22,2024-03-15,54.2863059,54.6763632,54.50447345238488,0.00718518774732102,0.00401883216711707,-0.0031437670239032878,0.0031437670239032878,Integra,CANASTA_EVIDENCIA
2024-03-25,2024-03-20,54.5383863,54.6119318,54.449598253928,0.001348508912519808,-0.0016279918071576693,-0.0029724922873356485,0.0029724922873356485,Integra,CANASTA_EVIDENCIA
2024-03-26,2024-03-21,54.42718729999999,54.1140491,54.16302323518534,-0.005753341584123883,-0.004853531441163628,0.0009050170149869086,0.0009050170149869086,Integra,CANASTA_EVIDENCIA
2024-03-27,2024-03-22,54.6763632,53.4720785,54.55610835094719,-0.022025691350298082,-0.0021993937053371715,0.02027282053281665,0.02027282053281665,Integra,CANASTA_EVIDENCIA
2024-03-28,2024-03-22,54.6763632,53.4524295,54.709947760143415,-0.022385060533799295,0.0006142427582567223,0.023525932720109832,0.023525932720109832,Integra,CANASTA_EVIDENCIA
2024-03-29,2024-03-22,54.6763632,53.4619289,54.73391696178229,-0.022211321838611298,0.0010526260053502767,0.023792408690706646,0.023792408690706646,Integra,CANASTA_EVIDENCIA
2024-04-01,2024-03-27,53.4720785,52.88039799999999,53.63443115744788,-0.011065223507255473,0.003036213702593882,0.01425921865126445,0.01425921865126445,Integra,CANASTA_EVIDENCIA
2024-04-02,2024-03-28,53.4524295,52.5672982,53.4745682265029,-0.016559234225265618,0.00041417624437256606,0.01725920976670814,0.01725920976670814,Integra,CANASTA_EVIDENCIA
2024-04-03,2024-03-29,53.4619289,52.3806362,53.74861924926216,-0.02022547113895845,0.005362514132223328,0.026116197673486052,0.026116197673486052,Integra,CANASTA_EVIDENCIA
2024-04-04,2024-03-29,53.4619289,51.6477943,53.6194297516837,-0.03393320512982834,0.002946037580841887,0.0381746302703907,0.0381746302703907,Integra,CANASTA_EVIDENCIA
2024-04-05,2024-03-29,53.4619289,50.5148442,53.66456609254916,-0.055124922737308846,0.003790308294491007,0.062352402396386175,0.062352402396386175,Integra,CANASTA_EVIDENCIA
2024-04-08,2024-04-03,52.3806362,50.4059974,52.36930270597046,-0.03769787736942376,-0.00021636801023683372,0.038949835480697415,0.038949835480697415,Integra,CANASTA_EVIDENCIA
2024-04-09,2024-04-04,51.6477943,50.4247898,51.881009950945966,-0.02367970436251532,0.004515500692852781,0.028879052480372813,0.028879052480372813,Integra,CANASTA_EVIDENCIA
2024-04-10,2024-04-05,50.5148442,50.5074826,50.610713940639435,-0.0001457314204682536,0.0018978528422233243,0.002043882120536189,0.002043882120536189,Integra,CANASTA_EVIDENCIA
2024-04-11,2024-04-05,50.5148442,50.4842933,50.73504615825409,-0.0006047905419452881,0.004359153467488941,0.004966947972590452,0.004966947972590452,Integra,CANASTA_EVIDENCIA
2024-04-12,2024-04-05,50.5148442,50.3514745,50.51229127270715,-0.003234092920353815,-5.0538160282886935e-05,0.003193884077955955,0.003193884077955955,Integra,CANASTA_EVIDENCIA
2024-04-15,2024-04-10,50.5074826,50.3756492,50.24701972341171,-0.002610175625739952,-0.005156916622652941,-0.0025534058345849653,0.0025534058345849653,Integra,CANASTA_EVIDENCIA
2024-04-16,2024-04-11,50.4842933,50.3097706,50.05106682809444,-0.0034569702493982835,-0.00858141104068022,-0.0051422172834466595,0.0051422172834466595,Integra,CANASTA_EVIDENCIA
2024-04-17,2024-04-12,50.3514745,50.3398398,50.166042626565705,-0.0002310696978695681,-0.00368274961708015,-0.003452477682185484,0.003452477682185484,Integra,CANASTA_EVIDENCIA
2024-04-18,2024-04-12,50.3514745,50.3705537,50.280034768020776,0.0003789203829571708,-0.0014188210511932864,-0.0017970604913010169,0.0017970604913010169,Integra,CANASTA_EVIDENCIA
2024-04-19,2024-04-12,50.3514745,50.3229001,50.26015642749868,-0.000567498773049957,-0.0018136126778437456,-0.0012468214744507655,0.0012468214744507655,Integra,CANASTA_EVIDENCIA
2024-04-22,2024-04-17,50.3398398,50.7879203,50.4275609133307,0.008901110964600223,0.0017425783172775322,-0.007095375918932834,0.007095375918932834,Integra,CANASTA_EVIDENCIA
2024-04-23,2024-04-18,50.3705537,51.1612623,50.330411512769146,0.015697834189184023,-0.000796937581229229,-0.01623984143234969,0.01623984143234969,Integra,CANASTA_EVIDENCIA
2024-04-24,2024-04-19,50.3229001,51.5829738,50.35913139304887,0.02503976713377054,0.000719976252896215,-0.02372570475863356,0.02372570475863356,Integra,CANASTA_EVIDENCIA
2024-04-25,2024-04-19,50.3229001,51.8250605,50.47484532755124,0.029850433838569668,0.003019405226036387,-0.02605332554216233,0.02605332554216233,Integra,CANASTA_EVIDENCIA
2024-04-26,2024-04-19,50.3229001,51.9757161,50.684611720041474,0.0328442120131307,0.007187813486955186,-0.024840530863960986,0.024840530863960986,Integra,CANASTA_EVIDENCIA
2024-04-29,2024-04-24,51.5829738,52.0608131,52.07686129617852,0.009263508184943037,0.009574622395627008,0.0003082586541185428,0.0003082586541185428,Integra,CANASTA_EVIDENCIA
2024-04-30,2024-04-25,51.8250605,51.6493769,51.94592771123517,-0.003389935261146504,0.0023322155356706453,0.0057416144982607165,0.0057416144982607165,Integra,CANASTA_EVIDENCIA
2024-05-01,2024-04-26,51.9757161,51.559443300000005,51.801347712551845,-0.00800898633506264,-0.0033548049075970976,0.004691757650374884,0.004691757650374884,Integra,CANASTA_EVIDENCIA
2024-05-02,2024-04-26,51.9757161,51.664244200000006,51.888129634112644,-0.0059926427834247065,-0.0016851420713250853,0.004333469647711086,0.004333469647711086,Integra,CANASTA_EVIDENCIA
2024-05-03,2024-04-26,51.9757161,51.8562122,52.037573157587225,-0.0022992256570371072,0.0011901145809749547,0.003497381507306052,0.003497381507306052,Integra,CANASTA_EVIDENCIA
2024-05-06,2024-05-01,51.559443300000005,52.102601400000005,51.96436814275551,0.010534599779125298,0.007853553429571392,-0.0026530970341241966,0.0026530970341241966,Integra,CANASTA_EVIDENCIA
2024-05-07,2024-05-02,51.664244200000006,51.9165093,51.98400848365478,0.004882779258774006,0.0061892763284587815,0.0013001487304304948,0.0013001487304304948,Integra,CANASTA_EVIDENCIA
2024-05-08,2024-05-03,51.8562122,52.055003000000006,52.01015710365028,0.003833500203086704,0.0029686877833756675,-0.0008615098216347983,0.0008615098216347983,Integra,CANASTA_EVIDENCIA
2024-05-09,2024-05-03,51.8562122,52.152689200000005,52.20296837280356,0.005717289933490521,0.006686878159673171,0.0009640763223299764,0.0009640763223299764,Integra,CANASTA_EVIDENCIA
2024-05-10,2024-05-03,51.8562122,52.50317700000001,52.26909932190831,0.012476129137716008,0.00796215350854923,-0.004458352645816066,0.004458352645816066,Integra,CANASTA_EVIDENCIA
2024-05-13,2024-05-08,52.055003000000006,52.5774594,52.325559958450064,0.01003662222438062,0.005197520754154139,-0.004791015854028413,0.004791015854028413,Integra,CANASTA_EVIDENCIA
2024-05-14,2024-05-09,52.152689200000005,52.83639530000001,52.385753945382106,0.01310969981582466,0.004468892188633333,-0.008528995062195288,0.008528995062195288,Integra,CANASTA_EVIDENCIA
2024-05-15,2024-05-10,52.50317700000001,53.05524749999999,52.800313077108896,0.010514992264182066,0.005659392327989732,-0.0048050746137994205,0.0048050746137994205,Integra,CANASTA_EVIDENCIA
2024-05-16,2024-05-10,52.50317700000001,51.90365439999999,52.739468915133635,-0.011418787095493599,0.00450052603737916,0.016103192054500948,0.016103192054500948,Integra,CANASTA_EVIDENCIA
2024-05-17,2024-05-10,52.50317700000001,52.1585406,52.96384865687426,-0.006564105634979112,0.008774167263711607,0.01543962019662537,0.01543962019662537,Integra,CANASTA_EVIDENCIA
2024-05-20,2024-05-15,53.05524749999999,52.247391500000006,53.41748183367715,-0.015226693646090084,0.0068274930519767185,0.022395191416917815,0.022395191416917815,Integra,CANASTA_EVIDENCIA
2024-05-21,2024-05-16,51.90365439999999,52.385301600000005,52.298456550517535,0.009279639469856216,0.007606442264642244,-0.0016578132955231695,0.0016578132955231695,Integra,CANASTA_EVIDENCIA
2024-05-22,2024-05-17,52.1585406,52.3123542,51.928199835683586,0.0029489628779988397,-0.004416165821871543,-0.007343473070390294,0.007343473070390294,Integra,CANASTA_EVIDENCIA
2024-05-23,2024-05-17,52.1585406,52.394239000000006,51.83574541175736,0.004518884103900778,-0.006188731213132237,-0.010659446513626158,0.010659446513626158,Integra,CANASTA_EVIDENCIA
2024-05-24,2024-05-17,52.1585406,52.4706662,51.93620242097417,0.005984170500353159,-0.0042627377313128045,-0.010185953747730903,0.010185953747730903,Integra,CANASTA_EVIDENCIA
2024-05-27,2024-05-22,52.3123542,52.4608287,52.33081852631046,0.0028382301326441706,0.00035296301596110524,-0.002478233320198031,0.002478233320198031,Integra,CANASTA_EVIDENCIA
2024-05-28,2024-05-23,52.394239000000006,52.606267,52.68555086495007,0.0040467807920636645,0.005559998017149681,0.001507118247908945,0.001507118247908945,Integra,CANASTA_EVIDENCIA
2024-05-29,2024-05-24,52.4706662,52.5528316,52.52321319858313,0.0015659301844350715,0.0010014547629877413,-0.0005635928743537022,0.0005635928743537022,Integra,CANASTA_EVIDENCIA
2024-05-30,2024-05-24,52.4706662,52.4464461,52.426769555711914,-0.00046159314821114794,-0.000836593995600543,-0.0003751740251488611,0.0003751740251488611,Integra,CANASTA_EVIDENCIA
2024-05-31,2024-05-24,52.4706662,52.1919392,52.63350644453645,-0.005312053766147851,0.003103452963904907,0.00846044909050736,0.00846044909050736,Integra,CANASTA_EVIDENCIA
2024-06-03,2024-05-29,52.5528316,52.2262003,52.62342473681356,-0.006215294020427198,0.001343279413579035,0.007605846003190031,0.007605846003190031,Integra,CANASTA_EVIDENCIA
2024-06-04,2024-05-30,52.4464461,51.8900606,52.32915180588204,-0.01060864064915168,-0.002236458384507367,0.008461952073381074,0.008461952073381074,Integra,CANASTA_EVIDENCIA
2024-06-05,2024-05-31,52.1919392,51.9581545,51.97171209701929,-0.004479325803629086,-0.004219561609634659,0.00026093299790486135,0.00026093299790486135,Integra,CANASTA_EVIDENCIA
2024-06-06,2024-05-31,52.1919392,51.9623329,52.090865245953815,-0.004399267463892187,-0.0019365816943277547,0.0024735676552700703,0.0024735676552700703,Integra,CANASTA_EVIDENCIA
2024-06-07,2024-05-31,52.1919392,51.572238000000006,51.86290917946568,-0.01187350402186238,-0.006304230606827499,0.005636194796620586,0.005636194796620586,Integra,CANASTA_EVIDENCIA
2024-06-10,2024-06-05,51.9581545,51.8652967,51.883829786134676,-0.0017871650926323257,-0.0014304725520095651,0.00035733115038127927,0.00035733115038127927,Integra,CANASTA_EVIDENCIA
2024-06-11,2024-06-06,51.9623329,51.7931206,51.664181545735765,-0.0032564415521073586,-0.0057378361906501585,-0.00248950155485006,0.00248950155485006,Integra,CANASTA_EVIDENCIA
2024-06-12,2024-06-07,51.572238000000006,52.169290700000005,51.614561853637646,0.011577017464318606,0.0008206712618838985,-0.010633244940061237,0.010633244940061237,Integra,CANASTA_EVIDENCIA
2024-06-13,2024-06-07,51.572238000000006,51.907853800000005,51.505807940568864,0.00650768345558328,-0.0012880972788332778,-0.007745376277359051,0.007745376277359051,Integra,CANASTA_EVIDENCIA
2024-06-14,2024-06-07,51.572238000000006,51.9768251,51.437173630615334,0.007845056093939373,-0.0026189355867137776,-0.010382540071395496,0.010382540071395496,Integra,CANASTA_EVIDENCIA
2024-06-17,2024-06-12,52.169290700000005,52.174434600000005,52.02749019995357,9.860015213902784e-05,-0.0027180837259578317,-0.0028164061800189932,0.0028164061800189932,Integra,CANASTA_EVIDENCIA
2024-06-18,2024-06-13,51.907853800000005,52.373774700000006,51.97435419164724,0.008975923023039734,0.0012811238912604495,-0.0076263456403643515,0.0076263456403643515,Integra,CANASTA_EVIDENCIA
2024-06-19,2024-06-14,51.9768251,52.2724564,52.13840380030424,0.0056877521747669135,0.0031086681418761586,-0.0025644978049236267,0.0025644978049236267,Integra,CANASTA_EVIDENCIA
2024-06-20,2024-06-14,51.9768251,52.0878603,52.24549594796747,0.0021362443701857803,0.00516905077311991,0.0030263413981599374,0.0030263413981599374,Integra,CANASTA_EVIDENCIA
2024-06-21,2024-06-14,51.9768251,51.990500700000005,52.163860809752414,0.00026310956803721197,0.0035984442949827944,0.0033344573992997173,0.0033344573992997173,Integra,CANASTA_EVIDENCIA
2024-06-24,2024-06-19,52.2724564,52.1036384,52.39463009917811,-0.0032295784745253187,0.002337248095693134,0.0055848633245947354,0.0055848633245947354,Integra,CANASTA_EVIDENCIA
2024-06-25,2024-06-20,52.0878603,52.0363856,52.03273779698497,-0.000988228345405795,-0.0010582600762932826,-7.010100668936037e-05,7.010100668936037e-05,Integra,CANASTA_EVIDENCIA
2024-06-26,2024-06-21,51.990500700000005,52.0357778,52.03061206300379,0.0008708725515311766,0.0007715133046175549,-9.927279296306768e-05,9.927279296306768e-05,Integra,CANASTA_EVIDENCIA
2024-06-27,2024-06-21,51.990500700000005,52.058994000000006,51.9351314199235,0.0013174195108300868,-0.001064988398476907,-0.0023792734080974043,0.0023792734080974043,Integra,CANASTA_EVIDENCIA
2024-06-28,2024-06-21,51.990500700000005,52.1705805,51.98724290800208,0.0034637058227060535,-6.266129300658285e-05,-0.003514194978104901,0.003514194978104901,Integra,CANASTA_EVIDENCIA
2024-07-01,2024-06-26,52.0357778,52.13101,51.986508311848944,0.0018301292692506355,-0.0009468386989509581,-0.0027718950419540755,0.0027718950419540755,Integra,CANASTA_EVIDENCIA
2024-07-02,2024-06-27,52.058994000000006,51.9578333,52.1768137112517,-0.0019431935238704012,0.0022631960819621266,0.004214579349129721,0.004214579349129721,Integra,CANASTA_EVIDENCIA
2024-07-03,2024-06-28,52.1705805,52.1125422,52.542362150959384,-0.001112471807746096,0.007126270158320125,0.008247917541803984,0.008247917541803984,Integra,CANASTA_EVIDENCIA
2024-07-04,2024-06-28,52.1705805,52.06252500000001,52.57228045219506,-0.0020711960450582323,0.007699740895063645,0.00979121646894865,0.00979121646894865,Integra,CANASTA_EVIDENCIA
2024-07-05,2024-06-28,52.1705805,52.1894909,52.692660216482494,0.00036247248581022795,0.010007167094536973,0.009641199939018685,0.009641199939018685,Integra,CANASTA_EVIDENCIA
2024-07-08,2024-07-03,52.1125422,52.0777672,52.267682886087435,-0.0006673057680921524,0.002977031623059734,0.003646770902409946,0.003646770902409946,Integra,CANASTA_EVIDENCIA
2024-07-09,2024-07-04,52.06252500000001,52.0752146,52.17759162184114,0.00024373769808505585,0.002210162143329253,0.001965945270269387,0.001965945270269387,Integra,CANASTA_EVIDENCIA
2024-07-10,2024-07-05,52.1894909,52.3855933,52.27638875667206,0.0037575074333593417,0.0016650451110657993,-0.00208462931215736,0.00208462931215736,Integra,CANASTA_EVIDENCIA
2024-07-11,2024-07-05,52.1894909,52.1015743,52.290588750556076,-0.0016845651966304054,0.0019371304224788943,0.003627806896346897,0.003627806896346897,Integra,CANASTA_EVIDENCIA
2024-07-12,2024-07-05,52.1894909,52.15868639999999,52.32459512706083,-0.0005902433510805993,0.002588724755328675,0.0031808455793633783,0.0031808455793633783,Integra,CANASTA_EVIDENCIA
2024-07-15,2024-07-10,52.3855933,52.0769804,52.34275621141157,-0.005891178863483448,-0.0008177265139120982,0.005103518087457459,0.005103518087457459,Integra,CANASTA_EVIDENCIA
2024-07-16,2024-07-11,52.1015743,52.1247801,52.1327671895573,0.0004453953707115321,0.000598693801029615,0.000153230182304398,0.000153230182304398,Integra,CANASTA_EVIDENCIA
2024-07-17,2024-07-12,52.15868639999999,51.7979951,52.00320770852577,-0.006915268096168825,-0.0029808782046746307,0.003961786708724713,0.003961786708724713,Integra,CANASTA_EVIDENCIA
2024-07-18,2024-07-12,52.15868639999999,51.7079621,51.679563931590565,-0.008641404358680105,-0.009185861483072655,-0.000549203009674204,0.000549203009674204,Integra,CANASTA_EVIDENCIA
2024-07-19,2024-07-12,52.15868639999999,51.5805883,51.68128439265953,-0.01108344822119578,-0.009152876352738537,0.0019522090766754818,0.0019522090766754818,Integra,CANASTA_EVIDENCIA
2024-07-22,2024-07-17,51.7979951,51.849582,51.531272830284436,0.000995924647284152,-0.0051492778668486006,-0.0061390884446389515,0.0061390884446389515,Integra,CANASTA_EVIDENCIA
2024-07-23,2024-07-18,51.7079621,51.6664516,51.747271125252155,-0.000802787391228521,0.0007602122314573911,0.0015642553871872966,0.0015642553871872966,Integra,CANASTA_EVIDENCIA
2024-07-24,2024-07-19,51.5805883,51.4879994,51.50011350761493,-0.0017950338111983877,-0.0015601759312442454,0.00023528021589691583,0.00023528021589691583,Integra,CANASTA_EVIDENCIA
2024-07-25,2024-07-19,51.5805883,51.1795241,51.37828745781086,-0.007775487120607383,-0.003922034409777009,0.003883649981240467,0.003883649981240467,Integra,CANASTA_EVIDENCIA
2024-07-26,2024-07-19,51.5805883,51.40229059999999,51.48183888693619,-0.0034566821720412033,-0.0019144685300886977,0.0015475630756460745,0.0015475630756460745,Integra,CANASTA_EVIDENCIA
2024-07-29,2024-07-24,51.4879994,51.29928880000001,51.45292974052914,-0.0036651375504792583,-0.0006811229777721195,0.0029949916289899736,0.0029949916289899736,Integra,CANASTA_EVIDENCIA
2024-07-30,2024-07-25,51.1795241,51.1160406,51.22612238224709,-0.001240408173314833,0.0009104868219571571,0.0021535662965079805,0.0021535662965079805,Integra,CANASTA_EVIDENCIA
2024-07-31,2024-07-26,51.40229059999999,51.6106837,51.56267141488003,0.004054159796528678,0.0031201102715068263,-0.0009302780292362867,0.0009302780292362867,Integra,CANASTA_EVIDENCIA
2024-08-01,2024-07-26,51.40229059999999,50.9833896,51.31167562310048,-0.008149461728462204,-0.001762858733371675,0.006439078014939925,0.006439078014939925,Integra,CANASTA_EVIDENCIA
2024-08-02,2024-07-26,51.40229059999999,50.2275576,50.99838026870241,-0.022853709169139536,-0.00785782747389041,0.015346608625509184,0.015346608625509184,Integra,CANASTA_EVIDENCIA
2024-08-05,2024-07-31,51.6106837,49.5688409,50.72804375888966,-0.039562405564489866,-0.017101884296687575,0.023385716467089424,0.023385716467089424,Integra,CANASTA_EVIDENCIA
2024-08-06,2024-08-01,50.9833896,49.5899726,50.43959405171458,-0.027330803442696117,-0.010666131705872717,0.017132928436313977,0.017132928436313977,Integra,CANASTA_EVIDENCIA
2024-08-07,2024-08-02,50.2275576,49.5090258,49.92494991939524,-0.014305529361435476,-0.006024734131303999,0.008400975633724439,0.008400975633724439,Integra,CANASTA_EVIDENCIA
2024-08-08,2024-08-02,50.2275576,49.9800084,50.18126121730805,-0.004928553404316749,-0.0009217327081807447,0.004026666336215401,0.004026666336215401,Integra,CANASTA_EVIDENCIA
2024-08-09,2024-08-02,50.2275576,50.1252645,50.23316398901885,-0.0020365931549893856,0.00011161978178386711,0.0021525969008870938,0.0021525969008870938,Integra,CANASTA_EVIDENCIA
2024-08-12,2024-08-07,49.5090258,50.2732539,49.87757082090249,0.015436136899304564,0.0074439966237931365,-0.00787064787738967,0.00787064787738967,Integra,CANASTA_EVIDENCIA
2024-08-13,2024-08-08,49.9800084,50.5786099,50.19982970520633,0.011976818715380588,0.004398184639087033,-0.007488940394814403,0.007488940394814403,Integra,CANASTA_EVIDENCIA
2024-08-14,2024-08-09,50.1252645,50.1628589,50.30036254525276,0.0007500090099274992,0.003493209402471331,0.002741144509464055,0.002741144509464055,Integra,CANASTA_EVIDENCIA
2024-08-15,2024-08-09,50.1252645,50.654276200000005,50.55074634461519,0.010553793686215895,0.008488371061168065,-0.002043852230284471,0.002043852230284471,Integra,CANASTA_EVIDENCIA
2024-08-16,2024-08-09,50.1252645,50.6471294,50.57998305896652,0.010411214887454445,0.009071644080132835,-0.0013257679522795662,0.0013257679522795662,Integra,CANASTA_EVIDENCIA
2024-08-19,2024-08-14,50.1628589,50.7643595,50.56171352772064,0.01199095532411909,0.007951194099916847,-0.003991894594461587,0.003991894594461587,Integra,CANASTA_EVIDENCIA
2024-08-20,2024-08-15,50.654276200000005,50.8280166,50.814043356549305,0.003429925625903829,0.003154070466202752,-0.0002749122311943575,0.0002749122311943575,Integra,CANASTA_EVIDENCIA
2024-08-21,2024-08-16,50.6471294,50.8307897,50.82243975460967,0.0036262726471523177,0.003461407520752191,-0.00016426944062075677,0.00016426944062075677,Integra,CANASTA_EVIDENCIA
2024-08-22,2024-08-16,50.6471294,50.4647488,50.67546985309463,-0.0036010056672628465,0.0005595668190947478,0.0041756088775899425,0.0041756088775899425,Integra,CANASTA_EVIDENCIA
2024-08-23,2024-08-16,50.6471294,50.7664596,50.860070604016116,0.002356109841044729,0.004204408157752804,0.0018439537591099509,0.0018439537591099509,Integra,CANASTA_EVIDENCIA
2024-08-26,2024-08-21,50.8307897,50.5466947,50.900917926070036,-0.0055890337662802825,0.0013796406958053176,0.007007841524997449,0.007007841524997449,Integra,CANASTA_EVIDENCIA
2024-08-27,2024-08-22,50.4647488,50.5609628,50.69077802918441,0.0019065585837216847,0.0044789528246775845,0.002567499153406372,0.002567499153406372,Integra,CANASTA_EVIDENCIA
2024-08-28,2024-08-23,50.7664596,50.353469,50.66028835525076,-0.008135107377076234,-0.002091365944873469,0.006093311172876037,0.006093311172876037,Integra,CANASTA_EVIDENCIA
2024-08-29,2024-08-23,50.7664596,50.4419523,50.68216634564439,-0.006392159361847671,-0.0016604123080430355,0.004762187716600197,0.004762187716600197,Integra,CANASTA_EVIDENCIA
2024-08-30,2024-08-23,50.7664596,50.6014217,50.79907751169873,-0.0032509239624027852,0.0006425090887907103,0.0039061315879731495,0.0039061315879731495,Integra,CANASTA_EVIDENCIA
2024-09-02,2024-08-28,50.353469,50.637314100000005,50.51533455075402,0.00563705154058014,0.0032145858859102816,-0.0024088866365442607,0.0024088866365442607,Integra,CANASTA_EVIDENCIA
2024-09-03,2024-08-29,50.4419523,49.9796414,50.12598337652597,-0.009165206319740271,-0.006264010591715885,0.002928031743060444,0.002928031743060444,Integra,CANASTA_EVIDENCIA
2024-09-04,2024-08-30,50.6014217,50.0120867,50.0875991992221,-0.011646609525992946,-0.010154309573043196,0.0015098849939028103,0.0015098849939028103,Integra,CANASTA_EVIDENCIA
2024-09-05,2024-08-30,50.6014217,50.0321765,50.14579123471127,-0.011249589060459253,-0.00900430165757049,0.002270833344842904,0.002270833344842904,Integra,CANASTA_EVIDENCIA
2024-09-06,2024-08-30,50.6014217,49.4693268,49.9200701219342,-0.022372788391437748,-0.013465067881003878,0.009111571777730365,0.009111571777730365,Integra,CANASTA_EVIDENCIA
2024-09-09,2024-09-04,50.0120867,49.8392387,49.93598602567843,-0.0034561245371910188,-0.001521645652941106,0.0019411878712831676,0.0019411878712831676,Integra,CANASTA_EVIDENCIA
2024-09-10,2024-09-05,50.0321765,49.8144714,49.895774032319544,-0.004351301806748253,-0.0027262949010513626,0.001632108703246038,0.001632108703246038,Integra,CANASTA_EVIDENCIA
2024-09-11,2024-09-06,49.4693268,50.0081763,49.70741146879745,0.010892598198850134,0.004812773575027851,-0.006014313127482462,0.006014313127482462,Integra,CANASTA_EVIDENCIA
2024-09-12,2024-09-06,49.4693268,50.3225087,49.96569582009024,0.017246685071121703,0.01003387456831617,-0.007090522494355711,0.007090522494355711,Integra,CANASTA_EVIDENCIA
2024-09-13,2024-09-06,49.4693268,50.790941700000005,50.12033810026976,0.026715845666207994,0.013159898110231882,-0.013203212566744837,0.013203212566744837,Integra,CANASTA_EVIDENCIA
2024-09-16,2024-09-11,50.0081763,50.7891866,50.47187222599934,0.01561765210782129,0.0092724022411379,-0.006247675838948363,0.006247675838948363,Integra,CANASTA_EVIDENCIA
2024-09-17,2024-09-12,50.3225087,50.4976276,50.48824717908021,0.0034799318341616203,0.00329352576733144,-0.00018575963595945932,0.00018575963595945932,Integra,CANASTA_EVIDENCIA
2024-09-18,2024-09-13,50.790941700000005,50.5807108,50.89394224507768,-0.004139141606031793,0.00202793139150792,0.006192705482455985,0.006192705482455985,Integra,CANASTA_EVIDENCIA
2024-09-19,2024-09-13,50.790941700000005,50.953646500000005,51.10538643251796,0.0032034216053922204,0.006190960868086348,0.0029779994748355687,0.0029779994748355687,Integra,CANASTA_EVIDENCIA
2024-09-20,2024-09-13,50.790941700000005,50.9329323,51.11343634825414,0.002795589041027613,0.006349452037313519,0.003543955552980149,0.003543955552980149,Integra,CANASTA_EVIDENCIA
2024-09-23,2024-09-18,50.5807108,51.0633113,50.856417978041826,0.009541196483146441,0.005450836369856438,-0.004051702028148307,0.004051702028148307,Integra,CANASTA_EVIDENCIA
2024-09-24,2024-09-19,50.953646500000005,51.3820491,51.375501284056696,0.008407692666313915,0.008279187320905379,-0.00012743392017244837,0.00012743392017244837,Integra,CANASTA_EVIDENCIA
2024-09-25,2024-09-20,50.9329323,51.2387623,51.25969203502793,0.0060045629848803905,0.006415490337436047,0.0004084746408470341,0.0004084746408470341,Integra,CANASTA_EVIDENCIA
2024-09-26,2024-09-20,50.9329323,51.7131035,51.64282924107544,0.015317617988391374,0.013937876910248947,-0.0013589255753053697,0.0013589255753053697,Integra,CANASTA_EVIDENCIA
2024-09-27,2024-09-20,50.9329323,51.6274908,51.650701638987265,0.013636727135774906,0.014092440913465065,0.00044958293784191916,0.00044958293784191916,Integra,CANASTA_EVIDENCIA
2024-09-30,2024-09-25,51.2387623,50.7891866,51.47139858408642,-0.008774132703825988,0.004540240115956662,0.013432228979355587,0.013432228979355587,Integra,CANASTA_EVIDENCIA
2024-10-01,2024-09-26,51.7131035,51.4328998,51.54292530092389,-0.0054184274591062564,-0.0032908138858096514,0.002139204698777153,0.002139204698777153,Integra,CANASTA_EVIDENCIA
2024-10-02,2024-09-27,51.6274908,51.4921317,51.50074934558745,-0.0026218415402825546,-0.0024549218342516665,0.00016735849348115117,0.00016735849348115117,Integra,CANASTA_EVIDENCIA
2024-10-03,2024-09-27,51.6274908,51.5882749,51.40594253185495,-0.0007595933753959949,-0.004291284831240527,-0.0035343761445501,0.0035343761445501,Integra,CANASTA_EVIDENCIA
2024-10-04,2024-09-27,51.6274908,51.9357637,51.57255607134555,0.005971099800186508,-0.001064059627984948,-0.006993401132069033,0.006993401132069033,Integra,CANASTA_EVIDENCIA
2024-10-07,2024-10-02,51.4921317,51.9660221,51.4729089316257,0.009203161422039141,-0.000373314674294134,-0.009489145954358125,0.009489145954358125,Integra,CANASTA_EVIDENCIA
2024-10-08,2024-10-03,51.5882749,51.7883576,51.53949956125651,0.0038784530087085933,-0.000945473343274883,-0.004805289263382306,0.004805289263382306,Integra,CANASTA_EVIDENCIA
2024-10-09,2024-10-04,51.9357637,51.89910810000001,51.74266322594085,-0.0007057872531101017,-0.003718063629035484,-0.003014403903776386,0.003014403903776386,Integra,CANASTA_EVIDENCIA
2024-10-10,2024-10-04,51.9357637,52.1135063,51.89705579719315,0.003422354603789035,-0.0007453034296452943,-0.004153443477029062,0.004153443477029062,Integra,CANASTA_EVIDENCIA
2024-10-11,2024-10-04,51.9357637,52.1717538,52.02320871067417,0.00454388427525898,0.0016837147361359328,-0.0028472320462001877,0.0028472320462001877,Integra,CANASTA_EVIDENCIA
2024-10-14,2024-10-09,51.89910810000001,52.29106000000001,52.198152324688415,0.007552189514409058,0.005762030131851281,-0.0017767410970745967,0.0017767410970745967,Integra,CANASTA_EVIDENCIA
2024-10-15,2024-10-10,52.1135063,51.888131,52.03692403734104,-0.004324700370429646,-0.0014695281146138717,0.0028675736526535545,0.0028675736526535545,Integra,CANASTA_EVIDENCIA
2024-10-16,2024-10-11,52.1717538,51.9779223,52.07206377036218,-0.003715257507789449,-0.0019108046476639107,0.0018111818671553426,0.0018111818671553426,Integra,CANASTA_EVIDENCIA
2024-10-17,2024-10-11,52.1717538,51.984913000000006,52.12973967409661,-0.0035812635457156405,-0.000805304074393276,0.0027859366446685296,0.0027859366446685296,Integra,CANASTA_EVIDENCIA
2024-10-18,2024-10-11,52.1717538,52.2578758,52.32422049751599,0.0016507399833662895,0.00292239931401328,0.0012695636112325381,0.0012695636112325381,Integra,CANASTA_EVIDENCIA
2024-10-21,2024-10-16,51.9779223,52.2766151,52.246097797968666,0.005746532119464742,0.005159411652140289,-0.0005837658381852018,0.0005837658381852018,Integra,CANASTA_EVIDENCIA
2024-10-22,2024-10-17,51.984913000000006,52.2987815,52.2264778039448,0.0060376844335585655,0.004646825203781679,-0.001382512058243579,0.001382512058243579,Integra,CANASTA_EVIDENCIA
2024-10-23,2024-10-18,52.2578758,52.1126465,52.22334431806063,-0.0027790892334740303,-0.0006607900036259551,0.00212420257836321,0.00212420257836321,Integra,CANASTA_EVIDENCIA
2024-10-24,2024-10-18,52.2578758,52.2623078,52.240502811645015,8.481018281258912e-05,-0.0003324472740047213,-0.0004172220721371245,0.0004172220721371245,Integra,CANASTA_EVIDENCIA
2024-10-25,2024-10-18,52.2578758,52.3717468,52.26508782193731,0.0021790208319183435,0.00013800832557575582,-0.0020365747674983004,0.0020365747674983004,Integra,CANASTA_EVIDENCIA
2024-10-28,2024-10-23,52.1126465,52.4104743,52.18613918994229,0.0057150772413756545,0.001410265931174548,-0.004280348786267485,0.004280348786267485,Integra,CANASTA_EVIDENCIA
2024-10-29,2024-10-24,52.2623078,52.7008752,52.246605826804156,0.00839165774458972,-0.00030044546168794817,-0.008619769054534432,0.008619769054534432,Integra,CANASTA_EVIDENCIA
2024-10-30,2024-10-25,52.3717468,52.3575302,52.25011382580031,-0.00027145552456531163,-0.002322492214441141,-0.0020515936062943663,0.0020515936062943663,Integra,CANASTA_EVIDENCIA
2024-10-31,2024-10-25,52.3717468,51.8852242,52.039742535766564,-0.00928979134222796,-0.0063393773268878295,0.0029780797548633053,0.0029780797548633053,Integra,CANASTA_EVIDENCIA
2024-11-01,2024-10-25,52.3717468,51.8001888,52.02562088701768,-0.010913479784867453,-0.006609019827123919,0.004351954929895596,0.004351954929895596,Integra,CANASTA_EVIDENCIA
2024-11-04,2024-10-30,52.3575302,51.87764129999999,52.18584028713295,-0.009165613774501646,-0.00327918280734818,0.00594088280441829,0.00594088280441829,Integra,CANASTA_EVIDENCIA
2024-11-05,2024-10-31,51.8852242,52.0080084,52.0558135384664,0.0023664579250290974,0.0032878211686786507,0.0009191880238659245,0.0009191880238659245,Integra,CANASTA_EVIDENCIA
2024-11-06,2024-11-01,51.8001888,52.275263800000005,52.01474947163761,0.009171298618896317,0.004142082811049663,-0.004983510544472769,0.004983510544472769,Integra,CANASTA_EVIDENCIA
2024-11-07,2024-11-01,51.8001888,52.4064331,52.26559703636171,0.011703515258230102,0.008984682240418929,-0.002687381210805806,0.002687381210805806,Integra,CANASTA_EVIDENCIA
2024-11-08,2024-11-01,51.8001888,52.3408543,52.11010376741838,0.0104375198725144,0.005982892622553138,-0.004408612271764478,0.004408612271764478,Integra,CANASTA_EVIDENCIA
2024-11-11,2024-11-06,52.275263800000005,52.2914101,52.227606100521186,0.0003088707512173272,-0.0009116682731846737,-0.0012201621520016026,0.0012201621520016026,Integra,CANASTA_EVIDENCIA
2024-11-12,2024-11-07,52.4064331,52.3728581,51.99708467593864,-0.0006406656208777228,-0.007811033872125228,-0.007174965004656975,0.007174965004656975,Integra,CANASTA_EVIDENCIA
2024-11-13,2024-11-08,52.3408543,52.3457124,52.00396460653982,9.281659737836456e-05,-0.006436457676621821,-0.006528668305222585,0.006528668305222585,Integra,CANASTA_EVIDENCIA
2024-11-14,2024-11-08,52.3408543,52.0873161,52.00296466854932,-0.004843982838850902,-0.006455562026443262,-0.0016194236479518676,0.0016194236479518676,Integra,CANASTA_EVIDENCIA
2024-11-15,2024-11-08,52.3408543,51.7997756,51.94731212241188,-0.01033759779499821,-0.007518833669249325,0.002848207751924736,0.002848207751924736,Integra,CANASTA_EVIDENCIA
2024-11-18,2024-11-13,52.3457124,51.7915361,52.43964144613553,-0.010586851808706998,0.0017943980858980968,0.012513730909316179,0.012513730909316179,Integra,CANASTA_EVIDENCIA
2024-11-19,2024-11-14,52.0873161,51.794402600000005,52.30853919178589,-0.005623509175202046,0.004247158585809485,0.00992648946559882,0.00992648946559882,Integra,CANASTA_EVIDENCIA
2024-11-20,2024-11-15,51.7997756,51.7079128,52.085016925786014,-0.0017734208099541293,0.005506613155791706,0.007292967466016487,0.007292967466016487,Integra,CANASTA_EVIDENCIA
2024-11-21,2024-11-15,51.7997756,51.9372602,52.151935100711775,0.0026541543550624436,0.006798475410997318,0.004133350505689082,0.004133350505689082,Integra,CANASTA_EVIDENCIA
2024-11-22,2024-11-15,51.7997756,51.9473052,52.114085465358436,0.002848074114050858,0.00606778430442545,0.003210566259718828,0.003210566259718828,Integra,CANASTA_EVIDENCIA
2024-11-25,2024-11-20,51.7079128,51.884374,51.687495155499946,0.003412653701233781,-0.00039486499056784474,-0.00379456914137688,0.00379456914137688,Integra,CANASTA_EVIDENCIA
2024-11-26,2024-11-21,51.9372602,51.8473972,51.87359325459539,-0.0017302221883470636,-0.0012258433571473715,0.0005052530312050774,0.0005052530312050774,Integra,CANASTA_EVIDENCIA
2024-11-27,2024-11-22,51.9473052,51.6049901,51.94571878428857,-0.006589660400709296,-3.053894143922875e-05,0.006602630552361433,0.006602630552361433,Integra,CANASTA_EVIDENCIA
2024-11-28,2024-11-22,51.9473052,51.5106084,51.951235046241266,-0.008406534243089125,7.565062761449859e-05,0.008554095164623687,0.008554095164623687,Integra,CANASTA_EVIDENCIA
2024-11-29,2024-11-22,51.9473052,51.6468442,51.91022976265467,-0.005783957393809214,-0.0007137124284424257,0.0050997416538118845,0.0050997416538118845,Integra,CANASTA_EVIDENCIA
2024-12-02,2024-11-27,51.6049901,51.8138609,51.622099711828895,0.004047492298617783,0.0003315495613067654,-0.0037009631175951574,0.0037009631175951574,Integra,CANASTA_EVIDENCIA
2024-12-03,2024-11-28,51.5106084,51.4922258,51.59356763145609,-0.0003568701782213912,0.0016105271134030374,0.0019680996476965085,0.0019680996476965085,Integra,CANASTA_EVIDENCIA
2024-12-04,2024-11-29,51.6468442,51.8278199,51.778659296688716,0.003504099869087618,0.0025522391296217695,-0.00094853697118924,0.00094853697118924,Integra,CANASTA_EVIDENCIA
2024-12-05,2024-11-29,51.6468442,51.6872495,51.81882965929138,0.0007823382169012127,0.003330028425848841,0.0025456986116350055,0.0025456986116350055,Integra,CANASTA_EVIDENCIA
2024-12-06,2024-11-29,51.6468442,51.5829201,51.721064081201355,-0.0012377155078914237,0.0014370651750559293,0.0026780954031595527,0.0026780954031595527,Integra,CANASTA_EVIDENCIA
2024-12-09,2024-12-04,51.8278199,51.7321862,51.96720144160013,-0.001845219424327027,0.0026893190157151192,0.004542921126347688,0.004542921126347688,Integra,CANASTA_EVIDENCIA
2024-12-10,2024-12-05,51.6872495,51.4964831,51.68076147526241,-0.0036907825787867443,-0.00012552466614790259,0.0035784652498416225,0.0035784652498416225,Integra,CANASTA_EVIDENCIA
2024-12-11,2024-12-06,51.5829201,51.991879,51.83756805956616,0.007928184352634204,0.004936672043236223,-0.0029679816040855123,0.0029679816040855123,Integra,CANASTA_EVIDENCIA
2024-12-12,2024-12-06,51.5829201,51.8957417,51.685515748705,0.0060644414739132735,0.00198894611832956,-0.0040509287353532875,0.0040509287353532875,Integra,CANASTA_EVIDENCIA
2024-12-13,2024-12-06,51.5829201,51.753188,51.5440354924003,0.0033008581071003462,-0.0007538271878427816,-0.0040413453872581995,0.0040413453872581995,Integra,CANASTA_EVIDENCIA
2024-12-16,2024-12-11,51.991879,52.0538684,51.61799784883524,0.0011922900497596256,-0.007191145201056459,-0.008373451667710419,0.008373451667710419,Integra,CANASTA_EVIDENCIA
2024-12-17,2024-12-12,51.8957417,51.8141661,51.61507835135279,-0.0015719131729838853,-0.005408215384408055,-0.0038423420394911867,0.0038423420394911867,Integra,CANASTA_EVIDENCIA
2024-12-18,2024-12-13,51.753188,51.0707931,51.27881237946502,-0.013185562597612277,-0.009166113989634406,0.004073155454188848,0.004073155454188848,Integra,CANASTA_EVIDENCIA
2024-12-19,2024-12-13,51.753188,50.8068611,51.237338152445176,-0.018285383694623847,-0.009967498959770893,0.00847281337845085,0.00847281337845085,Integra,CANASTA_EVIDENCIA
2024-12-20,2024-12-13,51.753188,51.03468480000001,51.329540422844396,-0.01388326454401212,-0.008185922327250794,0.005777553520706524,0.005777553520706524,Integra,CANASTA_EVIDENCIA
2024-12-23,2024-12-18,51.0707931,51.1777676,51.17036354064074,0.002094631657482582,0.0019496552647180199,-0.00014467335537438064,0.00014467335537438064,Integra,CANASTA_EVIDENCIA
2024-12-24,2024-12-19,50.8068611,51.4192908,51.04099859624392,0.012054074720234897,0.0046083834185914885,-0.007357009361087519,0.007357009361087519,Integra,CANASTA_EVIDENCIA
2024-12-26,2024-12-20,51.03468480000001,51.4548082,51.21186417539968,0.008232115112426275,0.003471744287125933,-0.0047215028701694806,0.0047215028701694806,Integra,CANASTA_EVIDENCIA
2024-12-27,2024-12-20,51.03468480000001,51.4272928,51.07888364631684,0.007692964138773073,0.0008660550464854033,-0.0067747908690841685,0.0067747908690841685,Integra,CANASTA_EVIDENCIA
2024-12-30,2024-12-24,51.4192908,51.2274031,51.11768134420103,-0.003731823154589309,-0.0058656868094915104,-0.0021418566852741128,0.0021418566852741128,Integra,CANASTA_EVIDENCIA
2024-12-31,2024-12-26,51.4548082,51.115465400000005,51.15590686697594,-0.006594967737145296,-0.0058090068446521315,0.0007911786904308826,0.0007911786904308826,Integra,CANASTA_EVIDENCIA
2025-01-02,2024-12-27,51.4272928,51.1016086,51.32670329094388,-0.006332905783444143,-0.0019559557499421176,0.004404845505076471,0.004404845505076471,Integra,CANASTA_EVIDENCIA
2025-01-03,2024-12-27,51.4272928,51.3226601,51.38284465774619,-0.002034575306285591,-0.0008642909209057859,0.0011726702713561465,0.0011726702713561465,Integra,CANASTA_EVIDENCIA
2025-01-06,2024-12-31,51.115465400000005,51.6800062,51.35597300169252,0.011044422575090085,0.0047051826645896355,-0.006269991475107095,0.006269991475107095,Integra,CANASTA_EVIDENCIA
2025-01-07,2025-01-02,51.1016086,51.6088452,51.17453173277638,0.009926039784195817,0.001427022255741317,-0.008415485088661079,0.008415485088661079,Integra,CANASTA_EVIDENCIA
2025-01-08,2025-01-03,51.3226601,51.6698735,51.44199181352114,0.006765304045493137,0.002325127210643929,-0.004410339546870756,0.004410339546870756,Integra,CANASTA_EVIDENCIA
2025-01-09,2025-01-03,51.3226601,51.5809154,51.463828385629895,0.005031993655371769,0.0027506034440700766,-0.002269967747995927,0.002269967747995927,Integra,CANASTA_EVIDENCIA
2025-01-10,2025-01-03,51.3226601,51.2462699,51.343437681398115,-0.0014884302538323846,0.0004048422540381402,0.0018960947126049899,0.0018960947126049899,Integra,CANASTA_EVIDENCIA
2025-01-13,2025-01-08,51.6698735,51.148766,51.531696690694865,-0.010085325639514031,-0.002674223874481463,0.007486606630839665,0.007486606630839665,Integra,CANASTA_EVIDENCIA
2025-01-14,2025-01-09,51.5809154,51.2653385,51.54408422839509,-0.006118094212806513,-0.0007140464902433141,0.005437313720167758,0.005437313720167758,Integra,CANASTA_EVIDENCIA
2025-01-15,2025-01-10,51.2462699,51.5609657,51.51932272023034,0.006140852799902952,0.005328247709797562,-0.0008076454582318648,0.0008076454582318648,Integra,CANASTA_EVIDENCIA
2025-01-16,2025-01-10,51.2462699,51.4580801,51.50174871356626,0.004133182774342714,0.004985315303236426,0.000848625006634407,0.000848625006634407,Integra,CANASTA_EVIDENCIA
2025-01-17,2025-01-10,51.2462699,51.5672043,51.50134116152966,0.0062625904407531685,0.0049773624895508295,-0.0012772291878996311,0.0012772291878996311,Integra,CANASTA_EVIDENCIA
2025-01-20,2025-01-15,51.5609657,51.5129615,51.549353610519525,-0.0009310182489462582,-0.00022521086102300636,0.0007064651198420702,0.0007064651198420702,Integra,CANASTA_EVIDENCIA
2025-01-21,2025-01-16,51.4580801,51.7082639,51.58546372861835,0.004861895343040601,0.002475483507561993,-0.0023748654880221265,0.0023748654880221265,Integra,CANASTA_EVIDENCIA
2025-01-22,2025-01-17,51.5672043,51.6992519,51.62359292814013,0.0025606895272389796,0.0010934978714780552,-0.0014634442294487737,0.0014634442294487737,Integra,CANASTA_EVIDENCIA
2025-01-23,2025-01-17,51.5672043,51.6685423,51.644872213369524,0.001965163738767872,0.0015061493913395285,-0.00045811407825369077,0.00045811407825369077,Integra,CANASTA_EVIDENCIA
2025-01-24,2025-01-17,51.5672043,51.5684706,51.63530352413014,2.455630506226214e-05,0.0013205917414866875,0.0012960036113645046,0.0012960036113645046,Integra,CANASTA_EVIDENCIA
2025-01-27,2025-01-22,51.6992519,51.0025797,51.514111518447734,-0.013475479323135087,-0.0035811036861882473,0.010029528338695748,0.010029528338695748,Integra,CANASTA_EVIDENCIA
2025-01-28,2025-01-23,51.6685423,51.044353,51.45734507504779,-0.012080644667229135,-0.0040875398366369,0.00809084748410438,0.00809084748410438,Integra,CANASTA_EVIDENCIA
2025-01-29,2025-01-24,51.5684706,50.92265,51.43765075056921,-0.012523555430011157,-0.002536818484409009,0.010113392578139813,0.010113392578139813,Integra,CANASTA_EVIDENCIA
2025-01-30,2025-01-24,51.5684706,51.2344483,51.608482375439095,-0.006477258218319126,0.0007758961042194645,0.007300441165072558,0.007300441165072558,Integra,CANASTA_EVIDENCIA
2025-01-31,2025-01-24,51.5684706,51.1192994,51.45334362677026,-0.00871019044726129,-0.0022325070317237294,0.00653460103504977,0.00653460103504977,Integra,CANASTA_EVIDENCIA
2025-02-03,2025-01-29,50.92265,50.7826682,50.876026174556706,-0.0027489103571788354,-0.0009155812873700153,0.001838382618830181,0.001838382618830181,Integra,CANASTA_EVIDENCIA
2025-02-04,2025-01-30,51.2344483,51.0525588,51.251375000410675,-0.003550140697035631,0.0003303773334606408,0.003894343497836017,0.003894343497836017,Integra,CANASTA_EVIDENCIA
2025-02-05,2025-01-31,51.1192994,51.3491771,51.40200104736611,0.004496886747238804,0.005530233212979185,0.001028720426487828,0.001028720426487828,Integra,CANASTA_EVIDENCIA
2025-02-06,2025-01-31,51.1192994,51.4323607,51.55213769811161,0.006124131270859978,0.008467218901509588,0.002328825596986661,0.002328825596986661,Integra,CANASTA_EVIDENCIA
2025-02-07,2025-01-31,51.1192994,51.2193459,51.49145417334659,0.001957117980376566,0.007280122726928129,0.005312607347189635,0.005312607347189635,Integra,CANASTA_EVIDENCIA
2025-02-10,2025-02-05,51.3491771,51.32531800000001,51.617109867435104,-0.0004646442523027483,0.005217859030405059,0.005685144852586976,0.005685144852586976,Integra,CANASTA_EVIDENCIA
2025-02-11,2025-02-06,51.4323607,51.2181138,51.330432953305085,-0.004165605021509311,-0.0019817823896796094,0.0021929576271331186,0.0021929576271331186,Integra,CANASTA_EVIDENCIA
2025-02-12,2025-02-07,51.2193459,51.178119800000005,51.258103539383164,-0.0008048931370674417,0.0007566992256955452,0.0015628502902358399,0.0015628502902358399,Integra,CANASTA_EVIDENCIA
2025-02-13,2025-02-07,51.2193459,51.3996249,51.41719061095031,0.003519744284746773,0.0038626949929538856,0.00034174784318907747,0.00034174784318907747,Integra,CANASTA_EVIDENCIA
2025-02-14,2025-02-07,51.2193459,51.358396,51.46622574728697,0.0027147964808351688,0.004820050763025607,0.0020995544192417004,0.0020995544192417004,Integra,CANASTA_EVIDENCIA
2025-02-17,2025-02-12,51.178119800000005,51.3563518,51.37969159022295,0.003482582023265124,0.0039386321930283685,0.0004544674495929879,0.0004544674495929879,Integra,CANASTA_EVIDENCIA
2025-02-18,2025-02-13,51.3996249,51.3460906,51.394553156437794,-0.0010415309470478418,-9.867277382025197e-05,0.0009438412130600149,0.0009438412130600149,Integra,CANASTA_EVIDENCIA
2025-02-19,2025-02-14,51.358396,51.3191369,51.22935297892531,-0.0007644144493921257,-0.002512598350514872,-0.0017495212604536903,0.0017495212604536903,Integra,CANASTA_EVIDENCIA
2025-02-20,2025-02-14,51.358396,51.0298121,51.31458222739187,-0.006397861412961503,-0.0008530985392949386,0.005580465921250388,0.005580465921250388,Integra,CANASTA_EVIDENCIA
2025-02-21,2025-02-14,51.358396,50.5375241,51.01943704910314,-0.015983207497368146,-0.00659987416462271,0.009535745125732076,0.009535745125732076,Integra,CANASTA_EVIDENCIA
2025-02-24,2025-02-19,51.3191369,50.2335452,51.04366481427125,-0.02115374040906748,-0.005367823824970475,0.016127064316202144,0.016127064316202144,Integra,CANASTA_EVIDENCIA
2025-02-25,2025-02-20,51.0298121,49.834154,50.639616688121336,-0.023430580102018483,-0.007646420706273083,0.01616286469157946,0.01616286469157946,Integra,CANASTA_EVIDENCIA
2025-02-26,2025-02-21,50.5375241,49.928489600000006,50.54214661771164,-0.012051134495526084,9.146703947138235e-05,0.012290718638354958,0.012290718638354958,Integra,CANASTA_EVIDENCIA
2025-02-27,2025-02-21,50.5375241,49.3546311,50.33633858605624,-0.023406231727129634,-0.0039809135395249,0.01989088894347435,0.01989088894347435,Integra,CANASTA_EVIDENCIA
2025-02-28,2025-02-21,50.5375241,49.714312,50.44101804597272,-0.01628912604367172,-0.0019095920456316806,0.0146176426211575,0.0146176426211575,Integra,CANASTA_EVIDENCIA
2025-03-03,2025-02-26,49.928489600000006,49.4006253,49.658356122328605,-0.010572406740699924,-0.005410407561605934,0.0052171570858357,0.0052171570858357,Integra,CANASTA_EVIDENCIA
2025-03-04,2025-02-27,49.3546311,48.928896400000006,49.19126553635551,-0.00862603347469848,-0.003310035147734869,0.005362253303458964,0.005362253303458964,Integra,CANASTA_EVIDENCIA
2025-03-05,2025-02-28,49.714312,49.1951659,49.75634492091969,-0.010442588444148693,0.0008454893415741349,0.011407198464589152,0.011407198464589152,Integra,CANASTA_EVIDENCIA
2025-03-06,2025-02-28,49.714312,48.8962126,49.71861118763073,-0.016456013712912276,8.64778663884902e-05,0.016819269712327944,0.016819269712327944,Integra,CANASTA_EVIDENCIA
2025-03-07,2025-02-28,49.714312,48.958922,49.75504196215915,-0.015194618402845417,0.0008192804148461352,0.01626097817593175,0.01626097817593175,Integra,CANASTA_EVIDENCIA
2025-03-10,2025-03-05,49.1951659,48.3806362,48.87149223855517,-0.016557108510533602,-0.006579379406967845,0.010145712770829096,0.010145712770829096,Integra,CANASTA_EVIDENCIA
2025-03-11,2025-03-06,48.8962126,48.3234152,48.62828511084078,-0.01171455557684642,-0.005479514156873977,0.006308947941261689,0.006308947941261689,Integra,CANASTA_EVIDENCIA
2025-03-12,2025-03-07,48.958922,48.4676307,48.836891230828655,-0.010034765471347629,-0.002492513400751406,0.007618703978213182,0.007618703978213182,Integra,CANASTA_EVIDENCIA
2025-03-13,2025-03-07,48.958922,48.4659224,48.881828610406515,-0.01006965798797621,-0.0015746545561906578,0.008581415349406818,0.008581415349406818,Integra,CANASTA_EVIDENCIA
2025-03-14,2025-03-07,48.958922,48.8896707,49.21460555434675,-0.0014144776308595564,0.005222409806056261,0.006646288463275418,0.006646288463275418,Integra,CANASTA_EVIDENCIA
2025-03-17,2025-03-12,48.4676307,49.0740103,49.029668312433195,0.012511022124297888,0.011596143742037546,-0.0009035737510696418,0.0009035737510696418,Integra,CANASTA_EVIDENCIA
2025-03-18,2025-03-13,48.4659224,49.045239,48.984221817955245,0.011953070762148688,0.010694099942586632,-0.0012441000041769623,0.0012441000041769623,Integra,CANASTA_EVIDENCIA
2025-03-19,2025-03-14,48.8896707,49.2018229,49.192190149971424,0.006384829260058789,0.006187798887576035,-0.00019578034838585445,0.00019578034838585445,Integra,CANASTA_EVIDENCIA
2025-03-20,2025-03-14,48.8896707,49.2074983,49.192666151598154,0.006500915130933649,0.006197535128788401,-0.0003014204931007791,0.0003014204931007791,Integra,CANASTA_EVIDENCIA
2025-03-21,2025-03-14,48.8896707,49.4014696,49.19261186272742,0.010468446456523006,0.006196424692372027,-0.0042277636467839,0.0042277636467839,Integra,CANASTA_EVIDENCIA
2025-03-24,2025-03-19,49.2018229,49.812396500000006,49.289842815129035,0.012409572735566421,0.001788956382935858,-0.010490434542152038,0.010490434542152038,Integra,CANASTA_EVIDENCIA
2025-03-25,2025-03-20,49.2074983,49.986153400000006,49.435371245898665,0.015823911535856494,0.004630858177536501,-0.01101869451113513,0.01101869451113513,Integra,CANASTA_EVIDENCIA
2025-03-26,2025-03-21,49.4014696,49.6704655,49.474878310082836,0.005445099147414867,0.0014859620711129562,-0.003937695931542362,0.003937695931542362,Integra,CANASTA_EVIDENCIA
2025-03-27,2025-03-21,49.4014696,49.7382488,49.485252016785125,0.0068171899080509135,0.0016959498869872913,-0.005086563948646261,0.005086563948646261,Integra,CANASTA_EVIDENCIA
2025-03-28,2025-03-21,49.4014696,49.4303458,49.25475632691626,0.0005845210726280747,-0.002969815964417033,-0.0035522606658304756,0.0035522606658304756,Integra,CANASTA_EVIDENCIA
2025-03-31,2025-03-26,49.6704655,49.5870103,49.37784730169292,-0.0016801775292401011,-0.005891190979619099,-0.004218100608237019,0.004218100608237019,Integra,CANASTA_EVIDENCIA
2025-04-01,2025-03-27,49.7382488,49.66307400000001,49.54106308796724,-0.00151140825850693,-0.003964468327496973,-0.0024567732563789413,0.0024567732563789413,Integra,CANASTA_EVIDENCIA
2025-04-02,2025-03-28,49.4303458,49.635450600000006,49.56504505325422,0.00414937012235117,0.0027250315787639146,-0.0014184528576797195,0.0014184528576797195,Integra,CANASTA_EVIDENCIA
2025-04-03,2025-03-28,49.4303458,48.484396100000005,49.0523989163474,-0.019137023718737378,-0.007646049760238527,0.011715167394802162,0.011715167394802162,Integra,CANASTA_EVIDENCIA
2025-04-04,2025-03-28,49.4303458,47.0069087,48.0785508227607,-0.049027314310230885,-0.027347471585750016,0.022797545135332387,0.022797545135332387,Integra,CANASTA_EVIDENCIA
2025-04-07,2025-04-02,49.635450600000006,46.7087364,47.88911707582204,-0.05896419121054597,-0.03518319070478959,0.025271089881635955,0.025271089881635955,Integra,CANASTA_EVIDENCIA
2025-04-08,2025-04-03,48.484396100000005,46.7818064,47.09629049190415,-0.035116240212384575,-0.028629945296892223,0.0067223588848879245,0.0067223588848879245,Integra,CANASTA_EVIDENCIA
2025-04-09,2025-04-04,47.0069087,47.8661733,47.64184278658921,0.018279538556425168,0.013507250405283777,-0.0046866189198958574,0.0046866189198958574,Integra,CANASTA_EVIDENCIA
2025-04-10,2025-04-04,47.0069087,47.5037014,47.40763363220364,0.01056850394418718,0.008524809294758962,-0.0020223217342040245,0.0020223217342040245,Integra,CANASTA_EVIDENCIA
2025-04-11,2025-04-04,47.0069087,47.9518567,47.72099998522755,0.02010232168277004,0.015191198591358424,-0.004814343607521865,0.004814343607521865,Integra,CANASTA_EVIDENCIA
2025-04-14,2025-04-09,47.8661733,48.2878559,48.218537456084746,0.008809615871256504,0.007361444038492815,-0.0014355254053690647,0.0014355254053690647,Integra,CANASTA_EVIDENCIA
2025-04-15,2025-04-10,47.5037014,48.4185568,48.07591999685926,0.019258612971998934,0.01204576864528839,-0.007076559604121346,0.007076559604121346,Integra,CANASTA_EVIDENCIA
2025-04-16,2025-04-11,47.9518567,47.9767606,48.155781759486004,0.0005193521526352107,0.004252704139525054,0.0037314140689608255,0.0037314140689608255,Integra,CANASTA_EVIDENCIA
2025-04-17,2025-04-11,47.9518567,47.8773884,48.13527516725225,-0.0015529805334940638,0.0038250545416784743,0.005386400049595341,0.005386400049595341,Integra,CANASTA_EVIDENCIA
2025-04-18,2025-04-11,47.9518567,47.8825576,48.1324984607994,-0.001445180745211938,0.003767148411573329,0.005219872816472071,0.005219872816472071,Integra,CANASTA_EVIDENCIA
2025-04-21,2025-04-16,47.9767606,47.6398028,47.89577529107111,-0.007023354553037486,-0.001688011193671346,0.005373080408114461,0.005373080408114461,Integra,CANASTA_EVIDENCIA
2025-04-22,2025-04-17,47.8773884,47.9773281,48.01879785005581,0.0020874091787346227,0.0029535748456950284,0.0008643613910590542,0.0008643613910590542,Integra,CANASTA_EVIDENCIA
2025-04-23,2025-04-18,47.8825576,48.1800158,48.1783769398221,0.006212245437783315,0.00617801877446289,-3.401535160763025e-05,3.401535160763025e-05,Integra,CANASTA_EVIDENCIA
2025-04-24,2025-04-18,47.8825576,48.5515188,48.408710489577366,0.013970874438002046,0.01098840404417678,-0.002941376788044625,0.002941376788044625,Integra,CANASTA_EVIDENCIA
2025-04-25,2025-04-18,47.8825576,48.5996734,48.44746043638261,0.014976555888902787,0.01179767465851933,-0.003131975031284595,0.003131975031284595,Integra,CANASTA_EVIDENCIA
2025-04-28,2025-04-23,48.1800158,48.6507722,48.473371943325255,0.009770781353708013,0.006088751496948541,-0.0036464016633788177,0.0036464016633788177,Integra,CANASTA_EVIDENCIA
2025-04-29,2025-04-24,48.5515188,48.6228332,48.682335506093835,0.0014688397348345816,0.0026943895747673086,0.0012237523438645148,0.0012237523438645148,Integra,CANASTA_EVIDENCIA
2025-04-30,2025-04-25,48.5996734,48.6525297,48.59463032417113,0.0010875854980541,-0.00010376768969955208,-0.0011900588969554482,0.0011900588969554482,Integra,CANASTA_EVIDENCIA
2025-05-01,2025-04-25,48.5996734,48.520621600000005,48.52833926945775,-0.0016265911778738928,-0.001467790327624896,0.0001590595751508328,0.0001590595751508328,Integra,CANASTA_EVIDENCIA
2025-05-02,2025-04-25,48.5996734,48.9231507,48.735108659573626,0.006655956251755413,0.0027867524635181162,-0.0038436208162361263,0.0038436208162361263,Integra,CANASTA_EVIDENCIA
2025-05-05,2025-04-30,48.6525297,49.087768800000006,48.815303964396456,0.008945867824011744,0.003345648528455758,-0.0055505646776015105,0.0055505646776015105,Integra,CANASTA_EVIDENCIA
2025-05-06,2025-05-01,48.520621600000005,49.0195868,48.84925759700798,0.010283569821372573,0.006773120091436935,-0.003474717232663904,0.003474717232663904,Integra,CANASTA_EVIDENCIA
2025-05-07,2025-05-02,48.9231507,48.856504400000006,48.96453845542534,-0.001362265084043246,0.0008459748571618686,0.002211252252941387,0.002211252252941387,Integra,CANASTA_EVIDENCIA
2025-05-08,2025-05-02,48.9231507,48.9122837,49.019815423808296,-0.00022212387886944018,0.0019758482931946375,0.0021984605026383885,0.0021984605026383885,Integra,CANASTA_EVIDENCIA
2025-05-09,2025-05-02,48.9231507,49.1554075,49.08042534531206,0.004747380262244638,0.0032147284682557675,-0.0015254100922252878,0.0015254100922252878,Integra,CANASTA_EVIDENCIA
2025-05-12,2025-05-07,48.856504400000006,49.647589,49.06863107283289,0.016192001652905796,0.00434183074368466,-0.011661350305794516,0.011661350305794516,Integra,CANASTA_EVIDENCIA
2025-05-13,2025-05-08,48.9122837,49.9952102,49.19164028417289,0.0221401745754104,0.005711378881556595,-0.016072938039714657,0.016072938039714657,Integra,CANASTA_EVIDENCIA
2025-05-14,2025-05-09,49.1554075,49.73710020000001,49.35834946719105,0.011833747894369528,0.004128578675520966,-0.007615054582714942,0.007615054582714942,Integra,CANASTA_EVIDENCIA
2025-05-15,2025-05-09,49.1554075,49.8780494,49.403708858380625,0.014701167923386604,0.0050513538796443935,-0.009510005850777659,0.009510005850777659,Integra,CANASTA_EVIDENCIA
2025-05-16,2025-05-09,49.1554075,49.9868731,49.327238299624845,0.016915038289530893,0.0034956642282915062,-0.013196160501088627,0.013196160501088627,Integra,CANASTA_EVIDENCIA
2025-05-19,2025-05-14,49.73710020000001,49.977632400000005,49.82568467960509,0.004836072047481377,0.001781054368848789,-0.003040314498669927,0.003040314498669927,Integra,CANASTA_EVIDENCIA
2025-05-20,2025-05-15,49.8780494,50.0505052,49.9771009620521,0.003457549003510252,0.0019858748135426207,-0.0014666033370609455,0.0014666033370609455,Integra,CANASTA_EVIDENCIA
2025-05-21,2025-05-16,49.9868731,49.8184314,50.10268286041602,-0.003369718679202549,0.002316803457266481,0.005705748905133534,0.005705748905133534,Integra,CANASTA_EVIDENCIA
2025-05-22,2025-05-16,49.9868731,49.4560206,50.13168336644795,-0.010619838111057933,0.002896965892590586,0.013661891075157584,0.013661891075157584,Integra,CANASTA_EVIDENCIA
2025-05-23,2025-05-16,49.9868731,49.5533445,50.28229228694074,-0.008672848952418155,0.005909935321414261,0.014710365047928109,0.014710365047928109,Integra,CANASTA_EVIDENCIA
2025-05-26,2025-05-21,49.8184314,49.5529068,50.00996246430146,-0.0053298466559105195,0.0038445823948896063,0.009223589367747476,0.009223589367747476,Integra,CANASTA_EVIDENCIA
2025-05-27,2025-05-22,49.4560206,49.6748298,49.72586673902492,0.004424318765347657,0.005456284912355391,0.0010274205111604484,0.0010274205111604484,Integra,CANASTA_EVIDENCIA
2025-05-28,2025-05-23,49.5533445,49.5906695,49.608909500186,0.0007532286746052552,0.0011213168504902171,0.0003678111299949549,0.0003678111299949549,Integra,CANASTA_EVIDENCIA
2025-05-29,2025-05-23,49.5533445,49.5099338,49.63651997108281,-0.0008760397595363179,0.0016785036796620467,0.0025567832830108994,0.0025567832830108994,Integra,CANASTA_EVIDENCIA
2025-05-30,2025-05-23,49.5533445,49.35813640000001,49.63689358228956,-0.003939352670736418,0.0016860432556586868,0.005647643987821915,0.005647643987821915,Integra,CANASTA_EVIDENCIA
2025-06-02,2025-05-28,49.5906695,49.8066825,49.8236979035632,0.004355920220032505,0.004699037256659766,0.0003416289282707208,0.0003416289282707208,Integra,CANASTA_EVIDENCIA
2025-06-03,2025-05-29,49.5099338,50.0722731,49.804185737211206,0.011358110521246578,0.005943290863604567,-0.005354008240316732,0.005354008240316732,Integra,CANASTA_EVIDENCIA
2025-06-04,2025-05-30,49.35813640000001,50.0370773,49.686188090849434,0.013755399808814461,0.0066463548824227114,-0.007012584029374658,0.007012584029374658,Integra,CANASTA_EVIDENCIA
2025-06-05,2025-05-30,49.35813640000001,50.410588100000005,49.80267373866027,0.0213227600708199,0.009006363916532756,-0.0120592594582275,0.0120592594582275,Integra,CANASTA_EVIDENCIA
2025-06-06,2025-05-30,49.35813640000001,50.7925102,49.8436552535933,0.029060533979155645,0.009836652860201855,-0.01868100124743799,0.01868100124743799,Integra,CANASTA_EVIDENCIA
2025-06-09,2025-06-04,50.0370773,50.765579900000006,50.20347734002082,0.014559255642215607,0.0033255347634146837,-0.011072513326676026,0.011072513326676026,Integra,CANASTA_EVIDENCIA
2025-06-10,2025-06-05,50.410588100000005,50.8537231,50.44582719534225,0.00879051438798828,0.0006990415440568665,-0.008020964440610623,0.008020964440610623,Integra,CANASTA_EVIDENCIA
2025-06-11,2025-06-06,50.7925102,50.7770157,50.8127674503367,-0.00030505481888942754,0.0003988235717615751,0.0007040931776678416,0.0007040931776678416,Integra,CANASTA_EVIDENCIA
2025-06-12,2025-06-06,50.7925102,50.7544852,50.845632500746824,-0.0007486339984040802,0.0010458687813941214,0.0017958472120771507,0.0017958472120771507,Integra,CANASTA_EVIDENCIA
2025-06-13,2025-06-06,50.7925102,50.548053200000005,50.74458579469855,-0.004812855262270488,-0.0009435329168167028,0.003888034894656389,0.003888034894656389,Integra,CANASTA_EVIDENCIA
2025-06-16,2025-06-11,50.7770157,50.7445741,50.8175237384902,-0.0006389032429883201,0.0007977632779667676,0.0014375849986727474,0.0014375849986727474,Integra,CANASTA_EVIDENCIA
2025-06-17,2025-06-12,50.7544852,50.5689551,50.69657291303228,-0.0036554424553596476,-0.0011410279651052901,0.0025236395092584907,0.0025236395092584907,Integra,CANASTA_EVIDENCIA
2025-06-18,2025-06-13,50.548053200000005,50.3053994,50.568449762714174,-0.0048004578740137305,0.00040350837318037236,0.005229068168658202,0.005229068168658202,Integra,CANASTA_EVIDENCIA
2025-06-19,2025-06-13,50.548053200000005,50.3708457,50.572445658811986,-0.003505723539912853,0.00048255980730793624,0.004002314354868863,0.004002314354868863,Integra,CANASTA_EVIDENCIA
2025-06-20,2025-06-13,50.548053200000005,50.2377153,50.48958146173258,-0.006139462953639652,-0.0011567554943426872,0.0050134875805663,0.0050134875805663,Integra,CANASTA_EVIDENCIA
2025-06-23,2025-06-18,50.3053994,50.341805400000005,50.25959853464874,0.0007236996512149929,-0.0009104562511685899,-0.0016329741195826308,0.0016329741195826308,Integra,CANASTA_EVIDENCIA
2025-06-24,2025-06-19,50.3708457,50.5565517,50.441025806398756,0.0036867755031557703,0.0013932683762496456,-0.0022850825405729136,0.0022850825405729136,Integra,CANASTA_EVIDENCIA
2025-06-25,2025-06-20,50.2377153,50.5815173,50.4258343798562,0.006843503888402491,0.003744578724028891,-0.0030778618051421347,0.0030778618051421347,Integra,CANASTA_EVIDENCIA
2025-06-26,2025-06-20,50.2377153,50.8888206,50.77955537698639,0.01296048787473425,0.010785523858932056,-0.0021471360846121446,0.0021471360846121446,Integra,CANASTA_EVIDENCIA
2025-06-27,2025-06-20,50.2377153,50.8805402,50.75932397021866,0.012795663500246857,0.010382810346844407,-0.0023823691593065632,0.0023823691593065632,Integra,CANASTA_EVIDENCIA
2025-06-30,2025-06-25,50.5815173,50.979591600000006,50.94714833014015,0.007869955692294095,0.00722855006447487,-0.0006363972099739934,0.0006363972099739934,Integra,CANASTA_EVIDENCIA
2025-07-01,2025-06-26,50.8888206,51.1249993,50.93359267874665,0.004641072385159539,0.0008798018546856134,-0.003743894843502682,0.003743894843502682,Integra,CANASTA_EVIDENCIA
2025-07-02,2025-06-27,50.8805402,51.2464617,51.15091310281551,0.007191777024411428,0.005313876420193875,-0.001864491596392237,0.001864491596392237,Integra,CANASTA_EVIDENCIA
2025-07-03,2025-06-27,50.8805402,51.4038921,51.262282785513975,0.01028589511712763,0.0075027227308011035,-0.002754836427765861,0.002754836427765861,Integra,CANASTA_EVIDENCIA
2025-07-04,2025-06-27,50.8805402,51.4340239,51.25432938098147,0.010878101879901125,0.007346407477440087,-0.0034936896900755743,0.0034936896900755743,Integra,CANASTA_EVIDENCIA
2025-07-07,2025-07-02,51.2464617,51.418360400000005,51.24312041249101,0.0033543525601107405,-6.520035526647039e-05,-0.003408120876390197,0.003408120876390197,Integra,CANASTA_EVIDENCIA
2025-07-08,2025-07-03,51.4038921,51.3327802,51.228954232561385,-0.001383395246835728,-0.0034032027593998704,-0.002022605575503489,0.002022605575503489,Integra,CANASTA_EVIDENCIA
2025-07-09,2025-07-04,51.4340239,51.4646041,51.2426920399736,0.0005945519654355635,-0.0037199473328860533,-0.004311935628518837,0.004311935628518837,Integra,CANASTA_EVIDENCIA
2025-07-10,2025-07-04,51.4340239,51.458222500000005,51.306991825944074,0.00047047845307712777,-0.0024698062570975843,-0.0029389020200986105,0.0029389020200986105,Integra,CANASTA_EVIDENCIA
2025-07-11,2025-07-04,51.4340239,51.5355536,51.26665675459927,0.0019739793292743446,-0.003254016168871665,-0.00521769587434362,0.00521769587434362,Integra,CANASTA_EVIDENCIA
2025-07-14,2025-07-09,51.4646041,51.6463943,51.46560255016358,0.003532334566234363,1.9400715910222743e-05,-0.00350056867060744,0.00350056867060744,Integra,CANASTA_EVIDENCIA
2025-07-15,2025-07-10,51.458222500000005,51.5387465,51.25914425605446,0.0015648422368261805,-0.003868735340509355,-0.005425088170228243,0.005425088170228243,Integra,CANASTA_EVIDENCIA
2025-07-16,2025-07-11,51.5355536,51.4040843,51.37505763044583,-0.0025510408022472175,-0.0031142766176508463,-0.0005646763277556976,0.0005646763277556976,Integra,CANASTA_EVIDENCIA
2025-07-17,2025-07-11,51.5355536,51.7511546,51.430172288665226,0.004183539031586081,-0.0020448273856278343,-0.006202418357923456,0.006202418357923456,Integra,CANASTA_EVIDENCIA
2025-07-18,2025-07-11,51.5355536,51.726916,51.45013666399086,0.0037132113004021416,-0.0016574370515569647,-0.0053507797760288245,0.0053507797760288245,Integra,CANASTA_EVIDENCIA
2025-07-21,2025-07-16,51.4040843,51.9355601,51.601058418299225,0.010339174546875274,0.0038318768047624907,-0.006440706156951026,0.006440706156951026,Integra,CANASTA_EVIDENCIA
2025-07-22,2025-07-17,51.7511546,52.0309667,52.029553811038,0.005406876468027733,0.005379574874992299,-2.715477054548998e-05,2.715477054548998e-05,Integra,CANASTA_EVIDENCIA
2025-07-23,2025-07-18,51.726916,52.3378722,52.171787935303755,0.011811185495767651,0.008600395494364088,-0.003173309454797546,0.003173309454797546,Integra,CANASTA_EVIDENCIA
2025-07-24,2025-07-18,51.726916,52.2419079,52.10052011893122,0.009955975337868628,0.007222625043627584,-0.0027064053889345185,0.0027064053889345185,Integra,CANASTA_EVIDENCIA
2025-07-25,2025-07-18,51.726916,52.1790181,52.05536746541746,0.008740171171233158,0.0063497206254758964,-0.0023697386245475904,0.0023697386245475904,Integra,CANASTA_EVIDENCIA
2025-07-28,2025-07-23,52.3378722,52.0535192,52.1474762158456,-0.0054330256093216844,-0.003637824316335081,0.0018050079473896918,0.0018050079473896918,Integra,CANASTA_EVIDENCIA
2025-07-29,2025-07-24,52.2419079,52.12498110000001,52.11812093367708,-0.0022381801258830603,-0.0023694955122975925,-0.00013160995319616564,0.00013160995319616564,Integra,CANASTA_EVIDENCIA
2025-07-30,2025-07-25,52.1790181,52.1108045,51.87544271052077,-0.0013072994181161368,-0.00581795902899962,-0.004516564112519661,0.004516564112519661,Integra,CANASTA_EVIDENCIA
2025-07-31,2025-07-25,52.1790181,52.2072986,51.893885386865286,0.0005419898846275029,-0.005464508983060279,-0.006003245169531102,0.006003245169531102,Integra,CANASTA_EVIDENCIA
2025-08-01,2025-07-25,52.1790181,51.8232065,51.78783847378054,-0.0068190551098162855,-0.007496875956342741,-0.0006824746789734215,0.0006824746789734215,Integra,CANASTA_EVIDENCIA
2025-08-04,2025-07-30,52.1108045,52.2185134,52.25528060033845,0.002066920690122931,0.0027724787925400562,0.0007041027778176279,0.0007041027778176279,Integra,CANASTA_EVIDENCIA
2025-08-05,2025-07-31,52.2072986,52.1326517,52.37720182415747,-0.0014298173244307044,0.0032543960080988477,0.004690920491916328,0.004690920491916328,Integra,CANASTA_EVIDENCIA
2025-08-06,2025-08-01,51.8232065,52.3987508,52.232960036487576,0.011105918349533228,0.00790675768948379,-0.0031640212978594207,0.0031640212978594207,Integra,CANASTA_EVIDENCIA
2025-08-07,2025-08-01,51.8232065,52.3773888,52.327143602581955,0.010693709197635348,0.009724159051832437,-0.0009592917586995764,0.0009592917586995764,Integra,CANASTA_EVIDENCIA
2025-08-08,2025-08-01,51.8232065,52.3844209,52.5576753221355,0.01082940323270054,0.0141725854446213,0.003307365418169672,0.003307365418169672,Integra,CANASTA_EVIDENCIA
2025-08-11,2025-08-06,52.3987508,52.3370765,52.634139637759006,-0.0011770185177772952,0.004492260486465671,0.005675959713932421,0.005675959713932421,Integra,CANASTA_EVIDENCIA
2025-08-12,2025-08-07,52.3773888,52.6473766,52.66624117282426,0.005154663227503242,0.005514829575167024,0.0003583193321783362,0.0003583193321783362,Integra,CANASTA_EVIDENCIA
2025-08-13,2025-08-08,52.3844209,52.8932546,52.561733274910814,0.009713454711494096,0.0033848302961922982,-0.0062677429777441285,0.0062677429777441285,Integra,CANASTA_EVIDENCIA
2025-08-14,2025-08-08,52.3844209,52.9372139,52.52817697489782,0.010552622144191837,0.0027442524404772684,-0.007726831371875131,0.007726831371875131,Integra,CANASTA_EVIDENCIA
2025-08-15,2025-08-08,52.3844209,52.7894343,52.566880159976876,0.007731562037750939,0.003483082505105539,-0.00421588416269747,0.00421588416269747,Integra,CANASTA_EVIDENCIA
2025-08-18,2025-08-13,52.8932546,52.7305673,52.92387442530367,-0.003075766489135656,0.000578898491598423,0.0036659405578531867,0.0036659405578531867,Integra,CANASTA_EVIDENCIA
2025-08-19,2025-08-14,52.9372139,52.209566800000005,52.84470884999208,-0.013745474051100381,-0.001747448405249763,0.012165242673342291,0.012165242673342291,Integra,CANASTA_EVIDENCIA
2025-08-20,2025-08-15,52.7894343,52.0385117,52.67227850883005,-0.014224865448122515,-0.00221930378158941,0.012178803507749913,0.012178803507749913,Integra,CANASTA_EVIDENCIA
2025-08-21,2025-08-15,52.7894343,52.1506618,52.691679476142646,-0.012100385398522873,-0.0018517876759546192,0.010374128677742789,0.010374128677742789,Integra,CANASTA_EVIDENCIA
2025-08-22,2025-08-15,52.7894343,52.5725133,52.987317274720965,-0.004109174551241712,0.003748533723555436,0.007890130197008682,0.007890130197008682,Integra,CANASTA_EVIDENCIA
2025-08-25,2025-08-20,52.0385117,52.5744271,52.31815808312197,0.010298438262214882,0.005373835146057271,-0.004874404363752527,0.004874404363752527,Integra,CANASTA_EVIDENCIA
2025-08-26,2025-08-21,52.1506618,52.97546750000001,52.500733245965925,0.01581582422027883,0.006712694218693915,-0.008961398104397666,0.008961398104397666,Integra,CANASTA_EVIDENCIA
2025-08-27,2025-08-22,52.5725133,52.8866657,52.60918360111594,0.00597560170287692,0.0006975185094668657,-0.005246730819788992,0.005246730819788992,Integra,CANASTA_EVIDENCIA
2025-08-28,2025-08-22,52.5725133,53.0868215,52.69790104830465,0.009782834559670883,0.002385043826783395,-0.007326120507993639,0.007326120507993639,Integra,CANASTA_EVIDENCIA
2025-08-29,2025-08-22,52.5725133,52.950774300000006,52.759787408676154,0.007195033607038992,0.0035622057406214935,-0.003606876270435433,0.003606876270435433,Integra,CANASTA_EVIDENCIA
2025-09-01,2025-08-27,52.8866657,53.1016016,53.03112857889174,0.004064084909781052,0.0027315558086267178,-0.001327135509755717,0.001327135509755717,Integra,CANASTA_EVIDENCIA
2025-09-02,2025-08-28,53.0868215,53.1420514,53.270692474879176,0.001040369312749423,0.0034635898266988097,0.002420702089779958,0.002420702089779958,Integra,CANASTA_EVIDENCIA
2025-09-03,2025-08-29,52.950774300000006,53.3012465,53.28012513072068,0.006618830501218698,0.00621994361885414,-0.0003962640776012938,0.0003962640776012938,Integra,CANASTA_EVIDENCIA
2025-09-04,2025-08-29,52.950774300000006,53.2432257,53.3023048065184,0.005523080707811268,0.006638817112035955,0.0011096079499630651,0.0011096079499630651,Integra,CANASTA_EVIDENCIA
2025-09-05,2025-08-29,52.950774300000006,53.4587265,53.414936535206785,0.00959291354498637,0.008765919693204172,-0.0008191359514188035,0.0008191359514188035,Integra,CANASTA_EVIDENCIA
2025-09-08,2025-09-03,53.3012465,53.690225,53.47151551076273,0.007297737399068138,0.0031944658322902164,-0.004073543913017175,0.004073543913017175,Integra,CANASTA_EVIDENCIA
2025-09-09,2025-09-04,53.2432257,53.52737809999999,53.32135439428956,0.005336874245768897,0.0014673922036536613,-0.0038489407294626243,0.0038489407294626243,Integra,CANASTA_EVIDENCIA
2025-09-10,2025-09-05,53.4587265,53.601502200000006,53.48554016599376,0.0026707650807957783,0.0005015769687997107,-0.002163410151707401,0.002163410151707401,Integra,CANASTA_EVIDENCIA
2025-09-11,2025-09-05,53.4587265,54.00334230000001,53.70246285296319,0.010187593974952058,0.0045593370609602335,-0.005571496767095896,0.005571496767095896,Integra,CANASTA_EVIDENCIA
2025-09-12,2025-09-05,53.4587265,54.0941573,53.75782259528389,0.011886381169218474,0.00559489750067077,-0.0062175791527878665,0.0062175791527878665,Integra,CANASTA_EVIDENCIA
2025-09-15,2025-09-10,53.601502200000006,54.3619144,54.005743325118026,0.014186397186457977,0.007541600673983018,-0.006551849374936247,0.006551849374936247,Integra,CANASTA_EVIDENCIA
2025-09-16,2025-09-11,54.00334230000001,54.2485966,54.11134749103711,0.004541465204830342,0.0019999723431396443,-0.0025300029413644065,0.0025300029413644065,Integra,CANASTA_EVIDENCIA
2025-09-17,2025-09-12,54.0941573,54.2556719,54.13369145807556,0.0029858049013364862,0.0007308397070742156,-0.0022482523513720487,0.0022482523513720487,Integra,CANASTA_EVIDENCIA
2025-09-18,2025-09-12,54.0941573,54.2764465,54.05261922006694,0.0033698500743628568,-0.0007678847773281428,-0.004123838135443592,0.004123838135443592,Integra,CANASTA_EVIDENCIA
2025-09-19,2025-09-12,54.0941573,54.5786317,54.18764850111097,0.008956131755841312,0.00172830497372356,-0.007163668027409198,0.007163668027409198,Integra,CANASTA_EVIDENCIA
2025-09-22,2025-09-17,54.2556719,55.0016129,54.45669391088746,0.013748627081328069,0.003705087483903302,-0.009907327446983638,0.009907327446983638,Integra,CANASTA_EVIDENCIA
2025-09-23,2025-09-18,54.2764465,55.02104610000001,54.56523966830403,0.01371865050155785,0.00532078252956425,-0.008284219657829772,0.008284219657829772,Integra,CANASTA_EVIDENCIA
2025-09-24,2025-09-19,54.5786317,55.063443500000005,54.90577146581056,0.008882813381340338,0.005993916586416681,-0.002863461203428841,0.002863461203428841,Integra,CANASTA_EVIDENCIA
2025-09-25,2025-09-19,54.5786317,54.902643600000005,54.76977939413154,0.005936607238176794,0.003502244159989454,-0.002419996509393285,0.002419996509393285,Integra,CANASTA_EVIDENCIA
2025-09-26,2025-09-19,54.5786317,54.92596100000001,54.716013928918805,0.006363833045671674,0.00251714314997753,-0.003822365002975614,0.003822365002975614,Integra,CANASTA_EVIDENCIA
2025-09-29,2025-09-24,55.063443500000005,55.2402256,55.13964532392073,0.003210516610716363,0.001383891363799794,-0.0018207796037543744,0.0018207796037543744,Integra,CANASTA_EVIDENCIA
2025-09-30,2025-09-25,54.902643600000005,55.2564674,55.25049123883819,0.00644456763462653,0.0063357174815199535,-0.00010815315279844029,0.00010815315279844029,Integra,CANASTA_EVIDENCIA
2025-10-01,2025-09-26,54.92596100000001,55.533696600000006,55.35497401096859,0.011064632988396772,0.007810751112184988,-0.0032182728680700823,0.0032182728680700823,Integra,CANASTA_EVIDENCIA
2025-10-02,2025-09-26,54.92596100000001,55.582599,55.402142579181714,0.011954966067867057,0.00866951748339373,-0.0032466351711673003,0.0032466351711673003,Integra,CANASTA_EVIDENCIA
2025-10-03,2025-09-26,54.92596100000001,55.5278921,55.550683487662056,0.010958954364039153,0.011373901817795184,0.00041044935797329707,0.00041044935797329707,Integra,CANASTA_EVIDENCIA
2025-10-06,2025-10-01,55.533696600000006,55.88691800000001,55.81484329090142,0.006360487805164405,0.005062632385639088,-0.0012896525998908892,0.0012896525998908892,Integra,CANASTA_EVIDENCIA
2025-10-07,2025-10-02,55.582599,55.68007969999999,55.694160005719915,0.0017537988822722284,0.0020071210725485233,0.000252878691908931,0.000252878691908931,Integra,CANASTA_EVIDENCIA
2025-10-08,2025-10-03,55.5278921,56.356336600000006,55.79768475333477,0.014919430013803803,0.004858687105372184,-0.009912848853721234,0.009912848853721234,Integra,CANASTA_EVIDENCIA
2025-10-09,2025-10-03,55.5278921,55.9431671,55.698031179508725,0.007478673947358239,0.0030640291405681364,-0.004381874198382207,0.004381874198382207,Integra,CANASTA_EVIDENCIA
2025-10-10,2025-10-03,55.5278921,54.8633831,55.299448619843325,-0.011967120934525899,-0.004114031192563039,0.007948206895088905,0.007948206895088905,Integra,CANASTA_EVIDENCIA
2025-10-13,2025-10-08,56.356336600000006,55.6522508,56.28426531534675,-0.012493462891269735,-0.0012788497088587203,0.011356495132929245,0.011356495132929245,Integra,CANASTA_EVIDENCIA
2025-10-14,2025-10-09,55.9431671,55.7664273,55.94430564019979,-0.0031592741198236407,2.0351729421275166e-05,0.0031897029953682488,0.0031897029953682488,Integra,CANASTA_EVIDENCIA
2025-10-15,2025-10-10,54.8633831,55.9276774,55.40174554878587,0.019398991455924275,0.00981278255853435,-0.009403784953425087,0.009403784953425087,Integra,CANASTA_EVIDENCIA
2025-10-16,2025-10-10,54.8633831,55.7893382,55.420767702481506,0.016877469956824598,0.01015950112783881,-0.006606468357756912,0.006606468357756912,Integra,CANASTA_EVIDENCIA
2025-10-17,2025-10-10,54.8633831,55.3692319,55.232245185641005,0.009220153250082852,0.006723283632886323,-0.0024740584194197224,0.0024740584194197224,Integra,CANASTA_EVIDENCIA
2025-10-20,2025-10-15,55.9276774,55.7047063,55.954954954787596,-0.003986775606740989,0.00048772908255245717,0.0044924149395901836,0.0044924149395901836,Integra,CANASTA_EVIDENCIA
2025-10-21,2025-10-16,55.7893382,54.9180085,55.42561758111617,-0.015618211796604609,-0.00651953635979563,0.009243035116908382,0.009243035116908382,Integra,CANASTA_EVIDENCIA
2025-10-22,2025-10-17,55.3692319,54.6653798,55.08286578809204,-0.012711971538113542,-0.005171935786018378,0.00763711858619609,0.00763711858619609,Integra,CANASTA_EVIDENCIA
2025-10-23,2025-10-17,55.3692319,54.9071914,55.25135791895424,-0.008344715722885088,-0.0021288715230626254,0.006268150130772199,0.006268150130772199,Integra,CANASTA_EVIDENCIA
2025-10-24,2025-10-17,55.3692319,55.0335821,55.32122057294661,-0.006062027383840318,-0.0008671120296577239,0.0052265991413016355,0.0052265991413016355,Integra,CANASTA_EVIDENCIA
2025-10-27,2025-10-22,54.6653798,55.0066441,54.96106798035709,0.006242786590865412,0.005409057459015321,-0.0008285566296328817,0.0008285566296328817,Integra,CANASTA_EVIDENCIA
2025-10-28,2025-10-23,54.9071914,55.24885200000001,55.17554556562661,0.006222510955095073,0.004887413812002084,-0.0013268408612978622,0.0013268408612978622,Integra,CANASTA_EVIDENCIA
2025-10-29,2025-10-24,55.0335821,55.5320777,55.345681818765506,0.009058025681377702,0.005671077673962799,-0.0033565443425592756,0.0033565443425592756,Integra,CANASTA_EVIDENCIA
2025-10-30,2025-10-24,55.0335821,55.2959963,55.29807519454658,0.004768255853728975,0.004806030871586264,3.759575169426377e-05,3.759575169426377e-05,Integra,CANASTA_EVIDENCIA
2025-10-31,2025-10-24,55.0335821,55.1718745,55.265079718491585,0.002512872953621681,0.004206479201570801,0.0016893610981367768,0.0016893610981367768,Integra,CANASTA_EVIDENCIA
2025-11-03,2025-10-29,55.5320777,55.039318,55.3588391336608,-0.00887342452162565,-0.0031196125467353175,0.00580532508889009,0.00580532508889009,Integra,CANASTA_EVIDENCIA
2025-11-04,2025-10-30,55.2959963,54.256365,54.81782342350125,-0.018801203876671946,-0.008647513536142681,0.010348249896602102,0.010348249896602102,Integra,CANASTA_EVIDENCIA
2025-11-05,2025-10-31,55.1718745,54.6250536,54.90026215673302,-0.00991122569163383,-0.004923021842714093,0.005038137971420165,0.005038137971420165,Integra,CANASTA_EVIDENCIA
2025-11-06,2025-10-31,55.1718745,54.4307521,54.92309576981079,-0.013432974803130882,-0.004509158560295212,0.009045321822969798,0.009045321822969798,Integra,CANASTA_EVIDENCIA
2025-11-07,2025-10-31,55.1718745,54.4860059,54.91374835314186,-0.012431489888928837,-0.004678582143482157,0.00785050117138164,0.00785050117138164,Integra,CANASTA_EVIDENCIA
2025-11-10,2025-11-05,54.6250536,55.2466983,54.94107447956826,0.011380212174290527,0.00578527358311387,-0.005531983445818733,0.005531983445818733,Integra,CANASTA_EVIDENCIA
2025-11-11,2025-11-06,54.4307521,55.0744511,54.73694841545041,0.011826017006294487,0.005625428707798585,-0.006128117081671491,0.006128117081671491,Integra,CANASTA_EVIDENCIA
2025-11-12,2025-11-07,54.4860059,55.5054056,55.00160972935439,0.018709385706688453,0.009463050573035092,-0.009076519038095476,0.009076519038095476,Integra,CANASTA_EVIDENCIA
2025-11-13,2025-11-07,54.4860059,54.8864616,54.67880557033764,0.007349698209389022,0.003538517223881099,-0.003783374325998845,0.003783374325998845,Integra,CANASTA_EVIDENCIA
2025-11-14,2025-11-07,54.4860059,54.5893786,54.645506144357945,0.0018972339464509158,0.002927361654122329,0.0010281770153350855,0.0010281770153350855,Integra,CANASTA_EVIDENCIA
2025-11-17,2025-11-12,55.5054056,54.0403129,54.9263763152667,-0.026395495792935875,-0.010431944032732177,0.016396341318495544,0.016396341318495544,Integra,CANASTA_EVIDENCIA
2025-11-18,2025-11-13,54.8864616,53.6600698,54.437051694091366,-0.02234415854564753,-0.008187991952985252,0.014479703380694486,0.014479703380694486,Integra,CANASTA_EVIDENCIA
2025-11-19,2025-11-14,54.5893786,54.1546612,54.366933022162556,-0.00796340627332226,-0.004074887524684989,0.003919733176404039,0.003919733176404039,Integra,CANASTA_EVIDENCIA
2025-11-20,2025-11-14,54.5893786,53.1112197,54.05289760722691,-0.027077774796286147,-0.009827570976840061,0.017730300914684305,0.017730300914684305,Integra,CANASTA_EVIDENCIA
2025-11-21,2025-11-14,54.5893786,53.2021395,54.12049450699279,-0.02541225299824168,-0.0085892916357031,0.01726161796543524,0.01726161796543524,Integra,CANASTA_EVIDENCIA
2025-11-24,2025-11-19,54.1546612,54.02386069999999,54.185308263168416,-0.002415313790200657,0.0005659173649934512,0.0029884491977527627,0.0029884491977527627,Integra,CANASTA_EVIDENCIA
2025-11-25,2025-11-20,53.1112197,54.0894631,53.59404953878777,0.018418771128315914,0.009090919800280428,-0.009159151021638334,0.009159151021638334,Integra,CANASTA_EVIDENCIA
2025-11-26,2025-11-21,53.2021395,54.9844806,53.89544439621749,0.03350130496161707,0.013031522843503174,-0.019806246997311927,0.019806246997311927,Integra,CANASTA_EVIDENCIA
2025-11-27,2025-11-21,53.2021395,55.0812557,53.91603062979657,0.035320312635171325,0.013418466559912856,-0.021154656977136144,0.021154656977136144,Integra,CANASTA_EVIDENCIA
2025-11-28,2025-11-21,53.2021395,55.6215975,54.148374871373626,0.04547670493589817,0.017785663889957393,-0.026486521330610358,0.026486521330610358,Integra,CANASTA_EVIDENCIA
2025-12-01,2025-11-26,54.9844806,55.861451800000005,55.24546828637706,0.015949431374641554,0.004746570005374595,-0.011026987193751059,0.011026987193751059,Integra,CANASTA_EVIDENCIA
2025-12-02,2025-11-27,55.0812557,56.1090689,55.3438386966121,0.018659944965633724,0.0047671933632424945,-0.01363826237700938,0.01363826237700938,Integra,CANASTA_EVIDENCIA
2025-12-03,2025-11-28,55.6215975,56.4743771,55.899535122109604,0.015331807037724854,0.004996937064053242,-0.010178810416492268,0.010178810416492268,Integra,CANASTA_EVIDENCIA
2025-12-04,2025-11-28,55.6215975,56.7010114,56.044196897887794,0.01940638076783041,0.007597757290012996,-0.011583823390356796,0.011583823390356796,Integra,CANASTA_EVIDENCIA
2025-12-05,2025-11-28,55.6215975,56.7989777,56.07609884362263,0.021167680414069467,0.00817131049899511,-0.012726969492223295,0.012726969492223295,Integra,CANASTA_EVIDENCIA
2025-12-08,2025-12-03,56.4743771,56.7885286,56.58174489578242,0.005562726250946115,0.0019011771584891424,-0.0036412935731103824,0.0036412935731103824,Integra,CANASTA_EVIDENCIA
2025-12-09,2025-12-04,56.7010114,57.2358911,56.75244014199226,0.00943333613975006,0.0009070163075126647,-0.00844663983938121,0.00844663983938121,Integra,CANASTA_EVIDENCIA
2025-12-10,2025-12-05,56.7989777,57.6971577,56.97899978615313,0.01581331278080378,0.003169459969930566,-0.012447024125191275,0.012447024125191275,Integra,CANASTA_EVIDENCIA
2025-12-11,2025-12-05,56.7989777,58.0142553,57.21229701123502,0.021396117486811805,0.007276879408254278,-0.013823469501037966,0.013823469501037966,Integra,CANASTA_EVIDENCIA
2025-12-12,2025-12-05,56.7989777,57.409879,57.1061508168732,0.010755498157495769,0.005408074745563596,-0.005290521220690847,0.005290521220690847,Integra,CANASTA_EVIDENCIA
2025-12-15,2025-12-10,57.6971577,57.2988411,57.836094899887115,-0.006903574038622073,0.002408042361627727,0.00937634670393206,0.00937634670393206,Integra,CANASTA_EVIDENCIA
2025-12-16,2025-12-11,58.0142553,57.5994186,57.926924351821825,-0.0071505994148304275,-0.001505336020027781,0.0056859211391731,0.0056859211391731,Integra,CANASTA_EVIDENCIA
2025-12-17,2025-12-12,57.409879,57.110144,57.385239032362975,-0.0052209655414880984,-0.00042919386116491154,0.004816920657089829,0.004816920657089829,Integra,CANASTA_EVIDENCIA
2025-12-18,2025-12-12,57.409879,57.6759642,57.53586691460003,0.00463483297012357,0.002194533707343904,-0.0024290410631743198,0.0024290410631743198,Integra,CANASTA_EVIDENCIA
2025-12-19,2025-12-12,57.409879,58.4366556,57.75146718777983,0.01788501592208558,0.005949989683480039,-0.011725318726490741,0.011725318726490741,Integra,CANASTA_EVIDENCIA
2025-12-22,2025-12-17,57.110144,59.1739718,57.66808371599909,0.03613767459595274,0.009769537895038205,-0.025448487539261433,0.025448487539261433,Integra,CANASTA_EVIDENCIA
2025-12-23,2025-12-18,57.6759642,59.533819,58.226514673839425,0.03221194176412223,0.009545579020236339,-0.021959020068250235,0.021959020068250235,Integra,CANASTA_EVIDENCIA
2025-12-24,2025-12-19,58.4366556,59.6016403,58.823334369174106,0.019935855124467494,0.0066170585089764256,-0.013058464950097881,0.013058464950097881,Integra,CANASTA_EVIDENCIA
2025-12-26,2025-12-19,58.4366556,60.0156434,58.97703773823456,0.02702050252170829,0.009247314595371092,-0.017305582393630448,0.017305582393630448,Integra,CANASTA_EVIDENCIA
2025-12-29,2025-12-24,59.6016403,59.4931121,59.50657373260984,-0.0018208928387496437,-0.0015950327358719152,0.00022627212016090859,0.00022627212016090859,Integra,CANASTA_EVIDENCIA
2025-12-30,2025-12-24,59.6016403,59.765370700000005,59.60340326721671,0.0027470787578307565,2.9579172785121344e-05,-0.00271005485093212,0.00271005485093212,Integra,CANASTA_EVIDENCIA
2025-12-31,2025-12-26,60.0156434,59.43469300000001,59.76213646972993,-0.009679982869266301,-0.0042240142054374985,0.005509298579701838,0.005509298579701838,Integra,CANASTA_EVIDENCIA
2026-01-02,2025-12-26,60.0156434,60.2755677,59.831625494842626,0.004330942488904421,-0.0030661656650234903,-0.007365209853633203,0.007365209853633203,Integra,CANASTA_EVIDENCIA
2026-01-05,2025-12-31,59.43469300000001,61.29541570000001,59.857023215135754,0.03130701289228499,0.007105786095938038,-0.023466558933284976,0.023466558933284976,Integra,CANASTA_EVIDENCIA
2026-01-06,2025-12-31,59.43469300000001,62.4286817,60.16024878225953,0.05037442861865182,0.012207613863834066,-0.03633638987671384,0.03633638987671384,Integra,CANASTA_EVIDENCIA
2026-01-07,2026-01-02,60.2755677,62.26312229999999,60.787499061094316,0.032974465041827994,0.008493181908169944,-0.02369979506963593,0.02369979506963593,Integra,CANASTA_EVIDENCIA
2026-01-08,2026-01-02,60.2755677,62.2151493,60.90928936057147,0.032178570422655595,0.010513740222665158,-0.020989420649490054,0.020989420649490054,Integra,CANASTA_EVIDENCIA
2026-01-09,2026-01-02,60.2755677,62.982636,61.15146930451189,0.04491153552420202,0.014531619326612955,-0.029074151413543636,0.029074151413543636,Integra,CANASTA_EVIDENCIA
2026-01-12,2026-01-07,62.26312229999999,63.8992293,62.991843105190355,0.02627730411778617,0.01170389113605963,-0.014200268215279532,0.014200268215279532,Integra,CANASTA_EVIDENCIA
2026-01-13,2026-01-08,62.2151493,64.1589849,62.8708331156348,0.031243766540314244,0.010538973594246492,-0.020077496337776224,0.020077496337776224,Integra,CANASTA_EVIDENCIA
2026-01-14,2026-01-09,62.982636,64.4168214,63.57519877735238,0.02277112377449564,0.009408351491550393,-0.013065261594041089,0.013065261594041089,Integra,CANASTA_EVIDENCIA
2026-01-15,2026-01-09,62.982636,64.9225261,63.68703251099461,0.030800395524887225,0.011183979517697784,-0.01903027598005602,0.01903027598005602,Integra,CANASTA_EVIDENCIA
2026-01-16,2026-01-09,62.982636,65.1863069,63.6238910239212,0.03498854668451812,0.010181457376938097,-0.0239684674647338,0.0239684674647338,Integra,CANASTA_EVIDENCIA
2026-01-19,2026-01-14,64.4168214,65.2071476,64.456037849155,0.012268941292405966,0.0006087920562158899,-0.01151882544307159,0.01151882544307159,Integra,CANASTA_EVIDENCIA
2026-01-20,2026-01-15,64.9225261,65.5190925,64.98035260108632,0.009188896918168377,0.0008907001091924549,-0.008222639819281286,0.008222639819281286,Integra,CANASTA_EVIDENCIA
2026-01-21,2026-01-16,65.1863069,65.89881059999999,65.4569531135325,0.010930266399245658,0.0041518875114014975,-0.0067050904628540575,0.0067050904628540575,Integra,CANASTA_EVIDENCIA
2026-01-22,2026-01-16,65.1863069,66.35399699999999,65.61789751136759,0.01791311941925633,0.006620878400576791,-0.011093521444268117,0.011093521444268117,Integra,CANASTA_EVIDENCIA
2026-01-23,2026-01-16,65.1863069,66.8928849,65.89900663365074,0.02618000744570481,0.010933273681910993,-0.014857757560240215,0.014857757560240215,Integra,CANASTA_EVIDENCIA
2026-01-26,2026-01-21,65.89881059999999,67.8046186,66.652066423052,0.028920218478116322,0.011430491934432796,-0.01699813671613204,0.01699813671613204,Integra,CANASTA_EVIDENCIA
2026-01-27,2026-01-22,66.35399699999999,68.40986649999999,67.12563880300712,0.030983355833108295,0.011629168368065823,-0.018772550842397484,0.018772550842397484,Integra,CANASTA_EVIDENCIA
2026-01-28,2026-01-23,66.8928849,68.81003679999999,67.48605197700074,0.028660027189229442,0.008867416585298882,-0.01924115847877661,0.01924115847877661,Integra,CANASTA_EVIDENCIA
2026-01-29,2026-01-23,66.8928849,68.6364835,67.5901617996415,0.02606553152262081,0.01042378274885114,-0.015244395502262198,0.015244395502262198,Integra,CANASTA_EVIDENCIA
2026-01-30,2026-01-23,66.8928849,66.4553445,66.8274001560792,-0.006540910900375896,-0.0009789493160401452,0.00559858140648406,0.00559858140648406,Integra,CANASTA_EVIDENCIA
2026-02-02,2026-01-28,68.81003679999999,66.4926819,68.21036112773189,-0.03367757100225821,-0.008714944798112745,0.025832605613880233,0.025832605613880233,Integra,CANASTA_EVIDENCIA
2026-02-03,2026-01-29,68.6364835,67.4864188,68.42166339987075,-0.01675588027466468,-0.003129823807614507,0.013858263877394528,0.013858263877394528,Integra,CANASTA_EVIDENCIA
2026-02-04,2026-01-30,66.4553445,66.7316666,66.67932886737997,0.004158011700624131,0.003370449270336362,-0.0007843012963208995,0.0007843012963208995,Integra,CANASTA_EVIDENCIA
2026-02-05,2026-01-30,66.4553445,65.7417224,66.13353475917422,-0.010738370335285796,-0.004842496013631625,0.005959873652081615,0.005959873652081615,Integra,CANASTA_EVIDENCIA
2026-02-06,2026-01-30,66.4553445,67.07852410000001,66.60544255892158,0.009377418847027696,0.0022586303637563976,-0.007052652803946069,0.007052652803946069,Integra,CANASTA_EVIDENCIA
2026-02-09,2026-02-04,66.7316666,68.3330174,67.11371777994451,0.023996865080543328,0.005725185648885134,-0.01784349157184295,0.01784349157184295,Integra,CANASTA_EVIDENCIA
2026-02-10,2026-02-05,65.7417224,68.0184681,66.48941927091523,0.034631670982809615,0.01137324736285339,-0.022479906881125,0.022479906881125,Integra,CANASTA_EVIDENCIA
2026-02-11,2026-02-06,67.07852410000001,68.4384924,67.4728827786744,0.020274272850317354,0.0058790601606930615,-0.01410915973545901,0.01410915973545901,Integra,CANASTA_EVIDENCIA
2026-02-12,2026-02-06,67.07852410000001,67.0960755,67.04470971851356,0.0002616545345246468,-0.0005041014533360144,-0.000765555676746521,0.000765555676746521,Integra,CANASTA_EVIDENCIA
2026-02-13,2026-02-06,67.07852410000001,67.3309244,66.98538728468212,0.003762758697906321,-0.0013884744270615812,-0.005131922937298694,0.005131922937298694,Integra,CANASTA_EVIDENCIA
2026-02-16,2026-02-11,68.4384924,67.2516871,67.96055500741531,-0.01734119584434335,-0.006983458808404341,0.01054052229739999,0.01054052229739999,Integra,CANASTA_EVIDENCIA
2026-02-17,2026-02-12,67.0960755,66.7254743,66.81181059925862,-0.005523440786041167,-0.004236684465120155,0.00129390311817712,0.00129390311817712,Integra,CANASTA_EVIDENCIA
2026-02-18,2026-02-13,67.3309244,67.3519637,67.33681656389699,0.00031247603070183594,8.751051540567545e-05,-0.0002248952409239502,0.0002248952409239502,Integra,CANASTA_EVIDENCIA
2026-02-19,2026-02-13,67.3309244,67.35839630000001,67.50703109312273,0.0004080131120256514,0.0026155395116294056,0.0022066260672348736,0.0022066260672348736,Integra,CANASTA_EVIDENCIA
2026-02-20,2026-02-13,67.3309244,68.0295865,67.79035874049848,0.010376541035577835,0.006823526404732938,-0.003516525262159509,0.003516525262159509,Integra,CANASTA_EVIDENCIA
2026-02-23,2026-02-18,67.3519637,68.3747103,67.90695295972176,0.015185104395107674,0.008240134796868137,-0.0068410869782982164,0.0068410869782982164,Integra,CANASTA_EVIDENCIA
2026-02-24,2026-02-19,67.35839630000001,68.8649359,67.98862719454151,0.022366025362156705,0.009356382116560313,-0.01272503479464504,0.01272503479464504,Integra,CANASTA_EVIDENCIA
2026-02-25,2026-02-20,68.0295865,69.4631118,68.61770260198806,0.021072086040093696,0.00864500480225705,-0.012170620867750115,0.012170620867750115,Integra,CANASTA_EVIDENCIA
2026-02-26,2026-02-20,68.0295865,69.2748189,68.61990659743034,0.018304277066273356,0.00867740240388426,-0.009453829154213111,0.009453829154213111,Integra,CANASTA_EVIDENCIA
2026-02-27,2026-02-20,68.0295865,69.5135672,68.62912773222567,0.02181375451988088,0.008812948351900829,-0.012723264010170543,0.012723264010170543,Integra,CANASTA_EVIDENCIA
2026-03-02,2026-02-25,69.4631118,69.441683,69.42116337058886,-0.0003084917943453336,-0.0006038950505400376,-0.00029549441379672636,0.00029549441379672636,Integra,CANASTA_EVIDENCIA
2026-03-03,2026-02-26,69.2748189,66.8791916,68.45501626275474,-0.03458150216831535,-0.011834063953724105,0.023562256436645335,0.023562256436645335,Integra,CANASTA_EVIDENCIA
2026-03-04,2026-02-27,69.5135672,67.47449,68.86216618920251,-0.029333514048175524,-0.0093708471171291,0.020565938167187436,0.020565938167187436,Integra,CANASTA_EVIDENCIA
2026-03-05,2026-02-27,69.5135672,66.24895550000001,68.32479845592192,-0.04696366236834393,-0.01710124788529155,0.031333972592547665,0.031333972592547665,Integra,CANASTA_EVIDENCIA
2026-03-06,2026-02-27,69.5135672,65.8198604,67.98997218978745,-0.05313648757763656,-0.0219179517263004,0.03297047086698868,0.03297047086698868,Integra,CANASTA_EVIDENCIA
2026-03-09,2026-03-04,67.47449,66.13444510000001,66.75149305795892,-0.019860022654487608,-0.010715115327897706,0.009330205417553472,0.009330205417553472,Integra,CANASTA_EVIDENCIA
2026-03-10,2026-03-05,66.24895550000001,66.5767642,66.40690963788364,0.0049481338615215975,0.002384250992208292,-0.0025512588987669504,0.0025512588987669504,Integra,CANASTA_EVIDENCIA
2026-03-11,2026-03-06,65.8198604,66.2162928,66.10589598272978,0.006022990592669419,0.004345733658374318,-0.001667215312153969,0.001667215312153969,Integra,CANASTA_EVIDENCIA
2026-03-12,2026-03-06,65.8198604,64.9755684,65.65335173287382,-0.012827313744955826,-0.0025297632981030604,0.01043135673244544,0.01043135673244544,Integra,CANASTA_EVIDENCIA
2026-03-13,2026-03-06,65.8198604,64.0923718,65.32350156549434,-0.026245704404441406,-0.007541171182819051,0.019208678520059808,0.019208678520059808,Integra,CANASTA_EVIDENCIA
2026-03-16,2026-03-11,66.2162928,64.7080661,65.65130635608571,-0.02277727484012826,-0.008532438468290326,0.01457685746052162,0.01457685746052162,Integra,CANASTA_EVIDENCIA
2026-03-17,2026-03-12,64.9755684,64.7865377,64.93922161746,-0.002909258120472269,-0.00055939152877027,0.0023567229069567652,0.0023567229069567652,Integra,CANASTA_EVIDENCIA
2026-03-18,2026-03-13,64.0923718,63.5551487,63.86893670783777,-0.008382013099412222,-0.0034861417339875356,0.004937255505748972,0.004937255505748972,Integra,CANASTA_EVIDENCIA
2026-03-19,2026-03-13,64.0923718,62.4808511,63.59240056358627,-0.025143720769590705,-0.007800791613296609,0.01779024203443136,0.01779024203443136,Integra,CANASTA_EVIDENCIA
2026-03-20,2026-03-13,64.0923718,61.033588,63.15522062550459,-0.04772461549004481,-0.014621883200387376,0.034761722111185556,0.034761722111185556,Integra,CANASTA_EVIDENCIA
2026-03-23,2026-03-18,63.5551487,62.5162891,63.29868057747404,-0.016345797645816784,-0.004035363424866878,0.012515001909702894,0.012515001909702894,Integra,CANASTA_EVIDENCIA
2026-03-24,2026-03-19,62.4808511,62.5887705,62.51167002683951,0.0017272395958127795,0.0004932539537623182,-0.0012318579282603048,0.0012318579282603048,Integra,CANASTA_EVIDENCIA
2026-03-25,2026-03-20,61.033588,63.6211083,61.82710013553652,0.04239502190171085,0.01300123688511512,-0.028198316759965758,0.028198316759965758,Integra,CANASTA_EVIDENCIA
2026-03-26,2026-03-20,61.033588,62.2343613,61.39158505307552,0.01967397525441239,0.005865574428878695,-0.013541976318546811,0.013541976318546811,Integra,CANASTA_EVIDENCIA
2026-03-27,2026-03-20,61.033588,62.3321885,61.30898603232885,0.02127681728296893,0.00451223730003969,-0.016415314339093823,0.016415314339093823,Integra,CANASTA_EVIDENCIA
2026-03-30,2026-03-25,63.6211083,62.035501100000005,62.98697369916457,-0.02492265919862946,-0.009967361741722969,0.015337549988204469,0.015337549988204469,Integra,CANASTA_EVIDENCIA
2026-03-31,2026-03-26,62.2343613,63.897782500000005,62.83144702493779,0.026728340506002812,0.009594148834588978,-0.016688145242946706,0.016688145242946706,Integra,CANASTA_EVIDENCIA
2026-04-01,2026-03-27,62.3321885,65.14178770000001,63.37322458749159,0.04507461181152017,0.01670142044654166,-0.027149440857430096,0.027149440857430096,Integra,CANASTA_EVIDENCIA
2026-04-02,2026-03-27,62.3321885,64.6096677,63.290980895547726,0.03653777052926688,0.015381978695449217,-0.020410053965534858,0.020410053965534858,Integra,CANASTA_EVIDENCIA
2026-04-03,2026-03-27,62.3321885,64.6046118,63.291242194348385,0.03645665834434797,0.015386170731810367,-0.020329347535087527,0.020329347535087527,Integra,CANASTA_EVIDENCIA
2026-04-06,2026-04-01,65.14178770000001,64.4990594,65.13561040938046,-0.009866605180686716,-9.482838647290048e-05,0.009869151818677091,0.009869151818677091,Integra,CANASTA_EVIDENCIA
2026-04-07,2026-04-02,64.6096677,64.4653668,64.64896155492745,-0.0022334258190280787,0.0006081729921580958,0.0028479595175041617,0.0028479595175041617,Integra,CANASTA_EVIDENCIA
2026-04-08,2026-04-03,64.6046118,66.7295722,65.32844490014865,0.03289177569208768,0.01120404689357879,-0.020997096993997433,0.020997096993997433,Integra,CANASTA_EVIDENCIA
2026-04-09,2026-04-03,64.6046118,66.8091029,65.45769345792462,0.03412281319520294,0.013204655738286109,-0.020227923792034308,0.020227923792034308,Integra,CANASTA_EVIDENCIA
2026-04-10,2026-04-03,64.6046118,67.16005799999999,65.47045785774671,0.039555166865037794,0.013402232961745142,-0.025157812434487226,0.025157812434487226,Integra,CANASTA_EVIDENCIA
2026-04-13,2026-04-08,66.7295722,67.4909602,67.18534292408604,0.011410053667330278,0.006830116079869608,-0.004528269786180372,0.004528269786180372,Integra,CANASTA_EVIDENCIA
2026-04-14,2026-04-09,66.8091029,68.0389343,67.17166690174523,0.018408141205560113,0.0054268652924125416,-0.012746634073231955,0.012746634073231955,Integra,CANASTA_EVIDENCIA
2026-04-15,2026-04-10,67.16005799999999,67.2467893,67.11607844584067,0.0012914119282030345,-0.0006548468757920922,-0.0019437486238370605,0.0019437486238370605,Integra,CANASTA_EVIDENCIA
2026-04-16,2026-04-10,67.16005799999999,68.04632980000001,67.35546943334126,0.013196412069805152,0.002909637650123198,-0.010152793966835771,0.010152793966835771,Integra,CANASTA_EVIDENCIA
2026-04-17,2026-04-10,67.16005799999999,68.5383668,67.5185075948971,0.020522745826098143,0.00533724367684596,-0.01488012120392257,0.01488012120392257,Integra,CANASTA_EVIDENCIA
2026-04-20,2026-04-15,67.2467893,68.1876173,67.59662680768587,0.013990675388274587,0.005202293095736943,-0.008667123382739672,0.008667123382739672,Integra,CANASTA_EVIDENCIA
2026-04-21,2026-04-16,68.04632980000001,66.9698009,67.73102752838133,-0.015820528501156783,-0.004633641116947973,0.01136671481998297,0.01136671481998297,Integra,CANASTA_EVIDENCIA
2026-04-22,2026-04-17,68.5383668,68.02684570000001,68.3241912205157,-0.007463281135552169,-0.0031249005408793273,0.00437100261604062,0.00437100261604062,Integra,CANASTA_EVIDENCIA
2026-04-23,2026-04-17,68.5383668,67.57744459999999,68.07293010500747,-0.014020208605262763,-0.0067908927032169775,0.007332113665148521,0.007332113665148521,Integra,CANASTA_EVIDENCIA
2026-04-24,2026-04-17,68.5383668,68.5249495,68.03250942978084,-0.00019576334579363142,-0.007380645233279193,-0.0071862886994051856,0.0071862886994051856,Integra,CANASTA_EVIDENCIA
2026-04-27,2026-04-22,68.02684570000001,68.3325244,67.63802018312062,0.004493501012056811,-0.005715765781558191,-0.01016359666172939,0.01016359666172939,Integra,CANASTA_EVIDENCIA
2026-04-28,2026-04-23,67.57744459999999,67.2141442,67.12427994423614,-0.005376060047111997,-0.006705856642644559,-0.0013369843034298778,0.0013369843034298778,Integra,CANASTA_EVIDENCIA
2026-04-29,2026-04-24,68.5249495,66.9278833,67.9230729957786,-0.02330634625276151,-0.008783319194148431,0.014869582701692696,0.014869582701692696,Integra,CANASTA_EVIDENCIA
2026-04-30,2026-04-24,68.5249495,68.0503788,68.25259301751683,-0.006925516960796907,-0.0039745594045738075,0.002971536986019263,0.002971536986019263,Integra,CANASTA_EVIDENCIA
2026-05-01,2026-04-24,68.5249495,67.7340832,68.19915762429322,-0.011541289789640863,-0.004754354116040305,0.006866180249609055,0.006866180249609055,Integra,CANASTA_EVIDENCIA
2026-05-04,2026-04-29,66.9278833,67.3823635,67.020640445978,0.006790595751591466,0.001385926782746516,-0.0053682155868871595,0.0053682155868871595,Integra,CANASTA_EVIDENCIA
2026-05-05,2026-04-30,68.0503788,67.9664176,67.97209067500262,-0.001233809443541345,-0.0011504436327602896,8.346879536902385e-05,8.346879536902385e-05,Integra,CANASTA_EVIDENCIA
2026-05-06,2026-05-01,67.7340832,69.6755291,68.32603943084426,0.028662761910683177,0.008739414529261191,-0.019368201240623883,0.019368201240623883,Integra,CANASTA_EVIDENCIA
2026-05-07,2026-05-01,67.7340832,69.2987598,68.33910258599208,0.023100284614171906,0.00893227393667706,-0.013848115273311423,0.013848115273311423,Integra,CANASTA_EVIDENCIA
2026-05-08,2026-05-01,67.7340832,70.38991519999999,68.61949536611273,0.039209684025072855,0.013071885294414498,-0.02515161197249549,0.02515161197249549,Integra,CANASTA_EVIDENCIA
2026-05-11,2026-05-06,69.6755291,71.39366030000001,70.0888241705385,0.0246590334109138,0.005931710542812274,-0.01827663862559381,0.01827663862559381,Integra,CANASTA_EVIDENCIA
2026-05-12,2026-05-07,69.2987598,70.85283749999999,69.8100290699137,0.022425764970183337,0.007377754975547157,-0.014717948735451847,0.014717948735451847,Integra,CANASTA_EVIDENCIA
2026-05-13,2026-05-08,70.38991519999999,71.24722609999999,70.7534715879906,0.012179456354850071,0.0051648931094410155,-0.006930157692264016,0.006930157692264016,Integra,CANASTA_EVIDENCIA
2026-05-14,2026-05-08,70.38991519999999,71.05994340000001,70.69472323090167,0.009518809592201638,0.004330279842440943,-0.005139606811146669,0.005139606811146669,Integra,CANASTA_EVIDENCIA
2026-05-15,2026-05-08,70.38991519999999,69.0361012,70.06285724150695,-0.019233067636938772,-0.004646375230937028,0.014872740836455955,0.014872740836455955,Integra,CANASTA_EVIDENCIA
2026-05-18,2026-05-13,71.24722609999999,68.5172551,70.51867454225673,-0.03831687420599794,-0.010225683126535823,0.029210443987221835,0.029210443987221835,Integra,CANASTA_EVIDENCIA
2026-05-19,2026-05-14,71.05994340000001,67.7795082,70.15278213426514,-0.046164337361406016,-0.012766141124380126,0.03501462311089987,0.03501462311089987,Integra,CANASTA_EVIDENCIA
2026-05-20,2026-05-15,69.0361012,68.8288888,69.21533269823618,-0.0030015078545601037,0.0025961995987713316,0.005614559598064783,0.005614559598064783,Integra,CANASTA_EVIDENCIA
2026-05-21,2026-05-15,69.0361012,69.1895003,69.43750134853173,0.0022220127923446853,0.005814351354646252,0.003584374037338245,0.003584374037338245,Integra,CANASTA_EVIDENCIA
2026-05-22,2026-05-15,69.0361012,69.2648985,69.40119503200624,0.003314168906166426,0.00528844800995576,0.001967757622661326,0.001967757622661326,Integra,CANASTA_EVIDENCIA
2026-05-25,2026-05-20,68.8288888,69.3162084,69.01513763994652,0.007080160794343593,0.002705969007980258,-0.004343439536047655,0.004343439536047655,Integra,CANASTA_EVIDENCIA
2026-05-26,2026-05-21,69.1895003,71.1640939,69.65828504462192,0.02853891979907819,0.006775374046485316,-0.021159671582329787,0.021159671582329787,Integra,CANASTA_EVIDENCIA
2026-05-27,2026-05-22,69.2648985,70.5905163,69.63453166961693,0.019138377861046107,0.005336514997086539,-0.013542677975611705,0.013542677975611705,Integra,CANASTA_EVIDENCIA
2026-05-28,2026-05-22,69.2648985,71.003448,69.7689403711696,0.025100007906602384,0.007277017393876761,-0.017386587040539192,0.017386587040539192,Integra,CANASTA_EVIDENCIA
2026-05-29,2026-05-22,69.2648985,71.7042692,69.87868910311367,0.03521799284813798,0.008861495741795844,-0.025459852213183476,0.025459852213183476,Integra,CANASTA_EVIDENCIA
2026-06-22,2026-05-29,71.7042692,74.0760815,71.97639700087238,0.03307769992585041,0.003795140845984424,-0.02834497258237967,0.02834497258237967,Integra,CANASTA_EVIDENCIA
2026-06-23,2026-05-29,71.7042692,71.3360771,71.4375880580257,-0.005134869989024349,-0.0037191808095898837,0.0014229960792966345,0.0014229960792966345,Integra,CANASTA_EVIDENCIA
2026-06-24,2026-05-29,71.7042692,71.1290286,71.15779788820889,-0.008022403776203668,-0.007621182363170997,0.0004044662042368419,0.0004044662042368419,Integra,CANASTA_EVIDENCIA
2026-06-25,2026-05-29,71.7042692,72.0405519,71.12585332735252,0.0046898560399804,-0.008066686671530543,-0.012696995629866592,0.012696995629866592,Integra,CANASTA_EVIDENCIA
2026-06-26,2026-05-29,71.7042692,71.0881743,71.19022367837465,-0.008592164830263593,-0.007168966748570593,0.0014355324128030311,0.0014355324128030311,Integra,CANASTA_EVIDENCIA
2026-06-29,2026-06-24,71.1290286,71.3522784,71.15463612612251,0.0031386594811446678,0.00036001512499939103,-0.0027699504249817375,0.0027699504249817375,Integra,CANASTA_EVIDENCIA
2026-06-30,2026-06-25,72.0405519,72.3284597,72.2792744000687,0.003996468550097276,0.003313723920384204,-0.00068002692350011,0.00068002692350011,Integra,CANASTA_EVIDENCIA
2024-02-26,2024-02-21,53.436894300000006,53.7903551,53.566874966547246,0.00661454608525025,0.002432414313180642,-0.00415465064391729,0.00415465064391729,Integra,CANASTA_PODADA
2024-02-27,2024-02-22,53.555207200000005,53.742052,53.558033655157175,0.0034888260127952098,5.2776476928029226e-05,-0.0034241034347335386,0.0034241034347335386,Integra,CANASTA_PODADA
2024-02-28,2024-02-23,53.6863686,53.6401641,53.563512764024075,-0.0008606374617038393,-0.0022883990700002244,-0.0014289914518722524,0.0014289914518722524,Integra,CANASTA_PODADA
2024-02-29,2024-02-23,53.6863686,53.7438552,53.681149648217136,0.001070785778571004,-9.72118606447081e-05,-0.0011667483017270275,0.0011667483017270275,Integra,CANASTA_PODADA
2024-03-01,2024-02-23,53.6863686,53.8458627,53.80534999436237,0.0029708491030253636,0.002216230999881219,-0.0007523828871187632,0.0007523828871187632,Integra,CANASTA_PODADA
2024-03-04,2024-02-28,53.6401641,54.0726986,53.94410979612278,0.00806363118490161,0.005666382667214531,-0.0023780726171713784,0.0023780726171713784,Integra,CANASTA_PODADA
2024-03-05,2024-02-29,53.7438552,53.8365409,53.833419247569566,0.0017245822737332883,0.0016664983789544952,-5.7983896778135424e-05,5.7983896778135424e-05,Integra,CANASTA_PODADA
2024-03-06,2024-03-01,53.8458627,53.9145429,53.96348579335186,0.0012754963251802032,0.0021844406878053224,0.0009077864843003436,0.0009077864843003436,Integra,CANASTA_PODADA
2024-03-07,2024-03-01,53.8458627,53.9710662,54.20670382311419,0.002325220429609809,0.006701371377864307,0.004365999038095536,0.004365999038095536,Integra,CANASTA_PODADA
2024-03-08,2024-03-01,53.8458627,53.7883928,54.29988787535457,-0.001067303913769413,0.008431941705236534,0.009509395033542978,0.009509395033542978,Integra,CANASTA_PODADA
2024-03-11,2024-03-06,53.9145429,53.8429428,54.29452615094743,-0.0013280294360058509,0.007047880414236651,0.00838704809699653,0.00838704809699653,Integra,CANASTA_PODADA
2024-03-12,2024-03-07,53.9710662,53.9591007,54.162052574450605,-0.000221702123794687,0.00353868077652697,0.003761216770067577,0.003761216770067577,Integra,CANASTA_PODADA
2024-03-13,2024-03-08,53.7883928,54.14924310000001,54.17681742613733,0.006708702030598923,0.007221346575303045,0.0005092282838821127,0.0005092282838821127,Integra,CANASTA_PODADA
2024-03-14,2024-03-08,53.7883928,54.2340529,54.21764079912325,0.00828543254038272,0.007980309073731151,-0.0003026161608650213,0.0003026161608650213,Integra,CANASTA_PODADA
2024-03-15,2024-03-08,53.7883928,54.2863059,54.36712308989956,0.00925688748223763,0.010759389893864935,0.001488721484354194,0.001488721484354194,Integra,CANASTA_PODADA
2024-03-18,2024-03-13,54.14924310000001,54.6095534,54.338163625646445,0.008500770715297312,0.0034888858058006456,-0.00496963914657389,0.00496963914657389,Integra,CANASTA_PODADA
2024-03-19,2024-03-14,54.2340529,54.3832118,54.28042408312803,0.002750281272082322,0.0008550196905536822,-0.0018900633756236962,0.0018900633756236962,Integra,CANASTA_PODADA
2024-03-20,2024-03-15,54.2863059,54.5383863,54.50401131542105,0.004643535709804025,0.004010319210558944,-0.0006302897263930074,0.0006302897263930074,Integra,CANASTA_PODADA
2024-03-21,2024-03-15,54.2863059,54.42718729999999,54.55998630365394,0.0025951554017971112,0.005041426177682551,0.0024399387556437446,0.0024399387556437446,Integra,CANASTA_PODADA
2024-03-22,2024-03-15,54.2863059,54.6763632,54.50447345238488,0.00718518774732102,0.00401883216711707,-0.0031437670239032878,0.0031437670239032878,Integra,CANASTA_PODADA
2024-03-25,2024-03-20,54.5383863,54.6119318,54.449598253928,0.001348508912519808,-0.0016279918071576693,-0.0029724922873356485,0.0029724922873356485,Integra,CANASTA_PODADA
2024-03-26,2024-03-21,54.42718729999999,54.1140491,54.16302323518534,-0.005753341584123883,-0.004853531441163628,0.0009050170149869086,0.0009050170149869086,Integra,CANASTA_PODADA
2024-03-27,2024-03-22,54.6763632,53.4720785,54.55610835094719,-0.022025691350298082,-0.0021993937053371715,0.02027282053281665,0.02027282053281665,Integra,CANASTA_PODADA
2024-03-28,2024-03-22,54.6763632,53.4524295,54.709947760143415,-0.022385060533799295,0.0006142427582567223,0.023525932720109832,0.023525932720109832,Integra,CANASTA_PODADA
2024-03-29,2024-03-22,54.6763632,53.4619289,54.73391696178229,-0.022211321838611298,0.0010526260053502767,0.023792408690706646,0.023792408690706646,Integra,CANASTA_PODADA
2024-04-01,2024-03-27,53.4720785,52.88039799999999,53.63443115744788,-0.011065223507255473,0.003036213702593882,0.01425921865126445,0.01425921865126445,Integra,CANASTA_PODADA
2024-04-02,2024-03-28,53.4524295,52.5672982,53.4745682265029,-0.016559234225265618,0.00041417624437256606,0.01725920976670814,0.01725920976670814,Integra,CANASTA_PODADA
2024-04-03,2024-03-29,53.4619289,52.3806362,53.74861924926216,-0.02022547113895845,0.005362514132223328,0.026116197673486052,0.026116197673486052,Integra,CANASTA_PODADA
2024-04-04,2024-03-29,53.4619289,51.6477943,53.6194297516837,-0.03393320512982834,0.002946037580841887,0.0381746302703907,0.0381746302703907,Integra,CANASTA_PODADA
2024-04-05,2024-03-29,53.4619289,50.5148442,53.66456609254916,-0.055124922737308846,0.003790308294491007,0.062352402396386175,0.062352402396386175,Integra,CANASTA_PODADA
2024-04-08,2024-04-03,52.3806362,50.4059974,52.36930270597046,-0.03769787736942376,-0.00021636801023683372,0.038949835480697415,0.038949835480697415,Integra,CANASTA_PODADA
2024-04-09,2024-04-04,51.6477943,50.4247898,51.881009950945966,-0.02367970436251532,0.004515500692852781,0.028879052480372813,0.028879052480372813,Integra,CANASTA_PODADA
2024-04-10,2024-04-05,50.5148442,50.5074826,50.610713940639435,-0.0001457314204682536,0.0018978528422233243,0.002043882120536189,0.002043882120536189,Integra,CANASTA_PODADA
2024-04-11,2024-04-05,50.5148442,50.4842933,50.73504615825409,-0.0006047905419452881,0.004359153467488941,0.004966947972590452,0.004966947972590452,Integra,CANASTA_PODADA
2024-04-12,2024-04-05,50.5148442,50.3514745,50.51229127270715,-0.003234092920353815,-5.0538160282886935e-05,0.003193884077955955,0.003193884077955955,Integra,CANASTA_PODADA
2024-04-15,2024-04-10,50.5074826,50.3756492,50.24701972341171,-0.002610175625739952,-0.005156916622652941,-0.0025534058345849653,0.0025534058345849653,Integra,CANASTA_PODADA
2024-04-16,2024-04-11,50.4842933,50.3097706,50.05106682809444,-0.0034569702493982835,-0.00858141104068022,-0.0051422172834466595,0.0051422172834466595,Integra,CANASTA_PODADA
2024-04-17,2024-04-12,50.3514745,50.3398398,50.166042626565705,-0.0002310696978695681,-0.00368274961708015,-0.003452477682185484,0.003452477682185484,Integra,CANASTA_PODADA
2024-04-18,2024-04-12,50.3514745,50.3705537,50.280034768020776,0.0003789203829571708,-0.0014188210511932864,-0.0017970604913010169,0.0017970604913010169,Integra,CANASTA_PODADA
2024-04-19,2024-04-12,50.3514745,50.3229001,50.26015642749868,-0.000567498773049957,-0.0018136126778437456,-0.0012468214744507655,0.0012468214744507655,Integra,CANASTA_PODADA
2024-04-22,2024-04-17,50.3398398,50.7879203,50.4275609133307,0.008901110964600223,0.0017425783172775322,-0.007095375918932834,0.007095375918932834,Integra,CANASTA_PODADA
2024-04-23,2024-04-18,50.3705537,51.1612623,50.330411512769146,0.015697834189184023,-0.000796937581229229,-0.01623984143234969,0.01623984143234969,Integra,CANASTA_PODADA
2024-04-24,2024-04-19,50.3229001,51.5829738,50.35913139304887,0.02503976713377054,0.000719976252896215,-0.02372570475863356,0.02372570475863356,Integra,CANASTA_PODADA
2024-04-25,2024-04-19,50.3229001,51.8250605,50.47484532755124,0.029850433838569668,0.003019405226036387,-0.02605332554216233,0.02605332554216233,Integra,CANASTA_PODADA
2024-04-26,2024-04-19,50.3229001,51.9757161,50.684611720041474,0.0328442120131307,0.007187813486955186,-0.024840530863960986,0.024840530863960986,Integra,CANASTA_PODADA
2024-04-29,2024-04-24,51.5829738,52.0608131,52.07686129617852,0.009263508184943037,0.009574622395627008,0.0003082586541185428,0.0003082586541185428,Integra,CANASTA_PODADA
2024-04-30,2024-04-25,51.8250605,51.6493769,51.94592771123517,-0.003389935261146504,0.0023322155356706453,0.0057416144982607165,0.0057416144982607165,Integra,CANASTA_PODADA
2024-05-01,2024-04-26,51.9757161,51.559443300000005,51.801347712551845,-0.00800898633506264,-0.0033548049075970976,0.004691757650374884,0.004691757650374884,Integra,CANASTA_PODADA
2024-05-02,2024-04-26,51.9757161,51.664244200000006,51.888129634112644,-0.0059926427834247065,-0.0016851420713250853,0.004333469647711086,0.004333469647711086,Integra,CANASTA_PODADA
2024-05-03,2024-04-26,51.9757161,51.8562122,52.037573157587225,-0.0022992256570371072,0.0011901145809749547,0.003497381507306052,0.003497381507306052,Integra,CANASTA_PODADA
2024-05-06,2024-05-01,51.559443300000005,52.102601400000005,51.96436814275551,0.010534599779125298,0.007853553429571392,-0.0026530970341241966,0.0026530970341241966,Integra,CANASTA_PODADA
2024-05-07,2024-05-02,51.664244200000006,51.9165093,51.98400848365478,0.004882779258774006,0.0061892763284587815,0.0013001487304304948,0.0013001487304304948,Integra,CANASTA_PODADA
2024-05-08,2024-05-03,51.8562122,52.055003000000006,52.01015710365028,0.003833500203086704,0.0029686877833756675,-0.0008615098216347983,0.0008615098216347983,Integra,CANASTA_PODADA
2024-05-09,2024-05-03,51.8562122,52.152689200000005,52.20296837280356,0.005717289933490521,0.006686878159673171,0.0009640763223299764,0.0009640763223299764,Integra,CANASTA_PODADA
2024-05-10,2024-05-03,51.8562122,52.50317700000001,52.26909932190831,0.012476129137716008,0.00796215350854923,-0.004458352645816066,0.004458352645816066,Integra,CANASTA_PODADA
2024-05-13,2024-05-08,52.055003000000006,52.5774594,52.325559958450064,0.01003662222438062,0.005197520754154139,-0.004791015854028413,0.004791015854028413,Integra,CANASTA_PODADA
2024-05-14,2024-05-09,52.152689200000005,52.83639530000001,52.385753945382106,0.01310969981582466,0.004468892188633333,-0.008528995062195288,0.008528995062195288,Integra,CANASTA_PODADA
2024-05-15,2024-05-10,52.50317700000001,53.05524749999999,52.800313077108896,0.010514992264182066,0.005659392327989732,-0.0048050746137994205,0.0048050746137994205,Integra,CANASTA_PODADA
2024-05-16,2024-05-10,52.50317700000001,51.90365439999999,52.739468915133635,-0.011418787095493599,0.00450052603737916,0.016103192054500948,0.016103192054500948,Integra,CANASTA_PODADA
2024-05-17,2024-05-10,52.50317700000001,52.1585406,52.96384865687426,-0.006564105634979112,0.008774167263711607,0.01543962019662537,0.01543962019662537,Integra,CANASTA_PODADA
2024-05-20,2024-05-15,53.05524749999999,52.247391500000006,53.41748183367715,-0.015226693646090084,0.0068274930519767185,0.022395191416917815,0.022395191416917815,Integra,CANASTA_PODADA
2024-05-21,2024-05-16,51.90365439999999,52.385301600000005,52.298456550517535,0.009279639469856216,0.007606442264642244,-0.0016578132955231695,0.0016578132955231695,Integra,CANASTA_PODADA
2024-05-22,2024-05-17,52.1585406,52.3123542,51.928199835683586,0.0029489628779988397,-0.004416165821871543,-0.007343473070390294,0.007343473070390294,Integra,CANASTA_PODADA
2024-05-23,2024-05-17,52.1585406,52.394239000000006,51.83574541175736,0.004518884103900778,-0.006188731213132237,-0.010659446513626158,0.010659446513626158,Integra,CANASTA_PODADA
2024-05-24,2024-05-17,52.1585406,52.4706662,51.93620242097417,0.005984170500353159,-0.0042627377313128045,-0.010185953747730903,0.010185953747730903,Integra,CANASTA_PODADA
2024-05-27,2024-05-22,52.3123542,52.4608287,52.33081852631046,0.0028382301326441706,0.00035296301596110524,-0.002478233320198031,0.002478233320198031,Integra,CANASTA_PODADA
2024-05-28,2024-05-23,52.394239000000006,52.606267,52.68555086495007,0.0040467807920636645,0.005559998017149681,0.001507118247908945,0.001507118247908945,Integra,CANASTA_PODADA
2024-05-29,2024-05-24,52.4706662,52.5528316,52.52321319858313,0.0015659301844350715,0.0010014547629877413,-0.0005635928743537022,0.0005635928743537022,Integra,CANASTA_PODADA
2024-05-30,2024-05-24,52.4706662,52.4464461,52.426769555711914,-0.00046159314821114794,-0.000836593995600543,-0.0003751740251488611,0.0003751740251488611,Integra,CANASTA_PODADA
2024-05-31,2024-05-24,52.4706662,52.1919392,52.63350644453645,-0.005312053766147851,0.003103452963904907,0.00846044909050736,0.00846044909050736,Integra,CANASTA_PODADA
2024-06-03,2024-05-29,52.5528316,52.2262003,52.62342473681356,-0.006215294020427198,0.001343279413579035,0.007605846003190031,0.007605846003190031,Integra,CANASTA_PODADA
2024-06-04,2024-05-30,52.4464461,51.8900606,52.32915180588204,-0.01060864064915168,-0.002236458384507367,0.008461952073381074,0.008461952073381074,Integra,CANASTA_PODADA
2024-06-05,2024-05-31,52.1919392,51.9581545,51.97171209701929,-0.004479325803629086,-0.004219561609634659,0.00026093299790486135,0.00026093299790486135,Integra,CANASTA_PODADA
2024-06-06,2024-05-31,52.1919392,51.9623329,52.090865245953815,-0.004399267463892187,-0.0019365816943277547,0.0024735676552700703,0.0024735676552700703,Integra,CANASTA_PODADA
2024-06-07,2024-05-31,52.1919392,51.572238000000006,51.86290917946568,-0.01187350402186238,-0.006304230606827499,0.005636194796620586,0.005636194796620586,Integra,CANASTA_PODADA
2024-06-10,2024-06-05,51.9581545,51.8652967,51.883829786134676,-0.0017871650926323257,-0.0014304725520095651,0.00035733115038127927,0.00035733115038127927,Integra,CANASTA_PODADA
2024-06-11,2024-06-06,51.9623329,51.7931206,51.664181545735765,-0.0032564415521073586,-0.0057378361906501585,-0.00248950155485006,0.00248950155485006,Integra,CANASTA_PODADA
2024-06-12,2024-06-07,51.572238000000006,52.169290700000005,51.614561853637646,0.011577017464318606,0.0008206712618838985,-0.010633244940061237,0.010633244940061237,Integra,CANASTA_PODADA
2024-06-13,2024-06-07,51.572238000000006,51.907853800000005,51.505807940568864,0.00650768345558328,-0.0012880972788332778,-0.007745376277359051,0.007745376277359051,Integra,CANASTA_PODADA
2024-06-14,2024-06-07,51.572238000000006,51.9768251,51.437173630615334,0.007845056093939373,-0.0026189355867137776,-0.010382540071395496,0.010382540071395496,Integra,CANASTA_PODADA
2024-06-17,2024-06-12,52.169290700000005,52.174434600000005,52.02749019995357,9.860015213902784e-05,-0.0027180837259578317,-0.0028164061800189932,0.0028164061800189932,Integra,CANASTA_PODADA
2024-06-18,2024-06-13,51.907853800000005,52.373774700000006,51.97435419164724,0.008975923023039734,0.0012811238912604495,-0.0076263456403643515,0.0076263456403643515,Integra,CANASTA_PODADA
2024-06-19,2024-06-14,51.9768251,52.2724564,52.13840380030424,0.0056877521747669135,0.0031086681418761586,-0.0025644978049236267,0.0025644978049236267,Integra,CANASTA_PODADA
2024-06-20,2024-06-14,51.9768251,52.0878603,52.24549594796747,0.0021362443701857803,0.00516905077311991,0.0030263413981599374,0.0030263413981599374,Integra,CANASTA_PODADA
2024-06-21,2024-06-14,51.9768251,51.990500700000005,52.163860809752414,0.00026310956803721197,0.0035984442949827944,0.0033344573992997173,0.0033344573992997173,Integra,CANASTA_PODADA
2024-06-24,2024-06-19,52.2724564,52.1036384,52.39463009917811,-0.0032295784745253187,0.002337248095693134,0.0055848633245947354,0.0055848633245947354,Integra,CANASTA_PODADA
2024-06-25,2024-06-20,52.0878603,52.0363856,52.03273779698497,-0.000988228345405795,-0.0010582600762932826,-7.010100668936037e-05,7.010100668936037e-05,Integra,CANASTA_PODADA
2024-06-26,2024-06-21,51.990500700000005,52.0357778,52.03061206300379,0.0008708725515311766,0.0007715133046175549,-9.927279296306768e-05,9.927279296306768e-05,Integra,CANASTA_PODADA
2024-06-27,2024-06-21,51.990500700000005,52.058994000000006,51.9351314199235,0.0013174195108300868,-0.001064988398476907,-0.0023792734080974043,0.0023792734080974043,Integra,CANASTA_PODADA
2024-06-28,2024-06-21,51.990500700000005,52.1705805,51.98724290800208,0.0034637058227060535,-6.266129300658285e-05,-0.003514194978104901,0.003514194978104901,Integra,CANASTA_PODADA
2024-07-01,2024-06-26,52.0357778,52.13101,51.986508311848944,0.0018301292692506355,-0.0009468386989509581,-0.0027718950419540755,0.0027718950419540755,Integra,CANASTA_PODADA
2024-07-02,2024-06-27,52.058994000000006,51.9578333,52.1768137112517,-0.0019431935238704012,0.0022631960819621266,0.004214579349129721,0.004214579349129721,Integra,CANASTA_PODADA
2024-07-03,2024-06-28,52.1705805,52.1125422,52.542362150959384,-0.001112471807746096,0.007126270158320125,0.008247917541803984,0.008247917541803984,Integra,CANASTA_PODADA
2024-07-04,2024-06-28,52.1705805,52.06252500000001,52.57228045219506,-0.0020711960450582323,0.007699740895063645,0.00979121646894865,0.00979121646894865,Integra,CANASTA_PODADA
2024-07-05,2024-06-28,52.1705805,52.1894909,52.692660216482494,0.00036247248581022795,0.010007167094536973,0.009641199939018685,0.009641199939018685,Integra,CANASTA_PODADA
2024-07-08,2024-07-03,52.1125422,52.0777672,52.267682886087435,-0.0006673057680921524,0.002977031623059734,0.003646770902409946,0.003646770902409946,Integra,CANASTA_PODADA
2024-07-09,2024-07-04,52.06252500000001,52.0752146,52.17759162184114,0.00024373769808505585,0.002210162143329253,0.001965945270269387,0.001965945270269387,Integra,CANASTA_PODADA
2024-07-10,2024-07-05,52.1894909,52.3855933,52.27638875667206,0.0037575074333593417,0.0016650451110657993,-0.00208462931215736,0.00208462931215736,Integra,CANASTA_PODADA
2024-07-11,2024-07-05,52.1894909,52.1015743,52.290588750556076,-0.0016845651966304054,0.0019371304224788943,0.003627806896346897,0.003627806896346897,Integra,CANASTA_PODADA
2024-07-12,2024-07-05,52.1894909,52.15868639999999,52.32459512706083,-0.0005902433510805993,0.002588724755328675,0.0031808455793633783,0.0031808455793633783,Integra,CANASTA_PODADA
2024-07-15,2024-07-10,52.3855933,52.0769804,52.34275621141157,-0.005891178863483448,-0.0008177265139120982,0.005103518087457459,0.005103518087457459,Integra,CANASTA_PODADA
2024-07-16,2024-07-11,52.1015743,52.1247801,52.1327671895573,0.0004453953707115321,0.000598693801029615,0.000153230182304398,0.000153230182304398,Integra,CANASTA_PODADA
2024-07-17,2024-07-12,52.15868639999999,51.7979951,52.00320770852577,-0.006915268096168825,-0.0029808782046746307,0.003961786708724713,0.003961786708724713,Integra,CANASTA_PODADA
2024-07-18,2024-07-12,52.15868639999999,51.7079621,51.679563931590565,-0.008641404358680105,-0.009185861483072655,-0.000549203009674204,0.000549203009674204,Integra,CANASTA_PODADA
2024-07-19,2024-07-12,52.15868639999999,51.5805883,51.68128439265953,-0.01108344822119578,-0.009152876352738537,0.0019522090766754818,0.0019522090766754818,Integra,CANASTA_PODADA
2024-07-22,2024-07-17,51.7979951,51.849582,51.531272830284436,0.000995924647284152,-0.0051492778668486006,-0.0061390884446389515,0.0061390884446389515,Integra,CANASTA_PODADA
2024-07-23,2024-07-18,51.7079621,51.6664516,51.747271125252155,-0.000802787391228521,0.0007602122314573911,0.0015642553871872966,0.0015642553871872966,Integra,CANASTA_PODADA
2024-07-24,2024-07-19,51.5805883,51.4879994,51.50011350761493,-0.0017950338111983877,-0.0015601759312442454,0.00023528021589691583,0.00023528021589691583,Integra,CANASTA_PODADA
2024-07-25,2024-07-19,51.5805883,51.1795241,51.37828745781086,-0.007775487120607383,-0.003922034409777009,0.003883649981240467,0.003883649981240467,Integra,CANASTA_PODADA
2024-07-26,2024-07-19,51.5805883,51.40229059999999,51.48183888693619,-0.0034566821720412033,-0.0019144685300886977,0.0015475630756460745,0.0015475630756460745,Integra,CANASTA_PODADA
2024-07-29,2024-07-24,51.4879994,51.29928880000001,51.45292974052914,-0.0036651375504792583,-0.0006811229777721195,0.0029949916289899736,0.0029949916289899736,Integra,CANASTA_PODADA
2024-07-30,2024-07-25,51.1795241,51.1160406,51.22612238224709,-0.001240408173314833,0.0009104868219571571,0.0021535662965079805,0.0021535662965079805,Integra,CANASTA_PODADA
2024-07-31,2024-07-26,51.40229059999999,51.6106837,51.56267141488003,0.004054159796528678,0.0031201102715068263,-0.0009302780292362867,0.0009302780292362867,Integra,CANASTA_PODADA
2024-08-01,2024-07-26,51.40229059999999,50.9833896,51.31167562310048,-0.008149461728462204,-0.001762858733371675,0.006439078014939925,0.006439078014939925,Integra,CANASTA_PODADA
2024-08-02,2024-07-26,51.40229059999999,50.2275576,50.99838026870241,-0.022853709169139536,-0.00785782747389041,0.015346608625509184,0.015346608625509184,Integra,CANASTA_PODADA
2024-08-05,2024-07-31,51.6106837,49.5688409,50.72804375888966,-0.039562405564489866,-0.017101884296687575,0.023385716467089424,0.023385716467089424,Integra,CANASTA_PODADA
2024-08-06,2024-08-01,50.9833896,49.5899726,50.43959405171458,-0.027330803442696117,-0.010666131705872717,0.017132928436313977,0.017132928436313977,Integra,CANASTA_PODADA
2024-08-07,2024-08-02,50.2275576,49.5090258,49.92494991939524,-0.014305529361435476,-0.006024734131303999,0.008400975633724439,0.008400975633724439,Integra,CANASTA_PODADA
2024-08-08,2024-08-02,50.2275576,49.9800084,50.18126121730805,-0.004928553404316749,-0.0009217327081807447,0.004026666336215401,0.004026666336215401,Integra,CANASTA_PODADA
2024-08-09,2024-08-02,50.2275576,50.1252645,50.23316398901885,-0.0020365931549893856,0.00011161978178386711,0.0021525969008870938,0.0021525969008870938,Integra,CANASTA_PODADA
2024-08-12,2024-08-07,49.5090258,50.2732539,49.87757082090249,0.015436136899304564,0.0074439966237931365,-0.00787064787738967,0.00787064787738967,Integra,CANASTA_PODADA
2024-08-13,2024-08-08,49.9800084,50.5786099,50.19982970520633,0.011976818715380588,0.004398184639087033,-0.007488940394814403,0.007488940394814403,Integra,CANASTA_PODADA
2024-08-14,2024-08-09,50.1252645,50.1628589,50.30036254525276,0.0007500090099274992,0.003493209402471331,0.002741144509464055,0.002741144509464055,Integra,CANASTA_PODADA
2024-08-15,2024-08-09,50.1252645,50.654276200000005,50.55074634461519,0.010553793686215895,0.008488371061168065,-0.002043852230284471,0.002043852230284471,Integra,CANASTA_PODADA
2024-08-16,2024-08-09,50.1252645,50.6471294,50.57998305896652,0.010411214887454445,0.009071644080132835,-0.0013257679522795662,0.0013257679522795662,Integra,CANASTA_PODADA
2024-08-19,2024-08-14,50.1628589,50.7643595,50.56171352772064,0.01199095532411909,0.007951194099916847,-0.003991894594461587,0.003991894594461587,Integra,CANASTA_PODADA
2024-08-20,2024-08-15,50.654276200000005,50.8280166,50.814043356549305,0.003429925625903829,0.003154070466202752,-0.0002749122311943575,0.0002749122311943575,Integra,CANASTA_PODADA
2024-08-21,2024-08-16,50.6471294,50.8307897,50.82243975460967,0.0036262726471523177,0.003461407520752191,-0.00016426944062075677,0.00016426944062075677,Integra,CANASTA_PODADA
2024-08-22,2024-08-16,50.6471294,50.4647488,50.67546985309463,-0.0036010056672628465,0.0005595668190947478,0.0041756088775899425,0.0041756088775899425,Integra,CANASTA_PODADA
2024-08-23,2024-08-16,50.6471294,50.7664596,50.860070604016116,0.002356109841044729,0.004204408157752804,0.0018439537591099509,0.0018439537591099509,Integra,CANASTA_PODADA
2024-08-26,2024-08-21,50.8307897,50.5466947,50.900917926070036,-0.0055890337662802825,0.0013796406958053176,0.007007841524997449,0.007007841524997449,Integra,CANASTA_PODADA
2024-08-27,2024-08-22,50.4647488,50.5609628,50.69077802918441,0.0019065585837216847,0.0044789528246775845,0.002567499153406372,0.002567499153406372,Integra,CANASTA_PODADA
2024-08-28,2024-08-23,50.7664596,50.353469,50.66028835525076,-0.008135107377076234,-0.002091365944873469,0.006093311172876037,0.006093311172876037,Integra,CANASTA_PODADA
2024-08-29,2024-08-23,50.7664596,50.4419523,50.68216634564439,-0.006392159361847671,-0.0016604123080430355,0.004762187716600197,0.004762187716600197,Integra,CANASTA_PODADA
2024-08-30,2024-08-23,50.7664596,50.6014217,50.79907751169873,-0.0032509239624027852,0.0006425090887907103,0.0039061315879731495,0.0039061315879731495,Integra,CANASTA_PODADA
2024-09-02,2024-08-28,50.353469,50.637314100000005,50.51533455075402,0.00563705154058014,0.0032145858859102816,-0.0024088866365442607,0.0024088866365442607,Integra,CANASTA_PODADA
2024-09-03,2024-08-29,50.4419523,49.9796414,50.12598337652597,-0.009165206319740271,-0.006264010591715885,0.002928031743060444,0.002928031743060444,Integra,CANASTA_PODADA
2024-09-04,2024-08-30,50.6014217,50.0120867,50.0875991992221,-0.011646609525992946,-0.010154309573043196,0.0015098849939028103,0.0015098849939028103,Integra,CANASTA_PODADA
2024-09-05,2024-08-30,50.6014217,50.0321765,50.14579123471127,-0.011249589060459253,-0.00900430165757049,0.002270833344842904,0.002270833344842904,Integra,CANASTA_PODADA
2024-09-06,2024-08-30,50.6014217,49.4693268,49.9200701219342,-0.022372788391437748,-0.013465067881003878,0.009111571777730365,0.009111571777730365,Integra,CANASTA_PODADA
2024-09-09,2024-09-04,50.0120867,49.8392387,49.93598602567843,-0.0034561245371910188,-0.001521645652941106,0.0019411878712831676,0.0019411878712831676,Integra,CANASTA_PODADA
2024-09-10,2024-09-05,50.0321765,49.8144714,49.895774032319544,-0.004351301806748253,-0.0027262949010513626,0.001632108703246038,0.001632108703246038,Integra,CANASTA_PODADA
2024-09-11,2024-09-06,49.4693268,50.0081763,49.70741146879745,0.010892598198850134,0.004812773575027851,-0.006014313127482462,0.006014313127482462,Integra,CANASTA_PODADA
2024-09-12,2024-09-06,49.4693268,50.3225087,49.96569582009024,0.017246685071121703,0.01003387456831617,-0.007090522494355711,0.007090522494355711,Integra,CANASTA_PODADA
2024-09-13,2024-09-06,49.4693268,50.790941700000005,50.12033810026976,0.026715845666207994,0.013159898110231882,-0.013203212566744837,0.013203212566744837,Integra,CANASTA_PODADA
2024-09-16,2024-09-11,50.0081763,50.7891866,50.47187222599934,0.01561765210782129,0.0092724022411379,-0.006247675838948363,0.006247675838948363,Integra,CANASTA_PODADA
2024-09-17,2024-09-12,50.3225087,50.4976276,50.48824717908021,0.0034799318341616203,0.00329352576733144,-0.00018575963595945932,0.00018575963595945932,Integra,CANASTA_PODADA
2024-09-18,2024-09-13,50.790941700000005,50.5807108,50.89394224507768,-0.004139141606031793,0.00202793139150792,0.006192705482455985,0.006192705482455985,Integra,CANASTA_PODADA
2024-09-19,2024-09-13,50.790941700000005,50.953646500000005,51.10538643251796,0.0032034216053922204,0.006190960868086348,0.0029779994748355687,0.0029779994748355687,Integra,CANASTA_PODADA
2024-09-20,2024-09-13,50.790941700000005,50.9329323,51.11343634825414,0.002795589041027613,0.006349452037313519,0.003543955552980149,0.003543955552980149,Integra,CANASTA_PODADA
2024-09-23,2024-09-18,50.5807108,51.0633113,50.856417978041826,0.009541196483146441,0.005450836369856438,-0.004051702028148307,0.004051702028148307,Integra,CANASTA_PODADA
2024-09-24,2024-09-19,50.953646500000005,51.3820491,51.375501284056696,0.008407692666313915,0.008279187320905379,-0.00012743392017244837,0.00012743392017244837,Integra,CANASTA_PODADA
2024-09-25,2024-09-20,50.9329323,51.2387623,51.25969203502793,0.0060045629848803905,0.006415490337436047,0.0004084746408470341,0.0004084746408470341,Integra,CANASTA_PODADA
2024-09-26,2024-09-20,50.9329323,51.7131035,51.64282924107544,0.015317617988391374,0.013937876910248947,-0.0013589255753053697,0.0013589255753053697,Integra,CANASTA_PODADA
2024-09-27,2024-09-20,50.9329323,51.6274908,51.650701638987265,0.013636727135774906,0.014092440913465065,0.00044958293784191916,0.00044958293784191916,Integra,CANASTA_PODADA
2024-09-30,2024-09-25,51.2387623,50.7891866,51.47139858408642,-0.008774132703825988,0.004540240115956662,0.013432228979355587,0.013432228979355587,Integra,CANASTA_PODADA
2024-10-01,2024-09-26,51.7131035,51.4328998,51.54292530092389,-0.0054184274591062564,-0.0032908138858096514,0.002139204698777153,0.002139204698777153,Integra,CANASTA_PODADA
2024-10-02,2024-09-27,51.6274908,51.4921317,51.50074934558745,-0.0026218415402825546,-0.0024549218342516665,0.00016735849348115117,0.00016735849348115117,Integra,CANASTA_PODADA
2024-10-03,2024-09-27,51.6274908,51.5882749,51.40594253185495,-0.0007595933753959949,-0.004291284831240527,-0.0035343761445501,0.0035343761445501,Integra,CANASTA_PODADA
2024-10-04,2024-09-27,51.6274908,51.9357637,51.57255607134555,0.005971099800186508,-0.001064059627984948,-0.006993401132069033,0.006993401132069033,Integra,CANASTA_PODADA
2024-10-07,2024-10-02,51.4921317,51.9660221,51.4729089316257,0.009203161422039141,-0.000373314674294134,-0.009489145954358125,0.009489145954358125,Integra,CANASTA_PODADA
2024-10-08,2024-10-03,51.5882749,51.7883576,51.53949956125651,0.0038784530087085933,-0.000945473343274883,-0.004805289263382306,0.004805289263382306,Integra,CANASTA_PODADA
2024-10-09,2024-10-04,51.9357637,51.89910810000001,51.74266322594085,-0.0007057872531101017,-0.003718063629035484,-0.003014403903776386,0.003014403903776386,Integra,CANASTA_PODADA
2024-10-10,2024-10-04,51.9357637,52.1135063,51.89705579719315,0.003422354603789035,-0.0007453034296452943,-0.004153443477029062,0.004153443477029062,Integra,CANASTA_PODADA
2024-10-11,2024-10-04,51.9357637,52.1717538,52.02320871067417,0.00454388427525898,0.0016837147361359328,-0.0028472320462001877,0.0028472320462001877,Integra,CANASTA_PODADA
2024-10-14,2024-10-09,51.89910810000001,52.29106000000001,52.198152324688415,0.007552189514409058,0.005762030131851281,-0.0017767410970745967,0.0017767410970745967,Integra,CANASTA_PODADA
2024-10-15,2024-10-10,52.1135063,51.888131,52.03692403734104,-0.004324700370429646,-0.0014695281146138717,0.0028675736526535545,0.0028675736526535545,Integra,CANASTA_PODADA
2024-10-16,2024-10-11,52.1717538,51.9779223,52.07206377036218,-0.003715257507789449,-0.0019108046476639107,0.0018111818671553426,0.0018111818671553426,Integra,CANASTA_PODADA
2024-10-17,2024-10-11,52.1717538,51.984913000000006,52.12973967409661,-0.0035812635457156405,-0.000805304074393276,0.0027859366446685296,0.0027859366446685296,Integra,CANASTA_PODADA
2024-10-18,2024-10-11,52.1717538,52.2578758,52.32422049751599,0.0016507399833662895,0.00292239931401328,0.0012695636112325381,0.0012695636112325381,Integra,CANASTA_PODADA
2024-10-21,2024-10-16,51.9779223,52.2766151,52.246097797968666,0.005746532119464742,0.005159411652140289,-0.0005837658381852018,0.0005837658381852018,Integra,CANASTA_PODADA
2024-10-22,2024-10-17,51.984913000000006,52.2987815,52.2264778039448,0.0060376844335585655,0.004646825203781679,-0.001382512058243579,0.001382512058243579,Integra,CANASTA_PODADA
2024-10-23,2024-10-18,52.2578758,52.1126465,52.22334431806063,-0.0027790892334740303,-0.0006607900036259551,0.00212420257836321,0.00212420257836321,Integra,CANASTA_PODADA
2024-10-24,2024-10-18,52.2578758,52.2623078,52.240502811645015,8.481018281258912e-05,-0.0003324472740047213,-0.0004172220721371245,0.0004172220721371245,Integra,CANASTA_PODADA
2024-10-25,2024-10-18,52.2578758,52.3717468,52.26508782193731,0.0021790208319183435,0.00013800832557575582,-0.0020365747674983004,0.0020365747674983004,Integra,CANASTA_PODADA
2024-10-28,2024-10-23,52.1126465,52.4104743,52.18613918994229,0.0057150772413756545,0.001410265931174548,-0.004280348786267485,0.004280348786267485,Integra,CANASTA_PODADA
2024-10-29,2024-10-24,52.2623078,52.7008752,52.246605826804156,0.00839165774458972,-0.00030044546168794817,-0.008619769054534432,0.008619769054534432,Integra,CANASTA_PODADA
2024-10-30,2024-10-25,52.3717468,52.3575302,52.25011382580031,-0.00027145552456531163,-0.002322492214441141,-0.0020515936062943663,0.0020515936062943663,Integra,CANASTA_PODADA
2024-10-31,2024-10-25,52.3717468,51.8852242,52.039742535766564,-0.00928979134222796,-0.0063393773268878295,0.0029780797548633053,0.0029780797548633053,Integra,CANASTA_PODADA
2024-11-01,2024-10-25,52.3717468,51.8001888,52.02562088701768,-0.010913479784867453,-0.006609019827123919,0.004351954929895596,0.004351954929895596,Integra,CANASTA_PODADA
2024-11-04,2024-10-30,52.3575302,51.87764129999999,52.18584028713295,-0.009165613774501646,-0.00327918280734818,0.00594088280441829,0.00594088280441829,Integra,CANASTA_PODADA
2024-11-05,2024-10-31,51.8852242,52.0080084,52.0558135384664,0.0023664579250290974,0.0032878211686786507,0.0009191880238659245,0.0009191880238659245,Integra,CANASTA_PODADA
2024-11-06,2024-11-01,51.8001888,52.275263800000005,52.01474947163761,0.009171298618896317,0.004142082811049663,-0.004983510544472769,0.004983510544472769,Integra,CANASTA_PODADA
2024-11-07,2024-11-01,51.8001888,52.4064331,52.26559703636171,0.011703515258230102,0.008984682240418929,-0.002687381210805806,0.002687381210805806,Integra,CANASTA_PODADA
2024-11-08,2024-11-01,51.8001888,52.3408543,52.11010376741838,0.0104375198725144,0.005982892622553138,-0.004408612271764478,0.004408612271764478,Integra,CANASTA_PODADA
2024-11-11,2024-11-06,52.275263800000005,52.2914101,52.227606100521186,0.0003088707512173272,-0.0009116682731846737,-0.0012201621520016026,0.0012201621520016026,Integra,CANASTA_PODADA
2024-11-12,2024-11-07,52.4064331,52.3728581,51.99708467593864,-0.0006406656208777228,-0.007811033872125228,-0.007174965004656975,0.007174965004656975,Integra,CANASTA_PODADA
2024-11-13,2024-11-08,52.3408543,52.3457124,52.00396460653982,9.281659737836456e-05,-0.006436457676621821,-0.006528668305222585,0.006528668305222585,Integra,CANASTA_PODADA
2024-11-14,2024-11-08,52.3408543,52.0873161,52.00296466854932,-0.004843982838850902,-0.006455562026443262,-0.0016194236479518676,0.0016194236479518676,Integra,CANASTA_PODADA
2024-11-15,2024-11-08,52.3408543,51.7997756,51.94731212241188,-0.01033759779499821,-0.007518833669249325,0.002848207751924736,0.002848207751924736,Integra,CANASTA_PODADA
2024-11-18,2024-11-13,52.3457124,51.7915361,52.43964144613553,-0.010586851808706998,0.0017943980858980968,0.012513730909316179,0.012513730909316179,Integra,CANASTA_PODADA
2024-11-19,2024-11-14,52.0873161,51.794402600000005,52.30853919178589,-0.005623509175202046,0.004247158585809485,0.00992648946559882,0.00992648946559882,Integra,CANASTA_PODADA
2024-11-20,2024-11-15,51.7997756,51.7079128,52.085016925786014,-0.0017734208099541293,0.005506613155791706,0.007292967466016487,0.007292967466016487,Integra,CANASTA_PODADA
2024-11-21,2024-11-15,51.7997756,51.9372602,52.151935100711775,0.0026541543550624436,0.006798475410997318,0.004133350505689082,0.004133350505689082,Integra,CANASTA_PODADA
2024-11-22,2024-11-15,51.7997756,51.9473052,52.114085465358436,0.002848074114050858,0.00606778430442545,0.003210566259718828,0.003210566259718828,Integra,CANASTA_PODADA
2024-11-25,2024-11-20,51.7079128,51.884374,51.687495155499946,0.003412653701233781,-0.00039486499056784474,-0.00379456914137688,0.00379456914137688,Integra,CANASTA_PODADA
2024-11-26,2024-11-21,51.9372602,51.8473972,51.87359325459539,-0.0017302221883470636,-0.0012258433571473715,0.0005052530312050774,0.0005052530312050774,Integra,CANASTA_PODADA
2024-11-27,2024-11-22,51.9473052,51.6049901,51.94571878428857,-0.006589660400709296,-3.053894143922875e-05,0.006602630552361433,0.006602630552361433,Integra,CANASTA_PODADA
2024-11-28,2024-11-22,51.9473052,51.5106084,51.951235046241266,-0.008406534243089125,7.565062761449859e-05,0.008554095164623687,0.008554095164623687,Integra,CANASTA_PODADA
2024-11-29,2024-11-22,51.9473052,51.6468442,51.91022976265467,-0.005783957393809214,-0.0007137124284424257,0.0050997416538118845,0.0050997416538118845,Integra,CANASTA_PODADA
2024-12-02,2024-11-27,51.6049901,51.8138609,51.622099711828895,0.004047492298617783,0.0003315495613067654,-0.0037009631175951574,0.0037009631175951574,Integra,CANASTA_PODADA
2024-12-03,2024-11-28,51.5106084,51.4922258,51.59356763145609,-0.0003568701782213912,0.0016105271134030374,0.0019680996476965085,0.0019680996476965085,Integra,CANASTA_PODADA
2024-12-04,2024-11-29,51.6468442,51.8278199,51.778659296688716,0.003504099869087618,0.0025522391296217695,-0.00094853697118924,0.00094853697118924,Integra,CANASTA_PODADA
2024-12-05,2024-11-29,51.6468442,51.6872495,51.81882965929138,0.0007823382169012127,0.003330028425848841,0.0025456986116350055,0.0025456986116350055,Integra,CANASTA_PODADA
2024-12-06,2024-11-29,51.6468442,51.5829201,51.721064081201355,-0.0012377155078914237,0.0014370651750559293,0.0026780954031595527,0.0026780954031595527,Integra,CANASTA_PODADA
2024-12-09,2024-12-04,51.8278199,51.7321862,51.96720144160013,-0.001845219424327027,0.0026893190157151192,0.004542921126347688,0.004542921126347688,Integra,CANASTA_PODADA
2024-12-10,2024-12-05,51.6872495,51.4964831,51.68076147526241,-0.0036907825787867443,-0.00012552466614790259,0.0035784652498416225,0.0035784652498416225,Integra,CANASTA_PODADA
2024-12-11,2024-12-06,51.5829201,51.991879,51.83756805956616,0.007928184352634204,0.004936672043236223,-0.0029679816040855123,0.0029679816040855123,Integra,CANASTA_PODADA
2024-12-12,2024-12-06,51.5829201,51.8957417,51.685515748705,0.0060644414739132735,0.00198894611832956,-0.0040509287353532875,0.0040509287353532875,Integra,CANASTA_PODADA
2024-12-13,2024-12-06,51.5829201,51.753188,51.5440354924003,0.0033008581071003462,-0.0007538271878427816,-0.0040413453872581995,0.0040413453872581995,Integra,CANASTA_PODADA
2024-12-16,2024-12-11,51.991879,52.0538684,51.61799784883524,0.0011922900497596256,-0.007191145201056459,-0.008373451667710419,0.008373451667710419,Integra,CANASTA_PODADA
2024-12-17,2024-12-12,51.8957417,51.8141661,51.61507835135279,-0.0015719131729838853,-0.005408215384408055,-0.0038423420394911867,0.0038423420394911867,Integra,CANASTA_PODADA
2024-12-18,2024-12-13,51.753188,51.0707931,51.27881237946502,-0.013185562597612277,-0.009166113989634406,0.004073155454188848,0.004073155454188848,Integra,CANASTA_PODADA
2024-12-19,2024-12-13,51.753188,50.8068611,51.237338152445176,-0.018285383694623847,-0.009967498959770893,0.00847281337845085,0.00847281337845085,Integra,CANASTA_PODADA
2024-12-20,2024-12-13,51.753188,51.03468480000001,51.329540422844396,-0.01388326454401212,-0.008185922327250794,0.005777553520706524,0.005777553520706524,Integra,CANASTA_PODADA
2024-12-23,2024-12-18,51.0707931,51.1777676,51.17036354064074,0.002094631657482582,0.0019496552647180199,-0.00014467335537438064,0.00014467335537438064,Integra,CANASTA_PODADA
2024-12-24,2024-12-19,50.8068611,51.4192908,51.04099859624392,0.012054074720234897,0.0046083834185914885,-0.007357009361087519,0.007357009361087519,Integra,CANASTA_PODADA
2024-12-26,2024-12-20,51.03468480000001,51.4548082,51.21186417539968,0.008232115112426275,0.003471744287125933,-0.0047215028701694806,0.0047215028701694806,Integra,CANASTA_PODADA
2024-12-27,2024-12-20,51.03468480000001,51.4272928,51.07888364631684,0.007692964138773073,0.0008660550464854033,-0.0067747908690841685,0.0067747908690841685,Integra,CANASTA_PODADA
2024-12-30,2024-12-24,51.4192908,51.2274031,51.11768134420103,-0.003731823154589309,-0.0058656868094915104,-0.0021418566852741128,0.0021418566852741128,Integra,CANASTA_PODADA
2024-12-31,2024-12-26,51.4548082,51.115465400000005,51.15590686697594,-0.006594967737145296,-0.0058090068446521315,0.0007911786904308826,0.0007911786904308826,Integra,CANASTA_PODADA
2025-01-02,2024-12-27,51.4272928,51.1016086,51.32670329094388,-0.006332905783444143,-0.0019559557499421176,0.004404845505076471,0.004404845505076471,Integra,CANASTA_PODADA
2025-01-03,2024-12-27,51.4272928,51.3226601,51.38284465774619,-0.002034575306285591,-0.0008642909209057859,0.0011726702713561465,0.0011726702713561465,Integra,CANASTA_PODADA
2025-01-06,2024-12-31,51.115465400000005,51.6800062,51.35597300169252,0.011044422575090085,0.0047051826645896355,-0.006269991475107095,0.006269991475107095,Integra,CANASTA_PODADA
2025-01-07,2025-01-02,51.1016086,51.6088452,51.17453173277638,0.009926039784195817,0.001427022255741317,-0.008415485088661079,0.008415485088661079,Integra,CANASTA_PODADA
2025-01-08,2025-01-03,51.3226601,51.6698735,51.44199181352114,0.006765304045493137,0.002325127210643929,-0.004410339546870756,0.004410339546870756,Integra,CANASTA_PODADA
2025-01-09,2025-01-03,51.3226601,51.5809154,51.463828385629895,0.005031993655371769,0.0027506034440700766,-0.002269967747995927,0.002269967747995927,Integra,CANASTA_PODADA
2025-01-10,2025-01-03,51.3226601,51.2462699,51.343437681398115,-0.0014884302538323846,0.0004048422540381402,0.0018960947126049899,0.0018960947126049899,Integra,CANASTA_PODADA
2025-01-13,2025-01-08,51.6698735,51.148766,51.531696690694865,-0.010085325639514031,-0.002674223874481463,0.007486606630839665,0.007486606630839665,Integra,CANASTA_PODADA
2025-01-14,2025-01-09,51.5809154,51.2653385,51.54408422839509,-0.006118094212806513,-0.0007140464902433141,0.005437313720167758,0.005437313720167758,Integra,CANASTA_PODADA
2025-01-15,2025-01-10,51.2462699,51.5609657,51.51932272023034,0.006140852799902952,0.005328247709797562,-0.0008076454582318648,0.0008076454582318648,Integra,CANASTA_PODADA
2025-01-16,2025-01-10,51.2462699,51.4580801,51.50174871356626,0.004133182774342714,0.004985315303236426,0.000848625006634407,0.000848625006634407,Integra,CANASTA_PODADA
2025-01-17,2025-01-10,51.2462699,51.5672043,51.50134116152966,0.0062625904407531685,0.0049773624895508295,-0.0012772291878996311,0.0012772291878996311,Integra,CANASTA_PODADA
2025-01-20,2025-01-15,51.5609657,51.5129615,51.549353610519525,-0.0009310182489462582,-0.00022521086102300636,0.0007064651198420702,0.0007064651198420702,Integra,CANASTA_PODADA
2025-01-21,2025-01-16,51.4580801,51.7082639,51.58546372861835,0.004861895343040601,0.002475483507561993,-0.0023748654880221265,0.0023748654880221265,Integra,CANASTA_PODADA
2025-01-22,2025-01-17,51.5672043,51.6992519,51.62359292814013,0.0025606895272389796,0.0010934978714780552,-0.0014634442294487737,0.0014634442294487737,Integra,CANASTA_PODADA
2025-01-23,2025-01-17,51.5672043,51.6685423,51.644872213369524,0.001965163738767872,0.0015061493913395285,-0.00045811407825369077,0.00045811407825369077,Integra,CANASTA_PODADA
2025-01-24,2025-01-17,51.5672043,51.5684706,51.63530352413014,2.455630506226214e-05,0.0013205917414866875,0.0012960036113645046,0.0012960036113645046,Integra,CANASTA_PODADA
2025-01-27,2025-01-22,51.6992519,51.0025797,51.514111518447734,-0.013475479323135087,-0.0035811036861882473,0.010029528338695748,0.010029528338695748,Integra,CANASTA_PODADA
2025-01-28,2025-01-23,51.6685423,51.044353,51.45734507504779,-0.012080644667229135,-0.0040875398366369,0.00809084748410438,0.00809084748410438,Integra,CANASTA_PODADA
2025-01-29,2025-01-24,51.5684706,50.92265,51.43765075056921,-0.012523555430011157,-0.002536818484409009,0.010113392578139813,0.010113392578139813,Integra,CANASTA_PODADA
2025-01-30,2025-01-24,51.5684706,51.2344483,51.608482375439095,-0.006477258218319126,0.0007758961042194645,0.007300441165072558,0.007300441165072558,Integra,CANASTA_PODADA
2025-01-31,2025-01-24,51.5684706,51.1192994,51.45334362677026,-0.00871019044726129,-0.0022325070317237294,0.00653460103504977,0.00653460103504977,Integra,CANASTA_PODADA
2025-02-03,2025-01-29,50.92265,50.7826682,50.876026174556706,-0.0027489103571788354,-0.0009155812873700153,0.001838382618830181,0.001838382618830181,Integra,CANASTA_PODADA
2025-02-04,2025-01-30,51.2344483,51.0525588,51.251375000410675,-0.003550140697035631,0.0003303773334606408,0.003894343497836017,0.003894343497836017,Integra,CANASTA_PODADA
2025-02-05,2025-01-31,51.1192994,51.3491771,51.40200104736611,0.004496886747238804,0.005530233212979185,0.001028720426487828,0.001028720426487828,Integra,CANASTA_PODADA
2025-02-06,2025-01-31,51.1192994,51.4323607,51.55213769811161,0.006124131270859978,0.008467218901509588,0.002328825596986661,0.002328825596986661,Integra,CANASTA_PODADA
2025-02-07,2025-01-31,51.1192994,51.2193459,51.49145417334659,0.001957117980376566,0.007280122726928129,0.005312607347189635,0.005312607347189635,Integra,CANASTA_PODADA
2025-02-10,2025-02-05,51.3491771,51.32531800000001,51.617109867435104,-0.0004646442523027483,0.005217859030405059,0.005685144852586976,0.005685144852586976,Integra,CANASTA_PODADA
2025-02-11,2025-02-06,51.4323607,51.2181138,51.330432953305085,-0.004165605021509311,-0.0019817823896796094,0.0021929576271331186,0.0021929576271331186,Integra,CANASTA_PODADA
2025-02-12,2025-02-07,51.2193459,51.178119800000005,51.258103539383164,-0.0008048931370674417,0.0007566992256955452,0.0015628502902358399,0.0015628502902358399,Integra,CANASTA_PODADA
2025-02-13,2025-02-07,51.2193459,51.3996249,51.41719061095031,0.003519744284746773,0.0038626949929538856,0.00034174784318907747,0.00034174784318907747,Integra,CANASTA_PODADA
2025-02-14,2025-02-07,51.2193459,51.358396,51.46622574728697,0.0027147964808351688,0.004820050763025607,0.0020995544192417004,0.0020995544192417004,Integra,CANASTA_PODADA
2025-02-17,2025-02-12,51.178119800000005,51.3563518,51.37969159022295,0.003482582023265124,0.0039386321930283685,0.0004544674495929879,0.0004544674495929879,Integra,CANASTA_PODADA
2025-02-18,2025-02-13,51.3996249,51.3460906,51.394553156437794,-0.0010415309470478418,-9.867277382025197e-05,0.0009438412130600149,0.0009438412130600149,Integra,CANASTA_PODADA
2025-02-19,2025-02-14,51.358396,51.3191369,51.22935297892531,-0.0007644144493921257,-0.002512598350514872,-0.0017495212604536903,0.0017495212604536903,Integra,CANASTA_PODADA
2025-02-20,2025-02-14,51.358396,51.0298121,51.31458222739187,-0.006397861412961503,-0.0008530985392949386,0.005580465921250388,0.005580465921250388,Integra,CANASTA_PODADA
2025-02-21,2025-02-14,51.358396,50.5375241,51.01943704910314,-0.015983207497368146,-0.00659987416462271,0.009535745125732076,0.009535745125732076,Integra,CANASTA_PODADA
2025-02-24,2025-02-19,51.3191369,50.2335452,51.04366481427125,-0.02115374040906748,-0.005367823824970475,0.016127064316202144,0.016127064316202144,Integra,CANASTA_PODADA
2025-02-25,2025-02-20,51.0298121,49.834154,50.639616688121336,-0.023430580102018483,-0.007646420706273083,0.01616286469157946,0.01616286469157946,Integra,CANASTA_PODADA
2025-02-26,2025-02-21,50.5375241,49.928489600000006,50.54214661771164,-0.012051134495526084,9.146703947138235e-05,0.012290718638354958,0.012290718638354958,Integra,CANASTA_PODADA
2025-02-27,2025-02-21,50.5375241,49.3546311,50.33633858605624,-0.023406231727129634,-0.0039809135395249,0.01989088894347435,0.01989088894347435,Integra,CANASTA_PODADA
2025-02-28,2025-02-21,50.5375241,49.714312,50.44101804597272,-0.01628912604367172,-0.0019095920456316806,0.0146176426211575,0.0146176426211575,Integra,CANASTA_PODADA
2025-03-03,2025-02-26,49.928489600000006,49.4006253,49.658356122328605,-0.010572406740699924,-0.005410407561605934,0.0052171570858357,0.0052171570858357,Integra,CANASTA_PODADA
2025-03-04,2025-02-27,49.3546311,48.928896400000006,49.19126553635551,-0.00862603347469848,-0.003310035147734869,0.005362253303458964,0.005362253303458964,Integra,CANASTA_PODADA
2025-03-05,2025-02-28,49.714312,49.1951659,49.75634492091969,-0.010442588444148693,0.0008454893415741349,0.011407198464589152,0.011407198464589152,Integra,CANASTA_PODADA
2025-03-06,2025-02-28,49.714312,48.8962126,49.71861118763073,-0.016456013712912276,8.64778663884902e-05,0.016819269712327944,0.016819269712327944,Integra,CANASTA_PODADA
2025-03-07,2025-02-28,49.714312,48.958922,49.75504196215915,-0.015194618402845417,0.0008192804148461352,0.01626097817593175,0.01626097817593175,Integra,CANASTA_PODADA
2025-03-10,2025-03-05,49.1951659,48.3806362,48.87149223855517,-0.016557108510533602,-0.006579379406967845,0.010145712770829096,0.010145712770829096,Integra,CANASTA_PODADA
2025-03-11,2025-03-06,48.8962126,48.3234152,48.62828511084078,-0.01171455557684642,-0.005479514156873977,0.006308947941261689,0.006308947941261689,Integra,CANASTA_PODADA
2025-03-12,2025-03-07,48.958922,48.4676307,48.836891230828655,-0.010034765471347629,-0.002492513400751406,0.007618703978213182,0.007618703978213182,Integra,CANASTA_PODADA
2025-03-13,2025-03-07,48.958922,48.4659224,48.881828610406515,-0.01006965798797621,-0.0015746545561906578,0.008581415349406818,0.008581415349406818,Integra,CANASTA_PODADA
2025-03-14,2025-03-07,48.958922,48.8896707,49.21460555434675,-0.0014144776308595564,0.005222409806056261,0.006646288463275418,0.006646288463275418,Integra,CANASTA_PODADA
2025-03-17,2025-03-12,48.4676307,49.0740103,49.029668312433195,0.012511022124297888,0.011596143742037546,-0.0009035737510696418,0.0009035737510696418,Integra,CANASTA_PODADA
2025-03-18,2025-03-13,48.4659224,49.045239,48.984221817955245,0.011953070762148688,0.010694099942586632,-0.0012441000041769623,0.0012441000041769623,Integra,CANASTA_PODADA
2025-03-19,2025-03-14,48.8896707,49.2018229,49.192190149971424,0.006384829260058789,0.006187798887576035,-0.00019578034838585445,0.00019578034838585445,Integra,CANASTA_PODADA
2025-03-20,2025-03-14,48.8896707,49.2074983,49.192666151598154,0.006500915130933649,0.006197535128788401,-0.0003014204931007791,0.0003014204931007791,Integra,CANASTA_PODADA
2025-03-21,2025-03-14,48.8896707,49.4014696,49.19261186272742,0.010468446456523006,0.006196424692372027,-0.0042277636467839,0.0042277636467839,Integra,CANASTA_PODADA
2025-03-24,2025-03-19,49.2018229,49.812396500000006,49.289842815129035,0.012409572735566421,0.001788956382935858,-0.010490434542152038,0.010490434542152038,Integra,CANASTA_PODADA
2025-03-25,2025-03-20,49.2074983,49.986153400000006,49.435371245898665,0.015823911535856494,0.004630858177536501,-0.01101869451113513,0.01101869451113513,Integra,CANASTA_PODADA
2025-03-26,2025-03-21,49.4014696,49.6704655,49.474878310082836,0.005445099147414867,0.0014859620711129562,-0.003937695931542362,0.003937695931542362,Integra,CANASTA_PODADA
2025-03-27,2025-03-21,49.4014696,49.7382488,49.485252016785125,0.0068171899080509135,0.0016959498869872913,-0.005086563948646261,0.005086563948646261,Integra,CANASTA_PODADA
2025-03-28,2025-03-21,49.4014696,49.4303458,49.25475632691626,0.0005845210726280747,-0.002969815964417033,-0.0035522606658304756,0.0035522606658304756,Integra,CANASTA_PODADA
2025-03-31,2025-03-26,49.6704655,49.5870103,49.37784730169292,-0.0016801775292401011,-0.005891190979619099,-0.004218100608237019,0.004218100608237019,Integra,CANASTA_PODADA
2025-04-01,2025-03-27,49.7382488,49.66307400000001,49.54106308796724,-0.00151140825850693,-0.003964468327496973,-0.0024567732563789413,0.0024567732563789413,Integra,CANASTA_PODADA
2025-04-02,2025-03-28,49.4303458,49.635450600000006,49.56504505325422,0.00414937012235117,0.0027250315787639146,-0.0014184528576797195,0.0014184528576797195,Integra,CANASTA_PODADA
2025-04-03,2025-03-28,49.4303458,48.484396100000005,49.0523989163474,-0.019137023718737378,-0.007646049760238527,0.011715167394802162,0.011715167394802162,Integra,CANASTA_PODADA
2025-04-04,2025-03-28,49.4303458,47.0069087,48.0785508227607,-0.049027314310230885,-0.027347471585750016,0.022797545135332387,0.022797545135332387,Integra,CANASTA_PODADA
2025-04-07,2025-04-02,49.635450600000006,46.7087364,47.88911707582204,-0.05896419121054597,-0.03518319070478959,0.025271089881635955,0.025271089881635955,Integra,CANASTA_PODADA
2025-04-08,2025-04-03,48.484396100000005,46.7818064,47.09629049190415,-0.035116240212384575,-0.028629945296892223,0.0067223588848879245,0.0067223588848879245,Integra,CANASTA_PODADA
2025-04-09,2025-04-04,47.0069087,47.8661733,47.64184278658921,0.018279538556425168,0.013507250405283777,-0.0046866189198958574,0.0046866189198958574,Integra,CANASTA_PODADA
2025-04-10,2025-04-04,47.0069087,47.5037014,47.40763363220364,0.01056850394418718,0.008524809294758962,-0.0020223217342040245,0.0020223217342040245,Integra,CANASTA_PODADA
2025-04-11,2025-04-04,47.0069087,47.9518567,47.72099998522755,0.02010232168277004,0.015191198591358424,-0.004814343607521865,0.004814343607521865,Integra,CANASTA_PODADA
2025-04-14,2025-04-09,47.8661733,48.2878559,48.218537456084746,0.008809615871256504,0.007361444038492815,-0.0014355254053690647,0.0014355254053690647,Integra,CANASTA_PODADA
2025-04-15,2025-04-10,47.5037014,48.4185568,48.07591999685926,0.019258612971998934,0.01204576864528839,-0.007076559604121346,0.007076559604121346,Integra,CANASTA_PODADA
2025-04-16,2025-04-11,47.9518567,47.9767606,48.155781759486004,0.0005193521526352107,0.004252704139525054,0.0037314140689608255,0.0037314140689608255,Integra,CANASTA_PODADA
2025-04-17,2025-04-11,47.9518567,47.8773884,48.13527516725225,-0.0015529805334940638,0.0038250545416784743,0.005386400049595341,0.005386400049595341,Integra,CANASTA_PODADA
2025-04-18,2025-04-11,47.9518567,47.8825576,48.1324984607994,-0.001445180745211938,0.003767148411573329,0.005219872816472071,0.005219872816472071,Integra,CANASTA_PODADA
2025-04-21,2025-04-16,47.9767606,47.6398028,47.89577529107111,-0.007023354553037486,-0.001688011193671346,0.005373080408114461,0.005373080408114461,Integra,CANASTA_PODADA
2025-04-22,2025-04-17,47.8773884,47.9773281,48.01879785005581,0.0020874091787346227,0.0029535748456950284,0.0008643613910590542,0.0008643613910590542,Integra,CANASTA_PODADA
2025-04-23,2025-04-18,47.8825576,48.1800158,48.1783769398221,0.006212245437783315,0.00617801877446289,-3.401535160763025e-05,3.401535160763025e-05,Integra,CANASTA_PODADA
2025-04-24,2025-04-18,47.8825576,48.5515188,48.408710489577366,0.013970874438002046,0.01098840404417678,-0.002941376788044625,0.002941376788044625,Integra,CANASTA_PODADA
2025-04-25,2025-04-18,47.8825576,48.5996734,48.44746043638261,0.014976555888902787,0.01179767465851933,-0.003131975031284595,0.003131975031284595,Integra,CANASTA_PODADA
2025-04-28,2025-04-23,48.1800158,48.6507722,48.473371943325255,0.009770781353708013,0.006088751496948541,-0.0036464016633788177,0.0036464016633788177,Integra,CANASTA_PODADA
2025-04-29,2025-04-24,48.5515188,48.6228332,48.682335506093835,0.0014688397348345816,0.0026943895747673086,0.0012237523438645148,0.0012237523438645148,Integra,CANASTA_PODADA
2025-04-30,2025-04-25,48.5996734,48.6525297,48.59463032417113,0.0010875854980541,-0.00010376768969955208,-0.0011900588969554482,0.0011900588969554482,Integra,CANASTA_PODADA
2025-05-01,2025-04-25,48.5996734,48.520621600000005,48.52833926945775,-0.0016265911778738928,-0.001467790327624896,0.0001590595751508328,0.0001590595751508328,Integra,CANASTA_PODADA
2025-05-02,2025-04-25,48.5996734,48.9231507,48.735108659573626,0.006655956251755413,0.0027867524635181162,-0.0038436208162361263,0.0038436208162361263,Integra,CANASTA_PODADA
2025-05-05,2025-04-30,48.6525297,49.087768800000006,48.815303964396456,0.008945867824011744,0.003345648528455758,-0.0055505646776015105,0.0055505646776015105,Integra,CANASTA_PODADA
2025-05-06,2025-05-01,48.520621600000005,49.0195868,48.84925759700798,0.010283569821372573,0.006773120091436935,-0.003474717232663904,0.003474717232663904,Integra,CANASTA_PODADA
2025-05-07,2025-05-02,48.9231507,48.856504400000006,48.96453845542534,-0.001362265084043246,0.0008459748571618686,0.002211252252941387,0.002211252252941387,Integra,CANASTA_PODADA
2025-05-08,2025-05-02,48.9231507,48.9122837,49.019815423808296,-0.00022212387886944018,0.0019758482931946375,0.0021984605026383885,0.0021984605026383885,Integra,CANASTA_PODADA
2025-05-09,2025-05-02,48.9231507,49.1554075,49.08042534531206,0.004747380262244638,0.0032147284682557675,-0.0015254100922252878,0.0015254100922252878,Integra,CANASTA_PODADA
2025-05-12,2025-05-07,48.856504400000006,49.647589,49.06863107283289,0.016192001652905796,0.00434183074368466,-0.011661350305794516,0.011661350305794516,Integra,CANASTA_PODADA
2025-05-13,2025-05-08,48.9122837,49.9952102,49.19164028417289,0.0221401745754104,0.005711378881556595,-0.016072938039714657,0.016072938039714657,Integra,CANASTA_PODADA
2025-05-14,2025-05-09,49.1554075,49.73710020000001,49.35834946719105,0.011833747894369528,0.004128578675520966,-0.007615054582714942,0.007615054582714942,Integra,CANASTA_PODADA
2025-05-15,2025-05-09,49.1554075,49.8780494,49.403708858380625,0.014701167923386604,0.0050513538796443935,-0.009510005850777659,0.009510005850777659,Integra,CANASTA_PODADA
2025-05-16,2025-05-09,49.1554075,49.9868731,49.327238299624845,0.016915038289530893,0.0034956642282915062,-0.013196160501088627,0.013196160501088627,Integra,CANASTA_PODADA
2025-05-19,2025-05-14,49.73710020000001,49.977632400000005,49.82568467960509,0.004836072047481377,0.001781054368848789,-0.003040314498669927,0.003040314498669927,Integra,CANASTA_PODADA
2025-05-20,2025-05-15,49.8780494,50.0505052,49.9771009620521,0.003457549003510252,0.0019858748135426207,-0.0014666033370609455,0.0014666033370609455,Integra,CANASTA_PODADA
2025-05-21,2025-05-16,49.9868731,49.8184314,50.10268286041602,-0.003369718679202549,0.002316803457266481,0.005705748905133534,0.005705748905133534,Integra,CANASTA_PODADA
2025-05-22,2025-05-16,49.9868731,49.4560206,50.13168336644795,-0.010619838111057933,0.002896965892590586,0.013661891075157584,0.013661891075157584,Integra,CANASTA_PODADA
2025-05-23,2025-05-16,49.9868731,49.5533445,50.28229228694074,-0.008672848952418155,0.005909935321414261,0.014710365047928109,0.014710365047928109,Integra,CANASTA_PODADA
2025-05-26,2025-05-21,49.8184314,49.5529068,50.00996246430146,-0.0053298466559105195,0.0038445823948896063,0.009223589367747476,0.009223589367747476,Integra,CANASTA_PODADA
2025-05-27,2025-05-22,49.4560206,49.6748298,49.72586673902492,0.004424318765347657,0.005456284912355391,0.0010274205111604484,0.0010274205111604484,Integra,CANASTA_PODADA
2025-05-28,2025-05-23,49.5533445,49.5906695,49.608909500186,0.0007532286746052552,0.0011213168504902171,0.0003678111299949549,0.0003678111299949549,Integra,CANASTA_PODADA
2025-05-29,2025-05-23,49.5533445,49.5099338,49.63651997108281,-0.0008760397595363179,0.0016785036796620467,0.0025567832830108994,0.0025567832830108994,Integra,CANASTA_PODADA
2025-05-30,2025-05-23,49.5533445,49.35813640000001,49.63689358228956,-0.003939352670736418,0.0016860432556586868,0.005647643987821915,0.005647643987821915,Integra,CANASTA_PODADA
2025-06-02,2025-05-28,49.5906695,49.8066825,49.8236979035632,0.004355920220032505,0.004699037256659766,0.0003416289282707208,0.0003416289282707208,Integra,CANASTA_PODADA
2025-06-03,2025-05-29,49.5099338,50.0722731,49.804185737211206,0.011358110521246578,0.005943290863604567,-0.005354008240316732,0.005354008240316732,Integra,CANASTA_PODADA
2025-06-04,2025-05-30,49.35813640000001,50.0370773,49.686188090849434,0.013755399808814461,0.0066463548824227114,-0.007012584029374658,0.007012584029374658,Integra,CANASTA_PODADA
2025-06-05,2025-05-30,49.35813640000001,50.410588100000005,49.80267373866027,0.0213227600708199,0.009006363916532756,-0.0120592594582275,0.0120592594582275,Integra,CANASTA_PODADA
2025-06-06,2025-05-30,49.35813640000001,50.7925102,49.8436552535933,0.029060533979155645,0.009836652860201855,-0.01868100124743799,0.01868100124743799,Integra,CANASTA_PODADA
2025-06-09,2025-06-04,50.0370773,50.765579900000006,50.20347734002082,0.014559255642215607,0.0033255347634146837,-0.011072513326676026,0.011072513326676026,Integra,CANASTA_PODADA
2025-06-10,2025-06-05,50.410588100000005,50.8537231,50.44582719534225,0.00879051438798828,0.0006990415440568665,-0.008020964440610623,0.008020964440610623,Integra,CANASTA_PODADA
2025-06-11,2025-06-06,50.7925102,50.7770157,50.8127674503367,-0.00030505481888942754,0.0003988235717615751,0.0007040931776678416,0.0007040931776678416,Integra,CANASTA_PODADA
2025-06-12,2025-06-06,50.7925102,50.7544852,50.845632500746824,-0.0007486339984040802,0.0010458687813941214,0.0017958472120771507,0.0017958472120771507,Integra,CANASTA_PODADA
2025-06-13,2025-06-06,50.7925102,50.548053200000005,50.74458579469855,-0.004812855262270488,-0.0009435329168167028,0.003888034894656389,0.003888034894656389,Integra,CANASTA_PODADA
2025-06-16,2025-06-11,50.7770157,50.7445741,50.8175237384902,-0.0006389032429883201,0.0007977632779667676,0.0014375849986727474,0.0014375849986727474,Integra,CANASTA_PODADA
2025-06-17,2025-06-12,50.7544852,50.5689551,50.69657291303228,-0.0036554424553596476,-0.0011410279651052901,0.0025236395092584907,0.0025236395092584907,Integra,CANASTA_PODADA
2025-06-18,2025-06-13,50.548053200000005,50.3053994,50.568449762714174,-0.0048004578740137305,0.00040350837318037236,0.005229068168658202,0.005229068168658202,Integra,CANASTA_PODADA
2025-06-19,2025-06-13,50.548053200000005,50.3708457,50.572445658811986,-0.003505723539912853,0.00048255980730793624,0.004002314354868863,0.004002314354868863,Integra,CANASTA_PODADA
2025-06-20,2025-06-13,50.548053200000005,50.2377153,50.48958146173258,-0.006139462953639652,-0.0011567554943426872,0.0050134875805663,0.0050134875805663,Integra,CANASTA_PODADA
2025-06-23,2025-06-18,50.3053994,50.341805400000005,50.25959853464874,0.0007236996512149929,-0.0009104562511685899,-0.0016329741195826308,0.0016329741195826308,Integra,CANASTA_PODADA
2025-06-24,2025-06-19,50.3708457,50.5565517,50.441025806398756,0.0036867755031557703,0.0013932683762496456,-0.0022850825405729136,0.0022850825405729136,Integra,CANASTA_PODADA
2025-06-25,2025-06-20,50.2377153,50.5815173,50.4258343798562,0.006843503888402491,0.003744578724028891,-0.0030778618051421347,0.0030778618051421347,Integra,CANASTA_PODADA
2025-06-26,2025-06-20,50.2377153,50.8888206,50.77955537698639,0.01296048787473425,0.010785523858932056,-0.0021471360846121446,0.0021471360846121446,Integra,CANASTA_PODADA
2025-06-27,2025-06-20,50.2377153,50.8805402,50.75932397021866,0.012795663500246857,0.010382810346844407,-0.0023823691593065632,0.0023823691593065632,Integra,CANASTA_PODADA
2025-06-30,2025-06-25,50.5815173,50.979591600000006,50.94714833014015,0.007869955692294095,0.00722855006447487,-0.0006363972099739934,0.0006363972099739934,Integra,CANASTA_PODADA
2025-07-01,2025-06-26,50.8888206,51.1249993,50.93359267874665,0.004641072385159539,0.0008798018546856134,-0.003743894843502682,0.003743894843502682,Integra,CANASTA_PODADA
2025-07-02,2025-06-27,50.8805402,51.2464617,51.15091310281551,0.007191777024411428,0.005313876420193875,-0.001864491596392237,0.001864491596392237,Integra,CANASTA_PODADA
2025-07-03,2025-06-27,50.8805402,51.4038921,51.262282785513975,0.01028589511712763,0.0075027227308011035,-0.002754836427765861,0.002754836427765861,Integra,CANASTA_PODADA
2025-07-04,2025-06-27,50.8805402,51.4340239,51.25432938098147,0.010878101879901125,0.007346407477440087,-0.0034936896900755743,0.0034936896900755743,Integra,CANASTA_PODADA
2025-07-07,2025-07-02,51.2464617,51.418360400000005,51.24312041249101,0.0033543525601107405,-6.520035526647039e-05,-0.003408120876390197,0.003408120876390197,Integra,CANASTA_PODADA
2025-07-08,2025-07-03,51.4038921,51.3327802,51.228954232561385,-0.001383395246835728,-0.0034032027593998704,-0.002022605575503489,0.002022605575503489,Integra,CANASTA_PODADA
2025-07-09,2025-07-04,51.4340239,51.4646041,51.2426920399736,0.0005945519654355635,-0.0037199473328860533,-0.004311935628518837,0.004311935628518837,Integra,CANASTA_PODADA
2025-07-10,2025-07-04,51.4340239,51.458222500000005,51.306991825944074,0.00047047845307712777,-0.0024698062570975843,-0.0029389020200986105,0.0029389020200986105,Integra,CANASTA_PODADA
2025-07-11,2025-07-04,51.4340239,51.5355536,51.26665675459927,0.0019739793292743446,-0.003254016168871665,-0.00521769587434362,0.00521769587434362,Integra,CANASTA_PODADA
2025-07-14,2025-07-09,51.4646041,51.6463943,51.46560255016358,0.003532334566234363,1.9400715910222743e-05,-0.00350056867060744,0.00350056867060744,Integra,CANASTA_PODADA
2025-07-15,2025-07-10,51.458222500000005,51.5387465,51.25914425605446,0.0015648422368261805,-0.003868735340509355,-0.005425088170228243,0.005425088170228243,Integra,CANASTA_PODADA
2025-07-16,2025-07-11,51.5355536,51.4040843,51.37505763044583,-0.0025510408022472175,-0.0031142766176508463,-0.0005646763277556976,0.0005646763277556976,Integra,CANASTA_PODADA
2025-07-17,2025-07-11,51.5355536,51.7511546,51.430172288665226,0.004183539031586081,-0.0020448273856278343,-0.006202418357923456,0.006202418357923456,Integra,CANASTA_PODADA
2025-07-18,2025-07-11,51.5355536,51.726916,51.45013666399086,0.0037132113004021416,-0.0016574370515569647,-0.0053507797760288245,0.0053507797760288245,Integra,CANASTA_PODADA
2025-07-21,2025-07-16,51.4040843,51.9355601,51.601058418299225,0.010339174546875274,0.0038318768047624907,-0.006440706156951026,0.006440706156951026,Integra,CANASTA_PODADA
2025-07-22,2025-07-17,51.7511546,52.0309667,52.029553811038,0.005406876468027733,0.005379574874992299,-2.715477054548998e-05,2.715477054548998e-05,Integra,CANASTA_PODADA
2025-07-23,2025-07-18,51.726916,52.3378722,52.171787935303755,0.011811185495767651,0.008600395494364088,-0.003173309454797546,0.003173309454797546,Integra,CANASTA_PODADA
2025-07-24,2025-07-18,51.726916,52.2419079,52.10052011893122,0.009955975337868628,0.007222625043627584,-0.0027064053889345185,0.0027064053889345185,Integra,CANASTA_PODADA
2025-07-25,2025-07-18,51.726916,52.1790181,52.05536746541746,0.008740171171233158,0.0063497206254758964,-0.0023697386245475904,0.0023697386245475904,Integra,CANASTA_PODADA
2025-07-28,2025-07-23,52.3378722,52.0535192,52.1474762158456,-0.0054330256093216844,-0.003637824316335081,0.0018050079473896918,0.0018050079473896918,Integra,CANASTA_PODADA
2025-07-29,2025-07-24,52.2419079,52.12498110000001,52.11812093367708,-0.0022381801258830603,-0.0023694955122975925,-0.00013160995319616564,0.00013160995319616564,Integra,CANASTA_PODADA
2025-07-30,2025-07-25,52.1790181,52.1108045,51.87544271052077,-0.0013072994181161368,-0.00581795902899962,-0.004516564112519661,0.004516564112519661,Integra,CANASTA_PODADA
2025-07-31,2025-07-25,52.1790181,52.2072986,51.893885386865286,0.0005419898846275029,-0.005464508983060279,-0.006003245169531102,0.006003245169531102,Integra,CANASTA_PODADA
2025-08-01,2025-07-25,52.1790181,51.8232065,51.78783847378054,-0.0068190551098162855,-0.007496875956342741,-0.0006824746789734215,0.0006824746789734215,Integra,CANASTA_PODADA
2025-08-04,2025-07-30,52.1108045,52.2185134,52.25528060033845,0.002066920690122931,0.0027724787925400562,0.0007041027778176279,0.0007041027778176279,Integra,CANASTA_PODADA
2025-08-05,2025-07-31,52.2072986,52.1326517,52.37720182415747,-0.0014298173244307044,0.0032543960080988477,0.004690920491916328,0.004690920491916328,Integra,CANASTA_PODADA
2025-08-06,2025-08-01,51.8232065,52.3987508,52.232960036487576,0.011105918349533228,0.00790675768948379,-0.0031640212978594207,0.0031640212978594207,Integra,CANASTA_PODADA
2025-08-07,2025-08-01,51.8232065,52.3773888,52.327143602581955,0.010693709197635348,0.009724159051832437,-0.0009592917586995764,0.0009592917586995764,Integra,CANASTA_PODADA
2025-08-08,2025-08-01,51.8232065,52.3844209,52.5576753221355,0.01082940323270054,0.0141725854446213,0.003307365418169672,0.003307365418169672,Integra,CANASTA_PODADA
2025-08-11,2025-08-06,52.3987508,52.3370765,52.634139637759006,-0.0011770185177772952,0.004492260486465671,0.005675959713932421,0.005675959713932421,Integra,CANASTA_PODADA
2025-08-12,2025-08-07,52.3773888,52.6473766,52.66624117282426,0.005154663227503242,0.005514829575167024,0.0003583193321783362,0.0003583193321783362,Integra,CANASTA_PODADA
2025-08-13,2025-08-08,52.3844209,52.8932546,52.561733274910814,0.009713454711494096,0.0033848302961922982,-0.0062677429777441285,0.0062677429777441285,Integra,CANASTA_PODADA
2025-08-14,2025-08-08,52.3844209,52.9372139,52.52817697489782,0.010552622144191837,0.0027442524404772684,-0.007726831371875131,0.007726831371875131,Integra,CANASTA_PODADA
2025-08-15,2025-08-08,52.3844209,52.7894343,52.566880159976876,0.007731562037750939,0.003483082505105539,-0.00421588416269747,0.00421588416269747,Integra,CANASTA_PODADA
2025-08-18,2025-08-13,52.8932546,52.7305673,52.92387442530367,-0.003075766489135656,0.000578898491598423,0.0036659405578531867,0.0036659405578531867,Integra,CANASTA_PODADA
2025-08-19,2025-08-14,52.9372139,52.209566800000005,52.84470884999208,-0.013745474051100381,-0.001747448405249763,0.012165242673342291,0.012165242673342291,Integra,CANASTA_PODADA
2025-08-20,2025-08-15,52.7894343,52.0385117,52.67227850883005,-0.014224865448122515,-0.00221930378158941,0.012178803507749913,0.012178803507749913,Integra,CANASTA_PODADA
2025-08-21,2025-08-15,52.7894343,52.1506618,52.691679476142646,-0.012100385398522873,-0.0018517876759546192,0.010374128677742789,0.010374128677742789,Integra,CANASTA_PODADA
2025-08-22,2025-08-15,52.7894343,52.5725133,52.987317274720965,-0.004109174551241712,0.003748533723555436,0.007890130197008682,0.007890130197008682,Integra,CANASTA_PODADA
2025-08-25,2025-08-20,52.0385117,52.5744271,52.31815808312197,0.010298438262214882,0.005373835146057271,-0.004874404363752527,0.004874404363752527,Integra,CANASTA_PODADA
2025-08-26,2025-08-21,52.1506618,52.97546750000001,52.500733245965925,0.01581582422027883,0.006712694218693915,-0.008961398104397666,0.008961398104397666,Integra,CANASTA_PODADA
2025-08-27,2025-08-22,52.5725133,52.8866657,52.60918360111594,0.00597560170287692,0.0006975185094668657,-0.005246730819788992,0.005246730819788992,Integra,CANASTA_PODADA
2025-08-28,2025-08-22,52.5725133,53.0868215,52.69790104830465,0.009782834559670883,0.002385043826783395,-0.007326120507993639,0.007326120507993639,Integra,CANASTA_PODADA
2025-08-29,2025-08-22,52.5725133,52.950774300000006,52.759787408676154,0.007195033607038992,0.0035622057406214935,-0.003606876270435433,0.003606876270435433,Integra,CANASTA_PODADA
2025-09-01,2025-08-27,52.8866657,53.1016016,53.03112857889174,0.004064084909781052,0.0027315558086267178,-0.001327135509755717,0.001327135509755717,Integra,CANASTA_PODADA
2025-09-02,2025-08-28,53.0868215,53.1420514,53.270692474879176,0.001040369312749423,0.0034635898266988097,0.002420702089779958,0.002420702089779958,Integra,CANASTA_PODADA
2025-09-03,2025-08-29,52.950774300000006,53.3012465,53.28012513072068,0.006618830501218698,0.00621994361885414,-0.0003962640776012938,0.0003962640776012938,Integra,CANASTA_PODADA
2025-09-04,2025-08-29,52.950774300000006,53.2432257,53.3023048065184,0.005523080707811268,0.006638817112035955,0.0011096079499630651,0.0011096079499630651,Integra,CANASTA_PODADA
2025-09-05,2025-08-29,52.950774300000006,53.4587265,53.414936535206785,0.00959291354498637,0.008765919693204172,-0.0008191359514188035,0.0008191359514188035,Integra,CANASTA_PODADA
2025-09-08,2025-09-03,53.3012465,53.690225,53.47151551076273,0.007297737399068138,0.0031944658322902164,-0.004073543913017175,0.004073543913017175,Integra,CANASTA_PODADA
2025-09-09,2025-09-04,53.2432257,53.52737809999999,53.32135439428956,0.005336874245768897,0.0014673922036536613,-0.0038489407294626243,0.0038489407294626243,Integra,CANASTA_PODADA
2025-09-10,2025-09-05,53.4587265,53.601502200000006,53.48554016599376,0.0026707650807957783,0.0005015769687997107,-0.002163410151707401,0.002163410151707401,Integra,CANASTA_PODADA
2025-09-11,2025-09-05,53.4587265,54.00334230000001,53.70246285296319,0.010187593974952058,0.0045593370609602335,-0.005571496767095896,0.005571496767095896,Integra,CANASTA_PODADA
2025-09-12,2025-09-05,53.4587265,54.0941573,53.75782259528389,0.011886381169218474,0.00559489750067077,-0.0062175791527878665,0.0062175791527878665,Integra,CANASTA_PODADA
2025-09-15,2025-09-10,53.601502200000006,54.3619144,54.005743325118026,0.014186397186457977,0.007541600673983018,-0.006551849374936247,0.006551849374936247,Integra,CANASTA_PODADA
2025-09-16,2025-09-11,54.00334230000001,54.2485966,54.11134749103711,0.004541465204830342,0.0019999723431396443,-0.0025300029413644065,0.0025300029413644065,Integra,CANASTA_PODADA
2025-09-17,2025-09-12,54.0941573,54.2556719,54.13369145807556,0.0029858049013364862,0.0007308397070742156,-0.0022482523513720487,0.0022482523513720487,Integra,CANASTA_PODADA
2025-09-18,2025-09-12,54.0941573,54.2764465,54.05261922006694,0.0033698500743628568,-0.0007678847773281428,-0.004123838135443592,0.004123838135443592,Integra,CANASTA_PODADA
2025-09-19,2025-09-12,54.0941573,54.5786317,54.18764850111097,0.008956131755841312,0.00172830497372356,-0.007163668027409198,0.007163668027409198,Integra,CANASTA_PODADA
2025-09-22,2025-09-17,54.2556719,55.0016129,54.45669391088746,0.013748627081328069,0.003705087483903302,-0.009907327446983638,0.009907327446983638,Integra,CANASTA_PODADA
2025-09-23,2025-09-18,54.2764465,55.02104610000001,54.56523966830403,0.01371865050155785,0.00532078252956425,-0.008284219657829772,0.008284219657829772,Integra,CANASTA_PODADA
2025-09-24,2025-09-19,54.5786317,55.063443500000005,54.90577146581056,0.008882813381340338,0.005993916586416681,-0.002863461203428841,0.002863461203428841,Integra,CANASTA_PODADA
2025-09-25,2025-09-19,54.5786317,54.902643600000005,54.76977939413154,0.005936607238176794,0.003502244159989454,-0.002419996509393285,0.002419996509393285,Integra,CANASTA_PODADA
2025-09-26,2025-09-19,54.5786317,54.92596100000001,54.716013928918805,0.006363833045671674,0.00251714314997753,-0.003822365002975614,0.003822365002975614,Integra,CANASTA_PODADA
2025-09-29,2025-09-24,55.063443500000005,55.2402256,55.13964532392073,0.003210516610716363,0.001383891363799794,-0.0018207796037543744,0.0018207796037543744,Integra,CANASTA_PODADA
2025-09-30,2025-09-25,54.902643600000005,55.2564674,55.25049123883819,0.00644456763462653,0.0063357174815199535,-0.00010815315279844029,0.00010815315279844029,Integra,CANASTA_PODADA
2025-10-01,2025-09-26,54.92596100000001,55.533696600000006,55.35497401096859,0.011064632988396772,0.007810751112184988,-0.0032182728680700823,0.0032182728680700823,Integra,CANASTA_PODADA
2025-10-02,2025-09-26,54.92596100000001,55.582599,55.402142579181714,0.011954966067867057,0.00866951748339373,-0.0032466351711673003,0.0032466351711673003,Integra,CANASTA_PODADA
2025-10-03,2025-09-26,54.92596100000001,55.5278921,55.550683487662056,0.010958954364039153,0.011373901817795184,0.00041044935797329707,0.00041044935797329707,Integra,CANASTA_PODADA
2025-10-06,2025-10-01,55.533696600000006,55.88691800000001,55.81484329090142,0.006360487805164405,0.005062632385639088,-0.0012896525998908892,0.0012896525998908892,Integra,CANASTA_PODADA
2025-10-07,2025-10-02,55.582599,55.68007969999999,55.694160005719915,0.0017537988822722284,0.0020071210725485233,0.000252878691908931,0.000252878691908931,Integra,CANASTA_PODADA
2025-10-08,2025-10-03,55.5278921,56.356336600000006,55.79768475333477,0.014919430013803803,0.004858687105372184,-0.009912848853721234,0.009912848853721234,Integra,CANASTA_PODADA
2025-10-09,2025-10-03,55.5278921,55.9431671,55.698031179508725,0.007478673947358239,0.0030640291405681364,-0.004381874198382207,0.004381874198382207,Integra,CANASTA_PODADA
2025-10-10,2025-10-03,55.5278921,54.8633831,55.299448619843325,-0.011967120934525899,-0.004114031192563039,0.007948206895088905,0.007948206895088905,Integra,CANASTA_PODADA
2025-10-13,2025-10-08,56.356336600000006,55.6522508,56.28426531534675,-0.012493462891269735,-0.0012788497088587203,0.011356495132929245,0.011356495132929245,Integra,CANASTA_PODADA
2025-10-14,2025-10-09,55.9431671,55.7664273,55.94430564019979,-0.0031592741198236407,2.0351729421275166e-05,0.0031897029953682488,0.0031897029953682488,Integra,CANASTA_PODADA
2025-10-15,2025-10-10,54.8633831,55.9276774,55.40174554878587,0.019398991455924275,0.00981278255853435,-0.009403784953425087,0.009403784953425087,Integra,CANASTA_PODADA
2025-10-16,2025-10-10,54.8633831,55.7893382,55.420767702481506,0.016877469956824598,0.01015950112783881,-0.006606468357756912,0.006606468357756912,Integra,CANASTA_PODADA
2025-10-17,2025-10-10,54.8633831,55.3692319,55.232245185641005,0.009220153250082852,0.006723283632886323,-0.0024740584194197224,0.0024740584194197224,Integra,CANASTA_PODADA
2025-10-20,2025-10-15,55.9276774,55.7047063,55.954954954787596,-0.003986775606740989,0.00048772908255245717,0.0044924149395901836,0.0044924149395901836,Integra,CANASTA_PODADA
2025-10-21,2025-10-16,55.7893382,54.9180085,55.42561758111617,-0.015618211796604609,-0.00651953635979563,0.009243035116908382,0.009243035116908382,Integra,CANASTA_PODADA
2025-10-22,2025-10-17,55.3692319,54.6653798,55.08286578809204,-0.012711971538113542,-0.005171935786018378,0.00763711858619609,0.00763711858619609,Integra,CANASTA_PODADA
2025-10-23,2025-10-17,55.3692319,54.9071914,55.25135791895424,-0.008344715722885088,-0.0021288715230626254,0.006268150130772199,0.006268150130772199,Integra,CANASTA_PODADA
2025-10-24,2025-10-17,55.3692319,55.0335821,55.32122057294661,-0.006062027383840318,-0.0008671120296577239,0.0052265991413016355,0.0052265991413016355,Integra,CANASTA_PODADA
2025-10-27,2025-10-22,54.6653798,55.0066441,54.96106798035709,0.006242786590865412,0.005409057459015321,-0.0008285566296328817,0.0008285566296328817,Integra,CANASTA_PODADA
2025-10-28,2025-10-23,54.9071914,55.24885200000001,55.17554556562661,0.006222510955095073,0.004887413812002084,-0.0013268408612978622,0.0013268408612978622,Integra,CANASTA_PODADA
2025-10-29,2025-10-24,55.0335821,55.5320777,55.345681818765506,0.009058025681377702,0.005671077673962799,-0.0033565443425592756,0.0033565443425592756,Integra,CANASTA_PODADA
2025-10-30,2025-10-24,55.0335821,55.2959963,55.29807519454658,0.004768255853728975,0.004806030871586264,3.759575169426377e-05,3.759575169426377e-05,Integra,CANASTA_PODADA
2025-10-31,2025-10-24,55.0335821,55.1718745,55.265079718491585,0.002512872953621681,0.004206479201570801,0.0016893610981367768,0.0016893610981367768,Integra,CANASTA_PODADA
2025-11-03,2025-10-29,55.5320777,55.039318,55.3588391336608,-0.00887342452162565,-0.0031196125467353175,0.00580532508889009,0.00580532508889009,Integra,CANASTA_PODADA
2025-11-04,2025-10-30,55.2959963,54.256365,54.81782342350125,-0.018801203876671946,-0.008647513536142681,0.010348249896602102,0.010348249896602102,Integra,CANASTA_PODADA
2025-11-05,2025-10-31,55.1718745,54.6250536,54.90026215673302,-0.00991122569163383,-0.004923021842714093,0.005038137971420165,0.005038137971420165,Integra,CANASTA_PODADA
2025-11-06,2025-10-31,55.1718745,54.4307521,54.92309576981079,-0.013432974803130882,-0.004509158560295212,0.009045321822969798,0.009045321822969798,Integra,CANASTA_PODADA
2025-11-07,2025-10-31,55.1718745,54.4860059,54.91374835314186,-0.012431489888928837,-0.004678582143482157,0.00785050117138164,0.00785050117138164,Integra,CANASTA_PODADA
2025-11-10,2025-11-05,54.6250536,55.2466983,54.94107447956826,0.011380212174290527,0.00578527358311387,-0.005531983445818733,0.005531983445818733,Integra,CANASTA_PODADA
2025-11-11,2025-11-06,54.4307521,55.0744511,54.73694841545041,0.011826017006294487,0.005625428707798585,-0.006128117081671491,0.006128117081671491,Integra,CANASTA_PODADA
2025-11-12,2025-11-07,54.4860059,55.5054056,55.00160972935439,0.018709385706688453,0.009463050573035092,-0.009076519038095476,0.009076519038095476,Integra,CANASTA_PODADA
2025-11-13,2025-11-07,54.4860059,54.8864616,54.67880557033764,0.007349698209389022,0.003538517223881099,-0.003783374325998845,0.003783374325998845,Integra,CANASTA_PODADA
2025-11-14,2025-11-07,54.4860059,54.5893786,54.645506144357945,0.0018972339464509158,0.002927361654122329,0.0010281770153350855,0.0010281770153350855,Integra,CANASTA_PODADA
2025-11-17,2025-11-12,55.5054056,54.0403129,54.9263763152667,-0.026395495792935875,-0.010431944032732177,0.016396341318495544,0.016396341318495544,Integra,CANASTA_PODADA
2025-11-18,2025-11-13,54.8864616,53.6600698,54.437051694091366,-0.02234415854564753,-0.008187991952985252,0.014479703380694486,0.014479703380694486,Integra,CANASTA_PODADA
2025-11-19,2025-11-14,54.5893786,54.1546612,54.366933022162556,-0.00796340627332226,-0.004074887524684989,0.003919733176404039,0.003919733176404039,Integra,CANASTA_PODADA
2025-11-20,2025-11-14,54.5893786,53.1112197,54.05289760722691,-0.027077774796286147,-0.009827570976840061,0.017730300914684305,0.017730300914684305,Integra,CANASTA_PODADA
2025-11-21,2025-11-14,54.5893786,53.2021395,54.12049450699279,-0.02541225299824168,-0.0085892916357031,0.01726161796543524,0.01726161796543524,Integra,CANASTA_PODADA
2025-11-24,2025-11-19,54.1546612,54.02386069999999,54.185308263168416,-0.002415313790200657,0.0005659173649934512,0.0029884491977527627,0.0029884491977527627,Integra,CANASTA_PODADA
2025-11-25,2025-11-20,53.1112197,54.0894631,53.59404953878777,0.018418771128315914,0.009090919800280428,-0.009159151021638334,0.009159151021638334,Integra,CANASTA_PODADA
2025-11-26,2025-11-21,53.2021395,54.9844806,53.89544439621749,0.03350130496161707,0.013031522843503174,-0.019806246997311927,0.019806246997311927,Integra,CANASTA_PODADA
2025-11-27,2025-11-21,53.2021395,55.0812557,53.91603062979657,0.035320312635171325,0.013418466559912856,-0.021154656977136144,0.021154656977136144,Integra,CANASTA_PODADA
2025-11-28,2025-11-21,53.2021395,55.6215975,54.148374871373626,0.04547670493589817,0.017785663889957393,-0.026486521330610358,0.026486521330610358,Integra,CANASTA_PODADA
2025-12-01,2025-11-26,54.9844806,55.861451800000005,55.24546828637706,0.015949431374641554,0.004746570005374595,-0.011026987193751059,0.011026987193751059,Integra,CANASTA_PODADA
2025-12-02,2025-11-27,55.0812557,56.1090689,55.3438386966121,0.018659944965633724,0.0047671933632424945,-0.01363826237700938,0.01363826237700938,Integra,CANASTA_PODADA
2025-12-03,2025-11-28,55.6215975,56.4743771,55.899535122109604,0.015331807037724854,0.004996937064053242,-0.010178810416492268,0.010178810416492268,Integra,CANASTA_PODADA
2025-12-04,2025-11-28,55.6215975,56.7010114,56.044196897887794,0.01940638076783041,0.007597757290012996,-0.011583823390356796,0.011583823390356796,Integra,CANASTA_PODADA
2025-12-05,2025-11-28,55.6215975,56.7989777,56.07609884362263,0.021167680414069467,0.00817131049899511,-0.012726969492223295,0.012726969492223295,Integra,CANASTA_PODADA
2025-12-08,2025-12-03,56.4743771,56.7885286,56.58174489578242,0.005562726250946115,0.0019011771584891424,-0.0036412935731103824,0.0036412935731103824,Integra,CANASTA_PODADA
2025-12-09,2025-12-04,56.7010114,57.2358911,56.75244014199226,0.00943333613975006,0.0009070163075126647,-0.00844663983938121,0.00844663983938121,Integra,CANASTA_PODADA
2025-12-10,2025-12-05,56.7989777,57.6971577,56.97899978615313,0.01581331278080378,0.003169459969930566,-0.012447024125191275,0.012447024125191275,Integra,CANASTA_PODADA
2025-12-11,2025-12-05,56.7989777,58.0142553,57.21229701123502,0.021396117486811805,0.007276879408254278,-0.013823469501037966,0.013823469501037966,Integra,CANASTA_PODADA
2025-12-12,2025-12-05,56.7989777,57.409879,57.1061508168732,0.010755498157495769,0.005408074745563596,-0.005290521220690847,0.005290521220690847,Integra,CANASTA_PODADA
2025-12-15,2025-12-10,57.6971577,57.2988411,57.836094899887115,-0.006903574038622073,0.002408042361627727,0.00937634670393206,0.00937634670393206,Integra,CANASTA_PODADA
2025-12-16,2025-12-11,58.0142553,57.5994186,57.926924351821825,-0.0071505994148304275,-0.001505336020027781,0.0056859211391731,0.0056859211391731,Integra,CANASTA_PODADA
2025-12-17,2025-12-12,57.409879,57.110144,57.385239032362975,-0.0052209655414880984,-0.00042919386116491154,0.004816920657089829,0.004816920657089829,Integra,CANASTA_PODADA
2025-12-18,2025-12-12,57.409879,57.6759642,57.53586691460003,0.00463483297012357,0.002194533707343904,-0.0024290410631743198,0.0024290410631743198,Integra,CANASTA_PODADA
2025-12-19,2025-12-12,57.409879,58.4366556,57.75146718777983,0.01788501592208558,0.005949989683480039,-0.011725318726490741,0.011725318726490741,Integra,CANASTA_PODADA
2025-12-22,2025-12-17,57.110144,59.1739718,57.66808371599909,0.03613767459595274,0.009769537895038205,-0.025448487539261433,0.025448487539261433,Integra,CANASTA_PODADA
2025-12-23,2025-12-18,57.6759642,59.533819,58.226514673839425,0.03221194176412223,0.009545579020236339,-0.021959020068250235,0.021959020068250235,Integra,CANASTA_PODADA
2025-12-24,2025-12-19,58.4366556,59.6016403,58.823334369174106,0.019935855124467494,0.0066170585089764256,-0.013058464950097881,0.013058464950097881,Integra,CANASTA_PODADA
2025-12-26,2025-12-19,58.4366556,60.0156434,58.97703773823456,0.02702050252170829,0.009247314595371092,-0.017305582393630448,0.017305582393630448,Integra,CANASTA_PODADA
2025-12-29,2025-12-24,59.6016403,59.4931121,59.50657373260984,-0.0018208928387496437,-0.0015950327358719152,0.00022627212016090859,0.00022627212016090859,Integra,CANASTA_PODADA
2025-12-30,2025-12-24,59.6016403,59.765370700000005,59.60340326721671,0.0027470787578307565,2.9579172785121344e-05,-0.00271005485093212,0.00271005485093212,Integra,CANASTA_PODADA
2025-12-31,2025-12-26,60.0156434,59.43469300000001,59.76213646972993,-0.009679982869266301,-0.0042240142054374985,0.005509298579701838,0.005509298579701838,Integra,CANASTA_PODADA
2026-01-02,2025-12-26,60.0156434,60.2755677,59.831625494842626,0.004330942488904421,-0.0030661656650234903,-0.007365209853633203,0.007365209853633203,Integra,CANASTA_PODADA
2026-01-05,2025-12-31,59.43469300000001,61.29541570000001,59.857023215135754,0.03130701289228499,0.007105786095938038,-0.023466558933284976,0.023466558933284976,Integra,CANASTA_PODADA
2026-01-06,2025-12-31,59.43469300000001,62.4286817,60.16024878225953,0.05037442861865182,0.012207613863834066,-0.03633638987671384,0.03633638987671384,Integra,CANASTA_PODADA
2026-01-07,2026-01-02,60.2755677,62.26312229999999,60.787499061094316,0.032974465041827994,0.008493181908169944,-0.02369979506963593,0.02369979506963593,Integra,CANASTA_PODADA
2026-01-08,2026-01-02,60.2755677,62.2151493,60.90928936057147,0.032178570422655595,0.010513740222665158,-0.020989420649490054,0.020989420649490054,Integra,CANASTA_PODADA
2026-01-09,2026-01-02,60.2755677,62.982636,61.15146930451189,0.04491153552420202,0.014531619326612955,-0.029074151413543636,0.029074151413543636,Integra,CANASTA_PODADA
2026-01-12,2026-01-07,62.26312229999999,63.8992293,62.991843105190355,0.02627730411778617,0.01170389113605963,-0.014200268215279532,0.014200268215279532,Integra,CANASTA_PODADA
2026-01-13,2026-01-08,62.2151493,64.1589849,62.8708331156348,0.031243766540314244,0.010538973594246492,-0.020077496337776224,0.020077496337776224,Integra,CANASTA_PODADA
2026-01-14,2026-01-09,62.982636,64.4168214,63.57519877735238,0.02277112377449564,0.009408351491550393,-0.013065261594041089,0.013065261594041089,Integra,CANASTA_PODADA
2026-01-15,2026-01-09,62.982636,64.9225261,63.68703251099461,0.030800395524887225,0.011183979517697784,-0.01903027598005602,0.01903027598005602,Integra,CANASTA_PODADA
2026-01-16,2026-01-09,62.982636,65.1863069,63.6238910239212,0.03498854668451812,0.010181457376938097,-0.0239684674647338,0.0239684674647338,Integra,CANASTA_PODADA
2026-01-19,2026-01-14,64.4168214,65.2071476,64.456037849155,0.012268941292405966,0.0006087920562158899,-0.01151882544307159,0.01151882544307159,Integra,CANASTA_PODADA
2026-01-20,2026-01-15,64.9225261,65.5190925,64.98035260108632,0.009188896918168377,0.0008907001091924549,-0.008222639819281286,0.008222639819281286,Integra,CANASTA_PODADA
2026-01-21,2026-01-16,65.1863069,65.89881059999999,65.4569531135325,0.010930266399245658,0.0041518875114014975,-0.0067050904628540575,0.0067050904628540575,Integra,CANASTA_PODADA
2026-01-22,2026-01-16,65.1863069,66.35399699999999,65.61789751136759,0.01791311941925633,0.006620878400576791,-0.011093521444268117,0.011093521444268117,Integra,CANASTA_PODADA
2026-01-23,2026-01-16,65.1863069,66.8928849,65.89900663365074,0.02618000744570481,0.010933273681910993,-0.014857757560240215,0.014857757560240215,Integra,CANASTA_PODADA
2026-01-26,2026-01-21,65.89881059999999,67.8046186,66.652066423052,0.028920218478116322,0.011430491934432796,-0.01699813671613204,0.01699813671613204,Integra,CANASTA_PODADA
2026-01-27,2026-01-22,66.35399699999999,68.40986649999999,67.12563880300712,0.030983355833108295,0.011629168368065823,-0.018772550842397484,0.018772550842397484,Integra,CANASTA_PODADA
2026-01-28,2026-01-23,66.8928849,68.81003679999999,67.48605197700074,0.028660027189229442,0.008867416585298882,-0.01924115847877661,0.01924115847877661,Integra,CANASTA_PODADA
2026-01-29,2026-01-23,66.8928849,68.6364835,67.5901617996415,0.02606553152262081,0.01042378274885114,-0.015244395502262198,0.015244395502262198,Integra,CANASTA_PODADA
2026-01-30,2026-01-23,66.8928849,66.4553445,66.8274001560792,-0.006540910900375896,-0.0009789493160401452,0.00559858140648406,0.00559858140648406,Integra,CANASTA_PODADA
2026-02-02,2026-01-28,68.81003679999999,66.4926819,68.21036112773189,-0.03367757100225821,-0.008714944798112745,0.025832605613880233,0.025832605613880233,Integra,CANASTA_PODADA
2026-02-03,2026-01-29,68.6364835,67.4864188,68.42166339987075,-0.01675588027466468,-0.003129823807614507,0.013858263877394528,0.013858263877394528,Integra,CANASTA_PODADA
2026-02-04,2026-01-30,66.4553445,66.7316666,66.67932886737997,0.004158011700624131,0.003370449270336362,-0.0007843012963208995,0.0007843012963208995,Integra,CANASTA_PODADA
2026-02-05,2026-01-30,66.4553445,65.7417224,66.13353475917422,-0.010738370335285796,-0.004842496013631625,0.005959873652081615,0.005959873652081615,Integra,CANASTA_PODADA
2026-02-06,2026-01-30,66.4553445,67.07852410000001,66.60544255892158,0.009377418847027696,0.0022586303637563976,-0.007052652803946069,0.007052652803946069,Integra,CANASTA_PODADA
2026-02-09,2026-02-04,66.7316666,68.3330174,67.11371777994451,0.023996865080543328,0.005725185648885134,-0.01784349157184295,0.01784349157184295,Integra,CANASTA_PODADA
2026-02-10,2026-02-05,65.7417224,68.0184681,66.48941927091523,0.034631670982809615,0.01137324736285339,-0.022479906881125,0.022479906881125,Integra,CANASTA_PODADA
2026-02-11,2026-02-06,67.07852410000001,68.4384924,67.4728827786744,0.020274272850317354,0.0058790601606930615,-0.01410915973545901,0.01410915973545901,Integra,CANASTA_PODADA
2026-02-12,2026-02-06,67.07852410000001,67.0960755,67.04470971851356,0.0002616545345246468,-0.0005041014533360144,-0.000765555676746521,0.000765555676746521,Integra,CANASTA_PODADA
2026-02-13,2026-02-06,67.07852410000001,67.3309244,66.98538728468212,0.003762758697906321,-0.0013884744270615812,-0.005131922937298694,0.005131922937298694,Integra,CANASTA_PODADA
2026-02-16,2026-02-11,68.4384924,67.2516871,67.96055500741531,-0.01734119584434335,-0.006983458808404341,0.01054052229739999,0.01054052229739999,Integra,CANASTA_PODADA
2026-02-17,2026-02-12,67.0960755,66.7254743,66.81181059925862,-0.005523440786041167,-0.004236684465120155,0.00129390311817712,0.00129390311817712,Integra,CANASTA_PODADA
2026-02-18,2026-02-13,67.3309244,67.3519637,67.33681656389699,0.00031247603070183594,8.751051540567545e-05,-0.0002248952409239502,0.0002248952409239502,Integra,CANASTA_PODADA
2026-02-19,2026-02-13,67.3309244,67.35839630000001,67.50703109312273,0.0004080131120256514,0.0026155395116294056,0.0022066260672348736,0.0022066260672348736,Integra,CANASTA_PODADA
2026-02-20,2026-02-13,67.3309244,68.0295865,67.79035874049848,0.010376541035577835,0.006823526404732938,-0.003516525262159509,0.003516525262159509,Integra,CANASTA_PODADA
2026-02-23,2026-02-18,67.3519637,68.3747103,67.90695295972176,0.015185104395107674,0.008240134796868137,-0.0068410869782982164,0.0068410869782982164,Integra,CANASTA_PODADA
2026-02-24,2026-02-19,67.35839630000001,68.8649359,67.98862719454151,0.022366025362156705,0.009356382116560313,-0.01272503479464504,0.01272503479464504,Integra,CANASTA_PODADA
2026-02-25,2026-02-20,68.0295865,69.4631118,68.61770260198806,0.021072086040093696,0.00864500480225705,-0.012170620867750115,0.012170620867750115,Integra,CANASTA_PODADA
2026-02-26,2026-02-20,68.0295865,69.2748189,68.61990659743034,0.018304277066273356,0.00867740240388426,-0.009453829154213111,0.009453829154213111,Integra,CANASTA_PODADA
2026-02-27,2026-02-20,68.0295865,69.5135672,68.62912773222567,0.02181375451988088,0.008812948351900829,-0.012723264010170543,0.012723264010170543,Integra,CANASTA_PODADA
2026-03-02,2026-02-25,69.4631118,69.441683,69.42116337058886,-0.0003084917943453336,-0.0006038950505400376,-0.00029549441379672636,0.00029549441379672636,Integra,CANASTA_PODADA
2026-03-03,2026-02-26,69.2748189,66.8791916,68.45501626275474,-0.03458150216831535,-0.011834063953724105,0.023562256436645335,0.023562256436645335,Integra,CANASTA_PODADA
2026-03-04,2026-02-27,69.5135672,67.47449,68.86216618920251,-0.029333514048175524,-0.0093708471171291,0.020565938167187436,0.020565938167187436,Integra,CANASTA_PODADA
2026-03-05,2026-02-27,69.5135672,66.24895550000001,68.32479845592192,-0.04696366236834393,-0.01710124788529155,0.031333972592547665,0.031333972592547665,Integra,CANASTA_PODADA
2026-03-06,2026-02-27,69.5135672,65.8198604,67.98997218978745,-0.05313648757763656,-0.0219179517263004,0.03297047086698868,0.03297047086698868,Integra,CANASTA_PODADA
2026-03-09,2026-03-04,67.47449,66.13444510000001,66.75149305795892,-0.019860022654487608,-0.010715115327897706,0.009330205417553472,0.009330205417553472,Integra,CANASTA_PODADA
2026-03-10,2026-03-05,66.24895550000001,66.5767642,66.40690963788364,0.0049481338615215975,0.002384250992208292,-0.0025512588987669504,0.0025512588987669504,Integra,CANASTA_PODADA
2026-03-11,2026-03-06,65.8198604,66.2162928,66.10589598272978,0.006022990592669419,0.004345733658374318,-0.001667215312153969,0.001667215312153969,Integra,CANASTA_PODADA
2026-03-12,2026-03-06,65.8198604,64.9755684,65.65335173287382,-0.012827313744955826,-0.0025297632981030604,0.01043135673244544,0.01043135673244544,Integra,CANASTA_PODADA
2026-03-13,2026-03-06,65.8198604,64.0923718,65.32350156549434,-0.026245704404441406,-0.007541171182819051,0.019208678520059808,0.019208678520059808,Integra,CANASTA_PODADA
2026-03-16,2026-03-11,66.2162928,64.7080661,65.65130635608571,-0.02277727484012826,-0.008532438468290326,0.01457685746052162,0.01457685746052162,Integra,CANASTA_PODADA
2026-03-17,2026-03-12,64.9755684,64.7865377,64.93922161746,-0.002909258120472269,-0.00055939152877027,0.0023567229069567652,0.0023567229069567652,Integra,CANASTA_PODADA
2026-03-18,2026-03-13,64.0923718,63.5551487,63.86893670783777,-0.008382013099412222,-0.0034861417339875356,0.004937255505748972,0.004937255505748972,Integra,CANASTA_PODADA
2026-03-19,2026-03-13,64.0923718,62.4808511,63.59240056358627,-0.025143720769590705,-0.007800791613296609,0.01779024203443136,0.01779024203443136,Integra,CANASTA_PODADA
2026-03-20,2026-03-13,64.0923718,61.033588,63.15522062550459,-0.04772461549004481,-0.014621883200387376,0.034761722111185556,0.034761722111185556,Integra,CANASTA_PODADA
2026-03-23,2026-03-18,63.5551487,62.5162891,63.29868057747404,-0.016345797645816784,-0.004035363424866878,0.012515001909702894,0.012515001909702894,Integra,CANASTA_PODADA
2026-03-24,2026-03-19,62.4808511,62.5887705,62.51167002683951,0.0017272395958127795,0.0004932539537623182,-0.0012318579282603048,0.0012318579282603048,Integra,CANASTA_PODADA
2026-03-25,2026-03-20,61.033588,63.6211083,61.82710013553652,0.04239502190171085,0.01300123688511512,-0.028198316759965758,0.028198316759965758,Integra,CANASTA_PODADA
2026-03-26,2026-03-20,61.033588,62.2343613,61.39158505307552,0.01967397525441239,0.005865574428878695,-0.013541976318546811,0.013541976318546811,Integra,CANASTA_PODADA
2026-03-27,2026-03-20,61.033588,62.3321885,61.30898603232885,0.02127681728296893,0.00451223730003969,-0.016415314339093823,0.016415314339093823,Integra,CANASTA_PODADA
2026-03-30,2026-03-25,63.6211083,62.035501100000005,62.98697369916457,-0.02492265919862946,-0.009967361741722969,0.015337549988204469,0.015337549988204469,Integra,CANASTA_PODADA
2026-03-31,2026-03-26,62.2343613,63.897782500000005,62.83144702493779,0.026728340506002812,0.009594148834588978,-0.016688145242946706,0.016688145242946706,Integra,CANASTA_PODADA
2026-04-01,2026-03-27,62.3321885,65.14178770000001,63.37322458749159,0.04507461181152017,0.01670142044654166,-0.027149440857430096,0.027149440857430096,Integra,CANASTA_PODADA
2026-04-02,2026-03-27,62.3321885,64.6096677,63.290980895547726,0.03653777052926688,0.015381978695449217,-0.020410053965534858,0.020410053965534858,Integra,CANASTA_PODADA
2026-04-03,2026-03-27,62.3321885,64.6046118,63.291242194348385,0.03645665834434797,0.015386170731810367,-0.020329347535087527,0.020329347535087527,Integra,CANASTA_PODADA
2026-04-06,2026-04-01,65.14178770000001,64.4990594,65.13561040938046,-0.009866605180686716,-9.482838647290048e-05,0.009869151818677091,0.009869151818677091,Integra,CANASTA_PODADA
2026-04-07,2026-04-02,64.6096677,64.4653668,64.64896155492745,-0.0022334258190280787,0.0006081729921580958,0.0028479595175041617,0.0028479595175041617,Integra,CANASTA_PODADA
2026-04-08,2026-04-03,64.6046118,66.7295722,65.32844490014865,0.03289177569208768,0.01120404689357879,-0.020997096993997433,0.020997096993997433,Integra,CANASTA_PODADA
2026-04-09,2026-04-03,64.6046118,66.8091029,65.45769345792462,0.03412281319520294,0.013204655738286109,-0.020227923792034308,0.020227923792034308,Integra,CANASTA_PODADA
2026-04-10,2026-04-03,64.6046118,67.16005799999999,65.47045785774671,0.039555166865037794,0.013402232961745142,-0.025157812434487226,0.025157812434487226,Integra,CANASTA_PODADA
2026-04-13,2026-04-08,66.7295722,67.4909602,67.18534292408604,0.011410053667330278,0.006830116079869608,-0.004528269786180372,0.004528269786180372,Integra,CANASTA_PODADA
2026-04-14,2026-04-09,66.8091029,68.0389343,67.17166690174523,0.018408141205560113,0.0054268652924125416,-0.012746634073231955,0.012746634073231955,Integra,CANASTA_PODADA
2026-04-15,2026-04-10,67.16005799999999,67.2467893,67.11607844584067,0.0012914119282030345,-0.0006548468757920922,-0.0019437486238370605,0.0019437486238370605,Integra,CANASTA_PODADA
2026-04-16,2026-04-10,67.16005799999999,68.04632980000001,67.35546943334126,0.013196412069805152,0.002909637650123198,-0.010152793966835771,0.010152793966835771,Integra,CANASTA_PODADA
2026-04-17,2026-04-10,67.16005799999999,68.5383668,67.5185075948971,0.020522745826098143,0.00533724367684596,-0.01488012120392257,0.01488012120392257,Integra,CANASTA_PODADA
2026-04-20,2026-04-15,67.2467893,68.1876173,67.59662680768587,0.013990675388274587,0.005202293095736943,-0.008667123382739672,0.008667123382739672,Integra,CANASTA_PODADA
2026-04-21,2026-04-16,68.04632980000001,66.9698009,67.73102752838133,-0.015820528501156783,-0.004633641116947973,0.01136671481998297,0.01136671481998297,Integra,CANASTA_PODADA
2026-04-22,2026-04-17,68.5383668,68.02684570000001,68.3241912205157,-0.007463281135552169,-0.0031249005408793273,0.00437100261604062,0.00437100261604062,Integra,CANASTA_PODADA
2026-04-23,2026-04-17,68.5383668,67.57744459999999,68.07293010500747,-0.014020208605262763,-0.0067908927032169775,0.007332113665148521,0.007332113665148521,Integra,CANASTA_PODADA
2026-04-24,2026-04-17,68.5383668,68.5249495,68.03250942978084,-0.00019576334579363142,-0.007380645233279193,-0.0071862886994051856,0.0071862886994051856,Integra,CANASTA_PODADA
2026-04-27,2026-04-22,68.02684570000001,68.3325244,67.63802018312062,0.004493501012056811,-0.005715765781558191,-0.01016359666172939,0.01016359666172939,Integra,CANASTA_PODADA
2026-04-28,2026-04-23,67.57744459999999,67.2141442,67.12427994423614,-0.005376060047111997,-0.006705856642644559,-0.0013369843034298778,0.0013369843034298778,Integra,CANASTA_PODADA
2026-04-29,2026-04-24,68.5249495,66.9278833,67.9230729957786,-0.02330634625276151,-0.008783319194148431,0.014869582701692696,0.014869582701692696,Integra,CANASTA_PODADA
2026-04-30,2026-04-24,68.5249495,68.0503788,68.25259301751683,-0.006925516960796907,-0.0039745594045738075,0.002971536986019263,0.002971536986019263,Integra,CANASTA_PODADA
2026-05-01,2026-04-24,68.5249495,67.7340832,68.19915762429322,-0.011541289789640863,-0.004754354116040305,0.006866180249609055,0.006866180249609055,Integra,CANASTA_PODADA
2026-05-04,2026-04-29,66.9278833,67.3823635,67.020640445978,0.006790595751591466,0.001385926782746516,-0.0053682155868871595,0.0053682155868871595,Integra,CANASTA_PODADA
2026-05-05,2026-04-30,68.0503788,67.9664176,67.97209067500262,-0.001233809443541345,-0.0011504436327602896,8.346879536902385e-05,8.346879536902385e-05,Integra,CANASTA_PODADA
2026-05-06,2026-05-01,67.7340832,69.6755291,68.32603943084426,0.028662761910683177,0.008739414529261191,-0.019368201240623883,0.019368201240623883,Integra,CANASTA_PODADA
2026-05-07,2026-05-01,67.7340832,69.2987598,68.33910258599208,0.023100284614171906,0.00893227393667706,-0.013848115273311423,0.013848115273311423,Integra,CANASTA_PODADA
2026-05-08,2026-05-01,67.7340832,70.38991519999999,68.61949536611273,0.039209684025072855,0.013071885294414498,-0.02515161197249549,0.02515161197249549,Integra,CANASTA_PODADA
2026-05-11,2026-05-06,69.6755291,71.39366030000001,70.0888241705385,0.0246590334109138,0.005931710542812274,-0.01827663862559381,0.01827663862559381,Integra,CANASTA_PODADA
2026-05-12,2026-05-07,69.2987598,70.85283749999999,69.8100290699137,0.022425764970183337,0.007377754975547157,-0.014717948735451847,0.014717948735451847,Integra,CANASTA_PODADA
2026-05-13,2026-05-08,70.38991519999999,71.24722609999999,70.7534715879906,0.012179456354850071,0.0051648931094410155,-0.006930157692264016,0.006930157692264016,Integra,CANASTA_PODADA
2026-05-14,2026-05-08,70.38991519999999,71.05994340000001,70.69472323090167,0.009518809592201638,0.004330279842440943,-0.005139606811146669,0.005139606811146669,Integra,CANASTA_PODADA
2026-05-15,2026-05-08,70.38991519999999,69.0361012,70.06285724150695,-0.019233067636938772,-0.004646375230937028,0.014872740836455955,0.014872740836455955,Integra,CANASTA_PODADA
2026-05-18,2026-05-13,71.24722609999999,68.5172551,70.51867454225673,-0.03831687420599794,-0.010225683126535823,0.029210443987221835,0.029210443987221835,Integra,CANASTA_PODADA
2026-05-19,2026-05-14,71.05994340000001,67.7795082,70.15278213426514,-0.046164337361406016,-0.012766141124380126,0.03501462311089987,0.03501462311089987,Integra,CANASTA_PODADA
2026-05-20,2026-05-15,69.0361012,68.8288888,69.21533269823618,-0.0030015078545601037,0.0025961995987713316,0.005614559598064783,0.005614559598064783,Integra,CANASTA_PODADA
2026-05-21,2026-05-15,69.0361012,69.1895003,69.43750134853173,0.0022220127923446853,0.005814351354646252,0.003584374037338245,0.003584374037338245,Integra,CANASTA_PODADA
2026-05-22,2026-05-15,69.0361012,69.2648985,69.40119503200624,0.003314168906166426,0.00528844800995576,0.001967757622661326,0.001967757622661326,Integra,CANASTA_PODADA
2026-05-25,2026-05-20,68.8288888,69.3162084,69.01513763994652,0.007080160794343593,0.002705969007980258,-0.004343439536047655,0.004343439536047655,Integra,CANASTA_PODADA
2026-05-26,2026-05-21,69.1895003,71.1640939,69.65828504462192,0.02853891979907819,0.006775374046485316,-0.021159671582329787,0.021159671582329787,Integra,CANASTA_PODADA
2026-05-27,2026-05-22,69.2648985,70.5905163,69.63453166961693,0.019138377861046107,0.005336514997086539,-0.013542677975611705,0.013542677975611705,Integra,CANASTA_PODADA
2026-05-28,2026-05-22,69.2648985,71.003448,69.7689403711696,0.025100007906602384,0.007277017393876761,-0.017386587040539192,0.017386587040539192,Integra,CANASTA_PODADA
2026-05-29,2026-05-22,69.2648985,71.7042692,69.87868910311367,0.03521799284813798,0.008861495741795844,-0.025459852213183476,0.025459852213183476,Integra,CANASTA_PODADA
2026-06-22,2026-05-29,71.7042692,74.0760815,71.97639700087238,0.03307769992585041,0.003795140845984424,-0.02834497258237967,0.02834497258237967,Integra,CANASTA_PODADA
2026-06-23,2026-05-29,71.7042692,71.3360771,71.4375880580257,-0.005134869989024349,-0.0037191808095898837,0.0014229960792966345,0.0014229960792966345,Integra,CANASTA_PODADA
2026-06-24,2026-05-29,71.7042692,71.1290286,71.15779788820889,-0.008022403776203668,-0.007621182363170997,0.0004044662042368419,0.0004044662042368419,Integra,CANASTA_PODADA
2026-06-25,2026-05-29,71.7042692,72.0405519,71.12585332735252,0.0046898560399804,-0.008066686671530543,-0.012696995629866592,0.012696995629866592,Integra,CANASTA_PODADA
2026-06-26,2026-05-29,71.7042692,71.0881743,71.19022367837465,-0.008592164830263593,-0.007168966748570593,0.0014355324128030311,0.0014355324128030311,Integra,CANASTA_PODADA
2026-06-29,2026-06-24,71.1290286,71.3522784,71.15463612612251,0.0031386594811446678,0.00036001512499939103,-0.0027699504249817375,0.0027699504249817375,Integra,CANASTA_PODADA
2026-06-30,2026-06-25,72.0405519,72.3284597,72.2792744000687,0.003996468550097276,0.003313723920384204,-0.00068002692350011,0.00068002692350011,Integra,CANASTA_PODADA
2024-02-26,2024-02-21,48.976935700000006,49.2612359,49.07203444340727,0.005804777206590339,0.001941704642155928,-0.0038407777055535774,0.0038407777055535774,Prima,CANASTA_EVIDENCIA
2024-02-27,2024-02-22,49.0828103,49.2095017,49.11086267468405,0.0025811765713015244,0.000571531550711768,-0.0020044711266796744,0.0020044711266796744,Prima,CANASTA_EVIDENCIA
2024-02-28,2024-02-23,49.1954468,49.0835955,49.067388204515744,-0.0022736108171701463,-0.002603057880638082,-0.0003301978047687282,0.0003301978047687282,Prima,CANASTA_EVIDENCIA
2024-02-29,2024-02-23,49.1954468,49.2416759,49.173459219898184,0.0009397028181883371,-0.0004469433968391501,-0.0013853444029879869,0.0013853444029879869,Prima,CANASTA_EVIDENCIA
2024-03-01,2024-02-23,49.1954468,49.311021,49.317903211377946,0.002349286519743421,0.0024891818113936814,0.00013956740782039567,0.00013956740782039567,Prima,CANASTA_EVIDENCIA
2024-03-04,2024-02-28,49.0835955,49.4737682,49.35635919295878,0.007949146675695351,0.0055571253527826325,-0.0023731567518082697,0.0023731567518082697,Prima,CANASTA_EVIDENCIA
2024-03-05,2024-02-29,49.2416759,49.2573694,49.339662358387976,0.0003187036126039988,0.0019899090881263515,0.001670673025993441,0.001670673025993441,Prima,CANASTA_EVIDENCIA
2024-03-06,2024-03-01,49.311021,49.3799229,49.412671675637526,0.001397292098251235,0.0020614190007854916,0.0006632002181099494,0.0006632002181099494,Prima,CANASTA_EVIDENCIA
2024-03-07,2024-03-01,49.311021,49.3558196,49.60505977797164,0.0009084906191660913,0.005962942401286808,0.00504986402802321,0.00504986402802321,Prima,CANASTA_EVIDENCIA
2024-03-08,2024-03-01,49.311021,49.1261431,49.65447703983234,-0.0037492206863856126,0.006965096906680124,0.010754639108485842,0.010754639108485842,Prima,CANASTA_EVIDENCIA
2024-03-11,2024-03-06,49.3799229,49.19355830000001,49.684555917133515,-0.003774096617716438,0.006169167532935171,0.009980933156719995,0.009980933156719995,Prima,CANASTA_EVIDENCIA
2024-03-12,2024-03-07,49.3558196,49.3424674,49.53410593916173,-0.0002705293946734244,0.0036122657997910146,0.0038838458889418614,0.0038838458889418614,Prima,CANASTA_EVIDENCIA
2024-03-13,2024-03-08,49.1261431,49.4842608,49.422848960211006,0.007289758108447897,0.006039673409879542,-0.0012410378329626992,0.0012410378329626992,Prima,CANASTA_EVIDENCIA
2024-03-14,2024-03-08,49.1261431,49.568127700000005,49.39493466625305,0.008996932633207333,0.00547145672938143,-0.0034940402589980213,0.0034940402589980213,Prima,CANASTA_EVIDENCIA
2024-03-15,2024-03-08,49.1261431,49.6563768,49.50563510713406,0.01079331017134133,0.007724848383916072,-0.003035696572729729,0.003035696572729729,Prima,CANASTA_EVIDENCIA
2024-03-18,2024-03-13,49.4842608,49.992248200000006,49.56234034493121,0.010265635816065544,0.0015778662481547023,-0.008599490331959059,0.008599490331959059,Prima,CANASTA_EVIDENCIA
2024-03-19,2024-03-14,49.568127700000005,49.7678241,49.58693663071009,0.004028725902430974,0.000379456146173629,-0.003634626840957389,0.003634626840957389,Prima,CANASTA_EVIDENCIA
2024-03-20,2024-03-15,49.6563768,49.9331922,49.81919471929727,0.005574619370940503,0.003278892456311411,-0.0022830000582804155,0.0022830000582804155,Prima,CANASTA_EVIDENCIA
2024-03-21,2024-03-15,49.6563768,49.8333169,49.84651857616632,0.0035632905862756914,0.0038291512272865535,0.0002649166659487445,0.0002649166659487445,Prima,CANASTA_EVIDENCIA
2024-03-22,2024-03-15,49.6563768,49.9761856,49.78472362364496,0.006440437676073163,0.002584699728735762,-0.0038310642170146236,0.0038310642170146236,Prima,CANASTA_EVIDENCIA
2024-03-25,2024-03-20,49.9331922,49.9300588,49.85892245298644,-6.275184625592622e-05,-0.0014873823150758358,-0.001424719872622271,0.001424719872622271,Prima,CANASTA_EVIDENCIA
2024-03-26,2024-03-21,49.8333169,49.46530980000001,49.63520407621791,-0.00738476029477364,-0.003975509480527717,0.0034346146199191185,0.0034346146199191185,Prima,CANASTA_EVIDENCIA
2024-03-27,2024-03-22,49.9761856,48.9019022,49.89421303434868,-0.02149590624219222,-0.001640232536100572,0.020291865749727078,0.020291865749727078,Prima,CANASTA_EVIDENCIA
2024-03-28,2024-03-22,49.9761856,48.9351057,50.003284401093346,-0.020831519802903875,0.000542234281548426,0.021828474380782836,0.021828474380782836,Prima,CANASTA_EVIDENCIA
2024-03-29,2024-03-22,49.9761856,48.9356155,50.010055204879414,-0.02082131894435746,0.0006777148850554138,0.021956190678329435,0.021956190678329435,Prima,CANASTA_EVIDENCIA
2024-04-01,2024-03-27,48.9019022,48.4650615,49.020407175723854,-0.008933000156382542,0.0024233203698127426,0.011458680924687492,0.011458680924687492,Prima,CANASTA_EVIDENCIA
2024-04-02,2024-03-28,48.9351057,48.2258825,48.97746821632895,-0.014493137183516969,0.0008656876433179583,0.015584695963395845,0.015584695963395845,Prima,CANASTA_EVIDENCIA
2024-04-03,2024-03-29,48.9356155,48.142993100000005,49.17704066112848,-0.016197250037653932,0.004933526607598937,0.02147867206720222,0.02147867206720222,Prima,CANASTA_EVIDENCIA
2024-04-04,2024-03-29,48.9356155,47.4483078,49.0563782976226,-0.030393154041354453,0.002467789490102623,0.03389099784971883,0.03389099784971883,Prima,CANASTA_EVIDENCIA
2024-04-05,2024-03-29,48.9356155,46.4834004,49.09786838692091,-0.05011105050880571,0.0033156400560836463,0.056245196444813184,0.056245196444813184,Prima,CANASTA_EVIDENCIA
2024-04-08,2024-04-03,48.142993100000005,46.4280607,48.1346941217647,-0.035621640649509234,-0.00017238185041934528,0.03675866267153172,0.03675866267153172,Prima,CANASTA_EVIDENCIA
2024-04-09,2024-04-04,47.4483078,46.4650324,47.67601044188058,-0.020723086777817645,0.0047989623326583075,0.026062137037928368,0.026062137037928368,Prima,CANASTA_EVIDENCIA
2024-04-10,2024-04-05,46.4834004,46.5303902,46.56055371429774,0.0010108942029980472,0.001659803577918506,0.0006482540586505436,0.0006482540586505436,Prima,CANASTA_EVIDENCIA
2024-04-11,2024-04-05,46.4834004,46.5106874,46.665242091048306,0.0005870267614931368,0.003911970498791328,0.003322993051448675,0.003322993051448675,Prima,CANASTA_EVIDENCIA
2024-04-12,2024-04-05,46.4834004,46.3858021,46.43794398135436,-0.0020996377020645607,-0.0009779064839163798,0.00112409140283809,0.00112409140283809,Prima,CANASTA_EVIDENCIA
2024-04-15,2024-04-10,46.5303902,46.4193995,46.274250288750686,-0.0023853378302424177,-0.00550478751947614,-0.003126908422184771,0.003126908422184771,Prima,CANASTA_EVIDENCIA
2024-04-16,2024-04-11,46.5106874,46.411532,46.07756712618749,-0.0021318842086174294,-0.009312274189534175,-0.007195730445021975,0.007195730445021975,Prima,CANASTA_EVIDENCIA
2024-04-17,2024-04-12,46.3858021,46.4260343,46.20739701886893,0.000867338672149387,-0.0038461139627694596,-0.0047093680179154385,0.0047093680179154385,Prima,CANASTA_EVIDENCIA
2024-04-18,2024-04-12,46.3858021,46.4560793,46.2931973538749,0.0015150584191363503,-0.001996402820101162,-0.003506149218345578,0.003506149218345578,Prima,CANASTA_EVIDENCIA
2024-04-19,2024-04-12,46.3858021,46.3442587,46.290192997203484,-0.0008956059423191887,-0.0020611717048764078,-0.0011666105859303721,0.0011666105859303721,Prima,CANASTA_EVIDENCIA
2024-04-22,2024-04-17,46.4260343,46.7319339,46.53696605330937,0.006588966828898535,0.002389429874465332,-0.0041720474720313705,0.0041720474720313705,Prima,CANASTA_EVIDENCIA
2024-04-23,2024-04-18,46.4560793,47.0282888,46.5217951907502,0.012317214638472462,0.0014145810783088297,-0.010769977436427602,0.010769977436427602,Prima,CANASTA_EVIDENCIA
2024-04-24,2024-04-19,46.3442587,47.4396639,46.47641779778989,0.023636265434535897,0.002851682203946826,-0.020304656968914703,0.020304656968914703,Prima,CANASTA_EVIDENCIA
2024-04-25,2024-04-19,46.3442587,47.7064885,46.56651557251881,0.02939371214928932,0.004795780076180423,-0.02389555306467772,0.02389555306467772,Prima,CANASTA_EVIDENCIA
2024-04-26,2024-04-19,46.3442587,47.87280260000001,46.73781631301895,0.032982378893893216,0.008492046783325824,-0.023708373551145634,0.023708373551145634,Prima,CANASTA_EVIDENCIA
2024-04-29,2024-04-24,47.4396639,47.8887057,47.85536213645035,0.009465535020369398,0.008762672461732013,-0.0006962719719035837,0.0006962719719035837,Prima,CANASTA_EVIDENCIA
2024-04-30,2024-04-25,47.7064885,48.1072242,47.810940909479186,0.008400025082542006,0.0021894801475315084,-0.0061588107700633055,0.0061588107700633055,Prima,CANASTA_EVIDENCIA
2024-05-01,2024-04-26,47.87280260000001,48.0291143,47.76534966211761,0.003265146210595926,-0.002244550810618362,-0.005491765603564236,0.005491765603564236,Prima,CANASTA_EVIDENCIA
2024-05-02,2024-04-26,47.87280260000001,48.1410916,47.92252639929052,0.005604205006372265,0.0010386648909188612,-0.004540096484008327,0.004540096484008327,Prima,CANASTA_EVIDENCIA
2024-05-03,2024-04-26,47.87280260000001,48.281447,48.06415620068797,0.008536045057031982,0.0039971255137662975,-0.004500503046481419,0.004500503046481419,Prima,CANASTA_EVIDENCIA
2024-05-06,2024-05-01,48.0291143,48.4664391,48.42539269823267,0.009105410465584995,0.008250795460383209,-0.0008469036002962671,0.0008469036002962671,Prima,CANASTA_EVIDENCIA
2024-05-07,2024-05-02,48.1410916,48.2631262,48.36032129069708,0.0025349362871529557,0.004553899452854893,0.002013858163565807,0.002013858163565807,Prima,CANASTA_EVIDENCIA
2024-05-08,2024-05-03,48.281447,48.3393038,48.33842522457688,0.0011983236542185693,0.0011801266970494773,-1.8175177424084588e-05,1.8175177424084588e-05,Prima,CANASTA_EVIDENCIA
2024-05-09,2024-05-03,48.281447,48.4179136,48.50919257881446,0.0028264811533091905,0.004717041285329682,0.0018852315605448755,0.0018852315605448755,Prima,CANASTA_EVIDENCIA
2024-05-10,2024-05-03,48.281447,48.6964133,48.56250447940519,0.008594736193387131,0.005821231484739675,-0.0027498702988626444,0.0027498702988626444,Prima,CANASTA_EVIDENCIA
2024-05-13,2024-05-08,48.3393038,48.731891000000005,48.59553909272927,0.008121490570577983,0.005300765062513424,-0.0027980015647399714,0.0027980015647399714,Prima,CANASTA_EVIDENCIA
2024-05-14,2024-05-09,48.4179136,48.9538606,48.63763183840705,0.011069188243584271,0.004537953457107502,-0.00645973081013651,0.00645973081013651,Prima,CANASTA_EVIDENCIA
2024-05-15,2024-05-10,48.6964133,49.096764,48.96612557842901,0.008221359087240865,0.005538647718619671,-0.0026608356829992408,0.0026608356829992408,Prima,CANASTA_EVIDENCIA
2024-05-16,2024-05-10,48.6964133,49.1887729,48.9375649133112,0.010110798036946811,0.004952143227172634,-0.005107018774375582,0.005107018774375582,Prima,CANASTA_EVIDENCIA
2024-05-17,2024-05-10,48.6964133,49.4962626,49.13385288986436,0.016425219965840787,0.008982994028111646,-0.007321961115820619,0.007321961115820619,Prima,CANASTA_EVIDENCIA
2024-05-20,2024-05-15,49.096764,49.5852446,49.38729330767653,0.009949344115632641,0.00591748384224533,-0.003992141087945211,0.003992141087945211,Prima,CANASTA_EVIDENCIA
2024-05-21,2024-05-16,49.1887729,49.636294500000005,49.488386786454825,0.009098043590349603,0.006091103086957261,-0.002979829881241014,0.002979829881241014,Prima,CANASTA_EVIDENCIA
2024-05-22,2024-05-17,49.4962626,49.4797557,49.29803727211997,-0.00033349790737535745,-0.0040048544570319144,-0.0036725813478506453,0.0036725813478506453,Prima,CANASTA_EVIDENCIA
2024-05-23,2024-05-17,49.4962626,49.4538228,49.230494498392275,-0.0008574344358679431,-0.005369457968079527,-0.004515895616622023,0.004515895616622023,Prima,CANASTA_EVIDENCIA
2024-05-24,2024-05-17,49.4962626,49.5741012,49.3081097790913,0.0015726157069484437,-0.003801354102818677,-0.00536553189004052,0.00536553189004052,Prima,CANASTA_EVIDENCIA
2024-05-27,2024-05-22,49.4797557,49.546446800000005,49.49656661858752,0.0013478461859099955,0.0003397534678515335,-0.0010067357930595433,0.0010067357930595433,Prima,CANASTA_EVIDENCIA
2024-05-28,2024-05-23,49.4538228,49.6898368,49.672101613397615,0.0047724116486300705,0.004413790502715509,-0.00035691778730873036,0.00035691778730873036,Prima,CANASTA_EVIDENCIA
2024-05-29,2024-05-24,49.5741012,49.5770996,49.555950421155394,6.048319439821981e-05,-0.0003661343000729289,-0.00042659169284287035,0.00042659169284287035,Prima,CANASTA_EVIDENCIA
2024-05-30,2024-05-24,49.5741012,49.506136100000006,49.48954035766956,-0.001370979974519293,-0.0017057463531066075,-0.0003352259666745683,0.0003352259666745683,Prima,CANASTA_EVIDENCIA
2024-05-31,2024-05-24,49.5741012,49.1942328,49.62452677480155,-0.007662638168011826,0.0010171757748691501,0.008746837796026252,0.008746837796026252,Prima,CANASTA_EVIDENCIA
2024-06-03,2024-05-29,49.5770996,49.28499,49.65643246400867,-0.005892026809894202,0.001600191714496102,0.0075366245181072156,0.0075366245181072156,Prima,CANASTA_EVIDENCIA
2024-06-04,2024-05-30,49.506136100000006,49.0206695,49.39995305145074,-0.009806190469387244,-0.0021448462133014656,0.007737216878499487,0.007737216878499487,Prima,CANASTA_EVIDENCIA
2024-06-05,2024-05-31,49.1942328,49.0950054,49.075508745804136,-0.002017053511199407,-0.0024133734268920737,-0.0003971209298586631,0.0003971209298586631,Prima,CANASTA_EVIDENCIA
2024-06-06,2024-05-31,49.1942328,49.1405656,49.1773607259479,-0.0010909246256198823,-0.00034296853699689045,0.0007487729434660917,0.0007487729434660917,Prima,CANASTA_EVIDENCIA
2024-06-07,2024-05-31,49.1942328,48.8180481,48.9756746478148,-0.007646926856840874,-0.004442759643671135,0.0032288580545438705,0.0032288580545438705,Prima,CANASTA_EVIDENCIA
2024-06-10,2024-06-05,49.0950054,49.1582082,49.06126259607332,0.0012873570230831355,-0.0006872960630467384,-0.00197211427097288,0.00197211427097288,Prima,CANASTA_EVIDENCIA
2024-06-11,2024-06-06,49.1405656,49.0348917,48.908182174347075,-0.002150441263948366,-0.004728953010930015,-0.002584068634802872,0.002584068634802872,Prima,CANASTA_EVIDENCIA
2024-06-12,2024-06-07,48.8180481,49.3744257,48.91842492634802,0.011396965295709993,0.0020561417396780524,-0.009235566129369377,0.009235566129369377,Prima,CANASTA_EVIDENCIA
2024-06-13,2024-06-07,48.8180481,49.07936900000001,48.817943168340314,0.005352956747977977,-2.14944398169159e-06,-0.005326593169111327,0.005326593169111327,Prima,CANASTA_EVIDENCIA
2024-06-14,2024-06-07,48.8180481,49.1718642,48.78728532555901,0.007247649461019856,-0.0006301516680464747,-0.007821116418868512,0.007821116418868512,Prima,CANASTA_EVIDENCIA
2024-06-17,2024-06-12,49.3744257,49.3457069,49.29303199227358,-0.0005816533477167596,-0.0016484993308271134,-0.001067466878793888,0.001067466878793888,Prima,CANASTA_EVIDENCIA
2024-06-18,2024-06-13,49.07936900000001,49.5061488,49.22357807164741,0.00869570674390685,0.0029382829198028038,-0.005707790551314096,0.005707790551314096,Prima,CANASTA_EVIDENCIA
2024-06-19,2024-06-14,49.1718642,49.4536016,49.35401733525251,0.005729646507890429,0.0037044179271223943,-0.00201369084405556,0.00201369084405556,Prima,CANASTA_EVIDENCIA
2024-06-20,2024-06-14,49.1718642,49.3279472,49.41887217280311,0.0031742339351858995,0.005023359940116157,0.0018432750188135394,0.0018432750188135394,Prima,CANASTA_EVIDENCIA
2024-06-21,2024-06-14,49.1718642,49.2204786,49.334053959342725,0.0009886629435538197,0.0032984260812858324,0.002307481815967627,0.002307481815967627,Prima,CANASTA_EVIDENCIA
2024-06-24,2024-06-19,49.4536016,49.3426116,49.49677056578137,-0.002244325921855639,0.0008729185415157215,0.003124256312800666,0.003124256312800666,Prima,CANASTA_EVIDENCIA
2024-06-25,2024-06-20,49.3279472,49.2753328,49.24896611298272,-0.0010666245604479263,-0.0016011427902532516,-0.0005350889688415794,0.0005350889688415794,Prima,CANASTA_EVIDENCIA
2024-06-26,2024-06-21,49.2204786,49.3335978,49.21547565601641,0.0022982141421110658,-0.00010164354605823878,-0.0023943549477672965,0.0023943549477672965,Prima,CANASTA_EVIDENCIA
2024-06-27,2024-06-21,49.2204786,49.272309400000005,49.145256603557144,0.00105303323889272,-0.001528266253852606,-0.002578584157917785,0.002578584157917785,Prima,CANASTA_EVIDENCIA
2024-06-28,2024-06-21,49.2204786,49.398632500000005,49.22163886786537,0.0036195076737837173,2.3572868415255854e-05,-0.0035829662315982613,0.0035829662315982613,Prima,CANASTA_EVIDENCIA
2024-07-01,2024-06-26,49.3335978,49.4131756,49.34030526818698,0.0016130548662316446,0.00013596146411565257,-0.0014747146065435812,0.0014747146065435812,Prima,CANASTA_EVIDENCIA
2024-07-02,2024-06-27,49.272309400000005,49.25264309999999,49.41737726388496,-0.00039913493480403517,0.0029442067086256074,0.0033446766207145817,0.0033446766207145817,Prima,CANASTA_EVIDENCIA
2024-07-03,2024-06-28,49.398632500000005,49.4443089,49.74522258323934,0.0009246490780894234,0.007016187811258456,0.006085911400802946,0.006085911400802946,Prima,CANASTA_EVIDENCIA
2024-07-04,2024-06-28,49.398632500000005,49.3421078,49.751958443602106,-0.0011442563718743193,0.007152545034563529,0.008306305949947745,0.008306305949947745,Prima,CANASTA_EVIDENCIA
2024-07-05,2024-06-28,49.398632500000005,49.4245402,49.84234049161873,0.0005244618866726558,0.008982191796882644,0.008453296478390326,0.008453296478390326,Prima,CANASTA_EVIDENCIA
2024-07-08,2024-07-03,49.4443089,49.27043510000001,49.56487763896561,-0.0035165584041563225,0.002438475562666964,0.005976049092483171,0.005976049092483171,Prima,CANASTA_EVIDENCIA
2024-07-09,2024-07-04,49.3421078,49.2914942,49.46839323643477,-0.0010257689072618037,0.002559384713491486,0.0035888349360440053,0.0035888349360440053,Prima,CANASTA_EVIDENCIA
2024-07-10,2024-07-05,49.4245402,49.515271000000006,49.54465654757799,0.0018357439367742145,0.0024302977244083923,0.0005934643390721472,0.0005934643390721472,Prima,CANASTA_EVIDENCIA
2024-07-11,2024-07-05,49.4245402,49.2340207,49.5995415380136,-0.0038547551323502294,0.0035407782713898772,0.007424151690572645,0.007424151690572645,Prima,CANASTA_EVIDENCIA
2024-07-12,2024-07-05,49.4245402,49.2073889,49.6194864955858,-0.004393592719755923,0.003944321885381852,0.00837470966856757,0.00837470966856757,Prima,CANASTA_EVIDENCIA
2024-07-15,2024-07-10,49.515271000000006,49.060678,49.487636435046724,-0.009180864626591734,-0.000558101862217053,0.008702660714283716,0.008702660714283716,Prima,CANASTA_EVIDENCIA
2024-07-16,2024-07-11,49.2340207,49.168019400000006,49.27923044809696,-0.0013405628681468773,0.0009182623611514451,0.0022618573913302242,0.0022618573913302242,Prima,CANASTA_EVIDENCIA
2024-07-17,2024-07-12,49.2073889,48.9231648,49.08604314431375,-0.005776045149999742,-0.002466006800987741,0.0033292683533372447,0.0033292683533372447,Prima,CANASTA_EVIDENCIA
2024-07-18,2024-07-12,49.2073889,48.7956399,48.84353922963042,-0.008367625456346839,-0.007394208034671279,0.0009816313451076475,0.0009816313451076475,Prima,CANASTA_EVIDENCIA
2024-07-19,2024-07-12,49.2073889,48.7013662,48.850290185738004,-0.010283469846943949,-0.007257014083549507,0.0030579016023168926,0.0030579016023168926,Prima,CANASTA_EVIDENCIA
2024-07-22,2024-07-17,48.9231648,48.9324968,48.76037005013588,0.00019074808504626617,-0.0033275596648261185,-0.003517636767395027,0.003517636767395027,Prima,CANASTA_EVIDENCIA
2024-07-23,2024-07-18,48.7956399,48.7615486,48.8257689234428,-0.0006986546353293654,0.0006174531885339007,0.0013170279715604138,0.0013170279715604138,Prima,CANASTA_EVIDENCIA
2024-07-24,2024-07-19,48.7013662,48.5819464,48.62384394486752,-0.002452083161478158,-0.0015917880992112332,0.0008624097627245586,0.0008624097627245586,Prima,CANASTA_EVIDENCIA
2024-07-25,2024-07-19,48.7013662,48.2883533,48.53045231888575,-0.008480519792892438,-0.003509426828240625,0.005013610991902562,0.005013610991902562,Prima,CANASTA_EVIDENCIA
2024-07-26,2024-07-19,48.7013662,48.4607777,48.634224435788624,-0.004940077019851663,-0.0013786423143787863,0.0035791158132532086,0.0035791158132532086,Prima,CANASTA_EVIDENCIA
2024-07-29,2024-07-24,48.5819464,48.3970534,48.5788585083705,-0.0038057964676360134,-6.356047582112279e-05,0.003756532590277528,0.003756532590277528,Prima,CANASTA_EVIDENCIA
2024-07-30,2024-07-25,48.2883533,48.3778689,48.353660081846535,0.0018537720564599791,0.0013524334002612548,-0.0005004110082548197,0.0005004110082548197,Prima,CANASTA_EVIDENCIA
2024-07-31,2024-07-26,48.4607777,48.5966032,48.640993008275,0.002802792411645383,0.003718786961914411,0.0009134343833110403,0.0009134343833110403,Prima,CANASTA_EVIDENCIA
2024-08-01,2024-07-26,48.4607777,48.0682832,48.389030470422256,-0.008099220000755358,-0.0014805216297167911,0.006672742379579155,0.006672742379579155,Prima,CANASTA_EVIDENCIA
2024-08-02,2024-07-26,48.4607777,47.3520423,48.13236031433295,-0.022879026144890013,-0.006776973075012238,0.01647907833392326,0.01647907833392326,Prima,CANASTA_EVIDENCIA
2024-08-05,2024-07-31,48.5966032,44.8239285,47.79740867706169,-0.0776324774073921,-0.016445481171785015,0.06633689363175055,0.06633689363175055,Prima,CANASTA_EVIDENCIA
2024-08-06,2024-08-01,48.0682832,44.8496735,47.639581268405145,-0.06695911494504969,-0.008918602934311903,0.06220575426051078,0.06220575426051078,Prima,CANASTA_EVIDENCIA
2024-08-07,2024-08-02,47.3520423,44.8119079,47.163447958907994,-0.053643608102622364,-0.0039828132416583895,0.052475785323748525,0.052475785323748525,Prima,CANASTA_EVIDENCIA
2024-08-08,2024-08-02,47.3520423,45.1068802,47.44184362062405,-0.04741426115848868,0.0018964614040322125,0.05176512785346765,0.05176512785346765,Prima,CANASTA_EVIDENCIA
2024-08-09,2024-08-02,47.3520423,45.2500804,47.47634014794152,-0.044390100149914735,0.0026249733254171126,0.049199023035139566,0.049199023035139566,Prima,CANASTA_EVIDENCIA
2024-08-12,2024-08-07,44.8119079,45.3864968,45.157160474064874,0.012822236921539387,0.007704482809241631,-0.005052963813129807,0.005052963813129807,Prima,CANASTA_EVIDENCIA
2024-08-13,2024-08-08,45.1068802,45.6305161,45.28645936554667,0.011608781136674517,0.0039811923314232445,-0.007540057923064558,0.007540057923064558,Prima,CANASTA_EVIDENCIA
2024-08-14,2024-08-09,45.2500804,45.4839171,45.363415084856314,0.0051676526965904745,0.0025046294692618876,-0.0026493323976198857,0.0026493323976198857,Prima,CANASTA_EVIDENCIA
2024-08-15,2024-08-09,45.2500804,45.8454978,45.56241376070527,0.013158372200372748,0.0069023824475960005,-0.006174740222686159,0.006174740222686159,Prima,CANASTA_EVIDENCIA
2024-08-16,2024-08-09,45.2500804,45.8861385,45.60277344706651,0.01405650762114452,0.007794307633241404,-0.006175395494076974,0.006175395494076974,Prima,CANASTA_EVIDENCIA
2024-08-19,2024-08-14,45.4839171,46.0104462,45.846293687161484,0.011576159960945853,0.007967136743406877,-0.0035677226889947455,0.0035677226889947455,Prima,CANASTA_EVIDENCIA
2024-08-20,2024-08-15,45.8454978,46.0675519,45.98613738131536,0.004843531222383124,0.003067685772088158,-0.001767285547566444,0.001767285547566444,Prima,CANASTA_EVIDENCIA
2024-08-21,2024-08-16,45.8861385,46.086941800000005,46.02055649892343,0.004376121124247678,0.0029293813625967946,-0.0014404362382007818,0.0014404362382007818,Prima,CANASTA_EVIDENCIA
2024-08-22,2024-08-16,45.8861385,45.749117000000005,45.87607497277015,-0.0029861196535418966,-0.00021931519101026087,0.0027750912169548503,0.0027750912169548503,Prima,CANASTA_EVIDENCIA
2024-08-23,2024-08-16,45.8861385,46.011852,46.05383840134257,0.00273968357568366,0.0036546963162429336,0.0009125127443809777,0.0009125127443809777,Prima,CANASTA_EVIDENCIA
2024-08-26,2024-08-21,46.086941800000005,45.7717214,46.10946437408401,-0.00683969010935781,0.0004886975183067133,0.007378856720997584,0.007378856720997584,Prima,CANASTA_EVIDENCIA
2024-08-27,2024-08-22,45.749117000000005,45.7932924,45.93260896031739,0.0009656011502909845,0.0040108306422041995,0.0030422918514019237,0.0030422918514019237,Prima,CANASTA_EVIDENCIA
2024-08-28,2024-08-23,46.011852,45.6164108,45.891824021616344,-0.008594333477383143,-0.002608631758262092,0.006037590787751013,0.006037590787751013,Prima,CANASTA_EVIDENCIA
2024-08-29,2024-08-23,46.011852,45.734564,45.93523648372388,-0.006026447272759139,-0.0016651256784039337,0.004387764224097035,0.004387764224097035,Prima,CANASTA_EVIDENCIA
2024-08-30,2024-08-23,46.011852,45.9009229,46.032260504537014,-0.0024108810051810536,0.0004435488607807958,0.0028613281877392094,0.0028613281877392094,Prima,CANASTA_EVIDENCIA
2024-09-02,2024-08-28,45.6164108,45.9886295,45.76220016502761,0.008159754208457048,0.003195985007825586,-0.004923593884709976,0.004923593884709976,Prima,CANASTA_EVIDENCIA
2024-09-03,2024-08-29,45.734564,45.4684047,45.496923048,-0.005819653162102867,-0.005196090904026063,0.0006272124168016369,0.0006272124168016369,Prima,CANASTA_EVIDENCIA
2024-09-04,2024-08-30,45.9009229,45.5058752,45.53601437583363,-0.008606530654310607,-0.007949916932201151,0.0006623139474006834,0.0006623139474006834,Prima,CANASTA_EVIDENCIA
2024-09-05,2024-08-30,45.9009229,45.499564,45.59272669737629,-0.008744026800384885,-0.006714379214011523,0.0020475514309608034,0.0020475514309608034,Prima,CANASTA_EVIDENCIA
2024-09-06,2024-08-30,45.9009229,45.1362327,45.396390965733,-0.016659582241210114,-0.010991760130099726,0.00576384536702812,0.00576384536702812,Prima,CANASTA_EVIDENCIA
2024-09-09,2024-09-04,45.5058752,45.444766,45.47057833752627,-0.0013428859401433124,-0.0007756550625297454,0.0005679936282709797,0.0005679936282709797,Prima,CANASTA_EVIDENCIA
2024-09-10,2024-09-05,45.499564,45.3870618,45.39009645370723,-0.0024725995176569926,-0.0024059031926716434,6.686164706160014e-05,6.686164706160014e-05,Prima,CANASTA_EVIDENCIA
2024-09-11,2024-09-06,45.1362327,45.3671531,45.34438712998852,0.005116076069857867,0.0046116925923354035,-0.0005018161479364291,0.0005018161479364291,Prima,CANASTA_EVIDENCIA
2024-09-12,2024-09-06,45.1362327,45.5990421,45.53213320318268,0.010253611617878633,0.008771234981307607,-0.0014673311924093824,0.0014673311924093824,Prima,CANASTA_EVIDENCIA
2024-09-13,2024-09-06,45.1362327,45.9794965,45.659338430658416,0.018682635868278785,0.011589485860179272,-0.0069630616625301345,0.0069630616625301345,Prima,CANASTA_EVIDENCIA
2024-09-16,2024-09-11,45.3671531,45.9759973,45.72305910540874,0.013420374839434146,0.007845015194676952,-0.005501527089033176,0.005501527089033176,Prima,CANASTA_EVIDENCIA
2024-09-17,2024-09-12,45.5990421,45.768028400000006,45.74589045074079,0.0037059177609348737,0.003220426219014527,-0.0004836989932303082,0.0004836989932303082,Prima,CANASTA_EVIDENCIA
2024-09-18,2024-09-13,45.9794965,45.787220000000005,46.05345882245788,-0.004181787854070973,0.00160859357078591,0.005814697255213774,0.005814697255213774,Prima,CANASTA_EVIDENCIA
2024-09-19,2024-09-13,45.9794965,46.1953035,46.257809381491654,0.004693548568980077,0.006052978015791188,0.0013530787061861727,0.0013530787061861727,Prima,CANASTA_EVIDENCIA
2024-09-20,2024-09-13,45.9794965,46.1461291,46.24997202561364,0.003624063173462533,0.005882524738252348,0.0022503063125534073,0.0022503063125534073,Prima,CANASTA_EVIDENCIA
2024-09-23,2024-09-18,45.787220000000005,46.2693688,46.06603593151813,0.010530204716512559,0.006089383271535631,-0.00439454597621125,0.00439454597621125,Prima,CANASTA_EVIDENCIA
2024-09-24,2024-09-19,46.1953035,46.558789100000006,46.64617931213242,0.007868453553941945,0.009760208895097211,0.0018769863611511894,0.0018769863611511894,Prima,CANASTA_EVIDENCIA
2024-09-25,2024-09-20,46.1461291,46.4003661,46.46001300097395,0.0055093895188707,0.006801955160610662,0.0012854834128981363,0.0012854834128981363,Prima,CANASTA_EVIDENCIA
2024-09-26,2024-09-20,46.1461291,46.7863643,46.85846736854307,0.01387408245256272,0.015436576857820627,0.0015411128781182004,0.0015411128781182004,Prima,CANASTA_EVIDENCIA
2024-09-27,2024-09-20,46.1461291,46.655388,46.8362884253793,0.011035788048363138,0.01495595272755601,0.003877374792795596,0.003877374792795596,Prima,CANASTA_EVIDENCIA
2024-09-30,2024-09-25,46.4003661,45.9759973,46.63859496370069,-0.00914580714913793,0.005134202242871755,0.01441181709179995,0.01441181709179995,Prima,CANASTA_EVIDENCIA
2024-10-01,2024-09-26,46.7863643,46.6067686,46.64693089246011,-0.0038386333857534094,-0.0029802146336018742,0.000861726604665547,0.000861726604665547,Prima,CANASTA_EVIDENCIA
2024-10-02,2024-09-27,46.655388,46.7808031,46.65090608730885,0.0026881161078329274,-9.606420358465595e-05,-0.002776716175938221,0.002776716175938221,Prima,CANASTA_EVIDENCIA
2024-10-03,2024-09-27,46.655388,46.7150886,46.547665434339976,0.0012796078343619843,-0.0023088987205514,-0.0035839205421099862,0.0035839205421099862,Prima,CANASTA_EVIDENCIA
2024-10-04,2024-09-27,46.655388,47.0283639,46.71469603750677,0.007994272815821324,0.0012711937473710577,-0.006669759193839053,0.006669759193839053,Prima,CANASTA_EVIDENCIA
2024-10-07,2024-10-02,46.7808031,46.9949823,46.81413317144211,0.004578356629366898,0.0007124732632499686,-0.003848264638199206,0.003848264638199206,Prima,CANASTA_EVIDENCIA
2024-10-08,2024-10-03,46.7150886,46.7270583,46.65726057167576,0.00025622770626632096,-0.0012378875874431428,-0.0014937325580421934,0.0014937325580421934,Prima,CANASTA_EVIDENCIA
2024-10-09,2024-10-04,47.0283639,46.8797793,46.804724149173914,-0.003159467769619728,-0.00475542273385543,-0.0016010133142007055,0.0016010133142007055,Prima,CANASTA_EVIDENCIA
2024-10-10,2024-10-04,47.0283639,47.076908,46.93103483671602,0.001032230253708688,-0.002069582167283923,-0.003098613937941308,0.003098613937941308,Prima,CANASTA_EVIDENCIA
2024-10-11,2024-10-04,47.0283639,47.1183083,47.04088704668855,0.001912556434904955,0.00026628922739435623,-0.0016431246389091436,0.0016431246389091436,Prima,CANASTA_EVIDENCIA
2024-10-14,2024-10-09,46.8797793,47.2076035,47.108787393694904,0.006992869951501612,0.004885007931231922,-0.002093224374439928,0.002093224374439928,Prima,CANASTA_EVIDENCIA
2024-10-15,2024-10-10,47.076908,46.8431471,46.973031432764294,-0.004965510903987114,-0.0022065290956599926,0.0027727499283303203,0.0027727499283303203,Prima,CANASTA_EVIDENCIA
2024-10-16,2024-10-11,47.1183083,46.8093941,47.0266677781213,-0.006556139452909893,-0.0019449026330748964,0.00464166824413792,0.00464166824413792,Prima,CANASTA_EVIDENCIA
2024-10-17,2024-10-11,47.1183083,46.7847147,47.05838913529682,-0.007079914624184447,-0.001271674787678645,0.005849654893734346,0.005849654893734346,Prima,CANASTA_EVIDENCIA
2024-10-18,2024-10-11,47.1183083,47.125758100000006,47.249738892312806,0.00015810839286856115,0.0027893741743865164,0.0026308498220806165,0.0026308498220806165,Prima,CANASTA_EVIDENCIA
2024-10-21,2024-10-16,46.8093941,47.0993885,47.03115101384796,0.006195217980828449,0.004737444654254963,-0.0014487977089563397,0.0014487977089563397,Prima,CANASTA_EVIDENCIA
2024-10-22,2024-10-17,46.7847147,47.122838300000005,47.00120805922668,0.007227223723991205,0.004627437841929982,-0.002581131467484843,0.002581131467484843,Prima,CANASTA_EVIDENCIA
2024-10-23,2024-10-18,47.125758100000006,46.9014982,47.07346904484021,-0.0047587542151392714,-0.0011095642227938463,0.003666638624354457,0.003666638624354457,Prima,CANASTA_EVIDENCIA
2024-10-24,2024-10-18,47.125758100000006,46.993123,47.089858891686,-0.0028144926542839066,-0.0007617746591541685,0.0020585116610787324,0.0020585116610787324,Prima,CANASTA_EVIDENCIA
2024-10-25,2024-10-18,47.125758100000006,47.1022554,47.11996271873458,-0.0004987230115245378,-0.00012297693446394753,0.00037593356377962905,0.00037593356377962905,Prima,CANASTA_EVIDENCIA
2024-10-28,2024-10-23,46.9014982,47.1173213,46.98576623375539,0.0046016248581159935,0.0017967023866924947,-0.0027920743924932934,0.0027920743924932934,Prima,CANASTA_EVIDENCIA
2024-10-29,2024-10-24,46.993123,47.3197097,46.99602214963591,0.006949670061298097,6.169306168302136e-05,-0.006840438210974131,0.006840438210974131,Prima,CANASTA_EVIDENCIA
2024-10-30,2024-10-25,47.1022554,47.0630732,46.98794689653924,-0.0008318540092667748,-0.0024268159239940745,-0.0015962897947929822,0.0015962897947929822,Prima,CANASTA_EVIDENCIA
2024-10-31,2024-10-25,47.1022554,46.5901021,46.85365982343782,-0.010873222431722285,-0.005277784990359025,0.005656946680909325,0.005656946680909325,Prima,CANASTA_EVIDENCIA
2024-11-01,2024-10-25,47.1022554,46.5856693,46.83917066319716,-0.010967332574906785,-0.005585395743126886,0.00544161685355804,0.00544161685355804,Prima,CANASTA_EVIDENCIA
2024-11-04,2024-10-30,47.0630732,46.6036449,46.96447409750823,-0.009761969815434757,-0.0020950417341587535,0.007742510232461086,0.007742510232461086,Prima,CANASTA_EVIDENCIA
2024-11-05,2024-10-31,46.5901021,46.7818102,46.75794046780522,0.004114781710255144,0.0036024468769133566,-0.0005102353263530812,0.0005102353263530812,Prima,CANASTA_EVIDENCIA
2024-11-06,2024-11-01,46.5856693,47.1972418,46.73965517361566,0.013127910561113287,0.0033054343949430187,-0.009695198467812638,0.009695198467812638,Prima,CANASTA_EVIDENCIA
2024-11-07,2024-11-01,46.5856693,47.3100232,46.974078698293674,0.01554885678115614,0.008337529633682284,-0.007100916021244519,0.007100916021244519,Prima,CANASTA_EVIDENCIA
2024-11-08,2024-11-01,46.5856693,47.3710197,46.76663501971573,0.01685819720529369,0.0038845791513770767,-0.01275853220200518,0.01275853220200518,Prima,CANASTA_EVIDENCIA
2024-11-11,2024-11-06,47.1972418,47.3375836,47.12723626861302,0.0029735169820876983,-0.0014832547139859154,-0.004443558698821848,0.004443558698821848,Prima,CANASTA_EVIDENCIA
2024-11-12,2024-11-07,47.3100232,47.403941800000005,46.90305344032785,0.0019851734082430017,-0.008602188968534485,-0.010566386267737649,0.010566386267737649,Prima,CANASTA_EVIDENCIA
2024-11-13,2024-11-08,47.3710197,47.4171934,47.12093349110336,0.0009747246373927876,-0.0052793081187704205,-0.006247942732448664,0.006247942732448664,Prima,CANASTA_EVIDENCIA
2024-11-14,2024-11-08,47.3710197,47.1761396,47.08933519136674,-0.0041139097539840686,-0.005946346741470987,-0.0018400066086216027,0.0018400066086216027,Prima,CANASTA_EVIDENCIA
2024-11-15,2024-11-08,47.3710197,46.96738250000001,47.05696891272752,-0.008520762325916142,-0.006629597362719952,0.0019074176153528466,0.0019074176153528466,Prima,CANASTA_EVIDENCIA
2024-11-18,2024-11-13,47.4171934,47.0187292,47.49346039817557,-0.008403369567630325,0.0016084249764045655,0.010096640344239072,0.010096640344239072,Prima,CANASTA_EVIDENCIA
2024-11-19,2024-11-14,47.1761396,47.0201735,47.378853692015724,-0.003306037783557869,0.004296962272337446,0.0076282192369139246,0.0076282192369139246,Prima,CANASTA_EVIDENCIA
2024-11-20,2024-11-15,46.96738250000001,46.965287,47.20232011236118,-4.461606946071228e-05,0.005002144038177336,0.005046985284284267,0.005046985284284267,Prima,CANASTA_EVIDENCIA
2024-11-21,2024-11-15,46.96738250000001,47.2152474,47.23963215015302,0.005277383724758167,0.005796568504813138,0.0005164592265383128,0.0005164592265383128,Prima,CANASTA_EVIDENCIA
2024-11-22,2024-11-15,46.96738250000001,47.2026127,47.209172655084174,0.00500837363035922,0.005148044072589508,0.00013897440647747672,0.00013897440647747672,Prima,CANASTA_EVIDENCIA
2024-11-25,2024-11-20,46.965287,47.0585108,46.933034095355666,0.0019849511406160314,-0.0006867392217645429,-0.002666397693237954,0.002666397693237954,Prima,CANASTA_EVIDENCIA
2024-11-26,2024-11-21,47.2152474,47.0686454,47.15551633124589,-0.0031049715520499177,-0.0012650800756814906,0.0018456220804241585,0.0018456220804241585,Prima,CANASTA_EVIDENCIA
2024-11-27,2024-11-22,47.2026127,46.8854519,47.20808353441121,-0.006719136544744764,0.00011590109314441044,0.006881273856533143,0.006881273856533143,Prima,CANASTA_EVIDENCIA
2024-11-28,2024-11-22,47.2026127,46.800270600000005,47.214475847927325,-0.008523725213201994,0.00025132396807614477,0.00885048831164914,0.00885048831164914,Prima,CANASTA_EVIDENCIA
2024-11-29,2024-11-22,47.2026127,46.942187,47.1827876364823,-0.005517188246658367,-0.0004199992835925981,0.005125467130074446,0.005125467130074446,Prima,CANASTA_EVIDENCIA
2024-12-02,2024-11-27,46.8854519,47.0034507,46.93751645801644,0.002516746564620531,0.0011104629667959554,-0.0014027532234683893,0.0014027532234683893,Prima,CANASTA_EVIDENCIA
2024-12-03,2024-11-28,46.800270600000005,46.664897,46.924423475162804,-0.002892581565543395,0.0026528238741165833,0.005561492510372412,0.005561492510372412,Prima,CANASTA_EVIDENCIA
2024-12-04,2024-11-29,46.942187,46.9740959,47.09536340416616,0.0006797489004934931,0.0032630862334164235,0.0025815825050536922,0.0025815825050536922,Prima,CANASTA_EVIDENCIA
2024-12-05,2024-11-29,46.942187,46.873261,47.161731504721175,-0.0014683167616369452,0.004676912575913406,0.006154265749105381,0.006154265749105381,Prima,CANASTA_EVIDENCIA
2024-12-06,2024-11-29,46.942187,46.7873505,47.101295031289524,-0.00329845092219494,0.0033894464970183336,0.00671003012426441,0.00671003012426441,Prima,CANASTA_EVIDENCIA
2024-12-09,2024-12-04,46.9740959,46.8856611,47.22824662011333,-0.0018826291023943398,0.005410444102093459,0.00730682925388737,0.00730682925388737,Prima,CANASTA_EVIDENCIA
2024-12-10,2024-12-05,46.873261,46.7221788,46.90464628882334,-0.0032232065099971896,0.0006695776686700405,0.0039053719991188895,0.0039053719991188895,Prima,CANASTA_EVIDENCIA
2024-12-11,2024-12-06,46.7873505,47.177225,47.02816879609723,0.0083329039972031,0.00514708128422936,-0.003159494944918184,0.003159494944918184,Prima,CANASTA_EVIDENCIA
2024-12-12,2024-12-06,46.7873505,47.0595085,46.89752595708565,0.00581691412511165,0.002354812912213289,-0.003442078935319781,0.003442078935319781,Prima,CANASTA_EVIDENCIA
2024-12-13,2024-12-06,46.7873505,46.8463959,46.81350522804905,0.001261994948826839,0.0005590128051609078,-0.0007020961019318372,0.0007020961019318372,Prima,CANASTA_EVIDENCIA
2024-12-16,2024-12-11,47.177225,47.0544743,46.89999292001639,-0.0026019058984498855,-0.005876396502414338,-0.003283032746231651,0.003283032746231651,Prima,CANASTA_EVIDENCIA
2024-12-17,2024-12-12,47.0595085,46.8690758,46.882634187988096,-0.004046635973684265,-0.0037585244225809555,0.00028928217074208895,0.00028928217074208895,Prima,CANASTA_EVIDENCIA
2024-12-18,2024-12-13,46.8463959,45.9725483,46.46118183882445,-0.01865346486558639,-0.008222917767203186,0.010628811255704251,0.010628811255704251,Prima,CANASTA_EVIDENCIA
2024-12-19,2024-12-13,46.8463959,45.7227139,46.4659258161193,-0.02398651973993149,-0.00812165112323393,0.016254763830177987,0.016254763830177987,Prima,CANASTA_EVIDENCIA
2024-12-20,2024-12-13,46.8463959,46.0063641,46.54341840631766,-0.017931620647896995,-0.006467466447772852,0.01167347858983847,0.01167347858983847,Prima,CANASTA_EVIDENCIA
2024-12-23,2024-12-18,45.9725483,46.1320184,46.0888688324757,0.003468811408046335,0.00253021720085278,-0.000935349655637463,0.000935349655637463,Prima,CANASTA_EVIDENCIA
2024-12-24,2024-12-19,45.7227139,46.4558634,45.91261127428647,0.016034689051998674,0.004153239344055315,-0.011693941000212482,0.011693941000212482,Prima,CANASTA_EVIDENCIA
2024-12-26,2024-12-20,46.0063641,46.5595179,46.13580782553332,0.012023419168653682,0.002813604771112921,-0.009100396515632325,0.009100396515632325,Prima,CANASTA_EVIDENCIA
2024-12-27,2024-12-20,46.0063641,46.4728847,46.034571903053745,0.010140349256593462,0.0006131282835659668,-0.009431581443151815,0.009431581443151815,Prima,CANASTA_EVIDENCIA
2024-12-30,2024-12-24,46.4558634,46.3234889,46.200174827097506,-0.0028494680824293628,-0.005503903149984168,-0.002662020409747168,0.002662020409747168,Prima,CANASTA_EVIDENCIA
2024-12-31,2024-12-26,46.5595179,46.110320300000005,46.325514132073955,-0.009647814673785504,-0.005025906162272498,0.004666934228039876,0.004666934228039876,Prima,CANASTA_EVIDENCIA
2025-01-02,2024-12-27,46.4728847,45.915809200000005,46.38479228770214,-0.011987108258850965,-0.0018955658308393852,0.01021397849397232,0.01021397849397232,Prima,CANASTA_EVIDENCIA
2025-01-03,2024-12-27,46.4728847,46.16225540000001,46.42900550880559,-0.006684097662652655,-0.0009441891003253433,0.005778532840178041,0.005778532840178041,Prima,CANASTA_EVIDENCIA
2025-01-06,2024-12-31,46.110320300000005,46.4822859,46.27975574292335,0.008066862203080394,0.003674566600730067,-0.004357147097119207,0.004357147097119207,Prima,CANASTA_EVIDENCIA
2025-01-07,2025-01-02,45.915809200000005,46.267453,45.946885648217176,0.0076584471912126695,0.0006768136891981413,-0.0069285714038079815,0.0069285714038079815,Prima,CANASTA_EVIDENCIA
2025-01-08,2025-01-03,46.16225540000001,46.3377497,46.190462303158384,0.0038016838319385737,0.0006110382370609901,-0.003178561708222505,0.003178561708222505,Prima,CANASTA_EVIDENCIA
2025-01-09,2025-01-03,46.16225540000001,46.2525437,46.196716823452164,0.0019558901361649284,0.0007465281571177318,-0.00120700121727213,0.00120700121727213,Prima,CANASTA_EVIDENCIA
2025-01-10,2025-01-03,46.16225540000001,46.0119323,46.05741827723076,-0.0032564071815261997,-0.002271057205953775,0.0009885691592821377,0.0009885691592821377,Prima,CANASTA_EVIDENCIA
2025-01-13,2025-01-08,46.3377497,45.8777646,46.167153916186564,-0.009926789776759537,-0.0036815724742333966,0.006307833843032684,0.006307833843032684,Prima,CANASTA_EVIDENCIA
2025-01-14,2025-01-09,46.2525437,45.912477,46.21398584391856,-0.007352389140059201,-0.0008336375255710848,0.0065670350113882225,0.0065670350113882225,Prima,CANASTA_EVIDENCIA
2025-01-15,2025-01-10,46.0119323,46.0817879,46.2662745751217,0.0015182061806173763,0.005527746008652246,0.00400346174766586,0.00400346174766586,Prima,CANASTA_EVIDENCIA
2025-01-16,2025-01-10,46.0119323,45.9465485,46.24775524327068,-0.0014210183474515636,0.0051252562429482396,0.006555590204358586,0.006555590204358586,Prima,CANASTA_EVIDENCIA
2025-01-17,2025-01-10,46.0119323,46.0064779,46.26504085122672,-0.00011854316320458747,0.005500932879246356,0.005620142271893558,0.005620142271893558,Prima,CANASTA_EVIDENCIA
2025-01-20,2025-01-15,46.0817879,45.9577762,46.08679873418678,-0.0026911217131834198,0.00010873784232612316,0.002807414650032092,0.002807414650032092,Prima,CANASTA_EVIDENCIA
2025-01-21,2025-01-16,45.9465485,46.1436296,46.09559900326067,0.004289355924090854,0.0032439978219620524,-0.0010408933401139242,0.0010408933401139242,Prima,CANASTA_EVIDENCIA
2025-01-22,2025-01-17,46.0064779,46.0247615,46.094458651356575,0.00039741359987899294,0.0019123557240745548,0.0015143403047634951,0.0015143403047634951,Prima,CANASTA_EVIDENCIA
2025-01-23,2025-01-17,46.0064779,46.0426226,46.123421440488535,0.000785643710404571,0.0025418929208778085,0.0017548705074965643,0.0017548705074965643,Prima,CANASTA_EVIDENCIA
2025-01-24,2025-01-17,46.0064779,45.9527175,46.141108550003,-0.001168539789480394,0.0029263411621214264,0.004099671580968023,0.004099671580968023,Prima,CANASTA_EVIDENCIA
2025-01-27,2025-01-22,46.0247615,45.4502579,45.89639899823432,-0.012482489452987133,-0.0027889878748350583,0.00981603006997056,0.00981603006997056,Prima,CANASTA_EVIDENCIA
2025-01-28,2025-01-23,46.0426226,45.537537,45.94296474546812,-0.01096995721525218,-0.002164469548089576,0.008903154895446352,0.008903154895446352,Prima,CANASTA_EVIDENCIA
2025-01-29,2025-01-24,45.9527175,45.4175265,45.88928362096621,-0.011646558225854586,-0.0013804162731787528,0.010387116105193606,0.010387116105193606,Prima,CANASTA_EVIDENCIA
2025-01-30,2025-01-24,45.9527175,45.7238742,46.06735785174158,-0.004979973164807916,0.0024947458600590444,0.007512129226827202,0.007512129226827202,Prima,CANASTA_EVIDENCIA
2025-01-31,2025-01-24,45.9527175,45.5790084,45.93015713625108,-0.008132470076443243,-0.0004909473253440488,0.007704176737883595,0.007704176737883595,Prima,CANASTA_EVIDENCIA
2025-02-03,2025-01-29,45.4175265,45.2600627,45.410027906413895,-0.0034670272058959783,-0.00016510352200937994,0.0033134113712549595,0.0033134113712549595,Prima,CANASTA_EVIDENCIA
2025-02-04,2025-01-30,45.7238742,45.5294462,45.7615758582266,-0.004252220604700985,0.0008245508257171963,0.005098451169533336,0.005098451169533336,Prima,CANASTA_EVIDENCIA
2025-02-05,2025-01-31,45.5790084,45.7357886,45.80439884712178,0.0034397457404975462,0.004945049377638178,0.0015001435248409578,0.0015001435248409578,Prima,CANASTA_EVIDENCIA
2025-02-06,2025-01-31,45.5790084,45.8670253,45.92671407832796,0.0063190690212560074,0.0076286363072339824,0.0013013440034002066,0.0013013440034002066,Prima,CANASTA_EVIDENCIA
2025-02-07,2025-01-31,45.5790084,45.6155616,45.88196477053843,0.0008019744457625766,0.006646839875929178,0.005840181753641538,0.005840181753641538,Prima,CANASTA_EVIDENCIA
2025-02-10,2025-02-05,45.7357886,45.7934599,45.95461411676569,0.0012609665595664232,0.004784557639959219,0.003519153545453957,0.003519153545453957,Prima,CANASTA_EVIDENCIA
2025-02-11,2025-02-06,45.8670253,45.681823400000006,45.79649626843314,-0.004037800550366066,-0.0015376848859406378,0.0025102515595543107,0.0025102515595543107,Prima,CANASTA_EVIDENCIA
2025-02-12,2025-02-07,45.6155616,45.6668624,45.67777405658245,0.0011246337477954782,0.0013638428290763116,0.00023894036088734083,0.00023894036088734083,Prima,CANASTA_EVIDENCIA
2025-02-13,2025-02-07,45.6155616,45.921928900000005,45.78756001858819,0.006716289118317231,0.0037706083747566232,-0.002926028688917226,0.002926028688917226,Prima,CANASTA_EVIDENCIA
2025-02-14,2025-02-07,45.6155616,45.882767,45.83116541688432,0.005857768503282124,0.004726540884773867,-0.0011246397392660201,0.0011246397392660201,Prima,CANASTA_EVIDENCIA
2025-02-17,2025-02-12,45.6668624,45.8757451,45.82642150410719,0.004574054117630899,0.0034939800047919523,-0.0010751562897844957,0.0010751562897844957,Prima,CANASTA_EVIDENCIA
2025-02-18,2025-02-13,45.921928900000005,45.83952669999999,45.966352281849346,-0.0017943976216558966,0.000967367506405914,0.00276672974132941,0.00276672974132941,Prima,CANASTA_EVIDENCIA
2025-02-19,2025-02-14,45.882767,45.7725448,45.837308776494545,-0.0024022570391188935,-0.0009907472124656147,0.001414908801280923,0.001414908801280923,Prima,CANASTA_EVIDENCIA
2025-02-20,2025-02-14,45.882767,45.6062525,45.93714768733564,-0.006026543691229569,0.0011852094128419477,0.00725547856262998,0.00725547856262998,Prima,CANASTA_EVIDENCIA
2025-02-21,2025-02-14,45.882767,45.194163200000006,45.743795533597584,-0.015007896101819518,-0.003028837960065034,0.012161577838387228,0.012161577838387228,Prima,CANASTA_EVIDENCIA
2025-02-24,2025-02-19,45.7725448,44.8724102,45.60432868157463,-0.01966538246743932,-0.0036750440501042148,0.01631110248619172,0.01631110248619172,Prima,CANASTA_EVIDENCIA
2025-02-25,2025-02-20,45.6062525,44.5557055,45.330230273971516,-0.023035152910228618,-0.006052289124796717,0.017383290541129748,0.017383290541129748,Prima,CANASTA_EVIDENCIA
2025-02-26,2025-02-21,45.194163200000006,44.6272901,45.22079520116056,-0.012543059985232863,0.0005892796607982476,0.013299151703602075,0.013299151703602075,Prima,CANASTA_EVIDENCIA
2025-02-27,2025-02-21,45.194163200000006,44.092013900000005,45.00659090879506,-0.02438698322884314,-0.004150365399506861,0.020742463949805057,0.020742463949805057,Prima,CANASTA_EVIDENCIA
2025-02-28,2025-02-21,45.194163200000006,44.4042285,45.045293232198304,-0.01747868848692402,-0.0032940087228278125,0.01443701993827684,0.01443701993827684,Prima,CANASTA_EVIDENCIA
2025-03-03,2025-02-26,44.6272901,44.126214,44.32057487024213,-0.011228019870290207,-0.006872817710207979,0.004404657744762286,0.004404657744762286,Prima,CANASTA_EVIDENCIA
2025-03-04,2025-02-27,44.092013900000005,43.6998906,43.99353456237677,-0.008893295300353765,-0.0022334960214468458,0.0067195582951131705,0.0067195582951131705,Prima,CANASTA_EVIDENCIA
2025-03-05,2025-02-28,44.4042285,44.017953,44.55776752982343,-0.00869907017976912,0.0034577569526610397,0.012263508251358912,0.012263508251358912,Prima,CANASTA_EVIDENCIA
2025-03-06,2025-02-28,44.4042285,43.724903700000006,44.49869054254326,-0.015298651118327511,0.002127320882137518,0.017696707758403818,0.017696707758403818,Prima,CANASTA_EVIDENCIA
2025-03-07,2025-02-28,44.4042285,43.7619767,44.551052373415864,-0.014463753153598935,0.0033065290936393765,0.018031079327727628,0.018031079327727628,Prima,CANASTA_EVIDENCIA
2025-03-10,2025-03-05,44.017953,43.2323353,43.74511655469141,-0.017847665474130414,-0.006198299255501305,0.01186105842150531,0.01186105842150531,Prima,CANASTA_EVIDENCIA
2025-03-11,2025-03-06,43.724903700000006,43.1735962,43.58074435675368,-0.012608546922883379,-0.003296961938107801,0.009430489757387361,0.009430489757387361,Prima,CANASTA_EVIDENCIA
2025-03-12,2025-03-07,43.7619767,43.2194874,43.68942824254972,-0.01239636188554527,-0.0016577966289690327,0.01087335530383271,0.01087335530383271,Prima,CANASTA_EVIDENCIA
2025-03-13,2025-03-07,43.7619767,43.1872539,43.720858342506865,-0.013132925963099784,-0.0009395909552946113,0.012355600190334437,0.012355600190334437,Prima,CANASTA_EVIDENCIA
2025-03-14,2025-03-07,43.7619767,43.6413077,43.99576598937469,-0.002757393726229962,0.005342292716286057,0.008122082221076354,0.008122082221076354,Prima,CANASTA_EVIDENCIA
2025-03-17,2025-03-12,43.2194874,43.839249200000005,43.696129966001415,0.01433986928776032,0.011028417842859906,-0.0032646369773730033,0.0032646369773730033,Prima,CANASTA_EVIDENCIA
2025-03-18,2025-03-13,43.1872539,43.6754496,43.623258362732365,0.011304161666088275,0.010095674611354744,-0.0011949788209537626,0.0011949788209537626,Prima,CANASTA_EVIDENCIA
2025-03-19,2025-03-14,43.6413077,43.84098300000001,43.87092168358224,0.004575373895132184,0.005261391000486393,0.0006828926163044979,0.0006828926163044979,Prima,CANASTA_EVIDENCIA
2025-03-20,2025-03-14,43.6413077,43.7301487,43.851615953887034,0.002035708934542413,0.004819018149793797,0.002777654718723488,0.002777654718723488,Prima,CANASTA_EVIDENCIA
2025-03-21,2025-03-14,43.6413077,43.8182131,43.85086370196058,0.004053622801958312,0.004801780996140481,0.0007451376870630799,0.0007451376870630799,Prima,CANASTA_EVIDENCIA
2025-03-24,2025-03-19,43.84098300000001,44.2141142,43.874252083981936,0.008511013541826484,0.0007588580753750129,-0.007686733572920046,0.007686733572920046,Prima,CANASTA_EVIDENCIA
2025-03-25,2025-03-20,43.7301487,44.4155224,43.872592518045344,0.015672796008580736,0.0032573366951607063,-0.012223876983030957,0.012223876983030957,Prima,CANASTA_EVIDENCIA
2025-03-26,2025-03-21,43.8182131,44.1119705,43.82068969998535,0.00670400226795187,5.651987632848687e-05,-0.006603214427128079,0.006603214427128079,Prima,CANASTA_EVIDENCIA
2025-03-27,2025-03-21,43.8182131,44.2370686,43.892032476119674,0.009558936121929706,0.001684673356058708,-0.007799705875635832,0.007799705875635832,Prima,CANASTA_EVIDENCIA
2025-03-28,2025-03-21,43.8182131,43.8751466,43.701397825616226,0.0012993113130850276,-0.002665906848304922,-0.003960072794008007,0.003960072794008007,Prima,CANASTA_EVIDENCIA
2025-03-31,2025-03-26,44.1119705,43.98332860000001,43.96955689957939,-0.002916258297733232,-0.0032284570107927735,-0.0003131118280260692,0.0003131118280260692,Prima,CANASTA_EVIDENCIA
2025-04-01,2025-03-27,44.2370686,44.0831072,44.13802609309857,-0.0034803707585633337,-0.002238903029425199,0.0012458035875149154,0.0012458035875149154,Prima,CANASTA_EVIDENCIA
2025-04-02,2025-03-28,43.8751466,44.0954371,44.029335844021446,0.005020849320649168,0.0035142730217441187,-0.0014990497957565463,0.0014990497957565463,Prima,CANASTA_EVIDENCIA
2025-04-03,2025-03-28,43.8751466,43.0674976,43.66147322777981,-0.01840789290946776,-0.004870032097401444,0.01379173764160857,0.01379173764160857,Prima,CANASTA_EVIDENCIA
2025-04-04,2025-03-28,43.8751466,41.6733873,42.872620722749545,-0.050182380473231314,-0.022849516296555294,0.028776960560380038,0.028776960560380038,Prima,CANASTA_EVIDENCIA
2025-04-07,2025-04-02,44.0954371,41.560323,42.65656492873109,-0.05749152898180476,-0.03263086309827978,0.026377127259840982,0.026377127259840982,Prima,CANASTA_EVIDENCIA
2025-04-08,2025-04-03,43.0674976,41.4717921,41.858602120107314,-0.03705127042254719,-0.028069786898709648,0.00932706305950326,0.00932706305950326,Prima,CANASTA_EVIDENCIA
2025-04-09,2025-04-04,41.6733873,42.6258197,42.135837352710865,0.0228546912480041,0.011097011370392318,-0.011494965979249816,0.011494965979249816,Prima,CANASTA_EVIDENCIA
2025-04-10,2025-04-04,41.6733873,42.3755205,41.90501886106035,0.016848479221174273,0.005558260944637627,-0.011103147132780378,0.011103147132780378,Prima,CANASTA_EVIDENCIA
2025-04-11,2025-04-04,41.6733873,42.81445840000001,42.22253244873058,0.027381289929364616,0.013177358124919714,-0.013825375197772494,0.013825375197772494,Prima,CANASTA_EVIDENCIA
2025-04-14,2025-04-09,42.6258197,43.1427434,42.91661829682089,0.012127009020309831,0.00682212327803966,-0.005241324156940563,0.005241324156940563,Prima,CANASTA_EVIDENCIA
2025-04-15,2025-04-10,42.3755205,43.21157959999999,42.90078474904182,0.019729765915205588,0.012395464240771314,-0.007192397358188107,0.007192397358188107,Prima,CANASTA_EVIDENCIA
2025-04-16,2025-04-11,42.81445840000001,42.7591272,42.95286714141555,-0.0012923484745052116,0.003232757030871225,0.004530961086024021,0.004530961086024021,Prima,CANASTA_EVIDENCIA
2025-04-17,2025-04-11,42.81445840000001,42.659911,42.970391547379876,-0.0036097011564674153,0.003642067497924284,0.007278040204534708,0.007278040204534708,Prima,CANASTA_EVIDENCIA
2025-04-18,2025-04-11,42.81445840000001,42.6582283,42.976210046969705,-0.0036490033002498645,0.0037779678411089535,0.007454171437534907,0.007454171437534907,Prima,CANASTA_EVIDENCIA
2025-04-21,2025-04-16,42.7591272,42.3696926,42.77163534708694,-0.009107636790116724,0.00029252578118432737,0.009486562739115634,0.009486562739115634,Prima,CANASTA_EVIDENCIA
2025-04-22,2025-04-17,42.659911,42.7693044,42.82518803750438,0.002564313835535348,0.003874294006482648,0.0013066295626817936,0.0013066295626817936,Prima,CANASTA_EVIDENCIA
2025-04-23,2025-04-18,42.6582283,42.9758717,42.91342191457743,0.007446239861771398,0.005982283483100703,-0.001453135979614606,0.001453135979614606,Prima,CANASTA_EVIDENCIA
2025-04-24,2025-04-18,42.6582283,43.2732964,43.088373739290546,0.01441851020334095,0.010083527995243813,-0.004273366627772224,0.004273366627772224,Prima,CANASTA_EVIDENCIA
2025-04-25,2025-04-18,42.6582283,43.3519909,43.08453884670051,0.01626327739448108,0.009993629920643343,-0.0061693142055786465,0.0061693142055786465,Prima,CANASTA_EVIDENCIA
2025-04-28,2025-04-23,42.9758717,43.3825148,43.185401521932484,0.009462125697848434,0.004875522325530568,-0.004543611152471039,0.004543611152471039,Prima,CANASTA_EVIDENCIA
2025-04-29,2025-04-24,43.2732964,43.366635,43.36738533270672,0.0021569560852776615,0.0021742954786019286,1.7302073511471505e-05,1.7302073511471505e-05,Prima,CANASTA_EVIDENCIA
2025-04-30,2025-04-25,43.3519909,43.386014,43.404422825803024,0.0007848105541101713,0.0012094467800560782,0.0004243032282942316,0.0004243032282942316,Prima,CANASTA_EVIDENCIA
2025-05-01,2025-04-25,43.3519909,43.2310616,43.34941969665913,-0.0027894751195843837,-5.930992527647394e-05,0.0027378022254984646,0.0027378022254984646,Prima,CANASTA_EVIDENCIA
2025-05-02,2025-04-25,43.3519909,43.5327373,43.57898886041538,0.004169275649114512,0.005236159994104872,0.00106245467857069,0.00106245467857069,Prima,CANASTA_EVIDENCIA
2025-05-05,2025-04-30,43.386014,43.6336752,43.61469579962379,0.0057083188144455566,0.005270864468530867,-0.0004349713905421604,0.0004349713905421604,Prima,CANASTA_EVIDENCIA
2025-05-06,2025-05-01,43.2310616,43.5941041,43.578728736591266,0.008397723455396466,0.00804206798824647,-0.00035269364346768306,0.00035269364346768306,Prima,CANASTA_EVIDENCIA
2025-05-07,2025-05-02,43.5327373,43.4241672,43.539104712278814,-0.0024939874387361893,0.00014626721574928503,0.002646855879801846,0.002646855879801846,Prima,CANASTA_EVIDENCIA
2025-05-08,2025-05-02,43.5327373,43.3285722,43.58551838016055,-0.004689921026399535,0.001212445700274234,0.005930178796903496,0.005930178796903496,Prima,CANASTA_EVIDENCIA
2025-05-09,2025-05-02,43.5327373,43.5474686,43.653876929095475,0.0003383959041785012,0.0027827248321339315,0.002443502056867386,0.002443502056867386,Prima,CANASTA_EVIDENCIA
2025-05-12,2025-05-07,43.4241672,43.9293533,43.6309742502224,0.011633754486833459,0.004762487424799788,-0.00679224771964948,0.00679224771964948,Prima,CANASTA_EVIDENCIA
2025-05-13,2025-05-08,43.3285722,44.1873513,43.56439391183549,0.019820156917148557,0.005442637499037728,-0.014098093002567369,0.014098093002567369,Prima,CANASTA_EVIDENCIA
2025-05-14,2025-05-09,43.5474686,44.1931233,43.73403098034962,0.01482645767382218,0.004284115388273557,-0.01038832029440162,0.01038832029440162,Prima,CANASTA_EVIDENCIA
2025-05-15,2025-05-09,43.5474686,44.4047949,43.76015683171822,0.01968716730414033,0.004884054999197307,-0.014517307640616539,0.014517307640616539,Prima,CANASTA_EVIDENCIA
2025-05-16,2025-05-09,43.5474686,44.5049053,43.72234867125816,0.021986047198160108,0.004015849299175089,-0.01758360395257008,0.01758360395257008,Prima,CANASTA_EVIDENCIA
2025-05-19,2025-05-14,44.1931233,44.5191355,44.28283876526325,0.007376989351643992,0.0020300774999364446,-0.005307756587877743,0.005307756587877743,Prima,CANASTA_EVIDENCIA
2025-05-20,2025-05-15,44.4047949,44.6392234,44.5118947544793,0.005279351036930446,0.0024118984159366974,-0.0028523938326556753,0.0028523938326556753,Prima,CANASTA_EVIDENCIA
2025-05-21,2025-05-16,44.5049053,44.4492758,44.616962917225095,-0.0012499633383108444,0.0025178711530726705,0.0037725500406260437,0.0037725500406260437,Prima,CANASTA_EVIDENCIA
2025-05-22,2025-05-16,44.5049053,44.1777704,44.62849388777199,-0.007350535807116865,0.0027769655263594206,0.010202495139319812,0.010202495139319812,Prima,CANASTA_EVIDENCIA
2025-05-23,2025-05-16,44.5049053,44.1913692,44.76217758068721,-0.007044978477911745,0.005780762344127721,0.012916738970088604,0.012916738970088604,Prima,CANASTA_EVIDENCIA
2025-05-26,2025-05-21,44.4492758,44.1856945,44.599983033169224,-0.005929934633490785,0.0033905441755075483,0.009376078340677108,0.009376078340677108,Prima,CANASTA_EVIDENCIA
2025-05-27,2025-05-22,44.1777704,44.30159,44.36984391256176,0.002802758013337847,0.004347741201574218,0.0015406650768463592,0.0015406650768463592,Prima,CANASTA_EVIDENCIA
2025-05-28,2025-05-23,44.1913692,44.2565415,44.18399798245722,0.0014747744000653817,-0.0001668021986241941,-0.0016391592086510975,0.0016391592086510975,Prima,CANASTA_EVIDENCIA
2025-05-29,2025-05-23,44.1913692,44.2450118,44.22474966467253,0.0012138705129780547,0.0007553616300381982,-0.00045795298731210465,0.00045795298731210465,Prima,CANASTA_EVIDENCIA
2025-05-30,2025-05-23,44.1913692,44.13619800000001,44.189638532815586,-0.001248460977760102,-3.9163013406118274e-05,0.0012108096129073154,0.0012108096129073154,Prima,CANASTA_EVIDENCIA
2025-06-02,2025-05-28,44.2565415,44.4894954,44.443762864828734,0.005263716777326621,0.004230365918419965,-0.0010279400734958255,0.0010279400734958255,Prima,CANASTA_EVIDENCIA
2025-06-03,2025-05-29,44.2450118,44.6653761,44.44838463187559,0.009500829198558547,0.004596514354994197,-0.004858158311229599,0.004858158311229599,Prima,CANASTA_EVIDENCIA
2025-06-04,2025-05-30,44.13619800000001,44.6658422,44.43054150165384,0.01200022258373945,0.0066689818106633325,-0.0052680233206519045,0.0052680233206519045,Prima,CANASTA_EVIDENCIA
2025-06-05,2025-05-30,44.13619800000001,44.9504535,44.523122582811354,0.018448700542806007,0.008766604291818414,-0.009506709808581704,0.009506709808581704,Prima,CANASTA_EVIDENCIA
2025-06-06,2025-05-30,44.13619800000001,45.2464207,44.54551150186853,0.02515447071358512,0.009273873156643964,-0.015490931377285078,0.015490931377285078,Prima,CANASTA_EVIDENCIA
2025-06-09,2025-06-04,44.6658422,45.1638866,44.809155370230705,0.011150453578596009,0.003208563035462131,-0.007854311408382886,0.007854311408382886,Prima,CANASTA_EVIDENCIA
2025-06-10,2025-06-05,44.9504535,45.247414,45.01190883999481,0.006606396084524402,0.0013671795323446645,-0.005204831374566288,0.005204831374566288,Prima,CANASTA_EVIDENCIA
2025-06-11,2025-06-06,45.2464207,45.2060772,45.322699586452025,-0.0008916395899576379,0.0016858545995888097,0.002579794436399885,0.002579794436399885,Prima,CANASTA_EVIDENCIA
2025-06-12,2025-06-06,45.2464207,45.22320620000001,45.35712072229023,-0.0005130682082880034,0.002446602860018743,0.0029611903609396695,0.0029611903609396695,Prima,CANASTA_EVIDENCIA
2025-06-13,2025-06-06,45.2464207,45.0504871,45.242554179080145,-0.004330366843802169,-8.545473564625095e-05,0.004263374081922899,0.004263374081922899,Prima,CANASTA_EVIDENCIA
2025-06-16,2025-06-11,45.2060772,45.180708,45.23088372836395,-0.0005611900339806963,0.0005487432199480224,0.001110556487161407,0.001110556487161407,Prima,CANASTA_EVIDENCIA
2025-06-17,2025-06-12,45.22320620000001,45.0361816,45.14482344418698,-0.00413558913034362,-0.0017332418994437937,0.0024123236102011614,0.0024123236102011614,Prima,CANASTA_EVIDENCIA
2025-06-18,2025-06-13,45.0504871,44.7335222,45.055644885784645,-0.007035770763064497,0.00011448901258703792,0.007200923824966399,0.007200923824966399,Prima,CANASTA_EVIDENCIA
2025-06-19,2025-06-13,45.0504871,44.8170214,45.06174574365089,-0.005182312446073367,0.0002499116963130543,0.005460522274933766,0.005460522274933766,Prima,CANASTA_EVIDENCIA
2025-06-20,2025-06-13,45.0504871,44.6944363,44.98544905403832,-0.007903372924906726,-0.0014436702053256534,0.006511162867900877,0.006511162867900877,Prima,CANASTA_EVIDENCIA
2025-06-23,2025-06-18,44.7335222,44.8275102,44.711022778844956,0.00210106415452338,-0.0005029655624803064,-0.0025985699548185526,0.0025985699548185526,Prima,CANASTA_EVIDENCIA
2025-06-24,2025-06-19,44.8170214,44.9754882,44.94529080698969,0.003535861934813811,0.002862068985907351,-0.0006714189043602881,0.0006714189043602881,Prima,CANASTA_EVIDENCIA
2025-06-25,2025-06-20,44.6944363,44.9884055,44.91617933873688,0.00657731083186297,0.004961311901295451,-0.0016054394562420304,0.0016054394562420304,Prima,CANASTA_EVIDENCIA
2025-06-26,2025-06-20,44.6944363,45.2152459,45.19227928583126,0.011652671856161145,0.01113881339703271,-0.0005079396055819307,0.0005079396055819307,Prima,CANASTA_EVIDENCIA
2025-06-27,2025-06-20,44.6944363,45.2100123,45.13160463175768,0.01153557450729048,0.009781269615378951,-0.0017342987593551573,0.0017342987593551573,Prima,CANASTA_EVIDENCIA
2025-06-30,2025-06-25,44.9884055,45.3452654,45.240111406795336,0.007932263791834204,0.005594906154105406,-0.002318963011398889,0.002318963011398889,Prima,CANASTA_EVIDENCIA
2025-07-01,2025-06-26,45.2152459,45.4324778,45.24407663872385,0.004804394970679526,0.0006376331290469661,-0.004146838790204721,0.004146838790204721,Prima,CANASTA_EVIDENCIA
2025-07-02,2025-06-27,45.2100123,45.5387829,45.4373274141278,0.007272074995653188,0.005027981691741346,-0.002227891906882773,0.002227891906882773,Prima,CANASTA_EVIDENCIA
2025-07-03,2025-06-27,45.2100123,45.7121995,45.51772922245964,0.011107875765828945,0.0068063888241773896,-0.004254231467036629,0.004254231467036629,Prima,CANASTA_EVIDENCIA
2025-07-04,2025-06-27,45.2100123,45.7528146,45.52389264986334,0.012006240927300071,0.0069427176391929635,-0.00500345065408625,0.00500345065408625,Prima,CANASTA_EVIDENCIA
2025-07-07,2025-07-02,45.5387829,45.7163035,45.51508648857476,0.0038982289094071643,-0.0005203567139085985,-0.004401427850028172,0.004401427850028172,Prima,CANASTA_EVIDENCIA
2025-07-08,2025-07-03,45.7121995,45.5801704,45.587885437073425,-0.0028882683713348234,-0.002719494233187625,0.00016926301516040354,0.00016926301516040354,Prima,CANASTA_EVIDENCIA
2025-07-09,2025-07-04,45.7528146,45.744701000000006,45.5828957997535,-0.00017733553817245173,-0.003713843656003135,-0.0035371353776365577,0.0035371353776365577,Prima,CANASTA_EVIDENCIA
2025-07-10,2025-07-04,45.7528146,45.721318,45.63849415855922,-0.0006884079214659611,-0.0024986537427312827,-0.0018114928673048647,0.0018114928673048647,Prima,CANASTA_EVIDENCIA
2025-07-11,2025-07-04,45.7528146,45.769514,45.59459944624346,0.00036499175287896257,-0.0034580419836409693,-0.003821638869849986,0.003821638869849986,Prima,CANASTA_EVIDENCIA
2025-07-14,2025-07-09,45.744701000000006,45.8404735,45.754713081917274,0.0020936304731775657,0.00021886867108977803,-0.001870844944102279,0.001870844944102279,Prima,CANASTA_EVIDENCIA
2025-07-15,2025-07-10,45.721318,45.7154378,45.627120568505035,-0.00012860959082583445,-0.0020602518828297667,-0.0019318907516830963,0.0019318907516830963,Prima,CANASTA_EVIDENCIA
2025-07-16,2025-07-11,45.769514,45.6189843,45.73616866845272,-0.0032888638494172895,-0.0007285489539451406,0.0025687632079243183,0.0025687632079243183,Prima,CANASTA_EVIDENCIA
2025-07-17,2025-07-11,45.769514,45.9051419,45.80662957779732,0.0029632803179862055,0.0008109235723436914,-0.0021459975533303366,0.0021459975533303366,Prima,CANASTA_EVIDENCIA
2025-07-18,2025-07-11,45.769514,45.8797216,45.82159602921308,0.0024078822423152513,0.0011379196469747388,-0.0012669120203842033,0.0012669120203842033,Prima,CANASTA_EVIDENCIA
2025-07-21,2025-07-16,45.6189843,46.1102987,45.81116687662381,0.01076995482339127,0.00421277631610506,-0.00648731046663531,0.00648731046663531,Prima,CANASTA_EVIDENCIA
2025-07-22,2025-07-17,45.9051419,46.180318500000006,46.11233630409015,0.005994461374271731,0.004513533680856607,-0.001472103227478927,0.001472103227478927,Prima,CANASTA_EVIDENCIA
2025-07-23,2025-07-18,45.8797216,46.4342901,46.22767406093228,0.012087442570706264,0.007584014217999924,-0.004449643541933224,0.004449643541933224,Prima,CANASTA_EVIDENCIA
2025-07-24,2025-07-18,45.8797216,46.3674722,46.17722194684629,0.010631071484095367,0.0064843537944720975,-0.004103097368195807,0.004103097368195807,Prima,CANASTA_EVIDENCIA
2025-07-25,2025-07-18,45.8797216,46.3563878,46.138683234564,0.01038947455165018,0.005644359327672932,-0.004696322896755145,0.004696322896755145,Prima,CANASTA_EVIDENCIA
2025-07-28,2025-07-23,46.4342901,46.3021847,46.26351523008573,-0.0028449966547459127,-0.003677774970748837,-0.0008351543272702155,0.0008351543272702155,Prima,CANASTA_EVIDENCIA
2025-07-29,2025-07-24,46.3674722,46.384677,46.28526678471473,0.00037105322295327703,-0.0017729112971845984,-0.0021431692902652566,0.0021431692902652566,Prima,CANASTA_EVIDENCIA
2025-07-30,2025-07-25,46.3563878,46.3390687,46.104702754001984,-0.0003736076260886234,-0.005429349825182395,-0.005057631768892512,0.005057631768892512,Prima,CANASTA_EVIDENCIA
2025-07-31,2025-07-25,46.3563878,46.3471218,46.16561197951399,-0.00019988615247545916,-0.0041154160093123116,-0.003916312673509004,0.003916312673509004,Prima,CANASTA_EVIDENCIA
2025-08-01,2025-07-25,46.3563878,46.0393046,46.0716383217123,-0.006840118806668571,-0.006142615760231895,0.0007023069091338652,0.0007023069091338652,Prima,CANASTA_EVIDENCIA
2025-08-04,2025-07-30,46.3390687,46.4467112,46.504017812139146,0.002322931880588408,0.0035596121537753156,0.0012338142068311075,0.0012338142068311075,Prima,CANASTA_EVIDENCIA
2025-08-05,2025-07-31,46.3471218,46.3343512,46.509762512768944,-0.0002755424609774959,0.003509186902064476,0.003785772504114382,0.003785772504114382,Prima,CANASTA_EVIDENCIA
2025-08-06,2025-08-01,46.0393046,46.6208596,46.397366786192784,0.012631706865529058,0.00777731525929215,-0.004793837259217337,0.004793837259217337,Prima,CANASTA_EVIDENCIA
2025-08-07,2025-08-01,46.0393046,46.5939124,46.49450300073969,0.012046398285520565,0.00988716933703837,-0.0021335276249587753,0.0021335276249587753,Prima,CANASTA_EVIDENCIA
2025-08-08,2025-08-01,46.0393046,46.6187297,46.63954257394879,0.012585444220632347,0.013037511734023566,0.0004464487574569187,0.0004464487574569187,Prima,CANASTA_EVIDENCIA
2025-08-11,2025-08-06,46.6208596,46.46189029999999,46.78984555242571,-0.003409832022917225,0.0036246854707437937,0.007058586086535534,0.007058586086535534,Prima,CANASTA_EVIDENCIA
2025-08-12,2025-08-07,46.5939124,46.7870738,46.81845862301594,0.0041456359865585934,0.004819218036215878,0.0006708011522604806,0.0006708011522604806,Prima,CANASTA_EVIDENCIA
2025-08-13,2025-08-08,46.6187297,47.02396900000001,46.805646391317,0.008692628533805813,0.004009476288175051,-0.004642794160633512,0.004642794160633512,Prima,CANASTA_EVIDENCIA
2025-08-14,2025-08-08,46.6187297,47.1019653,46.74410210275384,0.0103656964295189,0.002689314006637078,-0.007597627720348221,0.007597627720348221,Prima,CANASTA_EVIDENCIA
2025-08-15,2025-08-08,46.6187297,47.0260981,46.78417863608591,0.008738299018902662,0.003548979930397156,-0.0051443660794405766,0.0051443660794405766,Prima,CANASTA_EVIDENCIA
2025-08-18,2025-08-13,47.02396900000001,46.9643572,47.06025485728726,-0.0012676896754505451,0.0007716459937112674,0.002041924195382405,0.002041924195382405,Prima,CANASTA_EVIDENCIA
2025-08-19,2025-08-14,47.1019653,46.5190255,47.080897583511735,-0.012376124781358189,-0.000447278926772654,0.012078328758450496,0.012078328758450496,Prima,CANASTA_EVIDENCIA
2025-08-20,2025-08-15,47.0260981,46.390307,46.97106176884828,-0.013519962865045754,-0.0011703359065573515,0.012518881775201107,0.012518881775201107,Prima,CANASTA_EVIDENCIA
2025-08-21,2025-08-15,47.0260981,46.5199855,46.99133808419863,-0.010762377072487839,-0.0007391643620410226,0.010132259912218444,0.010132259912218444,Prima,CANASTA_EVIDENCIA
2025-08-22,2025-08-15,47.0260981,46.8966702,47.25244860752074,-0.0027522568367200906,0.004813295524527916,0.007586432171057256,0.007586432171057256,Prima,CANASTA_EVIDENCIA
2025-08-25,2025-08-20,46.390307,46.892398,46.611880396836675,0.010823187697378334,0.004776286495294713,-0.005982155213374307,0.005982155213374307,Prima,CANASTA_EVIDENCIA
2025-08-26,2025-08-21,46.5199855,47.199046,46.78508027552618,0.014597177808664652,0.005698513717855347,-0.008770637535212567,0.008770637535212567,Prima,CANASTA_EVIDENCIA
2025-08-27,2025-08-22,46.8966702,47.0885902,46.84066201286386,0.004092401425975778,-0.0011942892085362589,-0.005265143553525586,0.005265143553525586,Prima,CANASTA_EVIDENCIA
2025-08-28,2025-08-22,46.8966702,47.2525944,46.92335739652665,0.0075895409734227925,0.0005690637824142808,-0.006967596333151915,0.006967596333151915,Prima,CANASTA_EVIDENCIA
2025-08-29,2025-08-22,46.8966702,47.1093064,46.947017320857505,0.004534142809994091,0.0010735756002033803,-0.003444947326639025,0.003444947326639025,Prima,CANASTA_EVIDENCIA
2025-09-01,2025-08-27,47.0885902,47.2329058,47.201899058676524,0.003064767906345134,0.0024062911672502185,-0.000656464826762182,0.000656464826762182,Prima,CANASTA_EVIDENCIA
2025-09-02,2025-08-28,47.2525944,47.2909228,47.39360841472348,0.0008111385308400276,0.002984259732487393,0.002171359927945593,0.002171359927945593,Prima,CANASTA_EVIDENCIA
2025-09-03,2025-08-29,47.1093064,47.4742351,47.38296480043786,0.007746424812571595,0.005809009330645987,-0.0019225228035772979,0.0019225228035772979,Prima,CANASTA_EVIDENCIA
2025-09-04,2025-08-29,47.1093064,47.3935522,47.36364655112914,0.006033750477803634,0.005398936443036684,-0.000631006697802583,0.000631006697802583,Prima,CANASTA_EVIDENCIA
2025-09-05,2025-08-29,47.1093064,47.5854946,47.49389090282297,0.010108155614874326,0.008163663025676948,-0.0019250340455014836,0.0019250340455014836,Prima,CANASTA_EVIDENCIA
2025-09-08,2025-09-03,47.4742351,47.7650199,47.653585277340376,0.006125107637595217,0.003777842380453089,-0.002332975530899395,0.002332975530899395,Prima,CANASTA_EVIDENCIA
2025-09-09,2025-09-04,47.3935522,47.62916129999999,47.547128799797754,0.00497133236617775,0.003240453451339942,-0.0017223167060520517,0.0017223167060520517,Prima,CANASTA_EVIDENCIA
2025-09-10,2025-09-05,47.5854946,47.658739100000005,47.69157031396672,0.0015392190543714879,0.002229160689793952,0.0006888812962053681,0.0006888812962053681,Prima,CANASTA_EVIDENCIA
2025-09-11,2025-09-05,47.5854946,48.0529534,47.89257482511105,0.009823556609622752,0.006453231760904066,-0.003337538351783187,0.003337538351783187,Prima,CANASTA_EVIDENCIA
2025-09-12,2025-09-05,47.5854946,48.1116377,47.915088007418674,0.011056795866528635,0.006926341949142545,-0.0040852837686988774,0.0040852837686988774,Prima,CANASTA_EVIDENCIA
2025-09-15,2025-09-10,47.658739100000005,48.3629977,48.003134038141205,0.014777113564047095,0.007226270452069139,-0.0074408882611261,0.0074408882611261,Prima,CANASTA_EVIDENCIA
2025-09-16,2025-09-11,48.0529534,48.2374306,48.168003509856966,0.0038390397873027116,0.0023942359775324107,-0.0014392783628702777,0.0014392783628702777,Prima,CANASTA_EVIDENCIA
2025-09-17,2025-09-12,48.1116377,48.2836474,48.22669141083374,0.0035752202216137174,0.002391390448006625,-0.0011796123995028163,0.0011796123995028163,Prima,CANASTA_EVIDENCIA
2025-09-18,2025-09-12,48.1116377,48.2298855,48.14702100025865,0.002457779565462559,0.0007354416093519056,-0.0017181152076621853,0.0017181152076621853,Prima,CANASTA_EVIDENCIA
2025-09-19,2025-09-12,48.1116377,48.5309407,48.23672814901474,0.008715209459602358,0.0026000039698239608,-0.006062370659657645,0.006062370659657645,Prima,CANASTA_EVIDENCIA
2025-09-22,2025-09-17,48.2836474,48.9240629,48.41059810796068,0.013263610652578972,0.002629269220466579,-0.010495138007831306,0.010495138007831306,Prima,CANASTA_EVIDENCIA
2025-09-23,2025-09-18,48.2298855,48.8958302,48.45948241453242,0.013807718867588692,0.00476046982388989,-0.00892402856609198,0.00892402856609198,Prima,CANASTA_EVIDENCIA
2025-09-24,2025-09-19,48.5309407,48.9756495,48.77249500916198,0.009163407788631561,0.004977325921934561,-0.004148071396950503,0.004148071396950503,Prima,CANASTA_EVIDENCIA
2025-09-25,2025-09-19,48.5309407,48.8683341,48.731485790460134,0.006952129819317365,0.004132314098336254,-0.0028003473427153924,0.0028003473427153924,Prima,CANASTA_EVIDENCIA
2025-09-26,2025-09-19,48.5309407,48.886705,48.694433443194974,0.007330669772077858,0.0033688352386496145,-0.0039330029873158034,0.0039330029873158034,Prima,CANASTA_EVIDENCIA
2025-09-29,2025-09-24,48.9756495,49.1524297,49.105000357979314,0.0036095529473274546,0.002641125932986599,-0.0009649439978891561,0.0009649439978891561,Prima,CANASTA_EVIDENCIA
2025-09-30,2025-09-25,48.8683341,49.1462004,49.14852874425164,0.005686019487208149,0.005733664742454181,4.737587509695551e-05,4.737587509695551e-05,Prima,CANASTA_EVIDENCIA
2025-10-01,2025-09-26,48.886705,49.3807712,49.19817196592535,0.010106351000747527,0.0063711998165012496,-0.0036977801204257643,0.0036977801204257643,Prima,CANASTA_EVIDENCIA
2025-10-02,2025-09-26,48.886705,49.4205551,49.249095613475745,0.010920148944380648,0.007412866411752317,-0.003469396209275999,0.003469396209275999,Prima,CANASTA_EVIDENCIA
2025-10-03,2025-09-26,48.886705,49.1704939,49.36901059165561,0.005805032267975463,0.009865782356483388,0.00403731335421087,0.00403731335421087,Prima,CANASTA_EVIDENCIA
2025-10-06,2025-10-01,49.3807712,49.480131,49.62530072549259,0.002012115193535058,0.0049519179135986136,0.0029338993765515298,0.0029338993765515298,Prima,CANASTA_EVIDENCIA
2025-10-07,2025-10-02,49.4205551,49.3420593,49.49984954343032,-0.0015883229122207743,0.0016044830591213088,0.0031978852457485996,0.0031978852457485996,Prima,CANASTA_EVIDENCIA
2025-10-08,2025-10-03,49.1704939,49.935886200000006,49.350697619059815,0.015566089320896648,0.0036648751063250717,-0.011718798352680304,0.011718798352680304,Prima,CANASTA_EVIDENCIA
2025-10-09,2025-10-03,49.1704939,49.4900928,49.22320071180683,0.006499810651688476,0.0010719195116084546,-0.005392838709592507,0.005392838709592507,Prima,CANASTA_EVIDENCIA
2025-10-10,2025-10-03,49.1704939,48.5876184,48.827195116337286,-0.011854172162382937,-0.006981804664417113,0.004930818266599468,0.004930818266599468,Prima,CANASTA_EVIDENCIA
2025-10-13,2025-10-08,49.935886200000006,49.2739364,49.83753728670413,-0.013255993842760883,-0.0019695037132608784,0.011438113694203222,0.011438113694203222,Prima,CANASTA_EVIDENCIA
2025-10-14,2025-10-09,49.4900928,49.2914204,49.476240986181786,-0.004014387299754674,-0.00027989064142985853,0.0037495487994050336,0.0037495487994050336,Prima,CANASTA_EVIDENCIA
2025-10-15,2025-10-10,48.5876184,49.536901500000006,49.12992281589017,0.01953755156684145,0.01116137060733502,-0.008215666942952393,0.008215666942952393,Prima,CANASTA_EVIDENCIA
2025-10-16,2025-10-10,48.5876184,49.5609903,49.17687146588116,0.020033332195595,0.012127638383715666,-0.007750426934443944,0.007750426934443944,Prima,CANASTA_EVIDENCIA
2025-10-17,2025-10-10,48.5876184,49.1445892,49.02993105034306,0.01146322496020935,0.009103402572682162,-0.002333077791948246,0.002333077791948246,Prima,CANASTA_EVIDENCIA
2025-10-20,2025-10-15,49.536901500000006,49.4223391,49.627627441380476,-0.0023126678603425654,0.0018314819585651954,0.00415375607708679,0.00415375607708679,Prima,CANASTA_EVIDENCIA
2025-10-21,2025-10-16,49.5609903,48.6911859,49.3022309071019,-0.017550182002719183,-0.005221029509938968,0.01254939668869115,0.01254939668869115,Prima,CANASTA_EVIDENCIA
2025-10-22,2025-10-17,49.1445892,48.525752700000005,48.95672242244949,-0.012592159382624257,-0.0038227357397568884,0.008881257857324965,0.008881257857324965,Prima,CANASTA_EVIDENCIA
2025-10-23,2025-10-17,49.1445892,48.7183473,49.10627950971643,-0.008673221344171922,-0.0007795301763061646,0.007962753894905417,0.007962753894905417,Prima,CANASTA_EVIDENCIA
2025-10-24,2025-10-17,49.1445892,48.7554379,49.15572394936823,-0.007918497363286536,0.00022657121667890578,0.008210080077410975,0.008210080077410975,Prima,CANASTA_EVIDENCIA
2025-10-27,2025-10-22,48.525752700000005,48.7674315,48.78806105651441,0.004980423518500032,0.005405549464344572,0.0004230191314136267,0.0004230191314136267,Prima,CANASTA_EVIDENCIA
2025-10-28,2025-10-23,48.7183473,48.96415270000001,48.94741092397611,0.005045437984305456,0.004701793814259947,-0.000341919038739924,0.000341919038739924,Prima,CANASTA_EVIDENCIA
2025-10-29,2025-10-24,48.7554379,49.1976834,49.01618800701464,0.009070690758784083,0.0053481235785319825,-0.0036891044545679375,0.0036891044545679375,Prima,CANASTA_EVIDENCIA
2025-10-30,2025-10-24,48.7554379,48.9300332,48.94948193396083,0.003581042597917028,0.003979946490457742,0.0003974804979456348,0.0003974804979456348,Prima,CANASTA_EVIDENCIA
2025-10-31,2025-10-24,48.7554379,48.8178668,48.91514781748962,0.0012804499905845201,0.0032757354742090072,0.001992733887536957,0.001992733887536957,Prima,CANASTA_EVIDENCIA
2025-11-03,2025-10-29,49.1976834,48.7441345,49.052607608362955,-0.009218907652875363,-0.002948833798890771,0.00632841492678371,0.00632841492678371,Prima,CANASTA_EVIDENCIA
2025-11-04,2025-10-30,48.9300332,48.128385,48.57717044404715,-0.016383561333859764,-0.007211578101950833,0.009324755942821339,0.009324755942821339,Prima,CANASTA_EVIDENCIA
2025-11-05,2025-10-31,48.8178668,48.421927800000006,48.666341065934716,-0.008110534645483392,-0.003103899125417753,0.0050475740442268435,0.0050475740442268435,Prima,CANASTA_EVIDENCIA
2025-11-06,2025-10-31,48.8178668,48.2597665,48.66602625211956,-0.011432295931456005,-0.0031103478671550278,0.008418187272405397,0.008418187272405397,Prima,CANASTA_EVIDENCIA
2025-11-07,2025-10-31,48.8178668,48.2952062,48.67373896165411,-0.010706338360528145,-0.0029523583842030465,0.0078378951336604,0.0078378951336604,Prima,CANASTA_EVIDENCIA
2025-11-10,2025-11-05,48.421927800000006,48.9276012,48.67320033331712,0.010443066250658273,0.005189230266811284,-0.005199536875780453,0.005199536875780453,Prima,CANASTA_EVIDENCIA
2025-11-11,2025-11-06,48.2597665,48.7962857,48.51849503965463,0.011117318605343929,0.005361164349078074,-0.00569286486379772,0.00569286486379772,Prima,CANASTA_EVIDENCIA
2025-11-12,2025-11-07,48.2952062,49.0874006,48.69069120452038,0.01640316839562428,0.008188908085050794,-0.00808169490807431,0.00808169490807431,Prima,CANASTA_EVIDENCIA
2025-11-13,2025-11-07,48.2952062,48.635272400000005,48.42967433819809,0.007041406937817518,0.002784295767187084,-0.004227344716216996,0.004227344716216996,Prima,CANASTA_EVIDENCIA
2025-11-14,2025-11-07,48.2952062,48.5055394,48.41874236276877,0.004355156889256584,0.0025579384060847588,-0.0017894252554427892,0.0017894252554427892,Prima,CANASTA_EVIDENCIA
2025-11-17,2025-11-12,49.0874006,48.1312742,48.625528440575806,-0.019478040970048904,-0.009409179418316871,0.010268879201535963,0.010268879201535963,Prima,CANASTA_EVIDENCIA
2025-11-18,2025-11-13,48.635272400000005,47.8690565,48.31947641783349,-0.01575432524975451,-0.0064931471868658885,0.009409417079977223,0.009409417079977223,Prima,CANASTA_EVIDENCIA
2025-11-19,2025-11-14,48.5055394,48.253249800000006,48.308259621734216,-0.005201253364476521,-0.0040671597657934155,0.0011400231479168355,0.0011400231479168355,Prima,CANASTA_EVIDENCIA
2025-11-20,2025-11-14,48.5055394,47.402034400000005,48.04304698507107,-0.02275008202465223,-0.009534837064999913,0.013522891858646968,0.013522891858646968,Prima,CANASTA_EVIDENCIA
2025-11-21,2025-11-14,48.5055394,47.5281847,48.075928399077824,-0.02014934195330287,-0.008856947190699183,0.011524608030691885,0.011524608030691885,Prima,CANASTA_EVIDENCIA
2025-11-24,2025-11-19,48.253249800000006,48.190749100000005,48.25510667267331,-0.0012952640549404038,3.848181585697219e-05,0.0013354756644217147,0.0013354756644217147,Prima,CANASTA_EVIDENCIA
2025-11-25,2025-11-20,47.402034400000005,48.2630813,47.77076817687837,0.01816476678477752,0.007778859737681776,-0.01020061525001792,0.01020061525001792,Prima,CANASTA_EVIDENCIA
2025-11-26,2025-11-21,47.5281847,48.9084663,48.068092285556325,0.02904132797649228,0.011359735049092379,-0.017182587760754986,0.017182587760754986,Prima,CANASTA_EVIDENCIA
2025-11-27,2025-11-21,47.5281847,48.959959,48.07460105043316,0.030124741961794266,0.01149668041988483,-0.01808330659686297,0.01808330659686297,Prima,CANASTA_EVIDENCIA
2025-11-28,2025-11-21,47.5281847,49.3487334,48.248243732054185,0.03830461254708939,0.015150147993221896,-0.022300261670866184,0.022300261670866184,Prima,CANASTA_EVIDENCIA
2025-12-01,2025-11-26,48.9084663,49.523563800000005,49.09216954525387,0.012576503549039053,0.0037560622761516615,-0.008710888749612566,0.008710888749612566,Prima,CANASTA_EVIDENCIA
2025-12-02,2025-11-27,48.959959,49.7022838,49.15013502568908,0.01516187544193004,0.003884317502984125,-0.011109122802741567,0.011109122802741567,Prima,CANASTA_EVIDENCIA
2025-12-03,2025-11-28,49.3487334,49.9234306,49.510891721742155,0.011645632226094937,0.0032859672492051573,-0.008263432085892086,0.008263432085892086,Prima,CANASTA_EVIDENCIA
2025-12-04,2025-11-28,49.3487334,50.1276755,49.62516115415396,0.01578443956577824,0.005601516697771203,-0.010024688773889845,0.010024688773889845,Prima,CANASTA_EVIDENCIA
2025-12-05,2025-11-28,49.3487334,50.2139903,49.65671810070216,0.017533517891666905,0.006240984914562375,-0.011097946926114766,0.011097946926114766,Prima,CANASTA_EVIDENCIA
2025-12-08,2025-12-03,49.9234306,50.1569097,50.00408599564939,0.0046767439095021235,0.0016155819958691975,-0.003046912285160408,0.003046912285160408,Prima,CANASTA_EVIDENCIA
2025-12-09,2025-12-04,50.1276755,50.5064121,50.18543721181056,0.007555439110676465,0.0011522918474557997,-0.006355131454476082,0.006355131454476082,Prima,CANASTA_EVIDENCIA
2025-12-10,2025-12-05,50.2139903,50.8385432,50.379853761214655,0.01243782651545211,0.003303132458179814,-0.009022474089803278,0.009022474089803278,Prima,CANASTA_EVIDENCIA
2025-12-11,2025-12-05,50.2139903,51.0351022,50.52019161600864,0.016352253527240457,0.006097928369748429,-0.010089341684346831,0.010089341684346831,Prima,CANASTA_EVIDENCIA
2025-12-12,2025-12-05,50.2139903,50.6219592,50.42170543311383,0.0081246062613749,0.004136598821819382,-0.003955867573101957,0.003955867573101957,Prima,CANASTA_EVIDENCIA
2025-12-15,2025-12-10,50.8385432,50.5330929,50.86604582538106,-0.006008242580798351,0.0005409798088207296,0.006588809555748698,0.006588809555748698,Prima,CANASTA_EVIDENCIA
2025-12-16,2025-12-11,51.0351022,50.7282454,50.92926554560631,-0.00601266161469538,-0.002073801164910405,0.003962686744263255,0.003962686744263255,Prima,CANASTA_EVIDENCIA
2025-12-17,2025-12-12,50.6219592,50.3268698,50.55224559874523,-0.005829276556328922,-0.001377141508477342,0.0044782399469882606,0.0044782399469882606,Prima,CANASTA_EVIDENCIA
2025-12-18,2025-12-12,50.6219592,50.786313,50.6933736667859,0.0032466898278404877,0.0014107408704542301,-0.0018300074906815178,0.0018300074906815178,Prima,CANASTA_EVIDENCIA
2025-12-19,2025-12-12,50.6219592,51.38620590000001,50.88804571103433,0.015097137923496318,0.0052563455709617735,-0.009694434143184716,0.009694434143184716,Prima,CANASTA_EVIDENCIA
2025-12-22,2025-12-17,50.3268698,51.9583146,50.79556000964071,0.032416973407712435,0.00931292193421318,-0.02237860483564047,0.02237860483564047,Prima,CANASTA_EVIDENCIA
2025-12-23,2025-12-18,50.786313,52.2909987,51.222184340072864,0.029627779831152612,0.008582456853539755,-0.020439738893859305,0.020439738893859305,Prima,CANASTA_EVIDENCIA
2025-12-24,2025-12-19,51.38620590000001,52.3461457,51.64083694515868,0.018680884941536302,0.004955241211118011,-0.013473938633103977,0.013473938633103977,Prima,CANASTA_EVIDENCIA
2025-12-26,2025-12-19,51.38620590000001,52.7758662,51.771448099257256,0.02704345019564869,0.0074969963730529,-0.01903176912220428,0.01903176912220428,Prima,CANASTA_EVIDENCIA
2025-12-29,2025-12-24,52.3461457,52.2803957,52.27059076157741,-0.0012560619147935492,-0.0014433715684742943,-0.00018754522209152302,0.00018754522209152302,Prima,CANASTA_EVIDENCIA
2025-12-30,2025-12-24,52.3461457,52.5505955,52.382633571105764,0.003905727867180797,0.0006970498136553704,-0.003196194587257062,0.003196194587257062,Prima,CANASTA_EVIDENCIA
2025-12-31,2025-12-26,52.7758662,52.306358,52.60685889399705,-0.008896267059279483,-0.003202359680132605,0.005745016580910534,0.005745016580910534,Prima,CANASTA_EVIDENCIA
2026-01-02,2025-12-26,52.7758662,52.898057900000005,52.74834109784198,0.0023152950164180286,-0.0005215471415231931,-0.0028302892034534066,0.0028302892034534066,Prima,CANASTA_EVIDENCIA
2026-01-05,2025-12-31,52.306358,53.744269800000005,52.708774413966175,0.027490191536562403,0.007693451223772296,-0.019267084470349083,0.019267084470349083,Prima,CANASTA_EVIDENCIA
2026-01-06,2025-12-31,52.306358,54.6870819,52.92893725797746,0.0455150002988165,0.011902554140310384,-0.032149176385704026,0.032149176385704026,Prima,CANASTA_EVIDENCIA
2026-01-07,2026-01-02,52.898057900000005,54.4959542,53.23568863173663,0.030207088188770603,0.00638266781693364,-0.023125855611926704,0.023125855611926704,Prima,CANASTA_EVIDENCIA
2026-01-08,2026-01-02,52.898057900000005,54.4743167,53.35315665043702,0.029798046706739356,0.008603316804131955,-0.02058144309982657,0.02058144309982657,Prima,CANASTA_EVIDENCIA
2026-01-09,2026-01-02,52.898057900000005,55.0645559,53.541410396724935,0.040956097180270934,0.012162119409773853,-0.027661087579479937,0.027661087579479937,Prima,CANASTA_EVIDENCIA
2026-01-12,2026-01-07,54.4959542,55.8776694,55.11059857146043,0.02535445466151698,0.01127871564932481,-0.013727681143043013,0.013727681143043013,Prima,CANASTA_EVIDENCIA
2026-01-13,2026-01-08,54.4743167,56.0312745,54.98199433300261,0.028581502152187577,0.009319577807620494,-0.018726687485886018,0.018726687485886018,Prima,CANASTA_EVIDENCIA
2026-01-14,2026-01-09,55.0645559,56.3528966,55.49945840858371,0.023396914384267165,0.007898048054242324,-0.015144531034031794,0.015144531034031794,Prima,CANASTA_EVIDENCIA
2026-01-15,2026-01-09,55.0645559,56.7961544,55.60378368013859,0.0314466987283919,0.009792647399496923,-0.020993863624354958,0.020993863624354958,Prima,CANASTA_EVIDENCIA
2026-01-16,2026-01-09,55.0645559,56.968731000000005,55.54731246039903,0.034580776488202014,0.00876710167745176,-0.02495085487512405,0.02495085487512405,Prima,CANASTA_EVIDENCIA
2026-01-19,2026-01-14,56.3528966,56.910732200000005,56.40912368971799,0.00989896941695112,0.00099776751702918,-0.008813952850215134,0.008813952850215134,Prima,CANASTA_EVIDENCIA
2026-01-20,2026-01-15,56.7961544,57.2965645,56.84627060992192,0.008810633488946173,0.0008823873808245786,-0.007859003310365598,0.007859003310365598,Prima,CANASTA_EVIDENCIA
2026-01-21,2026-01-16,56.968731000000005,57.848949700000006,57.1932240710292,0.015450909376935273,0.0039406366806589155,-0.011335134559423254,0.011335134559423254,Prima,CANASTA_EVIDENCIA
2026-01-22,2026-01-16,56.968731000000005,58.108165,57.35818968396343,0.02000104232618405,0.006836358773085971,-0.012906539313994325,0.012906539313994325,Prima,CANASTA_EVIDENCIA
2026-01-23,2026-01-16,56.968731000000005,58.6966014,57.577913977597554,0.030330154273578547,0.010693286771607191,-0.019058810829249206,0.019058810829249206,Prima,CANASTA_EVIDENCIA
2026-01-26,2026-01-21,57.848949700000006,59.477803,58.45529666435919,0.028157007317282323,0.010481555283261779,-0.01719139383209589,0.01719139383209589,Prima,CANASTA_EVIDENCIA
2026-01-27,2026-01-22,58.108165,60.0868102,58.73084913563906,0.03405107010348729,0.010715949051894214,-0.022566700742602253,0.022566700742602253,Prima,CANASTA_EVIDENCIA
2026-01-28,2026-01-23,58.6966014,60.6419833,59.16478965587675,0.03314300749276433,0.007976411661148708,-0.024359256800943863,0.024359256800943863,Prima,CANASTA_EVIDENCIA
2026-01-29,2026-01-23,58.6966014,60.4902171,59.19029875188396,0.03055740293679099,0.008411004046376735,-0.021489728594742408,0.021489728594742408,Prima,CANASTA_EVIDENCIA
2026-01-30,2026-01-23,58.6966014,58.1191569,58.58313631027738,-0.009837784236686686,-0.001933077674282857,0.007983243994328815,0.007983243994328815,Prima,CANASTA_EVIDENCIA
2026-02-02,2026-01-28,60.6419833,58.0891033,60.17145970228451,-0.04209756774231366,-0.007759040389358263,0.03584762518247575,0.03584762518247575,Prima,CANASTA_EVIDENCIA
2026-02-03,2026-01-29,60.4902171,59.1562678,60.329801339551246,-0.022052314637832526,-0.0026519289918163214,0.01983785629476853,0.01983785629476853,Prima,CANASTA_EVIDENCIA
2026-02-04,2026-01-30,58.1191569,58.2243853,58.27792263475662,0.0018105630847511378,0.0027317281121230774,0.0009195002142274866,0.0009195002142274866,Prima,CANASTA_EVIDENCIA
2026-02-05,2026-01-30,58.1191569,57.4540923,57.93257331323716,-0.011443121949348156,-0.003210362928765087,0.008328058003923111,0.008328058003923111,Prima,CANASTA_EVIDENCIA
2026-02-06,2026-01-30,58.1191569,58.7925939,58.37569115440155,0.011587177721086306,0.0044139362661943515,-0.007091075898225441,0.007091075898225441,Prima,CANASTA_EVIDENCIA
2026-02-09,2026-02-04,58.2243853,59.870915800000006,58.64402488607672,0.028279053381436103,0.007207282376868962,-0.020492269034630084,0.020492269034630084,Prima,CANASTA_EVIDENCIA
2026-02-10,2026-02-05,57.4540923,59.5732971,58.09404923249453,0.0368851845911069,0.011138578765685692,-0.02483072012989984,0.02483072012989984,Prima,CANASTA_EVIDENCIA
2026-02-11,2026-02-06,58.7925939,60.1958303,59.09952238725898,0.023867570843816743,0.005220529779329519,-0.018212356358859316,0.018212356358859316,Prima,CANASTA_EVIDENCIA
2026-02-12,2026-02-06,58.7925939,59.0353392,58.73083575208786,0.004128841473007405,-0.0010504409452860575,-0.005157985912142227,0.005157985912142227,Prima,CANASTA_EVIDENCIA
2026-02-13,2026-02-06,58.7925939,59.2370387,58.708055734721675,0.007559537188577714,-0.001437905009296192,-0.008929936014480777,0.008929936014480777,Prima,CANASTA_EVIDENCIA
2026-02-16,2026-02-11,60.1958303,59.1702394,59.8051988200798,-0.01703757378025561,-0.006489344494018834,0.01073106052161421,0.01073106052161421,Prima,CANASTA_EVIDENCIA
2026-02-17,2026-02-12,59.0353392,58.619430300000005,58.8781644434784,-0.007045083599689028,-0.002662384237162252,0.0044137949167069035,0.0044137949167069035,Prima,CANASTA_EVIDENCIA
2026-02-18,2026-02-13,59.2370387,59.2680122,59.29376646001772,0.0005228738755302942,0.0009576400384396777,0.00043453895384271135,0.00043453895384271135,Prima,CANASTA_EVIDENCIA
2026-02-19,2026-02-13,59.2370387,59.4050768,59.404414022983794,0.002836706622878493,0.002825518065334931,-1.1156908666931642e-05,1.1156908666931642e-05,Prima,CANASTA_EVIDENCIA
2026-02-20,2026-02-13,59.2370387,60.1847136,59.653246467861834,0.015998012743334566,0.007026140688255467,-0.008830600003688738,0.008830600003688738,Prima,CANASTA_EVIDENCIA
2026-02-23,2026-02-18,59.2680122,60.32259989999999,59.649931017814055,0.017793539227219046,0.0064439282445523105,-0.01115119181369928,0.01115119181369928,Prima,CANASTA_EVIDENCIA
2026-02-24,2026-02-19,59.4050768,60.9155148,59.89419161292422,0.025426076042039503,0.008233552404467437,-0.016766224342501634,0.016766224342501634,Prima,CANASTA_EVIDENCIA
2026-02-25,2026-02-20,60.1847136,61.5012961,60.59548152404085,0.02187569602391526,0.006825120524306172,-0.014728381894363873,0.014728381894363873,Prima,CANASTA_EVIDENCIA
2026-02-26,2026-02-20,60.1847136,61.3332714,60.52995004616421,0.019083879133056092,0.005736281283295952,-0.013097643994834929,0.013097643994834929,Prima,CANASTA_EVIDENCIA
2026-02-27,2026-02-20,60.1847136,61.6351599,60.539887832289914,0.024099911974990285,0.005901402715820403,-0.01777024785020609,0.01777024785020609,Prima,CANASTA_EVIDENCIA
2026-03-02,2026-02-25,61.5012961,61.5732,61.340370399038164,0.0011691444662091932,-0.0026166229196238344,-0.0037813464455612733,0.0037813464455612733,Prima,CANASTA_EVIDENCIA
2026-03-03,2026-02-26,61.3332714,59.0273147,60.532780490579995,-0.03759715807365205,-0.013051495397977564,0.025504561714036367,0.025504561714036367,Prima,CANASTA_EVIDENCIA
2026-03-04,2026-02-27,61.6351599,59.5728841,60.98807864555593,-0.03345940536774683,-0.010498573468356809,0.023755682924136323,0.023755682924136323,Prima,CANASTA_EVIDENCIA
2026-03-05,2026-02-27,61.6351599,58.24889640000001,60.55087277818101,-0.05494045128614955,-0.017592022533537532,0.039519656516290746,0.039519656516290746,Prima,CANASTA_EVIDENCIA
2026-03-06,2026-02-27,61.6351599,57.930742,60.334786076902205,-0.060102349146335166,-0.02109792243919839,0.041498589417380494,0.041498589417380494,Prima,CANASTA_EVIDENCIA
2026-03-09,2026-03-04,59.5728841,58.5331567,59.103872556732185,-0.017453031118229934,-0.007872903089273464,0.009750300323921879,0.009750300323921879,Prima,CANASTA_EVIDENCIA
2026-03-10,2026-03-05,58.24889640000001,58.7257067,58.509873189937764,0.00818573963574698,0.0044803731240778966,-0.0036752816132945565,0.0036752816132945565,Prima,CANASTA_EVIDENCIA
2026-03-11,2026-03-06,57.930742,58.4589708,58.21061715515907,0.009118281274560491,0.0048312026654011575,-0.0042483410406009,0.0042483410406009,Prima,CANASTA_EVIDENCIA
2026-03-12,2026-03-06,57.930742,57.2158182,57.81288340957904,-0.012341008855022095,-0.0020344740348909873,0.010435317161627822,0.010435317161627822,Prima,CANASTA_EVIDENCIA
2026-03-13,2026-03-06,57.930742,56.485882700000005,57.60094243373943,-0.02494114955406579,-0.005692997446167247,0.01974050294409979,0.01974050294409979,Prima,CANASTA_EVIDENCIA
2026-03-16,2026-03-11,58.4589708,57.1485001,58.109012711445835,-0.022416930747607422,-0.005986388124269992,0.016807310948933063,0.016807310948933063,Prima,CANASTA_EVIDENCIA
2026-03-17,2026-03-12,57.2158182,57.275920000000006,57.33400330995652,0.0010504402784194955,0.0020656020253595475,0.0010140964991312007,0.0010140964991312007,Prima,CANASTA_EVIDENCIA
2026-03-18,2026-03-13,56.485882700000005,56.2543981,56.35710416189736,-0.004098096532003104,-0.0022798358093577553,0.001825742792852969,0.001825742792852969,Prima,CANASTA_EVIDENCIA
2026-03-19,2026-03-13,56.485882700000005,55.446514500000006,56.185029919600574,-0.01840049496119489,-0.0053261587855018,0.01331942009809417,0.01331942009809417,Prima,CANASTA_EVIDENCIA
2026-03-20,2026-03-13,56.485882700000005,54.1496124,55.79361357289561,-0.04136025124026255,-0.012255613155256473,0.030360349779634088,0.030360349779634088,Prima,CANASTA_EVIDENCIA
2026-03-23,2026-03-18,56.2543981,55.4782255,56.10710882203881,-0.013797545191404414,-0.0026182713340806574,0.011335678392215609,0.011335678392215609,Prima,CANASTA_EVIDENCIA
2026-03-24,2026-03-19,55.446514500000006,55.6090787,55.43476666419202,0.0029319101744438303,-0.00021187690360569,-0.0031345967220273163,0.0031345967220273163,Prima,CANASTA_EVIDENCIA
2026-03-25,2026-03-20,54.1496124,56.4329017,54.8102833242379,0.042166309208891084,0.012200843089283042,-0.028753055874886968,0.028753055874886968,Prima,CANASTA_EVIDENCIA
2026-03-26,2026-03-20,54.1496124,55.2495672,54.43082311687689,0.02031325343337076,0.005193217539575246,-0.01481901351660031,0.01481901351660031,Prima,CANASTA_EVIDENCIA
2026-03-27,2026-03-20,54.1496124,55.277711200000006,54.352574106415105,0.020832998612562603,0.0037481654515980622,-0.016736168584073008,0.016736168584073008,Prima,CANASTA_EVIDENCIA
2026-03-30,2026-03-25,56.4329017,54.8982205,55.901228436339636,-0.027194795124277693,-0.009421334853323082,0.018270317820950677,0.018270317820950677,Prima,CANASTA_EVIDENCIA
2026-03-31,2026-03-26,55.2495672,56.6017819,55.78706486277364,0.024474665930052764,0.009728540692960141,-0.01439384079225181,0.01439384079225181,Prima,CANASTA_EVIDENCIA
2026-04-01,2026-03-27,55.277711200000006,57.615746900000005,56.11989236891443,0.04229617415852771,0.015235456581538465,-0.025962598969372697,0.025962598969372697,Prima,CANASTA_EVIDENCIA
2026-04-02,2026-03-27,55.277711200000006,57.2429836,55.99805003779544,0.03555270935313248,0.013031271052254212,-0.021748229807584063,0.021748229807584063,Prima,CANASTA_EVIDENCIA
2026-04-03,2026-03-27,55.277711200000006,57.2367127,56.00563257589768,0.035439265799413144,0.013168442761025023,-0.0215085749343239,0.0215085749343239,Prima,CANASTA_EVIDENCIA
2026-04-06,2026-04-01,57.615746900000005,57.16040339999999,57.577518748286074,-0.007903108516328361,-0.0006635017989141678,0.00729727789650414,0.00729727789650414,Prima,CANASTA_EVIDENCIA
2026-04-07,2026-04-02,57.2429836,57.1779816,57.32245142245455,-0.0011355452827933599,0.0013882543755903143,0.002526668805226784,0.002526668805226784,Prima,CANASTA_EVIDENCIA
2026-04-08,2026-04-03,57.2367127,59.106949400000005,57.966604502360916,0.03267547369120671,0.012752161469974155,-0.01929290733517519,0.01929290733517519,Prima,CANASTA_EVIDENCIA
2026-04-09,2026-04-03,57.2367127,59.3305869,58.020574994783594,0.036582712410036855,0.013695096343008473,-0.02207987437279857,0.02207987437279857,Prima,CANASTA_EVIDENCIA
2026-04-10,2026-04-03,57.2367127,59.6788382,58.03099497967356,0.042667116694841356,0.013877147065323392,-0.02761185153779422,0.02761185153779422,Prima,CANASTA_EVIDENCIA
2026-04-13,2026-04-08,59.106949400000005,60.0622868,59.42228049084199,0.016162860876727914,0.005334924134013708,-0.0106557099846889,0.0106557099846889,Prima,CANASTA_EVIDENCIA
2026-04-14,2026-04-09,59.3305869,60.4557129,59.66497600529653,0.018963675547258196,0.005636032319385809,-0.013079605826688878,0.013079605826688878,Prima,CANASTA_EVIDENCIA
2026-04-15,2026-04-10,59.6788382,59.764399700000006,59.6628860160497,0.0014336991566972213,-0.0002673005110596094,-0.0016985644373552766,0.0016985644373552766,Prima,CANASTA_EVIDENCIA
2026-04-16,2026-04-10,59.6788382,60.57537,59.859363546320644,0.015022608131134874,0.003024947397864075,-0.011820092121259118,0.011820092121259118,Prima,CANASTA_EVIDENCIA
2026-04-17,2026-04-10,59.6788382,60.8837392,60.03907646147474,0.02018975295668546,0.006036281407950428,-0.013873371603386309,0.013873371603386309,Prima,CANASTA_EVIDENCIA
2026-04-20,2026-04-15,59.764399700000006,60.6762271,60.087237252485046,0.015257032691319727,0.005401837115500019,-0.009707094123440507,0.009707094123440507,Prima,CANASTA_EVIDENCIA
2026-04-21,2026-04-16,60.57537,59.6903523,60.36250166677329,-0.014610190577457494,-0.0035141070244673056,0.011260603110450962,0.011260603110450962,Prima,CANASTA_EVIDENCIA
2026-04-22,2026-04-17,60.8837392,60.5393826,60.71182194825362,-0.00565596996053086,-0.0028236973287997236,0.0028483830004175648,0.0028483830004175648,Prima,CANASTA_EVIDENCIA
2026-04-23,2026-04-17,60.8837392,60.2834868,60.44604327138904,-0.009858993680204264,-0.00718904479853244,0.002696533993269856,0.002696533993269856,Prima,CANASTA_EVIDENCIA
2026-04-24,2026-04-17,60.8837392,61.3291758,60.581966530174064,0.0073161833660833064,-0.0049565396900908,-0.0121835857090703,0.0121835857090703,Prima,CANASTA_EVIDENCIA
2026-04-27,2026-04-22,60.5393826,60.5134915,60.3119955280978,-0.0004276736710558948,-0.003756019010048517,-0.003329769393692894,0.003329769393692894,Prima,CANASTA_EVIDENCIA
2026-04-28,2026-04-23,60.2834868,59.4356749,60.09544191082682,-0.01406375020762729,-0.003119343275498454,0.01110052189929478,0.01110052189929478,Prima,CANASTA_EVIDENCIA
2026-04-29,2026-04-24,61.3291758,59.29284500000001,60.86448183504813,-0.03320329636649044,-0.007577045653887171,0.026506348869718144,0.026506348869718144,Prima,CANASTA_EVIDENCIA
2026-04-30,2026-04-24,61.3291758,60.3915363,61.16854924113007,-0.015288636897024865,-0.0026190888231361065,0.012866255583732666,0.012866255583732666,Prima,CANASTA_EVIDENCIA
2026-05-01,2026-04-24,61.3291758,60.3228076,61.123002153759046,-0.01640928949187026,-0.0033617547203521614,0.013265207399913104,0.013265207399913104,Prima,CANASTA_EVIDENCIA
2026-05-04,2026-04-29,59.29284500000001,59.9882861,59.43456243106893,0.011728921086515465,0.00239012702239072,-0.009230529907255813,0.009230529907255813,Prima,CANASTA_EVIDENCIA
2026-05-05,2026-04-30,60.3915363,60.715026900000005,60.395338497954,0.0053565552363668,6.295911955467304e-05,-0.005265391755035265,0.005265391755035265,Prima,CANASTA_EVIDENCIA
2026-05-06,2026-05-01,60.3228076,62.426252000000005,60.87769180864894,0.03486980271123863,0.009198580615285223,-0.024806233623493323,0.024806233623493323,Prima,CANASTA_EVIDENCIA
2026-05-07,2026-05-01,60.3228076,61.9198158,60.83089473717388,0.026474367880715333,0.008422803204767959,-0.017585986792068686,0.017585986792068686,Prima,CANASTA_EVIDENCIA
2026-05-08,2026-05-01,60.3228076,63.1784936,61.04177317122074,0.04734007108780536,0.011918635750315154,-0.033820376318362655,0.033820376318362655,Prima,CANASTA_EVIDENCIA
2026-05-11,2026-05-06,62.426252000000005,64.0589137,62.64309279171719,0.026153447431058297,0.0034735513469106305,-0.02210185634607187,0.02210185634607187,Prima,CANASTA_EVIDENCIA
2026-05-12,2026-05-07,61.9198158,63.514735300000005,62.142440029517886,0.025757820487573246,0.0035953632394023494,-0.021605935441600055,0.021605935441600055,Prima,CANASTA_EVIDENCIA
2026-05-13,2026-05-08,63.1784936,64.0179069,63.2960676055244,0.01328637724910875,0.0018609814641796785,-0.011275584120598592,0.011275584120598592,Prima,CANASTA_EVIDENCIA
2026-05-14,2026-05-08,63.1784936,63.9355638,63.270955645718836,0.01198303658192934,0.0014635050703208918,-0.01039496822707553,0.01039496822707553,Prima,CANASTA_EVIDENCIA
2026-05-15,2026-05-08,63.1784936,62.1493795,62.71648374537683,-0.016288993949675312,-0.00731277098102856,0.009124857720853363,0.009124857720853363,Prima,CANASTA_EVIDENCIA
2026-05-18,2026-05-13,64.0179069,61.7973582,63.46344598518872,-0.03468636835422689,-0.008661028478756494,0.026960501770910916,0.026960501770910916,Prima,CANASTA_EVIDENCIA
2026-05-19,2026-05-14,63.9355638,61.18157419999999,63.241930267122974,-0.04307445553487099,-0.010848946840397167,0.033676087842849034,0.033676087842849034,Prima,CANASTA_EVIDENCIA
2026-05-20,2026-05-15,62.1493795,62.3471217,62.41552163813685,0.0031817244450524917,0.00428229759135168,0.0010970825319887023,0.0010970825319887023,Prima,CANASTA_EVIDENCIA
2026-05-21,2026-05-15,62.1493795,62.7618713,62.58295519332179,0.009855155512855873,0.006976347902585056,-0.0028507133865240952,0.0028507133865240952,Prima,CANASTA_EVIDENCIA
2026-05-22,2026-05-15,62.1493795,62.817118,62.539388785509985,0.010744089568907045,0.006275352845799276,-0.004421234582745681,0.004421234582745681,Prima,CANASTA_EVIDENCIA
2026-05-25,2026-05-20,62.3471217,62.8408409,62.47931210593052,0.007918877191727791,0.0021202326960110263,-0.0057530865101692585,0.0057530865101692585,Prima,CANASTA_EVIDENCIA
2026-05-26,2026-05-21,62.7618713,64.6373894,63.2115236147867,0.029883081258604838,0.007164418547008777,-0.02205945813172494,0.02205945813172494,Prima,CANASTA_EVIDENCIA
2026-05-27,2026-05-22,62.817118,64.12391980000001,63.19451622360154,0.02080327531103876,0.006007888225651126,-0.014493867176199493,0.014493867176199493,Prima,CANASTA_EVIDENCIA
2026-05-28,2026-05-22,62.817118,64.6024655,63.22966573802955,0.028421353236867564,0.006567441346633451,-0.021249959290956855,0.021249959290956855,Prima,CANASTA_EVIDENCIA
2026-05-29,2026-05-22,62.817118,64.9727585,63.31239544146547,0.03431613179070059,0.00788443432673036,-0.02555475705305832,0.02555475705305832,Prima,CANASTA_EVIDENCIA
2026-06-22,2026-05-29,64.9727585,67.3691678,65.390485118325,0.03688329317278405,0.006429257860815607,-0.02937074549516694,0.02937074549516694,Prima,CANASTA_EVIDENCIA
2026-06-23,2026-05-29,64.9727585,64.7777094,64.85988003929485,-0.003002013528485059,-0.001737319813890137,0.001268501774081665,0.001268501774081665,Prima,CANASTA_EVIDENCIA
2026-06-24,2026-05-29,64.9727585,64.5050353,64.68505830896075,-0.007198758538164762,-0.004428012565285244,0.0027908365311870575,0.0027908365311870575,Prima,CANASTA_EVIDENCIA
2026-06-25,2026-05-29,64.9727585,65.3616475,64.67132533987849,0.005985416180228853,-0.004639377595789029,-0.01056157833416782,0.01056157833416782,Prima,CANASTA_EVIDENCIA
2026-06-26,2026-05-29,64.9727585,64.5121925,64.69494920834867,-0.007088601602162181,-0.0042757810821795195,0.0028329018324508848,0.0028329018324508848,Prima,CANASTA_EVIDENCIA
2026-06-29,2026-06-24,64.5050353,64.8337666,64.54142473734152,0.005096211458084365,0.000564133283119217,-0.004509098853721194,0.004509098853721194,Prima,CANASTA_EVIDENCIA
2026-06-30,2026-06-25,65.3616475,65.7918163,65.60578019209149,0.006581364094287778,0.003735106158263335,-0.0028276481539925014,0.0028276481539925014,Prima,CANASTA_EVIDENCIA
2024-02-26,2024-02-21,48.976935700000006,49.2612359,49.07203444340727,0.005804777206590339,0.001941704642155928,-0.0038407777055535774,0.0038407777055535774,Prima,CANASTA_PODADA
2024-02-27,2024-02-22,49.0828103,49.2095017,49.11086267468405,0.0025811765713015244,0.000571531550711768,-0.0020044711266796744,0.0020044711266796744,Prima,CANASTA_PODADA
2024-02-28,2024-02-23,49.1954468,49.0835955,49.067388204515744,-0.0022736108171701463,-0.002603057880638082,-0.0003301978047687282,0.0003301978047687282,Prima,CANASTA_PODADA
2024-02-29,2024-02-23,49.1954468,49.2416759,49.173459219898184,0.0009397028181883371,-0.0004469433968391501,-0.0013853444029879869,0.0013853444029879869,Prima,CANASTA_PODADA
2024-03-01,2024-02-23,49.1954468,49.311021,49.317903211377946,0.002349286519743421,0.0024891818113936814,0.00013956740782039567,0.00013956740782039567,Prima,CANASTA_PODADA
2024-03-04,2024-02-28,49.0835955,49.4737682,49.35635919295878,0.007949146675695351,0.0055571253527826325,-0.0023731567518082697,0.0023731567518082697,Prima,CANASTA_PODADA
2024-03-05,2024-02-29,49.2416759,49.2573694,49.339662358387976,0.0003187036126039988,0.0019899090881263515,0.001670673025993441,0.001670673025993441,Prima,CANASTA_PODADA
2024-03-06,2024-03-01,49.311021,49.3799229,49.412671675637526,0.001397292098251235,0.0020614190007854916,0.0006632002181099494,0.0006632002181099494,Prima,CANASTA_PODADA
2024-03-07,2024-03-01,49.311021,49.3558196,49.60505977797164,0.0009084906191660913,0.005962942401286808,0.00504986402802321,0.00504986402802321,Prima,CANASTA_PODADA
2024-03-08,2024-03-01,49.311021,49.1261431,49.65447703983234,-0.0037492206863856126,0.006965096906680124,0.010754639108485842,0.010754639108485842,Prima,CANASTA_PODADA
2024-03-11,2024-03-06,49.3799229,49.19355830000001,49.684555917133515,-0.003774096617716438,0.006169167532935171,0.009980933156719995,0.009980933156719995,Prima,CANASTA_PODADA
2024-03-12,2024-03-07,49.3558196,49.3424674,49.53410593916173,-0.0002705293946734244,0.0036122657997910146,0.0038838458889418614,0.0038838458889418614,Prima,CANASTA_PODADA
2024-03-13,2024-03-08,49.1261431,49.4842608,49.422848960211006,0.007289758108447897,0.006039673409879542,-0.0012410378329626992,0.0012410378329626992,Prima,CANASTA_PODADA
2024-03-14,2024-03-08,49.1261431,49.568127700000005,49.39493466625305,0.008996932633207333,0.00547145672938143,-0.0034940402589980213,0.0034940402589980213,Prima,CANASTA_PODADA
2024-03-15,2024-03-08,49.1261431,49.6563768,49.50563510713406,0.01079331017134133,0.007724848383916072,-0.003035696572729729,0.003035696572729729,Prima,CANASTA_PODADA
2024-03-18,2024-03-13,49.4842608,49.992248200000006,49.56234034493121,0.010265635816065544,0.0015778662481547023,-0.008599490331959059,0.008599490331959059,Prima,CANASTA_PODADA
2024-03-19,2024-03-14,49.568127700000005,49.7678241,49.58693663071009,0.004028725902430974,0.000379456146173629,-0.003634626840957389,0.003634626840957389,Prima,CANASTA_PODADA
2024-03-20,2024-03-15,49.6563768,49.9331922,49.81919471929727,0.005574619370940503,0.003278892456311411,-0.0022830000582804155,0.0022830000582804155,Prima,CANASTA_PODADA
2024-03-21,2024-03-15,49.6563768,49.8333169,49.84651857616632,0.0035632905862756914,0.0038291512272865535,0.0002649166659487445,0.0002649166659487445,Prima,CANASTA_PODADA
2024-03-22,2024-03-15,49.6563768,49.9761856,49.78472362364496,0.006440437676073163,0.002584699728735762,-0.0038310642170146236,0.0038310642170146236,Prima,CANASTA_PODADA
2024-03-25,2024-03-20,49.9331922,49.9300588,49.85892245298644,-6.275184625592622e-05,-0.0014873823150758358,-0.001424719872622271,0.001424719872622271,Prima,CANASTA_PODADA
2024-03-26,2024-03-21,49.8333169,49.46530980000001,49.63520407621791,-0.00738476029477364,-0.003975509480527717,0.0034346146199191185,0.0034346146199191185,Prima,CANASTA_PODADA
2024-03-27,2024-03-22,49.9761856,48.9019022,49.89421303434868,-0.02149590624219222,-0.001640232536100572,0.020291865749727078,0.020291865749727078,Prima,CANASTA_PODADA
2024-03-28,2024-03-22,49.9761856,48.9351057,50.003284401093346,-0.020831519802903875,0.000542234281548426,0.021828474380782836,0.021828474380782836,Prima,CANASTA_PODADA
2024-03-29,2024-03-22,49.9761856,48.9356155,50.010055204879414,-0.02082131894435746,0.0006777148850554138,0.021956190678329435,0.021956190678329435,Prima,CANASTA_PODADA
2024-04-01,2024-03-27,48.9019022,48.4650615,49.020407175723854,-0.008933000156382542,0.0024233203698127426,0.011458680924687492,0.011458680924687492,Prima,CANASTA_PODADA
2024-04-02,2024-03-28,48.9351057,48.2258825,48.97746821632895,-0.014493137183516969,0.0008656876433179583,0.015584695963395845,0.015584695963395845,Prima,CANASTA_PODADA
2024-04-03,2024-03-29,48.9356155,48.142993100000005,49.17704066112848,-0.016197250037653932,0.004933526607598937,0.02147867206720222,0.02147867206720222,Prima,CANASTA_PODADA
2024-04-04,2024-03-29,48.9356155,47.4483078,49.0563782976226,-0.030393154041354453,0.002467789490102623,0.03389099784971883,0.03389099784971883,Prima,CANASTA_PODADA
2024-04-05,2024-03-29,48.9356155,46.4834004,49.09786838692091,-0.05011105050880571,0.0033156400560836463,0.056245196444813184,0.056245196444813184,Prima,CANASTA_PODADA
2024-04-08,2024-04-03,48.142993100000005,46.4280607,48.1346941217647,-0.035621640649509234,-0.00017238185041934528,0.03675866267153172,0.03675866267153172,Prima,CANASTA_PODADA
2024-04-09,2024-04-04,47.4483078,46.4650324,47.67601044188058,-0.020723086777817645,0.0047989623326583075,0.026062137037928368,0.026062137037928368,Prima,CANASTA_PODADA
2024-04-10,2024-04-05,46.4834004,46.5303902,46.56055371429774,0.0010108942029980472,0.001659803577918506,0.0006482540586505436,0.0006482540586505436,Prima,CANASTA_PODADA
2024-04-11,2024-04-05,46.4834004,46.5106874,46.665242091048306,0.0005870267614931368,0.003911970498791328,0.003322993051448675,0.003322993051448675,Prima,CANASTA_PODADA
2024-04-12,2024-04-05,46.4834004,46.3858021,46.43794398135436,-0.0020996377020645607,-0.0009779064839163798,0.00112409140283809,0.00112409140283809,Prima,CANASTA_PODADA
2024-04-15,2024-04-10,46.5303902,46.4193995,46.274250288750686,-0.0023853378302424177,-0.00550478751947614,-0.003126908422184771,0.003126908422184771,Prima,CANASTA_PODADA
2024-04-16,2024-04-11,46.5106874,46.411532,46.07756712618749,-0.0021318842086174294,-0.009312274189534175,-0.007195730445021975,0.007195730445021975,Prima,CANASTA_PODADA
2024-04-17,2024-04-12,46.3858021,46.4260343,46.20739701886893,0.000867338672149387,-0.0038461139627694596,-0.0047093680179154385,0.0047093680179154385,Prima,CANASTA_PODADA
2024-04-18,2024-04-12,46.3858021,46.4560793,46.2931973538749,0.0015150584191363503,-0.001996402820101162,-0.003506149218345578,0.003506149218345578,Prima,CANASTA_PODADA
2024-04-19,2024-04-12,46.3858021,46.3442587,46.290192997203484,-0.0008956059423191887,-0.0020611717048764078,-0.0011666105859303721,0.0011666105859303721,Prima,CANASTA_PODADA
2024-04-22,2024-04-17,46.4260343,46.7319339,46.53696605330937,0.006588966828898535,0.002389429874465332,-0.0041720474720313705,0.0041720474720313705,Prima,CANASTA_PODADA
2024-04-23,2024-04-18,46.4560793,47.0282888,46.5217951907502,0.012317214638472462,0.0014145810783088297,-0.010769977436427602,0.010769977436427602,Prima,CANASTA_PODADA
2024-04-24,2024-04-19,46.3442587,47.4396639,46.47641779778989,0.023636265434535897,0.002851682203946826,-0.020304656968914703,0.020304656968914703,Prima,CANASTA_PODADA
2024-04-25,2024-04-19,46.3442587,47.7064885,46.56651557251881,0.02939371214928932,0.004795780076180423,-0.02389555306467772,0.02389555306467772,Prima,CANASTA_PODADA
2024-04-26,2024-04-19,46.3442587,47.87280260000001,46.73781631301895,0.032982378893893216,0.008492046783325824,-0.023708373551145634,0.023708373551145634,Prima,CANASTA_PODADA
2024-04-29,2024-04-24,47.4396639,47.8887057,47.85536213645035,0.009465535020369398,0.008762672461732013,-0.0006962719719035837,0.0006962719719035837,Prima,CANASTA_PODADA
2024-04-30,2024-04-25,47.7064885,48.1072242,47.810940909479186,0.008400025082542006,0.0021894801475315084,-0.0061588107700633055,0.0061588107700633055,Prima,CANASTA_PODADA
2024-05-01,2024-04-26,47.87280260000001,48.0291143,47.76534966211761,0.003265146210595926,-0.002244550810618362,-0.005491765603564236,0.005491765603564236,Prima,CANASTA_PODADA
2024-05-02,2024-04-26,47.87280260000001,48.1410916,47.92252639929052,0.005604205006372265,0.0010386648909188612,-0.004540096484008327,0.004540096484008327,Prima,CANASTA_PODADA
2024-05-03,2024-04-26,47.87280260000001,48.281447,48.06415620068797,0.008536045057031982,0.0039971255137662975,-0.004500503046481419,0.004500503046481419,Prima,CANASTA_PODADA
2024-05-06,2024-05-01,48.0291143,48.4664391,48.42539269823267,0.009105410465584995,0.008250795460383209,-0.0008469036002962671,0.0008469036002962671,Prima,CANASTA_PODADA
2024-05-07,2024-05-02,48.1410916,48.2631262,48.36032129069708,0.0025349362871529557,0.004553899452854893,0.002013858163565807,0.002013858163565807,Prima,CANASTA_PODADA
2024-05-08,2024-05-03,48.281447,48.3393038,48.33842522457688,0.0011983236542185693,0.0011801266970494773,-1.8175177424084588e-05,1.8175177424084588e-05,Prima,CANASTA_PODADA
2024-05-09,2024-05-03,48.281447,48.4179136,48.50919257881446,0.0028264811533091905,0.004717041285329682,0.0018852315605448755,0.0018852315605448755,Prima,CANASTA_PODADA
2024-05-10,2024-05-03,48.281447,48.6964133,48.56250447940519,0.008594736193387131,0.005821231484739675,-0.0027498702988626444,0.0027498702988626444,Prima,CANASTA_PODADA
2024-05-13,2024-05-08,48.3393038,48.731891000000005,48.59553909272927,0.008121490570577983,0.005300765062513424,-0.0027980015647399714,0.0027980015647399714,Prima,CANASTA_PODADA
2024-05-14,2024-05-09,48.4179136,48.9538606,48.63763183840705,0.011069188243584271,0.004537953457107502,-0.00645973081013651,0.00645973081013651,Prima,CANASTA_PODADA
2024-05-15,2024-05-10,48.6964133,49.096764,48.96612557842901,0.008221359087240865,0.005538647718619671,-0.0026608356829992408,0.0026608356829992408,Prima,CANASTA_PODADA
2024-05-16,2024-05-10,48.6964133,49.1887729,48.9375649133112,0.010110798036946811,0.004952143227172634,-0.005107018774375582,0.005107018774375582,Prima,CANASTA_PODADA
2024-05-17,2024-05-10,48.6964133,49.4962626,49.13385288986436,0.016425219965840787,0.008982994028111646,-0.007321961115820619,0.007321961115820619,Prima,CANASTA_PODADA
2024-05-20,2024-05-15,49.096764,49.5852446,49.38729330767653,0.009949344115632641,0.00591748384224533,-0.003992141087945211,0.003992141087945211,Prima,CANASTA_PODADA
2024-05-21,2024-05-16,49.1887729,49.636294500000005,49.488386786454825,0.009098043590349603,0.006091103086957261,-0.002979829881241014,0.002979829881241014,Prima,CANASTA_PODADA
2024-05-22,2024-05-17,49.4962626,49.4797557,49.29803727211997,-0.00033349790737535745,-0.0040048544570319144,-0.0036725813478506453,0.0036725813478506453,Prima,CANASTA_PODADA
2024-05-23,2024-05-17,49.4962626,49.4538228,49.230494498392275,-0.0008574344358679431,-0.005369457968079527,-0.004515895616622023,0.004515895616622023,Prima,CANASTA_PODADA
2024-05-24,2024-05-17,49.4962626,49.5741012,49.3081097790913,0.0015726157069484437,-0.003801354102818677,-0.00536553189004052,0.00536553189004052,Prima,CANASTA_PODADA
2024-05-27,2024-05-22,49.4797557,49.546446800000005,49.49656661858752,0.0013478461859099955,0.0003397534678515335,-0.0010067357930595433,0.0010067357930595433,Prima,CANASTA_PODADA
2024-05-28,2024-05-23,49.4538228,49.6898368,49.672101613397615,0.0047724116486300705,0.004413790502715509,-0.00035691778730873036,0.00035691778730873036,Prima,CANASTA_PODADA
2024-05-29,2024-05-24,49.5741012,49.5770996,49.555950421155394,6.048319439821981e-05,-0.0003661343000729289,-0.00042659169284287035,0.00042659169284287035,Prima,CANASTA_PODADA
2024-05-30,2024-05-24,49.5741012,49.506136100000006,49.48954035766956,-0.001370979974519293,-0.0017057463531066075,-0.0003352259666745683,0.0003352259666745683,Prima,CANASTA_PODADA
2024-05-31,2024-05-24,49.5741012,49.1942328,49.62452677480155,-0.007662638168011826,0.0010171757748691501,0.008746837796026252,0.008746837796026252,Prima,CANASTA_PODADA
2024-06-03,2024-05-29,49.5770996,49.28499,49.65643246400867,-0.005892026809894202,0.001600191714496102,0.0075366245181072156,0.0075366245181072156,Prima,CANASTA_PODADA
2024-06-04,2024-05-30,49.506136100000006,49.0206695,49.39995305145074,-0.009806190469387244,-0.0021448462133014656,0.007737216878499487,0.007737216878499487,Prima,CANASTA_PODADA
2024-06-05,2024-05-31,49.1942328,49.0950054,49.075508745804136,-0.002017053511199407,-0.0024133734268920737,-0.0003971209298586631,0.0003971209298586631,Prima,CANASTA_PODADA
2024-06-06,2024-05-31,49.1942328,49.1405656,49.1773607259479,-0.0010909246256198823,-0.00034296853699689045,0.0007487729434660917,0.0007487729434660917,Prima,CANASTA_PODADA
2024-06-07,2024-05-31,49.1942328,48.8180481,48.9756746478148,-0.007646926856840874,-0.004442759643671135,0.0032288580545438705,0.0032288580545438705,Prima,CANASTA_PODADA
2024-06-10,2024-06-05,49.0950054,49.1582082,49.06126259607332,0.0012873570230831355,-0.0006872960630467384,-0.00197211427097288,0.00197211427097288,Prima,CANASTA_PODADA
2024-06-11,2024-06-06,49.1405656,49.0348917,48.908182174347075,-0.002150441263948366,-0.004728953010930015,-0.002584068634802872,0.002584068634802872,Prima,CANASTA_PODADA
2024-06-12,2024-06-07,48.8180481,49.3744257,48.91842492634802,0.011396965295709993,0.0020561417396780524,-0.009235566129369377,0.009235566129369377,Prima,CANASTA_PODADA
2024-06-13,2024-06-07,48.8180481,49.07936900000001,48.817943168340314,0.005352956747977977,-2.14944398169159e-06,-0.005326593169111327,0.005326593169111327,Prima,CANASTA_PODADA
2024-06-14,2024-06-07,48.8180481,49.1718642,48.78728532555901,0.007247649461019856,-0.0006301516680464747,-0.007821116418868512,0.007821116418868512,Prima,CANASTA_PODADA
2024-06-17,2024-06-12,49.3744257,49.3457069,49.29303199227358,-0.0005816533477167596,-0.0016484993308271134,-0.001067466878793888,0.001067466878793888,Prima,CANASTA_PODADA
2024-06-18,2024-06-13,49.07936900000001,49.5061488,49.22357807164741,0.00869570674390685,0.0029382829198028038,-0.005707790551314096,0.005707790551314096,Prima,CANASTA_PODADA
2024-06-19,2024-06-14,49.1718642,49.4536016,49.35401733525251,0.005729646507890429,0.0037044179271223943,-0.00201369084405556,0.00201369084405556,Prima,CANASTA_PODADA
2024-06-20,2024-06-14,49.1718642,49.3279472,49.41887217280311,0.0031742339351858995,0.005023359940116157,0.0018432750188135394,0.0018432750188135394,Prima,CANASTA_PODADA
2024-06-21,2024-06-14,49.1718642,49.2204786,49.334053959342725,0.0009886629435538197,0.0032984260812858324,0.002307481815967627,0.002307481815967627,Prima,CANASTA_PODADA
2024-06-24,2024-06-19,49.4536016,49.3426116,49.49677056578137,-0.002244325921855639,0.0008729185415157215,0.003124256312800666,0.003124256312800666,Prima,CANASTA_PODADA
2024-06-25,2024-06-20,49.3279472,49.2753328,49.24896611298272,-0.0010666245604479263,-0.0016011427902532516,-0.0005350889688415794,0.0005350889688415794,Prima,CANASTA_PODADA
2024-06-26,2024-06-21,49.2204786,49.3335978,49.21547565601641,0.0022982141421110658,-0.00010164354605823878,-0.0023943549477672965,0.0023943549477672965,Prima,CANASTA_PODADA
2024-06-27,2024-06-21,49.2204786,49.272309400000005,49.145256603557144,0.00105303323889272,-0.001528266253852606,-0.002578584157917785,0.002578584157917785,Prima,CANASTA_PODADA
2024-06-28,2024-06-21,49.2204786,49.398632500000005,49.22163886786537,0.0036195076737837173,2.3572868415255854e-05,-0.0035829662315982613,0.0035829662315982613,Prima,CANASTA_PODADA
2024-07-01,2024-06-26,49.3335978,49.4131756,49.34030526818698,0.0016130548662316446,0.00013596146411565257,-0.0014747146065435812,0.0014747146065435812,Prima,CANASTA_PODADA
2024-07-02,2024-06-27,49.272309400000005,49.25264309999999,49.41737726388496,-0.00039913493480403517,0.0029442067086256074,0.0033446766207145817,0.0033446766207145817,Prima,CANASTA_PODADA
2024-07-03,2024-06-28,49.398632500000005,49.4443089,49.74522258323934,0.0009246490780894234,0.007016187811258456,0.006085911400802946,0.006085911400802946,Prima,CANASTA_PODADA
2024-07-04,2024-06-28,49.398632500000005,49.3421078,49.751958443602106,-0.0011442563718743193,0.007152545034563529,0.008306305949947745,0.008306305949947745,Prima,CANASTA_PODADA
2024-07-05,2024-06-28,49.398632500000005,49.4245402,49.84234049161873,0.0005244618866726558,0.008982191796882644,0.008453296478390326,0.008453296478390326,Prima,CANASTA_PODADA
2024-07-08,2024-07-03,49.4443089,49.27043510000001,49.56487763896561,-0.0035165584041563225,0.002438475562666964,0.005976049092483171,0.005976049092483171,Prima,CANASTA_PODADA
2024-07-09,2024-07-04,49.3421078,49.2914942,49.46839323643477,-0.0010257689072618037,0.002559384713491486,0.0035888349360440053,0.0035888349360440053,Prima,CANASTA_PODADA
2024-07-10,2024-07-05,49.4245402,49.515271000000006,49.54465654757799,0.0018357439367742145,0.0024302977244083923,0.0005934643390721472,0.0005934643390721472,Prima,CANASTA_PODADA
2024-07-11,2024-07-05,49.4245402,49.2340207,49.5995415380136,-0.0038547551323502294,0.0035407782713898772,0.007424151690572645,0.007424151690572645,Prima,CANASTA_PODADA
2024-07-12,2024-07-05,49.4245402,49.2073889,49.6194864955858,-0.004393592719755923,0.003944321885381852,0.00837470966856757,0.00837470966856757,Prima,CANASTA_PODADA
2024-07-15,2024-07-10,49.515271000000006,49.060678,49.487636435046724,-0.009180864626591734,-0.000558101862217053,0.008702660714283716,0.008702660714283716,Prima,CANASTA_PODADA
2024-07-16,2024-07-11,49.2340207,49.168019400000006,49.27923044809696,-0.0013405628681468773,0.0009182623611514451,0.0022618573913302242,0.0022618573913302242,Prima,CANASTA_PODADA
2024-07-17,2024-07-12,49.2073889,48.9231648,49.08604314431375,-0.005776045149999742,-0.002466006800987741,0.0033292683533372447,0.0033292683533372447,Prima,CANASTA_PODADA
2024-07-18,2024-07-12,49.2073889,48.7956399,48.84353922963042,-0.008367625456346839,-0.007394208034671279,0.0009816313451076475,0.0009816313451076475,Prima,CANASTA_PODADA
2024-07-19,2024-07-12,49.2073889,48.7013662,48.850290185738004,-0.010283469846943949,-0.007257014083549507,0.0030579016023168926,0.0030579016023168926,Prima,CANASTA_PODADA
2024-07-22,2024-07-17,48.9231648,48.9324968,48.76037005013588,0.00019074808504626617,-0.0033275596648261185,-0.003517636767395027,0.003517636767395027,Prima,CANASTA_PODADA
2024-07-23,2024-07-18,48.7956399,48.7615486,48.8257689234428,-0.0006986546353293654,0.0006174531885339007,0.0013170279715604138,0.0013170279715604138,Prima,CANASTA_PODADA
2024-07-24,2024-07-19,48.7013662,48.5819464,48.62384394486752,-0.002452083161478158,-0.0015917880992112332,0.0008624097627245586,0.0008624097627245586,Prima,CANASTA_PODADA
2024-07-25,2024-07-19,48.7013662,48.2883533,48.53045231888575,-0.008480519792892438,-0.003509426828240625,0.005013610991902562,0.005013610991902562,Prima,CANASTA_PODADA
2024-07-26,2024-07-19,48.7013662,48.4607777,48.634224435788624,-0.004940077019851663,-0.0013786423143787863,0.0035791158132532086,0.0035791158132532086,Prima,CANASTA_PODADA
2024-07-29,2024-07-24,48.5819464,48.3970534,48.5788585083705,-0.0038057964676360134,-6.356047582112279e-05,0.003756532590277528,0.003756532590277528,Prima,CANASTA_PODADA
2024-07-30,2024-07-25,48.2883533,48.3778689,48.353660081846535,0.0018537720564599791,0.0013524334002612548,-0.0005004110082548197,0.0005004110082548197,Prima,CANASTA_PODADA
2024-07-31,2024-07-26,48.4607777,48.5966032,48.640993008275,0.002802792411645383,0.003718786961914411,0.0009134343833110403,0.0009134343833110403,Prima,CANASTA_PODADA
2024-08-01,2024-07-26,48.4607777,48.0682832,48.389030470422256,-0.008099220000755358,-0.0014805216297167911,0.006672742379579155,0.006672742379579155,Prima,CANASTA_PODADA
2024-08-02,2024-07-26,48.4607777,47.3520423,48.13236031433295,-0.022879026144890013,-0.006776973075012238,0.01647907833392326,0.01647907833392326,Prima,CANASTA_PODADA
2024-08-05,2024-07-31,48.5966032,44.8239285,47.79740867706169,-0.0776324774073921,-0.016445481171785015,0.06633689363175055,0.06633689363175055,Prima,CANASTA_PODADA
2024-08-06,2024-08-01,48.0682832,44.8496735,47.639581268405145,-0.06695911494504969,-0.008918602934311903,0.06220575426051078,0.06220575426051078,Prima,CANASTA_PODADA
2024-08-07,2024-08-02,47.3520423,44.8119079,47.163447958907994,-0.053643608102622364,-0.0039828132416583895,0.052475785323748525,0.052475785323748525,Prima,CANASTA_PODADA
2024-08-08,2024-08-02,47.3520423,45.1068802,47.44184362062405,-0.04741426115848868,0.0018964614040322125,0.05176512785346765,0.05176512785346765,Prima,CANASTA_PODADA
2024-08-09,2024-08-02,47.3520423,45.2500804,47.47634014794152,-0.044390100149914735,0.0026249733254171126,0.049199023035139566,0.049199023035139566,Prima,CANASTA_PODADA
2024-08-12,2024-08-07,44.8119079,45.3864968,45.157160474064874,0.012822236921539387,0.007704482809241631,-0.005052963813129807,0.005052963813129807,Prima,CANASTA_PODADA
2024-08-13,2024-08-08,45.1068802,45.6305161,45.28645936554667,0.011608781136674517,0.0039811923314232445,-0.007540057923064558,0.007540057923064558,Prima,CANASTA_PODADA
2024-08-14,2024-08-09,45.2500804,45.4839171,45.363415084856314,0.0051676526965904745,0.0025046294692618876,-0.0026493323976198857,0.0026493323976198857,Prima,CANASTA_PODADA
2024-08-15,2024-08-09,45.2500804,45.8454978,45.56241376070527,0.013158372200372748,0.0069023824475960005,-0.006174740222686159,0.006174740222686159,Prima,CANASTA_PODADA
2024-08-16,2024-08-09,45.2500804,45.8861385,45.60277344706651,0.01405650762114452,0.007794307633241404,-0.006175395494076974,0.006175395494076974,Prima,CANASTA_PODADA
2024-08-19,2024-08-14,45.4839171,46.0104462,45.846293687161484,0.011576159960945853,0.007967136743406877,-0.0035677226889947455,0.0035677226889947455,Prima,CANASTA_PODADA
2024-08-20,2024-08-15,45.8454978,46.0675519,45.98613738131536,0.004843531222383124,0.003067685772088158,-0.001767285547566444,0.001767285547566444,Prima,CANASTA_PODADA
2024-08-21,2024-08-16,45.8861385,46.086941800000005,46.02055649892343,0.004376121124247678,0.0029293813625967946,-0.0014404362382007818,0.0014404362382007818,Prima,CANASTA_PODADA
2024-08-22,2024-08-16,45.8861385,45.749117000000005,45.87607497277015,-0.0029861196535418966,-0.00021931519101026087,0.0027750912169548503,0.0027750912169548503,Prima,CANASTA_PODADA
2024-08-23,2024-08-16,45.8861385,46.011852,46.05383840134257,0.00273968357568366,0.0036546963162429336,0.0009125127443809777,0.0009125127443809777,Prima,CANASTA_PODADA
2024-08-26,2024-08-21,46.086941800000005,45.7717214,46.10946437408401,-0.00683969010935781,0.0004886975183067133,0.007378856720997584,0.007378856720997584,Prima,CANASTA_PODADA
2024-08-27,2024-08-22,45.749117000000005,45.7932924,45.93260896031739,0.0009656011502909845,0.0040108306422041995,0.0030422918514019237,0.0030422918514019237,Prima,CANASTA_PODADA
2024-08-28,2024-08-23,46.011852,45.6164108,45.891824021616344,-0.008594333477383143,-0.002608631758262092,0.006037590787751013,0.006037590787751013,Prima,CANASTA_PODADA
2024-08-29,2024-08-23,46.011852,45.734564,45.93523648372388,-0.006026447272759139,-0.0016651256784039337,0.004387764224097035,0.004387764224097035,Prima,CANASTA_PODADA
2024-08-30,2024-08-23,46.011852,45.9009229,46.032260504537014,-0.0024108810051810536,0.0004435488607807958,0.0028613281877392094,0.0028613281877392094,Prima,CANASTA_PODADA
2024-09-02,2024-08-28,45.6164108,45.9886295,45.76220016502761,0.008159754208457048,0.003195985007825586,-0.004923593884709976,0.004923593884709976,Prima,CANASTA_PODADA
2024-09-03,2024-08-29,45.734564,45.4684047,45.496923048,-0.005819653162102867,-0.005196090904026063,0.0006272124168016369,0.0006272124168016369,Prima,CANASTA_PODADA
2024-09-04,2024-08-30,45.9009229,45.5058752,45.53601437583363,-0.008606530654310607,-0.007949916932201151,0.0006623139474006834,0.0006623139474006834,Prima,CANASTA_PODADA
2024-09-05,2024-08-30,45.9009229,45.499564,45.59272669737629,-0.008744026800384885,-0.006714379214011523,0.0020475514309608034,0.0020475514309608034,Prima,CANASTA_PODADA
2024-09-06,2024-08-30,45.9009229,45.1362327,45.396390965733,-0.016659582241210114,-0.010991760130099726,0.00576384536702812,0.00576384536702812,Prima,CANASTA_PODADA
2024-09-09,2024-09-04,45.5058752,45.444766,45.47057833752627,-0.0013428859401433124,-0.0007756550625297454,0.0005679936282709797,0.0005679936282709797,Prima,CANASTA_PODADA
2024-09-10,2024-09-05,45.499564,45.3870618,45.39009645370723,-0.0024725995176569926,-0.0024059031926716434,6.686164706160014e-05,6.686164706160014e-05,Prima,CANASTA_PODADA
2024-09-11,2024-09-06,45.1362327,45.3671531,45.34438712998852,0.005116076069857867,0.0046116925923354035,-0.0005018161479364291,0.0005018161479364291,Prima,CANASTA_PODADA
2024-09-12,2024-09-06,45.1362327,45.5990421,45.53213320318268,0.010253611617878633,0.008771234981307607,-0.0014673311924093824,0.0014673311924093824,Prima,CANASTA_PODADA
2024-09-13,2024-09-06,45.1362327,45.9794965,45.659338430658416,0.018682635868278785,0.011589485860179272,-0.0069630616625301345,0.0069630616625301345,Prima,CANASTA_PODADA
2024-09-16,2024-09-11,45.3671531,45.9759973,45.72305910540874,0.013420374839434146,0.007845015194676952,-0.005501527089033176,0.005501527089033176,Prima,CANASTA_PODADA
2024-09-17,2024-09-12,45.5990421,45.768028400000006,45.74589045074079,0.0037059177609348737,0.003220426219014527,-0.0004836989932303082,0.0004836989932303082,Prima,CANASTA_PODADA
2024-09-18,2024-09-13,45.9794965,45.787220000000005,46.05345882245788,-0.004181787854070973,0.00160859357078591,0.005814697255213774,0.005814697255213774,Prima,CANASTA_PODADA
2024-09-19,2024-09-13,45.9794965,46.1953035,46.257809381491654,0.004693548568980077,0.006052978015791188,0.0013530787061861727,0.0013530787061861727,Prima,CANASTA_PODADA
2024-09-20,2024-09-13,45.9794965,46.1461291,46.24997202561364,0.003624063173462533,0.005882524738252348,0.0022503063125534073,0.0022503063125534073,Prima,CANASTA_PODADA
2024-09-23,2024-09-18,45.787220000000005,46.2693688,46.06603593151813,0.010530204716512559,0.006089383271535631,-0.00439454597621125,0.00439454597621125,Prima,CANASTA_PODADA
2024-09-24,2024-09-19,46.1953035,46.558789100000006,46.64617931213242,0.007868453553941945,0.009760208895097211,0.0018769863611511894,0.0018769863611511894,Prima,CANASTA_PODADA
2024-09-25,2024-09-20,46.1461291,46.4003661,46.46001300097395,0.0055093895188707,0.006801955160610662,0.0012854834128981363,0.0012854834128981363,Prima,CANASTA_PODADA
2024-09-26,2024-09-20,46.1461291,46.7863643,46.85846736854307,0.01387408245256272,0.015436576857820627,0.0015411128781182004,0.0015411128781182004,Prima,CANASTA_PODADA
2024-09-27,2024-09-20,46.1461291,46.655388,46.8362884253793,0.011035788048363138,0.01495595272755601,0.003877374792795596,0.003877374792795596,Prima,CANASTA_PODADA
2024-09-30,2024-09-25,46.4003661,45.9759973,46.63859496370069,-0.00914580714913793,0.005134202242871755,0.01441181709179995,0.01441181709179995,Prima,CANASTA_PODADA
2024-10-01,2024-09-26,46.7863643,46.6067686,46.64693089246011,-0.0038386333857534094,-0.0029802146336018742,0.000861726604665547,0.000861726604665547,Prima,CANASTA_PODADA
2024-10-02,2024-09-27,46.655388,46.7808031,46.65090608730885,0.0026881161078329274,-9.606420358465595e-05,-0.002776716175938221,0.002776716175938221,Prima,CANASTA_PODADA
2024-10-03,2024-09-27,46.655388,46.7150886,46.547665434339976,0.0012796078343619843,-0.0023088987205514,-0.0035839205421099862,0.0035839205421099862,Prima,CANASTA_PODADA
2024-10-04,2024-09-27,46.655388,47.0283639,46.71469603750677,0.007994272815821324,0.0012711937473710577,-0.006669759193839053,0.006669759193839053,Prima,CANASTA_PODADA
2024-10-07,2024-10-02,46.7808031,46.9949823,46.81413317144211,0.004578356629366898,0.0007124732632499686,-0.003848264638199206,0.003848264638199206,Prima,CANASTA_PODADA
2024-10-08,2024-10-03,46.7150886,46.7270583,46.65726057167576,0.00025622770626632096,-0.0012378875874431428,-0.0014937325580421934,0.0014937325580421934,Prima,CANASTA_PODADA
2024-10-09,2024-10-04,47.0283639,46.8797793,46.804724149173914,-0.003159467769619728,-0.00475542273385543,-0.0016010133142007055,0.0016010133142007055,Prima,CANASTA_PODADA
2024-10-10,2024-10-04,47.0283639,47.076908,46.93103483671602,0.001032230253708688,-0.002069582167283923,-0.003098613937941308,0.003098613937941308,Prima,CANASTA_PODADA
2024-10-11,2024-10-04,47.0283639,47.1183083,47.04088704668855,0.001912556434904955,0.00026628922739435623,-0.0016431246389091436,0.0016431246389091436,Prima,CANASTA_PODADA
2024-10-14,2024-10-09,46.8797793,47.2076035,47.108787393694904,0.006992869951501612,0.004885007931231922,-0.002093224374439928,0.002093224374439928,Prima,CANASTA_PODADA
2024-10-15,2024-10-10,47.076908,46.8431471,46.973031432764294,-0.004965510903987114,-0.0022065290956599926,0.0027727499283303203,0.0027727499283303203,Prima,CANASTA_PODADA
2024-10-16,2024-10-11,47.1183083,46.8093941,47.0266677781213,-0.006556139452909893,-0.0019449026330748964,0.00464166824413792,0.00464166824413792,Prima,CANASTA_PODADA
2024-10-17,2024-10-11,47.1183083,46.7847147,47.05838913529682,-0.007079914624184447,-0.001271674787678645,0.005849654893734346,0.005849654893734346,Prima,CANASTA_PODADA
2024-10-18,2024-10-11,47.1183083,47.125758100000006,47.249738892312806,0.00015810839286856115,0.0027893741743865164,0.0026308498220806165,0.0026308498220806165,Prima,CANASTA_PODADA
2024-10-21,2024-10-16,46.8093941,47.0993885,47.03115101384796,0.006195217980828449,0.004737444654254963,-0.0014487977089563397,0.0014487977089563397,Prima,CANASTA_PODADA
2024-10-22,2024-10-17,46.7847147,47.122838300000005,47.00120805922668,0.007227223723991205,0.004627437841929982,-0.002581131467484843,0.002581131467484843,Prima,CANASTA_PODADA
2024-10-23,2024-10-18,47.125758100000006,46.9014982,47.07346904484021,-0.0047587542151392714,-0.0011095642227938463,0.003666638624354457,0.003666638624354457,Prima,CANASTA_PODADA
2024-10-24,2024-10-18,47.125758100000006,46.993123,47.089858891686,-0.0028144926542839066,-0.0007617746591541685,0.0020585116610787324,0.0020585116610787324,Prima,CANASTA_PODADA
2024-10-25,2024-10-18,47.125758100000006,47.1022554,47.11996271873458,-0.0004987230115245378,-0.00012297693446394753,0.00037593356377962905,0.00037593356377962905,Prima,CANASTA_PODADA
2024-10-28,2024-10-23,46.9014982,47.1173213,46.98576623375539,0.0046016248581159935,0.0017967023866924947,-0.0027920743924932934,0.0027920743924932934,Prima,CANASTA_PODADA
2024-10-29,2024-10-24,46.993123,47.3197097,46.99602214963591,0.006949670061298097,6.169306168302136e-05,-0.006840438210974131,0.006840438210974131,Prima,CANASTA_PODADA
2024-10-30,2024-10-25,47.1022554,47.0630732,46.98794689653924,-0.0008318540092667748,-0.0024268159239940745,-0.0015962897947929822,0.0015962897947929822,Prima,CANASTA_PODADA
2024-10-31,2024-10-25,47.1022554,46.5901021,46.85365982343782,-0.010873222431722285,-0.005277784990359025,0.005656946680909325,0.005656946680909325,Prima,CANASTA_PODADA
2024-11-01,2024-10-25,47.1022554,46.5856693,46.83917066319716,-0.010967332574906785,-0.005585395743126886,0.00544161685355804,0.00544161685355804,Prima,CANASTA_PODADA
2024-11-04,2024-10-30,47.0630732,46.6036449,46.96447409750823,-0.009761969815434757,-0.0020950417341587535,0.007742510232461086,0.007742510232461086,Prima,CANASTA_PODADA
2024-11-05,2024-10-31,46.5901021,46.7818102,46.75794046780522,0.004114781710255144,0.0036024468769133566,-0.0005102353263530812,0.0005102353263530812,Prima,CANASTA_PODADA
2024-11-06,2024-11-01,46.5856693,47.1972418,46.73965517361566,0.013127910561113287,0.0033054343949430187,-0.009695198467812638,0.009695198467812638,Prima,CANASTA_PODADA
2024-11-07,2024-11-01,46.5856693,47.3100232,46.974078698293674,0.01554885678115614,0.008337529633682284,-0.007100916021244519,0.007100916021244519,Prima,CANASTA_PODADA
2024-11-08,2024-11-01,46.5856693,47.3710197,46.76663501971573,0.01685819720529369,0.0038845791513770767,-0.01275853220200518,0.01275853220200518,Prima,CANASTA_PODADA
2024-11-11,2024-11-06,47.1972418,47.3375836,47.12723626861302,0.0029735169820876983,-0.0014832547139859154,-0.004443558698821848,0.004443558698821848,Prima,CANASTA_PODADA
2024-11-12,2024-11-07,47.3100232,47.403941800000005,46.90305344032785,0.0019851734082430017,-0.008602188968534485,-0.010566386267737649,0.010566386267737649,Prima,CANASTA_PODADA
2024-11-13,2024-11-08,47.3710197,47.4171934,47.12093349110336,0.0009747246373927876,-0.0052793081187704205,-0.006247942732448664,0.006247942732448664,Prima,CANASTA_PODADA
2024-11-14,2024-11-08,47.3710197,47.1761396,47.08933519136674,-0.0041139097539840686,-0.005946346741470987,-0.0018400066086216027,0.0018400066086216027,Prima,CANASTA_PODADA
2024-11-15,2024-11-08,47.3710197,46.96738250000001,47.05696891272752,-0.008520762325916142,-0.006629597362719952,0.0019074176153528466,0.0019074176153528466,Prima,CANASTA_PODADA
2024-11-18,2024-11-13,47.4171934,47.0187292,47.49346039817557,-0.008403369567630325,0.0016084249764045655,0.010096640344239072,0.010096640344239072,Prima,CANASTA_PODADA
2024-11-19,2024-11-14,47.1761396,47.0201735,47.378853692015724,-0.003306037783557869,0.004296962272337446,0.0076282192369139246,0.0076282192369139246,Prima,CANASTA_PODADA
2024-11-20,2024-11-15,46.96738250000001,46.965287,47.20232011236118,-4.461606946071228e-05,0.005002144038177336,0.005046985284284267,0.005046985284284267,Prima,CANASTA_PODADA
2024-11-21,2024-11-15,46.96738250000001,47.2152474,47.23963215015302,0.005277383724758167,0.005796568504813138,0.0005164592265383128,0.0005164592265383128,Prima,CANASTA_PODADA
2024-11-22,2024-11-15,46.96738250000001,47.2026127,47.209172655084174,0.00500837363035922,0.005148044072589508,0.00013897440647747672,0.00013897440647747672,Prima,CANASTA_PODADA
2024-11-25,2024-11-20,46.965287,47.0585108,46.933034095355666,0.0019849511406160314,-0.0006867392217645429,-0.002666397693237954,0.002666397693237954,Prima,CANASTA_PODADA
2024-11-26,2024-11-21,47.2152474,47.0686454,47.15551633124589,-0.0031049715520499177,-0.0012650800756814906,0.0018456220804241585,0.0018456220804241585,Prima,CANASTA_PODADA
2024-11-27,2024-11-22,47.2026127,46.8854519,47.20808353441121,-0.006719136544744764,0.00011590109314441044,0.006881273856533143,0.006881273856533143,Prima,CANASTA_PODADA
2024-11-28,2024-11-22,47.2026127,46.800270600000005,47.214475847927325,-0.008523725213201994,0.00025132396807614477,0.00885048831164914,0.00885048831164914,Prima,CANASTA_PODADA
2024-11-29,2024-11-22,47.2026127,46.942187,47.1827876364823,-0.005517188246658367,-0.0004199992835925981,0.005125467130074446,0.005125467130074446,Prima,CANASTA_PODADA
2024-12-02,2024-11-27,46.8854519,47.0034507,46.93751645801644,0.002516746564620531,0.0011104629667959554,-0.0014027532234683893,0.0014027532234683893,Prima,CANASTA_PODADA
2024-12-03,2024-11-28,46.800270600000005,46.664897,46.924423475162804,-0.002892581565543395,0.0026528238741165833,0.005561492510372412,0.005561492510372412,Prima,CANASTA_PODADA
2024-12-04,2024-11-29,46.942187,46.9740959,47.09536340416616,0.0006797489004934931,0.0032630862334164235,0.0025815825050536922,0.0025815825050536922,Prima,CANASTA_PODADA
2024-12-05,2024-11-29,46.942187,46.873261,47.161731504721175,-0.0014683167616369452,0.004676912575913406,0.006154265749105381,0.006154265749105381,Prima,CANASTA_PODADA
2024-12-06,2024-11-29,46.942187,46.7873505,47.101295031289524,-0.00329845092219494,0.0033894464970183336,0.00671003012426441,0.00671003012426441,Prima,CANASTA_PODADA
2024-12-09,2024-12-04,46.9740959,46.8856611,47.22824662011333,-0.0018826291023943398,0.005410444102093459,0.00730682925388737,0.00730682925388737,Prima,CANASTA_PODADA
2024-12-10,2024-12-05,46.873261,46.7221788,46.90464628882334,-0.0032232065099971896,0.0006695776686700405,0.0039053719991188895,0.0039053719991188895,Prima,CANASTA_PODADA
2024-12-11,2024-12-06,46.7873505,47.177225,47.02816879609723,0.0083329039972031,0.00514708128422936,-0.003159494944918184,0.003159494944918184,Prima,CANASTA_PODADA
2024-12-12,2024-12-06,46.7873505,47.0595085,46.89752595708565,0.00581691412511165,0.002354812912213289,-0.003442078935319781,0.003442078935319781,Prima,CANASTA_PODADA
2024-12-13,2024-12-06,46.7873505,46.8463959,46.81350522804905,0.001261994948826839,0.0005590128051609078,-0.0007020961019318372,0.0007020961019318372,Prima,CANASTA_PODADA
2024-12-16,2024-12-11,47.177225,47.0544743,46.89999292001639,-0.0026019058984498855,-0.005876396502414338,-0.003283032746231651,0.003283032746231651,Prima,CANASTA_PODADA
2024-12-17,2024-12-12,47.0595085,46.8690758,46.882634187988096,-0.004046635973684265,-0.0037585244225809555,0.00028928217074208895,0.00028928217074208895,Prima,CANASTA_PODADA
2024-12-18,2024-12-13,46.8463959,45.9725483,46.46118183882445,-0.01865346486558639,-0.008222917767203186,0.010628811255704251,0.010628811255704251,Prima,CANASTA_PODADA
2024-12-19,2024-12-13,46.8463959,45.7227139,46.4659258161193,-0.02398651973993149,-0.00812165112323393,0.016254763830177987,0.016254763830177987,Prima,CANASTA_PODADA
2024-12-20,2024-12-13,46.8463959,46.0063641,46.54341840631766,-0.017931620647896995,-0.006467466447772852,0.01167347858983847,0.01167347858983847,Prima,CANASTA_PODADA
2024-12-23,2024-12-18,45.9725483,46.1320184,46.0888688324757,0.003468811408046335,0.00253021720085278,-0.000935349655637463,0.000935349655637463,Prima,CANASTA_PODADA
2024-12-24,2024-12-19,45.7227139,46.4558634,45.91261127428647,0.016034689051998674,0.004153239344055315,-0.011693941000212482,0.011693941000212482,Prima,CANASTA_PODADA
2024-12-26,2024-12-20,46.0063641,46.5595179,46.13580782553332,0.012023419168653682,0.002813604771112921,-0.009100396515632325,0.009100396515632325,Prima,CANASTA_PODADA
2024-12-27,2024-12-20,46.0063641,46.4728847,46.034571903053745,0.010140349256593462,0.0006131282835659668,-0.009431581443151815,0.009431581443151815,Prima,CANASTA_PODADA
2024-12-30,2024-12-24,46.4558634,46.3234889,46.200174827097506,-0.0028494680824293628,-0.005503903149984168,-0.002662020409747168,0.002662020409747168,Prima,CANASTA_PODADA
2024-12-31,2024-12-26,46.5595179,46.110320300000005,46.325514132073955,-0.009647814673785504,-0.005025906162272498,0.004666934228039876,0.004666934228039876,Prima,CANASTA_PODADA
2025-01-02,2024-12-27,46.4728847,45.915809200000005,46.38479228770214,-0.011987108258850965,-0.0018955658308393852,0.01021397849397232,0.01021397849397232,Prima,CANASTA_PODADA
2025-01-03,2024-12-27,46.4728847,46.16225540000001,46.42900550880559,-0.006684097662652655,-0.0009441891003253433,0.005778532840178041,0.005778532840178041,Prima,CANASTA_PODADA
2025-01-06,2024-12-31,46.110320300000005,46.4822859,46.27975574292335,0.008066862203080394,0.003674566600730067,-0.004357147097119207,0.004357147097119207,Prima,CANASTA_PODADA
2025-01-07,2025-01-02,45.915809200000005,46.267453,45.946885648217176,0.0076584471912126695,0.0006768136891981413,-0.0069285714038079815,0.0069285714038079815,Prima,CANASTA_PODADA
2025-01-08,2025-01-03,46.16225540000001,46.3377497,46.190462303158384,0.0038016838319385737,0.0006110382370609901,-0.003178561708222505,0.003178561708222505,Prima,CANASTA_PODADA
2025-01-09,2025-01-03,46.16225540000001,46.2525437,46.196716823452164,0.0019558901361649284,0.0007465281571177318,-0.00120700121727213,0.00120700121727213,Prima,CANASTA_PODADA
2025-01-10,2025-01-03,46.16225540000001,46.0119323,46.05741827723076,-0.0032564071815261997,-0.002271057205953775,0.0009885691592821377,0.0009885691592821377,Prima,CANASTA_PODADA
2025-01-13,2025-01-08,46.3377497,45.8777646,46.167153916186564,-0.009926789776759537,-0.0036815724742333966,0.006307833843032684,0.006307833843032684,Prima,CANASTA_PODADA
2025-01-14,2025-01-09,46.2525437,45.912477,46.21398584391856,-0.007352389140059201,-0.0008336375255710848,0.0065670350113882225,0.0065670350113882225,Prima,CANASTA_PODADA
2025-01-15,2025-01-10,46.0119323,46.0817879,46.2662745751217,0.0015182061806173763,0.005527746008652246,0.00400346174766586,0.00400346174766586,Prima,CANASTA_PODADA
2025-01-16,2025-01-10,46.0119323,45.9465485,46.24775524327068,-0.0014210183474515636,0.0051252562429482396,0.006555590204358586,0.006555590204358586,Prima,CANASTA_PODADA
2025-01-17,2025-01-10,46.0119323,46.0064779,46.26504085122672,-0.00011854316320458747,0.005500932879246356,0.005620142271893558,0.005620142271893558,Prima,CANASTA_PODADA
2025-01-20,2025-01-15,46.0817879,45.9577762,46.08679873418678,-0.0026911217131834198,0.00010873784232612316,0.002807414650032092,0.002807414650032092,Prima,CANASTA_PODADA
2025-01-21,2025-01-16,45.9465485,46.1436296,46.09559900326067,0.004289355924090854,0.0032439978219620524,-0.0010408933401139242,0.0010408933401139242,Prima,CANASTA_PODADA
2025-01-22,2025-01-17,46.0064779,46.0247615,46.094458651356575,0.00039741359987899294,0.0019123557240745548,0.0015143403047634951,0.0015143403047634951,Prima,CANASTA_PODADA
2025-01-23,2025-01-17,46.0064779,46.0426226,46.123421440488535,0.000785643710404571,0.0025418929208778085,0.0017548705074965643,0.0017548705074965643,Prima,CANASTA_PODADA
2025-01-24,2025-01-17,46.0064779,45.9527175,46.141108550003,-0.001168539789480394,0.0029263411621214264,0.004099671580968023,0.004099671580968023,Prima,CANASTA_PODADA
2025-01-27,2025-01-22,46.0247615,45.4502579,45.89639899823432,-0.012482489452987133,-0.0027889878748350583,0.00981603006997056,0.00981603006997056,Prima,CANASTA_PODADA
2025-01-28,2025-01-23,46.0426226,45.537537,45.94296474546812,-0.01096995721525218,-0.002164469548089576,0.008903154895446352,0.008903154895446352,Prima,CANASTA_PODADA
2025-01-29,2025-01-24,45.9527175,45.4175265,45.88928362096621,-0.011646558225854586,-0.0013804162731787528,0.010387116105193606,0.010387116105193606,Prima,CANASTA_PODADA
2025-01-30,2025-01-24,45.9527175,45.7238742,46.06735785174158,-0.004979973164807916,0.0024947458600590444,0.007512129226827202,0.007512129226827202,Prima,CANASTA_PODADA
2025-01-31,2025-01-24,45.9527175,45.5790084,45.93015713625108,-0.008132470076443243,-0.0004909473253440488,0.007704176737883595,0.007704176737883595,Prima,CANASTA_PODADA
2025-02-03,2025-01-29,45.4175265,45.2600627,45.410027906413895,-0.0034670272058959783,-0.00016510352200937994,0.0033134113712549595,0.0033134113712549595,Prima,CANASTA_PODADA
2025-02-04,2025-01-30,45.7238742,45.5294462,45.7615758582266,-0.004252220604700985,0.0008245508257171963,0.005098451169533336,0.005098451169533336,Prima,CANASTA_PODADA
2025-02-05,2025-01-31,45.5790084,45.7357886,45.80439884712178,0.0034397457404975462,0.004945049377638178,0.0015001435248409578,0.0015001435248409578,Prima,CANASTA_PODADA
2025-02-06,2025-01-31,45.5790084,45.8670253,45.92671407832796,0.0063190690212560074,0.0076286363072339824,0.0013013440034002066,0.0013013440034002066,Prima,CANASTA_PODADA
2025-02-07,2025-01-31,45.5790084,45.6155616,45.88196477053843,0.0008019744457625766,0.006646839875929178,0.005840181753641538,0.005840181753641538,Prima,CANASTA_PODADA
2025-02-10,2025-02-05,45.7357886,45.7934599,45.95461411676569,0.0012609665595664232,0.004784557639959219,0.003519153545453957,0.003519153545453957,Prima,CANASTA_PODADA
2025-02-11,2025-02-06,45.8670253,45.681823400000006,45.79649626843314,-0.004037800550366066,-0.0015376848859406378,0.0025102515595543107,0.0025102515595543107,Prima,CANASTA_PODADA
2025-02-12,2025-02-07,45.6155616,45.6668624,45.67777405658245,0.0011246337477954782,0.0013638428290763116,0.00023894036088734083,0.00023894036088734083,Prima,CANASTA_PODADA
2025-02-13,2025-02-07,45.6155616,45.921928900000005,45.78756001858819,0.006716289118317231,0.0037706083747566232,-0.002926028688917226,0.002926028688917226,Prima,CANASTA_PODADA
2025-02-14,2025-02-07,45.6155616,45.882767,45.83116541688432,0.005857768503282124,0.004726540884773867,-0.0011246397392660201,0.0011246397392660201,Prima,CANASTA_PODADA
2025-02-17,2025-02-12,45.6668624,45.8757451,45.82642150410719,0.004574054117630899,0.0034939800047919523,-0.0010751562897844957,0.0010751562897844957,Prima,CANASTA_PODADA
2025-02-18,2025-02-13,45.921928900000005,45.83952669999999,45.966352281849346,-0.0017943976216558966,0.000967367506405914,0.00276672974132941,0.00276672974132941,Prima,CANASTA_PODADA
2025-02-19,2025-02-14,45.882767,45.7725448,45.837308776494545,-0.0024022570391188935,-0.0009907472124656147,0.001414908801280923,0.001414908801280923,Prima,CANASTA_PODADA
2025-02-20,2025-02-14,45.882767,45.6062525,45.93714768733564,-0.006026543691229569,0.0011852094128419477,0.00725547856262998,0.00725547856262998,Prima,CANASTA_PODADA
2025-02-21,2025-02-14,45.882767,45.194163200000006,45.743795533597584,-0.015007896101819518,-0.003028837960065034,0.012161577838387228,0.012161577838387228,Prima,CANASTA_PODADA
2025-02-24,2025-02-19,45.7725448,44.8724102,45.60432868157463,-0.01966538246743932,-0.0036750440501042148,0.01631110248619172,0.01631110248619172,Prima,CANASTA_PODADA
2025-02-25,2025-02-20,45.6062525,44.5557055,45.330230273971516,-0.023035152910228618,-0.006052289124796717,0.017383290541129748,0.017383290541129748,Prima,CANASTA_PODADA
2025-02-26,2025-02-21,45.194163200000006,44.6272901,45.22079520116056,-0.012543059985232863,0.0005892796607982476,0.013299151703602075,0.013299151703602075,Prima,CANASTA_PODADA
2025-02-27,2025-02-21,45.194163200000006,44.092013900000005,45.00659090879506,-0.02438698322884314,-0.004150365399506861,0.020742463949805057,0.020742463949805057,Prima,CANASTA_PODADA
2025-02-28,2025-02-21,45.194163200000006,44.4042285,45.045293232198304,-0.01747868848692402,-0.0032940087228278125,0.01443701993827684,0.01443701993827684,Prima,CANASTA_PODADA
2025-03-03,2025-02-26,44.6272901,44.126214,44.32057487024213,-0.011228019870290207,-0.006872817710207979,0.004404657744762286,0.004404657744762286,Prima,CANASTA_PODADA
2025-03-04,2025-02-27,44.092013900000005,43.6998906,43.99353456237677,-0.008893295300353765,-0.0022334960214468458,0.0067195582951131705,0.0067195582951131705,Prima,CANASTA_PODADA
2025-03-05,2025-02-28,44.4042285,44.017953,44.55776752982343,-0.00869907017976912,0.0034577569526610397,0.012263508251358912,0.012263508251358912,Prima,CANASTA_PODADA
2025-03-06,2025-02-28,44.4042285,43.724903700000006,44.49869054254326,-0.015298651118327511,0.002127320882137518,0.017696707758403818,0.017696707758403818,Prima,CANASTA_PODADA
2025-03-07,2025-02-28,44.4042285,43.7619767,44.551052373415864,-0.014463753153598935,0.0033065290936393765,0.018031079327727628,0.018031079327727628,Prima,CANASTA_PODADA
2025-03-10,2025-03-05,44.017953,43.2323353,43.74511655469141,-0.017847665474130414,-0.006198299255501305,0.01186105842150531,0.01186105842150531,Prima,CANASTA_PODADA
2025-03-11,2025-03-06,43.724903700000006,43.1735962,43.58074435675368,-0.012608546922883379,-0.003296961938107801,0.009430489757387361,0.009430489757387361,Prima,CANASTA_PODADA
2025-03-12,2025-03-07,43.7619767,43.2194874,43.68942824254972,-0.01239636188554527,-0.0016577966289690327,0.01087335530383271,0.01087335530383271,Prima,CANASTA_PODADA
2025-03-13,2025-03-07,43.7619767,43.1872539,43.720858342506865,-0.013132925963099784,-0.0009395909552946113,0.012355600190334437,0.012355600190334437,Prima,CANASTA_PODADA
2025-03-14,2025-03-07,43.7619767,43.6413077,43.99576598937469,-0.002757393726229962,0.005342292716286057,0.008122082221076354,0.008122082221076354,Prima,CANASTA_PODADA
2025-03-17,2025-03-12,43.2194874,43.839249200000005,43.696129966001415,0.01433986928776032,0.011028417842859906,-0.0032646369773730033,0.0032646369773730033,Prima,CANASTA_PODADA
2025-03-18,2025-03-13,43.1872539,43.6754496,43.623258362732365,0.011304161666088275,0.010095674611354744,-0.0011949788209537626,0.0011949788209537626,Prima,CANASTA_PODADA
2025-03-19,2025-03-14,43.6413077,43.84098300000001,43.87092168358224,0.004575373895132184,0.005261391000486393,0.0006828926163044979,0.0006828926163044979,Prima,CANASTA_PODADA
2025-03-20,2025-03-14,43.6413077,43.7301487,43.851615953887034,0.002035708934542413,0.004819018149793797,0.002777654718723488,0.002777654718723488,Prima,CANASTA_PODADA
2025-03-21,2025-03-14,43.6413077,43.8182131,43.85086370196058,0.004053622801958312,0.004801780996140481,0.0007451376870630799,0.0007451376870630799,Prima,CANASTA_PODADA
2025-03-24,2025-03-19,43.84098300000001,44.2141142,43.874252083981936,0.008511013541826484,0.0007588580753750129,-0.007686733572920046,0.007686733572920046,Prima,CANASTA_PODADA
2025-03-25,2025-03-20,43.7301487,44.4155224,43.872592518045344,0.015672796008580736,0.0032573366951607063,-0.012223876983030957,0.012223876983030957,Prima,CANASTA_PODADA
2025-03-26,2025-03-21,43.8182131,44.1119705,43.82068969998535,0.00670400226795187,5.651987632848687e-05,-0.006603214427128079,0.006603214427128079,Prima,CANASTA_PODADA
2025-03-27,2025-03-21,43.8182131,44.2370686,43.892032476119674,0.009558936121929706,0.001684673356058708,-0.007799705875635832,0.007799705875635832,Prima,CANASTA_PODADA
2025-03-28,2025-03-21,43.8182131,43.8751466,43.701397825616226,0.0012993113130850276,-0.002665906848304922,-0.003960072794008007,0.003960072794008007,Prima,CANASTA_PODADA
2025-03-31,2025-03-26,44.1119705,43.98332860000001,43.96955689957939,-0.002916258297733232,-0.0032284570107927735,-0.0003131118280260692,0.0003131118280260692,Prima,CANASTA_PODADA
2025-04-01,2025-03-27,44.2370686,44.0831072,44.13802609309857,-0.0034803707585633337,-0.002238903029425199,0.0012458035875149154,0.0012458035875149154,Prima,CANASTA_PODADA
2025-04-02,2025-03-28,43.8751466,44.0954371,44.029335844021446,0.005020849320649168,0.0035142730217441187,-0.0014990497957565463,0.0014990497957565463,Prima,CANASTA_PODADA
2025-04-03,2025-03-28,43.8751466,43.0674976,43.66147322777981,-0.01840789290946776,-0.004870032097401444,0.01379173764160857,0.01379173764160857,Prima,CANASTA_PODADA
2025-04-04,2025-03-28,43.8751466,41.6733873,42.872620722749545,-0.050182380473231314,-0.022849516296555294,0.028776960560380038,0.028776960560380038,Prima,CANASTA_PODADA
2025-04-07,2025-04-02,44.0954371,41.560323,42.65656492873109,-0.05749152898180476,-0.03263086309827978,0.026377127259840982,0.026377127259840982,Prima,CANASTA_PODADA
2025-04-08,2025-04-03,43.0674976,41.4717921,41.858602120107314,-0.03705127042254719,-0.028069786898709648,0.00932706305950326,0.00932706305950326,Prima,CANASTA_PODADA
2025-04-09,2025-04-04,41.6733873,42.6258197,42.135837352710865,0.0228546912480041,0.011097011370392318,-0.011494965979249816,0.011494965979249816,Prima,CANASTA_PODADA
2025-04-10,2025-04-04,41.6733873,42.3755205,41.90501886106035,0.016848479221174273,0.005558260944637627,-0.011103147132780378,0.011103147132780378,Prima,CANASTA_PODADA
2025-04-11,2025-04-04,41.6733873,42.81445840000001,42.22253244873058,0.027381289929364616,0.013177358124919714,-0.013825375197772494,0.013825375197772494,Prima,CANASTA_PODADA
2025-04-14,2025-04-09,42.6258197,43.1427434,42.91661829682089,0.012127009020309831,0.00682212327803966,-0.005241324156940563,0.005241324156940563,Prima,CANASTA_PODADA
2025-04-15,2025-04-10,42.3755205,43.21157959999999,42.90078474904182,0.019729765915205588,0.012395464240771314,-0.007192397358188107,0.007192397358188107,Prima,CANASTA_PODADA
2025-04-16,2025-04-11,42.81445840000001,42.7591272,42.95286714141555,-0.0012923484745052116,0.003232757030871225,0.004530961086024021,0.004530961086024021,Prima,CANASTA_PODADA
2025-04-17,2025-04-11,42.81445840000001,42.659911,42.970391547379876,-0.0036097011564674153,0.003642067497924284,0.007278040204534708,0.007278040204534708,Prima,CANASTA_PODADA
2025-04-18,2025-04-11,42.81445840000001,42.6582283,42.976210046969705,-0.0036490033002498645,0.0037779678411089535,0.007454171437534907,0.007454171437534907,Prima,CANASTA_PODADA
2025-04-21,2025-04-16,42.7591272,42.3696926,42.77163534708694,-0.009107636790116724,0.00029252578118432737,0.009486562739115634,0.009486562739115634,Prima,CANASTA_PODADA
2025-04-22,2025-04-17,42.659911,42.7693044,42.82518803750438,0.002564313835535348,0.003874294006482648,0.0013066295626817936,0.0013066295626817936,Prima,CANASTA_PODADA
2025-04-23,2025-04-18,42.6582283,42.9758717,42.91342191457743,0.007446239861771398,0.005982283483100703,-0.001453135979614606,0.001453135979614606,Prima,CANASTA_PODADA
2025-04-24,2025-04-18,42.6582283,43.2732964,43.088373739290546,0.01441851020334095,0.010083527995243813,-0.004273366627772224,0.004273366627772224,Prima,CANASTA_PODADA
2025-04-25,2025-04-18,42.6582283,43.3519909,43.08453884670051,0.01626327739448108,0.009993629920643343,-0.0061693142055786465,0.0061693142055786465,Prima,CANASTA_PODADA
2025-04-28,2025-04-23,42.9758717,43.3825148,43.185401521932484,0.009462125697848434,0.004875522325530568,-0.004543611152471039,0.004543611152471039,Prima,CANASTA_PODADA
2025-04-29,2025-04-24,43.2732964,43.366635,43.36738533270672,0.0021569560852776615,0.0021742954786019286,1.7302073511471505e-05,1.7302073511471505e-05,Prima,CANASTA_PODADA
2025-04-30,2025-04-25,43.3519909,43.386014,43.404422825803024,0.0007848105541101713,0.0012094467800560782,0.0004243032282942316,0.0004243032282942316,Prima,CANASTA_PODADA
2025-05-01,2025-04-25,43.3519909,43.2310616,43.34941969665913,-0.0027894751195843837,-5.930992527647394e-05,0.0027378022254984646,0.0027378022254984646,Prima,CANASTA_PODADA
2025-05-02,2025-04-25,43.3519909,43.5327373,43.57898886041538,0.004169275649114512,0.005236159994104872,0.00106245467857069,0.00106245467857069,Prima,CANASTA_PODADA
2025-05-05,2025-04-30,43.386014,43.6336752,43.61469579962379,0.0057083188144455566,0.005270864468530867,-0.0004349713905421604,0.0004349713905421604,Prima,CANASTA_PODADA
2025-05-06,2025-05-01,43.2310616,43.5941041,43.578728736591266,0.008397723455396466,0.00804206798824647,-0.00035269364346768306,0.00035269364346768306,Prima,CANASTA_PODADA
2025-05-07,2025-05-02,43.5327373,43.4241672,43.539104712278814,-0.0024939874387361893,0.00014626721574928503,0.002646855879801846,0.002646855879801846,Prima,CANASTA_PODADA
2025-05-08,2025-05-02,43.5327373,43.3285722,43.58551838016055,-0.004689921026399535,0.001212445700274234,0.005930178796903496,0.005930178796903496,Prima,CANASTA_PODADA
2025-05-09,2025-05-02,43.5327373,43.5474686,43.653876929095475,0.0003383959041785012,0.0027827248321339315,0.002443502056867386,0.002443502056867386,Prima,CANASTA_PODADA
2025-05-12,2025-05-07,43.4241672,43.9293533,43.6309742502224,0.011633754486833459,0.004762487424799788,-0.00679224771964948,0.00679224771964948,Prima,CANASTA_PODADA
2025-05-13,2025-05-08,43.3285722,44.1873513,43.56439391183549,0.019820156917148557,0.005442637499037728,-0.014098093002567369,0.014098093002567369,Prima,CANASTA_PODADA
2025-05-14,2025-05-09,43.5474686,44.1931233,43.73403098034962,0.01482645767382218,0.004284115388273557,-0.01038832029440162,0.01038832029440162,Prima,CANASTA_PODADA
2025-05-15,2025-05-09,43.5474686,44.4047949,43.76015683171822,0.01968716730414033,0.004884054999197307,-0.014517307640616539,0.014517307640616539,Prima,CANASTA_PODADA
2025-05-16,2025-05-09,43.5474686,44.5049053,43.72234867125816,0.021986047198160108,0.004015849299175089,-0.01758360395257008,0.01758360395257008,Prima,CANASTA_PODADA
2025-05-19,2025-05-14,44.1931233,44.5191355,44.28283876526325,0.007376989351643992,0.0020300774999364446,-0.005307756587877743,0.005307756587877743,Prima,CANASTA_PODADA
2025-05-20,2025-05-15,44.4047949,44.6392234,44.5118947544793,0.005279351036930446,0.0024118984159366974,-0.0028523938326556753,0.0028523938326556753,Prima,CANASTA_PODADA
2025-05-21,2025-05-16,44.5049053,44.4492758,44.616962917225095,-0.0012499633383108444,0.0025178711530726705,0.0037725500406260437,0.0037725500406260437,Prima,CANASTA_PODADA
2025-05-22,2025-05-16,44.5049053,44.1777704,44.62849388777199,-0.007350535807116865,0.0027769655263594206,0.010202495139319812,0.010202495139319812,Prima,CANASTA_PODADA
2025-05-23,2025-05-16,44.5049053,44.1913692,44.76217758068721,-0.007044978477911745,0.005780762344127721,0.012916738970088604,0.012916738970088604,Prima,CANASTA_PODADA
2025-05-26,2025-05-21,44.4492758,44.1856945,44.599983033169224,-0.005929934633490785,0.0033905441755075483,0.009376078340677108,0.009376078340677108,Prima,CANASTA_PODADA
2025-05-27,2025-05-22,44.1777704,44.30159,44.36984391256176,0.002802758013337847,0.004347741201574218,0.0015406650768463592,0.0015406650768463592,Prima,CANASTA_PODADA
2025-05-28,2025-05-23,44.1913692,44.2565415,44.18399798245722,0.0014747744000653817,-0.0001668021986241941,-0.0016391592086510975,0.0016391592086510975,Prima,CANASTA_PODADA
2025-05-29,2025-05-23,44.1913692,44.2450118,44.22474966467253,0.0012138705129780547,0.0007553616300381982,-0.00045795298731210465,0.00045795298731210465,Prima,CANASTA_PODADA
2025-05-30,2025-05-23,44.1913692,44.13619800000001,44.189638532815586,-0.001248460977760102,-3.9163013406118274e-05,0.0012108096129073154,0.0012108096129073154,Prima,CANASTA_PODADA
2025-06-02,2025-05-28,44.2565415,44.4894954,44.443762864828734,0.005263716777326621,0.004230365918419965,-0.0010279400734958255,0.0010279400734958255,Prima,CANASTA_PODADA
2025-06-03,2025-05-29,44.2450118,44.6653761,44.44838463187559,0.009500829198558547,0.004596514354994197,-0.004858158311229599,0.004858158311229599,Prima,CANASTA_PODADA
2025-06-04,2025-05-30,44.13619800000001,44.6658422,44.43054150165384,0.01200022258373945,0.0066689818106633325,-0.0052680233206519045,0.0052680233206519045,Prima,CANASTA_PODADA
2025-06-05,2025-05-30,44.13619800000001,44.9504535,44.523122582811354,0.018448700542806007,0.008766604291818414,-0.009506709808581704,0.009506709808581704,Prima,CANASTA_PODADA
2025-06-06,2025-05-30,44.13619800000001,45.2464207,44.54551150186853,0.02515447071358512,0.009273873156643964,-0.015490931377285078,0.015490931377285078,Prima,CANASTA_PODADA
2025-06-09,2025-06-04,44.6658422,45.1638866,44.809155370230705,0.011150453578596009,0.003208563035462131,-0.007854311408382886,0.007854311408382886,Prima,CANASTA_PODADA
2025-06-10,2025-06-05,44.9504535,45.247414,45.01190883999481,0.006606396084524402,0.0013671795323446645,-0.005204831374566288,0.005204831374566288,Prima,CANASTA_PODADA
2025-06-11,2025-06-06,45.2464207,45.2060772,45.322699586452025,-0.0008916395899576379,0.0016858545995888097,0.002579794436399885,0.002579794436399885,Prima,CANASTA_PODADA
2025-06-12,2025-06-06,45.2464207,45.22320620000001,45.35712072229023,-0.0005130682082880034,0.002446602860018743,0.0029611903609396695,0.0029611903609396695,Prima,CANASTA_PODADA
2025-06-13,2025-06-06,45.2464207,45.0504871,45.242554179080145,-0.004330366843802169,-8.545473564625095e-05,0.004263374081922899,0.004263374081922899,Prima,CANASTA_PODADA
2025-06-16,2025-06-11,45.2060772,45.180708,45.23088372836395,-0.0005611900339806963,0.0005487432199480224,0.001110556487161407,0.001110556487161407,Prima,CANASTA_PODADA
2025-06-17,2025-06-12,45.22320620000001,45.0361816,45.14482344418698,-0.00413558913034362,-0.0017332418994437937,0.0024123236102011614,0.0024123236102011614,Prima,CANASTA_PODADA
2025-06-18,2025-06-13,45.0504871,44.7335222,45.055644885784645,-0.007035770763064497,0.00011448901258703792,0.007200923824966399,0.007200923824966399,Prima,CANASTA_PODADA
2025-06-19,2025-06-13,45.0504871,44.8170214,45.06174574365089,-0.005182312446073367,0.0002499116963130543,0.005460522274933766,0.005460522274933766,Prima,CANASTA_PODADA
2025-06-20,2025-06-13,45.0504871,44.6944363,44.98544905403832,-0.007903372924906726,-0.0014436702053256534,0.006511162867900877,0.006511162867900877,Prima,CANASTA_PODADA
2025-06-23,2025-06-18,44.7335222,44.8275102,44.711022778844956,0.00210106415452338,-0.0005029655624803064,-0.0025985699548185526,0.0025985699548185526,Prima,CANASTA_PODADA
2025-06-24,2025-06-19,44.8170214,44.9754882,44.94529080698969,0.003535861934813811,0.002862068985907351,-0.0006714189043602881,0.0006714189043602881,Prima,CANASTA_PODADA
2025-06-25,2025-06-20,44.6944363,44.9884055,44.91617933873688,0.00657731083186297,0.004961311901295451,-0.0016054394562420304,0.0016054394562420304,Prima,CANASTA_PODADA
2025-06-26,2025-06-20,44.6944363,45.2152459,45.19227928583126,0.011652671856161145,0.01113881339703271,-0.0005079396055819307,0.0005079396055819307,Prima,CANASTA_PODADA
2025-06-27,2025-06-20,44.6944363,45.2100123,45.13160463175768,0.01153557450729048,0.009781269615378951,-0.0017342987593551573,0.0017342987593551573,Prima,CANASTA_PODADA
2025-06-30,2025-06-25,44.9884055,45.3452654,45.240111406795336,0.007932263791834204,0.005594906154105406,-0.002318963011398889,0.002318963011398889,Prima,CANASTA_PODADA
2025-07-01,2025-06-26,45.2152459,45.4324778,45.24407663872385,0.004804394970679526,0.0006376331290469661,-0.004146838790204721,0.004146838790204721,Prima,CANASTA_PODADA
2025-07-02,2025-06-27,45.2100123,45.5387829,45.4373274141278,0.007272074995653188,0.005027981691741346,-0.002227891906882773,0.002227891906882773,Prima,CANASTA_PODADA
2025-07-03,2025-06-27,45.2100123,45.7121995,45.51772922245964,0.011107875765828945,0.0068063888241773896,-0.004254231467036629,0.004254231467036629,Prima,CANASTA_PODADA
2025-07-04,2025-06-27,45.2100123,45.7528146,45.52389264986334,0.012006240927300071,0.0069427176391929635,-0.00500345065408625,0.00500345065408625,Prima,CANASTA_PODADA
2025-07-07,2025-07-02,45.5387829,45.7163035,45.51508648857476,0.0038982289094071643,-0.0005203567139085985,-0.004401427850028172,0.004401427850028172,Prima,CANASTA_PODADA
2025-07-08,2025-07-03,45.7121995,45.5801704,45.587885437073425,-0.0028882683713348234,-0.002719494233187625,0.00016926301516040354,0.00016926301516040354,Prima,CANASTA_PODADA
2025-07-09,2025-07-04,45.7528146,45.744701000000006,45.5828957997535,-0.00017733553817245173,-0.003713843656003135,-0.0035371353776365577,0.0035371353776365577,Prima,CANASTA_PODADA
2025-07-10,2025-07-04,45.7528146,45.721318,45.63849415855922,-0.0006884079214659611,-0.0024986537427312827,-0.0018114928673048647,0.0018114928673048647,Prima,CANASTA_PODADA
2025-07-11,2025-07-04,45.7528146,45.769514,45.59459944624346,0.00036499175287896257,-0.0034580419836409693,-0.003821638869849986,0.003821638869849986,Prima,CANASTA_PODADA
2025-07-14,2025-07-09,45.744701000000006,45.8404735,45.754713081917274,0.0020936304731775657,0.00021886867108977803,-0.001870844944102279,0.001870844944102279,Prima,CANASTA_PODADA
2025-07-15,2025-07-10,45.721318,45.7154378,45.627120568505035,-0.00012860959082583445,-0.0020602518828297667,-0.0019318907516830963,0.0019318907516830963,Prima,CANASTA_PODADA
2025-07-16,2025-07-11,45.769514,45.6189843,45.73616866845272,-0.0032888638494172895,-0.0007285489539451406,0.0025687632079243183,0.0025687632079243183,Prima,CANASTA_PODADA
2025-07-17,2025-07-11,45.769514,45.9051419,45.80662957779732,0.0029632803179862055,0.0008109235723436914,-0.0021459975533303366,0.0021459975533303366,Prima,CANASTA_PODADA
2025-07-18,2025-07-11,45.769514,45.8797216,45.82159602921308,0.0024078822423152513,0.0011379196469747388,-0.0012669120203842033,0.0012669120203842033,Prima,CANASTA_PODADA
2025-07-21,2025-07-16,45.6189843,46.1102987,45.81116687662381,0.01076995482339127,0.00421277631610506,-0.00648731046663531,0.00648731046663531,Prima,CANASTA_PODADA
2025-07-22,2025-07-17,45.9051419,46.180318500000006,46.11233630409015,0.005994461374271731,0.004513533680856607,-0.001472103227478927,0.001472103227478927,Prima,CANASTA_PODADA
2025-07-23,2025-07-18,45.8797216,46.4342901,46.22767406093228,0.012087442570706264,0.007584014217999924,-0.004449643541933224,0.004449643541933224,Prima,CANASTA_PODADA
2025-07-24,2025-07-18,45.8797216,46.3674722,46.17722194684629,0.010631071484095367,0.0064843537944720975,-0.004103097368195807,0.004103097368195807,Prima,CANASTA_PODADA
2025-07-25,2025-07-18,45.8797216,46.3563878,46.138683234564,0.01038947455165018,0.005644359327672932,-0.004696322896755145,0.004696322896755145,Prima,CANASTA_PODADA
2025-07-28,2025-07-23,46.4342901,46.3021847,46.26351523008573,-0.0028449966547459127,-0.003677774970748837,-0.0008351543272702155,0.0008351543272702155,Prima,CANASTA_PODADA
2025-07-29,2025-07-24,46.3674722,46.384677,46.28526678471473,0.00037105322295327703,-0.0017729112971845984,-0.0021431692902652566,0.0021431692902652566,Prima,CANASTA_PODADA
2025-07-30,2025-07-25,46.3563878,46.3390687,46.104702754001984,-0.0003736076260886234,-0.005429349825182395,-0.005057631768892512,0.005057631768892512,Prima,CANASTA_PODADA
2025-07-31,2025-07-25,46.3563878,46.3471218,46.16561197951399,-0.00019988615247545916,-0.0041154160093123116,-0.003916312673509004,0.003916312673509004,Prima,CANASTA_PODADA
2025-08-01,2025-07-25,46.3563878,46.0393046,46.0716383217123,-0.006840118806668571,-0.006142615760231895,0.0007023069091338652,0.0007023069091338652,Prima,CANASTA_PODADA
2025-08-04,2025-07-30,46.3390687,46.4467112,46.504017812139146,0.002322931880588408,0.0035596121537753156,0.0012338142068311075,0.0012338142068311075,Prima,CANASTA_PODADA
2025-08-05,2025-07-31,46.3471218,46.3343512,46.509762512768944,-0.0002755424609774959,0.003509186902064476,0.003785772504114382,0.003785772504114382,Prima,CANASTA_PODADA
2025-08-06,2025-08-01,46.0393046,46.6208596,46.397366786192784,0.012631706865529058,0.00777731525929215,-0.004793837259217337,0.004793837259217337,Prima,CANASTA_PODADA
2025-08-07,2025-08-01,46.0393046,46.5939124,46.49450300073969,0.012046398285520565,0.00988716933703837,-0.0021335276249587753,0.0021335276249587753,Prima,CANASTA_PODADA
2025-08-08,2025-08-01,46.0393046,46.6187297,46.63954257394879,0.012585444220632347,0.013037511734023566,0.0004464487574569187,0.0004464487574569187,Prima,CANASTA_PODADA
2025-08-11,2025-08-06,46.6208596,46.46189029999999,46.78984555242571,-0.003409832022917225,0.0036246854707437937,0.007058586086535534,0.007058586086535534,Prima,CANASTA_PODADA
2025-08-12,2025-08-07,46.5939124,46.7870738,46.81845862301594,0.0041456359865585934,0.004819218036215878,0.0006708011522604806,0.0006708011522604806,Prima,CANASTA_PODADA
2025-08-13,2025-08-08,46.6187297,47.02396900000001,46.805646391317,0.008692628533805813,0.004009476288175051,-0.004642794160633512,0.004642794160633512,Prima,CANASTA_PODADA
2025-08-14,2025-08-08,46.6187297,47.1019653,46.74410210275384,0.0103656964295189,0.002689314006637078,-0.007597627720348221,0.007597627720348221,Prima,CANASTA_PODADA
2025-08-15,2025-08-08,46.6187297,47.0260981,46.78417863608591,0.008738299018902662,0.003548979930397156,-0.0051443660794405766,0.0051443660794405766,Prima,CANASTA_PODADA
2025-08-18,2025-08-13,47.02396900000001,46.9643572,47.06025485728726,-0.0012676896754505451,0.0007716459937112674,0.002041924195382405,0.002041924195382405,Prima,CANASTA_PODADA
2025-08-19,2025-08-14,47.1019653,46.5190255,47.080897583511735,-0.012376124781358189,-0.000447278926772654,0.012078328758450496,0.012078328758450496,Prima,CANASTA_PODADA
2025-08-20,2025-08-15,47.0260981,46.390307,46.97106176884828,-0.013519962865045754,-0.0011703359065573515,0.012518881775201107,0.012518881775201107,Prima,CANASTA_PODADA
2025-08-21,2025-08-15,47.0260981,46.5199855,46.99133808419863,-0.010762377072487839,-0.0007391643620410226,0.010132259912218444,0.010132259912218444,Prima,CANASTA_PODADA
2025-08-22,2025-08-15,47.0260981,46.8966702,47.25244860752074,-0.0027522568367200906,0.004813295524527916,0.007586432171057256,0.007586432171057256,Prima,CANASTA_PODADA
2025-08-25,2025-08-20,46.390307,46.892398,46.611880396836675,0.010823187697378334,0.004776286495294713,-0.005982155213374307,0.005982155213374307,Prima,CANASTA_PODADA
2025-08-26,2025-08-21,46.5199855,47.199046,46.78508027552618,0.014597177808664652,0.005698513717855347,-0.008770637535212567,0.008770637535212567,Prima,CANASTA_PODADA
2025-08-27,2025-08-22,46.8966702,47.0885902,46.84066201286386,0.004092401425975778,-0.0011942892085362589,-0.005265143553525586,0.005265143553525586,Prima,CANASTA_PODADA
2025-08-28,2025-08-22,46.8966702,47.2525944,46.92335739652665,0.0075895409734227925,0.0005690637824142808,-0.006967596333151915,0.006967596333151915,Prima,CANASTA_PODADA
2025-08-29,2025-08-22,46.8966702,47.1093064,46.947017320857505,0.004534142809994091,0.0010735756002033803,-0.003444947326639025,0.003444947326639025,Prima,CANASTA_PODADA
2025-09-01,2025-08-27,47.0885902,47.2329058,47.201899058676524,0.003064767906345134,0.0024062911672502185,-0.000656464826762182,0.000656464826762182,Prima,CANASTA_PODADA
2025-09-02,2025-08-28,47.2525944,47.2909228,47.39360841472348,0.0008111385308400276,0.002984259732487393,0.002171359927945593,0.002171359927945593,Prima,CANASTA_PODADA
2025-09-03,2025-08-29,47.1093064,47.4742351,47.38296480043786,0.007746424812571595,0.005809009330645987,-0.0019225228035772979,0.0019225228035772979,Prima,CANASTA_PODADA
2025-09-04,2025-08-29,47.1093064,47.3935522,47.36364655112914,0.006033750477803634,0.005398936443036684,-0.000631006697802583,0.000631006697802583,Prima,CANASTA_PODADA
2025-09-05,2025-08-29,47.1093064,47.5854946,47.49389090282297,0.010108155614874326,0.008163663025676948,-0.0019250340455014836,0.0019250340455014836,Prima,CANASTA_PODADA
2025-09-08,2025-09-03,47.4742351,47.7650199,47.653585277340376,0.006125107637595217,0.003777842380453089,-0.002332975530899395,0.002332975530899395,Prima,CANASTA_PODADA
2025-09-09,2025-09-04,47.3935522,47.62916129999999,47.547128799797754,0.00497133236617775,0.003240453451339942,-0.0017223167060520517,0.0017223167060520517,Prima,CANASTA_PODADA
2025-09-10,2025-09-05,47.5854946,47.658739100000005,47.69157031396672,0.0015392190543714879,0.002229160689793952,0.0006888812962053681,0.0006888812962053681,Prima,CANASTA_PODADA
2025-09-11,2025-09-05,47.5854946,48.0529534,47.89257482511105,0.009823556609622752,0.006453231760904066,-0.003337538351783187,0.003337538351783187,Prima,CANASTA_PODADA
2025-09-12,2025-09-05,47.5854946,48.1116377,47.915088007418674,0.011056795866528635,0.006926341949142545,-0.0040852837686988774,0.0040852837686988774,Prima,CANASTA_PODADA
2025-09-15,2025-09-10,47.658739100000005,48.3629977,48.003134038141205,0.014777113564047095,0.007226270452069139,-0.0074408882611261,0.0074408882611261,Prima,CANASTA_PODADA
2025-09-16,2025-09-11,48.0529534,48.2374306,48.168003509856966,0.0038390397873027116,0.0023942359775324107,-0.0014392783628702777,0.0014392783628702777,Prima,CANASTA_PODADA
2025-09-17,2025-09-12,48.1116377,48.2836474,48.22669141083374,0.0035752202216137174,0.002391390448006625,-0.0011796123995028163,0.0011796123995028163,Prima,CANASTA_PODADA
2025-09-18,2025-09-12,48.1116377,48.2298855,48.14702100025865,0.002457779565462559,0.0007354416093519056,-0.0017181152076621853,0.0017181152076621853,Prima,CANASTA_PODADA
2025-09-19,2025-09-12,48.1116377,48.5309407,48.23672814901474,0.008715209459602358,0.0026000039698239608,-0.006062370659657645,0.006062370659657645,Prima,CANASTA_PODADA
2025-09-22,2025-09-17,48.2836474,48.9240629,48.41059810796068,0.013263610652578972,0.002629269220466579,-0.010495138007831306,0.010495138007831306,Prima,CANASTA_PODADA
2025-09-23,2025-09-18,48.2298855,48.8958302,48.45948241453242,0.013807718867588692,0.00476046982388989,-0.00892402856609198,0.00892402856609198,Prima,CANASTA_PODADA
2025-09-24,2025-09-19,48.5309407,48.9756495,48.77249500916198,0.009163407788631561,0.004977325921934561,-0.004148071396950503,0.004148071396950503,Prima,CANASTA_PODADA
2025-09-25,2025-09-19,48.5309407,48.8683341,48.731485790460134,0.006952129819317365,0.004132314098336254,-0.0028003473427153924,0.0028003473427153924,Prima,CANASTA_PODADA
2025-09-26,2025-09-19,48.5309407,48.886705,48.694433443194974,0.007330669772077858,0.0033688352386496145,-0.0039330029873158034,0.0039330029873158034,Prima,CANASTA_PODADA
2025-09-29,2025-09-24,48.9756495,49.1524297,49.105000357979314,0.0036095529473274546,0.002641125932986599,-0.0009649439978891561,0.0009649439978891561,Prima,CANASTA_PODADA
2025-09-30,2025-09-25,48.8683341,49.1462004,49.14852874425164,0.005686019487208149,0.005733664742454181,4.737587509695551e-05,4.737587509695551e-05,Prima,CANASTA_PODADA
2025-10-01,2025-09-26,48.886705,49.3807712,49.19817196592535,0.010106351000747527,0.0063711998165012496,-0.0036977801204257643,0.0036977801204257643,Prima,CANASTA_PODADA
2025-10-02,2025-09-26,48.886705,49.4205551,49.249095613475745,0.010920148944380648,0.007412866411752317,-0.003469396209275999,0.003469396209275999,Prima,CANASTA_PODADA
2025-10-03,2025-09-26,48.886705,49.1704939,49.36901059165561,0.005805032267975463,0.009865782356483388,0.00403731335421087,0.00403731335421087,Prima,CANASTA_PODADA
2025-10-06,2025-10-01,49.3807712,49.480131,49.62530072549259,0.002012115193535058,0.0049519179135986136,0.0029338993765515298,0.0029338993765515298,Prima,CANASTA_PODADA
2025-10-07,2025-10-02,49.4205551,49.3420593,49.49984954343032,-0.0015883229122207743,0.0016044830591213088,0.0031978852457485996,0.0031978852457485996,Prima,CANASTA_PODADA
2025-10-08,2025-10-03,49.1704939,49.935886200000006,49.350697619059815,0.015566089320896648,0.0036648751063250717,-0.011718798352680304,0.011718798352680304,Prima,CANASTA_PODADA
2025-10-09,2025-10-03,49.1704939,49.4900928,49.22320071180683,0.006499810651688476,0.0010719195116084546,-0.005392838709592507,0.005392838709592507,Prima,CANASTA_PODADA
2025-10-10,2025-10-03,49.1704939,48.5876184,48.827195116337286,-0.011854172162382937,-0.006981804664417113,0.004930818266599468,0.004930818266599468,Prima,CANASTA_PODADA
2025-10-13,2025-10-08,49.935886200000006,49.2739364,49.83753728670413,-0.013255993842760883,-0.0019695037132608784,0.011438113694203222,0.011438113694203222,Prima,CANASTA_PODADA
2025-10-14,2025-10-09,49.4900928,49.2914204,49.476240986181786,-0.004014387299754674,-0.00027989064142985853,0.0037495487994050336,0.0037495487994050336,Prima,CANASTA_PODADA
2025-10-15,2025-10-10,48.5876184,49.536901500000006,49.12992281589017,0.01953755156684145,0.01116137060733502,-0.008215666942952393,0.008215666942952393,Prima,CANASTA_PODADA
2025-10-16,2025-10-10,48.5876184,49.5609903,49.17687146588116,0.020033332195595,0.012127638383715666,-0.007750426934443944,0.007750426934443944,Prima,CANASTA_PODADA
2025-10-17,2025-10-10,48.5876184,49.1445892,49.02993105034306,0.01146322496020935,0.009103402572682162,-0.002333077791948246,0.002333077791948246,Prima,CANASTA_PODADA
2025-10-20,2025-10-15,49.536901500000006,49.4223391,49.627627441380476,-0.0023126678603425654,0.0018314819585651954,0.00415375607708679,0.00415375607708679,Prima,CANASTA_PODADA
2025-10-21,2025-10-16,49.5609903,48.6911859,49.3022309071019,-0.017550182002719183,-0.005221029509938968,0.01254939668869115,0.01254939668869115,Prima,CANASTA_PODADA
2025-10-22,2025-10-17,49.1445892,48.525752700000005,48.95672242244949,-0.012592159382624257,-0.0038227357397568884,0.008881257857324965,0.008881257857324965,Prima,CANASTA_PODADA
2025-10-23,2025-10-17,49.1445892,48.7183473,49.10627950971643,-0.008673221344171922,-0.0007795301763061646,0.007962753894905417,0.007962753894905417,Prima,CANASTA_PODADA
2025-10-24,2025-10-17,49.1445892,48.7554379,49.15572394936823,-0.007918497363286536,0.00022657121667890578,0.008210080077410975,0.008210080077410975,Prima,CANASTA_PODADA
2025-10-27,2025-10-22,48.525752700000005,48.7674315,48.78806105651441,0.004980423518500032,0.005405549464344572,0.0004230191314136267,0.0004230191314136267,Prima,CANASTA_PODADA
2025-10-28,2025-10-23,48.7183473,48.96415270000001,48.94741092397611,0.005045437984305456,0.004701793814259947,-0.000341919038739924,0.000341919038739924,Prima,CANASTA_PODADA
2025-10-29,2025-10-24,48.7554379,49.1976834,49.01618800701464,0.009070690758784083,0.0053481235785319825,-0.0036891044545679375,0.0036891044545679375,Prima,CANASTA_PODADA
2025-10-30,2025-10-24,48.7554379,48.9300332,48.94948193396083,0.003581042597917028,0.003979946490457742,0.0003974804979456348,0.0003974804979456348,Prima,CANASTA_PODADA
2025-10-31,2025-10-24,48.7554379,48.8178668,48.91514781748962,0.0012804499905845201,0.0032757354742090072,0.001992733887536957,0.001992733887536957,Prima,CANASTA_PODADA
2025-11-03,2025-10-29,49.1976834,48.7441345,49.052607608362955,-0.009218907652875363,-0.002948833798890771,0.00632841492678371,0.00632841492678371,Prima,CANASTA_PODADA
2025-11-04,2025-10-30,48.9300332,48.128385,48.57717044404715,-0.016383561333859764,-0.007211578101950833,0.009324755942821339,0.009324755942821339,Prima,CANASTA_PODADA
2025-11-05,2025-10-31,48.8178668,48.421927800000006,48.666341065934716,-0.008110534645483392,-0.003103899125417753,0.0050475740442268435,0.0050475740442268435,Prima,CANASTA_PODADA
2025-11-06,2025-10-31,48.8178668,48.2597665,48.66602625211956,-0.011432295931456005,-0.0031103478671550278,0.008418187272405397,0.008418187272405397,Prima,CANASTA_PODADA
2025-11-07,2025-10-31,48.8178668,48.2952062,48.67373896165411,-0.010706338360528145,-0.0029523583842030465,0.0078378951336604,0.0078378951336604,Prima,CANASTA_PODADA
2025-11-10,2025-11-05,48.421927800000006,48.9276012,48.67320033331712,0.010443066250658273,0.005189230266811284,-0.005199536875780453,0.005199536875780453,Prima,CANASTA_PODADA
2025-11-11,2025-11-06,48.2597665,48.7962857,48.51849503965463,0.011117318605343929,0.005361164349078074,-0.00569286486379772,0.00569286486379772,Prima,CANASTA_PODADA
2025-11-12,2025-11-07,48.2952062,49.0874006,48.69069120452038,0.01640316839562428,0.008188908085050794,-0.00808169490807431,0.00808169490807431,Prima,CANASTA_PODADA
2025-11-13,2025-11-07,48.2952062,48.635272400000005,48.42967433819809,0.007041406937817518,0.002784295767187084,-0.004227344716216996,0.004227344716216996,Prima,CANASTA_PODADA
2025-11-14,2025-11-07,48.2952062,48.5055394,48.41874236276877,0.004355156889256584,0.0025579384060847588,-0.0017894252554427892,0.0017894252554427892,Prima,CANASTA_PODADA
2025-11-17,2025-11-12,49.0874006,48.1312742,48.625528440575806,-0.019478040970048904,-0.009409179418316871,0.010268879201535963,0.010268879201535963,Prima,CANASTA_PODADA
2025-11-18,2025-11-13,48.635272400000005,47.8690565,48.31947641783349,-0.01575432524975451,-0.0064931471868658885,0.009409417079977223,0.009409417079977223,Prima,CANASTA_PODADA
2025-11-19,2025-11-14,48.5055394,48.253249800000006,48.308259621734216,-0.005201253364476521,-0.0040671597657934155,0.0011400231479168355,0.0011400231479168355,Prima,CANASTA_PODADA
2025-11-20,2025-11-14,48.5055394,47.402034400000005,48.04304698507107,-0.02275008202465223,-0.009534837064999913,0.013522891858646968,0.013522891858646968,Prima,CANASTA_PODADA
2025-11-21,2025-11-14,48.5055394,47.5281847,48.075928399077824,-0.02014934195330287,-0.008856947190699183,0.011524608030691885,0.011524608030691885,Prima,CANASTA_PODADA
2025-11-24,2025-11-19,48.253249800000006,48.190749100000005,48.25510667267331,-0.0012952640549404038,3.848181585697219e-05,0.0013354756644217147,0.0013354756644217147,Prima,CANASTA_PODADA
2025-11-25,2025-11-20,47.402034400000005,48.2630813,47.77076817687837,0.01816476678477752,0.007778859737681776,-0.01020061525001792,0.01020061525001792,Prima,CANASTA_PODADA
2025-11-26,2025-11-21,47.5281847,48.9084663,48.068092285556325,0.02904132797649228,0.011359735049092379,-0.017182587760754986,0.017182587760754986,Prima,CANASTA_PODADA
2025-11-27,2025-11-21,47.5281847,48.959959,48.07460105043316,0.030124741961794266,0.01149668041988483,-0.01808330659686297,0.01808330659686297,Prima,CANASTA_PODADA
2025-11-28,2025-11-21,47.5281847,49.3487334,48.248243732054185,0.03830461254708939,0.015150147993221896,-0.022300261670866184,0.022300261670866184,Prima,CANASTA_PODADA
2025-12-01,2025-11-26,48.9084663,49.523563800000005,49.09216954525387,0.012576503549039053,0.0037560622761516615,-0.008710888749612566,0.008710888749612566,Prima,CANASTA_PODADA
2025-12-02,2025-11-27,48.959959,49.7022838,49.15013502568908,0.01516187544193004,0.003884317502984125,-0.011109122802741567,0.011109122802741567,Prima,CANASTA_PODADA
2025-12-03,2025-11-28,49.3487334,49.9234306,49.510891721742155,0.011645632226094937,0.0032859672492051573,-0.008263432085892086,0.008263432085892086,Prima,CANASTA_PODADA
2025-12-04,2025-11-28,49.3487334,50.1276755,49.62516115415396,0.01578443956577824,0.005601516697771203,-0.010024688773889845,0.010024688773889845,Prima,CANASTA_PODADA
2025-12-05,2025-11-28,49.3487334,50.2139903,49.65671810070216,0.017533517891666905,0.006240984914562375,-0.011097946926114766,0.011097946926114766,Prima,CANASTA_PODADA
2025-12-08,2025-12-03,49.9234306,50.1569097,50.00408599564939,0.0046767439095021235,0.0016155819958691975,-0.003046912285160408,0.003046912285160408,Prima,CANASTA_PODADA
2025-12-09,2025-12-04,50.1276755,50.5064121,50.18543721181056,0.007555439110676465,0.0011522918474557997,-0.006355131454476082,0.006355131454476082,Prima,CANASTA_PODADA
2025-12-10,2025-12-05,50.2139903,50.8385432,50.379853761214655,0.01243782651545211,0.003303132458179814,-0.009022474089803278,0.009022474089803278,Prima,CANASTA_PODADA
2025-12-11,2025-12-05,50.2139903,51.0351022,50.52019161600864,0.016352253527240457,0.006097928369748429,-0.010089341684346831,0.010089341684346831,Prima,CANASTA_PODADA
2025-12-12,2025-12-05,50.2139903,50.6219592,50.42170543311383,0.0081246062613749,0.004136598821819382,-0.003955867573101957,0.003955867573101957,Prima,CANASTA_PODADA
2025-12-15,2025-12-10,50.8385432,50.5330929,50.86604582538106,-0.006008242580798351,0.0005409798088207296,0.006588809555748698,0.006588809555748698,Prima,CANASTA_PODADA
2025-12-16,2025-12-11,51.0351022,50.7282454,50.92926554560631,-0.00601266161469538,-0.002073801164910405,0.003962686744263255,0.003962686744263255,Prima,CANASTA_PODADA
2025-12-17,2025-12-12,50.6219592,50.3268698,50.55224559874523,-0.005829276556328922,-0.001377141508477342,0.0044782399469882606,0.0044782399469882606,Prima,CANASTA_PODADA
2025-12-18,2025-12-12,50.6219592,50.786313,50.6933736667859,0.0032466898278404877,0.0014107408704542301,-0.0018300074906815178,0.0018300074906815178,Prima,CANASTA_PODADA
2025-12-19,2025-12-12,50.6219592,51.38620590000001,50.88804571103433,0.015097137923496318,0.0052563455709617735,-0.009694434143184716,0.009694434143184716,Prima,CANASTA_PODADA
2025-12-22,2025-12-17,50.3268698,51.9583146,50.79556000964071,0.032416973407712435,0.00931292193421318,-0.02237860483564047,0.02237860483564047,Prima,CANASTA_PODADA
2025-12-23,2025-12-18,50.786313,52.2909987,51.222184340072864,0.029627779831152612,0.008582456853539755,-0.020439738893859305,0.020439738893859305,Prima,CANASTA_PODADA
2025-12-24,2025-12-19,51.38620590000001,52.3461457,51.64083694515868,0.018680884941536302,0.004955241211118011,-0.013473938633103977,0.013473938633103977,Prima,CANASTA_PODADA
2025-12-26,2025-12-19,51.38620590000001,52.7758662,51.771448099257256,0.02704345019564869,0.0074969963730529,-0.01903176912220428,0.01903176912220428,Prima,CANASTA_PODADA
2025-12-29,2025-12-24,52.3461457,52.2803957,52.27059076157741,-0.0012560619147935492,-0.0014433715684742943,-0.00018754522209152302,0.00018754522209152302,Prima,CANASTA_PODADA
2025-12-30,2025-12-24,52.3461457,52.5505955,52.382633571105764,0.003905727867180797,0.0006970498136553704,-0.003196194587257062,0.003196194587257062,Prima,CANASTA_PODADA
2025-12-31,2025-12-26,52.7758662,52.306358,52.60685889399705,-0.008896267059279483,-0.003202359680132605,0.005745016580910534,0.005745016580910534,Prima,CANASTA_PODADA
2026-01-02,2025-12-26,52.7758662,52.898057900000005,52.74834109784198,0.0023152950164180286,-0.0005215471415231931,-0.0028302892034534066,0.0028302892034534066,Prima,CANASTA_PODADA
2026-01-05,2025-12-31,52.306358,53.744269800000005,52.708774413966175,0.027490191536562403,0.007693451223772296,-0.019267084470349083,0.019267084470349083,Prima,CANASTA_PODADA
2026-01-06,2025-12-31,52.306358,54.6870819,52.92893725797746,0.0455150002988165,0.011902554140310384,-0.032149176385704026,0.032149176385704026,Prima,CANASTA_PODADA
2026-01-07,2026-01-02,52.898057900000005,54.4959542,53.23568863173663,0.030207088188770603,0.00638266781693364,-0.023125855611926704,0.023125855611926704,Prima,CANASTA_PODADA
2026-01-08,2026-01-02,52.898057900000005,54.4743167,53.35315665043702,0.029798046706739356,0.008603316804131955,-0.02058144309982657,0.02058144309982657,Prima,CANASTA_PODADA
2026-01-09,2026-01-02,52.898057900000005,55.0645559,53.541410396724935,0.040956097180270934,0.012162119409773853,-0.027661087579479937,0.027661087579479937,Prima,CANASTA_PODADA
2026-01-12,2026-01-07,54.4959542,55.8776694,55.11059857146043,0.02535445466151698,0.01127871564932481,-0.013727681143043013,0.013727681143043013,Prima,CANASTA_PODADA
2026-01-13,2026-01-08,54.4743167,56.0312745,54.98199433300261,0.028581502152187577,0.009319577807620494,-0.018726687485886018,0.018726687485886018,Prima,CANASTA_PODADA
2026-01-14,2026-01-09,55.0645559,56.3528966,55.49945840858371,0.023396914384267165,0.007898048054242324,-0.015144531034031794,0.015144531034031794,Prima,CANASTA_PODADA
2026-01-15,2026-01-09,55.0645559,56.7961544,55.60378368013859,0.0314466987283919,0.009792647399496923,-0.020993863624354958,0.020993863624354958,Prima,CANASTA_PODADA
2026-01-16,2026-01-09,55.0645559,56.968731000000005,55.54731246039903,0.034580776488202014,0.00876710167745176,-0.02495085487512405,0.02495085487512405,Prima,CANASTA_PODADA
2026-01-19,2026-01-14,56.3528966,56.910732200000005,56.40912368971799,0.00989896941695112,0.00099776751702918,-0.008813952850215134,0.008813952850215134,Prima,CANASTA_PODADA
2026-01-20,2026-01-15,56.7961544,57.2965645,56.84627060992192,0.008810633488946173,0.0008823873808245786,-0.007859003310365598,0.007859003310365598,Prima,CANASTA_PODADA
2026-01-21,2026-01-16,56.968731000000005,57.848949700000006,57.1932240710292,0.015450909376935273,0.0039406366806589155,-0.011335134559423254,0.011335134559423254,Prima,CANASTA_PODADA
2026-01-22,2026-01-16,56.968731000000005,58.108165,57.35818968396343,0.02000104232618405,0.006836358773085971,-0.012906539313994325,0.012906539313994325,Prima,CANASTA_PODADA
2026-01-23,2026-01-16,56.968731000000005,58.6966014,57.577913977597554,0.030330154273578547,0.010693286771607191,-0.019058810829249206,0.019058810829249206,Prima,CANASTA_PODADA
2026-01-26,2026-01-21,57.848949700000006,59.477803,58.45529666435919,0.028157007317282323,0.010481555283261779,-0.01719139383209589,0.01719139383209589,Prima,CANASTA_PODADA
2026-01-27,2026-01-22,58.108165,60.0868102,58.73084913563906,0.03405107010348729,0.010715949051894214,-0.022566700742602253,0.022566700742602253,Prima,CANASTA_PODADA
2026-01-28,2026-01-23,58.6966014,60.6419833,59.16478965587675,0.03314300749276433,0.007976411661148708,-0.024359256800943863,0.024359256800943863,Prima,CANASTA_PODADA
2026-01-29,2026-01-23,58.6966014,60.4902171,59.19029875188396,0.03055740293679099,0.008411004046376735,-0.021489728594742408,0.021489728594742408,Prima,CANASTA_PODADA
2026-01-30,2026-01-23,58.6966014,58.1191569,58.58313631027738,-0.009837784236686686,-0.001933077674282857,0.007983243994328815,0.007983243994328815,Prima,CANASTA_PODADA
2026-02-02,2026-01-28,60.6419833,58.0891033,60.17145970228451,-0.04209756774231366,-0.007759040389358263,0.03584762518247575,0.03584762518247575,Prima,CANASTA_PODADA
2026-02-03,2026-01-29,60.4902171,59.1562678,60.329801339551246,-0.022052314637832526,-0.0026519289918163214,0.01983785629476853,0.01983785629476853,Prima,CANASTA_PODADA
2026-02-04,2026-01-30,58.1191569,58.2243853,58.27792263475662,0.0018105630847511378,0.0027317281121230774,0.0009195002142274866,0.0009195002142274866,Prima,CANASTA_PODADA
2026-02-05,2026-01-30,58.1191569,57.4540923,57.93257331323716,-0.011443121949348156,-0.003210362928765087,0.008328058003923111,0.008328058003923111,Prima,CANASTA_PODADA
2026-02-06,2026-01-30,58.1191569,58.7925939,58.37569115440155,0.011587177721086306,0.0044139362661943515,-0.007091075898225441,0.007091075898225441,Prima,CANASTA_PODADA
2026-02-09,2026-02-04,58.2243853,59.870915800000006,58.64402488607672,0.028279053381436103,0.007207282376868962,-0.020492269034630084,0.020492269034630084,Prima,CANASTA_PODADA
2026-02-10,2026-02-05,57.4540923,59.5732971,58.09404923249453,0.0368851845911069,0.011138578765685692,-0.02483072012989984,0.02483072012989984,Prima,CANASTA_PODADA
2026-02-11,2026-02-06,58.7925939,60.1958303,59.09952238725898,0.023867570843816743,0.005220529779329519,-0.018212356358859316,0.018212356358859316,Prima,CANASTA_PODADA
2026-02-12,2026-02-06,58.7925939,59.0353392,58.73083575208786,0.004128841473007405,-0.0010504409452860575,-0.005157985912142227,0.005157985912142227,Prima,CANASTA_PODADA
2026-02-13,2026-02-06,58.7925939,59.2370387,58.708055734721675,0.007559537188577714,-0.001437905009296192,-0.008929936014480777,0.008929936014480777,Prima,CANASTA_PODADA
2026-02-16,2026-02-11,60.1958303,59.1702394,59.8051988200798,-0.01703757378025561,-0.006489344494018834,0.01073106052161421,0.01073106052161421,Prima,CANASTA_PODADA
2026-02-17,2026-02-12,59.0353392,58.619430300000005,58.8781644434784,-0.007045083599689028,-0.002662384237162252,0.0044137949167069035,0.0044137949167069035,Prima,CANASTA_PODADA
2026-02-18,2026-02-13,59.2370387,59.2680122,59.29376646001772,0.0005228738755302942,0.0009576400384396777,0.00043453895384271135,0.00043453895384271135,Prima,CANASTA_PODADA
2026-02-19,2026-02-13,59.2370387,59.4050768,59.404414022983794,0.002836706622878493,0.002825518065334931,-1.1156908666931642e-05,1.1156908666931642e-05,Prima,CANASTA_PODADA
2026-02-20,2026-02-13,59.2370387,60.1847136,59.653246467861834,0.015998012743334566,0.007026140688255467,-0.008830600003688738,0.008830600003688738,Prima,CANASTA_PODADA
2026-02-23,2026-02-18,59.2680122,60.32259989999999,59.649931017814055,0.017793539227219046,0.0064439282445523105,-0.01115119181369928,0.01115119181369928,Prima,CANASTA_PODADA
2026-02-24,2026-02-19,59.4050768,60.9155148,59.89419161292422,0.025426076042039503,0.008233552404467437,-0.016766224342501634,0.016766224342501634,Prima,CANASTA_PODADA
2026-02-25,2026-02-20,60.1847136,61.5012961,60.59548152404085,0.02187569602391526,0.006825120524306172,-0.014728381894363873,0.014728381894363873,Prima,CANASTA_PODADA
2026-02-26,2026-02-20,60.1847136,61.3332714,60.52995004616421,0.019083879133056092,0.005736281283295952,-0.013097643994834929,0.013097643994834929,Prima,CANASTA_PODADA
2026-02-27,2026-02-20,60.1847136,61.6351599,60.539887832289914,0.024099911974990285,0.005901402715820403,-0.01777024785020609,0.01777024785020609,Prima,CANASTA_PODADA
2026-03-02,2026-02-25,61.5012961,61.5732,61.340370399038164,0.0011691444662091932,-0.0026166229196238344,-0.0037813464455612733,0.0037813464455612733,Prima,CANASTA_PODADA
2026-03-03,2026-02-26,61.3332714,59.0273147,60.532780490579995,-0.03759715807365205,-0.013051495397977564,0.025504561714036367,0.025504561714036367,Prima,CANASTA_PODADA
2026-03-04,2026-02-27,61.6351599,59.5728841,60.98807864555593,-0.03345940536774683,-0.010498573468356809,0.023755682924136323,0.023755682924136323,Prima,CANASTA_PODADA
2026-03-05,2026-02-27,61.6351599,58.24889640000001,60.55087277818101,-0.05494045128614955,-0.017592022533537532,0.039519656516290746,0.039519656516290746,Prima,CANASTA_PODADA
2026-03-06,2026-02-27,61.6351599,57.930742,60.334786076902205,-0.060102349146335166,-0.02109792243919839,0.041498589417380494,0.041498589417380494,Prima,CANASTA_PODADA
2026-03-09,2026-03-04,59.5728841,58.5331567,59.103872556732185,-0.017453031118229934,-0.007872903089273464,0.009750300323921879,0.009750300323921879,Prima,CANASTA_PODADA
2026-03-10,2026-03-05,58.24889640000001,58.7257067,58.509873189937764,0.00818573963574698,0.0044803731240778966,-0.0036752816132945565,0.0036752816132945565,Prima,CANASTA_PODADA
2026-03-11,2026-03-06,57.930742,58.4589708,58.21061715515907,0.009118281274560491,0.0048312026654011575,-0.0042483410406009,0.0042483410406009,Prima,CANASTA_PODADA
2026-03-12,2026-03-06,57.930742,57.2158182,57.81288340957904,-0.012341008855022095,-0.0020344740348909873,0.010435317161627822,0.010435317161627822,Prima,CANASTA_PODADA
2026-03-13,2026-03-06,57.930742,56.485882700000005,57.60094243373943,-0.02494114955406579,-0.005692997446167247,0.01974050294409979,0.01974050294409979,Prima,CANASTA_PODADA
2026-03-16,2026-03-11,58.4589708,57.1485001,58.109012711445835,-0.022416930747607422,-0.005986388124269992,0.016807310948933063,0.016807310948933063,Prima,CANASTA_PODADA
2026-03-17,2026-03-12,57.2158182,57.275920000000006,57.33400330995652,0.0010504402784194955,0.0020656020253595475,0.0010140964991312007,0.0010140964991312007,Prima,CANASTA_PODADA
2026-03-18,2026-03-13,56.485882700000005,56.2543981,56.35710416189736,-0.004098096532003104,-0.0022798358093577553,0.001825742792852969,0.001825742792852969,Prima,CANASTA_PODADA
2026-03-19,2026-03-13,56.485882700000005,55.446514500000006,56.185029919600574,-0.01840049496119489,-0.0053261587855018,0.01331942009809417,0.01331942009809417,Prima,CANASTA_PODADA
2026-03-20,2026-03-13,56.485882700000005,54.1496124,55.79361357289561,-0.04136025124026255,-0.012255613155256473,0.030360349779634088,0.030360349779634088,Prima,CANASTA_PODADA
2026-03-23,2026-03-18,56.2543981,55.4782255,56.10710882203881,-0.013797545191404414,-0.0026182713340806574,0.011335678392215609,0.011335678392215609,Prima,CANASTA_PODADA
2026-03-24,2026-03-19,55.446514500000006,55.6090787,55.43476666419202,0.0029319101744438303,-0.00021187690360569,-0.0031345967220273163,0.0031345967220273163,Prima,CANASTA_PODADA
2026-03-25,2026-03-20,54.1496124,56.4329017,54.8102833242379,0.042166309208891084,0.012200843089283042,-0.028753055874886968,0.028753055874886968,Prima,CANASTA_PODADA
2026-03-26,2026-03-20,54.1496124,55.2495672,54.43082311687689,0.02031325343337076,0.005193217539575246,-0.01481901351660031,0.01481901351660031,Prima,CANASTA_PODADA
2026-03-27,2026-03-20,54.1496124,55.277711200000006,54.352574106415105,0.020832998612562603,0.0037481654515980622,-0.016736168584073008,0.016736168584073008,Prima,CANASTA_PODADA
2026-03-30,2026-03-25,56.4329017,54.8982205,55.901228436339636,-0.027194795124277693,-0.009421334853323082,0.018270317820950677,0.018270317820950677,Prima,CANASTA_PODADA
2026-03-31,2026-03-26,55.2495672,56.6017819,55.78706486277364,0.024474665930052764,0.009728540692960141,-0.01439384079225181,0.01439384079225181,Prima,CANASTA_PODADA
2026-04-01,2026-03-27,55.277711200000006,57.615746900000005,56.11989236891443,0.04229617415852771,0.015235456581538465,-0.025962598969372697,0.025962598969372697,Prima,CANASTA_PODADA
2026-04-02,2026-03-27,55.277711200000006,57.2429836,55.99805003779544,0.03555270935313248,0.013031271052254212,-0.021748229807584063,0.021748229807584063,Prima,CANASTA_PODADA
2026-04-03,2026-03-27,55.277711200000006,57.2367127,56.00563257589768,0.035439265799413144,0.013168442761025023,-0.0215085749343239,0.0215085749343239,Prima,CANASTA_PODADA
2026-04-06,2026-04-01,57.615746900000005,57.16040339999999,57.577518748286074,-0.007903108516328361,-0.0006635017989141678,0.00729727789650414,0.00729727789650414,Prima,CANASTA_PODADA
2026-04-07,2026-04-02,57.2429836,57.1779816,57.32245142245455,-0.0011355452827933599,0.0013882543755903143,0.002526668805226784,0.002526668805226784,Prima,CANASTA_PODADA
2026-04-08,2026-04-03,57.2367127,59.106949400000005,57.966604502360916,0.03267547369120671,0.012752161469974155,-0.01929290733517519,0.01929290733517519,Prima,CANASTA_PODADA
2026-04-09,2026-04-03,57.2367127,59.3305869,58.020574994783594,0.036582712410036855,0.013695096343008473,-0.02207987437279857,0.02207987437279857,Prima,CANASTA_PODADA
2026-04-10,2026-04-03,57.2367127,59.6788382,58.03099497967356,0.042667116694841356,0.013877147065323392,-0.02761185153779422,0.02761185153779422,Prima,CANASTA_PODADA
2026-04-13,2026-04-08,59.106949400000005,60.0622868,59.42228049084199,0.016162860876727914,0.005334924134013708,-0.0106557099846889,0.0106557099846889,Prima,CANASTA_PODADA
2026-04-14,2026-04-09,59.3305869,60.4557129,59.66497600529653,0.018963675547258196,0.005636032319385809,-0.013079605826688878,0.013079605826688878,Prima,CANASTA_PODADA
2026-04-15,2026-04-10,59.6788382,59.764399700000006,59.6628860160497,0.0014336991566972213,-0.0002673005110596094,-0.0016985644373552766,0.0016985644373552766,Prima,CANASTA_PODADA
2026-04-16,2026-04-10,59.6788382,60.57537,59.859363546320644,0.015022608131134874,0.003024947397864075,-0.011820092121259118,0.011820092121259118,Prima,CANASTA_PODADA
2026-04-17,2026-04-10,59.6788382,60.8837392,60.03907646147474,0.02018975295668546,0.006036281407950428,-0.013873371603386309,0.013873371603386309,Prima,CANASTA_PODADA
2026-04-20,2026-04-15,59.764399700000006,60.6762271,60.087237252485046,0.015257032691319727,0.005401837115500019,-0.009707094123440507,0.009707094123440507,Prima,CANASTA_PODADA
2026-04-21,2026-04-16,60.57537,59.6903523,60.36250166677329,-0.014610190577457494,-0.0035141070244673056,0.011260603110450962,0.011260603110450962,Prima,CANASTA_PODADA
2026-04-22,2026-04-17,60.8837392,60.5393826,60.71182194825362,-0.00565596996053086,-0.0028236973287997236,0.0028483830004175648,0.0028483830004175648,Prima,CANASTA_PODADA
2026-04-23,2026-04-17,60.8837392,60.2834868,60.44604327138904,-0.009858993680204264,-0.00718904479853244,0.002696533993269856,0.002696533993269856,Prima,CANASTA_PODADA
2026-04-24,2026-04-17,60.8837392,61.3291758,60.581966530174064,0.0073161833660833064,-0.0049565396900908,-0.0121835857090703,0.0121835857090703,Prima,CANASTA_PODADA
2026-04-27,2026-04-22,60.5393826,60.5134915,60.3119955280978,-0.0004276736710558948,-0.003756019010048517,-0.003329769393692894,0.003329769393692894,Prima,CANASTA_PODADA
2026-04-28,2026-04-23,60.2834868,59.4356749,60.09544191082682,-0.01406375020762729,-0.003119343275498454,0.01110052189929478,0.01110052189929478,Prima,CANASTA_PODADA
2026-04-29,2026-04-24,61.3291758,59.29284500000001,60.86448183504813,-0.03320329636649044,-0.007577045653887171,0.026506348869718144,0.026506348869718144,Prima,CANASTA_PODADA
2026-04-30,2026-04-24,61.3291758,60.3915363,61.16854924113007,-0.015288636897024865,-0.0026190888231361065,0.012866255583732666,0.012866255583732666,Prima,CANASTA_PODADA
2026-05-01,2026-04-24,61.3291758,60.3228076,61.123002153759046,-0.01640928949187026,-0.0033617547203521614,0.013265207399913104,0.013265207399913104,Prima,CANASTA_PODADA
2026-05-04,2026-04-29,59.29284500000001,59.9882861,59.43456243106893,0.011728921086515465,0.00239012702239072,-0.009230529907255813,0.009230529907255813,Prima,CANASTA_PODADA
2026-05-05,2026-04-30,60.3915363,60.715026900000005,60.395338497954,0.0053565552363668,6.295911955467304e-05,-0.005265391755035265,0.005265391755035265,Prima,CANASTA_PODADA
2026-05-06,2026-05-01,60.3228076,62.426252000000005,60.87769180864894,0.03486980271123863,0.009198580615285223,-0.024806233623493323,0.024806233623493323,Prima,CANASTA_PODADA
2026-05-07,2026-05-01,60.3228076,61.9198158,60.83089473717388,0.026474367880715333,0.008422803204767959,-0.017585986792068686,0.017585986792068686,Prima,CANASTA_PODADA
2026-05-08,2026-05-01,60.3228076,63.1784936,61.04177317122074,0.04734007108780536,0.011918635750315154,-0.033820376318362655,0.033820376318362655,Prima,CANASTA_PODADA
2026-05-11,2026-05-06,62.426252000000005,64.0589137,62.64309279171719,0.026153447431058297,0.0034735513469106305,-0.02210185634607187,0.02210185634607187,Prima,CANASTA_PODADA
2026-05-12,2026-05-07,61.9198158,63.514735300000005,62.142440029517886,0.025757820487573246,0.0035953632394023494,-0.021605935441600055,0.021605935441600055,Prima,CANASTA_PODADA
2026-05-13,2026-05-08,63.1784936,64.0179069,63.2960676055244,0.01328637724910875,0.0018609814641796785,-0.011275584120598592,0.011275584120598592,Prima,CANASTA_PODADA
2026-05-14,2026-05-08,63.1784936,63.9355638,63.270955645718836,0.01198303658192934,0.0014635050703208918,-0.01039496822707553,0.01039496822707553,Prima,CANASTA_PODADA
2026-05-15,2026-05-08,63.1784936,62.1493795,62.71648374537683,-0.016288993949675312,-0.00731277098102856,0.009124857720853363,0.009124857720853363,Prima,CANASTA_PODADA
2026-05-18,2026-05-13,64.0179069,61.7973582,63.46344598518872,-0.03468636835422689,-0.008661028478756494,0.026960501770910916,0.026960501770910916,Prima,CANASTA_PODADA
2026-05-19,2026-05-14,63.9355638,61.18157419999999,63.241930267122974,-0.04307445553487099,-0.010848946840397167,0.033676087842849034,0.033676087842849034,Prima,CANASTA_PODADA
2026-05-20,2026-05-15,62.1493795,62.3471217,62.41552163813685,0.0031817244450524917,0.00428229759135168,0.0010970825319887023,0.0010970825319887023,Prima,CANASTA_PODADA
2026-05-21,2026-05-15,62.1493795,62.7618713,62.58295519332179,0.009855155512855873,0.006976347902585056,-0.0028507133865240952,0.0028507133865240952,Prima,CANASTA_PODADA
2026-05-22,2026-05-15,62.1493795,62.817118,62.539388785509985,0.010744089568907045,0.006275352845799276,-0.004421234582745681,0.004421234582745681,Prima,CANASTA_PODADA
2026-05-25,2026-05-20,62.3471217,62.8408409,62.47931210593052,0.007918877191727791,0.0021202326960110263,-0.0057530865101692585,0.0057530865101692585,Prima,CANASTA_PODADA
2026-05-26,2026-05-21,62.7618713,64.6373894,63.2115236147867,0.029883081258604838,0.007164418547008777,-0.02205945813172494,0.02205945813172494,Prima,CANASTA_PODADA
2026-05-27,2026-05-22,62.817118,64.12391980000001,63.19451622360154,0.02080327531103876,0.006007888225651126,-0.014493867176199493,0.014493867176199493,Prima,CANASTA_PODADA
2026-05-28,2026-05-22,62.817118,64.6024655,63.22966573802955,0.028421353236867564,0.006567441346633451,-0.021249959290956855,0.021249959290956855,Prima,CANASTA_PODADA
2026-05-29,2026-05-22,62.817118,64.9727585,63.31239544146547,0.03431613179070059,0.00788443432673036,-0.02555475705305832,0.02555475705305832,Prima,CANASTA_PODADA
2026-06-22,2026-05-29,64.9727585,67.3691678,65.390485118325,0.03688329317278405,0.006429257860815607,-0.02937074549516694,0.02937074549516694,Prima,CANASTA_PODADA
2026-06-23,2026-05-29,64.9727585,64.7777094,64.85988003929485,-0.003002013528485059,-0.001737319813890137,0.001268501774081665,0.001268501774081665,Prima,CANASTA_PODADA
2026-06-24,2026-05-29,64.9727585,64.5050353,64.68505830896075,-0.007198758538164762,-0.004428012565285244,0.0027908365311870575,0.0027908365311870575,Prima,CANASTA_PODADA
2026-06-25,2026-05-29,64.9727585,65.3616475,64.67132533987849,0.005985416180228853,-0.004639377595789029,-0.01056157833416782,0.01056157833416782,Prima,CANASTA_PODADA
2026-06-26,2026-05-29,64.9727585,64.5121925,64.69494920834867,-0.007088601602162181,-0.0042757810821795195,0.0028329018324508848,0.0028329018324508848,Prima,CANASTA_PODADA
2026-06-29,2026-06-24,64.5050353,64.8337666,64.54142473734152,0.005096211458084365,0.000564133283119217,-0.004509098853721194,0.004509098853721194,Prima,CANASTA_PODADA
2026-06-30,2026-06-25,65.3616475,65.7918163,65.60578019209149,0.006581364094287778,0.003735106158263335,-0.0028276481539925014,0.0028276481539925014,Prima,CANASTA_PODADA
2024-02-26,2024-02-21,53.715483000000006,54.128236900000005,53.949046971356815,0.007684076861042,0.0043481685039825635,-0.003310470447693281,0.003310470447693281,Profuturo,CANASTA_EVIDENCIA
2024-02-27,2024-02-22,53.883275700000006,54.033892400000006,53.94435794193254,0.0027952402307271917,0.0011336029804982495,-0.0016570055217319801,0.0016570055217319801,Profuturo,CANASTA_EVIDENCIA
2024-02-28,2024-02-23,54.01324760000001,53.891705,53.91999831728619,-0.0022502368474508483,-0.0017264150344075135,0.000525003194576712,0.000525003194576712,Profuturo,CANASTA_EVIDENCIA
2024-02-29,2024-02-23,54.01324760000001,54.0108291,53.9744141369858,-4.477605231067994e-05,-0.0007189618239915596,-0.0006742159604100628,0.0006742159604100628,Profuturo,CANASTA_EVIDENCIA
2024-03-01,2024-02-23,54.01324760000001,54.1440857,54.13621384078138,0.002422333516564734,0.00227659409950709,-0.0001453872406717016,0.0001453872406717016,Profuturo,CANASTA_EVIDENCIA
2024-03-04,2024-02-28,53.891705,54.3702639,54.06263035569451,0.008880010383787162,0.003171644981254662,-0.005658121227281487,0.005658121227281487,Profuturo,CANASTA_EVIDENCIA
2024-03-05,2024-02-29,54.0108291,54.1196988,54.068320342993836,0.002015701329050712,0.0010644391865821667,-0.0009493485393560208,0.0009493485393560208,Profuturo,CANASTA_EVIDENCIA
2024-03-06,2024-03-01,54.1440857,54.2577147,54.15932325690442,0.002098641034028903,0.00028142606357506317,-0.001813409275337241,0.001813409275337241,Profuturo,CANASTA_EVIDENCIA
2024-03-07,2024-03-01,54.1440857,54.3493955,54.43589101243334,0.003791915540647839,0.005389421737586719,0.0015914714715334899,0.0015914714715334899,Profuturo,CANASTA_EVIDENCIA
2024-03-08,2024-03-01,54.1440857,54.10618830000001,54.51100377739946,-0.0006999360966213342,0.006776697263528808,0.007481870191167195,0.007481870191167195,Profuturo,CANASTA_EVIDENCIA
2024-03-11,2024-03-06,54.2577147,54.1396092,54.656082445565836,-0.002176750359889401,0.007342140150363496,0.009539655959796445,0.009539655959796445,Profuturo,CANASTA_EVIDENCIA
2024-03-12,2024-03-07,54.3493955,54.2876592,54.60945294828608,-0.0011359151179519689,0.004784918873404598,0.005927567204556894,0.005927567204556894,Profuturo,CANASTA_EVIDENCIA
2024-03-13,2024-03-08,54.10618830000001,54.4351073,54.56062550693828,0.006079138271139151,0.008398987642939781,0.002305831900845323,0.002305831900845323,Profuturo,CANASTA_EVIDENCIA
2024-03-14,2024-03-08,54.10618830000001,54.4784365,54.60319501074071,0.006879956095521056,0.009185764629823456,0.0022900530697262944,0.0022900530697262944,Profuturo,CANASTA_EVIDENCIA
2024-03-15,2024-03-08,54.10618830000001,54.5354669,54.77419944368966,0.007934001885695485,0.01234629835659029,0.004377564863016881,0.004377564863016881,Profuturo,CANASTA_EVIDENCIA
2024-03-18,2024-03-13,54.4351073,54.8784501,54.63471007238906,0.008144427778137286,0.003666802221754084,-0.004441452467531359,0.004441452467531359,Profuturo,CANASTA_EVIDENCIA
2024-03-19,2024-03-14,54.4784365,54.6080649,54.58107733727506,0.0023794442044973163,0.001884063564765892,-0.0004942047072050704,0.0004942047072050704,Profuturo,CANASTA_EVIDENCIA
2024-03-20,2024-03-15,54.5354669,54.7597448,54.77464240581862,0.0041125145295124454,0.004385687322658871,0.0002720539672533828,0.0002720539672533828,Profuturo,CANASTA_EVIDENCIA
2024-03-21,2024-03-15,54.5354669,54.7237304,54.831183873226564,0.0034521296085208153,0.005422470733931872,0.00196356265263975,0.00196356265263975,Profuturo,CANASTA_EVIDENCIA
2024-03-22,2024-03-15,54.5354669,54.9667443,54.76982016820836,0.007908200378861974,0.00429726344212078,-0.0035826049786914504,0.0035826049786914504,Profuturo,CANASTA_EVIDENCIA
2024-03-25,2024-03-20,54.7597448,54.8918746,54.66132285100045,0.0024129002149768652,-0.0017973412651760556,-0.004200107040970957,0.004200107040970957,Profuturo,CANASTA_EVIDENCIA
2024-03-26,2024-03-21,54.7237304,54.399158,54.4733885449092,-0.005931108819292041,-0.004574648936776504,0.0013645531960109203,0.0013645531960109203,Profuturo,CANASTA_EVIDENCIA
2024-03-27,2024-03-22,54.9667443,53.7915572,54.808202111375785,-0.021379965558556924,-0.0028843292547748867,0.018899711484384962,0.018899711484384962,Profuturo,CANASTA_EVIDENCIA
2024-03-28,2024-03-22,54.9667443,53.8056082,54.95965776331655,-0.021124338266474307,-0.0001289240753422627,0.021448499550954736,0.021448499550954736,Profuturo,CANASTA_EVIDENCIA
2024-03-29,2024-03-22,54.9667443,53.811445000000006,54.98973509750814,-0.02101815042372801,0.0004182674051542712,0.021896644803129472,0.021896644803129472,Profuturo,CANASTA_EVIDENCIA
2024-04-01,2024-03-27,53.7915572,53.2525774,53.93418453067817,-0.010019784294327927,0.0026514817213392217,0.012799514388916133,0.012799514388916133,Profuturo,CANASTA_EVIDENCIA
2024-04-02,2024-03-28,53.8056082,52.9551661,53.83586383945312,-0.015805826352502828,0.0005623138640242775,0.016631007025641686,0.016631007025641686,Profuturo,CANASTA_EVIDENCIA
2024-04-03,2024-03-29,53.811445000000006,52.7401951,54.09114240463745,-0.019907473215038274,0.00519773079198016,0.02561513665385462,0.02561513665385462,Profuturo,CANASTA_EVIDENCIA
2024-04-04,2024-03-29,53.811445000000006,52.0213133,53.9393719643538,-0.03326674650717898,0.002377318883627799,0.03687063133705615,0.03687063133705615,Profuturo,CANASTA_EVIDENCIA
2024-04-05,2024-03-29,53.811445000000006,50.8710449,53.92274209964562,-0.05464265269219226,0.002068279334361156,0.05998888376766209,0.05998888376766209,Profuturo,CANASTA_EVIDENCIA
2024-04-08,2024-04-03,52.7401951,50.7550947,52.64363915471754,-0.03763923125874069,-0.0018307847572308633,0.03720896327512002,0.03720896327512002,Profuturo,CANASTA_EVIDENCIA
2024-04-09,2024-04-04,52.0213133,50.7878748,52.20546785926079,-0.02371025300508911,0.0035399828950644086,0.027912037368037268,0.027912037368037268,Profuturo,CANASTA_EVIDENCIA
2024-04-10,2024-04-05,50.8710449,50.9531892,51.01191844477068,0.0016147555089829346,0.0027692284490636876,0.0011526117539013558,0.0011526117539013558,Profuturo,CANASTA_EVIDENCIA
2024-04-11,2024-04-05,50.8710449,50.9396559,51.14176643590093,0.0013487240164786751,0.0053217215497165515,0.003967646273419945,0.003967646273419945,Profuturo,CANASTA_EVIDENCIA
2024-04-12,2024-04-05,50.8710449,50.8052146,50.88628988898234,-0.0012940622731341112,0.00029967910060246794,0.0015958064466543576,0.0015958064466543576,Profuturo,CANASTA_EVIDENCIA
2024-04-15,2024-04-10,50.9531892,50.9180898,50.65154566377888,-0.000688855801787569,-0.005920012877645653,-0.005234763072771709,0.005234763072771709,Profuturo,CANASTA_EVIDENCIA
2024-04-16,2024-04-11,50.9396559,50.8496953,50.49272215270856,-0.001766022922820687,-0.008773788110560066,-0.007020162956442366,0.007020162956442366,Profuturo,CANASTA_EVIDENCIA
2024-04-17,2024-04-12,50.8052146,50.7851541,50.62673972733773,-0.0003948512009631644,-0.0035129242946307926,-0.0031193047548963015,0.0031193047548963015,Profuturo,CANASTA_EVIDENCIA
2024-04-18,2024-04-12,50.8052146,50.8563496,50.73292945106259,0.001006491172266477,-0.0014227899538763467,-0.002426838534581144,0.002426838534581144,Profuturo,CANASTA_EVIDENCIA
2024-04-19,2024-04-12,50.8052146,50.7393609,50.73103012172942,-0.0012961996227843775,-0.0014601744890686552,-0.00016418768630144243,0.00016418768630144243,Profuturo,CANASTA_EVIDENCIA
2024-04-22,2024-04-17,50.7851541,51.1532389,50.91265962935967,0.007247881915947607,0.002510685093297216,-0.004703109242224834,0.004703109242224834,Profuturo,CANASTA_EVIDENCIA
2024-04-23,2024-04-18,50.8563496,51.599656800000005,50.900375953485884,0.014615818985167728,0.0008657002288241511,-0.01355204452666281,0.01355204452666281,Profuturo,CANASTA_EVIDENCIA
2024-04-24,2024-04-19,50.7393609,52.126904800000005,50.827138641542994,0.02734649935253719,0.0017299733379769755,-0.024934650607856712,0.024934650607856712,Profuturo,CANASTA_EVIDENCIA
2024-04-25,2024-04-19,50.7393609,52.4732519,50.827338634104095,0.034172503737625926,0.0017339149043971158,-0.03136670982451362,0.03136670982451362,Profuturo,CANASTA_EVIDENCIA
2024-04-26,2024-04-19,50.7393609,52.6825337,51.081939377314534,0.03829714772777115,0.00675173023936404,-0.030381878210338775,0.030381878210338775,Profuturo,CANASTA_EVIDENCIA
2024-04-29,2024-04-24,52.126904800000005,52.754059100000006,52.57292948355801,0.012031297511453154,0.008556515781424467,-0.0034334725996846283,0.0034334725996846283,Profuturo,CANASTA_EVIDENCIA
2024-04-30,2024-04-25,52.4732519,53.0289567,52.716934016457,0.010590248934047919,0.004643930147904651,-0.005884005701039863,0.005884005701039863,Profuturo,CANASTA_EVIDENCIA
2024-05-01,2024-04-26,52.6825337,52.8853672,52.56907076275341,0.003850109054265083,-0.002153710713548862,-0.005980793062293155,0.005980793062293155,Profuturo,CANASTA_EVIDENCIA
2024-05-02,2024-04-26,52.6825337,52.9252599,52.70002062228369,0.004607337251131494,0.0003319301684172604,-0.004255799180616027,0.004255799180616027,Profuturo,CANASTA_EVIDENCIA
2024-05-03,2024-04-26,52.6825337,53.1048295,52.86668716408064,0.008015859723162766,0.003495531652469408,-0.004484381894482192,0.004484381894482192,Profuturo,CANASTA_EVIDENCIA
2024-05-06,2024-05-01,52.8853672,53.376107700000006,53.330616220348254,0.009279324811041656,0.008419134515307958,-0.0008522816970363278,0.0008522816970363278,Profuturo,CANASTA_EVIDENCIA
2024-05-07,2024-05-02,52.9252599,53.0375217,53.26810365495522,0.0021211383791428506,0.0064778851460154385,0.0043475250646038965,0.0043475250646038965,Profuturo,CANASTA_EVIDENCIA
2024-05-08,2024-05-03,53.1048295,53.1894901,53.249269001746086,0.0015942165862710134,0.002719893898653458,0.0011238855953252802,0.0011238855953252802,Profuturo,CANASTA_EVIDENCIA
2024-05-09,2024-05-03,53.1048295,53.3647575,53.43621640535047,0.004894620742544653,0.0062402404540338186,0.0013390654937477375,0.0013390654937477375,Profuturo,CANASTA_EVIDENCIA
2024-05-10,2024-05-03,53.1048295,53.818951000000006,53.53078526404103,0.013447392764908583,0.008021036279591609,-0.005354354378980353,0.005354354378980353,Profuturo,CANASTA_EVIDENCIA
2024-05-13,2024-05-08,53.1894901,53.8273633,53.47823200285352,0.011992466910300426,0.005428551811845983,-0.006486130394324663,0.006486130394324663,Profuturo,CANASTA_EVIDENCIA
2024-05-14,2024-05-09,53.3647575,54.1352173,53.6623048808774,0.01443761456238235,0.005575728154998183,-0.008735762830725746,0.008735762830725746,Profuturo,CANASTA_EVIDENCIA
2024-05-15,2024-05-10,53.818951000000006,54.2857489,54.149501783042,0.008673485664928648,0.006141903119627701,-0.002509813712047837,0.002509813712047837,Profuturo,CANASTA_EVIDENCIA
2024-05-16,2024-05-10,53.818951000000006,54.1857006,54.113260453040816,0.006814506659559294,0.00546850965268364,-0.0013368867829898212,0.0013368867829898212,Profuturo,CANASTA_EVIDENCIA
2024-05-17,2024-05-10,53.818951000000006,54.5296286,54.31878420789495,0.013204969379652098,0.00928730862656435,-0.0038666023869645683,0.0038666023869645683,Profuturo,CANASTA_EVIDENCIA
2024-05-20,2024-05-15,54.2857489,54.67052150000001,54.63611745416524,0.007087911796313184,0.006454153461356027,-0.0006292979267586984,0.0006292979267586984,Profuturo,CANASTA_EVIDENCIA
2024-05-21,2024-05-16,54.1857006,54.832808400000005,54.57952866879843,0.011942409027373646,0.007268118053980421,-0.004619127463870165,0.004619127463870165,Profuturo,CANASTA_EVIDENCIA
2024-05-22,2024-05-17,54.5296286,54.6502113,54.33304575760075,0.0022113244321637637,-0.003605064759220622,-0.005803555646988867,0.005803555646988867,Profuturo,CANASTA_EVIDENCIA
2024-05-23,2024-05-17,54.5296286,54.7903923,54.229280007431655,0.004782055310019073,-0.005507988964523203,-0.010241070907030969,0.010241070907030969,Profuturo,CANASTA_EVIDENCIA
2024-05-24,2024-05-17,54.5296286,54.8160417,54.31620833801586,0.005252430785857243,-0.00391384037382092,-0.009118377512912224,0.009118377512912224,Profuturo,CANASTA_EVIDENCIA
2024-05-27,2024-05-22,54.6502113,54.8060771,54.62795189729872,0.0028520621657688316,-0.00040730680031753064,-0.0032500994803235095,0.0032500994803235095,Profuturo,CANASTA_EVIDENCIA
2024-05-28,2024-05-23,54.7903923,55.086525,55.07340418563277,0.005404828977652709,0.005165356073436378,-0.00023818555204258018,0.00023818555204258018,Profuturo,CANASTA_EVIDENCIA
2024-05-29,2024-05-24,54.8160417,54.9732947,54.88954531705244,0.0028687405205325422,0.0013409143523115397,-0.0015234557689255412,0.0015234557689255412,Profuturo,CANASTA_EVIDENCIA
2024-05-30,2024-05-24,54.8160417,54.8827218,54.79382968539719,0.001216434057112803,-0.00040521011576089006,-0.0016196739463240073,0.0016196739463240073,Profuturo,CANASTA_EVIDENCIA
2024-05-31,2024-05-24,54.8160417,54.5243308,55.00367642082601,-0.005321633794656111,0.003422989238312857,0.00879140768520914,0.00879140768520914,Profuturo,CANASTA_EVIDENCIA
2024-06-03,2024-05-29,54.9732947,54.5336851,55.03732506242216,-0.007996784664245249,0.0011647539550174724,0.009235392060863434,0.009235392060863434,Profuturo,CANASTA_EVIDENCIA
2024-06-04,2024-05-30,54.8827218,54.1375161,54.80620375976118,-0.013578147649375483,-0.001394210012354291,0.012351650166698036,0.012351650166698036,Profuturo,CANASTA_EVIDENCIA
2024-06-05,2024-05-31,54.5243308,54.24096539999999,54.31148954343183,-0.0051970449860158086,-0.003903601446277105,0.0013002007414830707,0.0013002007414830707,Profuturo,CANASTA_EVIDENCIA
2024-06-06,2024-05-31,54.5243308,54.2537092,54.41037584392149,-0.004963318137597317,-0.0020899835799269573,0.002887666967505531,0.002887666967505531,Profuturo,CANASTA_EVIDENCIA
2024-06-07,2024-05-31,54.5243308,53.8476236,54.194521277545945,-0.012411105098790176,-0.006048850441903175,0.006442209597267157,0.006442209597267157,Profuturo,CANASTA_EVIDENCIA
2024-06-10,2024-06-05,54.24096539999999,54.226492,54.15585724403131,-0.0002668352211886438,-0.001569075243057605,-0.001302587598118854,0.001302587598118854,Profuturo,CANASTA_EVIDENCIA
2024-06-11,2024-06-06,54.2537092,54.1187121,53.95616368620701,-0.002488255678562923,-0.0054843349547977205,-0.0030035528837536463,0.0030035528837536463,Profuturo,CANASTA_EVIDENCIA
2024-06-12,2024-06-07,53.8476236,54.575265,53.9179640041666,0.013512971443367494,0.0013062861360255695,-0.012043935944853423,0.012043935944853423,Profuturo,CANASTA_EVIDENCIA
2024-06-13,2024-06-07,53.8476236,54.282387,53.78958468198027,0.00807395704645364,-0.0010778362003652786,-0.009078493877207827,0.009078493877207827,Profuturo,CANASTA_EVIDENCIA
2024-06-14,2024-06-07,53.8476236,54.3627621,53.70282566484255,0.009566596732785149,-0.0026890311118102916,-0.012139494199053025,0.012139494199053025,Profuturo,CANASTA_EVIDENCIA
2024-06-17,2024-06-12,54.575265,54.6187785,54.39205666054171,0.0007973117491961723,-0.003356984880573455,-0.0041509869990645765,0.0041509869990645765,Profuturo,CANASTA_EVIDENCIA
2024-06-18,2024-06-13,54.282387,54.87408250000001,54.34661588914527,0.010900322051055067,0.0011832362704549126,-0.009612308522055746,0.009612308522055746,Profuturo,CANASTA_EVIDENCIA
2024-06-19,2024-06-14,54.3627621,54.7533364,54.53123712985312,0.007184592631285902,0.00309908884951815,-0.004056360484123611,0.004056360484123611,Profuturo,CANASTA_EVIDENCIA
2024-06-20,2024-06-14,54.3627621,54.5091217,54.61630863844805,0.0026922767413983806,0.004663974541647686,0.0019664036973108256,0.0019664036973108256,Profuturo,CANASTA_EVIDENCIA
2024-06-21,2024-06-14,54.3627621,54.3594343,54.54829043525254,-6.12146968154148e-05,0.0034127834584869454,0.003474210828064983,0.003474210828064983,Profuturo,CANASTA_EVIDENCIA
2024-06-24,2024-06-19,54.7533364,54.3863203,54.84583914024023,-0.006703081933103872,0.0016894448141835383,0.008449162173603142,0.008449162173603142,Profuturo,CANASTA_EVIDENCIA
2024-06-25,2024-06-20,54.5091217,54.3916442,54.492703462621456,-0.0021551897432241507,-0.0003012016496781733,0.0018579924197521525,0.0018579924197521525,Profuturo,CANASTA_EVIDENCIA
2024-06-26,2024-06-21,54.3594343,54.3860866,54.42134525699408,0.0004902975967873147,0.0011389183458461183,0.0006483028877111163,0.0006483028877111163,Profuturo,CANASTA_EVIDENCIA
2024-06-27,2024-06-21,54.3594343,54.3444148,54.28956685814171,-0.000276299784819356,-0.0012852864044298196,-0.0010092654794452427,0.0010092654794452427,Profuturo,CANASTA_EVIDENCIA
2024-06-28,2024-06-21,54.3594343,54.5214518,54.337890524773236,0.0029804853947865695,-0.0003963208135658869,-0.0033667715947865995,0.0033667715947865995,Profuturo,CANASTA_EVIDENCIA
2024-07-01,2024-06-26,54.3860866,54.455499,54.31566078350323,0.0012762896604516794,-0.0012949234059573822,-0.002567935636707097,0.002567935636707097,Profuturo,CANASTA_EVIDENCIA
2024-07-02,2024-06-27,54.3444148,54.246427,54.51026395484327,-0.0018030886956943437,0.003051816004526531,0.004863674336436308,0.004863674336436308,Profuturo,CANASTA_EVIDENCIA
2024-07-03,2024-06-28,54.5214518,54.4018982,54.928922133734375,-0.002192780933981009,0.007473578202376041,0.009687601925154388,0.009687601925154388,Profuturo,CANASTA_EVIDENCIA
2024-07-04,2024-06-28,54.5214518,54.3451314,54.96052203617225,-0.003233963773503268,0.00805316479434337,0.011323749162418073,0.011323749162418073,Profuturo,CANASTA_EVIDENCIA
2024-07-05,2024-06-28,54.5214518,54.4341055,55.04437665526826,-0.0016020538176497734,0.009591176280237201,0.011211191029275813,0.011211191029275813,Profuturo,CANASTA_EVIDENCIA
2024-07-08,2024-07-03,54.4018982,54.285476,54.55135265290224,-0.0021400392973787152,0.0027472286417800085,0.004897749315161848,0.004897749315161848,Profuturo,CANASTA_EVIDENCIA
2024-07-09,2024-07-04,54.3451314,54.2668407,54.46950690485372,-0.0014406203091819059,0.002288622764351711,0.003734623247631186,0.003734623247631186,Profuturo,CANASTA_EVIDENCIA
2024-07-10,2024-07-05,54.4341055,54.620791,54.53455042257616,0.0034295686185197294,0.0018452571536453632,-0.0015788965308802805,0.0015788965308802805,Profuturo,CANASTA_EVIDENCIA
2024-07-11,2024-07-05,54.4341055,54.21159359999999,54.55568445937721,-0.0040877295209711395,0.0022335070680497005,0.006347182152882214,0.006347182152882214,Profuturo,CANASTA_EVIDENCIA
2024-07-12,2024-07-05,54.4341055,54.2083945,54.571404000377676,-0.004146499660952485,0.0025222881705602163,0.006696555094943379,0.006696555094943379,Profuturo,CANASTA_EVIDENCIA
2024-07-15,2024-07-10,54.620791,54.1783524,54.531433617856756,-0.008100186612090554,-0.0016359591376704508,0.006517016524421937,0.006517016524421937,Profuturo,CANASTA_EVIDENCIA
2024-07-16,2024-07-11,54.21159359999999,54.2148007,54.21572958112112,5.9158932380176665e-05,7.629329533531681e-05,1.713334936459532e-05,1.713334936459532e-05,Profuturo,CANASTA_EVIDENCIA
2024-07-17,2024-07-12,54.2083945,53.7095276,54.00401774762448,-0.009202761022557016,-0.0037702048596093274,0.005483015040044448,0.005483015040044448,Profuturo,CANASTA_EVIDENCIA
2024-07-18,2024-07-12,54.2083945,53.66207,53.67793769972167,-0.010078226906351184,-0.009785510254843088,0.0002956967504545993,0.0002956967504545993,Profuturo,CANASTA_EVIDENCIA
2024-07-19,2024-07-12,54.2083945,53.4343127,53.690039980288816,-0.014279740382275974,-0.009562255523195451,0.004785825200458005,0.004785825200458005,Profuturo,CANASTA_EVIDENCIA
2024-07-22,2024-07-17,53.7095276,53.8011622,53.47453066889676,0.0017061144287553454,-0.004375330441432568,-0.006071086901227596,0.006071086901227596,Profuturo,CANASTA_EVIDENCIA
2024-07-23,2024-07-18,53.66207,53.616512,53.741996013766865,-0.0008489795492421237,0.001489432177455452,0.002340398677311617,0.002340398677311617,Profuturo,CANASTA_EVIDENCIA
2024-07-24,2024-07-19,53.4343127,53.3274903,53.345779514161265,-0.001999134911676359,-0.001656860196476928,0.000342960339186682,0.000342960339186682,Profuturo,CANASTA_EVIDENCIA
2024-07-25,2024-07-19,53.4343127,52.9966289,53.2386187209102,-0.008191062594129717,-0.0036623279911636164,0.004566136109653618,0.004566136109653618,Profuturo,CANASTA_EVIDENCIA
2024-07-26,2024-07-19,53.4343127,53.261722,53.31174910038227,-0.0032299601375802567,-0.002293724639181649,0.0009392693007985731,0.0009392693007985731,Profuturo,CANASTA_EVIDENCIA
2024-07-29,2024-07-24,53.3274903,53.1341309,53.28811897174655,-0.003625885990738209,-0.0007382932898578609,0.0028981008842763334,0.0028981008842763334,Profuturo,CANASTA_EVIDENCIA
2024-07-30,2024-07-25,52.9966289,52.9060181,53.004953405326425,-0.0017097464854033406,0.00015707612916537883,0.0018700198744767693,0.0018700198744767693,Profuturo,CANASTA_EVIDENCIA
2024-07-31,2024-07-26,53.261722,53.4083777,53.41889594524904,0.0027534915224860512,0.0029509737828048443,0.0001969399877321809,0.0001969399877321809,Profuturo,CANASTA_EVIDENCIA
2024-08-01,2024-07-26,53.261722,52.767660500000005,53.1345360035333,-0.009276108271527361,-0.0023879437556806327,0.006952658125392697,0.006952658125392697,Profuturo,CANASTA_EVIDENCIA
2024-08-02,2024-07-26,53.261722,51.861982,52.80524909604774,-0.026280412037748224,-0.008570374498073074,0.018188026366746657,0.018188026366746657,Profuturo,CANASTA_EVIDENCIA
2024-08-05,2024-07-31,53.4083777,51.1089971,52.460164152248645,-0.04305280742500439,-0.01775402265684911,0.02643697057105121,0.02643697057105121,Profuturo,CANASTA_EVIDENCIA
2024-08-06,2024-08-01,52.767660500000005,51.1090392,52.22638068029967,-0.031432534326588324,-0.010257794538765519,0.021861915187395553,0.021861915187395553,Profuturo,CANASTA_EVIDENCIA
2024-08-07,2024-08-02,51.861982,50.99677440000001,51.59248829398072,-0.01668288728340528,-0.00519636341741192,0.0116814034022652,0.0116814034022652,Profuturo,CANASTA_EVIDENCIA
2024-08-08,2024-08-02,51.861982,51.4779877,51.839473361203645,-0.007404157827982649,-0.0004340103854179045,0.007022140478961436,0.007022140478961436,Profuturo,CANASTA_EVIDENCIA
2024-08-09,2024-08-02,51.861982,51.680482000000005,51.927325716049886,-0.003499673421659688,0.0012599540844753232,0.004776343147300466,0.004776343147300466,Profuturo,CANASTA_EVIDENCIA
2024-08-12,2024-08-07,50.99677440000001,51.8823369,51.34979316489679,0.01736506887776801,0.006922374386423513,-0.010264451582619682,0.010264451582619682,Profuturo,CANASTA_EVIDENCIA
2024-08-13,2024-08-08,51.4779877,52.17856509999999,51.740096614973204,0.013609261575700415,0.005091669792935738,-0.008403230027243302,0.008403230027243302,Profuturo,CANASTA_EVIDENCIA
2024-08-14,2024-08-09,51.680482000000005,51.9955281,51.83132783173457,0.006096036410805805,0.0029188162706099696,-0.003157969045907816,0.003157969045907816,Profuturo,CANASTA_EVIDENCIA
2024-08-15,2024-08-09,51.680482000000005,52.4645022,52.09710554756294,0.015170528014812223,0.008061525965700866,-0.007002766385479142,0.007002766385479142,Profuturo,CANASTA_EVIDENCIA
2024-08-16,2024-08-09,51.680482000000005,52.4310069,52.12413002286832,0.014522405189641985,0.008584440502476642,-0.005852965549888678,0.005852965549888678,Profuturo,CANASTA_EVIDENCIA
2024-08-19,2024-08-14,51.9955281,52.5120647,52.405992322342186,0.009934250480283069,0.007894221625228237,-0.0020199620461279766,0.0020199620461279766,Profuturo,CANASTA_EVIDENCIA
2024-08-20,2024-08-15,52.4645022,52.52869330000001,52.62660904177743,0.0012235148968975373,0.0030898385571154208,0.0018640429758685073,0.0018640429758685073,Profuturo,CANASTA_EVIDENCIA
2024-08-21,2024-08-16,52.4310069,52.4810788,52.5962154571401,0.0009550055007621072,0.0031509705212260375,0.0021938698626771114,0.0021938698626771114,Profuturo,CANASTA_EVIDENCIA
2024-08-22,2024-08-16,52.4310069,52.0686814,52.44452612563517,-0.006910519584166108,0.0002578479116557286,0.007218249349313588,0.007218249349313588,Profuturo,CANASTA_EVIDENCIA
2024-08-23,2024-08-16,52.4310069,52.3146322,52.631612619183215,-0.0022195778200857497,0.003826089389544318,0.006059115888866318,0.006059115888866318,Profuturo,CANASTA_EVIDENCIA
2024-08-26,2024-08-21,52.4810788,52.0487502,52.517138431630144,-0.008237799410480084,0.000687097758938382,0.008999029368242928,0.008999029368242928,Profuturo,CANASTA_EVIDENCIA
2024-08-27,2024-08-22,52.0686814,52.0244063,52.306793062985335,-0.0008503211298913627,0.004573030401060496,0.00542796704602333,0.00542796704602333,Profuturo,CANASTA_EVIDENCIA
2024-08-28,2024-08-23,52.3146322,51.8102833,52.19780870761556,-0.009640685192468856,-0.00223309402114924,0.00747970061023695,0.00747970061023695,Profuturo,CANASTA_EVIDENCIA
2024-08-29,2024-08-23,52.3146322,51.8908161,52.190244984969894,-0.008101291783525033,-0.0023776754188880034,0.005770363765196018,0.005770363765196018,Profuturo,CANASTA_EVIDENCIA
2024-08-30,2024-08-23,52.3146322,52.0244103,52.34912987620654,-0.005547623825213455,0.0006594269089890137,0.00624167721140978,0.00624167721140978,Profuturo,CANASTA_EVIDENCIA
2024-09-02,2024-08-28,51.8102833,52.08169050000001,51.962383321564545,0.005238481295855246,0.0029357110572785228,-0.0022907700823471266,0.0022907700823471266,Profuturo,CANASTA_EVIDENCIA
2024-09-03,2024-08-29,51.8908161,51.3406668,51.60249820456486,-0.010602055264264831,-0.005556241298643627,0.005099883209246814,0.005099883209246814,Profuturo,CANASTA_EVIDENCIA
2024-09-04,2024-08-30,52.0244103,51.3469987,51.50714659080947,-0.013021033705018281,-0.009942711627248024,0.0031189338201664807,0.0031189338201664807,Profuturo,CANASTA_EVIDENCIA
2024-09-05,2024-08-30,52.0244103,51.44429890000001,51.56314274929708,-0.011150753975965655,-0.008866367692454524,0.0023101461549333013,0.0023101461549333013,Profuturo,CANASTA_EVIDENCIA
2024-09-06,2024-08-30,52.0244103,50.9962938,51.32989278338996,-0.019762194209820838,-0.013349839289000798,0.0065416319212978635,0.0065416319212978635,Profuturo,CANASTA_EVIDENCIA
2024-09-09,2024-09-04,51.3469987,51.2226632,51.26592954243142,-0.0024214755126475973,-0.0015788490003522115,0.000844671864531632,0.000844671864531632,Profuturo,CANASTA_EVIDENCIA
2024-09-10,2024-09-05,51.44429890000001,51.1400813,51.29279294229762,-0.005913533792954673,-0.0029450485465238874,0.0029861439093492592,0.0029861439093492592,Profuturo,CANASTA_EVIDENCIA
2024-09-11,2024-09-06,50.9962938,51.1920049,51.27273179649759,0.0038377514406744417,0.00542074680136051,0.0015769434437131746,0.0015769434437131746,Profuturo,CANASTA_EVIDENCIA
2024-09-12,2024-09-06,50.9962938,51.600203,51.49812385933156,0.01184221744365277,0.009840520201324088,-0.001978270137201643,0.001978270137201643,Profuturo,CANASTA_EVIDENCIA
2024-09-13,2024-09-06,50.9962938,52.2020752,51.64910202009123,0.02364449080807529,0.012801091441104528,-0.010592934817058253,0.010592934817058253,Profuturo,CANASTA_EVIDENCIA
2024-09-16,2024-09-11,51.1920049,52.2029142,51.625162766684326,0.019747405907909688,0.008461435873247547,-0.011067417253799117,0.011067417253799117,Profuturo,CANASTA_EVIDENCIA
2024-09-17,2024-09-12,51.600203,51.9202061,51.80515993476708,0.006201586067403619,0.003972017993167265,-0.0022158264358838053,0.0022158264358838053,Profuturo,CANASTA_EVIDENCIA
2024-09-18,2024-09-13,52.2020752,52.0313876,52.33431465865982,-0.0032697474065168652,0.0025332222551148753,0.005822006151145143,0.005822006151145143,Profuturo,CANASTA_EVIDENCIA
2024-09-19,2024-09-13,52.2020752,52.3180807,52.5987022852867,0.0022222392415540693,0.007597917971021495,0.005363759173350191,0.005363759173350191,Profuturo,CANASTA_EVIDENCIA
2024-09-20,2024-09-13,52.2020752,52.3160317,52.583312235609945,0.002182987928418534,0.007303101153533165,0.005108960426177367,0.005108960426177367,Profuturo,CANASTA_EVIDENCIA
2024-09-23,2024-09-18,52.0313876,52.3976513,52.34077485460468,0.007039283726502088,0.00594616574486051,-0.0010854770010524373,0.0010854770010524373,Profuturo,CANASTA_EVIDENCIA
2024-09-24,2024-09-19,52.3180807,52.7796468,52.81707388420324,0.008822305669940134,0.009537681381404983,0.0007091196412332135,0.0007091196412332135,Profuturo,CANASTA_EVIDENCIA
2024-09-25,2024-09-20,52.3160317,52.6304609,52.73808352484991,0.006010188268924077,0.008067351653697985,0.002044873311187523,0.002044873311187523,Profuturo,CANASTA_EVIDENCIA
2024-09-26,2024-09-20,52.3160317,53.017432,53.20969814893028,0.013406985912503666,0.017082076371061516,0.0036264704207151777,0.0036264704207151777,Profuturo,CANASTA_EVIDENCIA
2024-09-27,2024-09-20,52.3160317,52.9254985,53.263567887314096,0.011649713867728284,0.0181117748522599,0.006387646727863849,0.006387646727863849,Profuturo,CANASTA_EVIDENCIA
2024-09-30,2024-09-25,52.6304609,52.2029142,53.01765368277188,-0.008123559867969976,0.007356819152839256,0.015607164758090875,0.015607164758090875,Profuturo,CANASTA_EVIDENCIA
2024-10-01,2024-09-26,53.017432,52.695982,52.91351673926465,-0.0060631001516633365,-0.001960020635012105,0.004128108652850404,0.004128108652850404,Profuturo,CANASTA_EVIDENCIA
2024-10-02,2024-09-27,52.9254985,52.7907743,52.88379412323285,-0.0025455442805134565,-0.0007879826916915578,0.001762046957376251,0.001762046957376251,Profuturo,CANASTA_EVIDENCIA
2024-10-03,2024-09-27,52.9254985,52.7966755,52.798621812003056,-0.0024340441498157395,-0.002397269588248596,3.6864290878568795e-05,3.6864290878568795e-05,Profuturo,CANASTA_EVIDENCIA
2024-10-04,2024-09-27,52.9254985,53.06861119999999,52.98451888589576,0.0027040406619880386,0.0011151597541543268,-0.0015845960955584992,0.0015845960955584992,Profuturo,CANASTA_EVIDENCIA
2024-10-07,2024-10-02,52.7907743,53.1154243,52.85597437321425,0.006149748782904307,0.0012350656734778642,-0.004884643777301911,0.004884643777301911,Profuturo,CANASTA_EVIDENCIA
2024-10-08,2024-10-03,52.7966755,52.696093,52.753321441969355,-0.0019050915431219062,-0.0008211512868957493,0.0010860092031748092,0.0010860092031748092,Profuturo,CANASTA_EVIDENCIA
2024-10-09,2024-10-04,53.06861119999999,52.7226211,52.83103265560876,-0.006519675042862105,-0.004476818575407382,0.002056262631615624,0.002056262631615624,Profuturo,CANASTA_EVIDENCIA
2024-10-10,2024-10-04,53.06861119999999,53.0184008,52.992646171671154,-0.0009461412097400146,-0.0014314493372089565,-0.00048576773233888204,0.00048576773233888204,Profuturo,CANASTA_EVIDENCIA
2024-10-11,2024-10-04,53.06861119999999,53.0384379,53.122457453419166,-0.0005685715023948656,0.0010146535249668798,0.0015841257161000044,0.0015841257161000044,Profuturo,CANASTA_EVIDENCIA
2024-10-14,2024-10-09,52.7226211,53.118275700000005,52.98788285744903,0.007504456184937336,0.005031270295646095,-0.0024547642187672247,0.0024547642187672247,Profuturo,CANASTA_EVIDENCIA
2024-10-15,2024-10-10,53.0184008,52.7312307,52.84841721340321,-0.005416423273181925,-0.0032061243649731397,0.00222233602075228,0.00222233602075228,Profuturo,CANASTA_EVIDENCIA
2024-10-16,2024-10-11,53.0384379,52.7159533,52.86944316006609,-0.00608020546547805,-0.0031862691780729646,0.002911639654747278,0.002911639654747278,Profuturo,CANASTA_EVIDENCIA
2024-10-17,2024-10-11,53.0384379,52.774839,52.90369817265019,-0.0049699597204765356,-0.0025404165862473738,0.002441678176416273,0.002441678176416273,Profuturo,CANASTA_EVIDENCIA
2024-10-18,2024-10-11,53.0384379,53.0790198,53.1282276235132,0.0007651413127307549,0.0016929179491012025,0.0009270672988803685,0.0009270672988803685,Profuturo,CANASTA_EVIDENCIA
2024-10-21,2024-10-16,52.7159533,53.114413000000006,52.976218226808896,0.007558616985116728,0.0049371188514368836,-0.0026018318830165477,0.0026018318830165477,Profuturo,CANASTA_EVIDENCIA
2024-10-22,2024-10-17,52.774839,53.1117929,53.051044164917336,0.006384745200264774,0.005233652440272518,-0.0011437899525824635,0.0011437899525824635,Profuturo,CANASTA_EVIDENCIA
2024-10-23,2024-10-18,53.0790198,52.9369593,53.05646077365465,-0.0026763964469441737,-0.0004250083447349118,0.002257429879518158,0.002257429879518158,Profuturo,CANASTA_EVIDENCIA
2024-10-24,2024-10-18,53.0790198,53.057308000000006,53.2193200045997,-0.00040904673978159334,0.002643232771222026,0.0030535285469006634,0.0030535285469006634,Profuturo,CANASTA_EVIDENCIA
2024-10-25,2024-10-18,53.0790198,53.1892731,53.26158734459076,0.002077154032147366,0.0034395425024551507,0.0013595644455377531,0.0013595644455377531,Profuturo,CANASTA_EVIDENCIA
2024-10-28,2024-10-23,52.9369593,53.2218422,53.17717257753738,0.005381550126170476,0.004537723373495339,-0.0008393099640323642,0.0008393099640323642,Profuturo,CANASTA_EVIDENCIA
2024-10-29,2024-10-24,53.057308000000006,53.5378632,53.089235709576855,0.009057285755997846,0.0006017589429310188,-0.008379630108643177,0.008379630108643177,Profuturo,CANASTA_EVIDENCIA
2024-10-30,2024-10-25,53.1892731,53.2767022,53.095458200943696,0.001643735567425919,-0.0017637935919884162,-0.0034019372741187492,0.0034019372741187492,Profuturo,CANASTA_EVIDENCIA
2024-10-31,2024-10-25,53.1892731,52.7786522,52.90237940004903,-0.0077199945791325275,-0.005393826296734461,0.002344266003235118,0.002344266003235118,Profuturo,CANASTA_EVIDENCIA
2024-11-01,2024-10-25,53.1892731,52.6408418,52.885558246089204,-0.010310938052657925,-0.005710077167999428,0.00464879431485854,0.00464879431485854,Profuturo,CANASTA_EVIDENCIA
2024-11-04,2024-10-30,53.2767022,52.726682,53.105351916300926,-0.010323840952753405,-0.003216232924024287,0.007181751286776006,0.007181751286776006,Profuturo,CANASTA_EVIDENCIA
2024-11-05,2024-10-31,52.7786522,52.797108,52.98127070164804,0.0003496830485565372,0.003839023794700802,0.0034881210093560266,0.0034881210093560266,Profuturo,CANASTA_EVIDENCIA
2024-11-06,2024-11-01,52.6408418,52.9169628,52.91157129328014,0.005245375844274758,0.005142955242029235,-0.00010188617098527697,0.00010188617098527697,Profuturo,CANASTA_EVIDENCIA
2024-11-07,2024-11-01,52.6408418,53.0734055,53.19241138605803,0.008217264109176892,0.01047797807173434,0.0022422884858601666,0.0022422884858601666,Profuturo,CANASTA_EVIDENCIA
2024-11-08,2024-11-01,52.6408418,53.0376194,52.997749212712414,0.007537447852895118,0.006780047592483962,-0.0007517341038044689,0.0007517341038044689,Profuturo,CANASTA_EVIDENCIA
2024-11-11,2024-11-06,52.9169628,52.9076014,52.903851520366274,-0.0001769073564441559,-0.0002477708269705836,-7.087600901378721e-05,7.087600901378721e-05,Profuturo,CANASTA_EVIDENCIA
2024-11-12,2024-11-07,53.0734055,53.0824872,52.67073295817605,0.000171115833145441,-0.0075870869417630216,-0.007756875450703249,0.007756875450703249,Profuturo,CANASTA_EVIDENCIA
2024-11-13,2024-11-08,53.0376194,53.0488092,52.77774615206963,0.0002109785493125127,-0.004899790957253347,-0.005109691471271827,0.005109691471271827,Profuturo,CANASTA_EVIDENCIA
2024-11-14,2024-11-08,53.0376194,52.861436000000005,52.76434922298264,-0.0033218572400705026,-0.005152383913697323,-0.0018366276886115918,0.0018366276886115918,Profuturo,CANASTA_EVIDENCIA
2024-11-15,2024-11-08,53.0376194,52.7101805,52.70463866964056,-0.006173710353221451,-0.006278199024133402,-0.00010513776099552175,0.00010513776099552175,Profuturo,CANASTA_EVIDENCIA
2024-11-18,2024-11-13,53.0488092,52.6077858,53.08800505136479,-0.008313540052092283,0.000738863924673927,0.009128292401251015,0.009128292401251015,Profuturo,CANASTA_EVIDENCIA
2024-11-19,2024-11-14,52.861436000000005,52.6166933,53.05264165350756,-0.004629891250022111,0.00361711046797053,0.008285362043219724,0.008285362043219724,Profuturo,CANASTA_EVIDENCIA
2024-11-20,2024-11-15,52.7101805,52.5588739,52.97864240164551,-0.002870538453193072,0.00509316984117536,0.007986634235051637,0.007986634235051637,Profuturo,CANASTA_EVIDENCIA
2024-11-21,2024-11-15,52.7101805,52.7780349,53.0357412184992,0.001287311091640042,0.0061764295893314,0.004882832772904022,0.004882832772904022,Profuturo,CANASTA_EVIDENCIA
2024-11-22,2024-11-15,52.7101805,52.7865561,52.97405340873658,0.001448972461780773,0.005006108995141423,0.0035519897979587878,0.0035519897979587878,Profuturo,CANASTA_EVIDENCIA
2024-11-25,2024-11-20,52.5588739,52.61782,52.503992400299325,0.0011215251702718643,-0.001044190935389877,-0.0021632899215641155,0.0021632899215641155,Profuturo,CANASTA_EVIDENCIA
2024-11-26,2024-11-21,52.7780349,52.5684675,52.73709342146207,-0.003970731392274773,-0.0007757294983700147,0.003207738963706186,0.003207738963706186,Profuturo,CANASTA_EVIDENCIA
2024-11-27,2024-11-22,52.7865561,52.3907715,52.83141188349543,-0.007497829546792456,0.0008497577188111283,0.008410648877263283,0.008410648877263283,Profuturo,CANASTA_EVIDENCIA
2024-11-28,2024-11-22,52.7865561,52.3139469,52.84337135999227,-0.00895321147878414,0.00107632064279084,0.010120139874062462,0.010120139874062462,Profuturo,CANASTA_EVIDENCIA
2024-11-29,2024-11-22,52.7865561,52.35783610000001,52.77521263452461,-0.008121764927945141,-0.00021489307720512496,0.007971615437418755,0.007971615437418755,Profuturo,CANASTA_EVIDENCIA
2024-12-02,2024-11-27,52.3907715,52.4352175,52.44108268307186,0.0008483555161999945,0.0009603062072078838,0.00011185579752504005,0.00011185579752504005,Profuturo,CANASTA_EVIDENCIA
2024-12-03,2024-11-28,52.3139469,52.1732038,52.43585691907614,-0.002690355217682794,0.002330354069999263,0.005034253217091722,0.005034253217091722,Profuturo,CANASTA_EVIDENCIA
2024-12-04,2024-11-29,52.35783610000001,52.5383214,52.54409014922238,0.00344714971900828,0.0035573290092936194,0.00010980079052114178,0.00010980079052114178,Profuturo,CANASTA_EVIDENCIA
2024-12-05,2024-11-29,52.35783610000001,52.4654004,52.59291511339899,0.0020544069047190305,0.004489853494899831,0.0024304534498318375,0.0024304534498318375,Profuturo,CANASTA_EVIDENCIA
2024-12-06,2024-11-29,52.35783610000001,52.3069801,52.50224222965479,-0.0009713159249530312,0.00275806145576718,0.0037330033062794588,0.0037330033062794588,Profuturo,CANASTA_EVIDENCIA
2024-12-09,2024-12-04,52.5383214,52.53914900000001,52.732311873860716,1.5752311416816767e-05,0.0036923614742803146,0.0036765512486833796,0.0036765512486833796,Profuturo,CANASTA_EVIDENCIA
2024-12-10,2024-12-05,52.4654004,52.3399872,52.486437867058214,-0.002390398225189161,0.0004009779187392759,0.002798064632660191,0.002798064632660191,Profuturo,CANASTA_EVIDENCIA
2024-12-11,2024-12-06,52.3069801,52.7342257,52.591638493466085,0.008168041802130377,0.005442072796439046,-0.0027038835716500786,0.0027038835716500786,Profuturo,CANASTA_EVIDENCIA
2024-12-12,2024-12-06,52.3069801,52.6400376,52.44370699352087,0.00636736243161562,0.0026139320843887592,-0.003729682109481103,0.003729682109481103,Profuturo,CANASTA_EVIDENCIA
2024-12-13,2024-12-06,52.3069801,52.414076400000006,52.30655228438483,0.0020474571423405585,-8.178939299274823e-06,-0.0020514358546471767,0.0020514358546471767,Profuturo,CANASTA_EVIDENCIA
2024-12-16,2024-12-11,52.7342257,52.6120188,52.37000155270628,-0.0023174114795052603,-0.006906788569642774,-0.004600037269311574,0.004600037269311574,Profuturo,CANASTA_EVIDENCIA
2024-12-17,2024-12-12,52.6400376,52.391682,52.381666854776356,-0.00471799814975804,-0.004908255331938505,-0.00019115907032052348,0.00019115907032052348,Profuturo,CANASTA_EVIDENCIA
2024-12-18,2024-12-13,52.414076400000006,51.82091500000001,51.99350210171144,-0.011316833964091333,-0.00802407153145146,0.003330452611873813,0.003330452611873813,Profuturo,CANASTA_EVIDENCIA
2024-12-19,2024-12-13,52.414076400000006,51.4032064,51.96175762975322,-0.01928623128423579,-0.00862971936765411,0.010866077602373458,0.010866077602373458,Profuturo,CANASTA_EVIDENCIA
2024-12-20,2024-12-13,52.414076400000006,51.5637908,52.02502085351513,-0.016222466528094892,-0.0074227301749206775,0.008944843782027201,0.008944843782027201,Profuturo,CANASTA_EVIDENCIA
2024-12-23,2024-12-18,51.82091500000001,51.69746129999999,51.90637914115323,-0.0023823141679379933,0.0016492209979932504,0.004041162484573313,0.004041162484573313,Profuturo,CANASTA_EVIDENCIA
2024-12-24,2024-12-19,51.4032064,51.916162400000005,51.63885337662806,0.00997906620860145,0.004584285555931045,-0.00534147769311899,0.00534147769311899,Profuturo,CANASTA_EVIDENCIA
2024-12-26,2024-12-20,51.5637908,51.9546144,51.77566040680418,0.007579419471230864,0.004108883453234791,-0.003444429243917524,0.003444429243917524,Profuturo,CANASTA_EVIDENCIA
2024-12-27,2024-12-20,51.5637908,51.9825683,51.63747478503359,0.008121542142320415,0.001428986967218604,-0.006638639187175555,0.006638639187175555,Profuturo,CANASTA_EVIDENCIA
2024-12-30,2024-12-24,51.916162400000005,51.8037672,51.62265476032205,-0.002164936597856104,-0.005653492594783094,-0.0034961248856425486,0.0034961248856425486,Profuturo,CANASTA_EVIDENCIA
2024-12-31,2024-12-26,51.9546144,51.5789013,51.65145831832023,-0.007231563631814764,-0.005835017450918967,0.0014067189585567075,0.0014067189585567075,Profuturo,CANASTA_EVIDENCIA
2025-01-02,2024-12-27,51.9825683,51.6789686,51.84214624338149,-0.005840413621887142,-0.0027013297189955043,0.0031575251558231265,0.0031575251558231265,Profuturo,CANASTA_EVIDENCIA
2025-01-03,2024-12-27,51.9825683,51.8937578,51.91225587564338,-0.0017084669516029827,-0.0013526154373679766,0.0003564605152448497,0.0003564605152448497,Profuturo,CANASTA_EVIDENCIA
2025-01-06,2024-12-31,51.5789013,52.3006609,51.78842487566397,0.013993310865658248,0.0040621954012807215,-0.0097940640810531,0.0097940640810531,Profuturo,CANASTA_EVIDENCIA
2025-01-07,2025-01-02,51.6789686,52.2017687,51.77017108491688,0.01011630290160248,0.0017647891857672793,-0.008267873404127046,0.008267873404127046,Profuturo,CANASTA_EVIDENCIA
2025-01-08,2025-01-03,51.8937578,52.2550235,51.98151744347088,0.006961640769826749,0.0016911406533537399,-0.005234062453902122,0.005234062453902122,Profuturo,CANASTA_EVIDENCIA
2025-01-09,2025-01-03,51.8937578,52.154422100000005,52.01349855130262,0.005023037664849905,0.0023074210922264804,-0.0027020441033204223,0.0027020441033204223,Profuturo,CANASTA_EVIDENCIA
2025-01-10,2025-01-03,51.8937578,51.8770935,51.847203105653115,-0.0003211234010885855,-0.0008971154975191409,-0.0005761771203871557,0.0005761771203871557,Profuturo,CANASTA_EVIDENCIA
2025-01-13,2025-01-08,52.2550235,51.679751,52.09372090576551,-0.011008941561379215,-0.0030868342109633407,0.00801029218901439,0.00801029218901439,Profuturo,CANASTA_EVIDENCIA
2025-01-14,2025-01-09,52.154422100000005,51.7166077,52.110713344296805,-0.008394578683290743,-0.0008380642320107157,0.007620485214013817,0.007620485214013817,Profuturo,CANASTA_EVIDENCIA
2025-01-15,2025-01-10,51.8770935,51.9732594,52.16726603335749,0.001853725671813189,0.005593461656780985,0.0037328163674392734,0.0037328163674392734,Profuturo,CANASTA_EVIDENCIA
2025-01-16,2025-01-10,51.8770935,51.8978888,52.143545149935484,0.00040085707577275365,0.005136210068042546,0.0047334555531184375,0.0047334555531184375,Profuturo,CANASTA_EVIDENCIA
2025-01-17,2025-01-10,51.8770935,51.9320817,52.15760852283895,0.001059970717133485,0.005407300292159745,0.004342726412196685,0.004342726412196685,Profuturo,CANASTA_EVIDENCIA
2025-01-20,2025-01-15,51.9732594,51.9329306,51.95813168141055,-0.0007759528739504917,-0.0002910673443247136,0.00048526207012367095,0.00048526207012367095,Profuturo,CANASTA_EVIDENCIA
2025-01-21,2025-01-16,51.8978888,52.1362523,52.03398864084159,0.004592932497092361,0.002622454284529452,-0.0019614693163975128,0.0019614693163975128,Profuturo,CANASTA_EVIDENCIA
2025-01-22,2025-01-17,51.9320817,52.0709962,52.01996424505393,0.0026749264703556097,0.001692259238934568,-0.000980045681286068,0.000980045681286068,Profuturo,CANASTA_EVIDENCIA
2025-01-23,2025-01-17,51.9320817,51.9968762,52.015203304093156,0.0012476776951539925,0.0016005829416454453,0.00035246548316969495,0.00035246548316969495,Profuturo,CANASTA_EVIDENCIA
2025-01-24,2025-01-17,51.9320817,51.9200746,52.01797657244237,-0.0002312077545698621,0.001653984774547812,0.0018856285010493412,0.0018856285010493412,Profuturo,CANASTA_EVIDENCIA
2025-01-27,2025-01-22,52.0709962,51.302161000000005,51.86603630301148,-0.014765133300829736,-0.003936162392616627,0.010991258302188722,0.010991258302188722,Profuturo,CANASTA_EVIDENCIA
2025-01-28,2025-01-23,51.9968762,51.4058539,51.860246233955436,-0.011366496281944083,-0.0026276571984639174,0.008839311080006018,0.008839311080006018,Profuturo,CANASTA_EVIDENCIA
2025-01-29,2025-01-24,51.9200746,51.3390433,51.82065655908755,-0.011190879529283215,-0.0019148285451894287,0.009381032994191907,0.009381032994191907,Profuturo,CANASTA_EVIDENCIA
2025-01-30,2025-01-24,51.9200746,51.5922827,51.98664414628936,-0.0063133942415406485,0.0012821542881480408,0.007643806896130201,0.007643806896130201,Profuturo,CANASTA_EVIDENCIA
2025-01-31,2025-01-24,51.9200746,51.4974275,51.8275604873016,-0.00814034076907888,-0.001781856313018526,0.0064106694902690275,0.0064106694902690275,Profuturo,CANASTA_EVIDENCIA
2025-02-03,2025-01-29,51.3390433,51.1911586,51.26263040527598,-0.0028805503666251564,-0.0014883973251605953,0.0013961747932771384,0.0013961747932771384,Profuturo,CANASTA_EVIDENCIA
2025-02-04,2025-01-30,51.5922827,51.4388543,51.61879531172396,-0.0029738633758881194,0.0005138871617316187,0.0034981535683999976,0.0034981535683999976,Profuturo,CANASTA_EVIDENCIA
2025-02-05,2025-01-31,51.4974275,51.64599200000001,51.74316080329066,0.0028848916773562827,0.0047717588085474105,0.0018814393823753939,0.0018814393823753939,Profuturo,CANASTA_EVIDENCIA
2025-02-06,2025-01-31,51.4974275,51.7735634,51.90047268021736,0.00536212998212382,0.007826510949840326,0.0024512371156852897,0.0024512371156852897,Profuturo,CANASTA_EVIDENCIA
2025-02-07,2025-01-31,51.4974275,51.5558786,51.87331179885182,0.0011350295119110232,0.00729908884966779,0.006157070880600246,0.006157070880600246,Profuturo,CANASTA_EVIDENCIA
2025-02-10,2025-02-05,51.64599200000001,51.7039861,51.930034752334116,0.0011229157918004606,0.005499802430634082,0.00437197727650851,0.00437197727650851,Profuturo,CANASTA_EVIDENCIA
2025-02-11,2025-02-06,51.7735634,51.62440000000001,51.71153628865663,-0.002881072698194709,-0.001198046015572718,0.0016878896153103007,0.0016878896153103007,Profuturo,CANASTA_EVIDENCIA
2025-02-12,2025-02-07,51.5558786,51.663730400000006,51.5887152073583,0.00209193990925427,0.0006369129622068037,-0.0014519894723225013,0.0014519894723225013,Profuturo,CANASTA_EVIDENCIA
2025-02-13,2025-02-07,51.5558786,51.8912495,51.730100215671264,0.006504998248638039,0.003379277405453074,-0.003105519444636551,0.003105519444636551,Profuturo,CANASTA_EVIDENCIA
2025-02-14,2025-02-07,51.5558786,51.9309927,51.85342648104843,0.007275874452850495,0.005771366702078229,-0.0014936402121110692,0.0014936402121110692,Profuturo,CANASTA_EVIDENCIA
2025-02-17,2025-02-12,51.663730400000006,51.88879549999999,51.90100041881302,0.004356346285052437,0.004592583945758122,0.0002352129914642287,0.0002352129914642287,Profuturo,CANASTA_EVIDENCIA
2025-02-18,2025-02-13,51.8912495,51.8109976,51.94140947227821,-0.001546540134864216,0.0009666364321831988,0.0025170693157665625,0.0025170693157665625,Profuturo,CANASTA_EVIDENCIA
2025-02-19,2025-02-14,51.9309927,51.7765835,51.80421067546746,-0.0029733535211237117,-0.0024413556903282174,0.0005335843657481298,0.0005335843657481298,Profuturo,CANASTA_EVIDENCIA
2025-02-20,2025-02-14,51.9309927,51.5640461,51.878410731744744,-0.007066042471396861,-0.0010125353959439254,0.006096585809714838,0.006096585809714838,Profuturo,CANASTA_EVIDENCIA
2025-02-21,2025-02-14,51.9309927,51.2561498,51.654059067493776,-0.012994993257658183,-0.005332723641661152,0.007763151720259875,0.007763151720259875,Profuturo,CANASTA_EVIDENCIA
2025-02-24,2025-02-19,51.7765835,51.0146534,51.53063717781065,-0.014715727622314101,-0.004750145829713781,0.010114422884830221,0.010114422884830221,Profuturo,CANASTA_EVIDENCIA
2025-02-25,2025-02-20,51.5640461,50.6494626,51.27869782872363,-0.01773684513093321,-0.005533861146640451,0.0124233347487408,0.0124233347487408,Profuturo,CANASTA_EVIDENCIA
2025-02-26,2025-02-21,51.2561498,50.7326124,51.29594261686791,-0.010214138245709603,0.0007763520479626695,0.011103907136229108,0.011103907136229108,Profuturo,CANASTA_EVIDENCIA
2025-02-27,2025-02-21,51.2561498,50.3709926,51.11292753539261,-0.017269287752862073,-0.002794245474274648,0.01472940867543282,0.01472940867543282,Profuturo,CANASTA_EVIDENCIA
2025-02-28,2025-02-21,51.2561498,50.5392348,51.19405902159958,-0.01398690699159777,-0.0012113820223075278,0.012956749823991753,0.012956749823991753,Profuturo,CANASTA_EVIDENCIA
2025-03-03,2025-02-26,50.7326124,50.5158816,50.43729995430732,-0.004272021284675631,-0.005820958782179364,-0.0015555829811090272,0.0015555829811090272,Profuturo,CANASTA_EVIDENCIA
2025-03-04,2025-02-27,50.3709926,50.10203859999999,50.18264289396367,-0.005339461982331595,-0.0037392494432665346,0.0016088026798108945,0.0016088026798108945,Profuturo,CANASTA_EVIDENCIA
2025-03-05,2025-02-28,50.5392348,50.40861340000001,50.565321532801896,-0.002584554366857894,0.0005161679417016174,0.0031087570601948666,0.0031087570601948666,Profuturo,CANASTA_EVIDENCIA
2025-03-06,2025-02-28,50.5392348,50.3435682,50.55284319186175,-0.0038715782060080306,0.00026926390784498544,0.004156936016739277,0.004156936016739277,Profuturo,CANASTA_EVIDENCIA
2025-03-07,2025-02-28,50.5392348,50.276602700000005,50.582112728057126,-0.005196598267451336,0.0008484087308959776,0.006076584567181298,0.006076584567181298,Profuturo,CANASTA_EVIDENCIA
2025-03-10,2025-03-05,50.40861340000001,49.8822293,50.10842243949615,-0.010442344363314815,-0.005955152111044915,0.004534543517207057,0.004534543517207057,Profuturo,CANASTA_EVIDENCIA
2025-03-11,2025-03-06,50.3435682,49.8009582,50.07108625044536,-0.010778139480387527,-0.005412448090134414,0.005424153675126719,0.005424153675126719,Profuturo,CANASTA_EVIDENCIA
2025-03-12,2025-03-07,50.276602700000005,50.022437,50.14516991804942,-0.0050553475443958495,-0.0026141937778660918,0.0024535573516624165,0.0024535573516624165,Profuturo,CANASTA_EVIDENCIA
2025-03-13,2025-03-07,50.276602700000005,50.034829,50.183138786921155,-0.004808871065586251,-0.0018589942052478214,0.00296413098406223,0.00296413098406223,Profuturo,CANASTA_EVIDENCIA
2025-03-14,2025-03-07,50.276602700000005,50.4938995,50.527745924546664,0.004322026317024719,0.004995230605481238,0.0006703072030842527,0.0006703072030842527,Profuturo,CANASTA_EVIDENCIA
2025-03-17,2025-03-12,50.022437,50.75427870000001,50.61647080206911,0.014630268813172975,0.011875347098125433,-0.0027151976436402547,0.0027151976436402547,Profuturo,CANASTA_EVIDENCIA
2025-03-18,2025-03-13,50.034829,50.7639291,50.601385578187006,0.014571851539654457,0.011323244018421663,-0.0032019491929554666,0.0032019491929554666,Profuturo,CANASTA_EVIDENCIA
2025-03-19,2025-03-14,50.4938995,50.8976528,50.816379559792104,0.007996080793879035,0.006386515261949777,-0.0015967974108208605,0.0015967974108208605,Profuturo,CANASTA_EVIDENCIA
2025-03-20,2025-03-14,50.4938995,50.9462308,50.81403566092342,0.008958137606306371,0.006340095815404956,-0.0025947972401636488,0.0025947972401636488,Profuturo,CANASTA_EVIDENCIA
2025-03-21,2025-03-14,50.4938995,51.008515200000005,50.82265905606668,0.010191641071413127,0.0065108767459460815,-0.0036436297587686406,0.0036436297587686406,Profuturo,CANASTA_EVIDENCIA
2025-03-24,2025-03-19,50.8976528,51.3661991,50.98245672846194,0.009205656336278123,0.0016661658013026326,-0.007470717675469585,0.007470717675469585,Profuturo,CANASTA_EVIDENCIA
2025-03-25,2025-03-20,50.9462308,51.526961,51.20544489378505,0.011398884488231786,0.005087993551527781,-0.006239764581011276,0.006239764581011276,Profuturo,CANASTA_EVIDENCIA
2025-03-26,2025-03-21,51.008515200000005,51.23758660000001,51.09077818020029,0.004490846265605475,0.0016127303427229123,-0.002865248532211706,0.002865248532211706,Profuturo,CANASTA_EVIDENCIA
2025-03-27,2025-03-21,51.008515200000005,51.21534690000001,51.1199846173902,0.0040548465131562406,0.0021853099811499632,-0.0018619864626906457,0.0018619864626906457,Profuturo,CANASTA_EVIDENCIA
2025-03-28,2025-03-21,51.008515200000005,50.903258400000006,50.83363940956339,-0.002063514289472934,-0.00342836465148888,-0.0013676725739155682,0.0013676725739155682,Profuturo,CANASTA_EVIDENCIA
2025-03-31,2025-03-26,51.23758660000001,50.8582189,50.88572434843116,-0.0074040899498574175,-0.006867268248127112,0.0005408260262760312,0.0005408260262760312,Profuturo,CANASTA_EVIDENCIA
2025-04-01,2025-03-27,51.21534690000001,51.1183174,51.00792188658403,-0.0018945395447473867,-0.004050055812781728,-0.002159607730280566,0.002159607730280566,Profuturo,CANASTA_EVIDENCIA
2025-04-02,2025-03-28,50.903258400000006,51.0882985,51.059757136779425,0.003635132716769185,0.0030744345587789823,-0.0005586673281079424,0.0005586673281079424,Profuturo,CANASTA_EVIDENCIA
2025-04-03,2025-03-28,50.903258400000006,50.1365938,50.531706326446546,-0.015061208733938458,-0.007299180548203554,0.007880721375342903,0.007880721375342903,Profuturo,CANASTA_EVIDENCIA
2025-04-04,2025-03-28,50.903258400000006,48.4767245,49.503881944838795,-0.047669520110720454,-0.027490901351831964,0.021188672614190107,0.021188672614190107,Profuturo,CANASTA_EVIDENCIA
2025-04-07,2025-04-02,51.0882985,47.8728128,49.14099791798696,-0.06293976887877761,-0.03811637183440442,0.026490716626263566,0.026490716626263566,Profuturo,CANASTA_EVIDENCIA
2025-04-08,2025-04-03,50.1365938,48.1185541,48.565659501351305,-0.04025083371339844,-0.03133308786223721,0.009291746390012845,0.009291746390012845,Profuturo,CANASTA_EVIDENCIA
2025-04-09,2025-04-04,48.4767245,48.9147638,49.02237553383261,0.009036074621749712,0.011255938586209657,0.0021999847381988236,0.0021999847381988236,Profuturo,CANASTA_EVIDENCIA
2025-04-10,2025-04-04,48.4767245,49.1600849,48.757243923133885,0.014096670248419985,0.0057866827024148915,-0.008194472765569172,0.008194472765569172,Profuturo,CANASTA_EVIDENCIA
2025-04-11,2025-04-04,48.4767245,49.8382965,49.0168126430923,0.028087128700289954,0.011141184736858545,-0.0164829842630696,0.0164829842630696,Profuturo,CANASTA_EVIDENCIA
2025-04-14,2025-04-09,48.9147638,50.3985545,49.21951348894973,0.030334209648171795,0.006230218962024914,-0.02339434181689226,0.02339434181689226,Profuturo,CANASTA_EVIDENCIA
2025-04-15,2025-04-10,49.1600849,50.4891108,49.75315622282057,0.027034654287181548,0.012064082558583378,-0.01457650106167896,0.01457650106167896,Profuturo,CANASTA_EVIDENCIA
2025-04-16,2025-04-11,49.8382965,50.125964,50.047247881755624,0.005772017107366523,0.004192586754156569,-0.001570366172795823,0.001570366172795823,Profuturo,CANASTA_EVIDENCIA
2025-04-17,2025-04-11,49.8382965,49.9565551,50.052665558451295,0.002372845949901281,0.004301291847952582,0.0019238808252270978,0.0019238808252270978,Profuturo,CANASTA_EVIDENCIA
2025-04-18,2025-04-11,49.8382965,49.9679127,50.04992581798168,0.002600734958908557,0.004246319253341291,0.0016413156673980023,0.0016413156673980023,Profuturo,CANASTA_EVIDENCIA
2025-04-21,2025-04-16,50.125964,49.7969033,50.07103107171784,-0.006564675743692572,-0.0010958976925045105,0.005504916039986929,0.005504916039986929,Profuturo,CANASTA_EVIDENCIA
2025-04-22,2025-04-17,49.9565551,50.062703,50.168115408878116,0.0021248042381527554,0.004234885861417403,0.0021056076192713657,0.0021056076192713657,Profuturo,CANASTA_EVIDENCIA
2025-04-23,2025-04-18,49.9679127,50.2146764,50.35307375872446,0.004938443226186751,0.007708167860380977,0.0027561137230480703,0.0027561137230480703,Profuturo,CANASTA_EVIDENCIA
2025-04-24,2025-04-18,49.9679127,50.5329439,50.55521692112047,0.011307880787263747,0.011753627265692623,0.00044076238986878735,0.00044076238986878735,Profuturo,CANASTA_EVIDENCIA
2025-04-25,2025-04-18,49.9679127,50.6503233,50.655996252991734,0.013656976309919022,0.013770508228408307,0.00011200230565444613,0.00011200230565444613,Profuturo,CANASTA_EVIDENCIA
2025-04-28,2025-04-23,50.2146764,50.7359603,50.55732030431778,0.010381106428876574,0.006823580850911837,-0.003520973972423791,0.003520973972423791,Profuturo,CANASTA_EVIDENCIA
2025-04-29,2025-04-24,50.5329439,50.82251529999999,50.76062063055087,0.00573034891006996,0.004505510919795563,-0.0012178592319519455,0.0012178592319519455,Profuturo,CANASTA_EVIDENCIA
2025-04-30,2025-04-25,50.6503233,50.8254508,50.6902397849884,0.003457579114801046,0.000788079569640221,-0.002660301342798932,0.002660301342798932,Profuturo,CANASTA_EVIDENCIA
2025-05-01,2025-04-25,50.6503233,50.7995462,50.62400799271376,0.0029461391414258298,-0.0005195486538234206,-0.00345550738967515,0.00345550738967515,Profuturo,CANASTA_EVIDENCIA
2025-05-02,2025-04-25,50.6503233,51.131674,50.86916824913091,0.009503408243793032,0.004320701919999559,-0.005133916618280221,0.005133916618280221,Profuturo,CANASTA_EVIDENCIA
2025-05-05,2025-04-30,50.8254508,51.2835231,51.023541231888096,0.009012655919226953,0.0038974653204275622,-0.005069500931224047,0.005069500931224047,Profuturo,CANASTA_EVIDENCIA
2025-05-06,2025-05-01,50.7995462,51.2403612,51.16524419710942,0.008677538146984576,0.007198843778439601,-0.0014659733290596222,0.0014659733290596222,Profuturo,CANASTA_EVIDENCIA
2025-05-07,2025-05-02,51.131674,51.0345031,51.139143958592804,-0.001900405216539447,0.00014609258818332194,0.00205039438490795,0.00205039438490795,Profuturo,CANASTA_EVIDENCIA
2025-05-08,2025-05-02,51.131674,51.0216101,51.23851742046193,-0.00215255811886772,0.0020895740761770476,0.004251283329491207,0.004251283329491207,Profuturo,CANASTA_EVIDENCIA
2025-05-09,2025-05-02,51.131674,51.2507265,51.28468549420304,0.002328351307254284,0.0029924992129739536,0.0006626051282032641,0.0006626051282032641,Profuturo,CANASTA_EVIDENCIA
2025-05-12,2025-05-07,51.0345031,51.6444414,51.35258557286871,0.011951488952578693,0.006232694619274337,-0.005651253440245085,0.005651253440245085,Profuturo,CANASTA_EVIDENCIA
2025-05-13,2025-05-08,51.0216101,52.078273,51.39446808555435,0.020710104952176067,0.007307844358960258,-0.013130330079218488,0.013130330079218488,Profuturo,CANASTA_EVIDENCIA
2025-05-14,2025-05-09,51.2507265,52.0353521,51.62847321811949,0.015309550782660608,0.007370563188396684,-0.007819277961232607,0.007819277961232607,Profuturo,CANASTA_EVIDENCIA
2025-05-15,2025-05-09,51.2507265,52.2252352,51.61392046968341,0.019014534359820257,0.00708661114654463,-0.011705351406758102,0.011705351406758102,Profuturo,CANASTA_EVIDENCIA
2025-05-16,2025-05-09,51.2507265,52.2250157,51.55573865273315,0.019010251493703167,0.005951372274364708,-0.012815257942887515,0.012815257942887515,Profuturo,CANASTA_EVIDENCIA
2025-05-19,2025-05-14,52.0353521,52.3124065,52.052619095098606,0.005324349482012991,0.00033183200270126,-0.004966076353252746,0.004966076353252746,Profuturo,CANASTA_EVIDENCIA
2025-05-20,2025-05-15,52.2252352,52.4681052,52.32026704489922,0.004650433819396005,0.0018196537466090845,-0.0028176766539832476,0.0028176766539832476,Profuturo,CANASTA_EVIDENCIA
2025-05-21,2025-05-16,52.2250157,52.3348654,52.32023102271381,0.0021033923786832887,0.0018231746115839886,-0.0002796295963376494,0.0002796295963376494,Profuturo,CANASTA_EVIDENCIA
2025-05-22,2025-05-16,52.2250157,51.935269,52.33293347992552,-0.005548044287136511,0.00206640014328463,0.007656925391597014,0.007656925391597014,Profuturo,CANASTA_EVIDENCIA
2025-05-23,2025-05-16,52.2250157,52.1631087,52.45997839359173,-0.0011853897824677384,0.004499044958482079,0.005691181008767865,0.005691181008767865,Profuturo,CANASTA_EVIDENCIA
2025-05-26,2025-05-21,52.3348654,52.1575077,52.50714526119603,-0.003388901426313873,0.003291875499808361,0.0067034944078823155,0.0067034944078823155,Profuturo,CANASTA_EVIDENCIA
2025-05-27,2025-05-22,51.935269,52.2345871,52.22219633532528,0.0057632916082517305,0.005524710680236966,-0.0002372137957364906,0.0002372137957364906,Profuturo,CANASTA_EVIDENCIA
2025-05-28,2025-05-23,52.1631087,52.1864369,52.24390109698672,0.0004472164443680704,0.0015488416814144479,0.0011011327923544645,0.0011011327923544645,Profuturo,CANASTA_EVIDENCIA
2025-05-29,2025-05-23,52.1631087,52.2066504,52.282956602802116,0.0008347221069666677,0.002297560590021286,0.0014616184378324348,0.0014616184378324348,Profuturo,CANASTA_EVIDENCIA
2025-05-30,2025-05-23,52.1631087,52.1499968,52.27103450923545,-0.0002513634698310119,0.002069006466929535,0.0023209533396453264,0.0023209533396453264,Profuturo,CANASTA_EVIDENCIA
2025-06-02,2025-05-28,52.1864369,52.5580136,52.38536951405936,0.007120177618411105,0.003811960077683807,-0.0032848289749793924,0.0032848289749793924,Profuturo,CANASTA_EVIDENCIA
2025-06-03,2025-05-29,52.2066504,52.643775000000005,52.4945569949081,0.00837296774741958,0.005514749417980358,-0.0028344852756456707,0.0028344852756456707,Profuturo,CANASTA_EVIDENCIA
2025-06-04,2025-05-30,52.1499968,52.6363266,52.50485428432364,0.009325595970122835,0.006804554287597631,-0.002497748687431245,0.002497748687431245,Profuturo,CANASTA_EVIDENCIA
2025-06-05,2025-05-30,52.1499968,53.091277600000005,52.66880368973565,0.01804948912288351,0.009948358994638529,-0.007957501295172364,0.007957501295172364,Profuturo,CANASTA_EVIDENCIA
2025-06-06,2025-05-30,52.1499968,53.3943503,52.75075477604339,0.02386104652646881,0.011519808492939099,-0.012053625904997922,0.012053625904997922,Profuturo,CANASTA_EVIDENCIA
2025-06-09,2025-06-04,52.6363266,53.259653500000006,52.86175886224321,0.01184214287476526,0.004282826648529969,-0.007470845407524074,0.007470845407524074,Profuturo,CANASTA_EVIDENCIA
2025-06-10,2025-06-05,53.091277600000005,53.1253708,53.18844964219895,0.0006421619810481616,0.0018302826112239767,0.0011873581539114664,0.0011873581539114664,Profuturo,CANASTA_EVIDENCIA
2025-06-11,2025-06-06,53.3943503,53.217405,53.42003527079605,-0.0033139330098750364,0.00048104285662686763,0.003807593977873447,0.003807593977873447,Profuturo,CANASTA_EVIDENCIA
2025-06-12,2025-06-06,53.3943503,53.1905743,53.40007587408208,-0.0038164337398071124,0.00010723183351624144,0.003938697350783782,0.003938697350783782,Profuturo,CANASTA_EVIDENCIA
2025-06-13,2025-06-06,53.3943503,53.0479272,53.24392135762857,-0.006488010399107735,-0.0028173194640674915,0.003694661940129018,0.003694661940129018,Profuturo,CANASTA_EVIDENCIA
2025-06-16,2025-06-11,53.217405,53.076399300000006,53.14026058464308,-0.002649616229878027,-0.0014496087390378776,0.0012031954971571945,0.0012031954971571945,Profuturo,CANASTA_EVIDENCIA
2025-06-17,2025-06-12,53.1905743,52.9010915,53.09641779178788,-0.005442370265966501,-0.0017701728069539069,0.0036922922807345326,0.0036922922807345326,Profuturo,CANASTA_EVIDENCIA
2025-06-18,2025-06-13,53.0479272,52.5779524,53.068333668027435,-0.008859437584207708,0.0003846798377342697,0.009326747156236381,0.009326747156236381,Profuturo,CANASTA_EVIDENCIA
2025-06-19,2025-06-13,53.0479272,52.6026366,53.06842091419759,-0.008394118743248469,0.00038632450463760293,0.008854771249196203,0.008854771249196203,Profuturo,CANASTA_EVIDENCIA
2025-06-20,2025-06-13,53.0479272,52.6052386,52.9856566701721,-0.008345068758878749,-0.0011738541563203198,0.007231562488761334,0.007231562488761334,Profuturo,CANASTA_EVIDENCIA
2025-06-23,2025-06-18,52.5779524,52.7280456,52.493228200790895,0.0028546794454475943,-0.001611401649203592,-0.004453368156112858,0.004453368156112858,Profuturo,CANASTA_EVIDENCIA
2025-06-24,2025-06-19,52.6026366,52.9245753,52.73107784483624,0.006120200826587485,0.0024417263684506363,-0.0036560984016769105,0.0036560984016769105,Profuturo,CANASTA_EVIDENCIA
2025-06-25,2025-06-20,52.6052386,52.9437621,52.82970631363805,0.006435167086192184,0.004267022061146042,-0.0021542818613177195,0.0021542818613177195,Profuturo,CANASTA_EVIDENCIA
2025-06-26,2025-06-20,52.6052386,53.2956318,53.21392724938614,0.013124038943148175,0.011570875174894413,-0.0015330440385897814,0.0015330440385897814,Profuturo,CANASTA_EVIDENCIA
2025-06-27,2025-06-20,52.6052386,53.2801517,53.22411994627197,0.01282976977125605,0.011764633385237921,-0.0010516440351656664,0.0010516440351656664,Profuturo,CANASTA_EVIDENCIA
2025-06-30,2025-06-25,52.9437621,53.4427166,53.33302693819231,0.00942423583457419,0.007352421187165836,-0.002052471670343281,0.002052471670343281,Profuturo,CANASTA_EVIDENCIA
2025-07-01,2025-06-26,53.2956318,53.7332206,53.35654501543475,0.008210594099758772,0.0011429307314214654,-0.007010106231474578,0.007010106231474578,Profuturo,CANASTA_EVIDENCIA
2025-07-02,2025-06-27,53.2801517,53.8792662,53.523202254424,0.011244609500614677,0.0045617466667986495,-0.006608552244462551,0.006608552244462551,Profuturo,CANASTA_EVIDENCIA
2025-07-03,2025-06-27,53.2801517,54.0750871,53.635699220519626,0.014919916228391727,0.006673170198943534,-0.008125514040649096,0.008125514040649096,Profuturo,CANASTA_EVIDENCIA
2025-07-04,2025-06-27,53.2801517,54.071185400000005,53.66219919180763,0.014846686331788428,0.007170540616302956,-0.007563847642082067,0.007563847642082067,Profuturo,CANASTA_EVIDENCIA
2025-07-07,2025-07-02,53.8792662,54.0602213,53.873677215624795,0.0033585294077371763,-0.00010373163499410865,-0.0034506718598136255,0.0034506718598136255,Profuturo,CANASTA_EVIDENCIA
2025-07-08,2025-07-03,54.0750871,53.8333591,53.972854239586795,-0.004470228583321023,-0.0018905722745142794,0.002591239742771201,0.002591239742771201,Profuturo,CANASTA_EVIDENCIA
2025-07-09,2025-07-04,54.071185400000005,53.978197300000005,53.87436658115454,-0.0017197348146171798,-0.003639994525540091,-0.001923567737329157,0.001923567737329157,Profuturo,CANASTA_EVIDENCIA
2025-07-10,2025-07-04,54.071185400000005,54.0625391,53.93441684502325,-0.00015990587104830478,-0.002529416619313718,-0.002369889707543371,0.002369889707543371,Profuturo,CANASTA_EVIDENCIA
2025-07-11,2025-07-04,54.071185400000005,54.1454699,53.89439515541255,0.001373827842878983,-0.003269583296160783,-0.004637040643495238,0.004637040643495238,Profuturo,CANASTA_EVIDENCIA
2025-07-14,2025-07-09,53.978197300000005,54.224096,53.95345213627319,0.0045555189372727956,-0.000458428865070859,-0.004991210249532085,0.004991210249532085,Profuturo,CANASTA_EVIDENCIA
2025-07-15,2025-07-10,54.0625391,53.8300235,53.94327872607859,-0.004300863479051786,-0.0022059706389450096,0.002103941605720916,0.002103941605720916,Profuturo,CANASTA_EVIDENCIA
2025-07-16,2025-07-11,54.1454699,53.6236608,54.019724819314675,-0.009637170034052955,-0.002322356439376394,0.007385993671559898,0.007385993671559898,Profuturo,CANASTA_EVIDENCIA
2025-07-17,2025-07-11,54.1454699,53.9699439,54.09923323223085,-0.0032417485770126486,-0.0008539341860832605,0.0023955802598278897,0.0023955802598278897,Profuturo,CANASTA_EVIDENCIA
2025-07-18,2025-07-11,54.1454699,54.00340489999999,54.11889791218302,-0.002623765206256179,-0.0004907518185003346,0.0021386246366668082,0.0021386246366668082,Profuturo,CANASTA_EVIDENCIA
2025-07-21,2025-07-16,53.6236608,54.3116357,53.847878103410984,0.012829689165869018,0.0041813128769265795,-0.008538825807984485,0.008538825807984485,Profuturo,CANASTA_EVIDENCIA
2025-07-22,2025-07-17,53.9699439,54.3983759,54.254433513946765,0.0079383443642973,0.0052712601383075874,-0.002646078741722735,0.002646078741722735,Profuturo,CANASTA_EVIDENCIA
2025-07-23,2025-07-18,54.00340489999999,54.8912441,54.48092406322119,0.016440430036662512,0.008842389921625005,-0.007475145508294534,0.007475145508294534,Profuturo,CANASTA_EVIDENCIA
2025-07-24,2025-07-18,54.00340489999999,54.80718400000001,54.40357628663287,0.014883859665671073,0.007410113998809642,-0.0073641388575471645,0.0073641388575471645,Profuturo,CANASTA_EVIDENCIA
2025-07-25,2025-07-18,54.00340489999999,54.6432413,54.282680495811746,0.011848075157201876,0.005171444214099097,-0.006598451988027554,0.006598451988027554,Profuturo,CANASTA_EVIDENCIA
2025-07-28,2025-07-23,54.8912441,54.4858928,54.62559290219659,-0.0073846258478226234,-0.00483959148966373,0.0025639683047753437,0.0025639683047753437,Profuturo,CANASTA_EVIDENCIA
2025-07-29,2025-07-24,54.80718400000001,54.5478826,54.674159746697406,-0.0047311571417353315,-0.002427131693221063,0.0023149779730846642,0.0023149779730846642,Profuturo,CANASTA_EVIDENCIA
2025-07-30,2025-07-25,54.6432413,54.3809381,54.34729459886642,-0.004800286252418906,-0.005415979983851682,-0.0006186634932945356,0.0006186634932945356,Profuturo,CANASTA_EVIDENCIA
2025-07-31,2025-07-25,54.6432413,54.485629200000005,54.37327250848546,-0.0028843841662810066,-0.004940570601080774,-0.00206213442267722,0.00206213442267722,Profuturo,CANASTA_EVIDENCIA
2025-08-01,2025-07-25,54.6432413,54.0080553,54.24046974201488,-0.011624237232061851,-0.007370930940458709,0.004303329211242213,0.004303329211242213,Profuturo,CANASTA_EVIDENCIA
2025-08-04,2025-07-30,54.3809381,54.5378394,54.47181870773595,0.002885226064167634,0.0016711849944337498,-0.0012105483640419967,0.0012105483640419967,Profuturo,CANASTA_EVIDENCIA
2025-08-05,2025-07-31,54.485629200000005,54.4604086,54.62473976330487,-0.00046288535840210976,0.0025531606287272357,0.003017442717182961,0.003017442717182961,Profuturo,CANASTA_EVIDENCIA
2025-08-06,2025-08-01,54.0080553,54.82228310000001,54.399223891741414,0.015076043665656735,0.007242782388082292,-0.007716920644966541,0.007716920644966541,Profuturo,CANASTA_EVIDENCIA
2025-08-07,2025-08-01,54.0080553,54.9340089,54.48130852900789,0.017144731371210753,0.008762641542619853,-0.008240803466868618,0.008240803466868618,Profuturo,CANASTA_EVIDENCIA
2025-08-08,2025-08-01,54.0080553,55.0580649,54.73773639879804,0.019441722057339073,0.013510597534846625,-0.005818012343582368,0.005818012343582368,Profuturo,CANASTA_EVIDENCIA
2025-08-11,2025-08-06,54.82228310000001,54.9912445,55.04932879978029,0.003081984011716443,0.00414148566863104,0.0010562463226357899,0.0010562463226357899,Profuturo,CANASTA_EVIDENCIA
2025-08-12,2025-08-07,54.9340089,55.3052297,55.282597997483784,0.0067575770899179766,0.006345597280517756,-0.0004092145107972289,0.0004092145107972289,Profuturo,CANASTA_EVIDENCIA
2025-08-13,2025-08-08,55.0580649,55.6961066,55.30050204130781,0.011588523882175128,0.004403299348572087,-0.007102912265185002,0.007102912265185002,Profuturo,CANASTA_EVIDENCIA
2025-08-14,2025-08-08,55.0580649,55.8091817,55.26359036385342,0.01364226660279888,0.0037328857130505266,-0.009776013901787506,0.009776013901787506,Profuturo,CANASTA_EVIDENCIA
2025-08-15,2025-08-08,55.0580649,55.7733316,55.29615675112964,0.012991134020040818,0.0043243773925232265,-0.008555609557137522,0.008555609557137522,Profuturo,CANASTA_EVIDENCIA
2025-08-18,2025-08-13,55.6961066,55.58924700000001,55.71891995936225,-0.0019186188501009172,0.00040960420314650747,0.0023326986127774063,0.0023326986127774063,Profuturo,CANASTA_EVIDENCIA
2025-08-19,2025-08-14,55.8091817,55.0625048,55.74594031978044,-0.01337910496544703,-0.0011331716089212351,0.012411994736941878,0.012411994736941878,Profuturo,CANASTA_EVIDENCIA
2025-08-20,2025-08-15,55.7733316,54.8197735,55.6450784387734,-0.017097025991540393,-0.002299542766181051,0.015054876846096521,0.015054876846096521,Profuturo,CANASTA_EVIDENCIA
2025-08-21,2025-08-15,55.7733316,54.975807,55.65946009745863,-0.014299389638756987,-0.002041683709304798,0.012435526366327387,0.012435526366327387,Profuturo,CANASTA_EVIDENCIA
2025-08-22,2025-08-15,55.7733316,55.4579795,56.00379305440382,-0.005654173615836089,0.0041321084430936406,0.009841930040091373,0.009841930040091373,Profuturo,CANASTA_EVIDENCIA
2025-08-25,2025-08-20,54.8197735,55.41713730000001,55.10854490467836,0.010896867350245643,0.005267650452411399,-0.005568537285697062,0.005568537285697062,Profuturo,CANASTA_EVIDENCIA
2025-08-26,2025-08-21,54.975807,55.7440424,55.38285333488693,0.013974063172915274,0.007404099313847778,-0.00647942003418589,0.00647942003418589,Profuturo,CANASTA_EVIDENCIA
2025-08-27,2025-08-22,55.4579795,55.5999622,55.46283460153783,0.002560185229972145,8.754559004131579e-05,-0.0024663253900948368,0.0024663253900948368,Profuturo,CANASTA_EVIDENCIA
2025-08-28,2025-08-22,55.4579795,55.7230487,55.568765623087735,0.004779640412251318,0.00199765884164127,-0.002768747951012007,0.002768747951012007,Profuturo,CANASTA_EVIDENCIA
2025-08-29,2025-08-22,55.4579795,55.6670379,55.60239895249595,0.003769672135278457,0.0026041239475007583,-0.0011611709539882664,0.0011611709539882664,Profuturo,CANASTA_EVIDENCIA
2025-09-01,2025-08-27,55.5999622,55.8580235,55.744460297900865,0.004641393443249431,0.002598888419763412,-0.0020330687515131007,0.0020330687515131007,Profuturo,CANASTA_EVIDENCIA
2025-09-02,2025-08-28,55.7230487,55.812169,55.897997979986215,0.0015993435764758424,0.0031396214684538126,0.0015378183920109478,0.0015378183920109478,Profuturo,CANASTA_EVIDENCIA
2025-09-03,2025-08-29,55.6670379,56.221644000000005,56.06446638441353,0.009962917391011628,0.007139386240156531,-0.0027956780414759574,0.0027956780414759574,Profuturo,CANASTA_EVIDENCIA
2025-09-04,2025-08-29,55.6670379,56.1129067,56.07741517646486,0.008009565746985858,0.007371997719764822,-0.0006325019611779226,0.0006325019611779226,Profuturo,CANASTA_EVIDENCIA
2025-09-05,2025-08-29,55.6670379,56.4166856,56.178999464714884,0.013466635342564315,0.009196853003649474,-0.00421304677432377,0.00421304677432377,Profuturo,CANASTA_EVIDENCIA
2025-09-08,2025-09-03,56.221644000000005,56.7154989,56.40658857979325,0.008784070775304853,0.003289561930868601,-0.005446664953991043,0.005446664953991043,Profuturo,CANASTA_EVIDENCIA
2025-09-09,2025-09-04,56.1129067,56.5469992,56.23561852542376,0.007736054421860761,0.0021868734421444103,-0.0055065817635154835,0.0055065817635154835,Profuturo,CANASTA_EVIDENCIA
2025-09-10,2025-09-05,56.4166856,56.6225009,56.41804383893527,0.0036481281700815327,2.407512814373014e-05,-0.0036108800885679138,0.0036108800885679138,Profuturo,CANASTA_EVIDENCIA
2025-09-11,2025-09-05,56.4166856,57.0627465,56.687685704898705,0.011451592611814165,0.004803545298994072,-0.0065727785307582165,0.0065727785307582165,Profuturo,CANASTA_EVIDENCIA
2025-09-12,2025-09-05,56.4166856,57.1254973,56.77244425838236,0.012563866389201594,0.006305912064822783,-0.006180305788211382,0.006180305788211382,Profuturo,CANASTA_EVIDENCIA
2025-09-15,2025-09-10,56.6225009,57.4642543,57.09378724334618,0.014866058309338959,0.008323304973379964,-0.006446913149168343,0.006446913149168343,Profuturo,CANASTA_EVIDENCIA
2025-09-16,2025-09-11,57.0627465,57.29098200000001,57.228987766711825,0.003999728614535014,0.0029133064373587647,-0.0010820940944629154,0.0010820940944629154,Profuturo,CANASTA_EVIDENCIA
2025-09-17,2025-09-12,57.1254973,57.218021500000006,57.19984065208605,0.0016196655499400858,0.0013014040244696545,-0.0003177468817923135,0.0003177468817923135,Profuturo,CANASTA_EVIDENCIA
2025-09-18,2025-09-12,57.1254973,57.1569816,57.10232539492779,0.0005511426856323887,-0.000405631568518694,-0.0009562472254870391,0.0009562472254870391,Profuturo,CANASTA_EVIDENCIA
2025-09-19,2025-09-12,57.1254973,57.575859300000005,57.199230370423734,0.007883730055510796,0.0012907208498600387,-0.006541438272138267,0.006541438272138267,Profuturo,CANASTA_EVIDENCIA
2025-09-22,2025-09-17,57.218021500000006,58.1074488,57.33744047927498,0.01554453084331131,0.0020870868328604075,-0.013251456338675416,0.013251456338675416,Profuturo,CANASTA_EVIDENCIA
2025-09-23,2025-09-18,57.1569816,58.0579942,57.393963798839884,0.01576382402950416,0.004146163639261902,-0.011437363799938538,0.011437363799938538,Profuturo,CANASTA_EVIDENCIA
2025-09-24,2025-09-19,57.575859300000005,58.1193792,57.923370012346005,0.009440065795075281,0.0060357017085110876,-0.003372527207826659,0.003372527207826659,Profuturo,CANASTA_EVIDENCIA
2025-09-25,2025-09-19,57.575859300000005,57.9709657,57.73484447634699,0.006862362191440097,0.0027613166052562477,-0.004073094536236277,0.004073094536236277,Profuturo,CANASTA_EVIDENCIA
2025-09-26,2025-09-19,57.575859300000005,58.0712219,57.62560220204207,0.008603651009686075,0.000863954140621237,-0.0076736752452927215,0.0076736752452927215,Profuturo,CANASTA_EVIDENCIA
2025-09-29,2025-09-24,58.1193792,58.5942621,58.11681207451443,0.008170818521062273,-4.416987106381498e-05,-0.008148409219160935,0.008148409219160935,Profuturo,CANASTA_EVIDENCIA
2025-09-30,2025-09-25,57.9709657,58.5841769,58.35816058951918,0.01057790210315579,0.006679117465852036,-0.003857975351716947,0.003857975351716947,Profuturo,CANASTA_EVIDENCIA
2025-10-01,2025-09-26,58.0712219,58.8807922,58.57216212218397,0.013940989590232933,0.008626307589094662,-0.005241608787594276,0.005241608787594276,Profuturo,CANASTA_EVIDENCIA
2025-10-02,2025-09-26,58.0712219,58.9470593,58.63364783645453,0.015082124524746776,0.009685105944955641,-0.005316829495266573,0.005316829495266573,Profuturo,CANASTA_EVIDENCIA
2025-10-03,2025-09-26,58.0712219,59.0512404,58.78763164041614,0.016876147391691187,0.012336743002408612,-0.004464068117760678,0.004464068117760678,Profuturo,CANASTA_EVIDENCIA
2025-10-06,2025-10-01,58.8807922,59.3145425,59.16306211780128,0.0073665839706551495,0.0047939218759573965,-0.0025538489519449925,0.0025538489519449925,Profuturo,CANASTA_EVIDENCIA
2025-10-07,2025-10-02,58.9470593,59.1251882,59.069783854450606,0.0030218454001826878,0.0020819453236169405,-0.0009370684007292684,0.0009370684007292684,Profuturo,CANASTA_EVIDENCIA
2025-10-08,2025-10-03,59.0512404,59.9689083,59.31351305400632,0.015540196849108012,0.004441441910953081,-0.010928917410252037,0.010928917410252037,Profuturo,CANASTA_EVIDENCIA
2025-10-09,2025-10-03,59.0512404,59.3653493,59.264943073064074,0.005319259982894398,0.003618936225835423,-0.0016913271482413839,0.0016913271482413839,Profuturo,CANASTA_EVIDENCIA
2025-10-10,2025-10-03,59.0512404,58.3257045,58.766370040984306,-0.012286548006195552,-0.004824121510167201,0.007555254493056385,0.007555254493056385,Profuturo,CANASTA_EVIDENCIA
2025-10-13,2025-10-08,59.9689083,59.37405149999999,59.84239399545774,-0.009919420193947537,-0.0021096649602050377,0.00788799961642761,0.00788799961642761,Profuturo,CANASTA_EVIDENCIA
2025-10-14,2025-10-09,59.3653493,59.268596900000006,59.27813001540347,-0.001629779006454779,-0.0014691951723516672,0.0001608459775004345,0.0001608459775004345,Profuturo,CANASTA_EVIDENCIA
2025-10-15,2025-10-10,58.3257045,59.6684515,58.86799479466815,0.023021530755792385,0.009297620994327627,-0.013415074217769107,0.013415074217769107,Profuturo,CANASTA_EVIDENCIA
2025-10-16,2025-10-10,58.3257045,59.6306428,58.831925233751754,0.022373296836903034,0.008679204787860773,-0.013394414830092072,0.013394414830092072,Profuturo,CANASTA_EVIDENCIA
2025-10-17,2025-10-10,58.3257045,58.8427276,58.71065697320762,0.008864412430714896,0.006600048409318715,-0.002244468130202404,0.002244468130202404,Profuturo,CANASTA_EVIDENCIA
2025-10-20,2025-10-15,59.6684515,59.348136100000005,59.6751568071099,-0.005368253942370171,0.0001123760872174806,0.005510210237418045,0.005510210237418045,Profuturo,CANASTA_EVIDENCIA
2025-10-21,2025-10-16,59.6306428,58.14982800000001,59.39250621922055,-0.024833118183324232,-0.00399352697870714,0.021370281941685887,0.021370281941685887,Profuturo,CANASTA_EVIDENCIA
2025-10-22,2025-10-17,58.8427276,57.8492938,58.5794920095599,-0.016882864553002253,-0.004473545010175606,0.012622422186939541,0.012622422186939541,Profuturo,CANASTA_EVIDENCIA
2025-10-23,2025-10-17,58.8427276,58.1788728,58.75469460608858,-0.011281849551787348,-0.001496072624468714,0.00989743833759138,0.00989743833759138,Profuturo,CANASTA_EVIDENCIA
2025-10-24,2025-10-17,58.8427276,58.38228300000001,58.90200466041563,-0.007825004359587107,0.0010073812488533562,0.008902044142665932,0.008902044142665932,Profuturo,CANASTA_EVIDENCIA
2025-10-27,2025-10-22,57.8492938,58.506013,58.29698161583353,0.011352242298245718,0.007738863976132659,-0.0035728188172123865,0.0035728188172123865,Profuturo,CANASTA_EVIDENCIA
2025-10-28,2025-10-23,58.1788728,58.8371255,58.62796038901296,0.011314291053091674,0.007719083705123975,-0.003554985210605488,0.003554985210605488,Profuturo,CANASTA_EVIDENCIA
2025-10-29,2025-10-24,58.38228300000001,59.12507539999999,58.79899006146405,0.012722907735553735,0.0071375602331968935,-0.005515178396473419,0.005515178396473419,Profuturo,CANASTA_EVIDENCIA
2025-10-30,2025-10-24,58.38228300000001,58.7089664,58.70499196190669,0.005595591388572352,0.0055275152892990675,-6.769729288413906e-05,6.769729288413906e-05,Profuturo,CANASTA_EVIDENCIA
2025-10-31,2025-10-24,58.38228300000001,58.5799875,58.67423921908709,0.003386378364134801,0.00500076742608857,0.001608940580383189,0.001608940580383189,Profuturo,CANASTA_EVIDENCIA
2025-11-03,2025-10-29,59.12507539999999,58.4907244,58.878977413864206,-0.010728967290247082,-0.004162328495496248,0.006637856136112452,0.006637856136112452,Profuturo,CANASTA_EVIDENCIA
2025-11-04,2025-10-30,58.7089664,57.5275104,58.23477185114598,-0.020123944815352846,-0.008077037936985776,0.01229431703594086,0.01229431703594086,Profuturo,CANASTA_EVIDENCIA
2025-11-05,2025-10-31,58.5799875,57.9572586,58.27509860137322,-0.010630403429157442,-0.005204659673694545,0.0054840413271930455,0.0054840413271930455,Profuturo,CANASTA_EVIDENCIA
2025-11-06,2025-10-31,58.5799875,57.7403067,58.28340887642735,-0.014333919070911416,-0.005062797658887286,0.00940594547322271,0.00940594547322271,Profuturo,CANASTA_EVIDENCIA
2025-11-07,2025-10-31,58.5799875,57.7805929,58.25363675559981,-0.01364620639429126,-0.005571027894128444,0.008186898608300686,0.008186898608300686,Profuturo,CANASTA_EVIDENCIA
2025-11-10,2025-11-05,57.9572586,58.7279644,58.22738670953132,0.013297830480891504,0.004660815850446642,-0.008523668333865864,0.008523668333865864,Profuturo,CANASTA_EVIDENCIA
2025-11-11,2025-11-06,57.7403067,58.580538,58.00891710092959,0.014551902267606165,0.0046520431961887265,-0.009757863594055949,0.009757863594055949,Profuturo,CANASTA_EVIDENCIA
2025-11-12,2025-11-07,57.7805929,58.9683654,58.260380698584605,0.020556599376812645,0.008303615011617582,-0.012006178170497428,0.012006178170497428,Profuturo,CANASTA_EVIDENCIA
2025-11-13,2025-11-07,57.7805929,58.2175818,57.97289532250299,0.007562900933818506,0.003328149000405789,-0.004202965323046204,0.004202965323046204,Profuturo,CANASTA_EVIDENCIA
2025-11-14,2025-11-07,57.7805929,58.014718300000006,57.92762784621392,0.004051972959246086,0.002544711620879214,-0.0015011786032593788,0.0015011786032593788,Profuturo,CANASTA_EVIDENCIA
2025-11-17,2025-11-12,58.9683654,57.4037407,58.37078227700395,-0.02653328932193877,-0.0101339611322524,0.016846316376102344,0.016846316376102344,Profuturo,CANASTA_EVIDENCIA
2025-11-18,2025-11-13,58.2175818,56.9884,57.72708032548885,-0.021113583937971137,-0.008425315159880986,0.012961941824807255,0.012961941824807255,Profuturo,CANASTA_EVIDENCIA
2025-11-19,2025-11-14,58.014718300000006,57.4324455,57.759286793632164,-0.010036639271245207,-0.004402874199043394,0.005690882406046205,0.005690882406046205,Profuturo,CANASTA_EVIDENCIA
2025-11-20,2025-11-14,58.014718300000006,56.5112197,57.4841756863637,-0.025915813160123702,-0.009144965780800929,0.0172170409969703,0.0172170409969703,Profuturo,CANASTA_EVIDENCIA
2025-11-21,2025-11-14,58.014718300000006,56.42156850000001,57.50472094206016,-0.02746113135914341,-0.008790827101884724,0.019197489025143843,0.019197489025143843,Profuturo,CANASTA_EVIDENCIA
2025-11-24,2025-11-19,57.4324455,57.4079629,57.475649358399224,-0.0004262851735957751,0.00075225524567335,0.001179043027830895,0.001179043027830895,Profuturo,CANASTA_EVIDENCIA
2025-11-25,2025-11-20,56.5112197,57.500415,57.018342343547104,0.01750440541278908,0.00897383999565493,-0.008383811776887073,0.008383811776887073,Profuturo,CANASTA_EVIDENCIA
2025-11-26,2025-11-21,56.42156850000001,58.4856981,57.137427677517096,0.036584052072214046,0.012687686580657331,-0.023052993574217195,0.023052993574217195,Profuturo,CANASTA_EVIDENCIA
2025-11-27,2025-11-21,56.42156850000001,58.5316483,57.16848719128549,0.03739846048413198,0.01323817666085425,-0.023289299862660928,0.023289299862660928,Profuturo,CANASTA_EVIDENCIA
2025-11-28,2025-11-21,56.42156850000001,59.0869103,57.40625371575484,0.04723976789124529,0.01745228362013429,-0.028443805501286445,0.028443805501286445,Profuturo,CANASTA_EVIDENCIA
2025-12-01,2025-11-26,58.4856981,59.2000335,58.77216421776542,0.012213847542327683,0.004898054175152655,-0.007227517569472042,0.007227517569472042,Profuturo,CANASTA_EVIDENCIA
2025-12-02,2025-11-27,58.5316483,59.3924849,58.85462644718095,0.014707199011171568,0.005518008745039049,-0.00905600184475619,0.00905600184475619,Profuturo,CANASTA_EVIDENCIA
2025-12-03,2025-11-28,59.0869103,59.8790644,59.421038657660425,0.013406592018063268,0.005654862573858832,-0.007649180008556966,0.007649180008556966,Profuturo,CANASTA_EVIDENCIA
2025-12-04,2025-11-28,59.0869103,60.1807608,59.58978354726454,0.01851256893356301,0.00851073858340734,-0.009820036252108366,0.009820036252108366,Profuturo,CANASTA_EVIDENCIA
2025-12-05,2025-11-28,59.0869103,60.1649474,59.646371459584884,0.01824493943796557,0.009468444986281188,-0.00861923699471423,0.00861923699471423,Profuturo,CANASTA_EVIDENCIA
2025-12-08,2025-12-03,59.8790644,60.0360654,60.01738572585232,0.002621968154866483,0.002310011474600193,-0.00031114087879047236,0.00031114087879047236,Profuturo,CANASTA_EVIDENCIA
2025-12-09,2025-12-04,60.1807608,60.4283108,60.19905794243234,0.004113440852346217,0.0003040364094621939,-0.0037937988756034935,0.0037937988756034935,Profuturo,CANASTA_EVIDENCIA
2025-12-10,2025-12-05,60.1649474,60.754319,60.322174369700704,0.00979592978086763,0.002613265306381729,-0.0071129861615154555,0.0071129861615154555,Profuturo,CANASTA_EVIDENCIA
2025-12-11,2025-12-05,60.1649474,61.17211280000001,60.491417656133656,0.016740069484378894,0.005426253495463884,-0.011127540192895746,0.011127540192895746,Profuturo,CANASTA_EVIDENCIA
2025-12-12,2025-12-05,60.1649474,60.8453542,60.45078430488899,0.011309023433136112,0.004750887638754753,-0.006484799049966128,0.006484799049966128,Profuturo,CANASTA_EVIDENCIA
2025-12-15,2025-12-10,60.754319,60.8267696,60.81718673858998,0.0011925176875078325,0.0010347863267132773,-0.00015754348739926982,0.00015754348739926982,Profuturo,CANASTA_EVIDENCIA
2025-12-16,2025-12-11,61.17211280000001,60.7885564,61.137125778377246,-0.006270118562915039,-0.000571943979393863,0.0057341282474878685,0.0057341282474878685,Profuturo,CANASTA_EVIDENCIA
2025-12-17,2025-12-12,60.8453542,60.4276991,60.76298563036049,-0.006864206897821079,-0.0013537363817254233,0.005548556959046769,0.005548556959046769,Profuturo,CANASTA_EVIDENCIA
2025-12-18,2025-12-12,60.8453542,60.9398429,60.945178924130815,0.001552932039633026,0.001640630175357094,8.756215764393893e-05,8.756215764393893e-05,Profuturo,CANASTA_EVIDENCIA
2025-12-19,2025-12-12,60.8453542,61.565853800000006,61.17582890397945,0.01184148912391425,0.00543138762728157,-0.0063350846605257916,0.0063350846605257916,Profuturo,CANASTA_EVIDENCIA
2025-12-22,2025-12-17,60.4276991,62.098931,60.9924892957436,0.027656719102184146,0.009346544782533384,-0.017817403398721954,0.017817403398721954,Profuturo,CANASTA_EVIDENCIA
2025-12-23,2025-12-18,60.9398429,62.446431700000005,61.51087114294806,0.02472255799005363,0.009370359616533541,-0.014981809714067928,0.014981809714067928,Profuturo,CANASTA_EVIDENCIA
2025-12-24,2025-12-19,61.565853800000006,62.563664,61.960431670802464,0.016207201531573512,0.0064090375824927825,-0.009641895800692524,0.009641895800692524,Profuturo,CANASTA_EVIDENCIA
2025-12-26,2025-12-19,61.565853800000006,62.9144279,62.12479842975299,0.021904578865760804,0.009078809035423241,-0.012550848773545065,0.012550848773545065,Profuturo,CANASTA_EVIDENCIA
2025-12-29,2025-12-24,62.563664,62.5798657,62.5040943922123,0.0002589634136516139,-0.0009521438480281086,-0.0012107937104073319,0.0012107937104073319,Profuturo,CANASTA_EVIDENCIA
2025-12-30,2025-12-24,62.563664,62.9312751,62.619014966211175,0.005875792376865974,0.0008847142681920328,-0.0049619228800407145,0.0049619228800407145,Profuturo,CANASTA_EVIDENCIA
2025-12-31,2025-12-26,62.9144279,62.581457,62.69810213384104,-0.00529244103640647,-0.0034384126722538655,0.0018638929074636934,0.0018638929074636934,Profuturo,CANASTA_EVIDENCIA
2026-01-02,2025-12-26,62.9144279,63.0624452,62.7679264905152,0.0023526765630812463,-0.0023285820816436598,-0.004670271007582105,0.004670271007582105,Profuturo,CANASTA_EVIDENCIA
2026-01-05,2025-12-31,62.581457,64.0968477,63.02909781092447,0.02421469190146852,0.007152930474668695,-0.016658383795612575,0.016658383795612575,Profuturo,CANASTA_EVIDENCIA
2026-01-06,2025-12-31,62.581457,65.0222596,63.334921957144594,0.03900200981258717,0.01203974776657235,-0.025950153889382932,0.025950153889382932,Profuturo,CANASTA_EVIDENCIA
2026-01-07,2026-01-02,63.0624452,64.7466603,63.58444006979891,0.02670710110682495,0.00827742831955569,-0.017950273030547192,0.017950273030547192,Profuturo,CANASTA_EVIDENCIA
2026-01-08,2026-01-02,63.0624452,64.81597359999999,63.74827132493038,0.027806222775516476,0.010875349389883437,-0.016472826307581956,0.016472826307581956,Profuturo,CANASTA_EVIDENCIA
2026-01-09,2026-01-02,63.0624452,65.4085085,63.982406678862375,0.037202225390397636,0.014588103520958517,-0.02180300168651028,0.02180300168651028,Profuturo,CANASTA_EVIDENCIA
2026-01-12,2026-01-07,64.7466603,66.2644858,65.51721163883697,0.02344252959098192,0.011901020612749225,-0.011277144191814359,0.011277144191814359,Profuturo,CANASTA_EVIDENCIA
2026-01-13,2026-01-08,64.81597359999999,66.4142661,65.49992152369832,0.024658929137801433,0.010552150738631028,-0.013767291728029596,0.013767291728029596,Profuturo,CANASTA_EVIDENCIA
2026-01-14,2026-01-09,65.4085085,66.6723727,66.03804615178022,0.01932262681085284,0.009624705809951672,-0.009514083908097937,0.009514083908097937,Profuturo,CANASTA_EVIDENCIA
2026-01-15,2026-01-09,65.4085085,66.9858961,66.17474312496078,0.02411593898368758,0.011714601701410032,-0.012109309903510002,0.012109309903510002,Profuturo,CANASTA_EVIDENCIA
2026-01-16,2026-01-09,65.4085085,67.01718149999999,66.09866481514386,0.024594246786715734,0.010551476114821767,-0.01370568956046192,0.01370568956046192,Profuturo,CANASTA_EVIDENCIA
2026-01-19,2026-01-14,66.6723727,66.883625,66.70059694757622,0.003168513305361831,0.0004233274808325138,-0.0027365151398982546,0.0027365151398982546,Profuturo,CANASTA_EVIDENCIA
2026-01-20,2026-01-15,66.9858961,67.20638579999999,66.9696497044913,0.0032915839428471205,-0.0002425345700303172,-0.0035225238300002903,0.0035225238300002903,Profuturo,CANASTA_EVIDENCIA
2026-01-21,2026-01-16,67.01718149999999,67.5490132,67.2738939163188,0.007935751520675494,0.0038305462953378555,-0.004072883831280127,0.004072883831280127,Profuturo,CANASTA_EVIDENCIA
2026-01-22,2026-01-16,67.01718149999999,68.3665282,67.4308588777497,0.020134339728984374,0.006172706289501395,-0.013686073388326725,0.013686073388326725,Profuturo,CANASTA_EVIDENCIA
2026-01-23,2026-01-16,67.01718149999999,69.1839112,67.68542076747734,0.0323309582931357,0.009971163401990335,-0.02165952179533115,0.02165952179533115,Profuturo,CANASTA_EVIDENCIA
2026-01-26,2026-01-21,67.5490132,69.7924912,68.25168029643069,0.03321259473262006,0.010402329555136758,-0.022077029735962594,0.022077029735962594,Profuturo,CANASTA_EVIDENCIA
2026-01-27,2026-01-22,68.3665282,70.4966383,69.13624593411936,0.031157207424202582,0.01125869273144331,-0.019297265780127915,0.019297265780127915,Profuturo,CANASTA_EVIDENCIA
2026-01-28,2026-01-23,69.1839112,70.9825421,69.79035736877657,0.02599782042967247,0.008765710961663231,-0.016795464010627925,0.016795464010627925,Profuturo,CANASTA_EVIDENCIA
2026-01-29,2026-01-23,69.1839112,70.4476009,69.9132653056039,0.018265658562535814,0.010542250256645014,-0.007584865738076485,0.007584865738076485,Profuturo,CANASTA_EVIDENCIA
2026-01-30,2026-01-23,69.1839112,67.2804365,69.26538084851056,-0.02751325657922621,0.0011775808435439128,0.02950254861248669,0.02950254861248669,Profuturo,CANASTA_EVIDENCIA
2026-02-02,2026-01-28,70.9825421,67.3680682,70.50171473268942,-0.050920603757864114,-0.006773882043181745,0.0465153093508095,0.0465153093508095,Profuturo,CANASTA_EVIDENCIA
2026-02-03,2026-01-29,70.4476009,69.0049085,70.31546368591309,-0.020478942952903312,-0.0018756808237442302,0.01899220235779442,0.01899220235779442,Profuturo,CANASTA_EVIDENCIA
2026-02-04,2026-01-30,67.2804365,67.75380750000001,67.4193785277302,0.007035789668219827,0.002065117810735595,-0.004935943596524939,0.004935943596524939,Profuturo,CANASTA_EVIDENCIA
2026-02-05,2026-01-30,67.2804365,66.4806454,66.95704736243997,-0.011887424362949761,-0.004806585010191378,0.00716602493212215,0.00716602493212215,Profuturo,CANASTA_EVIDENCIA
2026-02-06,2026-01-30,67.2804365,68.1494962,67.41723035632361,0.012916974758331312,0.00203318919198181,-0.010744992766012373,0.010744992766012373,Profuturo,CANASTA_EVIDENCIA
2026-02-09,2026-02-04,67.75380750000001,69.5301336,68.1310912083415,0.02621736202795666,0.0055684502799564495,-0.020121382186708447,0.020121382186708447,Profuturo,CANASTA_EVIDENCIA
2026-02-10,2026-02-05,66.4806454,68.9387323,67.1745072260998,0.036974474077533515,0.010437050090668976,-0.025591202725092632,0.025591202725092632,Profuturo,CANASTA_EVIDENCIA
2026-02-11,2026-02-06,68.1494962,69.7711417,68.4493029670872,0.023795414352600908,0.0043992514076311995,-0.018945350480237266,0.018945350480237266,Profuturo,CANASTA_EVIDENCIA
2026-02-12,2026-02-06,68.1494962,68.28001669999999,68.05304383094055,0.0019152085822755627,-0.0014153056799772745,-0.0033241478258080326,0.0033241478258080326,Profuturo,CANASTA_EVIDENCIA
2026-02-13,2026-02-06,68.1494962,68.8662011,67.88282712809333,0.010516657348378144,-0.003913001368697988,-0.014279486253041984,0.014279486253041984,Profuturo,CANASTA_EVIDENCIA
2026-02-16,2026-02-11,69.7711417,68.86618440000001,69.19504689055674,-0.012970366801379085,-0.008256921062297362,0.004775384224085633,0.004775384224085633,Profuturo,CANASTA_EVIDENCIA
2026-02-17,2026-02-12,68.28001669999999,67.9997361,67.9289361589759,-0.004104870114948089,-0.005141775851734587,-0.001041179643991419,0.001041179643991419,Profuturo,CANASTA_EVIDENCIA
2026-02-18,2026-02-13,68.8662011,68.88723490000001,68.90099985734639,0.0003054299447919906,0.0005053096699185744,0.00019981869451379808,0.00019981869451379808,Profuturo,CANASTA_EVIDENCIA
2026-02-19,2026-02-13,68.8662011,69.1669852,69.12577629177956,0.0043676592464165775,0.003769268344026022,-0.0005957887003644746,0.0005957887003644746,Profuturo,CANASTA_EVIDENCIA
2026-02-20,2026-02-13,68.8662011,69.9947923,69.44361757356494,0.01638817274618054,0.00838461341473562,-0.007874510493190878,0.007874510493190878,Profuturo,CANASTA_EVIDENCIA
2026-02-23,2026-02-18,68.88723490000001,70.5307253,69.48585360275119,0.02385769152130668,0.008689834968991894,-0.014814418720415556,0.014814418720415556,Profuturo,CANASTA_EVIDENCIA
2026-02-24,2026-02-19,69.1669852,71.4637068,69.82146804785373,0.03320546057282825,0.009462359042558433,-0.022980038759286225,0.022980038759286225,Profuturo,CANASTA_EVIDENCIA
2026-02-25,2026-02-20,69.9947923,72.0136832,70.62169200258177,0.028843444400077134,0.008956376352898587,-0.0193295376040179,0.0193295376040179,Profuturo,CANASTA_EVIDENCIA
2026-02-26,2026-02-20,69.9947923,71.9823344,70.53344041444333,0.028395571080221726,0.00769554557908636,-0.02012846620818487,0.02012846620818487,Profuturo,CANASTA_EVIDENCIA
2026-02-27,2026-02-20,69.9947923,72.1394286,70.55468040662606,0.03063994090886113,0.00799899661429615,-0.021967850648791254,0.021967850648791254,Profuturo,CANASTA_EVIDENCIA
2026-03-02,2026-02-25,72.0136832,72.0701188,71.85954697568062,0.0007836788439672393,-0.0021403741271128762,-0.002921763247036413,0.002921763247036413,Profuturo,CANASTA_EVIDENCIA
2026-03-03,2026-02-26,71.9823344,69.2514343,71.21165651270309,-0.03793847647152715,-0.010706486441719343,0.0283058716764093,0.0283058716764093,Profuturo,CANASTA_EVIDENCIA
2026-03-04,2026-02-27,72.1394286,69.74213900000001,71.52709617801887,-0.033231336129546096,-0.00848817954154324,0.025593668384889412,0.025593668384889412,Profuturo,CANASTA_EVIDENCIA
2026-03-05,2026-02-27,72.1394286,67.8341914,70.96443220511173,-0.05967939147219703,-0.01628785281074796,0.04614547237179489,0.04614547237179489,Profuturo,CANASTA_EVIDENCIA
2026-03-06,2026-02-27,72.1394286,67.3626335,70.59278700222667,-0.06621614826597066,-0.021439615308698645,0.04795171053142799,0.04795171053142799,Profuturo,CANASTA_EVIDENCIA
2026-03-09,2026-03-04,69.74213900000001,67.96706710000001,68.98094494505226,-0.025451927994350698,-0.010914406496017381,0.014917192815757874,0.014917192815757874,Profuturo,CANASTA_EVIDENCIA
2026-03-10,2026-03-05,67.8341914,68.4964052,68.06311781398433,0.00976224211320087,0.0033747938798949217,-0.006325695264598585,0.006325695264598585,Profuturo,CANASTA_EVIDENCIA
2026-03-11,2026-03-06,67.3626335,67.9244297,67.70922674610443,0.008339878814268786,0.005145185514524586,-0.003168270309313659,0.003168270309313659,Profuturo,CANASTA_EVIDENCIA
2026-03-12,2026-03-06,67.3626335,66.5923372,67.24195825698855,-0.01143506807820982,-0.0017914270381286235,0.009755192328473328,0.009755192328473328,Profuturo,CANASTA_EVIDENCIA
2026-03-13,2026-03-06,67.3626335,65.5049918,66.94064353678746,-0.027576738073935347,-0.006264451689118378,0.021916676841526872,0.021916676841526872,Profuturo,CANASTA_EVIDENCIA
2026-03-16,2026-03-11,67.9244297,66.1903339,67.39818279035374,-0.025529780782244882,-0.007747535194193356,0.018248115988938052,0.018248115988938052,Profuturo,CANASTA_EVIDENCIA
2026-03-17,2026-03-12,66.5923372,66.2901412,66.63074937071896,-0.004537999606357257,0.0005768256879705724,0.005138142181524863,0.005138142181524863,Profuturo,CANASTA_EVIDENCIA
2026-03-18,2026-03-13,65.5049918,64.8530784,65.30870398498162,-0.00995211787813699,-0.0029965321668565803,0.007025504358812551,0.007025504358812551,Profuturo,CANASTA_EVIDENCIA
2026-03-19,2026-03-13,65.5049918,63.7072561,65.09980006511765,-0.027444255019355546,-0.0061856619434360605,0.021858482853692518,0.021858482853692518,Profuturo,CANASTA_EVIDENCIA
2026-03-20,2026-03-13,65.5049918,62.2845025,64.6574373141881,-0.04916402874811132,-0.012938777069076646,0.038098318505283,0.038098318505283,Profuturo,CANASTA_EVIDENCIA
2026-03-23,2026-03-18,64.8530784,63.7514175,64.61728303291534,-0.016987025553439228,-0.003635839236964533,0.013581902440292115,0.013581902440292115,Profuturo,CANASTA_EVIDENCIA
2026-03-24,2026-03-19,63.7072561,63.8695262,63.74816462752331,0.0025471211590919474,0.0006421329378727414,-0.0019001483132451424,0.0019001483132451424,Profuturo,CANASTA_EVIDENCIA
2026-03-25,2026-03-20,62.2845025,64.86870640000001,63.056517961411714,0.0414903193615459,0.012394984794358965,-0.02793625060770899,0.02793625060770899,Profuturo,CANASTA_EVIDENCIA
2026-03-26,2026-03-20,62.2845025,63.382884700000005,62.6595327668539,0.01763491969772102,0.006021245282546772,-0.011412417351621462,0.011412417351621462,Profuturo,CANASTA_EVIDENCIA
2026-03-27,2026-03-20,62.2845025,63.6131059,62.48749890064899,0.02133120353654583,0.003259179932423528,-0.017694576981046484,0.017694576981046484,Profuturo,CANASTA_EVIDENCIA
2026-03-30,2026-03-25,64.86870640000001,63.1341003,64.19609279146258,-0.026740260385399117,-0.010368845717222852,0.016821218428966445,0.016821218428966445,Profuturo,CANASTA_EVIDENCIA
2026-03-31,2026-03-26,63.382884700000005,65.1797399,63.90100201987761,0.028349217750261113,0.008174404215427034,-0.01961864042544903,0.01961864042544903,Profuturo,CANASTA_EVIDENCIA
2026-04-01,2026-03-27,63.6131059,66.4258527,64.65993345759598,0.04421646703466475,0.01645616171047526,-0.02658481857025541,0.02658481857025541,Profuturo,CANASTA_EVIDENCIA
2026-04-02,2026-03-27,63.6131059,65.9194978,64.55406469331213,0.036256552283827403,0.014791901448599543,-0.020713645465422093,0.020713645465422093,Profuturo,CANASTA_EVIDENCIA
2026-04-03,2026-03-27,63.6131059,65.9178842,64.56426634459187,0.03623118644172352,0.014952271723488897,-0.020534910545689677,0.020534910545689677,Profuturo,CANASTA_EVIDENCIA
2026-04-06,2026-04-01,66.4258527,65.90005049999999,66.4120640990522,-0.007915625899071133,-0.00020757883244748587,0.007769547901214535,0.007769547901214535,Profuturo,CANASTA_EVIDENCIA
2026-04-07,2026-04-02,65.9194978,65.8954016,65.97718633132705,-0.0003655397993642673,0.0008751360864742708,0.0012411295680918588,0.0012411295680918588,Profuturo,CANASTA_EVIDENCIA
2026-04-08,2026-04-03,65.9178842,68.1833191,66.66645136569068,0.03436753056464159,0.011356055716525537,-0.02224690370506366,0.02224690370506366,Profuturo,CANASTA_EVIDENCIA
2026-04-09,2026-04-03,65.9178842,68.1696927,66.80495088019063,0.03416081276467908,0.013457147342581521,-0.020019773681763553,0.020019773681763553,Profuturo,CANASTA_EVIDENCIA
2026-04-10,2026-04-03,65.9178842,68.6648503,66.7971458320854,0.041672546583344294,0.013338741720193115,-0.02720029913055233,0.02720029913055233,Profuturo,CANASTA_EVIDENCIA
2026-04-13,2026-04-08,68.1833191,69.1042024,68.69039222727245,0.013505991086315339,0.007436908821184751,-0.005988205613491782,0.005988205613491782,Profuturo,CANASTA_EVIDENCIA
2026-04-14,2026-04-09,68.1696927,69.83278390000001,68.58753155684091,0.024396342922050618,0.006129393287420681,-0.017831916094628086,0.017831916094628086,Profuturo,CANASTA_EVIDENCIA
2026-04-15,2026-04-10,68.6648503,68.8050343,68.70639184916763,0.0020415685665595706,0.0006049900201652303,-0.0014336516482540418,0.0014336516482540418,Profuturo,CANASTA_EVIDENCIA
2026-04-16,2026-04-10,68.6648503,69.4941034,69.00185720667642,0.012076820911673947,0.004907997399018926,-0.007083280008524873,0.007083280008524873,Profuturo,CANASTA_EVIDENCIA
2026-04-17,2026-04-10,68.6648503,70.09192780000001,69.114346953696,0.020783231795671986,0.006546240933055669,-0.013947124540409694,0.013947124540409694,Profuturo,CANASTA_EVIDENCIA
2026-04-20,2026-04-15,68.8050343,69.7637761,69.21309081886017,0.01393418097605692,0.0059306200921429575,-0.007893570444789,0.007893570444789,Profuturo,CANASTA_EVIDENCIA
2026-04-21,2026-04-16,69.4941034,68.2148193,69.22768856762306,-0.018408527305354028,-0.003833632198166348,0.01484822913872419,0.01484822913872419,Profuturo,CANASTA_EVIDENCIA
2026-04-22,2026-04-17,70.09192780000001,69.3758296,69.93234083870155,-0.010216557347991873,-0.0022768236843738743,0.008021687695991764,0.008021687695991764,Profuturo,CANASTA_EVIDENCIA
2026-04-23,2026-04-17,70.09192780000001,68.5443047,69.67185236659596,-0.022079904898835045,-0.005993207015259849,0.016449910339464857,0.016449910339464857,Profuturo,CANASTA_EVIDENCIA
2026-04-24,2026-04-17,70.09192780000001,69.29837309999999,69.50393795906392,-0.011321627538399825,-0.008388838192806669,0.002966373521746224,0.002966373521746224,Profuturo,CANASTA_EVIDENCIA
2026-04-27,2026-04-22,69.3758296,68.8970772,68.85431488398059,-0.006900852973728,-0.007517239347281324,-0.0006206695226746994,0.0006206695226746994,Profuturo,CANASTA_EVIDENCIA
2026-04-28,2026-04-23,68.5443047,67.7320239,68.05355806725233,-0.011850449188377188,-0.0071595537352890926,0.004747151328698518,0.004747151328698518,Profuturo,CANASTA_EVIDENCIA
2026-04-29,2026-04-24,69.29837309999999,67.05704010000001,68.81829652027912,-0.03234322682822088,-0.0069276746082928,0.026265048645937927,0.026265048645937927,Profuturo,CANASTA_EVIDENCIA
2026-04-30,2026-04-24,69.29837309999999,68.2211164,69.11579022732028,-0.015545194667780593,-0.0026347353409905683,0.013114324047037718,0.013114324047037718,Profuturo,CANASTA_EVIDENCIA
2026-05-01,2026-04-24,69.29837309999999,68.0293085,69.09163989154659,-0.018313050411280063,-0.0029832332160969477,0.015615789943632885,0.015615789943632885,Profuturo,CANASTA_EVIDENCIA
2026-05-04,2026-04-29,67.05704010000001,67.6056176,67.14602198339432,0.008180759233958446,0.001326958112997767,-0.006798186791591165,0.006798186791591165,Profuturo,CANASTA_EVIDENCIA
2026-05-05,2026-04-30,68.2211164,67.9996896,68.16220280756195,-0.003245722317144706,-0.0008635682842336179,0.002389911020446167,0.002389911020446167,Profuturo,CANASTA_EVIDENCIA
2026-05-06,2026-05-01,68.0293085,69.8290569,68.58618460539468,0.026455485726420314,0.008185826339755842,-0.0177987839129089,0.0177987839129089,Profuturo,CANASTA_EVIDENCIA
2026-05-07,2026-05-01,68.0293085,69.5037787,68.63182814228146,0.02167404362194869,0.00885676564361182,-0.012545369101184312,0.012545369101184312,Profuturo,CANASTA_EVIDENCIA
2026-05-08,2026-05-01,68.0293085,70.3897559,68.88208313624516,0.034697506884109997,0.012535400624352322,-0.021418923030458226,0.021418923030458226,Profuturo,CANASTA_EVIDENCIA
2026-05-11,2026-05-06,69.8290569,71.3705229,70.18320593802575,0.022074850619957287,0.005071657183239875,-0.016635957167328574,0.016635957167328574,Profuturo,CANASTA_EVIDENCIA
2026-05-12,2026-05-07,69.5037787,70.812851,69.96012765975384,0.01883454863152645,0.006565815100839201,-0.012041929229006154,0.012041929229006154,Profuturo,CANASTA_EVIDENCIA
2026-05-13,2026-05-08,70.3897559,71.0845734,70.7418958019807,0.009871003118509192,0.005002715203061392,-0.004820702743631999,0.004820702743631999,Profuturo,CANASTA_EVIDENCIA
2026-05-14,2026-05-08,70.3897559,70.8470989,70.74013445392444,0.006497294871284032,0.004977692413399071,-0.001509792888295225,0.001509792888295225,Profuturo,CANASTA_EVIDENCIA
2026-05-15,2026-05-08,70.3897559,68.478899,70.13497052076808,-0.027146803900196526,-0.003619637203940318,0.024183676211968264,0.024183676211968264,Profuturo,CANASTA_EVIDENCIA
2026-05-18,2026-05-13,71.0845734,67.9831173,70.41039049943255,-0.043630508725821415,-0.009484236428820458,0.03570405853443481,0.03570405853443481,Profuturo,CANASTA_EVIDENCIA
2026-05-19,2026-05-14,70.8470989,67.128032,70.03060188654692,-0.05249427228134529,-0.0115247769651875,0.043239311507700995,0.043239311507700995,Profuturo,CANASTA_EVIDENCIA
2026-05-20,2026-05-15,68.478899,68.4622573,68.6649838749293,-0.00024301938616144714,0.002717404596842332,0.0029611435983034617,0.0029611435983034617,Profuturo,CANASTA_EVIDENCIA
2026-05-21,2026-05-15,68.478899,68.9077609,68.92507122602959,0.006262686846060461,0.00651547020388854,0.0002512101075915485,0.0002512101075915485,Profuturo,CANASTA_EVIDENCIA
2026-05-22,2026-05-15,68.478899,68.6568631,68.87158571090191,0.0025988166077259844,0.005734419166142146,0.0031274748249008333,0.0031274748249008333,Profuturo,CANASTA_EVIDENCIA
2026-05-25,2026-05-20,68.4622573,68.6882542,68.64640341682313,0.0033010436540192867,0.0026897464980770724,-0.0006092858766655329,0.0006092858766655329,Profuturo,CANASTA_EVIDENCIA
2026-05-26,2026-05-21,68.9077609,70.8321633,69.33736193803541,0.027927222926205975,0.0062344361857709085,-0.02110342664014886,0.02110342664014886,Profuturo,CANASTA_EVIDENCIA
2026-05-27,2026-05-22,68.6568631,70.1458301,69.06861023426468,0.021687081709971245,0.0059971737081108145,-0.01535686247065049,0.01535686247065049,Profuturo,CANASTA_EVIDENCIA
2026-05-28,2026-05-22,68.6568631,70.6707533,69.13240255916071,0.029332685897209387,0.006926320803035901,-0.021767855428241112,0.021767855428241112,Profuturo,CANASTA_EVIDENCIA
2026-05-29,2026-05-22,68.6568631,71.15447420000001,69.28982576333951,0.036378170910054575,0.009219219095658149,-0.02620563861408598,0.02620563861408598,Profuturo,CANASTA_EVIDENCIA
2026-06-22,2026-05-29,71.15447420000001,72.766161,71.49820115134817,0.022650533478328905,0.004830714515323686,-0.01742513046210903,0.01742513046210903,Profuturo,CANASTA_EVIDENCIA
2026-06-23,2026-05-29,71.15447420000001,70.9600594,71.05729555769719,-0.002732291991274449,-0.0013657418369740215,0.0013702941981639238,0.0013702941981639238,Profuturo,CANASTA_EVIDENCIA
2026-06-24,2026-05-29,71.15447420000001,70.7652183,70.78176189182881,-0.005470575172910386,-0.005238072691305273,0.0002337814003297023,0.0002337814003297023,Profuturo,CANASTA_EVIDENCIA
2026-06-25,2026-05-29,71.15447420000001,71.4791849,70.74906981390639,0.004563461449905493,-0.005697524866168147,-0.010214373416751465,0.010214373416751465,Profuturo,CANASTA_EVIDENCIA
2026-06-26,2026-05-29,71.15447420000001,71.1445756,70.78609534874154,-0.0001391142315547711,-0.005177170591170954,-0.005038757322469056,0.005038757322469056,Profuturo,CANASTA_EVIDENCIA
2026-06-29,2026-06-24,70.7652183,71.2934767,70.76270638459842,0.007464944116479799,-3.549646933809214e-05,-0.0074448650840109876,0.0074448650840109876,Profuturo,CANASTA_EVIDENCIA
2026-06-30,2026-06-25,71.4791849,71.9348302,71.7590937343967,0.006374517289717829,0.003915948884815723,-0.002442995487925592,0.002442995487925592,Profuturo,CANASTA_EVIDENCIA
2024-02-26,2024-02-21,53.715483000000006,54.128236900000005,53.94680335233622,0.007684076861042,0.004306399931956584,-0.003351920514222173,0.003351920514222173,Profuturo,CANASTA_PODADA
2024-02-27,2024-02-22,53.883275700000006,54.033892400000006,53.93840517281805,0.0027952402307271917,0.0010231277163805785,-0.0017671728417246735,0.0017671728417246735,Profuturo,CANASTA_PODADA
2024-02-28,2024-02-23,54.01324760000001,53.891705,53.92241833876692,-0.0022502368474508483,-0.0016816108134384278,0.0005699084630355067,0.0005699084630355067,Profuturo,CANASTA_PODADA
2024-02-29,2024-02-23,54.01324760000001,54.0108291,53.97740138253713,-4.477605231067994e-05,-0.0006636560298750593,-0.0006189076898075463,0.0006189076898075463,Profuturo,CANASTA_PODADA
2024-03-01,2024-02-23,54.01324760000001,54.1440857,54.143630795459416,0.002422333516564734,0.0024139114245633753,-8.401740184571516e-06,8.401740184571516e-06,Profuturo,CANASTA_PODADA
2024-03-04,2024-02-28,53.891705,54.3702639,54.06797687748194,0.008880010383787162,0.0032708536032017843,-0.005559785824730157,0.005559785824730157,Profuturo,CANASTA_PODADA
2024-03-05,2024-02-29,54.0108291,54.1196988,54.079115737618785,0.002015701329050712,0.001264313819222318,-0.0007498759838112656,0.0007498759838112656,Profuturo,CANASTA_PODADA
2024-03-06,2024-03-01,54.1440857,54.2577147,54.15015943820337,0.002098641034028903,0.00011217731585722035,-0.0019823035745483164,0.0019823035745483164,Profuturo,CANASTA_PODADA
2024-03-07,2024-03-01,54.1440857,54.3493955,54.42982936394538,0.003791915540647839,0.0052774677095597244,0.0014799403600611605,0.0014799403600611605,Profuturo,CANASTA_PODADA
2024-03-08,2024-03-01,54.1440857,54.10618830000001,54.505400978635215,-0.0006999360966213342,0.006673217840212242,0.007378318288135732,0.007378318288135732,Profuturo,CANASTA_PODADA
2024-03-11,2024-03-06,54.2577147,54.1396092,54.6632508187187,-0.002176750359889401,0.007474257273108131,0.009672061295904255,0.009672061295904255,Profuturo,CANASTA_PODADA
2024-03-12,2024-03-07,54.3493955,54.2876592,54.61977221497019,-0.0011359151179519689,0.004974787897506383,0.006117652149020714,0.006117652149020714,Profuturo,CANASTA_PODADA
2024-03-13,2024-03-08,54.10618830000001,54.4351073,54.54798721554315,0.006079138271139151,0.008165404539191012,0.002073660200962779,0.002073660200962779,Profuturo,CANASTA_PODADA
2024-03-14,2024-03-08,54.10618830000001,54.4784365,54.585857228276716,0.006879956095521056,0.00886532471326773,0.001971802701729697,0.001971802701729697,Profuturo,CANASTA_PODADA
2024-03-15,2024-03-08,54.10618830000001,54.5354669,54.74787230880342,0.007934001885695485,0.011859715662199344,0.003894812328147923,0.003894812328147923,Profuturo,CANASTA_PODADA
2024-03-18,2024-03-13,54.4351073,54.8784501,54.62909051166175,0.008144427778137286,0.003563568095726888,-0.004543852603050347,0.004543852603050347,Profuturo,CANASTA_PODADA
2024-03-19,2024-03-14,54.4784365,54.6080649,54.583561167851705,0.0023794442044973163,0.0019296564770485691,-0.00044872002319018556,0.00044872002319018556,Profuturo,CANASTA_PODADA
2024-03-20,2024-03-15,54.5354669,54.7597448,54.78495006444714,0.0041125145295124454,0.004574695672902251,0.00046028820147347993,0.00046028820147347993,Profuturo,CANASTA_PODADA
2024-03-21,2024-03-15,54.5354669,54.7237304,54.8439400434044,0.0034521296085208153,0.00565637668363661,0.0021966639066037796,0.0021966639066037796,Profuturo,CANASTA_PODADA
2024-03-22,2024-03-15,54.5354669,54.9667443,54.78157045504306,0.007908200378861974,0.004512724819874192,-0.0033688341435376135,0.0033688341435376135,Profuturo,CANASTA_PODADA
2024-03-25,2024-03-20,54.7597448,54.8918746,54.661253141347835,0.0024129002149768652,-0.001798614274260979,-0.004201376985805583,0.004201376985805583,Profuturo,CANASTA_PODADA
2024-03-26,2024-03-21,54.7237304,54.399158,54.47307247018037,-0.005931108819292041,-0.004580424762483548,0.0013587429088584013,0.0013587429088584013,Profuturo,CANASTA_PODADA
2024-03-27,2024-03-22,54.9667443,53.7915572,54.80463701838577,-0.021379965558556924,-0.0029491883443101274,0.018833435414763677,0.018833435414763677,Profuturo,CANASTA_PODADA
2024-03-28,2024-03-22,54.9667443,53.8056082,54.949680297213774,-0.021124338266474307,-0.0003104423047706195,0.021263064120772723,0.021263064120772723,Profuturo,CANASTA_PODADA
2024-03-29,2024-03-22,54.9667443,53.811445000000006,54.98016512147466,-0.02101815042372801,0.00024416256857806573,0.021718802040618934,0.021718802040618934,Profuturo,CANASTA_PODADA
2024-04-01,2024-03-27,53.7915572,53.2525774,53.92350819171182,-0.010019784294327927,0.0024530056124090205,0.012599029464286815,0.012599029464286815,Profuturo,CANASTA_PODADA
2024-04-02,2024-03-28,53.8056082,52.9551661,53.82695998212059,-0.015805826352502828,0.0003968319072098492,0.016462867484435817,0.016462867484435817,Profuturo,CANASTA_PODADA
2024-04-03,2024-03-29,53.811445000000006,52.7401951,54.08059071805543,-0.019907473215038274,0.005001644502492519,0.02541506749290412,0.02541506749290412,Profuturo,CANASTA_PODADA
2024-04-04,2024-03-29,53.811445000000006,52.0213133,53.918162172308385,-0.03326674650717898,0.001983168679235092,0.036462917830803354,0.036462917830803354,Profuturo,CANASTA_PODADA
2024-04-05,2024-03-29,53.811445000000006,50.8710449,53.90606602842558,-0.05464265269219226,0.0017583811106647307,0.059661073099475104,0.059661073099475104,Profuturo,CANASTA_PODADA
2024-04-08,2024-04-03,52.7401951,50.7550947,52.62734318051664,-0.03763923125874069,-0.0021397706108099435,0.03688789256690406,0.03688789256690406,Profuturo,CANASTA_PODADA
2024-04-09,2024-04-04,52.0213133,50.7878748,52.19058150597756,-0.02371025300508911,0.0032538241585984284,0.027618928956987254,0.027618928956987254,Profuturo,CANASTA_PODADA
2024-04-10,2024-04-05,50.8710449,50.9531892,50.99275078556735,0.0016147555089829346,0.0023924392708385422,0.0007764300172079519,0.0007764300172079519,Profuturo,CANASTA_PODADA
2024-04-11,2024-04-05,50.8710449,50.9396559,51.13040619647104,0.0013487240164786751,0.005098407099380031,0.003744632606971443,0.003744632606971443,Profuturo,CANASTA_PODADA
2024-04-12,2024-04-05,50.8710449,50.8052146,50.868061882339596,-0.0012940622731341112,-5.863881243783897e-05,0.0012370242471053672,0.0012370242471053672,Profuturo,CANASTA_PODADA
2024-04-15,2024-04-10,50.9531892,50.9180898,50.63794626559246,-0.000688855801787569,-0.006186912720421711,-0.005501846897790208,0.005501846897790208,Profuturo,CANASTA_PODADA
2024-04-16,2024-04-11,50.9396559,50.8496953,50.47776000367718,-0.001766022922820687,-0.009067511120011584,-0.007314405605156393,0.007314405605156393,Profuturo,CANASTA_PODADA
2024-04-17,2024-04-12,50.8052146,50.7851541,50.61822191026962,-0.0003948512009631644,-0.0036805806491049253,-0.0032870273348325485,0.0032870273348325485,Profuturo,CANASTA_PODADA
2024-04-18,2024-04-12,50.8052146,50.8563496,50.718120600770405,0.001006491172266477,-0.0017142728343007008,-0.0027180283350418666,0.0027180283350418666,Profuturo,CANASTA_PODADA
2024-04-19,2024-04-12,50.8052146,50.7393609,50.720187610626645,-0.0012961996227843775,-0.0016735878402008852,-0.00037787802276700866,0.00037787802276700866,Profuturo,CANASTA_PODADA
2024-04-22,2024-04-17,50.7851541,51.1532389,50.916190684318,0.007247881915947607,0.0025802143685531576,-0.004634080280730646,0.004634080280730646,Profuturo,CANASTA_PODADA
2024-04-23,2024-04-18,50.8563496,51.599656800000005,50.92445714502756,0.014615818985167728,0.0013392141898356247,-0.013085351664053002,0.013085351664053002,Profuturo,CANASTA_PODADA
2024-04-24,2024-04-19,50.7393609,52.126904800000005,50.85034850711138,0.02734649935253719,0.0021874064856692854,-0.024489393678494897,0.024489393678494897,Profuturo,CANASTA_PODADA
2024-04-25,2024-04-19,50.7393609,52.4732519,50.84726424406402,0.034172503737625926,0.002126620086458697,-0.03098698092953489,0.03098698092953489,Profuturo,CANASTA_PODADA
2024-04-26,2024-04-19,50.7393609,52.6825337,51.09376547498231,0.03829714772777115,0.006984805655727344,-0.03015739968136133,0.03015739968136133,Profuturo,CANASTA_PODADA
2024-04-29,2024-04-24,52.126904800000005,52.754059100000006,52.561957163983124,0.012031297511453154,0.008346023337704844,-0.0036414626531909855,0.0036414626531909855,Profuturo,CANASTA_PODADA
2024-04-30,2024-04-25,52.4732519,53.0289567,52.720424741751124,0.010590248934047919,0.004710454046609636,-0.005818178924287154,0.005818178924287154,Profuturo,CANASTA_PODADA
2024-05-01,2024-04-26,52.6825337,52.8853672,52.57966384328682,0.003850109054265083,-0.001952636851123568,-0.005780490387011561,0.005780490387011561,Profuturo,CANASTA_PODADA
2024-05-02,2024-04-26,52.6825337,52.9252599,52.71939348380713,0.004607337251131494,0.0006996585247214249,-0.0038897573026914767,0.0038897573026914767,Profuturo,CANASTA_PODADA
2024-05-03,2024-04-26,52.6825337,53.1048295,52.88183786501621,0.008015859723162766,0.003783116547718457,-0.004199083907873047,0.004199083907873047,Profuturo,CANASTA_PODADA
2024-05-06,2024-05-01,52.8853672,53.376107700000006,53.333404441688536,0.009279324811041656,0.008471856496602648,-0.0008000444421965014,0.0008000444421965014,Profuturo,CANASTA_PODADA
2024-05-07,2024-05-02,52.9252599,53.0375217,53.26265942618562,0.0021211383791428506,0.006375018787307285,0.0042448764378373305,0.0042448764378373305,Profuturo,CANASTA_PODADA
2024-05-08,2024-05-03,53.1048295,53.1894901,53.25389006880733,0.0015942165862710134,0.0028069117293245682,0.0012107649215333804,0.0012107649215333804,Profuturo,CANASTA_PODADA
2024-05-09,2024-05-03,53.1048295,53.3647575,53.441281307918175,0.004894620742544653,0.006335616008675382,0.0014339764950337397,0.0014339764950337397,Profuturo,CANASTA_PODADA
2024-05-10,2024-05-03,53.1048295,53.818951000000006,53.53805783315161,0.013447392764908583,0.008157983694338178,-0.005219224113981569,0.005219224113981569,Profuturo,CANASTA_PODADA
2024-05-13,2024-05-08,53.1894901,53.8273633,53.47614399801052,0.011992466910300426,0.0053892958453181095,-0.006524921163832742,0.006524921163832742,Profuturo,CANASTA_PODADA
2024-05-14,2024-05-09,53.3647575,54.1352173,53.65228186505724,0.01443761456238235,0.005387907273020742,-0.008920910620280442,0.008920910620280442,Profuturo,CANASTA_PODADA
2024-05-15,2024-05-10,53.818951000000006,54.2857489,54.145670733564444,0.008673485664928648,0.006070719096038069,-0.0025803856311090723,0.0025803856311090723,Profuturo,CANASTA_PODADA
2024-05-16,2024-05-10,53.818951000000006,54.1857006,54.11090429376072,0.006814506659559294,0.005424730291764934,-0.0013803698284059474,0.0013803698284059474,Profuturo,CANASTA_PODADA
2024-05-17,2024-05-10,53.818951000000006,54.5296286,54.30098200681495,0.013204969379652098,0.008956529212450492,-0.004193070795737164,0.004193070795737164,Profuturo,CANASTA_PODADA
2024-05-20,2024-05-15,54.2857489,54.67052150000001,54.617843266792825,0.007087911796313184,0.006117523908615086,-0.0009635582716579494,0.0009635582716579494,Profuturo,CANASTA_PODADA
2024-05-21,2024-05-16,54.1857006,54.832808400000005,54.570057834757144,0.011942409027373646,0.007093333305671967,-0.004791849495034417,0.004791849495034417,Profuturo,CANASTA_PODADA
2024-05-22,2024-05-17,54.5296286,54.6502113,54.35665288965848,0.0022113244321637637,-0.003172141728864153,-0.0053715878376031645,0.0053715878376031645,Profuturo,CANASTA_PODADA
2024-05-23,2024-05-17,54.5296286,54.7903923,54.25065697377233,0.004782055310019073,-0.005115964171956144,-0.009850911876527535,0.009850911876527535,Profuturo,CANASTA_PODADA
2024-05-24,2024-05-17,54.5296286,54.8160417,54.332485058250725,0.005252430785857243,-0.0036153472306846846,-0.008821443992539812,0.008821443992539812,Profuturo,CANASTA_PODADA
2024-05-27,2024-05-22,54.6502113,54.8060771,54.618769411696725,0.0028520621657688316,-0.0005753296749517745,-0.003417644506128692,0.003417644506128692,Profuturo,CANASTA_PODADA
2024-05-28,2024-05-23,54.7903923,55.086525,55.05929994095055,0.005404828977652709,0.004907934213687959,-0.0004942235700917674,0.0004942235700917674,Profuturo,CANASTA_PODADA
2024-05-29,2024-05-24,54.8160417,54.9732947,54.88693283353382,0.0028687405205325422,0.0012932552467359582,-0.0015709785439906865,0.0015709785439906865,Profuturo,CANASTA_PODADA
2024-05-30,2024-05-24,54.8160417,54.8827218,54.792333089100765,0.001216434057112803,-0.0004325122749465615,-0.0016469429345836728,0.0016469429345836728,Profuturo,CANASTA_PODADA
2024-05-31,2024-05-24,54.8160417,54.5243308,55.015008465314374,-0.005321633794656111,0.0036297178552819886,0.008999242322005108,0.008999242322005108,Profuturo,CANASTA_PODADA
2024-06-03,2024-05-29,54.9732947,54.5336851,55.053051510240934,-0.007996784664245249,0.001450828273549698,0.009523772495633853,0.009523772495633853,Profuturo,CANASTA_PODADA
2024-06-04,2024-05-30,54.8827218,54.1375161,54.836753322330686,-0.013578147649375483,-0.0008375764933238328,0.012915945774813364,0.012915945774813364,Profuturo,CANASTA_PODADA
2024-06-05,2024-05-31,54.5243308,54.24096539999999,54.32128149727775,-0.0051970449860158086,-0.003724012743357652,0.0014807276508717049,0.0014807276508717049,Profuturo,CANASTA_PODADA
2024-06-06,2024-05-31,54.5243308,54.2537092,54.41728161882937,-0.004963318137597317,-0.001963328657132779,0.0030149536546224542,0.0030149536546224542,Profuturo,CANASTA_PODADA
2024-06-07,2024-05-31,54.5243308,53.8476236,54.20668430467164,-0.012411105098790176,-0.005825775221222185,0.006668088221290391,0.006668088221290391,Profuturo,CANASTA_PODADA
2024-06-10,2024-06-05,54.24096539999999,54.226492,54.154890867772785,-0.0002668352211886438,-0.0015868915973831221,-0.0013204087077440807,0.0013204087077440807,Profuturo,CANASTA_PODADA
2024-06-11,2024-06-06,54.2537092,54.1187121,53.96350316963118,-0.002488255678562923,-0.005349054187226421,-0.0028679346633753156,0.0028679346633753156,Profuturo,CANASTA_PODADA
2024-06-12,2024-06-07,53.8476236,54.575265,53.92879255753636,0.013512971443367494,0.00150738235245651,-0.011845520905187312,0.011845520905187312,Profuturo,CANASTA_PODADA
2024-06-13,2024-06-07,53.8476236,54.282387,53.802762075050566,0.00807395704645364,-0.0008331198658400041,-0.008835737546866396,0.008835737546866396,Profuturo,CANASTA_PODADA
2024-06-14,2024-06-07,53.8476236,54.3627621,53.71373212841591,0.009566596732785149,-0.002486488031090861,-0.011938870405263757,0.011938870405263757,Profuturo,CANASTA_PODADA
2024-06-17,2024-06-12,54.575265,54.6187785,54.398818802895455,0.0007973117491961723,-0.003233079987876364,-0.0040271808184897395,0.0040271808184897395,Profuturo,CANASTA_PODADA
2024-06-18,2024-06-13,54.282387,54.87408250000001,54.35163404457398,0.010900322051055067,0.001275681641891957,-0.009520859969294748,0.009520859969294748,Profuturo,CANASTA_PODADA
2024-06-19,2024-06-14,54.3627621,54.7533364,54.53871712596019,0.007184592631285902,0.003236682963910553,-0.003919747875671176,0.003919747875671176,Profuturo,CANASTA_PODADA
2024-06-20,2024-06-14,54.3627621,54.5091217,54.610823097810574,0.0026922767413983806,0.004563068325230901,0.0018657684189133938,0.0018657684189133938,Profuturo,CANASTA_PODADA
2024-06-21,2024-06-14,54.3627621,54.3594343,54.54702211007612,-6.12146968154148e-05,0.003389452687065031,0.003450878628369569,0.003450878628369569,Profuturo,CANASTA_PODADA
2024-06-24,2024-06-19,54.7533364,54.3863203,54.82555750493526,-0.006703081933103872,0.0013190265595441897,0.00807624421936226,0.00807624421936226,Profuturo,CANASTA_PODADA
2024-06-25,2024-06-20,54.5091217,54.3916442,54.49303332914311,-0.0021551897432241507,-0.0002951500658080475,0.001864057074103087,0.001864057074103087,Profuturo,CANASTA_PODADA
2024-06-26,2024-06-21,54.3594343,54.3860866,54.411996592326496,0.0004902975967873147,0.000966939649085008,0.0004764084703696714,0.0004764084703696714,Profuturo,CANASTA_PODADA
2024-06-27,2024-06-21,54.3594343,54.3444148,54.281515424606845,-0.000276299784819356,-0.0014334011454779638,-0.0011574211558748049,0.0011574211558748049,Profuturo,CANASTA_PODADA
2024-06-28,2024-06-21,54.3594343,54.5214518,54.33139551465493,0.0029804853947865695,-0.0005158034793063537,-0.003485899202432363,0.003485899202432363,Profuturo,CANASTA_PODADA
2024-07-01,2024-06-26,54.3860866,54.455499,54.31324868513105,0.0012762896604516794,-0.0013392747929200643,-0.0026122304906057714,0.0026122304906057714,Profuturo,CANASTA_PODADA
2024-07-02,2024-06-27,54.3444148,54.246427,54.51105144321483,-0.0018030886956943437,0.0030663067001106548,0.004878191207226212,0.004878191207226212,Profuturo,CANASTA_PODADA
2024-07-03,2024-06-28,54.5214518,54.4018982,54.92692061747165,-0.002192780933981009,0.007436867583039186,0.009650810630568385,0.009650810630568385,Profuturo,CANASTA_PODADA
2024-07-04,2024-06-28,54.5214518,54.3451314,54.95801335596636,-0.003233963773503268,0.008007152075989898,0.011277587157814128,0.011277587157814128,Profuturo,CANASTA_PODADA
2024-07-05,2024-06-28,54.5214518,54.4341055,55.036559669483616,-0.0016020538176497734,0.009447801782189735,0.011067586468994417,0.011067586468994417,Profuturo,CANASTA_PODADA
2024-07-08,2024-07-03,54.4018982,54.285476,54.55730704125959,-0.0021400392973787152,0.002856680490968433,0.005007435897947943,0.005007435897947943,Profuturo,CANASTA_PODADA
2024-07-09,2024-07-04,54.3451314,54.2668407,54.47459735242551,-0.0014406203091819059,0.0023822916439855124,0.003828427263234957,0.003828427263234957,Profuturo,CANASTA_PODADA
2024-07-10,2024-07-05,54.4341055,54.620791,54.549239553070166,0.0034295686185197294,0.002115108754201289,-0.0013099672417749009,0.0013099672417749009,Profuturo,CANASTA_PODADA
2024-07-11,2024-07-05,54.4341055,54.21159359999999,54.579451366884264,-0.0040877295209711395,0.002670125017196545,0.0067855922037360905,0.0067855922037360905,Profuturo,CANASTA_PODADA
2024-07-12,2024-07-05,54.4341055,54.2083945,54.587647231627976,-0.004146499660952485,0.0028206899005251973,0.006996199299501127,0.006996199299501127,Profuturo,CANASTA_PODADA
2024-07-15,2024-07-10,54.620791,54.1783524,54.53552319850762,-0.008100186612090554,-0.0015610869035634911,0.006592500190308881,0.006592500190308881,Profuturo,CANASTA_PODADA
2024-07-16,2024-07-11,54.21159359999999,54.2148007,54.22693573409322,5.9158932380176665e-05,0.00028300466882469344,0.00022383249475299571,0.00022383249475299571,Profuturo,CANASTA_PODADA
2024-07-17,2024-07-12,54.2083945,53.7095276,54.02958395839932,-0.009202761022557016,-0.0032985765996200733,0.0059590238957774044,0.0059590238957774044,Profuturo,CANASTA_PODADA
2024-07-18,2024-07-12,54.2083945,53.66207,53.70855520171277,-0.010078226906351184,-0.009220699172103886,0.0008662580797342834,0.0008662580797342834,Profuturo,CANASTA_PODADA
2024-07-19,2024-07-12,54.2083945,53.4343127,53.72197774683421,-0.014279740382275974,-0.008973089087996988,0.005383526657286142,0.005383526657286142,Profuturo,CANASTA_PODADA
2024-07-22,2024-07-17,53.7095276,53.8011622,53.49233587682963,0.0017061144287553454,-0.004043821140783499,-0.005740142230057144,0.005740142230057144,Profuturo,CANASTA_PODADA
2024-07-23,2024-07-18,53.66207,53.616512,53.75768594180292,-0.0008489795492421237,0.0017818161282805445,0.0026330310670510393,0.0026330310670510393,Profuturo,CANASTA_PODADA
2024-07-24,2024-07-19,53.4343127,53.3274903,53.36044185688566,-0.001999134911676359,-0.0013824608080781342,0.0006179093878275754,0.0006179093878275754,Profuturo,CANASTA_PODADA
2024-07-25,2024-07-19,53.4343127,52.9966289,53.243453217799626,-0.008191062594129717,-0.0035718524774881466,0.004657358834377234,0.004657358834377234,Profuturo,CANASTA_PODADA
2024-07-26,2024-07-19,53.4343127,53.261722,53.31307895108648,-0.0032299601375802567,-0.002268837059703044,0.0009642375266516456,0.0009642375266516456,Profuturo,CANASTA_PODADA
2024-07-29,2024-07-24,53.3274903,53.1341309,53.28008775925898,-0.003625885990738209,-0.0008888950234550164,0.0027469510987894186,0.0027469510987894186,Profuturo,CANASTA_PODADA
2024-07-30,2024-07-25,52.9966289,52.9060181,53.0077898011092,-0.0017097464854033406,0.00021059643492149505,0.0019236318431079535,0.0019236318431079535,Profuturo,CANASTA_PODADA
2024-07-31,2024-07-26,53.261722,53.4083777,53.41686242045269,0.0027534915224860512,0.002912793928305346,0.0001588649724644231,0.0001588649724644231,Profuturo,CANASTA_PODADA
2024-08-01,2024-07-26,53.261722,52.767660500000005,53.14557138007032,-0.009276108271527361,-0.0021807522469828866,0.007161789559920306,0.007161789559920306,Profuturo,CANASTA_PODADA
2024-08-02,2024-07-26,53.261722,51.861982,52.80416080158731,-0.026280412037748224,-0.00859080745479257,0.018167041930393424,0.018167041930393424,Profuturo,CANASTA_PODADA
2024-08-05,2024-07-31,53.4083777,51.1089971,52.46134615901889,-0.04305280742500439,-0.01773189117072016,0.026460097747034172,0.026460097747034172,Profuturo,CANASTA_PODADA
2024-08-06,2024-08-01,52.767660500000005,51.1090392,52.222834440118646,-0.031432534326588324,-0.010324999340862506,0.021792529414613737,0.021792529414613737,Profuturo,CANASTA_PODADA
2024-08-07,2024-08-02,51.861982,50.99677440000001,51.608838482241,-0.01668288728340528,-0.0048810999502294505,0.01200201560671621,0.01200201560671621,Profuturo,CANASTA_PODADA
2024-08-08,2024-08-02,51.861982,51.4779877,51.857776371529525,-0.007404157827982649,-8.109270622314035e-05,0.007377690708168849,0.007377690708168849,Profuturo,CANASTA_PODADA
2024-08-09,2024-08-02,51.861982,51.680482000000005,51.94502119300091,-0.003499673421659688,0.0016011573371976784,0.0051187446936138414,0.0051187446936138414,Profuturo,CANASTA_PODADA
2024-08-12,2024-08-07,50.99677440000001,51.8823369,51.34498063120206,0.01736506887776801,0.006828005012059268,-0.010357210197251887,0.010357210197251887,Profuturo,CANASTA_PODADA
2024-08-13,2024-08-08,51.4779877,52.17856509999999,51.7423692840424,0.013609261575700415,0.0051358181594653995,-0.008359674420360674,0.008359674420360674,Profuturo,CANASTA_PODADA
2024-08-14,2024-08-09,51.680482000000005,51.9955281,51.834323293085795,0.006096036410805805,0.0029767774434803496,-0.0031003590655752644,0.0031003590655752644,Profuturo,CANASTA_PODADA
2024-08-15,2024-08-09,51.680482000000005,52.4645022,52.09252899862944,0.015170528014812223,0.007972971278198182,-0.007089997727464548,0.007089997727464548,Profuturo,CANASTA_PODADA
2024-08-16,2024-08-09,51.680482000000005,52.4310069,52.11829167916725,0.014522405189641985,0.008471470509258117,-0.005964318431442295,0.005964318431442295,Profuturo,CANASTA_PODADA
2024-08-19,2024-08-14,51.9955281,52.5120647,52.39518845326617,0.009934250480283069,0.007686437043153527,-0.0022257027485310665,0.0022257027485310665,Profuturo,CANASTA_PODADA
2024-08-20,2024-08-15,52.4645022,52.52869330000001,52.629515358647225,0.0012235148968975373,0.0031452344295230805,0.0019193711534266633,0.0019193711534266633,Profuturo,CANASTA_PODADA
2024-08-21,2024-08-16,52.4310069,52.4810788,52.59135569053703,0.0009550055007621072,0.0030582817309394716,0.002101269506240122,0.002101269506240122,Profuturo,CANASTA_PODADA
2024-08-22,2024-08-16,52.4310069,52.0686814,52.442095860804706,-0.006910519584166108,0.0002114962397319342,0.00717157513431288,0.00717157513431288,Profuturo,CANASTA_PODADA
2024-08-23,2024-08-16,52.4310069,52.3146322,52.62155327892837,-0.0022195778200857497,0.0036342307766812354,0.005866830483582497,0.005866830483582497,Profuturo,CANASTA_PODADA
2024-08-26,2024-08-21,52.4810788,52.0487502,52.506535794317315,-0.008237799410480084,0.0004850699509117984,0.008795323471903815,0.008795323471903815,Profuturo,CANASTA_PODADA
2024-08-27,2024-08-22,52.0686814,52.0244063,52.29611161761463,-0.0008503211298913627,0.004367888940137954,0.005222651000529099,0.005222651000529099,Profuturo,CANASTA_PODADA
2024-08-28,2024-08-23,52.3146322,51.8102833,52.203419392363266,-0.009640685192468856,-0.0021258451595638217,0.007587993489378553,0.007587993489378553,Profuturo,CANASTA_PODADA
2024-08-29,2024-08-23,52.3146322,51.8908161,52.19910073995793,-0.008101291783525033,-0.002208396679544422,0.005941025081660278,0.005941025081660278,Profuturo,CANASTA_PODADA
2024-08-30,2024-08-23,52.3146322,52.0244103,52.35978584132826,-0.005547623825213455,0.0008631168648121079,0.006446503466244202,0.006446503466244202,Profuturo,CANASTA_PODADA
2024-09-02,2024-08-28,51.8102833,52.08169050000001,51.966084392947955,0.005238481295855246,0.0030071461305434255,-0.002219707270293969,0.002219707270293969,Profuturo,CANASTA_PODADA
2024-09-03,2024-08-29,51.8908161,51.3406668,51.62096573330712,-0.010602055264264831,-0.0052003492520302785,0.005459588875209587,0.005459588875209587,Profuturo,CANASTA_PODADA
2024-09-04,2024-08-30,52.0244103,51.3469987,51.52097224805421,-0.013021033705018281,-0.009676958355562482,0.0033881931263533005,0.0033881931263533005,Profuturo,CANASTA_PODADA
2024-09-05,2024-08-30,52.0244103,51.44429890000001,51.584235752116506,-0.011150753975965655,-0.008460923350120053,0.002720162488529798,0.002720162488529798,Profuturo,CANASTA_PODADA
2024-09-06,2024-08-30,52.0244103,50.9962938,51.35176477095827,-0.019762194209820838,-0.012929421499694227,0.0069705255905925245,0.0069705255905925245,Profuturo,CANASTA_PODADA
2024-09-09,2024-09-04,51.3469987,51.2226632,51.272191996500084,-0.0024214755126475973,-0.0014568856095559246,0.0009669313035656213,0.0009669313035656213,Profuturo,CANASTA_PODADA
2024-09-10,2024-09-05,51.44429890000001,51.1400813,51.29445953948305,-0.005913533792954673,-0.0029126523972698992,0.003018732773955257,0.003018732773955257,Profuturo,CANASTA_PODADA
2024-09-11,2024-09-06,50.9962938,51.1920049,51.272062985281856,0.0038377514406744417,0.005407631902886623,0.0015638786845375563,0.0015638786845375563,Profuturo,CANASTA_PODADA
2024-09-12,2024-09-06,50.9962938,51.600203,51.49597533056507,0.01184221744365277,0.009798389124604734,-0.0020199081277826325,0.0020199081277826325,Profuturo,CANASTA_PODADA
2024-09-13,2024-09-06,50.9962938,52.2020752,51.64929393068427,0.02364449080807529,0.012804854667385124,-0.010589258515066313,0.010589258515066313,Profuturo,CANASTA_PODADA
2024-09-16,2024-09-11,51.1920049,52.2029142,51.619565191586005,0.019747405907909688,0.008352091159961716,-0.011174644506991793,0.011174644506991793,Profuturo,CANASTA_PODADA
2024-09-17,2024-09-12,51.600203,51.9202061,51.79939583165497,0.006201586067403619,0.003860311007981343,-0.0023268449303215366,0.0023268449303215366,Profuturo,CANASTA_PODADA
2024-09-18,2024-09-13,52.2020752,52.0313876,52.32533368321629,-0.0032697474065168652,0.002361179756629417,0.0056493992717636665,0.0056493992717636665,Profuturo,CANASTA_PODADA
2024-09-19,2024-09-13,52.2020752,52.3180807,52.58441294157448,0.0022222392415540693,0.007324186636443741,0.005090634786502735,0.005090634786502735,Profuturo,CANASTA_PODADA
2024-09-20,2024-09-13,52.2020752,52.3160317,52.57273609715066,0.002182987928418534,0.007100501191390496,0.004906801773932212,0.004906801773932212,Profuturo,CANASTA_PODADA
2024-09-23,2024-09-18,52.0313876,52.3976513,52.33819830778417,0.007039283726502088,0.005896646657644888,-0.0011346499459572446,0.0011346499459572446,Profuturo,CANASTA_PODADA
2024-09-24,2024-09-19,52.3180807,52.7796468,52.80700200156156,0.008822305669940134,0.00934516891713022,0.0005182907279621674,0.0005182907279621674,Profuturo,CANASTA_PODADA
2024-09-25,2024-09-20,52.3160317,52.6304609,52.72572750703106,0.006010188268924077,0.007831171320110908,0.0018101039854481193,0.0018101039854481193,Profuturo,CANASTA_PODADA
2024-09-26,2024-09-20,52.3160317,53.017432,53.19339598260233,0.013406985912503666,0.01677046698865592,0.003318983510976814,0.003318983510976814,Profuturo,CANASTA_PODADA
2024-09-27,2024-09-20,52.3160317,52.9254985,53.24786102868801,0.011649713867728284,0.017811544538230084,0.006090873734292845,0.006090873734292845,Profuturo,CANASTA_PODADA
2024-09-30,2024-09-25,52.6304609,52.2029142,53.01697005914692,-0.008123559867969976,0.007343830028038401,0.015594069251155362,0.015594069251155362,Profuturo,CANASTA_PODADA
2024-10-01,2024-09-26,53.017432,52.695982,52.908190362146534,-0.0060631001516633365,-0.0020604852730978784,0.004027031171874418,0.004027031171874418,Profuturo,CANASTA_PODADA
2024-10-02,2024-09-27,52.9254985,52.7907743,52.87939591892709,-0.0025455442805134565,-0.000871084493855423,0.0016787330760383856,0.0016787330760383856,Profuturo,CANASTA_PODADA
2024-10-03,2024-09-27,52.9254985,52.7966755,52.8097268833368,-0.0024340441498157395,-0.002187444992383103,0.0002472008552281135,0.0002472008552281135,Profuturo,CANASTA_PODADA
2024-10-04,2024-09-27,52.9254985,53.06861119999999,52.993117949551326,0.0027040406619880386,0.0012776346273115635,-0.0014225593762789979,0.0014225593762789979,Profuturo,CANASTA_PODADA
2024-10-07,2024-10-02,52.7907743,53.1154243,52.865317668481644,0.006149748782904307,0.001412052948078113,-0.004708738277336089,0.004708738277336089,Profuturo,CANASTA_PODADA
2024-10-08,2024-10-03,52.7966755,52.696093,52.76029014994415,-0.0019050915431219062,-0.0006891598706030289,0.0012182525551591716,0.0012182525551591716,Profuturo,CANASTA_PODADA
2024-10-09,2024-10-04,53.06861119999999,52.7226211,52.842094818257785,-0.006519675042862105,-0.004268368374829579,0.002266080778328128,0.002266080778328128,Profuturo,CANASTA_PODADA
2024-10-10,2024-10-04,53.06861119999999,53.0184008,53.00434262209219,-0.0009461412097400146,-0.0012110469155787174,-0.0002651565814073553,0.0002651565814073553,Profuturo,CANASTA_PODADA
2024-10-11,2024-10-04,53.06861119999999,53.0384379,53.13518092230415,-0.0005685715023948656,0.0012544086004677713,0.0018240171870551602,0.0018240171870551602,Profuturo,CANASTA_PODADA
2024-10-14,2024-10-09,52.7226211,53.118275700000005,52.99625809384377,0.007504456184937336,0.005190125000135382,-0.0022970927528853657,0.0022970927528853657,Profuturo,CANASTA_PODADA
2024-10-15,2024-10-10,53.0184008,52.7312307,52.853855118386335,-0.005416423273181925,-0.0031035579936554702,0.0023254609603931,0.0023254609603931,Profuturo,CANASTA_PODADA
2024-10-16,2024-10-11,53.0384379,52.7159533,52.8759228740114,-0.00608020546547805,-0.003064099027482836,0.0030345571690799655,0.0030345571690799655,Profuturo,CANASTA_PODADA
2024-10-17,2024-10-11,53.0384379,52.774839,52.92226864105998,-0.0049699597204765356,-0.002190284320949476,0.002793559276608626,0.002793559276608626,Profuturo,CANASTA_PODADA
2024-10-18,2024-10-11,53.0384379,53.0790198,53.15149281617983,0.0007651413127307549,0.0021315657220710715,0.0013653797009234303,0.0013653797009234303,Profuturo,CANASTA_PODADA
2024-10-21,2024-10-16,52.7159533,53.114413000000006,52.998567984437095,0.007558616985116728,0.0053610845815263986,-0.002181046706906331,0.002181046706906331,Profuturo,CANASTA_PODADA
2024-10-22,2024-10-17,52.774839,53.1117929,53.05901096061125,0.006384745200264774,0.005384610659091793,-0.0009937894487599408,0.0009937894487599408,Profuturo,CANASTA_PODADA
2024-10-23,2024-10-18,53.0790198,52.9369593,53.064503162445995,-0.0026763964469441737,-0.00027349106311125304,0.0024093537697016387,0.0024093537697016387,Profuturo,CANASTA_PODADA
2024-10-24,2024-10-18,53.0790198,53.057308000000006,53.217520428583406,-0.00040904673978159334,0.0026093290551572057,0.0030196109569562424,0.0030196109569562424,Profuturo,CANASTA_PODADA
2024-10-25,2024-10-18,53.0790198,53.1892731,53.25856856432627,0.002077154032147366,0.003382669178948694,0.0013028090118092361,0.0013028090118092361,Profuturo,CANASTA_PODADA
2024-10-28,2024-10-23,52.9369593,53.2218422,53.165024299197086,0.005381550126170476,0.004308237613434018,-0.0010675673455533552,0.0010675673455533552,Profuturo,CANASTA_PODADA
2024-10-29,2024-10-24,53.057308000000006,53.5378632,53.085089470560746,0.009057285755997846,0.0005236125165026806,-0.008457075093711408,0.008457075093711408,Profuturo,CANASTA_PODADA
2024-10-30,2024-10-25,53.1892731,53.2767022,53.09251091572007,0.001643735567425919,-0.00181920486294318,-0.0034572576130647015,0.0034572576130647015,Profuturo,CANASTA_PODADA
2024-10-31,2024-10-25,53.1892731,52.7786522,52.895516125277716,-0.0077199945791325275,-0.005522861238768995,0.002214227162051552,0.002214227162051552,Profuturo,CANASTA_PODADA
2024-11-01,2024-10-25,53.1892731,52.6408418,52.87023468836997,-0.010310938052657925,-0.005998172056802087,0.004357697949465056,0.004357697949465056,Profuturo,CANASTA_PODADA
2024-11-04,2024-10-30,53.2767022,52.726682,53.091080333294535,-0.010323840952753405,-0.0034841095458320037,0.0069110803007581545,0.0069110803007581545,Profuturo,CANASTA_PODADA
2024-11-05,2024-10-31,52.7786522,52.797108,52.96666502354755,0.0003496830485565372,0.0035622892156299546,0.003211483165849627,0.003211483165849627,Profuturo,CANASTA_PODADA
2024-11-06,2024-11-01,52.6408418,52.9169628,52.92708672434013,0.005245375844274758,0.005437696559406735,0.00019131718459330926,0.00019131718459330926,Profuturo,CANASTA_PODADA
2024-11-07,2024-11-01,52.6408418,53.0734055,53.19023343298501,0.008217264109176892,0.01043660424490045,0.002201251867755216,0.002201251867755216,Profuturo,CANASTA_PODADA
2024-11-08,2024-11-01,52.6408418,53.0376194,53.012345507813215,0.007537447852895118,0.007057328399585394,-0.000476527650989933,0.000476527650989933,Profuturo,CANASTA_PODADA
2024-11-11,2024-11-06,52.9169628,52.9076014,52.90191874687393,-0.0001769073564441559,-0.00028429547596919846,-0.00010740712063472824,0.00010740712063472824,Profuturo,CANASTA_PODADA
2024-11-12,2024-11-07,53.0734055,53.0824872,52.69663540027902,0.000171115833145441,-0.007099037572046885,-0.0072689095796736325,0.0072689095796736325,Profuturo,CANASTA_PODADA
2024-11-13,2024-11-08,53.0376194,53.0488092,52.80020982604047,0.0002109785493125127,-0.004476248682449779,-0.00468623853595429,0.00468623853595429,Profuturo,CANASTA_PODADA
2024-11-14,2024-11-08,53.0376194,52.861436000000005,52.77622331147216,-0.0033218572400705026,-0.004928503418610064,-0.0016120010157848474,0.0016120010157848474,Profuturo,CANASTA_PODADA
2024-11-15,2024-11-08,53.0376194,52.7101805,52.717437338522906,-0.006173710353221451,-0.0060368859895904015,0.0001376743250367518,0.0001376743250367518,Profuturo,CANASTA_PODADA
2024-11-18,2024-11-13,53.0488092,52.6077858,53.0722942899533,-0.008313540052092283,0.00044270720318628776,0.008829652928546095,0.008829652928546095,Profuturo,CANASTA_PODADA
2024-11-19,2024-11-14,52.861436000000005,52.6166933,53.046288318849896,-0.004629891250022111,0.0034969220066192186,0.008164614534032166,0.008164614534032166,Profuturo,CANASTA_PODADA
2024-11-20,2024-11-15,52.7101805,52.5588739,52.97651607788743,-0.002870538453193072,0.005052829934578451,0.007946178197844267,0.007946178197844267,Profuturo,CANASTA_PODADA
2024-11-21,2024-11-15,52.7101805,52.7780349,53.03351359802172,0.001287311091640042,0.0061341679150903605,0.0048406254326403,0.0048406254326403,Profuturo,CANASTA_PODADA
2024-11-22,2024-11-15,52.7101805,52.7865561,52.970327376957385,0.001448972461780773,0.004935419960426568,0.0034814030415102337,0.0034814030415102337,Profuturo,CANASTA_PODADA
2024-11-25,2024-11-20,52.5588739,52.61782,52.497590286729455,0.0011215251702718643,-0.0011659993588741813,-0.0022849618868768795,0.0022849618868768795,Profuturo,CANASTA_PODADA
2024-11-26,2024-11-21,52.7780349,52.5684675,52.742594889496615,-0.003970731392274773,-0.0006714916644875446,0.003312392348067128,0.003312392348067128,Profuturo,CANASTA_PODADA
2024-11-27,2024-11-22,52.7865561,52.3907715,52.835960711326955,-0.007497829546792456,0.0009359317026358394,0.008497473860008986,0.008497473860008986,Profuturo,CANASTA_PODADA
2024-11-28,2024-11-22,52.7865561,52.3139469,52.84788179422322,-0.00895321147878414,0.0011617672898955878,0.010206358454349918,0.010206358454349918,Profuturo,CANASTA_PODADA
2024-11-29,2024-11-22,52.7865561,52.35783610000001,52.76819148716798,-0.008121764927945141,-0.00034790321985067596,0.007837516172062964,0.007837516172062964,Profuturo,CANASTA_PODADA
2024-12-02,2024-11-27,52.3907715,52.4352175,52.43535448964446,0.0008483555161999945,0.0008509702828953802,2.6125503238549896e-06,2.6125503238549896e-06,Profuturo,CANASTA_PODADA
2024-12-03,2024-11-28,52.3139469,52.1732038,52.43180233954663,-0.002690355217682794,0.00225284931706482,0.004956539386347325,0.004956539386347325,Profuturo,CANASTA_PODADA
2024-12-04,2024-11-29,52.35783610000001,52.5383214,52.553697556379426,0.00344714971900828,0.00374082412430754,0.00029266554335372064,0.00029266554335372064,Profuturo,CANASTA_PODADA
2024-12-05,2024-11-29,52.35783610000001,52.4654004,52.60048023994179,0.0020544069047190305,0.004634342402507707,0.0025746461270079735,0.0025746461270079735,Profuturo,CANASTA_PODADA
2024-12-06,2024-11-29,52.35783610000001,52.3069801,52.51633706169552,-0.0009713159249530312,0.0030272634146450983,0.004002466999533993,0.004002466999533993,Profuturo,CANASTA_PODADA
2024-12-09,2024-12-04,52.5383214,52.53914900000001,52.73015655791544,1.5752311416816767e-05,0.0036513377817100068,0.0036355282023208257,0.0036355282023208257,Profuturo,CANASTA_PODADA
2024-12-10,2024-12-05,52.4654004,52.3399872,52.481260516821365,-0.002390398225189161,0.00030229668887393757,0.002699146950142284,0.002699146950142284,Profuturo,CANASTA_PODADA
2024-12-11,2024-12-06,52.3069801,52.7342257,52.591910164884204,0.008168041802130377,0.005447266585443922,-0.00269873186202485,0.00269873186202485,Profuturo,CANASTA_PODADA
2024-12-12,2024-12-06,52.3069801,52.6400376,52.45220843926866,0.00636736243161562,0.0027764619366481558,-0.0035681805958919233,0.0035681805958919233,Profuturo,CANASTA_PODADA
2024-12-13,2024-12-06,52.3069801,52.414076400000006,52.31606962836943,0.0020474571423405585,0.00017377276134200592,-0.0018698559311172147,0.0018698559311172147,Profuturo,CANASTA_PODADA
2024-12-16,2024-12-11,52.7342257,52.6120188,52.38478919475756,-0.0023174114795052603,-0.006626370267202808,-0.0043189676128231325,0.0043189676128231325,Profuturo,CANASTA_PODADA
2024-12-17,2024-12-12,52.6400376,52.391682,52.392778204755906,-0.00471799814975804,-0.0046971736061999225,2.092325945746154e-05,2.092325945746154e-05,Profuturo,CANASTA_PODADA
2024-12-18,2024-12-13,52.414076400000006,51.82091500000001,52.002821966559445,-0.011316833964091333,-0.007846259281610868,0.0035103001666303424,0.0035103001666303424,Profuturo,CANASTA_PODADA
2024-12-19,2024-12-13,52.414076400000006,51.4032064,51.96707207611575,-0.01928623128423579,-0.008528325873243037,0.010969465051031246,0.010969465051031246,Profuturo,CANASTA_PODADA
2024-12-20,2024-12-13,52.414076400000006,51.5637908,52.02891401234857,-0.016222466528094892,-0.0073484532039075345,0.00902034557840481,0.00902034557840481,Profuturo,CANASTA_PODADA
2024-12-23,2024-12-18,51.82091500000001,51.69746129999999,51.89643143018641,-0.0023823141679379933,0.0014572577536773323,0.0038487408314267224,0.0038487408314267224,Profuturo,CANASTA_PODADA
2024-12-24,2024-12-19,51.4032064,51.916162400000005,51.639804343505,0.00997906620860145,0.004602785702975121,-0.005323160336192401,0.005323160336192401,Profuturo,CANASTA_PODADA
2024-12-26,2024-12-20,51.5637908,51.9546144,51.776730976588475,0.007579419471230864,0.004129645498997636,-0.003423823378651103,0.003423823378651103,Profuturo,CANASTA_PODADA
2024-12-27,2024-12-20,51.5637908,51.9825683,51.63299608478012,0.008121542142320415,0.0013421295003026579,-0.006724796920429932,0.006724796920429932,Profuturo,CANASTA_PODADA
2024-12-30,2024-12-24,51.916162400000005,51.8037672,51.610587025250126,-0.002164936597856104,-0.005885939187790901,-0.0037290758026160553,0.0037290758026160553,Profuturo,CANASTA_PODADA
2024-12-31,2024-12-26,51.9546144,51.5789013,51.642615755353326,-0.007231563631814764,-0.0060052152874157105,0.001235281360158158,0.001235281360158158,Profuturo,CANASTA_PODADA
2025-01-02,2024-12-27,51.9825683,51.6789686,51.83743874173003,-0.005840413621887142,-0.002791888954628008,0.0030664339096355686,0.0030664339096355686,Profuturo,CANASTA_PODADA
2025-01-03,2024-12-27,51.9825683,51.8937578,51.90405936386312,-0.0017084669516029827,-0.0015102935215473012,0.00019851258224190538,0.00019851258224190538,Profuturo,CANASTA_PODADA
2025-01-06,2024-12-31,51.5789013,52.3006609,51.77831729829918,0.013993310865658248,0.0038662319916298316,-0.009987323156385175,0.009987323156385175,Profuturo,CANASTA_PODADA
2025-01-07,2025-01-02,51.6789686,52.2017687,51.76290355336784,0.01011630290160248,0.0016241607687164095,-0.008407093429233958,0.008407093429233958,Profuturo,CANASTA_PODADA
2025-01-08,2025-01-03,51.8937578,52.2550235,51.97964060524262,0.006961640769826749,0.0016549737171398515,-0.0052699793495907254,0.0052699793495907254,Profuturo,CANASTA_PODADA
2025-01-09,2025-01-03,51.8937578,52.154422100000005,52.012301141833575,0.005023037664849905,0.002284346843611562,-0.0027250030283899607,0.0027250030283899607,Profuturo,CANASTA_PODADA
2025-01-10,2025-01-03,51.8937578,51.8770935,51.838503668519415,-0.0003211234010885855,-0.0010647548727061862,-0.0007438703457930407,0.0007438703457930407,Profuturo,CANASTA_PODADA
2025-01-13,2025-01-08,52.2550235,51.679751,52.08764128157621,-0.011008941561379215,-0.00320317946893256,0.00789265183526533,0.00789265183526533,Profuturo,CANASTA_PODADA
2025-01-14,2025-01-09,52.154422100000005,51.7166077,52.112900470458605,-0.008394578683290743,-0.0007961286477642382,0.007662775809995859,0.007662775809995859,Profuturo,CANASTA_PODADA
2025-01-15,2025-01-10,51.8770935,51.9732594,52.183137457274675,0.001853725671813189,0.00589940446981041,0.00403819309578779,0.00403819309578779,Profuturo,CANASTA_PODADA
2025-01-16,2025-01-10,51.8770935,51.8978888,52.1592767763298,0.00040085707577275365,0.005439458097817207,0.005036582072483142,0.005036582072483142,Profuturo,CANASTA_PODADA
2025-01-17,2025-01-10,51.8770935,51.9320817,52.17180063323819,0.001059970717133485,0.00568087210279411,0.0046160085517656935,0.0046160085517656935,Profuturo,CANASTA_PODADA
2025-01-20,2025-01-15,51.9732594,51.9329306,51.95480111317583,-0.0007759528739504917,-0.0003551496873057669,0.00042112996365029076,0.00042112996365029076,Profuturo,CANASTA_PODADA
2025-01-21,2025-01-16,51.8978888,52.1362523,52.031718304178256,0.004592932497092361,0.002578708060630319,-0.0020050155354520705,0.0020050155354520705,Profuturo,CANASTA_PODADA
2025-01-22,2025-01-17,51.9320817,52.0709962,52.032659900415716,0.0026749264703556097,0.0019367257603255528,-0.0007362313453163072,0.0007362313453163072,Profuturo,CANASTA_PODADA
2025-01-23,2025-01-17,51.9320817,51.9968762,52.02518293442742,0.0012476776951539925,0.001792749902945312,0.0005443929808117698,0.0005443929808117698,Profuturo,CANASTA_PODADA
2025-01-24,2025-01-17,51.9320817,51.9200746,52.021714410413836,-0.0002312077545698621,0.0017259602827328635,0.0019576206543785446,0.0019576206543785446,Profuturo,CANASTA_PODADA
2025-01-27,2025-01-22,52.0709962,51.302161000000005,51.85693773897972,-0.014765133300829736,-0.004110896211743431,0.01081390585047104,0.01081390585047104,Profuturo,CANASTA_PODADA
2025-01-28,2025-01-23,51.9968762,51.4058539,51.87610821577429,-0.011366496281944083,-0.002322600760884086,0.00914787480603052,0.00914787480603052,Profuturo,CANASTA_PODADA
2025-01-29,2025-01-24,51.9200746,51.3390433,51.8366020709637,-0.011190879529283215,-0.0016077120396953415,0.009691625300771722,0.009691625300771722,Profuturo,CANASTA_PODADA
2025-01-30,2025-01-24,51.9200746,51.5922827,52.0073414927023,-0.0063133942415406485,0.001680792898982153,0.008044978259942326,0.008044978259942326,Profuturo,CANASTA_PODADA
2025-01-31,2025-01-24,51.9200746,51.4974275,51.85124851773666,-0.00814034076907888,-0.0013256160125653116,0.0068706542231971035,0.0068706542231971035,Profuturo,CANASTA_PODADA
2025-02-03,2025-01-29,51.3390433,51.1911586,51.26903772208487,-0.0028805503666251564,-0.0013635933475825146,0.0015213393135600217,0.0015213393135600217,Profuturo,CANASTA_PODADA
2025-02-04,2025-01-30,51.5922827,51.4388543,51.617139269222925,-0.0029738633758881194,0.0004817885141361611,0.0034659591790893174,0.0034659591790893174,Profuturo,CANASTA_PODADA
2025-02-05,2025-01-31,51.4974275,51.64599200000001,51.73895167156314,0.0028848916773562827,0.0046900240126197534,0.0017999397041910115,0.0017999397041910115,Profuturo,CANASTA_PODADA
2025-02-06,2025-01-31,51.4974275,51.7735634,51.89082307946052,0.00536212998212382,0.007639130701441621,0.002264856265630666,0.002264856265630666,Profuturo,CANASTA_PODADA
2025-02-07,2025-01-31,51.4974275,51.5558786,51.85174026345659,0.0011350295119110232,0.006880203160761544,0.005738660100277793,0.005738660100277793,Profuturo,CANASTA_PODADA
2025-02-10,2025-02-05,51.64599200000001,51.7039861,51.91588833810088,0.0011229157918004606,0.005225891257948367,0.0040983733380060006,0.0040983733380060006,Profuturo,CANASTA_PODADA
2025-02-11,2025-02-06,51.7735634,51.62440000000001,51.70865311788949,-0.002881072698194709,-0.001253734103813131,0.001632040622060238,0.001632040622060238,Profuturo,CANASTA_PODADA
2025-02-12,2025-02-07,51.5558786,51.663730400000006,51.600517248474134,0.00209193990925427,0.0008658304287754159,-0.0012235498876378426,0.0012235498876378426,Profuturo,CANASTA_PODADA
2025-02-13,2025-02-07,51.5558786,51.8912495,51.733555586305776,0.006504998248638039,0.00344629926073603,-0.003038930748704094,0.003038930748704094,Profuturo,CANASTA_PODADA
2025-02-14,2025-02-07,51.5558786,51.9309927,51.86526275011131,0.007275874452850495,0.0060009480686322725,-0.0012657171848879933,0.0012657171848879933,Profuturo,CANASTA_PODADA
2025-02-17,2025-02-12,51.663730400000006,51.88879549999999,51.89865347805078,0.004356346285052437,0.004547156704169719,0.00018998278830317794,0.00018998278830317794,Profuturo,CANASTA_PODADA
2025-02-18,2025-02-13,51.8912495,51.8109976,51.95214687300745,-0.001546540134864216,0.0011735576536358039,0.0027243110448706975,0.0027243110448706975,Profuturo,CANASTA_PODADA
2025-02-19,2025-02-14,51.9309927,51.7765835,51.821869787701885,-0.0029733535211237117,-0.002101306110755541,0.0008746480482220154,0.0008746480482220154,Profuturo,CANASTA_PODADA
2025-02-20,2025-02-14,51.9309927,51.5640461,51.88765122484264,-0.007066042471396861,-0.0008345974706807091,0.0062757899993934885,0.0062757899993934885,Profuturo,CANASTA_PODADA
2025-02-21,2025-02-14,51.9309927,51.2561498,51.67105100061303,-0.012994993257658183,-0.005005521479025443,0.00809466185485963,0.00809466185485963,Profuturo,CANASTA_PODADA
2025-02-24,2025-02-19,51.7765835,51.0146534,51.52123652173336,-0.014715727622314101,-0.004931707752919734,0.009930149240871877,0.009930149240871877,Profuturo,CANASTA_PODADA
2025-02-25,2025-02-20,51.5640461,50.6494626,51.27756583851204,-0.01773684513093321,-0.00555581423793583,0.012400985247808638,0.012400985247808638,Profuturo,CANASTA_PODADA
2025-02-26,2025-02-21,51.2561498,50.7326124,51.29097073195299,-0.010214138245709603,0.0006793512990901363,0.01100590538391022,0.01100590538391022,Profuturo,CANASTA_PODADA
2025-02-27,2025-02-21,51.2561498,50.3709926,51.10294118077187,-0.017269287752862073,-0.0029890777950732916,0.014531152613654674,0.014531152613654674,Profuturo,CANASTA_PODADA
2025-02-28,2025-02-21,51.2561498,50.5392348,51.19700390070365,-0.01398690699159777,-0.0011539278608935222,0.013015018990822691,0.013015018990822691,Profuturo,CANASTA_PODADA
2025-03-03,2025-02-26,50.7326124,50.5158816,50.4389241708208,-0.004272021284675631,-0.005788943547074377,-0.0015234303894481327,0.0015234303894481327,Profuturo,CANASTA_PODADA
2025-03-04,2025-02-27,50.3709926,50.10203859999999,50.188679596120174,-0.005339461982331595,-0.0036194046309070416,0.0017292908340895696,0.0017292908340895696,Profuturo,CANASTA_PODADA
2025-03-05,2025-02-28,50.5392348,50.40861340000001,50.53545429727392,-0.002584554366857894,-7.480332341869289e-05,0.0025162544398398268,0.0025162544398398268,Profuturo,CANASTA_PODADA
2025-03-06,2025-02-28,50.5392348,50.3435682,50.525922442853876,-0.0038715782060080306,-0.0002634063851343349,0.0036221954337729567,0.0036221954337729567,Profuturo,CANASTA_PODADA
2025-03-07,2025-02-28,50.5392348,50.276602700000005,50.55831192634185,-0.005196598267451336,0.0003774716102715736,0.0056031873916144725,0.0056031873916144725,Profuturo,CANASTA_PODADA
2025-03-10,2025-03-05,50.40861340000001,49.8822293,50.11163001356051,-0.010442344363314815,-0.005891520643166559,0.0045988464585424715,0.0045988464585424715,Profuturo,CANASTA_PODADA
2025-03-11,2025-03-06,50.3435682,49.8009582,50.06722746267578,-0.010778139480387527,-0.005489097161853862,0.005346669467813259,0.005346669467813259,Profuturo,CANASTA_PODADA
2025-03-12,2025-03-07,50.276602700000005,50.022437,50.14150535365804,-0.0050553475443958495,-0.0026870818449704625,0.0023802989378154393,0.0023802989378154393,Profuturo,CANASTA_PODADA
2025-03-13,2025-03-07,50.276602700000005,50.034829,50.177396978977995,-0.004808871065586251,-0.0019731985793465245,0.0028493747620881305,0.0028493747620881305,Profuturo,CANASTA_PODADA
2025-03-14,2025-03-07,50.276602700000005,50.4938995,50.52499457358166,0.004322026317024719,0.004940506323862115,0.000615818423405079,0.000615818423405079,Profuturo,CANASTA_PODADA
2025-03-17,2025-03-12,50.022437,50.75427870000001,50.619581874807494,0.014630268813172975,0.011937540644161304,-0.002653900885651095,0.002653900885651095,Profuturo,CANASTA_PODADA
2025-03-18,2025-03-13,50.034829,50.7639291,50.60061949038204,0.014571851539654457,0.01130793292772192,-0.00321704037715953,0.00321704037715953,Profuturo,CANASTA_PODADA
2025-03-19,2025-03-14,50.4938995,50.8976528,50.81075316119632,0.007996080793879035,0.006275087967732018,-0.001707340791237577,0.001707340791237577,Profuturo,CANASTA_PODADA
2025-03-20,2025-03-14,50.4938995,50.9462308,50.81282908361114,0.008958137606306371,0.006316200308735143,-0.0026184805881431794,0.0026184805881431794,Profuturo,CANASTA_PODADA
2025-03-21,2025-03-14,50.4938995,51.008515200000005,50.83157907767839,0.010191641071413127,0.006687532177592992,-0.0034687565718755087,0.0034687565718755087,Profuturo,CANASTA_PODADA
2025-03-24,2025-03-19,50.8976528,51.3661991,50.988670471398756,0.009205656336278123,0.0017882488954137354,-0.007349748184915739,0.007349748184915739,Profuturo,CANASTA_PODADA
2025-03-25,2025-03-20,50.9462308,51.526961,51.20600663206826,0.011398884488231786,0.0050990196524658415,-0.006228862748799413,0.006228862748799413,Profuturo,CANASTA_PODADA
2025-03-26,2025-03-21,51.008515200000005,51.23758660000001,51.08739290296186,0.004490846265605475,0.0015463634385863845,-0.002931318725268528,0.002931318725268528,Profuturo,CANASTA_PODADA
2025-03-27,2025-03-21,51.008515200000005,51.21534690000001,51.1345574474463,0.0040548465131562406,0.0024710040461302096,-0.0015774461649445959,0.0015774461649445959,Profuturo,CANASTA_PODADA
2025-03-28,2025-03-21,51.008515200000005,50.903258400000006,50.84825097849276,-0.002063514289472934,-0.0031419111275611256,-0.0010806267267804426,0.0010806267267804426,Profuturo,CANASTA_PODADA
2025-03-31,2025-03-26,51.23758660000001,50.8582189,50.912742572209545,-0.0074040899498574175,-0.006339955672120978,0.0010720719952217461,0.0010720719952217461,Profuturo,CANASTA_PODADA
2025-04-01,2025-03-27,51.21534690000001,51.1183174,51.02381020280934,-0.0018945395447473867,-0.0037398301248384724,-0.0018487931919032308,0.0018487931919032308,Profuturo,CANASTA_PODADA
2025-04-02,2025-03-28,50.903258400000006,51.0882985,51.08361162661074,0.003635132716769185,0.0035430585836668804,-9.174064368699941e-05,9.174064368699941e-05,Profuturo,CANASTA_PODADA
2025-04-03,2025-03-28,50.903258400000006,50.1365938,50.56553691070352,-0.015061208733938458,-0.006634575072633875,0.008555489677153139,0.008555489677153139,Profuturo,CANASTA_PODADA
2025-04-04,2025-03-28,50.903258400000006,48.4767245,49.5315847357343,-0.047669520110720454,-0.02694667703758835,0.02176013842961466,0.02176013842961466,Profuturo,CANASTA_PODADA
2025-04-07,2025-04-02,51.0882985,47.8728128,49.13284244923676,-0.06293976887877761,-0.03827600660380648,0.026320359626680778,0.026320359626680778,Profuturo,CANASTA_PODADA
2025-04-08,2025-04-03,50.1365938,48.1185541,48.556179488054845,-0.04025083371339844,-0.031522171574909774,0.009094732712570108,0.009094732712570108,Profuturo,CANASTA_PODADA
2025-04-09,2025-04-04,48.4767245,48.9147638,49.025299831750736,0.009036074621749712,0.01131626233844929,0.002259768281876795,0.002259768281876795,Profuturo,CANASTA_PODADA
2025-04-10,2025-04-04,48.4767245,49.1600849,48.77098374305123,0.014096670248419985,0.0060701139791576875,-0.00791498138663238,0.00791498138663238,Profuturo,CANASTA_PODADA
2025-04-11,2025-04-04,48.4767245,49.8382965,49.02092406819114,0.028087128700289954,0.011225997090441586,-0.016400488965525817,0.016400488965525817,Profuturo,CANASTA_PODADA
2025-04-14,2025-04-09,48.9147638,50.3985545,49.22148841577694,0.030334209648171795,0.006270593823800352,-0.02335515563691537,0.02335515563691537,Profuturo,CANASTA_PODADA
2025-04-15,2025-04-10,49.1600849,50.4891108,49.746524905231844,0.027034654287181548,0.01192919024498762,-0.01470784260213498,0.01470784260213498,Profuturo,CANASTA_PODADA
2025-04-16,2025-04-11,49.8382965,50.125964,50.044548889120634,0.005772017107366523,0.004138431760416061,-0.0016242103768691063,0.0016242103768691063,Profuturo,CANASTA_PODADA
2025-04-17,2025-04-11,49.8382965,49.9565551,50.045758784332264,0.002372845949901281,0.0041627081762769524,0.00178562521282144,0.00178562521282144,Profuturo,CANASTA_PODADA
2025-04-18,2025-04-11,49.8382965,49.9679127,50.04281052587549,0.002600734958908557,0.00410355169092691,0.0014989184424245572,0.0014989184424245572,Profuturo,CANASTA_PODADA
2025-04-21,2025-04-16,50.125964,49.7969033,50.06312279537644,-0.006564675743692572,-0.0012536657574020449,0.005346105434962611,0.005346105434962611,Profuturo,CANASTA_PODADA
2025-04-22,2025-04-17,49.9565551,50.062703,50.16436276525659,0.0021248042381527554,0.004159767718983298,0.0020306487497607772,0.0020306487497607772,Profuturo,CANASTA_PODADA
2025-04-23,2025-04-18,49.9679127,50.2146764,50.34080287212224,0.004938443226186751,0.0074625925313513974,0.0025117451941250035,0.0025117451941250035,Profuturo,CANASTA_PODADA
2025-04-24,2025-04-18,49.9679127,50.5329439,50.5371229001122,0.011307880787263747,0.01139151446108344,8.269852871567451e-05,8.269852871567451e-05,Profuturo,CANASTA_PODADA
2025-04-25,2025-04-18,49.9679127,50.6503233,50.64213297059277,0.013656976309919022,0.013493064532046573,-0.00016170339839127745,0.00016170339839127745,Profuturo,CANASTA_PODADA
2025-04-28,2025-04-23,50.2146764,50.7359603,50.5600144520917,0.010381106428876574,0.0068772334474647145,-0.0034678726265934268,0.0034678726265934268,Profuturo,CANASTA_PODADA
2025-04-29,2025-04-24,50.5329439,50.82251529999999,50.77240785064903,0.00573034891006996,0.004738769051787495,-0.0009859301346102356,0.0009859301346102356,Profuturo,CANASTA_PODADA
2025-04-30,2025-04-25,50.6503233,50.8254508,50.70999143127272,0.003457579114801046,0.0011780404819790036,-0.002271684105304206,0.002271684105304206,Profuturo,CANASTA_PODADA
2025-05-01,2025-04-25,50.6503233,50.7995462,50.63399361394023,0.0029461391414258298,-0.00032240043095177473,-0.0032589382867316274,0.0032589382867316274,Profuturo,CANASTA_PODADA
2025-05-02,2025-04-25,50.6503233,51.131674,50.880131877504766,0.009503408243793032,0.004537159143952918,-0.004919497110445259,0.004919497110445259,Profuturo,CANASTA_PODADA
2025-05-05,2025-04-30,50.8254508,51.2835231,51.02261128749131,0.009012655919226953,0.0038791684950743033,-0.005087634326524815,0.005087634326524815,Profuturo,CANASTA_PODADA
2025-05-06,2025-05-01,50.7995462,51.2403612,51.1705077706582,0.008677538146984576,0.00730245835657084,-0.0013632501353602056,0.0013632501353602056,Profuturo,CANASTA_PODADA
2025-05-07,2025-05-02,51.131674,51.0345031,51.147349824617486,-0.001900405216539447,0.00030657757493890436,0.002211184938871069,0.002211184938871069,Profuturo,CANASTA_PODADA
2025-05-08,2025-05-02,51.131674,51.0216101,51.24536393882663,-0.00215255811886772,0.002223473826157729,0.0043854719282296895,0.0043854719282296895,Profuturo,CANASTA_PODADA
2025-05-09,2025-05-02,51.131674,51.2507265,51.2905826417123,0.002328351307254284,0.003107831785681414,0.0007776697899550822,0.0007776697899550822,Profuturo,CANASTA_PODADA
2025-05-12,2025-05-07,51.0345031,51.6444414,51.336618885877485,0.011951488952578693,0.005919833985362777,-0.005960419084376278,0.005960419084376278,Profuturo,CANASTA_PODADA
2025-05-13,2025-05-08,51.0216101,52.078273,51.37623275021076,0.020710104952176067,0.006950440205938602,-0.013480482538068106,0.013480482538068106,Profuturo,CANASTA_PODADA
2025-05-14,2025-05-09,51.2507265,52.0353521,51.61755937450266,0.015309550782660608,0.007157613160911236,-0.008029016978580938,0.008029016978580938,Profuturo,CANASTA_PODADA
2025-05-15,2025-05-09,51.2507265,52.2252352,51.60802949974558,0.019014534359820257,0.00697166702106311,-0.011818150706086716,0.011818150706086716,Profuturo,CANASTA_PODADA
2025-05-16,2025-05-09,51.2507265,52.2250157,51.55784438690588,0.019010251493703167,0.005992459187985855,-0.012774937530447228,0.012774937530447228,Profuturo,CANASTA_PODADA
2025-05-19,2025-05-14,52.0353521,52.3124065,52.0658334504243,0.005324349482012991,0.0005857815733758542,-0.004713471737831432,0.004713471737831432,Profuturo,CANASTA_PODADA
2025-05-20,2025-05-15,52.2252352,52.4681052,52.33391196948729,0.004650433819396005,0.00208092446249597,-0.002557615336044372,0.002557615336044372,Profuturo,CANASTA_PODADA
2025-05-21,2025-05-16,52.2250157,52.3348654,52.320182433271235,0.0021033923786832887,0.0018222442252178173,-0.0002805580298437249,0.0002805580298437249,Profuturo,CANASTA_PODADA
2025-05-22,2025-05-16,52.2250157,51.935269,52.33265418648504,-0.005548044287136511,0.002061052257089857,0.00765154766956222,0.00765154766956222,Profuturo,CANASTA_PODADA
2025-05-23,2025-05-16,52.2250157,52.1631087,52.449539448486945,-0.0011853897824677384,0.004299160957206727,0.005491059785839525,0.005491059785839525,Profuturo,CANASTA_PODADA
2025-05-26,2025-05-21,52.3348654,52.1575077,52.49682380355058,-0.003388901426313873,0.0030946559681146457,0.006505604245936603,0.006505604245936603,Profuturo,CANASTA_PODADA
2025-05-27,2025-05-22,51.935269,52.2345871,52.21643093858112,0.0057632916082517305,0.0054136994761906365,-0.00034758887600894184,0.00034758887600894184,Profuturo,CANASTA_PODADA
2025-05-28,2025-05-23,52.1631087,52.1864369,52.24939977564735,0.0004472164443680704,0.0016542548517117783,0.0012064988412219257,0.0012064988412219257,Profuturo,CANASTA_PODADA
2025-05-29,2025-05-23,52.1631087,52.2066504,52.28631579975425,0.0008347221069666677,0.0023619585340060034,0.0015259626722623487,0.0015259626722623487,Profuturo,CANASTA_PODADA
2025-05-30,2025-05-23,52.1631087,52.1499968,52.274962884323365,-0.0002513634698310119,0.0021443159181071536,0.002396281725627336,0.002396281725627336,Profuturo,CANASTA_PODADA
2025-06-02,2025-05-28,52.1864369,52.5580136,52.38759678202846,0.007120177618411105,0.003854639135718818,-0.003242451651017886,0.003242451651017886,Profuturo,CANASTA_PODADA
2025-06-03,2025-05-29,52.2066504,52.643775000000005,52.502013606577634,0.00837296774741958,0.005657578188115853,-0.002692842476102242,0.002692842476102242,Profuturo,CANASTA_PODADA
2025-06-04,2025-05-30,52.1499968,52.6363266,52.50717574741328,0.009325595970122835,0.006849069402306895,-0.002453644867130955,0.002453644867130955,Profuturo,CANASTA_PODADA
2025-06-05,2025-05-30,52.1499968,53.091277600000005,52.667237720330576,0.01804948912288351,0.00991833081628446,-0.007986997089507453,0.007986997089507453,Profuturo,CANASTA_PODADA
2025-06-06,2025-05-30,52.1499968,53.3943503,52.749860375354785,0.02386104652646881,0.01150265795135752,-0.012070376753796963,0.012070376753796963,Profuturo,CANASTA_PODADA
2025-06-09,2025-06-04,52.6363266,53.259653500000006,52.85374257985302,0.01184214287476526,0.004130531021004469,-0.007621358635894748,0.007621358635894748,Profuturo,CANASTA_PODADA
2025-06-10,2025-06-05,53.091277600000005,53.1253708,53.18620011529015,0.0006421619810481616,0.0017879116793027006,0.001145014413530543,0.001145014413530543,Profuturo,CANASTA_PODADA
2025-06-11,2025-06-06,53.3943503,53.217405,53.423067256942495,-0.0033139330098750364,0.0005378276312222319,0.0038645675591002515,0.0038645675591002515,Profuturo,CANASTA_PODADA
2025-06-12,2025-06-06,53.3943503,53.1905743,53.40539570166507,-0.0038164337398071124,0.0002068646140089836,0.004038711829909225,0.004038711829909225,Profuturo,CANASTA_PODADA
2025-06-13,2025-06-06,53.3943503,53.0479272,53.2516046633249,-0.006488010399107735,-0.002673422110636703,0.0038394989978967065,0.0038394989978967065,Profuturo,CANASTA_PODADA
2025-06-16,2025-06-11,53.217405,53.076399300000006,53.14083190481134,-0.002649616229878027,-0.0014388731504035857,0.0012139596065503522,0.0012139596065503522,Profuturo,CANASTA_PODADA
2025-06-17,2025-06-12,53.1905743,52.9010915,53.10041614647837,-0.005442370265966501,-0.0016950024456049428,0.0037678739857074373,0.0037678739857074373,Profuturo,CANASTA_PODADA
2025-06-18,2025-06-13,53.0479272,52.5779524,53.06652293680012,-0.008859437584207708,0.00035054596440708963,0.009292308172885733,0.009292308172885733,Profuturo,CANASTA_PODADA
2025-06-19,2025-06-13,53.0479272,52.6026366,53.06613485265,-0.008394118743248469,0.00034323023746729575,0.008811312181450814,0.008811312181450814,Profuturo,CANASTA_PODADA
2025-06-20,2025-06-13,53.0479272,52.6052386,52.99295883438004,-0.008345068758878749,-0.0010362019502235809,0.007370373078776193,0.007370373078776193,Profuturo,CANASTA_PODADA
2025-06-23,2025-06-18,52.5779524,52.7280456,52.49715148065112,0.0028546794454475943,-0.0015367833028978595,-0.004378962214918181,0.004378962214918181,Profuturo,CANASTA_PODADA
2025-06-24,2025-06-19,52.6026366,52.9245753,52.736697922680094,0.006120200826587485,0.002548566599418267,-0.003549908076823205,0.003549908076823205,Profuturo,CANASTA_PODADA
2025-06-25,2025-06-20,52.6052386,52.9437621,52.82619114510297,0.006435167086192184,0.004200200416978328,-0.0022206762465230012,0.0022206762465230012,Profuturo,CANASTA_PODADA
2025-06-26,2025-06-20,52.6052386,53.2956318,53.196247777133465,0.013124038943148175,0.01123479700619523,-0.0018647686406925157,0.0018647686406925157,Profuturo,CANASTA_PODADA
2025-06-27,2025-06-20,52.6052386,53.2801517,53.204792226442514,0.01282976977125605,0.011397222831767806,-0.0014144005066240029,0.0014144005066240029,Profuturo,CANASTA_PODADA
2025-06-30,2025-06-25,52.9437621,53.4427166,53.31828881279395,0.00942423583457419,0.007074047969740871,-0.0023282459261444455,0.0023282459261444455,Profuturo,CANASTA_PODADA
2025-07-01,2025-06-26,53.2956318,53.7332206,53.35504940586328,0.008210594099758772,0.0011148682144579425,-0.007037940214898009,0.007037940214898009,Profuturo,CANASTA_PODADA
2025-07-02,2025-06-27,53.2801517,53.8792662,53.519069330024145,0.011244609500614677,0.004484176985257049,-0.006685259384172082,0.006685259384172082,Profuturo,CANASTA_PODADA
2025-07-03,2025-06-27,53.2801517,54.0750871,53.63679792469577,0.014919916228391727,0.00669379146485749,-0.008105195919401953,0.008105195919401953,Profuturo,CANASTA_PODADA
2025-07-04,2025-06-27,53.2801517,54.071185400000005,53.66510767053305,0.014846686331788428,0.007225129025543842,-0.007510057833260642,0.007510057833260642,Profuturo,CANASTA_PODADA
2025-07-07,2025-07-02,53.8792662,54.0602213,53.88736519425025,0.0033585294077371763,0.0001503174564438936,-0.0031974731437096615,0.0031974731437096615,Profuturo,CANASTA_PODADA
2025-07-08,2025-07-03,54.0750871,53.8333591,53.97366636484038,-0.004470228583321023,-0.0018755538011813178,0.002606325653573771,0.002606325653573771,Profuturo,CANASTA_PODADA
2025-07-09,2025-07-04,54.071185400000005,53.978197300000005,53.88099061887834,-0.0017197348146171798,-0.003517488653423606,-0.001800850824665523,0.001800850824665523,Profuturo,CANASTA_PODADA
2025-07-10,2025-07-04,54.071185400000005,54.0625391,53.93892063627795,-0.00015990587104830478,-0.0024461228793785095,-0.002286582646319979,0.002286582646319979,Profuturo,CANASTA_PODADA
2025-07-11,2025-07-04,54.071185400000005,54.1454699,53.90046170628989,0.001373827842878983,-0.003157387663080824,-0.00452499893643199,0.00452499893643199,Profuturo,CANASTA_PODADA
2025-07-14,2025-07-09,53.978197300000005,54.224096,53.95519145821165,0.0045555189372727956,-0.0004262061895192737,-0.004959133699312446,0.004959133699312446,Profuturo,CANASTA_PODADA
2025-07-15,2025-07-10,54.0625391,53.8300235,53.94789583971454,-0.004300863479051786,-0.002120567442705723,0.002189713696010953,0.002189713696010953,Profuturo,CANASTA_PODADA
2025-07-16,2025-07-11,54.1454699,53.6236608,54.0237996482706,-0.009637170034052955,-0.002247099377918671,0.007461983055632615,0.007461983055632615,Profuturo,CANASTA_PODADA
2025-07-17,2025-07-11,54.1454699,53.9699439,54.11035304183288,-0.0032417485770126486,-0.000648565027360215,0.002601617338958917,0.002601617338958917,Profuturo,CANASTA_PODADA
2025-07-18,2025-07-11,54.1454699,54.00340489999999,54.132400503453525,-0.002623765206256179,-0.00024137562330917017,0.0023886568576998446,0.0023886568576998446,Profuturo,CANASTA_PODADA
2025-07-21,2025-07-16,53.6236608,54.3116357,53.85306477356159,0.012829689165869018,0.0042780364141343785,-0.008443327484581764,0.008443327484581764,Profuturo,CANASTA_PODADA
2025-07-22,2025-07-17,53.9699439,54.3983759,54.24749714222545,0.0079383443642973,0.005142737275023457,-0.002773589381637187,0.002773589381637187,Profuturo,CANASTA_PODADA
2025-07-23,2025-07-18,54.00340489999999,54.8912441,54.47639419401905,0.016440430036662512,0.008758508743937687,-0.007557669948693113,0.007557669948693113,Profuturo,CANASTA_PODADA
2025-07-24,2025-07-18,54.00340489999999,54.80718400000001,54.406061494809585,0.014883859665671073,0.007456133470754356,-0.0073187942878149,0.0073187942878149,Profuturo,CANASTA_PODADA
2025-07-25,2025-07-18,54.00340489999999,54.6432413,54.294500799535655,0.011848075157201876,0.005390324926265233,-0.0063821342249759105,0.0063821342249759105,Profuturo,CANASTA_PODADA
2025-07-28,2025-07-23,54.8912441,54.4858928,54.64042314717834,-0.0073846258478226234,-0.004569416433060303,0.002836153346070125,0.002836153346070125,Profuturo,CANASTA_PODADA
2025-07-29,2025-07-24,54.80718400000001,54.5478826,54.69441223487234,-0.0047311571417353315,-0.0020576091836367327,0.00268625706238379,0.00268625706238379,Profuturo,CANASTA_PODADA
2025-07-30,2025-07-25,54.6432413,54.3809381,54.35658016283133,-0.004800286252418906,-0.005246049288966215,-0.0004479131478732912,0.0004479131478732912,Profuturo,CANASTA_PODADA
2025-07-31,2025-07-25,54.6432413,54.485629200000005,54.38333820457971,-0.0028843841662810066,-0.004756363078708747,-0.0018773940380649723,0.0018773940380649723,Profuturo,CANASTA_PODADA
2025-08-01,2025-07-25,54.6432413,54.0080553,54.24659529915447,-0.011624237232061851,-0.007258830029278074,0.004416748535555293,0.004416748535555293,Profuturo,CANASTA_PODADA
2025-08-04,2025-07-30,54.3809381,54.5378394,54.47424844132651,0.002885226064167634,0.0017158648707920054,-0.001165997028358512,0.001165997028358512,Profuturo,CANASTA_PODADA
2025-08-05,2025-07-31,54.485629200000005,54.4604086,54.628333624104435,-0.00046288535840210976,0.0026191204212877572,0.0030834330557047984,0.0030834330557047984,Profuturo,CANASTA_PODADA
2025-08-06,2025-08-01,54.0080553,54.82228310000001,54.408982839807805,0.015076043665656735,0.0074234766939997865,-0.007538910034781132,0.007538910034781132,Profuturo,CANASTA_PODADA
2025-08-07,2025-08-01,54.0080553,54.9340089,54.48452483151189,0.017144731371210753,0.008822193816556245,-0.008182254990826143,0.008182254990826143,Profuturo,CANASTA_PODADA
2025-08-08,2025-08-01,54.0080553,55.0580649,54.73792568664338,0.019441722057339073,0.013514102342495837,-0.005814574375944348,0.005814574375944348,Profuturo,CANASTA_PODADA
2025-08-11,2025-08-06,54.82228310000001,54.9912445,55.041185616279364,0.003081984011716443,0.003992947828897586,0.0009081648675792753,0.0009081648675792753,Profuturo,CANASTA_PODADA
2025-08-12,2025-08-07,54.9340089,55.3052297,55.27953967010996,0.0067575770899179766,0.006289924529974789,-0.00046451357366006363,0.00046451357366006363,Profuturo,CANASTA_PODADA
2025-08-13,2025-08-08,55.0580649,55.6961066,55.29759638708548,0.011588523882175128,0.00435052498703925,-0.007155082055852802,0.007155082055852802,Profuturo,CANASTA_PODADA
2025-08-14,2025-08-08,55.0580649,55.8091817,55.2674166063377,0.01364226660279888,0.003802380390918847,-0.009707454529158666,0.009707454529158666,Profuturo,CANASTA_PODADA
2025-08-15,2025-08-08,55.0580649,55.7733316,55.294678309986544,0.012991134020040818,0.004297524993228441,-0.008582117587062954,0.008582117587062954,Profuturo,CANASTA_PODADA
2025-08-18,2025-08-13,55.6961066,55.58924700000001,55.72659044352841,-0.0019186188501009172,0.0005473244969766977,0.002470683647296079,0.002470683647296079,Profuturo,CANASTA_PODADA
2025-08-19,2025-08-14,55.8091817,55.0625048,55.745782007478894,-0.01337910496544703,-0.0011360082801771254,0.012409119598912444,0.012409119598912444,Profuturo,CANASTA_PODADA
2025-08-20,2025-08-15,55.7733316,54.8197735,55.64842137434624,-0.017097025991540393,-0.0022396048805116697,0.015115857316452486,0.015115857316452486,Profuturo,CANASTA_PODADA
2025-08-21,2025-08-15,55.7733316,54.975807,55.66011886062054,-0.014299389638756987,-0.002029872272852673,0.012447509149261515,0.012447509149261515,Profuturo,CANASTA_PODADA
2025-08-22,2025-08-15,55.7733316,55.4579795,56.002870368401084,-0.005654173615836089,0.004115564945040617,0.009825292470330371,0.009825292470330371,Profuturo,CANASTA_PODADA
2025-08-25,2025-08-20,54.8197735,55.41713730000001,55.098418862973126,0.010896867350245643,0.005082935320284143,-0.005751261298495125,0.005751261298495125,Profuturo,CANASTA_PODADA
2025-08-26,2025-08-21,54.975807,55.7440424,55.37742081965203,0.013974063172915274,0.007305282842906324,-0.006576874667919119,0.006576874667919119,Profuturo,CANASTA_PODADA
2025-08-27,2025-08-22,55.4579795,55.5999622,55.45836489962942,0.002560185229972145,6.949399038669313e-06,-0.002546715766842289,0.002546715766842289,Profuturo,CANASTA_PODADA
2025-08-28,2025-08-22,55.4579795,55.7230487,55.56555105340668,0.004779640412251318,0.0019396947811032295,-0.002826436282071576,0.002826436282071576,Profuturo,CANASTA_PODADA
2025-08-29,2025-08-22,55.4579795,55.6670379,55.590855933445205,0.003769672135278457,0.0023959840340956884,-0.0013685291948108969,0.0013685291948108969,Profuturo,CANASTA_PODADA
2025-09-01,2025-08-27,55.5999622,55.8580235,55.73694956548552,0.004641393443249431,0.002463803212541027,-0.002167529871773599,0.002167529871773599,Profuturo,CANASTA_PODADA
2025-09-02,2025-08-28,55.7230487,55.812169,55.893940065856626,0.0015993435764758424,0.0030667985661851915,0.0014651117726069973,0.0014651117726069973,Profuturo,CANASTA_PODADA
2025-09-03,2025-08-29,55.6670379,56.221644000000005,56.06999568615674,0.009962917391011628,0.007238714351581077,-0.002697329765797396,0.002697329765797396,Profuturo,CANASTA_PODADA
2025-09-04,2025-08-29,55.6670379,56.1129067,56.09275279115874,0.008009565746985858,0.007647521894796894,-0.0003591670798487323,0.0003591670798487323,Profuturo,CANASTA_PODADA
2025-09-05,2025-08-29,55.6670379,56.4166856,56.18937778914288,0.013466635342564315,0.00938328872610783,-0.004029088352845767,0.004029088352845767,Profuturo,CANASTA_PODADA
2025-09-08,2025-09-03,56.221644000000005,56.7154989,56.40962154581102,0.008784070775304853,0.003343508521576055,-0.0053931881076864086,0.0053931881076864086,Profuturo,CANASTA_PODADA
2025-09-09,2025-09-04,56.1129067,56.5469992,56.227294924057205,0.007736054421860761,0.002038536778512734,-0.0056537796959311715,0.0056537796959311715,Profuturo,CANASTA_PODADA
2025-09-10,2025-09-05,56.4166856,56.6225009,56.41354997296401,0.0036481281700815327,-5.557978109915762e-05,-0.0036902454627535386,0.0036902454627535386,Profuturo,CANASTA_PODADA
2025-09-11,2025-09-05,56.4166856,57.0627465,56.684318909847114,0.011451592611814165,0.004743868006438001,-0.006631780160684886,0.006631780160684886,Profuturo,CANASTA_PODADA
2025-09-12,2025-09-05,56.4166856,57.1254973,56.76727053524957,0.012563866389201594,0.006214206515697374,-0.006270873457243864,0.006270873457243864,Profuturo,CANASTA_PODADA
2025-09-15,2025-09-10,56.6225009,57.4642543,57.08887668023241,0.014866058309338959,0.008236580384467063,-0.0065323673706418894,0.0065323673706418894,Profuturo,CANASTA_PODADA
2025-09-16,2025-09-11,57.0627465,57.29098200000001,57.22695569908712,0.003999728614535014,0.002877695329423391,-0.0011175633350618552,0.0011175633350618552,Profuturo,CANASTA_PODADA
2025-09-17,2025-09-12,57.1254973,57.218021500000006,57.20757899603988,0.0016196655499400858,0.0014368661966970286,-0.00018250375819317544,0.00018250375819317544,Profuturo,CANASTA_PODADA
2025-09-18,2025-09-12,57.1254973,57.1569816,57.10789829771137,0.0005511426856323887,-0.0003080761327328707,-0.0008587455270491207,0.0008587455270491207,Profuturo,CANASTA_PODADA
2025-09-19,2025-09-12,57.1254973,57.575859300000005,57.20466684062005,0.007883730055510796,0.0013858879898109855,-0.006447015535553713,0.006447015535553713,Profuturo,CANASTA_PODADA
2025-09-22,2025-09-17,57.218021500000006,58.1074488,57.33553800661977,0.01554453084331131,0.0020538372970440033,-0.013284196937247583,0.013284196937247583,Profuturo,CANASTA_PODADA
2025-09-23,2025-09-18,57.1569816,58.0579942,57.397155035938745,0.01576382402950416,0.004201996487840143,-0.011382397431519586,0.011382397431519586,Profuturo,CANASTA_PODADA
2025-09-24,2025-09-19,57.575859300000005,58.1193792,57.9130745130264,0.009440065795075281,0.005856885457311778,-0.0035496712080089754,0.0035496712080089754,Profuturo,CANASTA_PODADA
2025-09-25,2025-09-19,57.575859300000005,57.9709657,57.71640914908641,0.006862362191440097,0.002441124644863235,-0.004391104199142126,0.004391104199142126,Profuturo,CANASTA_PODADA
2025-09-26,2025-09-19,57.575859300000005,58.0712219,57.59631343235775,0.008603651009686075,0.00035525535539426834,-0.008178034697806869,0.008178034697806869,Profuturo,CANASTA_PODADA
2025-09-29,2025-09-24,58.1193792,58.5942621,58.084442974975495,0.008170818521062273,-0.0006011114623967195,-0.00870083702316149,0.00870083702316149,Profuturo,CANASTA_PODADA
2025-09-30,2025-09-25,57.9709657,58.5841769,58.33677346648767,0.01057790210315579,0.006310189283040835,-0.004223041896357693,0.004223041896357693,Profuturo,CANASTA_PODADA
2025-10-01,2025-09-26,58.0712219,58.8807922,58.55456292442124,0.013940989590232933,0.008323245294434622,-0.005540504184635586,0.005540504184635586,Profuturo,CANASTA_PODADA
2025-10-02,2025-09-26,58.0712219,58.9470593,58.617394919922255,0.015082124524746776,0.009405226927423405,-0.005592550060894097,0.005592550060894097,Profuturo,CANASTA_PODADA
2025-10-03,2025-09-26,58.0712219,59.0512404,58.76616378671722,0.016876147391691187,0.011967061549245983,-0.004827614311769368,0.004827614311769368,Profuturo,CANASTA_PODADA
2025-10-06,2025-10-01,58.8807922,59.3145425,59.16682470492582,0.0073665839706551495,0.004857823650779913,-0.0024904144725415023,0.0024904144725415023,Profuturo,CANASTA_PODADA
2025-10-07,2025-10-02,58.9470593,59.1251882,59.06320940029188,0.0030218454001826878,0.001970413819979644,-0.0010482638887924223,0.0010482638887924223,Profuturo,CANASTA_PODADA
2025-10-08,2025-10-03,59.0512404,59.9689083,59.30166098957414,0.015540196849108012,0.004240733774224736,-0.011126554231867924,0.011126554231867924,Profuturo,CANASTA_PODADA
2025-10-09,2025-10-03,59.0512404,59.3653493,59.244732219323865,0.005319259982894398,0.003276676628859887,-0.0020317758102728067,0.0020317758102728067,Profuturo,CANASTA_PODADA
2025-10-10,2025-10-03,59.0512404,58.3257045,58.75313223662905,-0.012286548006195552,-0.005048296383812212,0.007328291021826416,0.007328291021826416,Profuturo,CANASTA_PODADA
2025-10-13,2025-10-08,59.9689083,59.37405149999999,59.83076451867517,-0.009919420193947537,-0.00230359006426728,0.007692131615360198,0.007692131615360198,Profuturo,CANASTA_PODADA
2025-10-14,2025-10-09,59.3653493,59.268596900000006,59.29553221837263,-0.001629779006454779,-0.0011760577921399173,0.0004544618867572403,0.0004544618867572403,Profuturo,CANASTA_PODADA
2025-10-15,2025-10-10,58.3257045,59.6684515,58.87694852813672,0.023021530755792385,0.009451133644458931,-0.013265016134418772,0.013265016134418772,Profuturo,CANASTA_PODADA
2025-10-16,2025-10-10,58.3257045,59.6306428,58.85462800610503,0.022373296836903034,0.009068446076035519,-0.0130136915762874,0.0130136915762874,Profuturo,CANASTA_PODADA
2025-10-17,2025-10-10,58.3257045,58.8427276,58.73212399074063,0.008864412430714896,0.006968102558291944,-0.0018796478982284759,0.0018796478982284759,Profuturo,CANASTA_PODADA
2025-10-20,2025-10-15,59.6684515,59.348136100000005,59.689552437388,-0.005368253942370171,0.00035363641685925984,0.005752772703977005,0.005752772703977005,Profuturo,CANASTA_PODADA
2025-10-21,2025-10-16,59.6306428,58.14982800000001,59.39780018285694,-0.024833118183324232,-0.003904747730525182,0.0214613219983546,0.0214613219983546,Profuturo,CANASTA_PODADA
2025-10-22,2025-10-17,58.8427276,57.8492938,58.58227952971567,-0.016882864553002253,-0.004426172628413827,0.012670608084686341,0.012670608084686341,Profuturo,CANASTA_PODADA
2025-10-23,2025-10-17,58.8427276,58.1788728,58.75729145163922,-0.011281849551787348,-0.0014519406534238,0.009942073880111701,0.009942073880111701,Profuturo,CANASTA_PODADA
2025-10-24,2025-10-17,58.8427276,58.38228300000001,58.89561923503765,-0.007825004359587107,0.0008988644339738006,0.008792671486273385,0.008792671486273385,Profuturo,CANASTA_PODADA
2025-10-27,2025-10-22,57.8492938,58.506013,58.28434984412343,0.011352242298245718,0.007520507434845003,-0.00378872434661659,0.00378872434661659,Profuturo,CANASTA_PODADA
2025-10-28,2025-10-23,58.1788728,58.8371255,58.61706509274723,0.011314291053091674,0.007531811320126369,-0.003740162446460249,0.003740162446460249,Profuturo,CANASTA_PODADA
2025-10-29,2025-10-24,58.38228300000001,59.12507539999999,58.792298943078166,0.012722907735553735,0.007022951519010556,-0.00562834727347894,0.00562834727347894,Profuturo,CANASTA_PODADA
2025-10-30,2025-10-24,58.38228300000001,58.7089664,58.7036308620957,0.005595591388572352,0.005504201712969836,-9.088114186761587e-05,9.088114186761587e-05,Profuturo,CANASTA_PODADA
2025-10-31,2025-10-24,58.38228300000001,58.5799875,58.67212318636051,0.003386378364134801,0.0049645229933967805,0.0015728184708216908,0.0015728184708216908,Profuturo,CANASTA_PODADA
2025-11-03,2025-10-29,59.12507539999999,58.4907244,58.89422789277487,-0.010728967290247082,-0.0039043926060705614,0.006898589424460422,0.006898589424460422,Profuturo,CANASTA_PODADA
2025-11-04,2025-10-30,58.7089664,57.5275104,58.24876915108798,-0.020123944815352846,-0.007838619501092547,0.01253763192728008,0.01253763192728008,Profuturo,CANASTA_PODADA
2025-11-05,2025-10-31,58.5799875,57.9572586,58.287288516856925,-0.010630403429157442,-0.004996569573236576,0.005694367277352841,0.005694367277352841,Profuturo,CANASTA_PODADA
2025-11-06,2025-10-31,58.5799875,57.7403067,58.28725430543753,-0.014333919070911416,-0.004997153585300285,0.009472544167097974,0.009472544167097974,Profuturo,CANASTA_PODADA
2025-11-07,2025-10-31,58.5799875,57.7805929,58.248432768606456,-0.01364620639429126,-0.0056598634711819695,0.00809683399088934,0.00809683399088934,Profuturo,CANASTA_PODADA
2025-11-10,2025-11-05,57.9572586,58.7279644,58.214858871305836,0.013297830480891504,0.004444659349464697,-0.00873698814417212,0.00873698814417212,Profuturo,CANASTA_PODADA
2025-11-11,2025-11-06,57.7403067,58.580538,58.012296213271746,0.014551902267606165,0.004710565786997245,-0.009700180403400371,0.009700180403400371,Profuturo,CANASTA_PODADA
2025-11-12,2025-11-07,57.7805929,58.9683654,58.272052536067356,0.020556599376812645,0.008505617741201066,-0.011808244288430747,0.011808244288430747,Profuturo,CANASTA_PODADA
2025-11-13,2025-11-07,57.7805929,58.2175818,57.98087388430576,0.007562900933818506,0.0034662327652534852,-0.004065918033274274,0.004065918033274274,Profuturo,CANASTA_PODADA
2025-11-14,2025-11-07,57.7805929,58.014718300000006,57.93634624112286,0.004051972959246086,0.00269559956562615,-0.0013508995850306516,0.0013508995850306516,Profuturo,CANASTA_PODADA
2025-11-17,2025-11-12,58.9683654,57.4037407,58.36453655622541,-0.02653328932193877,-0.01023987759671885,0.016737513000183446,0.016737513000183446,Profuturo,CANASTA_PODADA
2025-11-18,2025-11-13,58.2175818,56.9884,57.72843395472561,-0.021113583937971137,-0.008402063949595195,0.01298569454003995,0.01298569454003995,Profuturo,CANASTA_PODADA
2025-11-19,2025-11-14,58.014718300000006,57.4324455,57.75710712376503,-0.010036639271245207,-0.004440445179839325,0.0056529305158183885,0.0056529305158183885,Profuturo,CANASTA_PODADA
2025-11-20,2025-11-14,58.014718300000006,56.5112197,57.483555388629334,-0.025915813160123702,-0.009155657856062871,0.017206064455716152,0.017206064455716152,Profuturo,CANASTA_PODADA
2025-11-21,2025-11-14,58.014718300000006,56.42156850000001,57.49672009603505,-0.02746113135914341,-0.008928737726284108,0.019055684282067498,0.019055684282067498,Profuturo,CANASTA_PODADA
2025-11-24,2025-11-19,57.4324455,57.4079629,57.472409748608484,-0.0004262851735957751,0.0006958479350924751,0.0011226116613951564,0.0011226116613951564,Profuturo,CANASTA_PODADA
2025-11-25,2025-11-20,56.5112197,57.500415,57.016765293896924,0.01750440541278908,0.008945933154171914,-0.008411238529375309,0.008411238529375309,Profuturo,CANASTA_PODADA
2025-11-26,2025-11-21,56.42156850000001,58.4856981,57.143779281148824,0.036584052072214046,0.0128002606157398,-0.022944392602730623,0.022944392602730623,Profuturo,CANASTA_PODADA
2025-11-27,2025-11-21,56.42156850000001,58.5316483,57.175142541398415,0.03739846048413198,0.013356134213078574,-0.02317559470816377,0.02317559470816377,Profuturo,CANASTA_PODADA
2025-11-28,2025-11-21,56.42156850000001,59.0869103,57.4028100010355,0.04723976789124529,0.01739124818969695,-0.02850208769444662,0.02850208769444662,Profuturo,CANASTA_PODADA
2025-12-01,2025-11-26,58.4856981,59.2000335,58.75741294337237,0.012213847542327683,0.004645833976501201,-0.0074766943607832426,0.0074766943607832426,Profuturo,CANASTA_PODADA
2025-12-02,2025-11-27,58.5316483,59.3924849,58.84361310846006,0.014707199011171568,0.005329848338818444,-0.009241435047953939,0.009241435047953939,Profuturo,CANASTA_PODADA
2025-12-03,2025-11-28,59.0869103,59.8790644,59.40160881583526,0.013406592018063268,0.005326027613179463,-0.007973664734894137,0.007973664734894137,Profuturo,CANASTA_PODADA
2025-12-04,2025-11-28,59.0869103,60.1807608,59.5819098965365,0.01851256893356301,0.008377483168831468,-0.009950869605216073,0.009950869605216073,Profuturo,CANASTA_PODADA
2025-12-05,2025-11-28,59.0869103,60.1649474,59.631623862370745,0.01824493943796557,0.009218853373870628,-0.008864356418090358,0.008864356418090358,Profuturo,CANASTA_PODADA
2025-12-08,2025-12-03,59.8790644,60.0360654,60.01990474954858,0.002621968154866483,0.0023520799959022565,-0.000269182371358756,0.000269182371358756,Profuturo,CANASTA_PODADA
2025-12-09,2025-12-04,60.1807608,60.4283108,60.20534555895365,0.004113440852346217,0.0004085152568169548,-0.00368974803522637,0.00368974803522637,Profuturo,CANASTA_PODADA
2025-12-10,2025-12-05,60.1649474,60.754319,60.33101208793939,0.00979592978086763,0.002760156787561474,-0.006967519659970334,0.006967519659970334,Profuturo,CANASTA_PODADA
2025-12-11,2025-12-05,60.1649474,61.17211280000001,60.506857796819475,0.016740069484378894,0.005682883665572236,-0.010875135298261784,0.010875135298261784,Profuturo,CANASTA_PODADA
2025-12-12,2025-12-05,60.1649474,60.8453542,60.47169357881378,0.011309023433136112,0.005098420127826353,-0.006141152863668009,0.006141152863668009,Profuturo,CANASTA_PODADA
2025-12-15,2025-12-10,60.754319,60.8267696,60.82011175731401,0.0011925176875078325,0.0010829313602216395,-0.00010945579930965454,0.00010945579930965454,Profuturo,CANASTA_PODADA
2025-12-16,2025-12-11,61.17211280000001,60.7885564,61.13920988379899,-0.006270118562915039,-0.0005378744446605799,0.005768412750117413,0.005768412750117413,Profuturo,CANASTA_PODADA
2025-12-17,2025-12-12,60.8453542,60.4276991,60.75166040729574,-0.006864206897821079,-0.0015398676519540189,0.005361139214644428,0.005361139214644428,Profuturo,CANASTA_PODADA
2025-12-18,2025-12-12,60.8453542,60.9398429,60.938942387488126,0.001552932039633026,0.0015381320187650704,-1.4777073077731906e-05,1.4777073077731906e-05,Profuturo,CANASTA_PODADA
2025-12-19,2025-12-12,60.8453542,61.565853800000006,61.172942355503565,0.01184148912391425,0.005383946889794933,-0.006381970203366838,0.006381970203366838,Profuturo,CANASTA_PODADA
2025-12-22,2025-12-17,60.4276991,62.098931,60.98979295411751,0.027656719102184146,0.009301923827801595,-0.017860823496019473,0.017860823496019473,Profuturo,CANASTA_PODADA
2025-12-23,2025-12-18,60.9398429,62.446431700000005,61.498981880916546,0.02472255799005363,0.009175261279128488,-0.01517220108964945,0.01517220108964945,Profuturo,CANASTA_PODADA
2025-12-24,2025-12-19,61.565853800000006,62.563664,61.94760290557687,0.016207201531573512,0.006200662900201159,-0.009846947174051879,0.009846947174051879,Profuturo,CANASTA_PODADA
2025-12-26,2025-12-19,61.565853800000006,62.9144279,62.10283005454315,0.021904578865760804,0.008721981770731801,-0.012900027426886118,0.012900027426886118,Profuturo,CANASTA_PODADA
2025-12-29,2025-12-24,62.563664,62.5798657,62.497953793760985,0.0002589634136516139,-0.0010502934457133906,-0.0013089178975181914,0.0013089178975181914,Profuturo,CANASTA_PODADA
2025-12-30,2025-12-24,62.563664,62.9312751,62.611370213652705,0.005875792376865974,0.0007625226945260355,-0.005083400675402694,0.005083400675402694,Profuturo,CANASTA_PODADA
2025-12-31,2025-12-26,62.9144279,62.581457,62.69711431775275,-0.00529244103640647,-0.0034541136190996413,0.0018481084221599886,0.0018481084221599886,Profuturo,CANASTA_PODADA
2026-01-02,2025-12-26,62.9144279,63.0624452,62.76054450302708,0.0023526765630812463,-0.0024459158591970676,-0.0047873293846354414,0.0047873293846354414,Profuturo,CANASTA_PODADA
2026-01-05,2025-12-31,62.581457,64.0968477,63.00924294770001,0.02421469190146852,0.006835666157469111,-0.016968147285346014,0.016968147285346014,Profuturo,CANASTA_PODADA
2026-01-06,2025-12-31,62.581457,65.0222596,63.324801054929964,0.03900200981258717,0.01187802410752381,-0.026105806773132123,0.026105806773132123,Profuturo,CANASTA_PODADA
2026-01-07,2026-01-02,63.0624452,64.7466603,63.58871983981229,0.02670710110682495,0.008345293908969653,-0.01788417278702037,0.01788417278702037,Profuturo,CANASTA_PODADA
2026-01-08,2026-01-02,63.0624452,64.81597359999999,63.76232830466799,0.027806222775516476,0.011098255109651012,-0.016255951069012453,0.016255951069012453,Profuturo,CANASTA_PODADA
2026-01-09,2026-01-02,63.0624452,65.4085085,63.99330430744045,0.037202225390397636,0.014760910467208621,-0.021636392955811656,0.021636392955811656,Profuturo,CANASTA_PODADA
2026-01-12,2026-01-07,64.7466603,66.2644858,65.52264925874425,0.02344252959098192,0.011985003630283764,-0.01119508485276366,0.01119508485276366,Profuturo,CANASTA_PODADA
2026-01-13,2026-01-08,64.81597359999999,66.4142661,65.5025159269626,0.024658929137801433,0.010592177959085847,-0.013728227782636049,0.013728227782636049,Profuturo,CANASTA_PODADA
2026-01-14,2026-01-09,65.4085085,66.6723727,66.02712471030708,0.01932262681085284,0.009457733015072245,-0.009677891509820569,0.009677891509820569,Profuturo,CANASTA_PODADA
2026-01-15,2026-01-09,65.4085085,66.9858961,66.17322325239508,0.02411593898368758,0.01169136508280233,-0.012131999344932698,0.012131999344932698,Profuturo,CANASTA_PODADA
2026-01-16,2026-01-09,65.4085085,67.01718149999999,66.103677009155,0.024594246786715734,0.01062810519758317,-0.013630899873713465,0.013630899873713465,Profuturo,CANASTA_PODADA
2026-01-19,2026-01-14,66.6723727,66.883625,66.71417715243257,0.003168513305361831,0.000627013120122033,-0.0025334728428284548,0.0025334728428284548,Profuturo,CANASTA_PODADA
2026-01-20,2026-01-15,66.9858961,67.20638579999999,66.96887286672874,0.0032915839428471205,-0.00025413160474629937,-0.0035340828173391348,0.0035340828173391348,Profuturo,CANASTA_PODADA
2026-01-21,2026-01-16,67.01718149999999,67.5490132,67.26129433143956,0.007935751520675494,0.0036425410018110504,-0.004259408908144469,0.004259408908144469,Profuturo,CANASTA_PODADA
2026-01-22,2026-01-16,67.01718149999999,68.3665282,67.44597109522523,0.020134339728984374,0.006398203947524106,-0.013465026366144661,0.013465026366144661,Profuturo,CANASTA_PODADA
2026-01-23,2026-01-16,67.01718149999999,69.1839112,67.68162914974714,0.0323309582931357,0.009914586601156072,-0.021714326701044562,0.021714326701044562,Profuturo,CANASTA_PODADA
2026-01-26,2026-01-21,67.5490132,69.7924912,68.25588145835421,0.03321259473262006,0.010464523830441497,-0.022016834694185472,0.022016834694185472,Profuturo,CANASTA_PODADA
2026-01-27,2026-01-22,68.3665282,70.4966383,69.10363483663284,0.031157207424202582,0.010781688876704276,-0.0197598565968381,0.0197598565968381,Profuturo,CANASTA_PODADA
2026-01-28,2026-01-23,69.1839112,70.9825421,69.7743881588518,0.02599782042967247,0.008534888366528381,-0.01702043777815332,0.01702043777815332,Profuturo,CANASTA_PODADA
2026-01-29,2026-01-23,69.1839112,70.4476009,69.87541569322428,0.018265658562535814,0.009995163344050484,-0.008122139000701023,0.008122139000701023,Profuturo,CANASTA_PODADA
2026-01-30,2026-01-23,69.1839112,67.2804365,69.25305262549087,-0.02751325657922621,0.0009993859018897489,0.02931931224154405,0.02931931224154405,Profuturo,CANASTA_PODADA
2026-02-02,2026-01-28,70.9825421,67.3680682,70.50715981104752,-0.050920603757864114,-0.006697171936766888,0.04659613515602512,0.04659613515602512,Profuturo,CANASTA_PODADA
2026-02-03,2026-01-29,70.4476009,69.0049085,70.3197784208769,-0.020478942952903312,-0.0018144333872284202,0.019054730300481548,0.019054730300481548,Profuturo,CANASTA_PODADA
2026-02-04,2026-01-30,67.2804365,67.75380750000001,67.41113366597153,0.007035789668219827,0.0019425730980735523,-0.005057632134230605,0.005057632134230605,Profuturo,CANASTA_PODADA
2026-02-05,2026-01-30,67.2804365,66.4806454,66.96145337154832,-0.011887424362949761,-0.004741097784817128,0.00723229999732089,0.00723229999732089,Profuturo,CANASTA_PODADA
2026-02-06,2026-01-30,67.2804365,68.1494962,67.42774759552843,0.012916974758331312,0.0021895086178347345,-0.01059066676521625,0.01059066676521625,Profuturo,CANASTA_PODADA
2026-02-09,2026-02-04,67.75380750000001,69.5301336,68.1347149326895,0.02621736202795666,0.005621933980455518,-0.020069264864903014,0.020069264864903014,Profuturo,CANASTA_PODADA
2026-02-10,2026-02-05,66.4806454,68.9387323,67.16530094284958,0.036974474077533515,0.01029856943671592,-0.025724745697860985,0.025724745697860985,Profuturo,CANASTA_PODADA
2026-02-11,2026-02-06,68.1494962,69.7711417,68.42352118758915,0.023795414352600908,0.004020939300636295,-0.019314869723722095,0.019314869723722095,Profuturo,CANASTA_PODADA
2026-02-12,2026-02-06,68.1494962,68.28001669999999,68.02086454483329,0.0019152085822755627,-0.0018874923856988524,-0.0037954319241797485,0.0037954319241797485,Profuturo,CANASTA_PODADA
2026-02-13,2026-02-06,68.1494962,68.8662011,67.84662299322383,0.010516657348378144,-0.004444247186909722,-0.014805203285362611,0.014805203285362611,Profuturo,CANASTA_PODADA
2026-02-16,2026-02-11,69.7711417,68.86618440000001,69.18212451868398,-0.012970366801379085,-0.008442131903884542,0.0045877395624081,0.0045877395624081,Profuturo,CANASTA_PODADA
2026-02-17,2026-02-12,68.28001669999999,67.9997361,67.93710766869137,-0.004104870114948089,-0.005022099405968983,-0.0009210099171051978,0.0009210099171051978,Profuturo,CANASTA_PODADA
2026-02-18,2026-02-13,68.8662011,68.88723490000001,68.91096449684709,0.0003054299447919906,0.0006500053165716668,0.0003444701602774991,0.0003444701602774991,Profuturo,CANASTA_PODADA
2026-02-19,2026-02-13,68.8662011,69.1669852,69.15287196610059,0.0043676592464165775,0.00416272222834424,-0.00020404581547972533,0.00020404581547972533,Profuturo,CANASTA_PODADA
2026-02-20,2026-02-13,68.8662011,69.9947923,69.45537698997407,0.01638817274618054,0.008555370857738165,-0.007706506331413565,0.007706506331413565,Profuturo,CANASTA_PODADA
2026-02-23,2026-02-18,68.88723490000001,70.5307253,69.47388761416575,0.02385769152130668,0.008516130964137947,-0.01498407511533495,0.01498407511533495,Profuturo,CANASTA_PODADA
2026-02-24,2026-02-19,69.1669852,71.4637068,69.78281760569722,0.03320546057282825,0.008903560042649028,-0.023520878912801968,0.023520878912801968,Profuturo,CANASTA_PODADA
2026-02-25,2026-02-20,69.9947923,72.0136832,70.59950710183858,0.028843444400077134,0.008639425619648256,-0.01963760267939496,0.01963760267939496,Profuturo,CANASTA_PODADA
2026-02-26,2026-02-20,69.9947923,71.9823344,70.51163049949365,0.028395571080221726,0.007383952184306208,-0.020431456033834228,0.020431456033834228,Profuturo,CANASTA_PODADA
2026-02-27,2026-02-20,69.9947923,72.1394286,70.5270585258319,0.03063994090886113,0.007604368958630481,-0.022350746401228028,0.022350746401228028,Profuturo,CANASTA_PODADA
2026-03-02,2026-02-25,72.0136832,72.0701188,71.86405347907959,0.0007836788439672393,-0.0020777956948105913,-0.0028592338177250154,0.0028592338177250154,Profuturo,CANASTA_PODADA
2026-03-03,2026-02-26,71.9823344,69.2514343,71.2232781553885,-0.03793847647152715,-0.01054503512477778,0.028473689755599718,0.028473689755599718,Profuturo,CANASTA_PODADA
2026-03-04,2026-02-27,72.1394286,69.74213900000001,71.54681396911414,-0.033231336129546096,-0.008214850635590687,0.025876392594069042,0.025876392594069042,Profuturo,CANASTA_PODADA
2026-03-05,2026-02-27,72.1394286,67.8341914,71.0032107756584,-0.05967939147219703,-0.015750302523765747,0.046717139399090835,0.046717139399090835,Profuturo,CANASTA_PODADA
2026-03-06,2026-02-27,72.1394286,67.3626335,70.63621968188377,-0.06621614826597066,-0.020837549552149226,0.048596469760698646,0.048596469760698646,Profuturo,CANASTA_PODADA
2026-03-09,2026-03-04,69.74213900000001,67.96706710000001,68.99306157036989,-0.025451927994350698,-0.010740671857370376,0.015095464820636284,0.015095464820636284,Profuturo,CANASTA_PODADA
2026-03-10,2026-03-05,67.8341914,68.4964052,68.07590542693102,0.00976224211320087,0.0035633066738527397,-0.006139004986337349,0.006139004986337349,Profuturo,CANASTA_PODADA
2026-03-11,2026-03-06,67.3626335,67.9244297,67.70578962833076,0.008339878814268786,0.005094161414143095,-0.003218872394437522,0.003218872394437522,Profuturo,CANASTA_PODADA
2026-03-12,2026-03-06,67.3626335,66.5923372,67.23482536924517,-0.01143506807820982,-0.0018973149372913944,0.009648079587829317,0.009648079587829317,Profuturo,CANASTA_PODADA
2026-03-13,2026-03-06,67.3626335,65.5049918,66.94363302901007,-0.027576738073935347,-0.006220072601376692,0.02196231446608743,0.02196231446608743,Profuturo,CANASTA_PODADA
2026-03-16,2026-03-11,67.9244297,66.1903339,67.3976338171803,-0.025529780782244882,-0.007755617310978957,0.018239822131797867,0.018239822131797867,Profuturo,CANASTA_PODADA
2026-03-17,2026-03-12,66.5923372,66.2901412,66.64659226097646,-0.004537999606357257,0.0008147342961324355,0.005377135340548511,0.005377135340548511,Profuturo,CANASTA_PODADA
2026-03-18,2026-03-13,65.5049918,64.8530784,65.30741748548918,-0.00995211787813699,-0.0030161718837253826,0.007005667220404188,0.007005667220404188,Profuturo,CANASTA_PODADA
2026-03-19,2026-03-13,65.5049918,63.7072561,65.1033348507061,-0.027444255019355546,-0.0061316998637330755,0.021913967672924084,0.021913967672924084,Profuturo,CANASTA_PODADA
2026-03-20,2026-03-13,65.5049918,62.2845025,64.66610335981011,-0.04916402874811132,-0.012806481111411805,0.03823745497220776,0.03823745497220776,Profuturo,CANASTA_PODADA
2026-03-23,2026-03-18,64.8530784,63.7514175,64.60412097683121,-0.016987025553439228,-0.003838791146247189,0.013375443406120402,0.013375443406120402,Profuturo,CANASTA_PODADA
2026-03-24,2026-03-19,63.7072561,63.8695262,63.73988079210395,0.0025471211590919474,0.0005121032375454693,-0.002029847653638117,0.002029847653638117,Profuturo,CANASTA_PODADA
2026-03-25,2026-03-20,62.2845025,64.86870640000001,63.0349893367677,0.0414903193615459,0.01204933501343608,-0.02826813058248845,0.02826813058248845,Profuturo,CANASTA_PODADA
2026-03-26,2026-03-20,62.2845025,63.382884700000005,62.658474570042266,0.01763491969772102,0.006004255553655025,-0.011429112660089169,0.011429112660089169,Profuturo,CANASTA_PODADA
2026-03-27,2026-03-20,62.2845025,63.6131059,62.47261357606812,0.02133120353654583,0.003020190713863613,-0.01792857474566234,0.01792857474566234,Profuturo,CANASTA_PODADA
2026-03-30,2026-03-25,64.86870640000001,63.1341003,64.20821170743339,-0.026740260385399117,-0.010182023493636505,0.017013173583363628,0.017013173583363628,Profuturo,CANASTA_PODADA
2026-03-31,2026-03-26,63.382884700000005,65.1797399,63.885151560985946,0.028349217750261113,0.00792432946785615,-0.01986182118861224,0.01986182118861224,Profuturo,CANASTA_PODADA
2026-04-01,2026-03-27,63.6131059,66.4258527,64.66481769336849,0.04421646703466475,0.016532942048479438,-0.02651128943101244,0.02651128943101244,Profuturo,CANASTA_PODADA
2026-04-02,2026-03-27,63.6131059,65.9194978,64.56372625041634,0.036256552283827403,0.014943781426278946,-0.02056707946557912,0.02056707946557912,Profuturo,CANASTA_PODADA
2026-04-03,2026-03-27,63.6131059,65.9178842,64.57373215147256,0.03623118644172352,0.015101074501576273,-0.020391310565266108,0.020391310565266108,Profuturo,CANASTA_PODADA
2026-04-06,2026-04-01,66.4258527,65.90005049999999,66.41944279370318,-0.007915625899071133,-9.649716241888484e-05,0.007881515867778965,0.007881515867778965,Profuturo,CANASTA_PODADA
2026-04-07,2026-04-02,65.9194978,65.8954016,65.98021831705165,-0.0003655397993642673,0.0009211313659560627,0.0012871416668269742,0.0012871416668269742,Profuturo,CANASTA_PODADA
2026-04-08,2026-04-03,65.9178842,68.1833191,66.66036392575288,0.03436753056464159,0.01126370687960998,-0.022336184192111697,0.022336184192111697,Profuturo,CANASTA_PODADA
2026-04-09,2026-04-03,65.9178842,68.1696927,66.80810899325834,0.03416081276467908,0.013505057148941901,-0.019973446451250543,0.019973446451250543,Profuturo,CANASTA_PODADA
2026-04-10,2026-04-03,65.9178842,68.6648503,66.78239204249371,0.041672546583344294,0.013114920980635825,-0.0274151658276649,0.0274151658276649,Profuturo,CANASTA_PODADA
2026-04-13,2026-04-08,68.1833191,69.1042024,68.68011035668746,0.013505991086315339,0.0072861113721796045,-0.006136993534166635,0.006136993534166635,Profuturo,CANASTA_PODADA
2026-04-14,2026-04-09,68.1696927,69.83278390000001,68.56160403995966,0.024396342922050618,0.005749055400387171,-0.01820319610715604,0.01820319610715604,Profuturo,CANASTA_PODADA
2026-04-15,2026-04-10,68.6648503,68.8050343,68.6733656805598,0.0020415685665595706,0.00012401367690451082,-0.0019136480459570615,0.0019136480459570615,Profuturo,CANASTA_PODADA
2026-04-16,2026-04-10,68.6648503,69.4941034,68.9840010933985,0.012076820911673947,0.004647950035631343,-0.0073402243016994495,0.0073402243016994495,Profuturo,CANASTA_PODADA
2026-04-17,2026-04-10,68.6648503,70.09192780000001,69.0974301572327,0.020783231795671986,0.0062998733026102816,-0.014188476105337133,0.014188476105337133,Profuturo,CANASTA_PODADA
2026-04-20,2026-04-15,68.8050343,69.7637761,69.23428428559698,0.01393418097605692,0.0062386421279203574,-0.007589781459708234,0.007589781459708234,Profuturo,CANASTA_PODADA
2026-04-21,2026-04-16,69.4941034,68.2148193,69.24952891485707,-0.018408527305354028,-0.0035193559334838476,0.015168399263898236,0.015168399263898236,Profuturo,CANASTA_PODADA
2026-04-22,2026-04-17,70.09192780000001,69.3758296,69.93617348715509,-0.010216557347991873,-0.0022221433727626083,0.008076932418478622,0.008076932418478622,Profuturo,CANASTA_PODADA
2026-04-23,2026-04-17,70.09192780000001,68.5443047,69.68121353080805,-0.022079904898835045,-0.0058596514903097585,0.01658648133909879,0.01658648133909879,Profuturo,CANASTA_PODADA
2026-04-24,2026-04-17,70.09192780000001,69.29837309999999,69.52546673728214,-0.011321627538399825,-0.008081687585112518,0.003277041395393976,0.003277041395393976,Profuturo,CANASTA_PODADA
2026-04-27,2026-04-22,69.3758296,68.8970772,68.86500218205421,-0.006900852973728,-0.007363190046030033,-0.0004655497627668037,0.0004655497627668037,Profuturo,CANASTA_PODADA
2026-04-28,2026-04-23,68.5443047,67.7320239,68.06697180311113,-0.011850449188377188,-0.0069638593458352105,0.004945192596129244,0.004945192596129244,Profuturo,CANASTA_PODADA
2026-04-29,2026-04-24,69.29837309999999,67.05704010000001,68.82070070922815,-0.03234322682822088,-0.006892981312599522,0.0263009015399136,0.0263009015399136,Profuturo,CANASTA_PODADA
2026-04-30,2026-04-24,69.29837309999999,68.2211164,69.12114509033981,-0.015545194667780593,-0.0025574627762824376,0.01319281679682116,0.01319281679682116,Profuturo,CANASTA_PODADA
2026-05-01,2026-04-24,69.29837309999999,68.0293085,69.0966342839882,-0.018313050411280063,-0.0029111623691464583,0.015689205248767157,0.015689205248767157,Profuturo,CANASTA_PODADA
2026-05-04,2026-04-29,67.05704010000001,67.6056176,67.16232914901569,0.008180759233958446,0.001570141611658693,-0.006556976575631701,0.006556976575631701,Profuturo,CANASTA_PODADA
2026-05-05,2026-04-30,68.2211164,67.9996896,68.16858550974759,-0.003245722317144706,-0.0007700092438301942,0.00248377471634198,0.00248377471634198,Profuturo,CANASTA_PODADA
2026-05-06,2026-05-01,68.0293085,69.8290569,68.57849820101534,0.026455485726420314,0.00807283967931749,-0.017908858496765157,0.017908858496765157,Profuturo,CANASTA_PODADA
2026-05-07,2026-05-01,68.0293085,69.5037787,68.62990256147303,0.02167404362194869,0.008828460478516043,-0.012573073793568645,0.012573073793568645,Profuturo,CANASTA_PODADA
2026-05-08,2026-05-01,68.0293085,70.3897559,68.86497510008553,0.034697506884109997,0.012283920247190716,-0.021661970274206688,0.021661970274206688,Profuturo,CANASTA_PODADA
2026-05-11,2026-05-06,69.8290569,71.3705229,70.16513788970848,0.022074850619957287,0.0048129103360190495,-0.01688911558039774,0.01688911558039774,Profuturo,CANASTA_PODADA
2026-05-12,2026-05-07,69.5037787,70.812851,69.91131001262534,0.01883454863152645,0.0058634410998625874,-0.01273131888694412,0.01273131888694412,Profuturo,CANASTA_PODADA
2026-05-13,2026-05-08,70.3897559,71.0845734,70.70352921575571,0.009871003118509192,0.004457655972006425,-0.005360434282978832,0.005360434282978832,Profuturo,CANASTA_PODADA
2026-05-14,2026-05-08,70.3897559,70.8470989,70.71919799652603,0.006497294871284032,0.004680256271865302,-0.0018053089746765671,0.0018053089746765671,Profuturo,CANASTA_PODADA
2026-05-15,2026-05-08,70.3897559,68.478899,70.12839197346892,-0.027146803900196526,-0.0037130960775368926,0.024087609432343893,0.024087609432343893,Profuturo,CANASTA_PODADA
2026-05-18,2026-05-13,71.0845734,67.9831173,70.45167617602104,-0.043630508725821415,-0.008903439856318585,0.03631135161289567,0.03631135161289567,Profuturo,CANASTA_PODADA
2026-05-19,2026-05-14,70.8470989,67.128032,70.06590548603435,-0.05249427228134529,-0.011026470047394654,0.043765225919841555,0.043765225919841555,Profuturo,CANASTA_PODADA
2026-05-20,2026-05-15,68.478899,68.4622573,68.68004105809413,-0.00024301938616144714,0.0029372852226221546,0.003181077672326893,0.003181077672326893,Profuturo,CANASTA_PODADA
2026-05-21,2026-05-15,68.478899,68.9077609,68.94669589574112,0.006262686846060461,0.006831256088698501,0.0005650306327267263,0.0005650306327267263,Profuturo,CANASTA_PODADA
2026-05-22,2026-05-15,68.478899,68.6568631,68.88454094089177,0.0025988166077259844,0.005923604888737666,0.003316170162918075,0.003316170162918075,Profuturo,CANASTA_PODADA
2026-05-25,2026-05-20,68.4622573,68.6882542,68.64148836238108,0.0033010436540192867,0.002617954321834537,-0.0006808418435377828,0.0006808418435377828,Profuturo,CANASTA_PODADA
2026-05-26,2026-05-21,68.9077609,70.8321633,69.31859390988949,0.027927222926205975,0.0059620716813841845,-0.02136839141422242,0.02136839141422242,Profuturo,CANASTA_PODADA
2026-05-27,2026-05-22,68.6568631,70.1458301,69.06038250751948,0.021687081709971245,0.005877335335460199,-0.015474157065831329,0.015474157065831329,Profuturo,CANASTA_PODADA
2026-05-28,2026-05-22,68.6568631,70.6707533,69.10569486231674,0.029332685897209387,0.00653731822356951,-0.02214577267967599,0.02214577267967599,Profuturo,CANASTA_PODADA
2026-05-29,2026-05-22,68.6568631,71.15447420000001,69.27594826346808,0.036378170910054575,0.009017090725021548,-0.026400672025933214,0.026400672025933214,Profuturo,CANASTA_PODADA
2026-06-22,2026-05-29,71.15447420000001,72.766161,71.52910709111084,0.022650533478328905,0.005265064429508914,-0.01700040089910959,0.01700040089910959,Profuturo,CANASTA_PODADA
2026-06-23,2026-05-29,71.15447420000001,70.9600594,71.10826917958362,-0.002732291991274449,-0.000649362122844499,0.0020886366335766127,0.0020886366335766127,Profuturo,CANASTA_PODADA
2026-06-24,2026-05-29,71.15447420000001,70.7652183,70.85147561658482,-0.005470575172910386,-0.0042583208831468156,0.0012189224969127999,0.0012189224969127999,Profuturo,CANASTA_PODADA
2026-06-25,2026-05-29,71.15447420000001,71.4791849,70.81289762498687,0.004563461449905493,-0.004800493276825191,-0.009321416800503135,0.009321416800503135,Profuturo,CANASTA_PODADA
2026-06-26,2026-05-29,71.15447420000001,71.1445756,70.85468413954712,-0.0001391142315547711,-0.004213228526013024,-0.00407468114059395,0.00407468114059395,Profuturo,CANASTA_PODADA
2026-06-29,2026-06-24,70.7652183,71.2934767,70.75981307740999,0.007464944116479799,-7.638247602237414e-05,-0.0074854481404469375,0.0074854481404469375,Profuturo,CANASTA_PODADA
2026-06-30,2026-06-25,71.4791849,71.9348302,71.7611633518067,0.006374517289717829,0.003944903011991352,-0.0024142247602509936,0.0024142247602509936,Profuturo,CANASTA_PODADA
