fecha_cuota,afp,cuota_sbs,retorno_real,retorno_estimado
2024-02-26,Habitat,21.9302475,0.0019222664572737802,-0.0020762572380823973
2024-02-27,Habitat,21.923793,-0.0002943195237536944,0.0026745822705433347
2024-02-28,Habitat,21.862389800000003,-0.0028007562377548867,-0.0014480248626918147
2024-02-29,Habitat,21.8716474,0.0004234486753136313,0.00019819593726145732
2024-03-01,Habitat,21.9215492,0.0022815748209255027,0.002953198187995621
2024-03-04,Habitat,21.9957217,0.0033835428018016422,-0.0016727296239925481
2024-03-05,Habitat,21.8918414,-0.00472275024283475,-0.0009663059174405278
2024-03-06,Habitat,21.9385361,0.0021329726973080554,0.0014092142014523479
2024-03-07,Habitat,21.9670167,0.0012981996551719721,0.00256385295180275
2024-03-08,Habitat,21.8544775,-0.005123098941332227,-0.0020447456740554505
2024-03-11,Habitat,21.8320377,-0.0010267827267891327,-0.00017724007231678836
2024-03-12,Habitat,21.8778521,0.0020984939944472814,0.002649811381336045
2024-03-13,Habitat,21.9033867,0.001167143825787198,0.004088083537329909
2024-03-14,Habitat,21.8943938,-0.00041057121088949877,-0.0008739746143909943
2024-03-15,Habitat,21.8997237,0.00024343674680782357,0.0018769030600305414
2024-03-18,Habitat,22.013175500000003,0.005180512848205643,-0.0011568712878357436
2024-03-19,Habitat,21.9206718,-0.004202196997884378,0.0014723111343361752
2024-03-20,Habitat,22.0158811,0.004343356849127344,0.003380934668553409
2024-03-21,Habitat,22.028102,0.0005550947493080383,0.0005575790196847396
2024-03-22,Habitat,22.1037092,0.0034323066054442464,-0.0019311203422728751
2024-03-25,Habitat,22.073967,-0.0013455750675547273,-0.0005689942987882108
2024-03-26,Habitat,21.890702500000003,-0.008302291110609872,0.00114513922320326
2024-03-27,Habitat,21.662628800000004,-0.010418747411144014,0.00224066595287259
2024-03-28,Habitat,21.6669967,0.00020163296155417676,0.0016530008446086148
2024-03-29,Habitat,21.6698466,0.00013153184262049145,0.0002864807114240039
2024-04-01,Habitat,21.4612382,-0.009626667131090727,0.0002864807114240039
2024-04-02,Habitat,21.3454998,-0.005392904124236431,0.0009331516254213359
2024-04-03,Habitat,21.3173488,-0.001318825994413908,0.0020500367039488904
2024-04-04,Habitat,21.0798805,-0.011139673241167714,-0.002310185324758499
2024-04-05,Habitat,20.6709382,-0.019399649822493203,0.0004547802173919022
2024-04-08,Habitat,20.6578192,-0.0006346591467241147,0.0012706402189721594
2024-04-09,Habitat,20.6826106,0.0012000976366373095,0.0019330977798962283
2024-04-10,Habitat,20.7123279,0.0014368253879903925,-3.853169746497614e-05
2024-04-11,Habitat,20.6877692,-0.0011857044808564199,0.00134485532751306
2024-04-12,Habitat,20.6081078,-0.00385065200746737,-0.004494670723213572
2024-04-15,Habitat,20.5833726,-0.0012002654605678398,-0.0021042065484870843
2024-04-16,Habitat,20.5561275,-0.001323646057886596,0.001825873895418383
2024-04-17,Habitat,20.5353907,-0.0010087892284185163,0.0017041384916988876
2024-04-18,Habitat,20.5225202,-0.0006267472670973273,0.0004366210742140497
2024-04-19,Habitat,20.4411381,-0.003965502248598041,0.000144419069272454
2024-04-22,Habitat,20.637935,0.009627492316584885,-0.0002972186229921528
2024-04-23,Habitat,20.8005142,0.00787768737521466,0.0013903697627506509
2024-04-24,Habitat,20.9692991,0.008114458055080265,0.00019838860356341612
2024-04-25,Habitat,21.1084898,0.006637832735191473,0.003034363332764343
2024-04-26,Habitat,21.167249,0.0027836761680601896,0.003190507990850753
2024-04-29,Habitat,21.2173671,0.0023677191117277285,0.0008427612488305245
2024-04-30,Habitat,21.3106465,0.0043963701792197885,-0.002942232580205412
2024-05-01,Habitat,21.2301747,-0.0037761313341667657,0.000357835927584523
2024-05-02,Habitat,21.248094700000003,0.0008440816080521607,0.0014138399368285443
2024-05-03,Habitat,21.3548087,0.005022285598152765,0.003164191245940953
2024-05-06,Habitat,21.479145000000003,0.005822402895138135,-0.0004499914488970394
2024-05-07,Habitat,21.3894996,-0.004173601882197953,0.0019517300680846337
2024-05-08,Habitat,21.4624039,0.0034084154077171913,-0.0001412695792903188
2024-05-09,Habitat,21.4558401,-0.0003058278108354351,0.002125154313786935
2024-05-10,Habitat,21.6248432,0.007876787821512687,0.0005973139041189248
2024-05-13,Habitat,21.6476863,0.0010563359830511043,-0.002654453212926529
2024-05-14,Habitat,21.7472039,0.00459714717872628,0.003841572737453975
2024-05-15,Habitat,21.8948901,0.006791043146471054,0.001846842952815483
2024-05-16,Habitat,21.9665086,0.003271014363301017,7.531416302182479e-05
2024-05-17,Habitat,22.0773396,0.005045453604766159,0.003666737995257719
2024-05-20,Habitat,22.1264465,0.002224312389523586,1.727557065778017e-05
2024-05-21,Habitat,22.1639021,0.001692797801942536,4.313642682252214e-05
2024-05-22,Habitat,22.1048945,-0.002662329030951649,-0.0035102977542467786
2024-05-23,Habitat,22.1318845,0.0012209965535008305,-0.0011235775802979596
2024-05-24,Habitat,22.163665700000003,0.0014359915894193165,0.002900080143417583
2024-05-27,Habitat,22.1675638,0.00017587794603834972,0.0002864807114240039
2024-05-28,Habitat,22.2637357,0.004338406370121728,0.0002864807114240039
2024-05-29,Habitat,22.2060943,-0.0025890264229107007,-0.003258493479727918
2024-05-30,Habitat,22.1653537,-0.001834658515342813,0.0006253162600842334
2024-05-31,Habitat,22.0537522,-0.005034952363516698,0.0022267905335463757
2024-06-03,Habitat,22.0419198,-0.0005365254806845021,-0.0017161822004735936
2024-06-04,Habitat,21.9317111,-0.0049999592140789195,-0.0017116865565821927
2024-06-05,Habitat,21.990269400000003,0.002670028787676415,0.002374830860854458
2024-06-06,Habitat,22.0246488,0.001563391488055066,0.001482678794397504
2024-06-07,Habitat,21.8604833,-0.00745371703724973,-0.0025926516797455997
2024-06-10,Habitat,22.0067058,0.006688896031864067,0.0011225340744492203
2024-06-11,Habitat,21.9587226,-0.002180389942778138,-0.001881847819100372
2024-06-12,Habitat,22.1434847,0.008414064122290732,0.003532284763447086
2024-06-13,Habitat,22.0400735,-0.004670050870538955,-0.0008391207798208271
2024-06-14,Habitat,22.046706800000003,0.0003009654210093249,-0.0009326956997022786
2024-06-17,Habitat,22.1454433,0.004478514677756618,-0.0015340242993052762
2024-06-18,Habitat,22.2448669,0.00448957370837566,0.0033701123348268665
2024-06-19,Habitat,22.2131318,-0.0014266257533778193,0.0002864807114240039
2024-06-20,Habitat,22.1264937,-0.0039003099959096232,0.0002864807114240039
2024-06-21,Habitat,22.0841702,-0.0019127974171525564,-0.00034626149453745043
2024-06-24,Habitat,22.0869729,0.00012690990762243004,9.869601562927972e-05
2024-06-25,Habitat,22.0882675,5.8613736063417576e-05,0.0011885282039159973
2024-06-26,Habitat,22.0673016,-0.0009491871646338801,0.0011804564538048618
2024-06-27,Habitat,22.0559748,-0.0005132843247132035,2.9440079842954015e-05
2024-06-28,Habitat,22.1397831,0.0037998003153321136,-0.0008092977445674416
2024-07-01,Habitat,22.098684400000003,-0.0018563280324094267,0.0012544892812214252
2024-07-02,Habitat,22.0375809,-0.0027650288539350365,0.0022874188798805263
2024-07-03,Habitat,22.1176069,0.003631342313075825,0.002276292214427377
2024-07-04,Habitat,22.1139385,-0.00016585881178665662,0.0002864807114240039
2024-07-05,Habitat,22.1739156,0.0027121853486207215,0.0002864807114240039
2024-07-08,Habitat,22.1630353,-0.0004906801395059279,0.0002864807114240039
2024-07-09,Habitat,22.1568992,-0.0002768618971608072,0.0001580459525465512
2024-07-10,Habitat,22.2986674,0.006398377260298238,2.6591780407078875e-05
2024-07-11,Habitat,22.1688085,-0.005823617065116582,0.0009597372788146617
2024-07-12,Habitat,22.1833059,0.0006539548573392118,0.0016107564526466746
2024-07-15,Habitat,22.1713855,-0.0005373590416927199,0.0002864807114240039
2024-07-16,Habitat,22.1698567,-6.895374220072803e-05,0.0004116309275631001
2024-07-17,Habitat,21.9834545,-0.008407911811175617,-0.004838240179974923
2024-07-18,Habitat,21.9026106,-0.003677488449324584,-0.004202599363422111
2024-07-19,Habitat,21.820128,-0.003765879853609766,-0.000377063832271176
2024-07-22,Habitat,21.914120200000003,0.004307591596163007,0.0002864807114240039
2024-07-23,Habitat,21.8713431,-0.0019520336481498868,0.0012929358006191064
2024-07-24,Habitat,21.7786135,-0.004239776202861645,-0.004870682940096817
2024-07-25,Habitat,21.622832400000004,-0.007152939281465098,-0.0003299801437390153
2024-07-26,Habitat,21.6925612,0.003224776417357633,0.0020507326140243613
2024-07-29,Habitat,21.6311453,-0.0028311963457777756,0.0002864807114240039
2024-07-30,Habitat,21.5669468,-0.002967873365447682,-0.0018623446086411012
2024-07-31,Habitat,21.7625906,0.009071464858437794,0.005580707600914664
2024-08-01,Habitat,21.5215323,-0.011076728153862292,-0.005280218134937638
2024-08-02,Habitat,21.135819,-0.017922204359026916,-0.0055646443451067935
2024-08-05,Habitat,20.8346758,-0.014248002407666438,0.0002864807114240039
2024-08-06,Habitat,20.8178492,-0.0008076247579527074,0.0077594862415658545
2024-08-07,Habitat,20.8297895,0.0005735606923311654,-0.0016364904024734068
2024-08-08,Habitat,20.9597638,0.006239827819671362,0.0037335850881659483
2024-08-09,Habitat,21.0745518,0.005476588433692031,0.004843323488537078
2024-08-12,Habitat,21.1634498,0.004218262900376413,0.0002864807114240039
2024-08-13,Habitat,21.2334515,0.0033076696219915824,0.004386172326812692
2024-08-14,Habitat,21.1984386,-0.0016489500070208107,0.0022304185001961714
2024-08-15,Habitat,21.3734082,0.008253890925721263,0.0033493047588901677
2024-08-16,Habitat,21.3780237,0.00021594590609086417,0.0005109533292121232
2024-08-19,Habitat,21.4093889,0.0014671702323914015,0.0002864807114240039
2024-08-20,Habitat,21.4221495,0.0005960282219918955,-0.0007871343813491576
2024-08-21,Habitat,21.3864269,-0.0016675544160495992,0.0012710643340161684
2024-08-22,Habitat,21.2736379,-0.005273859000729075,-0.0025660896805628553
2024-08-23,Habitat,21.3556183,0.003853614524481408,0.0041048975439876585
2024-08-26,Habitat,21.289909400000003,-0.0030768905435998306,0.0002864807114240039
2024-08-27,Habitat,21.2733674,-0.0007769878062515723,0.003231472520933278
2024-08-28,Habitat,21.2023764,-0.0033370833429973157,-0.004233299239100145
2024-08-29,Habitat,21.260722,0.002751842477431099,0.0008292199203167937
2024-08-30,Habitat,21.3106089,0.002346434895296401,0.003235416747929364
2024-09-02,Habitat,21.3421059,0.0014779962481503706,0.0002864807114240039
2024-09-03,Habitat,21.1000122,-0.01134347758999743,-0.006422144066557762
2024-09-04,Habitat,21.1060686,0.00028703300939336707,0.0008270965950154329
2024-09-05,Habitat,21.1540901,0.00227524608727947,0.0018596548809921586
2024-09-06,Habitat,20.966667200000003,-0.008859889464118198,-0.005216306497173961
2024-09-09,Habitat,21.0837918,0.0055862287927190835,0.0002864807114240039
2024-09-10,Habitat,21.0624509,-0.001012194590158999,0.0004885854873284164
2024-09-11,Habitat,21.127462,0.0030865876107513124,0.004282254447145501
2024-09-12,Habitat,21.2600538,0.006275803501622601,0.0028772779646274132
2024-09-13,Habitat,21.5106931,0.01178921287583945,0.000978150989676794
2024-09-16,Habitat,21.505385500000003,-0.0002467423980865302,0.0002864807114240039
2024-09-17,Habitat,21.3912421,-0.005307665840261433,0.0010637670358764023
2024-09-18,Habitat,21.4465584,0.0025859321184533712,-0.0010171612925260328
2024-09-19,Habitat,21.6083308,0.007543047093280908,0.005497430365175429
2024-09-20,Habitat,21.603582900000003,-0.00021972544033799224,-0.00031938956173171225
2024-09-23,Habitat,21.6538819,0.0023282712054208954,0.0002864807114240039
2024-09-24,Habitat,21.790303,0.006300075923107551,0.006510773289250598
2024-09-25,Habitat,21.7331465,-0.0026230245628067195,-0.00043044160717232527
2024-09-26,Habitat,21.915316000000004,0.008382104266402735,0.0034667200110540886
2024-09-27,Habitat,21.895324,-0.0009122387283854172,-0.0035685564967063836
2024-09-30,Habitat,21.505385500000003,-0.0178092135106106,0.0002864807114240039
2024-10-01,Habitat,21.8372471,0.015431557830014153,-0.0019151459866003748
2024-10-02,Habitat,21.8683487,0.0014242454581190334,0.0010858199006593618
2024-10-03,Habitat,21.9300001,0.002819206920731121,-0.0035667264692319407
2024-10-04,Habitat,22.0579327,0.005833679863959329,0.0019177391712496543
2024-10-07,Habitat,22.1031378,0.0020493806294006323,0.0002864807114240039
2024-10-08,Habitat,21.9794201,-0.005597291258800374,-0.0003545102165692206
2024-10-09,Habitat,22.0120163,0.0014830327575385827,0.0007630698861884027
2024-10-10,Habitat,22.09996,0.003995258716940064,0.001089619766425197
2024-10-11,Habitat,22.1035416,0.00016206364174409238,0.0017745138149715953
2024-10-14,Habitat,22.1574533,0.0024390525724620193,0.0002864807114240039
2024-10-15,Habitat,21.9736377,-0.008295881187753595,-0.0017541031322602183
2024-10-16,Habitat,22.0385631,0.002954695116321071,0.00392570709921542
2024-10-17,Habitat,22.0455935,0.0003190044635894562,-0.00021055459370076016
2024-10-18,Habitat,22.1557976,0.004998917357339483,0.0024485193765502347
2024-10-21,Habitat,22.1727614,0.0007656596393532666,0.0002864807114240039
2024-10-22,Habitat,22.1590337,-0.0006191245083257968,0.0024788686401671575
2024-10-23,Habitat,22.1047475,-0.0024498450941026206,-0.00189935645099968
2024-10-24,Habitat,22.1617964,0.0025808437757546265,0.00036027844358579387
2024-10-25,Habitat,22.2421438,0.0036254912981692478,-0.0011019337411399912
2024-10-28,Habitat,22.2530201,0.0004889951300468542,0.0002864807114240039
2024-10-29,Habitat,22.3927569,0.006279453277445057,0.0016662591781878226
2024-10-30,Habitat,22.245631600000003,-0.006570218247669013,-0.0012690886833368281
2024-10-31,Habitat,22.0646666,-0.00813485556418203,-0.0035855538688666384
2024-11-01,Habitat,22.0381851,-0.0012001767568062816,0.0021480165227296417
2024-11-04,Habitat,22.057869300000004,0.0008931860727499075,0.0002864807114240039
2024-11-05,Habitat,22.1010773,0.0019588474032710135,0.00435243631661225
2024-11-06,Habitat,22.2251095,0.0056120431740220855,0.002184416363725947
2024-11-07,Habitat,22.2924306,0.003029055942334047,0.005394182364804359
2024-11-08,Habitat,22.2830224,-0.00042203563033627045,-0.002924958039651889
2024-11-11,Habitat,22.237287,-0.0020524774053990447,0.0002864807114240039
2024-11-12,Habitat,22.2852052,0.0021548581893107155,-0.001360350244287872
2024-11-13,Habitat,22.2728062,-0.0005563780942882124,0.0012203698749070667
2024-11-14,Habitat,22.2075859,-0.0029282479905922143,0.0008761669147616486
2024-11-15,Habitat,22.131894000000003,-0.0034083803769052734,-0.0026662236048163373
2024-11-18,Habitat,22.1265023,-0.0002436167460410088,0.0002864807114240039
2024-11-19,Habitat,22.1335502,0.00031852752434358145,0.00134317015763839
2024-11-20,Habitat,22.0926481,-0.0018479683390330015,-0.00123396384927668
2024-11-21,Habitat,22.2082836,0.005234116773896291,0.0010606896971229246
2024-11-22,Habitat,22.1981763,-0.0004551139647730462,0.0018905389809419672
2024-11-25,Habitat,22.1641421,-0.001533198022217741,0.0002864807114240039
2024-11-26,Habitat,22.1143275,-0.0022475311598005865,0.0014051303649674958
2024-11-27,Habitat,22.040341400000003,-0.0033456183553399743,0.0004274217425700444
2024-11-28,Habitat,21.9876961,-0.0023885882275853643,0.0005726914729213752
2024-11-29,Habitat,22.0694352,0.0037174927117533674,0.0008526190554215121
2024-12-02,Habitat,22.1647272,0.0043178268558499155,0.0002864807114240039
2024-12-03,Habitat,22.0373006,-0.005749071434545061,0.0022431380193538913
2024-12-04,Habitat,22.1842309,0.006667345636697464,-4.753544014006071e-05
2024-12-05,Habitat,22.1144164,-0.0031470326969955664,0.00019948827376560366
2024-12-06,Habitat,22.0807755,-0.0015212203384212808,0.00020355737969275103
2024-12-09,Habitat,22.1680833,0.003954018734532161,0.0002864807114240039
2024-12-10,Habitat,22.0563624,-0.00503971852180829,-0.0003623045045160315
2024-12-11,Habitat,22.257271300000003,0.009108886422722229,0.002447447279192117
2024-12-12,Habitat,22.2473095,-0.0004475750807783063,-0.002272957619794754
2024-12-13,Habitat,22.1673557,-0.0035938637883380364,-0.0017953866261326648
2024-12-16,Habitat,22.2976986,0.005879948053524542,0.0002864807114240039
2024-12-17,Habitat,22.1926177,-0.004712634334379295,-0.0021247719403899
2024-12-18,Habitat,21.9100159,-0.012734045339770739,-0.016837705074491928
2024-12-19,Habitat,21.7566885,-0.006998050603879369,0.0030029095809136572
2024-12-20,Habitat,21.8525443,0.0044058083563591754,0.005977454737501972
2024-12-23,Habitat,21.9096057,0.002611201662224616,0.0002864807114240039
2024-12-24,Habitat,22.0167726,0.004891320339918348,0.0037421384770491067
2024-12-26,Habitat,22.0494373,0.0014836279864198776,0.0002864807114240039
2024-12-27,Habitat,22.0636572,0.0006449098816685428,-0.001794636661504753
2024-12-30,Habitat,22.0220271,-0.0018868177484194781,0.0002864807114240039
2024-12-31,Habitat,21.9260027,-0.004360379703646666,0.0003482076448460647
2025-01-02,Habitat,21.8844727,-0.0018940980975069577,0.00014968764742993802
2025-01-03,Habitat,21.983004,0.004502338317706078,0.0031699651534146897
2025-01-06,Habitat,22.1483075,0.00751960469096935,0.0002864807114240039
2025-01-07,Habitat,22.1197873,-0.0012876920730852115,-0.0010462529891722737
2025-01-08,Habitat,22.1538993,0.0015421486444402444,0.0009362107646607272
2025-01-09,Habitat,22.1044851,-0.0022304967324644487,-0.00013531350111581776
2025-01-10,Habitat,21.9888623,-0.005230739348911606,-0.001354989407737312
2025-01-13,Habitat,21.9387456,-0.0022791856766505303,0.0002864807114240039
2025-01-14,Habitat,21.9671036,0.0012925989715657504,0.0023865530046519867
2025-01-15,Habitat,22.0649429,0.004453900786446807,0.0037716207444074105
2025-01-16,Habitat,22.0570941,-0.00035571358763852867,-0.0006982173984758824
2025-01-17,Habitat,22.0751762,0.0008197861385557115,0.0012280354667955737
2025-01-20,Habitat,22.0657323,-0.0004278063248256414,0.0002864807114240039
2025-01-21,Habitat,22.1522983,0.00392309662888457,0.0012436809829512625
2025-01-22,Habitat,22.1614138,0.0004114922919757902,-0.0004822384346975121
2025-01-23,Habitat,22.1573456,-0.00018357132070689897,0.0005837102305863171
2025-01-24,Habitat,22.143164,-0.0006400405651478813,0.0011497343506101589
2025-01-27,Habitat,21.9574511,-0.008386917967098007,0.0002864807114240039
2025-01-28,Habitat,21.9470268,-0.00047475000411134616,0.002067051825692501
2025-01-29,Habitat,21.9092297,-0.0017221968307797875,0.0008289646913658343
2025-01-30,Habitat,22.041727,0.00604755629541831,0.0016400643987914028
2025-01-31,Habitat,22.0206574,-0.0009558960602316091,-0.0018708242394099022
2025-02-03,Habitat,21.855655,-0.007493073299437603,0.0002864807114240039
2025-02-04,Habitat,21.9525156,0.004431832402186142,0.004284763660179667
2025-02-05,Habitat,22.0988038,0.006663846762053893,0.0022173720692433927
2025-02-06,Habitat,22.1225745,0.001075655506747486,0.0006433862430852735
2025-02-07,Habitat,22.0353793,-0.0039414580793930565,0.0012492896218467301
2025-02-10,Habitat,22.0842047,0.002215773068176885,0.0002864807114240039
2025-02-11,Habitat,22.0472511,-0.0016733045405977753,-0.0009633356172738202
2025-02-12,Habitat,22.0371605,-0.0004576806402862843,0.0010020139405332994
2025-02-13,Habitat,22.1183248,0.003683065247902517,0.003126155320018622
2025-02-14,Habitat,22.1156076,-0.0001228483632720323,0.00018742890056695994
2025-02-17,Habitat,22.1310067,0.0006963001097921584,0.0002864807114240039
2025-02-18,Habitat,22.1212713,-0.00043989865133431394,0.0003127361207808326
2025-02-19,Habitat,22.1055778,-0.0007094302939090191,-0.00045091962482746487
2025-02-20,Habitat,21.9856119,-0.005426951563328952,0.0013448166466141303
2025-02-21,Habitat,21.8191365,-0.007572015769094831,-0.0057940852341398065
2025-02-24,Habitat,21.6944722,-0.0057135304140014664,0.0002864807114240039
2025-02-25,Habitat,21.5479508,-0.00675385870876366,0.0009671715045162794
2025-02-26,Habitat,21.5908076,0.0019889037429954293,0.0010128103208135446
2025-02-27,Habitat,21.4077693,-0.008477603218510654,-0.002946219438164022
2025-02-28,Habitat,21.5321955,0.005812198284479875,0.0008880814518501252
2025-03-03,Habitat,21.4131658,-0.005527987148361113,0.0002864807114240039
2025-03-04,Habitat,21.3454815,-0.0031608731110651656,0.0009441917715041689
2025-03-05,Habitat,21.447962200000003,0.004801048877721481,0.005937267508486261
2025-03-06,Habitat,21.3454479,-0.00477967552553793,-0.003410713453780128
2025-03-07,Habitat,21.3907497,0.0021223166743669086,3.87386097599092e-05
2025-03-10,Habitat,21.1780875,-0.009941783386862801,0.0002864807114240039
2025-03-11,Habitat,21.1491117,-0.0013681971991097441,0.003534547356032789
2025-03-12,Habitat,21.2206285,0.0033815510085939415,0.0015046993985095587
2025-03-13,Habitat,21.251966000000003,0.0014767470247172287,0.0019376925843890484
2025-03-14,Habitat,21.4326994,0.00850431437731447,0.0031242017834285586
2025-03-17,Habitat,21.5347267,0.0047603569711802685,0.0002864807114240039
2025-03-18,Habitat,21.5298987,-0.00022419601916745524,0.0010555449880120514
2025-03-19,Habitat,21.5961233,0.003075936441818916,0.002153314710601447
2025-03-20,Habitat,21.6115441,0.0007140540821046759,-0.000501854039165801
2025-03-21,Habitat,21.6729406,0.0028409122326433778,-0.0004328623072028079
2025-03-24,Habitat,21.8400083,0.007708584777831318,0.0002864807114240039
2025-03-25,Habitat,21.8853641,0.002076729979997305,0.003687915653242892
2025-03-26,Habitat,21.7375592,-0.00675359565985012,-0.0028303140142847292
2025-03-27,Habitat,21.6959922,-0.0019122202091576002,-0.0001618329587084876
2025-03-28,Habitat,21.5635826,-0.006102952046599608,-0.005908855058255167
2025-03-31,Habitat,21.5677909,0.00019515773784251067,0.0002864807114240039
2025-04-01,Habitat,21.5884762,0.0009590829258272482,0.0036253777897054685
2025-04-02,Habitat,21.5941343,0.00026208890092949133,0.00019177658894974265
2025-04-03,Habitat,21.0786924,-0.02386953294071159,-0.011820342157671315
2025-04-04,Habitat,20.4734145,-0.028715154076635274,-0.01631109533828254
2025-04-07,Habitat,20.3661096,-0.005241182412440204,0.0002864807114240039
2025-04-08,Habitat,20.3382395,-0.001368454778422734,-0.003324117815587944
2025-04-09,Habitat,20.938213,0.029499775533669004,0.016090552894706005
2025-04-10,Habitat,20.8038804,-0.006415666895737471,-0.006541089830471657
2025-04-11,Habitat,21.0013542,0.009492161856496706,0.005304342327413214
2025-04-14,Habitat,21.1791759,0.00846715398952691,0.0002864807114240039
2025-04-15,Habitat,21.2636701,0.003989494227676582,0.0018298403548979005
2025-04-16,Habitat,21.0679367,-0.009205061923905467,-0.0025230842154514398
2025-04-17,Habitat,21.005324,-0.0029719426677411453,0.002388284751937814
2025-04-18,Habitat,21.0103527,0.00023940121085486155,0.0002864807114240039
2025-04-21,Habitat,20.928118800000004,-0.003913970468472638,0.0002864807114240039
2025-04-22,Habitat,21.0937616,0.007914844214282457,0.00486170323677809
2025-04-23,Habitat,21.2446396,0.007152730881342606,0.002043084224199023
2025-04-24,Habitat,21.4565267,0.009973673547279294,0.002682183611457456
2025-04-25,Habitat,21.5110664,0.0025418699290225,0.0008468442012526237
2025-04-28,Habitat,21.5364182,0.0011785468711118519,0.0002864807114240039
2025-04-29,Habitat,21.5225296,-0.0006448890373053073,0.0008125095452918411
2025-04-30,Habitat,21.5294731,0.0003226154234212686,-0.00191246920437993
2025-05-01,Habitat,21.4581543,-0.0033126124205984375,0.0006341446945970564
2025-05-02,Habitat,21.6596592,0.009390597960235558,0.0023031974457004144
2025-05-05,Habitat,21.7453256,0.003955113014890044,0.0002864807114240039
2025-05-06,Habitat,21.721802200000003,-0.0010817681203172391,0.0016352500800896387
2025-05-07,Habitat,21.6576562,-0.0029530698884644435,-0.0011745245020285263
2025-05-08,Habitat,21.6444755,-0.0006085930942058004,0.0015234917245382452
2025-05-09,Habitat,21.7604098,0.005356299809621268,0.001244193545433306
2025-05-12,Habitat,21.9710001,0.009677680794412336,0.0002864807114240039
2025-05-13,Habitat,22.1705722,0.009083432665406788,0.0016130816799163636
2025-05-14,Habitat,22.195125200000003,0.0011074590127180262,0.0006467151977516995
2025-05-15,Habitat,22.2580053,0.0028330590358642826,-0.0002799484030037066
2025-05-16,Habitat,22.2901677,0.0014449812355827873,0.0014143431195473267
2025-05-19,Habitat,22.3011771,0.0004939128385292868,0.0002864807114240039
2025-05-20,Habitat,22.3534277,0.0023429525610108026,0.00032361348618184093
2025-05-21,Habitat,22.2738972,-0.00355786598222696,-0.001226597484696563
2025-05-22,Habitat,22.112999100000003,-0.007223616889100004,0.0006891573057369266
2025-05-23,Habitat,22.171776,0.0026580247995395823,-0.0012101822577846567
2025-05-26,Habitat,22.1701776,-7.209165382160432e-05,0.0002864807114240039
2025-05-27,Habitat,22.1965901,0.0011913526574547362,0.0018657827160442819
2025-05-28,Habitat,22.1791996,-0.0007834761970939574,-0.0008147126544887193
2025-05-29,Habitat,22.1879381,0.0003939952819578263,0.000556007715260523
2025-05-30,Habitat,22.0852618,-0.004627572852296646,0.0007255263080550997
2025-06-02,Habitat,22.2930833,0.009409963163760082,0.0002864807114240039
2025-06-03,Habitat,22.4102807,0.0052571193684993744,0.0012681190880014458
2025-06-04,Habitat,22.4496337,0.0017560244124918967,0.0012353120101166008
2025-06-05,Habitat,22.6247989,0.007802586106337994,0.0013789461392014085
2025-06-06,Habitat,22.7614748,0.00604097745151666,0.0021749996074205214
2025-06-09,Habitat,22.767338100000003,0.00025759754372356447,0.0002864807114240039
2025-06-10,Habitat,22.8177277,0.0022132407301491686,0.0015909971553706745
2025-06-11,Habitat,22.8001326,-0.000771115346424156,-0.00045778503803382245
2025-06-12,Habitat,22.8193577,0.0008432012364700814,-0.00028308217964643427
2025-06-13,Habitat,22.7490273,-0.003082049938679887,-0.0035858825030145483
2025-06-16,Habitat,22.816651200000003,0.0029726062177612977,0.0002864807114240039
2025-06-17,Habitat,22.7784148,-0.0016758112163279826,-0.001854699791597815
2025-06-18,Habitat,22.6521496,-0.00554319521830815,0.001902462322914449
2025-06-19,Habitat,22.6784374,0.0011604991342630822,-0.001747328279776457
2025-06-20,Habitat,22.6046268,-0.0032546598647048564,0.001697195506188011
2025-06-23,Habitat,22.6270883,0.0009936682520235163,0.0002864807114240039
2025-06-24,Habitat,22.718684600000003,0.004048081608449827,0.004897435646903423
2025-06-25,Habitat,22.741502500000003,0.0010043671278396893,-0.00039844949682334857
2025-06-26,Habitat,22.8726671,0.005767631228411396,0.005209190975436709
2025-06-27,Habitat,22.8806792,0.0003502914620743258,-0.0004593092125313293
2025-06-30,Habitat,22.950805,0.003064847830216433,0.0002864807114240039
2025-07-01,Habitat,23.0243875,0.0032060966924689627,0.0018362546770143145
2025-07-02,Habitat,23.0479488,0.0010233192956816684,0.0024284959215855155
2025-07-03,Habitat,23.1103679,0.0027082279877330695,-0.000889393546781179
2025-07-04,Habitat,23.1468275,0.0015776295798388684,-0.00106856015058332
2025-07-07,Habitat,23.1482499,6.145118591294185e-05,0.0002864807114240039
2025-07-08,Habitat,23.0585752,-0.003873930011443316,0.0033479273497716644
2025-07-09,Habitat,23.1407802,0.0035650511485201264,-3.134486456891623e-05
2025-07-10,Habitat,23.1317046,-0.00039219075249674606,0.0012554241325747864
2025-07-11,Habitat,23.15605,0.0010524689131643505,-0.0008803921803804192
2025-07-14,Habitat,23.1816109,0.0011038540683752096,0.0002864807114240039
2025-07-15,Habitat,23.0857602,-0.004134773049788376,0.000826228513231885
2025-07-16,Habitat,23.0459172,-0.0017258690922379305,0.0003943733231942594
2025-07-17,Habitat,23.1987158,0.006630180898159033,0.0003877291280828902
2025-07-18,Habitat,23.1791061,-0.000845292479508708,-0.000985713151687195
2025-07-21,Habitat,23.289851,0.004777789942469024,0.0002864807114240039
2025-07-22,Habitat,23.2979315,0.00034695370099191436,0.0032643775803050073
2025-07-23,Habitat,23.3811871,0.0035735189624022112,0.002192303732157546
2025-07-24,Habitat,23.3580702,-0.000988696591885052,-0.0008574085959028302
2025-07-25,Habitat,23.3453145,-0.0005460939148987931,0.0002422776269026634
2025-07-28,Habitat,23.3338143,-0.000492612768185241,0.0002864807114240039
2025-07-29,Habitat,23.3553038,0.0009209595878201249,0.001396490901289253
2025-07-30,Habitat,23.3936283,0.0016409334825264743,-0.0023281418285596533
2025-07-31,Habitat,23.4170551,0.0010014179801258738,-0.0008256399698162533
2025-08-01,Habitat,23.2699205,-0.0062832238883870906,-0.0045512200305356755
2025-08-04,Habitat,23.4035135,0.005741016605535831,0.0002864807114240039
2025-08-05,Habitat,23.358686,-0.0019154175290817532,0.002294271279369823
2025-08-06,Habitat,23.4681298,0.004685357729454553,0.0017709783503495914
2025-08-07,Habitat,23.4900671,0.000934769842631411,0.0017274589394105982
2025-08-08,Habitat,23.463583600000003,-0.0011274339867678451,0.0034734478465375954
2025-08-11,Habitat,23.4544301,-0.0003901151740522968,0.0002864807114240039
2025-08-12,Habitat,23.5948818,0.005988280226855824,0.004584625093830766
2025-08-13,Habitat,23.7446964,0.006349453295417584,0.0015196739654932082
2025-08-14,Habitat,23.8220375,0.0032571947308621674,-0.0008628657518547143
2025-08-15,Habitat,23.8016727,-0.0008548723004906389,0.0011227387332997094
2025-08-18,Habitat,23.7610963,-0.0017047709424221624,0.0002864807114240039
2025-08-19,Habitat,23.5593557,-0.008490374242538512,-0.00011756612246547856
2025-08-20,Habitat,23.4664752,-0.0039424040785631664,-0.0005148549455512583
2025-08-21,Habitat,23.516869900000003,0.002147518942256843,-0.00055288395177758
2025-08-22,Habitat,23.684403000000003,0.007123954025871404,0.0055379242288846955
2025-08-25,Habitat,23.7390335,0.0023066023661224566,0.0002864807114240039
2025-08-26,Habitat,23.9394507,0.008442517257494675,0.003178869465584012
2025-08-27,Habitat,23.9160138,-0.0009790074255963122,-0.000463777683237153
2025-08-28,Habitat,24.050030900000003,0.00560365540514951,0.0021248022018582357
2025-08-29,Habitat,23.9920331,-0.0024115478371382615,-0.0011278622037799238
2025-09-01,Habitat,24.0555541,0.002647587210939495,0.0002864807114240039
2025-09-02,Habitat,24.0648566,0.00038670903032733683,-0.0010278279036421627
2025-09-03,Habitat,24.1227419,0.002405387281634752,0.0036233430757623046
2025-09-04,Habitat,24.103771700000003,-0.0007864031410126371,0.0005291503158479025
2025-09-05,Habitat,24.215251400000003,0.0046249898724355365,0.0003055913813612164
2025-09-08,Habitat,24.2633764,0.0019873838683333034,0.0002864807114240039
2025-09-09,Habitat,24.1877493,-0.003116923990842402,0.001550326520245132
2025-09-10,Habitat,24.2131655,0.0010507881359593796,-0.0012394792395616786
2025-09-11,Habitat,24.3747666,0.006674100501233626,0.0025385742207803623
2025-09-12,Habitat,24.4105822,0.0014693720185201542,0.0017491237307063914
2025-09-15,Habitat,24.5026542,0.003771806802707056,0.0002864807114240039
2025-09-16,Habitat,24.4330368,-0.002841218728050987,0.00013221172158399072
2025-09-17,Habitat,24.4594674,0.0010817566484409014,6.719389206288797e-05
2025-09-18,Habitat,24.4951509,0.001458882951801188,-8.638633146118655e-05
2025-09-19,Habitat,24.631882500000003,0.005581986433078168,0.0016641505525363906
2025-09-22,Habitat,24.7908516,0.00645379418320946,0.0002864807114240039
2025-09-23,Habitat,24.8105836,0.000795938772833571,0.0006296195716593287
2025-09-24,Habitat,24.8418992,0.0012621871579030497,0.0031976177071243585
2025-09-25,Habitat,24.775420800000003,-0.0026760594858221687,-6.628638056589513e-05
2025-09-26,Habitat,24.7735032,-7.739929083272479e-05,0.0028350853502051884
2025-09-29,Habitat,24.8767214,0.004166475736867126,0.0002864807114240039
2025-09-30,Habitat,24.8552251,-0.000864113065960681,0.0016472183867003007
2025-10-01,Habitat,24.9710367,0.0046594468380010134,0.0007901581909281797
2025-10-02,Habitat,25.0113067,0.0016126683278632203,0.00011474015227067968
2025-10-03,Habitat,24.9387957,-0.0028991288168082052,0.001604346066485734
2025-10-06,Habitat,25.0902639,0.006073597210630277,0.0002864807114240039
2025-10-07,Habitat,24.9416563,-0.0059229189693776885,0.00021609469745533113
2025-10-08,Habitat,25.1926523,0.010063325265211143,0.002615259805109764
2025-10-09,Habitat,24.993081900000004,-0.007921770110723703,0.0007880837450466716
2025-10-10,Habitat,24.6580929,-0.013403269006212581,-0.010259136940578627
2025-10-13,Habitat,24.8915302,0.009466964900598507,0.0002864807114240039
2025-10-14,Habitat,24.9018328,0.000413899825250752,-0.003149537784033524
2025-10-15,Habitat,24.9935098,0.003681536244191763,0.002690840906646271
2025-10-16,Habitat,25.0450518,0.00206221536760709,-0.005410519206186259
2025-10-17,Habitat,24.855886,-0.0075530209124980985,0.0021300217381031404
2025-10-20,Habitat,24.9705302,0.004612356204079626,0.0002864807114240039
2025-10-21,Habitat,24.6956723,-0.011007291306934341,-0.001448912205234484
2025-10-22,Habitat,24.6261133,-0.002816647352418822,-0.00043699591426550567
2025-10-23,Habitat,24.708423000000003,0.003342374779052193,0.0031294198777325356
2025-10-24,Habitat,24.7401647,0.00128465098723618,0.0017990012336728887
2025-10-27,Habitat,24.7466712,0.0002629933987463584,0.0002864807114240039
2025-10-28,Habitat,24.8743008,0.005157445175899111,0.0014470370014544516
2025-10-29,Habitat,24.9988699,0.005007943781077051,0.000757285781429244
2025-10-30,Habitat,24.8654953,-0.005335225173518698,-0.00044707665066448206
2025-10-31,Habitat,24.8355364,-0.0012048382563286664,-0.0008191194995603697
2025-11-03,Habitat,24.8211973,-0.0005773622026540304,0.0002864807114240039
2025-11-04,Habitat,24.4969825,-0.013062012927152367,-0.0029134590319066437
2025-11-05,Habitat,24.6214147,0.005079490912809348,0.0027659055819792425
2025-11-06,Habitat,24.4978068,-0.00502034109356031,-0.0017293436639969082
2025-11-07,Habitat,24.4483761,-0.002017760218437137,0.0014122841258369832
2025-11-10,Habitat,24.7245554,0.011296427168428602,0.0002864807114240039
2025-11-11,Habitat,24.6931094,-0.0012718530016518903,0.0002633772294478418
2025-11-12,Habitat,24.8414124,0.006005845501174445,0.001111782423538156
2025-11-13,Habitat,24.6452358,-0.007897159663916686,-0.0026982186400379858
2025-11-14,Habitat,24.5220918,-0.004996665521861177,-0.00024310077277364726
2025-11-17,Habitat,24.3368222,-0.007555211908961135,0.0002864807114240039
2025-11-18,Habitat,24.1807269,-0.00641395572179515,-0.0019967712326728754
2025-11-19,Habitat,24.3647778,0.007611470935557252,0.002415857023597739
2025-11-20,Habitat,23.9638432,-0.01645549995534945,-0.004302429449915508
2025-11-21,Habitat,23.9981105,0.0014299584467318827,0.0023306881543462407
2025-11-24,Habitat,24.2726071,0.01143825885792138,0.0002864807114240039
2025-11-25,Habitat,24.3008758,0.0011646338559156977,0.00414812697977919
2025-11-26,Habitat,24.6499513,0.01436472919218823,0.0032708436515683547
2025-11-27,Habitat,24.7121925,0.002525002960147793,0.00026300622723317697
2025-11-28,Habitat,24.9228243,0.00852339589051021,0.0012947821347612126
2025-12-01,Habitat,25.0515283,0.00516410172662507,0.0002864807114240039
2025-12-02,Habitat,25.1330409,0.003253797493863786,0.00239031646186109
2025-12-03,Habitat,25.2757614,0.0056786005548576934,0.0034472598477563797
2025-12-04,Habitat,25.3227481,0.0018589627927092511,0.0003140741191955755
2025-12-05,Habitat,25.4056928,0.0032755015242600383,0.001487453088773172
2025-12-08,Habitat,25.3695303,-0.0014234014511896875,0.0002864807114240039
2025-12-09,Habitat,25.5035934,0.005284413957005629,-0.0004692709120515874
2025-12-10,Habitat,25.706447000000004,0.0079539222892413,0.004330162686235001
2025-12-11,Habitat,25.7982052,0.0035694625554436588,0.0005200636787205156
2025-12-12,Habitat,25.605768200000004,-0.007459317363674556,-0.00014205498089799344
2025-12-15,Habitat,25.563125,-0.0016653747572393796,0.0002864807114240039
2025-12-16,Habitat,25.7123733,0.005838421554485329,0.001284460009031172
2025-12-17,Habitat,25.4973774,-0.008361573530826005,-0.0007291286127224005
2025-12-18,Habitat,25.6848179,0.0073513639092934735,0.0014065139103306657
2025-12-19,Habitat,25.9936386,0.012023472434274263,0.0036441530523383604
2025-12-22,Habitat,26.3145885,0.01234724791472619,0.0002864807114240039
2025-12-23,Habitat,26.476217,0.006142163309907023,0.002798061468587338
2025-12-24,Habitat,26.5181252,0.001582862083355785,0.000841502617769878
2025-12-26,Habitat,26.7298332,0.007983520644966324,0.0002864807114240039
2025-12-29,Habitat,26.4690296,-0.009757023100316342,0.0002864807114240039
2025-12-30,Habitat,26.5973696,0.004848685499222238,0.0023662494336838397
2025-12-31,Habitat,26.5003785,-0.003646642561225266,-0.0012311923291296338
2026-01-02,Habitat,26.862067000000003,0.013648427700759136,0.0002864807114240039
2026-01-05,Habitat,27.2684942,0.015130153610293462,0.0002864807114240039
2026-01-06,Habitat,27.7736158,0.018524000492847303,0.0028538219042770316
2026-01-07,Habitat,27.7565226,-0.0006154474132245014,-0.002253776400921015
2026-01-08,Habitat,27.707101400000003,-0.0017805256339998854,-2.8119850602350335e-05
2026-01-09,Habitat,27.9908552,0.010241193977800878,0.0030734247031714325
2026-01-12,Habitat,28.333933,0.012256781636311054,0.0002864807114240039
2026-01-13,Habitat,28.4390516,0.0037099897144530214,0.00011196032205713176
2026-01-14,Habitat,28.5460392,0.0037619960575618894,0.0012242918975232874
2026-01-15,Habitat,28.7569735,0.007389266809386452,0.0011082857204344025
2026-01-16,Habitat,28.8321339,0.0026136408269805678,-0.0006737706268869978
2026-01-19,Habitat,28.8526907,0.0007129822603939573,0.0002864807114240039
2026-01-20,Habitat,29.0239506,0.005935664780130745,-0.001052278716383507
2026-01-21,Habitat,29.2532086,0.007898924690148856,0.0060095110767168025
2026-01-22,Habitat,29.3576996,0.003571950052685846,0.0005395873245046499
2026-01-23,Habitat,29.5645201,0.007044846933442983,0.002444088808531333
2026-01-26,Habitat,29.9584229,0.013323497173898025,0.0002864807114240039
2026-01-27,Habitat,30.1935733,0.007849224933666354,0.0020111260305391418
2026-01-28,Habitat,30.4335212,0.007946985857417488,0.0025295155917026834
2026-01-29,Habitat,30.3932487,-0.001323294131340913,-0.00013847813543179288
2026-01-30,Habitat,29.3228487,-0.03521834768522125,-0.006431385581865677
2026-02-02,Habitat,29.2866217,-0.0012354529524275515,0.002314970476275936
2026-02-03,Habitat,29.7207278,0.014822675843147781,0.0033920325179338153
2026-02-04,Habitat,29.4272448,-0.009874690888289739,-0.004355346953302315
2026-02-05,Habitat,29.0368662,-0.013265890254190671,-0.006880799598807894
2026-02-06,Habitat,29.651843600000003,0.02117919322850348,0.005477639123910976
2026-02-09,Habitat,30.1772039,0.017717626839229395,0.0002864807114240039
2026-02-10,Habitat,30.1023191,-0.0024815022706593526,0.0005139732363590246
2026-02-11,Habitat,30.3085545,0.006851146561661414,0.0017204180229475432
2026-02-12,Habitat,29.687386,-0.020494824324267857,-0.005362360685187857
2026-02-13,Habitat,29.8561671,0.0056852799367381746,0.0010289014478687142
2026-02-16,Habitat,29.7873136,-0.002306173453859084,0.0002864807114240039
2026-02-17,Habitat,29.5303976,-0.008625014106676598,0.0011526023206840778
2026-02-18,Habitat,29.7768293,0.008345018016282957,0.002053782996003007
2026-02-19,Habitat,29.8572732,0.002701560303467243,0.0007012771133610344
2026-02-20,Habitat,30.1816002,0.010862579373122294,0.003692366850565524
2026-02-23,Habitat,30.3450369,0.005415110495035957,0.0002864807114240039
2026-02-24,Habitat,30.5425954,0.006510405660439256,0.0033457339653075145
2026-02-25,Habitat,30.7773777,0.007687044827892953,0.004459524707964789
2026-02-26,Habitat,30.7911694,0.0004481116011387787,-0.002271488420953933
2026-02-27,Habitat,30.9593428,0.005461741248450336,0.0011128641448686163
2026-03-02,Habitat,31.0085295,0.0015887514253047907,0.0002864807114240039
2026-03-03,Habitat,29.9283997,-0.034833312556791896,-0.004595290774044107
2026-03-04,Habitat,30.1005378,0.005751664028999182,0.0041500629886287825
2026-03-05,Habitat,29.5524629,-0.01820814311164909,-0.006473394580528943
2026-03-06,Habitat,29.3830914,-0.005731214368599913,-0.007323879330069772
2026-03-09,Habitat,29.5207059,0.004683458868456558,0.0002864807114240039
2026-03-10,Habitat,29.6260665,0.0035690406712123313,0.0036955487289412076
2026-03-11,Habitat,29.5845643,-0.0014008677122222535,-0.0006503577682018621
2026-03-12,Habitat,29.0239145,-0.018950753991668567,-0.0043887129788301865
2026-03-13,Habitat,28.6489549,-0.012918987891864187,-0.00306361644560683
2026-03-16,Habitat,28.8927697,0.008510425628126539,0.0002864807114240039
2026-03-17,Habitat,28.966760800000003,0.002560886365975623,0.0015472725930108125
2026-03-18,Habitat,28.489852,-0.016464001732634292,-0.004663054924770784
2026-03-19,Habitat,28.0510199,-0.015403102129137092,-0.0007694233517157238
2026-03-20,Habitat,27.4167579,-0.02261101386905362,-0.0042935483357949365
2026-03-23,Habitat,28.0239967,0.022148453957059555,0.0002864807114240039
2026-03-24,Habitat,28.0713478,0.0016896626311693197,0.0007876948454633508
2026-03-25,Habitat,28.4611957,0.013887751410354365,0.0021048264506767114
2026-03-26,Habitat,28.0011252,-0.016164833861846528,-0.003905798981702956
2026-03-27,Habitat,27.9860939,-0.0005368105707409532,-0.003029744409268807
2026-03-30,Habitat,27.8711509,-0.004107146942717854,0.0002864807114240039
2026-03-31,Habitat,28.5875221,0.025702964422613883,0.009048197592673564
2026-04-01,Habitat,29.0838712,0.017362438698385718,0.0035179162238339343
2026-04-02,Habitat,28.9279356,-0.005361583364459355,-0.0007710979117154619
2026-04-03,Habitat,28.912731800000003,-0.0005255750085394473,0.0002864807114240039
2026-04-06,Habitat,28.9092923,-0.00011896143276235449,0.0002864807114240039
2026-04-07,Habitat,28.9130988,0.00013167046638495883,-0.0003294824023938992
2026-04-08,Habitat,29.7851231,0.030160181239376582,0.008206158778484794
2026-04-09,Habitat,29.943643,0.005322116664342458,0.0006469169366380438
2026-04-10,Habitat,30.0598868,0.0038820860908608257,0.001833013928259264
2026-04-13,Habitat,30.2170529,0.005228432862894206,0.0002864807114240039
2026-04-14,Habitat,30.3696085,0.005048659129825328,0.0034792107790312843
2026-04-15,Habitat,30.1080085,-0.008613874624034068,0.0005451794266415119
2026-04-16,Habitat,30.503820500000003,0.01314640255930577,0.001561560966630469
2026-04-17,Habitat,30.6830162,0.005874532994973425,0.00030825705159248087
2026-04-20,Habitat,30.595337,-0.0028575808658602986,0.0002864807114240039
2026-04-21,Habitat,30.117365,-0.015622380626171939,-0.002902718455875704
2026-04-22,Habitat,30.4407091,0.010736135116734102,0.003447237964909711
2026-04-23,Habitat,30.331460900000003,-0.0035888848594527456,-0.0018392963990431447
2026-04-24,Habitat,30.7603724,0.014140812452591023,0.0013124104173116878
2026-04-27,Habitat,30.8025926,0.0013725516535032511,0.0002864807114240039
2026-04-28,Habitat,30.3385472,-0.015065140977776004,-0.0011644231906926012
2026-04-29,Habitat,30.2184508,-0.003958541561278284,-8.83615211280859e-06
2026-04-30,Habitat,30.7231268,0.01670092233848064,0.003947337665973015
2026-05-01,Habitat,30.7377664,0.0004765009790606012,-0.0005215572152525544
2026-05-04,Habitat,30.6126502,-0.00407043889825387,0.0002864807114240039
2026-05-05,Habitat,30.9299424,0.010364741305540326,0.0024666634809174647
2026-05-06,Habitat,31.6791471,0.024222634827797185,0.0041186288335362
2026-05-07,Habitat,31.431747,-0.007809556842519938,-0.00049243422131197
2026-05-08,Habitat,31.9145516,0.015360412515409871,0.002521807869827827
2026-05-11,Habitat,32.2546052,0.010655126986023555,0.0002864807114240039
2026-05-12,Habitat,32.0105717,-0.007565849852659179,0.003787307348687498
2026-05-13,Habitat,32.2090019,0.0061988958478989,-4.1600009785240904e-05
2026-05-14,Habitat,32.2617824,0.0016386878476977174,0.0004921865400447552
2026-05-15,Habitat,31.4135285,-0.02629284053443992,-0.00545606758119384
2026-05-18,Habitat,31.1928859,-0.007023808229629558,0.0002864807114240039
2026-05-19,Habitat,30.953379100000003,-0.007678250764223016,-0.0008527503025069778
2026-05-20,Habitat,31.3896738,0.014095220382578377,0.0019789886687990796
2026-05-21,Habitat,31.6185381,0.007291069714779885,0.002630729014192944
2026-05-22,Habitat,31.7575942,0.00439792945392381,0.000545420244461313
2026-05-25,Habitat,31.7909107,0.0010490876541271454,0.0002864807114240039
2026-05-26,Habitat,32.6290876,0.026365300066726105,-0.0002243493072871407
2026-05-27,Habitat,32.455315,-0.00532569595969945,0.0013503566750869937
2026-05-28,Habitat,32.5996811,0.004448149709839422,0.001402382926364376
2026-05-29,Habitat,32.7664958,0.005117065393624554,0.0018931212174263566
2026-06-01,Habitat,32.9592645,0.005883103923490118,0.0002864807114240039
2026-06-02,Habitat,33.2493552,0.00880149191435975,0.0018212020694335792
2026-06-03,Habitat,32.9572537,-0.00878517788519384,-0.001049757268392257
2026-06-04,Habitat,32.670793,-0.00869188624172279,0.001104507572970535
2026-06-05,Habitat,31.4515247,-0.03731982569263015,-0.015231434308247837
2026-06-08,Habitat,31.3104321,-0.0044860337088841185,0.0002864807114240039
2026-06-09,Habitat,31.9522308,0.020497918966758677,-0.0015809367209300305
2026-06-10,Habitat,31.6233726,-0.010292182791819315,-0.005489063837349524
2026-06-11,Habitat,32.717079000000005,0.03458538132014444,0.006174942392828076
2026-06-12,Habitat,33.1157504,0.012185421565293009,0.004131212244668584
2026-06-15,Habitat,33.9369884,0.024799015274616698,0.0002864807114240039
2026-06-16,Habitat,33.8156559,-0.003575228849711176,2.927053139210363e-05
2026-06-17,Habitat,33.7858426,-0.000881641926099741,-0.002992390105970234
2026-06-18,Habitat,33.9891692,0.006018100611171251,0.0005884892176810106
2026-06-19,Habitat,34.0731724,0.0024714696468661757,-0.00018105459278913206
2026-06-22,Habitat,34.262747399999995,0.005563761359655528,0.0002864807114240039
2026-06-23,Habitat,33.2654714,-0.029106714308613557,-0.004989735476604809
2026-06-24,Habitat,33.0983887,-0.0050227065172447904,-0.0026762367922497656
2026-06-25,Habitat,33.4136279,0.0095243065412427,0.002439063999527675
2026-06-26,Habitat,33.1006036,-0.00936816262325113,0.0005623343281411421
2026-06-29,Habitat,33.1735992,0.0022052649215134057,0.0002864807114240039
2026-06-30,Habitat,33.5370629,0.01095641440076256,0.003871839788705967
2024-02-26,Integra,53.7903551,0.0019369255681040976,-0.003506531540038468
2024-02-27,Integra,53.742052,-0.0008979881227815234,0.0032399242355894966
2024-02-28,Integra,53.6401641,-0.0018958691789439097,-0.0015250608861461514
2024-02-29,Integra,53.7438552,0.0019330869273010975,-0.0011400573969122755
2024-03-01,Integra,53.8458627,0.001898030939916584,0.0038611701917794887
2024-03-04,Integra,54.0726986,0.004212689492297805,-0.0022082966003530956
2024-03-05,Integra,53.8365409,-0.004367411024682966,0.0011050789491104716
2024-03-06,Integra,53.9145429,0.0014488672321069096,0.0010610207377605406
2024-03-07,Integra,53.9710662,0.0010483868908031102,0.004107969871790982
2024-03-08,Integra,53.7883928,-0.0033846542761092335,-0.002811124720236793
2024-03-11,Integra,53.8429428,0.0010141593224923806,0.0004934011427644408
2024-03-12,Integra,53.9591007,0.0021573467934594692,0.001266308452310864
2024-03-13,Integra,54.14924310000001,0.0035238244806405916,0.00515451351516697
2024-03-14,Integra,54.2340529,0.0015662231851214514,-0.0004705922031153824
2024-03-15,Integra,54.2863059,0.0009634721582829631,0.0027608715073062563
2024-03-18,Integra,54.6095534,0.005954494317507164,-0.0022953996531468474
2024-03-19,Integra,54.3832118,-0.004144725343972588,0.0009562187126893199
2024-03-20,Integra,54.5383863,0.0028533529900858223,0.003430596534087904
2024-03-21,Integra,54.42718729999999,-0.0020389125447961565,0.00036315872264381743
2024-03-22,Integra,54.6763632,0.004578151331366076,-0.003122358477924344
2024-03-25,Integra,54.6119318,-0.001178414148803486,-0.0010775021113165913
2024-03-26,Integra,54.1140491,-0.009116738478018749,0.0015997126884138653
2024-03-27,Integra,53.4720785,-0.011863288936550864,0.0016318281987368834
2024-03-28,Integra,53.4524295,-0.00036746280584554203,0.002663976125714063
2024-03-29,Integra,53.4619289,0.00017771689872381202,0.00013246532185611358
2024-04-01,Integra,52.88039799999999,-0.010877476962863675,0.00013246532185611358
2024-04-02,Integra,52.5672982,-0.005920904755671308,0.003382586173773682
2024-04-03,Integra,52.3806362,-0.0035509148537522517,0.002734982486112941
2024-04-04,Integra,51.6477943,-0.013990702541333389,-0.0001946875149763592
2024-04-05,Integra,50.5148442,-0.021936079078598736,-0.0003841948297280426
2024-04-08,Integra,50.4059974,-0.0021547488015414284,-0.0006037543836198813
2024-04-09,Integra,50.4247898,0.0003728207151794116,0.0018527788149110928
2024-04-10,Integra,50.5074826,0.0016399235441137971,0.0015819824271873343
2024-04-11,Integra,50.4842933,-0.0004591260305657485,0.0005440509394386045
2024-04-12,Integra,50.3514745,-0.0026308935179250037,-0.0027059619994542674
2024-04-15,Integra,50.3756492,0.00048011900823263787,-0.001081280786325978
2024-04-16,Integra,50.3097706,-0.001307746918326469,0.0017732735306549908
2024-04-17,Integra,50.3398398,0.0005976811192218712,0.0022629801107822904
2024-04-18,Integra,50.3705537,0.0006101310636272839,-0.000287936676678792
2024-04-19,Integra,50.3229001,-0.0009460606743341149,0.0017034724047099161
2024-04-22,Integra,50.7879203,0.009240727364200563,-0.0037852210944087005
2024-04-23,Integra,51.1612623,0.007350999958153359,9.693574311707618e-05
2024-04-24,Integra,51.5829738,0.00824278919326038,0.0007523354232567961
2024-04-25,Integra,51.8250605,0.004693151289389297,0.0028246162790373777
2024-04-26,Integra,51.9757161,0.0029070028774977885,0.0036329675884668403
2024-04-29,Integra,52.0608131,0.0016372453596651404,0.00045769963047717215
2024-04-30,Integra,51.6493769,-0.007902992202786008,-0.0019561956180099214
2024-05-01,Integra,51.559443300000005,-0.0017412330099183526,-0.0004127565710321258
2024-05-02,Integra,51.664244200000006,0.0020326227998663793,0.0005625195429210239
2024-05-03,Integra,51.8562122,0.0037156838926524216,0.001860033895942562
2024-05-06,Integra,52.102601400000005,0.004751392158180101,-0.001367887676571051
2024-05-07,Integra,51.9165093,-0.0035716470003358536,0.0023213820688040006
2024-05-08,Integra,52.055003000000006,0.002667623495249183,-0.0008135243747685463
2024-05-09,Integra,52.152689200000005,0.0018765958000233063,0.0023863267934075036
2024-05-10,Integra,52.50317700000001,0.006720416633855919,0.00047009220559923054
2024-05-13,Integra,52.5774594,0.0014148172404879755,-0.0024048117599760376
2024-05-14,Integra,52.83639530000001,0.004924846178474773,0.005237596059695244
2024-05-15,Integra,53.05524749999999,0.004142072879070646,0.0005315809377296131
2024-05-16,Integra,51.90365439999999,-0.021705545714398977,-0.000347117742728132
2024-05-17,Integra,52.1585406,0.004910756341657718,0.0038187251074878388
2024-05-20,Integra,52.247391500000006,0.0017034774933868402,5.4833822874983087e-05
2024-05-21,Integra,52.385301600000005,0.002639559527100932,-0.00033056460979572855
2024-05-22,Integra,52.3123542,-0.0013925165604087297,-0.004201172969025717
2024-05-23,Integra,52.394239000000006,0.0015653051989772404,-0.0006385345163353771
2024-05-24,Integra,52.4706662,0.001458694724051357,0.0018109604197026742
2024-05-27,Integra,52.4608287,-0.00018748570796678354,0.00013246532185611358
2024-05-28,Integra,52.606267,0.002772321818088397,0.00013246532185611358
2024-05-29,Integra,52.5528316,-0.0010157611069420147,-0.0017989658299771315
2024-05-30,Integra,52.4464461,-0.002024353336652407,0.0012029835354470675
2024-05-31,Integra,52.1919392,-0.004852700591279957,0.0008857433348773098
2024-06-03,Integra,52.2262003,0.0006564442809591231,-0.002728340707607817
2024-06-04,Integra,51.8900606,-0.006436227373792014,-0.0024156515731162094
2024-06-05,Integra,51.9581545,0.0013122725086969211,0.0015172194626543348
2024-06-06,Integra,51.9623329,8.041856067086961e-05,0.0017905679334343535
2024-06-07,Integra,51.572238000000006,-0.0075072630158988796,-0.005314351430146804
2024-06-10,Integra,51.8652967,0.005682489482034869,0.0026128786208990274
2024-06-11,Integra,51.7931206,-0.0013916068082572286,-0.0030022466926180654
2024-06-12,Integra,52.169290700000005,0.007262935610796273,0.003987926016154001
2024-06-13,Integra,51.907853800000005,-0.005011317893957812,-0.002117555192176707
2024-06-14,Integra,51.9768251,0.0013287257120231377,-0.00013369049659887539
2024-06-17,Integra,52.174434600000005,0.0038018770792525025,-0.0024458297663402847
2024-06-18,Integra,52.373774700000006,0.0038206470569017714,0.004170027701864823
2024-06-19,Integra,52.2724564,-0.0019345235393163351,0.00013246532185611358
2024-06-20,Integra,52.0878603,-0.0035314219516954237,0.00013246532185611358
2024-06-21,Integra,51.990500700000005,-0.0018691418583764996,-0.000904643866549638
2024-06-24,Integra,52.1036384,0.002176122531553082,-0.0004424624986114435
2024-06-25,Integra,52.0363856,-0.0012907505515008522,0.0007964234077852021
2024-06-26,Integra,52.0357778,-1.1680288571125352e-05,0.0005029396258004408
2024-06-27,Integra,52.058994000000006,0.00044615841218398344,-0.0011822302960994473
2024-06-28,Integra,52.1705805,0.0021434624725940044,-0.0007678296560495571
2024-07-01,Integra,52.13101,-0.0007584830304887547,0.0006931404196267455
2024-07-02,Integra,51.9578333,-0.003321951751942054,0.0031279709130134863
2024-07-03,Integra,52.1125422,0.0029775856723417427,0.0036162244335094223
2024-07-04,Integra,52.06252500000001,-0.0009597919788298936,0.00013246532185611358
2024-07-05,Integra,52.1894909,0.0024387195972535025,0.00013246532185611358
2024-07-08,Integra,52.0777672,-0.002140731746436808,0.00013246532185611358
2024-07-09,Integra,52.0752146,-4.9015158238074896e-05,0.00011275689040789777
2024-07-10,Integra,52.3855933,0.005960200114086378,0.0006275452960496482
2024-07-11,Integra,52.1015743,-0.005421700549872233,0.001987120116112719
2024-07-12,Integra,52.15868639999999,0.0010961684127075433,0.00036127056750463163
2024-07-15,Integra,52.0769804,-0.0015664888370348073,0.00013246532185611358
2024-07-16,Integra,52.1247801,0.0009178661979412084,0.0016050857444679096
2024-07-17,Integra,51.7979951,-0.006269283042980134,-0.00442260854603093
2024-07-18,Integra,51.7079621,-0.0017381560777821603,-0.0037958510397618373
2024-07-19,Integra,51.5805883,-0.0024633304974128745,0.000783516841752666
2024-07-22,Integra,51.849582,0.005215018069113286,0.00013246532185611358
2024-07-23,Integra,51.6664516,-0.0035319551852895925,0.001733117641527585
2024-07-24,Integra,51.4879994,-0.0034539279256406985,-0.0003742298257928031
2024-07-25,Integra,51.1795241,-0.0059912077298539534,-0.000543722380197159
2024-07-26,Integra,51.40229059999999,0.004352648914138557,-0.0012640314131799793
2024-07-29,Integra,51.29928880000001,-0.0020038367706514126,0.00013246532185611358
2024-07-30,Integra,51.1160406,-0.0035721391911384126,-0.0010182375011511893
2024-07-31,Integra,51.6106837,0.009676866482495328,0.0054357498842053965
2024-08-01,Integra,50.9833896,-0.012154345864633487,-0.0037812267913714896
2024-08-02,Integra,50.2275576,-0.014825063730168453,-0.0016380263899929037
2024-08-05,Integra,49.5688409,-0.01311464724695277,0.00013246532185611358
2024-08-06,Integra,49.5899726,0.00042631015001215466,0.0036230055781160883
2024-08-07,Integra,49.5090258,-0.0016323219343742368,-0.0021955815267976565
2024-08-08,Integra,49.9800084,0.009513065393421671,0.0007357487641116555
2024-08-09,Integra,50.1252645,0.002906284025354422,0.002743858323968783
2024-08-12,Integra,50.2732539,0.002952391403341137,0.00013246532185611358
2024-08-13,Integra,50.5786099,0.006073925523249146,0.003041323500509071
2024-08-14,Integra,50.1628589,-0.008219897716089553,-0.00023375019760792903
2024-08-15,Integra,50.654276200000005,0.009796437260078061,0.0025513827956508777
2024-08-16,Integra,50.6471294,-0.00014108976647475568,-0.0008351843115362694
2024-08-19,Integra,50.7643595,0.002314644509743946,0.00013246532185611358
2024-08-20,Integra,50.8280166,0.0012539722873878834,0.0017531748140929978
2024-08-21,Integra,50.8307897,5.455849323854345e-05,0.0018102404925755542
2024-08-22,Integra,50.4647488,-0.0072011649270126155,-0.0017909289197016339
2024-08-23,Integra,50.7664596,0.005978644641544184,0.002637044293066421
2024-08-26,Integra,50.5466947,-0.004328938864982312,0.00013246532185611358
2024-08-27,Integra,50.5609628,0.0002822756282023775,0.0035873285560909917
2024-08-28,Integra,50.353469,-0.00410383403537562,-0.0030666784563618934
2024-08-29,Integra,50.4419523,0.0017572433788026753,-0.001687446100182352
2024-08-30,Integra,50.6014217,0.003161443852362611,0.003656175235937191
2024-09-02,Integra,50.637314100000005,0.000709316038841612,0.00013246532185611358
2024-09-03,Integra,49.9796414,-0.012987906481398581,0.00013246532185611358
2024-09-04,Integra,50.0120867,0.0006491703239790425,0.0019215790671540539
2024-09-05,Integra,50.0321765,0.0004016988957191714,0.0011481418781091324
2024-09-06,Integra,49.4693268,-0.011249754445521676,-0.004498472517971147
2024-09-09,Integra,49.8392387,0.007477601251691279,0.00013246532185611358
2024-09-10,Integra,49.8144714,-0.0004969437865831594,-0.00018936326734064407
2024-09-11,Integra,50.0081763,0.003888526658138991,0.0042006208709867866
2024-09-12,Integra,50.3225087,0.0062856201376813026,0.00312003930432509
2024-09-13,Integra,50.790941700000005,0.009308617795519503,0.00047158529104697055
2024-09-16,Integra,50.7891866,-3.455537427066169e-05,0.00013246532185611358
2024-09-17,Integra,50.4976276,-0.00574057234458647,0.0020665623886556906
2024-09-18,Integra,50.5807108,0.0016452891739413555,-0.0006353037041270732
2024-09-19,Integra,50.953646500000005,0.00737308143957538,0.004507485756210658
2024-09-20,Integra,50.9329323,-0.00040653027649373286,-0.0010998480259546714
2024-09-23,Integra,51.0633113,0.0025598172756293724,0.00013246532185611358
2024-09-24,Integra,51.3820491,0.006242011962902305,0.008388472711562251
2024-09-25,Integra,51.2387623,-0.0027886548417159762,-0.0010567684904963794
2024-09-26,Integra,51.7131035,0.009257467954100207,0.005152527193058122
2024-09-27,Integra,51.6274908,-0.0016555320451808742,-0.0028384907798781967
2024-09-30,Integra,50.7891866,-0.016237554585937675,0.00013246532185611358
2024-10-01,Integra,51.4328998,0.012674217546929656,0.0008989814572045367
2024-10-02,Integra,51.4921317,0.0011516344641333554,0.0006097634537237483
2024-10-03,Integra,51.5882749,0.0018671435193271524,-0.002251619887285507
2024-10-04,Integra,51.9357637,0.006735809651971847,0.00043051397638314685
2024-10-07,Integra,51.9660221,0.0005826120161587234,0.00013246532185611358
2024-10-08,Integra,51.7883576,-0.0034188589547631265,-0.0016465443881992406
2024-10-09,Integra,51.89910810000001,0.0021385211876270294,0.00021599810309175764
2024-10-10,Integra,52.1135063,0.004131057504627833,0.0018534085703687528
2024-10-11,Integra,52.1717538,0.0011177044903616373,0.0018233328562827973
2024-10-14,Integra,52.29106000000001,0.00228679680689603,0.00013246532185611358
2024-10-15,Integra,51.888131,-0.007705504535574725,-0.0017202674879679923
2024-10-16,Integra,51.9779223,0.0017304785944207701,0.004587408551335126
2024-10-17,Integra,51.984913000000006,0.00013449364058182312,-0.00044715029547562097
2024-10-18,Integra,52.2578758,0.00525080805656053,0.0020415149980677855
2024-10-21,Integra,52.2766151,0.0003585928381726333,0.00013246532185611358
2024-10-22,Integra,52.2987815,0.00042402133262831043,0.003233052464640956
2024-10-23,Integra,52.1126465,-0.0035590695358743707,-0.0010700342691027872
2024-10-24,Integra,52.2623078,0.0028718806288221543,0.0001000462115111958
2024-10-25,Integra,52.3717468,0.0020940330537795315,0.00011807336125738338
2024-10-28,Integra,52.4104743,0.00073947313897893,0.00013246532185611358
2024-10-29,Integra,52.7008752,0.005540894332261459,0.0014351893309097609
2024-10-30,Integra,52.3575302,-0.006514977193395777,-0.0006228509113293702
2024-10-31,Integra,51.8852242,-0.009020784559467199,-0.001547326360698194
2024-11-01,Integra,51.8001888,-0.0016389136080865452,0.0006373299348009681
2024-11-04,Integra,51.87764129999999,0.001495216557975132,0.00013246532185611358
2024-11-05,Integra,52.0080084,0.0025129727707957628,0.003976850374490222
2024-11-06,Integra,52.275263800000005,0.00513873551827837,-0.002502111756103503
2024-11-07,Integra,52.4064331,0.0025092039803344957,0.004973681433976364
2024-11-08,Integra,52.3408543,-0.0012513501896774804,-0.004785579891450939
2024-11-11,Integra,52.2914101,-0.0009446578712032361,0.00013246532185611358
2024-11-12,Integra,52.3728581,0.0015575789569308718,-0.002192029624849079
2024-11-13,Integra,52.3457124,-0.000518316184848544,0.0010132304445653866
2024-11-14,Integra,52.0873161,-0.004936341261829735,0.0013528425591897923
2024-11-15,Integra,51.7997756,-0.005520355463275783,-0.00019079694956543067
2024-11-18,Integra,51.7915361,-0.00015906439563795338,0.00013246532185611358
2024-11-19,Integra,51.794402600000005,5.5346881283169225e-05,0.003496864378254916
2024-11-20,Integra,51.7079128,-0.0016698677011095509,-0.0004311887599735668
2024-11-21,Integra,51.9372602,0.004435441068508794,0.0008368658455543994
2024-11-22,Integra,51.9473052,0.00019340642847387457,-0.0005982149115141848
2024-11-25,Integra,51.884374,-0.0012114430143722599,0.00013246532185611358
2024-11-26,Integra,51.8473972,-0.0007126769998226923,0.0016360370803403127
2024-11-27,Integra,51.6049901,-0.004675395740019961,0.00019094393441861882
2024-11-28,Integra,51.5106084,-0.0018289258425804311,0.00013246532185611358
2024-11-29,Integra,51.6468442,0.002644810539647935,0.00013246532185611358
2024-12-02,Integra,51.8138609,0.003233821980550111,0.00013246532185611358
2024-12-03,Integra,51.4922258,-0.006207510778259762,0.0034442372068361725
2024-12-04,Integra,51.8278199,0.006517374123687691,-3.018625573294258e-05
2024-12-05,Integra,51.6872495,-0.00271225763057803,0.00023438903671299364
2024-12-06,Integra,51.5829201,-0.002018474594977171,-0.0017482199636913883
2024-12-09,Integra,51.7321862,0.002893711711369429,0.00013246532185611358
2024-12-10,Integra,51.4964831,-0.004556217653140737,-0.0012188091100493793
2024-12-11,Integra,51.991879,0.009619994806985055,0.0032770844103606938
2024-12-12,Integra,51.8957417,-0.0018490830077519949,-0.0028008350560988406
2024-12-13,Integra,51.753188,-0.0027469248021172454,-0.00349761452869779
2024-12-16,Integra,52.0538684,0.005809891363600661,0.00013246532185611358
2024-12-17,Integra,51.8141661,-0.004604889268902013,-0.0008489713046291584
2024-12-18,Integra,51.0707931,-0.0143469065692442,-0.002896687277814721
2024-12-19,Integra,50.8068611,-0.005167963604622461,0.00014100585307101702
2024-12-20,Integra,51.03468480000001,0.0044841128750623405,0.0011097697600328746
2024-12-23,Integra,51.1777676,0.002803638360082461,0.00013246532185611358
2024-12-24,Integra,51.4192908,0.004719299245088626,0.0011098731425841593
2024-12-26,Integra,51.4548082,0.000690740759886177,0.00013246532185611358
2024-12-27,Integra,51.4272928,-0.0005347488594856786,-0.000820794444750308
2024-12-30,Integra,51.2274031,-0.0038868408021663914,0.00013246532185611358
2024-12-31,Integra,51.115465400000005,-0.002185113693572993,0.00047735236827630497
2025-01-02,Integra,51.1016086,-0.0002710882096361722,0.0010765017577335746
2025-01-03,Integra,51.3226601,0.004325724885302362,0.0010139109900627347
2025-01-06,Integra,51.6800062,0.006962735355176886,0.00013246532185611358
2025-01-07,Integra,51.6088452,-0.0013769541691734943,0.0018188993859301
2025-01-08,Integra,51.6698735,0.0011825162869563144,0.001146758247392202
2025-01-09,Integra,51.5809154,-0.0017216628176959237,0.00013246532185611358
2025-01-10,Integra,51.2462699,-0.006487777454217136,0.00013246532185611358
2025-01-13,Integra,51.148766,-0.0019026536017209272,0.00013246532185611358
2025-01-14,Integra,51.2653385,0.0022790872413225305,0.003336708500447821
2025-01-15,Integra,51.5609657,0.005766609733787176,0.0012789980435712297
2025-01-16,Integra,51.4580801,-0.001995416466763378,-0.000574358710298762
2025-01-17,Integra,51.5672043,0.0021206426626865227,-0.00013767872091066688
2025-01-20,Integra,51.5129615,-0.0010518856070698135,0.00013246532185611358
2025-01-21,Integra,51.7082639,0.0037913254123429496,0.00013246532185611358
2025-01-22,Integra,51.6992519,-0.0001742854878560296,-0.0002882839443128284
2025-01-23,Integra,51.6685423,-0.0005940047267879445,0.00014222415904161282
2025-01-24,Integra,51.5684706,-0.0019368013020177877,0.0006702289047421182
2025-01-27,Integra,51.0025797,-0.010973583149080257,0.00013246532185611358
2025-01-28,Integra,51.044353,0.0008190428846093223,0.0017134970513274764
2025-01-29,Integra,50.92265,-0.00238425982204149,0.0011747573516418897
2025-01-30,Integra,51.2344483,0.006122978674519164,0.0010684596090101471
2025-01-31,Integra,51.1192994,-0.0022474898007244226,-0.0019818943700834657
2025-02-03,Integra,50.7826682,-0.006585207621213951,0.00013246532185611358
2025-02-04,Integra,51.0525588,0.005314620313707774,0.004058609808232133
2025-02-05,Integra,51.3491771,0.005810057457883877,0.0005181554378765261
2025-02-06,Integra,51.4323607,0.0016199597480988093,-0.00012772822958705997
2025-02-07,Integra,51.2193459,-0.004141649286574456,0.0031567144765968337
2025-02-10,Integra,51.32531800000001,0.002068985812644142,0.00013246532185611358
2025-02-11,Integra,51.2181138,-0.002088719645146897,-0.0013886234554267307
2025-02-12,Integra,51.178119800000005,-0.0007808565570408543,0.0012296159140680002
2025-02-13,Integra,51.3996249,0.004328121096781601,0.0024244737668570955
2025-02-14,Integra,51.358396,-0.0008021245306791824,-0.00026211470412203046
2025-02-17,Integra,51.3563518,-3.980264492686736e-05,0.00013246532185611358
2025-02-18,Integra,51.3460906,-0.0001998039120839623,0.00013246532185611358
2025-02-19,Integra,51.3191369,-0.0005249416203849666,-0.0003192976741263154
2025-02-20,Integra,51.0298121,-0.0056377565461354084,0.0022554710770908114
2025-02-21,Integra,50.5375241,-0.009647066680067207,-0.0038596743862183607
2025-02-24,Integra,50.2335452,-0.0060149147670650605,0.00013246532185611358
2025-02-25,Integra,49.834154,-0.0079506871038042,0.002222527470888597
2025-02-26,Integra,49.928489600000006,0.001892990899374114,0.0010064326032882482
2025-02-27,Integra,49.3546311,-0.011493608250468856,-0.0018317611790574166
2025-02-28,Integra,49.714312,0.007287682877646029,-0.00046981391785035575
2025-03-03,Integra,49.4006253,-0.006309786606319645,0.00013246532185611358
2025-03-04,Integra,48.928896400000006,-0.009549047145360645,0.0023746066646281572
2025-03-05,Integra,49.1951659,0.005441968235359473,0.005384192567885866
2025-03-06,Integra,48.8962126,-0.006076883663888588,-0.0010970721411108454
2025-03-07,Integra,48.958922,0.0012825001501242106,-0.0021267614200268397
2025-03-10,Integra,48.3806362,-0.011811653042524184,0.00013246532185611358
2025-03-11,Integra,48.3234152,-0.0011827252490739237,0.004263901999811054
2025-03-12,Integra,48.4676307,0.0029843813688068543,-0.0008590863479269792
2025-03-13,Integra,48.4659224,-3.524620401973433e-05,0.0035112638064100413
2025-03-14,Integra,48.8896707,0.008743221608426666,0.0008932925429205285
2025-03-17,Integra,49.0740103,0.003770522430620371,0.00013246532185611358
2025-03-18,Integra,49.045239,-0.0005862838562430417,0.0031859222573496805
2025-03-19,Integra,49.2018229,0.0031926422052912518,0.00015511532732710948
2025-03-20,Integra,49.2074983,0.00011534938474788703,-0.0007588263079139028
2025-03-21,Integra,49.4014696,0.003941905333561868,-0.0010588168072548382
2025-03-24,Integra,49.812396500000006,0.008318110844216742,0.00013246532185611358
2025-03-25,Integra,49.986153400000006,0.0034882260683843924,0.005197231997317665
2025-03-26,Integra,49.6704655,-0.0063155069659752705,-0.002349112003484052
2025-03-27,Integra,49.7382488,0.0013646600513539386,0.001375953890029043
2025-03-28,Integra,49.4303458,-0.006190467244596709,-0.0044824807822262695
2025-03-31,Integra,49.5870103,0.00316939923167614,0.00013246532185611358
2025-04-01,Integra,49.66307400000001,0.0015339440619595024,0.005610241960753888
2025-04-02,Integra,49.635450600000006,-0.0005562160731331645,0.00011001294412658287
2025-04-03,Integra,48.484396100000005,-0.023190169245688286,-0.005423634148668253
2025-04-04,Integra,47.0069087,-0.030473461955732306,-0.009862295941507471
2025-04-07,Integra,46.7087364,-0.006343159085464345,0.00013246532185611358
2025-04-08,Integra,46.7818064,0.001564375438767085,-0.0012836255500209303
2025-04-09,Integra,47.8661733,0.02317924388657211,0.013260681619037677
2025-04-10,Integra,47.5037014,-0.0075726107814848564,-0.0030962101264571202
2025-04-11,Integra,47.9518567,0.00943411327522381,0.004775770633146213
2025-04-14,Integra,48.2878559,0.007007011263444829,0.00013246532185611358
2025-04-15,Integra,48.4185568,0.002706703322480797,0.0021565697424062243
2025-04-16,Integra,47.9767606,-0.009124522274071567,-0.0016339656129986662
2025-04-17,Integra,47.8773884,-0.0020712569743609466,0.00022971462037114503
2025-04-18,Integra,47.8825576,0.00010796745964536392,0.00013246532185611358
2025-04-21,Integra,47.6398028,-0.0050697960210880355,0.00013246532185611358
2025-04-22,Integra,47.9773281,0.007084943265130539,0.003928969900433939
2025-04-23,Integra,48.1800158,0.0042246558536467305,-0.00014701453884806017
2025-04-24,Integra,48.5515188,0.007710728064974859,0.0008453047981170741
2025-04-25,Integra,48.5996734,0.0009918247912772404,-0.0007986412161490509
2025-04-28,Integra,48.6507722,0.0010514227035935964,0.00013246532185611358
2025-04-29,Integra,48.6228332,-0.0005742765990464083,8.689510541486648e-06
2025-04-30,Integra,48.6525297,0.0006107521517277892,-0.0020642480793458136
2025-05-01,Integra,48.520621600000005,-0.0027112279836909448,-0.00032356027202739776
2025-05-02,Integra,48.9231507,0.008296041697866352,0.0006720041603331006
2025-05-05,Integra,49.087768800000006,0.003364830303131061,0.00013246532185611358
2025-05-06,Integra,49.0195868,-0.0013889814441924164,0.0039466365412434085
2025-05-07,Integra,48.856504400000006,-0.003326882388163921,-0.003814636145785447
2025-05-08,Integra,48.9122837,0.0011416964984503064,0.000563162240463859
2025-05-09,Integra,49.1554075,0.004970608231894991,0.0008284786604046622
2025-05-12,Integra,49.647589,0.010012764109421646,0.00013246532185611358
2025-05-13,Integra,49.9952102,0.007001774043851272,0.0018464631921854514
2025-05-14,Integra,49.73710020000001,-0.005162694565488457,0.0018753497418760744
2025-05-15,Integra,49.8780494,0.0028338845536475255,-0.0019501354703288503
2025-05-16,Integra,49.9868731,0.002181795425223454,0.0011576834160305
2025-05-19,Integra,49.977632400000005,-0.00018486253343963366,0.00013246532185611358
2025-05-20,Integra,50.0505052,0.0014581082876585771,0.00048185881667742506
2025-05-21,Integra,49.8184314,-0.004636792357492592,0.0027638077360439607
2025-05-22,Integra,49.4560206,-0.007274632898216837,-9.699199665315608e-05
2025-05-23,Integra,49.5533445,0.0019678878085875873,0.0006818549141227741
2025-05-26,Integra,49.5529068,-8.832905314726247e-06,0.00013246532185611358
2025-05-27,Integra,49.6748298,0.0024604611086103123,0.00013246532185611358
2025-05-28,Integra,49.5906695,-0.0016942242245991945,-0.0009370294245482782
2025-05-29,Integra,49.5099338,-0.001628042146113784,0.0001466120960330429
2025-05-30,Integra,49.35813640000001,-0.003065998848093665,-3.912957341345628e-05
2025-06-02,Integra,49.8066825,0.009087581758860708,0.00013246532185611358
2025-06-03,Integra,50.0722731,0.005332429037007147,0.0006325564017725152
2025-06-04,Integra,50.0370773,-0.0007028999847821238,0.0011786789640097176
2025-06-05,Integra,50.410588100000005,0.007464680595962836,0.0037214771715125983
2025-06-06,Integra,50.7925102,0.007576227820282,0.00012082322665492244
2025-06-09,Integra,50.765579900000006,-0.0005302021871720353,0.00013246532185611358
2025-06-10,Integra,50.8537231,0.0017362787970436333,0.0018241212487403807
2025-06-11,Integra,50.7770157,-0.0015083930010230118,-4.3273449292984873e-05
2025-06-12,Integra,50.7544852,-0.00044371453677227723,0.0005717606521195216
2025-06-13,Integra,50.548053200000005,-0.004067266157592564,-0.0008795273317252938
2025-06-16,Integra,50.7445741,0.003887803536615664,0.00013246532185611358
2025-06-17,Integra,50.5689551,-0.0034608429199527446,0.0014850928740683777
2025-06-18,Integra,50.3053994,-0.00521180830173007,0.0003412110522776526
2025-06-19,Integra,50.3708457,0.0013009796320193612,0.00013246532185611358
2025-06-20,Integra,50.2377153,-0.002643005058777459,0.00013246532185611358
2025-06-23,Integra,50.341805400000005,0.002071951309457809,0.00013246532185611358
2025-06-24,Integra,50.5565517,0.004265764771320457,0.003730846620678594
2025-06-25,Integra,50.5815173,0.0004938153248297272,-0.0023931319147709102
2025-06-26,Integra,50.8888206,0.006075406915482251,0.007374531256255623
2025-06-27,Integra,50.8805402,-0.00016271550219426612,-0.0019026634477841249
2025-06-30,Integra,50.979591600000006,0.0019467442682539193,0.00013246532185611358
2025-07-01,Integra,51.1249993,0.002852272751435514,0.0028878905433387795
2025-07-02,Integra,51.2464617,0.002375792697565826,0.0031359968930544145
2025-07-03,Integra,51.4038921,0.003072024775517379,-0.002059937600007841
2025-07-04,Integra,51.4340239,0.0005861774034809919,0.00013246532185611358
2025-07-07,Integra,51.418360400000005,-0.00030453576858868736,0.00013246532185611358
2025-07-08,Integra,51.3327802,-0.0016643899053615518,0.002931401469705435
2025-07-09,Integra,51.4646041,0.002568025723258982,-0.0019807899920747784
2025-07-10,Integra,51.458222500000005,-0.00012399978804067402,0.0011913312493822975
2025-07-11,Integra,51.5355536,0.0015027938440741462,-0.0004744485747196818
2025-07-14,Integra,51.6463943,0.002150761799520007,0.00013246532185611358
2025-07-15,Integra,51.5387465,-0.0020843236291521183,0.0015119164748458823
2025-07-16,Integra,51.4040843,-0.0026128342100830704,-0.0002003560048313349
2025-07-17,Integra,51.7511546,0.006751803961227321,-0.0005354372288318951
2025-07-18,Integra,51.726916,-0.0004683682941442058,-0.002079767124664275
2025-07-21,Integra,51.9355601,0.004033569293015571,0.00013246532185611358
2025-07-22,Integra,52.0309667,0.0018370187943732574,0.004379005199436841
2025-07-23,Integra,52.3378722,0.00589851620035331,0.0013519606123081312
2025-07-24,Integra,52.2419079,-0.0018335537148566061,-0.001349014767336528
2025-07-25,Integra,52.1790181,-0.001203818974612969,-0.0008554587628284922
2025-07-28,Integra,52.0535192,-0.002405160245819271,0.00013246532185611358
2025-07-29,Integra,52.12498110000001,0.0013728543448798813,0.005126462821838973
2025-07-30,Integra,52.1108045,-0.0002719732401016417,-0.0056014227769047
2025-07-31,Integra,52.2072986,0.001851710042204413,0.0015046674685952654
2025-08-01,Integra,51.8232065,-0.007357057543674661,-0.0005719289560905415
2025-08-04,Integra,52.2185134,0.007627989981669803,0.00013246532185611358
2025-08-05,Integra,52.1326517,-0.0016442769893177944,0.004283330249375203
2025-08-06,Integra,52.3987508,0.00510426942276565,0.0006320887497093652
2025-08-07,Integra,52.3773888,-0.00040768147472713956,0.001819074025056298
2025-08-08,Integra,52.3844209,0.00013425831568003588,0.0025063584039810675
2025-08-11,Integra,52.3370765,-0.0009037877900832658,0.00013246532185611358
2025-08-12,Integra,52.6473766,0.00592887720811075,0.003928794300390569
2025-08-13,Integra,52.8932546,0.004670280190181453,0.0013295205472567777
2025-08-14,Integra,52.9372139,0.0008310946326226532,-0.0005018427956169697
2025-08-15,Integra,52.7894343,-0.002791601391776255,0.0017965190279011485
2025-08-18,Integra,52.7305673,-0.0011151284491034419,0.00013246532185611358
2025-08-19,Integra,52.209566800000005,-0.009880426604095938,0.0007621912071271198
2025-08-20,Integra,52.0385117,-0.003276317167220877,-0.0011303768931158371
2025-08-21,Integra,52.1506618,0.0021551365774359343,0.0005891077759418223
2025-08-22,Integra,52.5725133,0.008089091977735885,0.0038057340134436102
2025-08-25,Integra,52.5744271,3.640305322827331e-05,0.00013246532185611358
2025-08-26,Integra,52.97546750000001,0.007628050786691487,0.004631337812910868
2025-08-27,Integra,52.8866657,-0.001676281573164129,-0.0006620264631770834
2025-08-28,Integra,53.0868215,0.003784617490075526,0.002319243172597055
2025-08-29,Integra,52.950774300000006,-0.0025627301871895547,-0.0005483104351051605
2025-09-01,Integra,53.1016016,0.002848443710104398,0.00013246532185611358
2025-09-02,Integra,53.1420514,0.0007617435026667785,0.00013246532185611358
2025-09-03,Integra,53.3012465,0.002995652139992533,0.004429362987634675
2025-09-04,Integra,53.2432257,-0.0010885448992266067,-0.001151387628073846
2025-09-05,Integra,53.4587265,0.0040474782879278415,-0.00031649507904526314
2025-09-08,Integra,53.690225,0.004330415540295451,0.00013246532185611358
2025-09-09,Integra,53.52737809999999,-0.003033082837704759,0.0016480069244231533
2025-09-10,Integra,53.601502200000006,0.0013847885443134533,-0.001776504603463695
2025-09-11,Integra,54.00334230000001,0.007496806684645474,0.002439529487467269
2025-09-12,Integra,54.0941573,0.0016816551741463126,0.0026556443109654695
2025-09-15,Integra,54.3619144,0.004949834018395993,0.00013246532185611358
2025-09-16,Integra,54.2485966,-0.002084507163714,0.0014021364239138435
2025-09-17,Integra,54.2556719,0.00013042365044335646,-0.0010877604286391224
2025-09-18,Integra,54.2764465,0.0003829019026486691,-0.0008456947069971991
2025-09-19,Integra,54.5786317,0.005567519973880497,0.0017818037229488865
2025-09-22,Integra,55.0016129,0.007749941448238928,0.00013246532185611358
2025-09-23,Integra,55.02104610000001,0.00035332054780545796,0.0022207832290045987
2025-09-24,Integra,55.063443500000005,0.0007705669558324413,0.0035174272769687015
2025-09-25,Integra,54.902643600000005,-0.0029202659655674923,0.00042685864914041504
2025-09-26,Integra,54.92596100000001,0.00042470450366449697,0.0005460151744371784
2025-09-29,Integra,55.2402256,0.0057216040334733265,0.00013246532185611358
2025-09-30,Integra,55.2564674,0.0002940212467197334,0.0029624046586782127
2025-10-01,Integra,55.533696600000006,0.005017135785991389,0.00015590648104761733
2025-10-02,Integra,55.582599,0.0008805896778711908,0.0005927265418720866
2025-10-03,Integra,55.5278921,-0.0009842450872079578,0.0023308813539348865
2025-10-06,Integra,55.88691800000001,0.006465685737780946,0.00013246532185611358
2025-10-07,Integra,55.68007969999999,-0.003701014609537312,0.001242353505803455
2025-10-08,Integra,56.356336600000006,0.012145401077793494,0.0017382714363167984
2025-10-09,Integra,55.9431671,-0.007331376113613675,0.0007638478542440457
2025-10-10,Integra,54.8633831,-0.01930144566305747,-0.005896079869684361
2025-10-13,Integra,55.6522508,0.014378765133060023,0.00013246532185611358
2025-10-14,Integra,55.7664273,0.0020516061499529226,-0.0012357006432584673
2025-10-15,Integra,55.9276774,0.002891526457891036,0.0036612582048283385
2025-10-16,Integra,55.7893382,-0.00247353736881617,-0.0009213972944091177
2025-10-17,Integra,55.3692319,-0.007530225551232617,-0.0029982145465210835
2025-10-20,Integra,55.7047063,0.006058859559509244,0.00013246532185611358
2025-10-21,Integra,54.9180085,-0.0141226451453349,-0.0033050953696525925
2025-10-22,Integra,54.6653798,-0.004600106720912933,3.066706527621809e-05
2025-10-23,Integra,54.9071914,0.004423487056793629,0.0024259512875957497
2025-10-24,Integra,55.0335821,0.0023018970152604012,0.0003996342755452116
2025-10-27,Integra,55.0066441,-0.000489482947903408,0.00013246532185611358
2025-10-28,Integra,55.24885200000001,0.00440324807962611,0.0037188159778829806
2025-10-29,Integra,55.5320777,0.005126363530594258,0.0017342760340744714
2025-10-30,Integra,55.2959963,-0.004251261789183891,-0.0006549645743340575
2025-10-31,Integra,55.1718745,-0.002244679693021445,-0.0006824153842192467
2025-11-03,Integra,55.039318,-0.002402610047262388,0.00013246532185611358
2025-11-04,Integra,54.256365,-0.014225339783461743,-0.001335875122751708
2025-11-05,Integra,54.6250536,0.0067953059516612235,0.002384314301101937
2025-11-06,Integra,54.4307521,-0.0035570033747298613,-0.0007760950207257778
2025-11-07,Integra,54.4860059,0.0010151210091400298,0.0007316108612711792
2025-11-10,Integra,55.2466983,0.013961243578692883,0.00013246532185611358
2025-11-11,Integra,55.0744511,-0.0031177826965272937,-0.0002300952909907369
2025-11-12,Integra,55.5054056,0.00782494407828982,0.0020577251110537936
2025-11-13,Integra,54.8864616,-0.011151058051182106,-0.0002557760403331137
2025-11-14,Integra,54.5893786,-0.005412682678746283,-0.0007965543285650757
2025-11-17,Integra,54.0403129,-0.01005810496622872,0.00013246532185611358
2025-11-18,Integra,53.6600698,-0.007036286053776708,8.805925807792839e-05
2025-11-19,Integra,54.1546612,0.009217121815968898,0.00224044267609943
2025-11-20,Integra,53.1112197,-0.019267805889255585,-0.003258007449114289
2025-11-21,Integra,53.2021395,0.0017118755794645057,-0.0009351881621454124
2025-11-24,Integra,54.02386069999999,0.015445266068669916,0.00013246532185611358
2025-11-25,Integra,54.0894631,0.0012143226927876505,0.0034702155993038544
2025-11-26,Integra,54.9844806,0.01654698436080415,0.0026801713159847968
2025-11-27,Integra,55.0812557,0.0017600439059162198,0.00013246532185611358
2025-11-28,Integra,55.6215975,0.00980990344415833,0.00013246532185611358
2025-12-01,Integra,55.861451800000005,0.004312251189836802,0.00013246532185611358
2025-12-02,Integra,56.1090689,0.0044327007627107395,0.0027236242511236896
2025-12-03,Integra,56.4743771,0.0065106801299994466,0.0035718051592210126
2025-12-04,Integra,56.7010114,0.004013046475903614,0.00037466296554260214
2025-12-05,Integra,56.7989777,0.0017277698859530233,0.0008816890563540237
2025-12-08,Integra,56.7885286,-0.00018396633923922767,0.00013246532185611358
2025-12-09,Integra,57.2358911,0.007877691340641757,0.0004014456202899272
2025-12-10,Integra,57.6971577,0.008059044615800426,0.00428996181371372
2025-12-11,Integra,58.0142553,0.005495896377578413,-0.0010698099611240923
2025-12-12,Integra,57.409879,-0.010417720556347598,0.0019397364201607806
2025-12-15,Integra,57.2988411,-0.0019341253096875066,0.00013246532185611358
2025-12-16,Integra,57.5994186,0.005245786724995538,0.0023682502818814415
2025-12-17,Integra,57.110144,-0.008494436435162234,0.00044037141025888963
2025-12-18,Integra,57.6759642,0.009907525360118186,0.0008559147221165957
2025-12-19,Integra,58.4366556,0.013189053890147129,0.001954342119241201
2025-12-22,Integra,59.1739718,0.012617357931072215,0.00013246532185611358
2025-12-23,Integra,59.533819,0.006081173682514374,0.003912055205189992
2025-12-24,Integra,59.6016403,0.0011392062719846052,-0.00014275309756777476
2025-12-26,Integra,60.0156434,0.006946169567081606,0.00013246532185611358
2025-12-29,Integra,59.4931121,-0.008706584990139543,0.00013246532185611358
2025-12-30,Integra,59.765370700000005,0.004576304556775934,0.003963239726934704
2025-12-31,Integra,59.43469300000001,-0.0055329314639387395,-0.0009061895288642899
2026-01-02,Integra,60.2755677,0.014147876560916872,0.00013246532185611358
2026-01-05,Integra,61.29541570000001,0.016919757688155457,0.00013246532185611358
2026-01-06,Integra,62.4286817,0.018488593103708872,0.004580351217766698
2026-01-07,Integra,62.26312229999999,-0.0026519765513486337,-0.0023199442803815097
2026-01-08,Integra,62.2151493,-0.0007704881835004507,0.0005973709002001571
2026-01-09,Integra,62.982636,0.012336009937052417,0.002651003778399696
2026-01-12,Integra,63.8992293,0.014553111114625317,0.00013246532185611358
2026-01-13,Integra,64.1589849,0.004065081892935973,0.0022366210677853436
2026-01-14,Integra,64.4168214,0.0040187122723633895,0.0027507701215626307
2026-01-15,Integra,64.9225261,0.007850506886388997,0.0002625631337219552
2026-01-16,Integra,65.1863069,0.004063008879132468,-0.001013536284004759
2026-01-19,Integra,65.2071476,0.00031970978248496706,0.00013246532185611358
2026-01-20,Integra,65.5190925,0.004783906542171756,0.00013246532185611358
2026-01-21,Integra,65.89881059999999,0.0057955335690889065,0.0037337319269183716
2026-01-22,Integra,66.35399699999999,0.006907353802831695,-0.0004939111154800435
2026-01-23,Integra,66.8928849,0.008121408270250985,0.0040067934202858225
2026-01-26,Integra,67.8046186,0.013629756010119287,0.00013246532185611358
2026-01-27,Integra,68.40986649999999,0.008926352105459667,0.0029861634675431106
2026-01-28,Integra,68.81003679999999,0.005849599194876376,0.0035109093560377388
2026-01-29,Integra,68.6364835,-0.0025222090856372725,-0.0003201083108297317
2026-01-30,Integra,66.4553445,-0.031778128609983414,-0.008893188589971002
2026-02-02,Integra,66.4926819,0.0005618419448567558,0.0016784856713696927
2026-02-03,Integra,67.4864188,0.014945056682997171,0.008264288667624745
2026-02-04,Integra,66.7316666,-0.01118376428058443,-0.006176300118438012
2026-02-05,Integra,65.7417224,-0.014834699183131073,-0.005383872852157539
2026-02-06,Integra,67.07852410000001,0.020334144759188932,0.006687783241771021
2026-02-09,Integra,68.3330174,0.018701861986853086,0.00013246532185611358
2026-02-10,Integra,68.0184681,-0.004603181770222786,0.0009854577783615119
2026-02-11,Integra,68.4384924,0.006175150833777732,0.0017135689778660895
2026-02-12,Integra,67.0960755,-0.019614939676841914,-0.0034608821175368624
2026-02-13,Integra,67.3309244,0.003500188323235065,0.0004587044938836718
2026-02-16,Integra,67.2516871,-0.001176833686840073,0.00013246532185611358
2026-02-17,Integra,66.7254743,-0.00782452935667688,0.00013246532185611358
2026-02-18,Integra,67.3519637,0.00938905877511309,0.0019517969710700562
2026-02-19,Integra,67.35839630000001,9.550723760121116e-05,0.0031079377485190526
2026-02-20,Integra,68.0295865,0.00996446229228276,0.0033402738360934405
2026-02-23,Integra,68.3747103,0.005073142697993749,0.00013246532185611358
2026-02-24,Integra,68.8649359,0.007169691803432743,0.0025477333844117047
2026-02-25,Integra,69.4631118,0.008686218787288258,0.004294163941858692
2026-02-26,Integra,69.2748189,-0.002710689099879815,-0.0026546342812274943
2026-02-27,Integra,69.5135672,0.003446393708291584,0.003504400020184234
2026-03-02,Integra,69.441683,-0.0010341031671295964,0.00013246532185611358
2026-03-03,Integra,66.8791916,-0.03690134353454533,-0.0045656075142649815
2026-03-04,Integra,67.47449,0.008901100413420737,0.003274417531129963
2026-03-05,Integra,66.24895550000001,-0.018162930909148,-0.00640372110251235
2026-03-06,Integra,65.8198604,-0.006477009286584345,-0.004209311189273288
2026-03-09,Integra,66.13444510000001,0.004779479902999206,0.00013246532185611358
2026-03-10,Integra,66.5767642,0.00668818040782182,0.006514400143785928
2026-03-11,Integra,66.2162928,-0.005414372481623131,-0.0032412412082272737
2026-03-12,Integra,64.9755684,-0.018737448859414307,-0.0036660404755619143
2026-03-13,Integra,64.0923718,-0.01359274911706665,-0.0050366768947035945
2026-03-16,Integra,64.7080661,0.009606358490231504,0.00013246532185611358
2026-03-17,Integra,64.7865377,0.0012127019818322093,0.0012740092247526132
2026-03-18,Integra,63.5551487,-0.019006865372279358,-0.004505326002958624
2026-03-19,Integra,62.4808511,-0.016903392124389627,-0.002572799268688638
2026-03-20,Integra,61.033588,-0.023163306429415775,-0.003232339028843364
2026-03-23,Integra,62.5162891,0.02429319901690863,0.00013246532185611358
2026-03-24,Integra,62.5887705,0.001159400230619223,0.0025101225552984826
2026-03-25,Integra,63.6211083,0.0164939779412987,0.0007015721288619399
2026-03-26,Integra,62.2343613,-0.021796963885962306,-0.002686597251963683
2026-03-27,Integra,62.3321885,0.0015719161883644972,-0.0015071563112140746
2026-03-30,Integra,62.035501100000005,-0.004759778328655928,0.00013246532185611358
2026-03-31,Integra,63.897782500000005,0.0300196075953032,0.008451369107400821
2026-04-01,Integra,65.14178770000001,0.01946867561483856,0.004852513329527771
2026-04-02,Integra,64.6096677,-0.008168642875608478,-0.0025554454035053254
2026-04-03,Integra,64.6046118,-7.825299494612636e-05,0.00013246532185611358
2026-04-06,Integra,64.4990594,-0.001633821441830996,0.00013246532185611358
2026-04-07,Integra,64.4653668,-0.0005223735092173554,0.0012612355593584277
2026-04-08,Integra,66.7295722,0.03512281884666191,0.0065448208982257115
2026-04-09,Integra,66.8091029,0.0011918359039022608,-0.001400745151406493
2026-04-10,Integra,67.16005799999999,0.0052531030168943005,0.001154356415010246
2026-04-13,Integra,67.4909602,0.004927068407237112,0.00013246532185611358
2026-04-14,Integra,68.0389343,0.008119222165104079,0.0032198238930160827
2026-04-15,Integra,67.2467893,-0.011642525094635259,-0.001828488874649424
2026-04-16,Integra,68.04632980000001,0.01188964571130846,0.002859509502126453
2026-04-17,Integra,68.5383668,0.007230911666304074,-0.0009757678405640633
2026-04-20,Integra,68.1876173,-0.005117564312898226,0.00013246532185611358
2026-04-21,Integra,66.9698009,-0.01785978815834066,-0.0032546935682603194
2026-04-22,Integra,68.02684570000001,0.015783902382783044,0.0034708114737072022
2026-04-23,Integra,67.57744459999999,-0.006606231633638937,-0.002639012463126786
2026-04-24,Integra,68.5249495,0.01402102292574714,0.0009255032986942065
2026-04-27,Integra,68.3325244,-0.0028081027626296606,0.00013246532185611358
2026-04-28,Integra,67.2141442,-0.016366733262381694,-0.0021483968258639817
2026-04-29,Integra,66.9278833,-0.00425893840362257,0.0014227743844672611
2026-04-30,Integra,68.0503788,0.016771716729311326,0.002913908172713717
2026-05-01,Integra,67.7340832,-0.004647962371078007,-0.001144757892126178
2026-05-04,Integra,67.3823635,-0.005192654619115111,0.00013246532185611358
2026-05-05,Integra,67.9664176,0.008667759183009327,0.0016831891052349725
2026-05-06,Integra,69.6755291,0.025146411424220805,0.005679070382562387
2026-05-07,Integra,69.2987598,-0.005407483873703489,-0.0013496615367593575
2026-05-08,Integra,70.38991519999999,0.015745669953533437,0.0032687874829055922
2026-05-11,Integra,71.39366030000001,0.014259785612016351,0.00013246532185611358
2026-05-12,Integra,70.85283749999999,-0.0075752216335098765,0.004087922227392636
2026-05-13,Integra,71.24722609999999,0.005566306359995776,-0.0010712928982058766
2026-05-14,Integra,71.05994340000001,-0.0026286314605022953,0.0002161924892819723
2026-05-15,Integra,69.0361012,-0.02848077416284578,-0.006447397610263538
2026-05-18,Integra,68.5172551,-0.007515576502457599,0.00013246532185611358
2026-05-19,Integra,67.7795082,-0.010767315458321769,-0.0005109522465241207
2026-05-20,Integra,68.8288888,0.015482269315137964,0.0017700076752924269
2026-05-21,Integra,69.1895003,0.005239246285783539,0.003315644260829117
2026-05-22,Integra,69.2648985,0.0010897347093572485,-0.00022088239560594955
2026-05-25,Integra,69.3162084,0.0007407778125885223,0.00013246532185611358
2026-05-26,Integra,71.1640939,0.02665877927621918,0.00013246532185611358
2026-05-27,Integra,70.5905163,-0.008059929784337339,0.0005377600272288333
2026-05-28,Integra,71.003448,0.0058496767220839185,-0.00011277434560171768
2026-05-29,Integra,71.7042692,0.009870241794454726,0.0025478332192526067
2026-06-01,Integra,72.1526734,0.006253521652236582,0.00013246532185611358
2026-06-02,Integra,72.7823698,0.00872727745663826,0.0005736673669841754
2026-06-03,Integra,71.70035990000001,-0.014866373587082427,-0.0010684030408847146
2026-06-04,Integra,71.0835592,-0.008602477042796708,5.143328129916794e-05
2026-06-05,Integra,67.7160322,-0.047374203513433466,-0.01114677914464378
2026-06-08,Integra,67.721531,8.120381276555122e-05,0.00013246532185611358
2026-06-09,Integra,68.9337122,0.017899494918388603,0.0018143107556537446
2026-06-10,Integra,68.1214462,-0.011783291136901908,-0.005044257013017264
2026-06-11,Integra,70.6059554,0.0364717623977866,0.005259678896930863
2026-06-12,Integra,71.41476759999999,0.011455297154721267,0.0031103751771187297
2026-06-15,Integra,73.08574800000001,0.023398247395543192,0.00013246532185611358
2026-06-16,Integra,72.5950759,-0.006713649561334578,0.0004546859676617202
2026-06-17,Integra,72.86091569999999,0.0036619536064153024,0.0007462021024151135
2026-06-18,Integra,73.44783100000001,0.008055283060352858,-0.0031349742703539883
2026-06-19,Integra,73.5649715,0.0015948803171599302,0.00013246532185611358
2026-06-22,Integra,74.0760815,0.006947735988724002,0.00013246532185611358
2026-06-23,Integra,71.3360771,-0.03698905698730848,-0.003362645761679554
2026-06-24,Integra,71.1290286,-0.002902437426013149,-0.0052784874575696914
2026-06-25,Integra,72.0405519,0.012815067461781737,0.0038646426437955695
2026-06-26,Integra,71.0881743,-0.013220020875492344,0.0002224576967149681
2026-06-29,Integra,71.35227839999999,0.0037151622277629137,0.00013246532185611358
2026-06-30,Integra,72.3284597,0.013681151070292996,0.0038615657551267935
2024-02-26,Prima,49.2612359,0.0013373005893708712,-0.002114484923723109
2024-02-27,Prima,49.2095017,-0.0010502010161707043,0.0027210486661940134
2024-02-28,Prima,49.0835955,-0.0025585749834974303,-0.0020414455764085388
2024-02-29,Prima,49.2416759,0.0032206361084528012,0.00015661172774237905
2024-03-01,Prima,49.311021,0.0014082603553304818,0.0032739740835131892
2024-03-04,Prima,49.4737682,0.0033004224349766353,-0.0020621333682889864
2024-03-05,Prima,49.2573694,-0.004374010872290945,-0.0006095235702411642
2024-03-06,Prima,49.3799229,0.002488023649918958,0.000830583254772406
2024-03-07,Prima,49.3558196,-0.0004881194336575634,0.003220927080954556
2024-03-08,Prima,49.1261431,-0.004653483659300739,-0.0017456562579240883
2024-03-11,Prima,49.19355830000001,0.0013722876608239787,-0.00039530511034406097
2024-03-12,Prima,49.3424674,0.0030270040457713865,0.002876624859091602
2024-03-13,Prima,49.4842608,0.0028736584826725142,0.004214667480980934
2024-03-14,Prima,49.568127700000005,0.0016948196991153353,-0.001116942529301599
2024-03-15,Prima,49.6563768,0.0017803597612986444,0.0025434918361184637
2024-03-18,Prima,49.992248200000006,0.006763912746852174,-0.0015375678254334322
2024-03-19,Prima,49.7678241,-0.004489177984198123,0.0010524703829020302
2024-03-20,Prima,49.9331922,0.0033227914418705318,0.0041808453784808845
2024-03-21,Prima,49.8333169,-0.002000178550571441,0.0004505690155515263
2024-03-22,Prima,49.9761856,0.0028669313801987784,-0.002200986338235957
2024-03-25,Prima,49.9300588,-0.0009229756022036684,-0.0010326762487891646
2024-03-26,Prima,49.46530980000001,-0.009308000254147353,0.0006753031935026904
2024-03-27,Prima,48.9019022,-0.01138995393494946,0.0015250258668700262
2024-03-28,Prima,48.9351057,0.0006789817677070875,0.001804680187568838
2024-03-29,Prima,48.9356155,1.0417878794966029e-05,0.00018369105943828902
2024-04-01,Prima,48.4650615,-0.009615777694673144,0.00018369105943828902
2024-04-02,Prima,48.2258825,-0.004935080913907486,0.0010892313062849344
2024-04-03,Prima,48.142993100000005,-0.0017187741458125627,0.0030639616849481507
2024-04-04,Prima,47.4483078,-0.014429624235390626,-0.003155695069543529
2024-04-05,Prima,46.4834004,-0.0203359707593197,-5.483804648751526e-05
2024-04-08,Prima,46.4280607,-0.0011905260700333375,0.0009383464352147037
2024-04-09,Prima,46.4650324,0.0007963222982516616,0.0018975180726039376
2024-04-10,Prima,46.5303902,0.0014066018385043844,0.00024987934751561177
2024-04-11,Prima,46.5106874,-0.0004234393890811816,0.0020442423355939766
2024-04-12,Prima,46.3858021,-0.0026850882449009905,-0.005246694639714786
2024-04-15,Prima,46.4193995,0.0007243035256254693,-0.003318393554972882
2024-04-16,Prima,46.411532,-0.00016948732824506596,0.0023298545016037274
2024-04-17,Prima,46.4260343,0.0003124719089211414,0.001923206326677222
2024-04-18,Prima,46.4560793,0.000647158441443807,0.0004941397660931071
2024-04-19,Prima,46.3442587,-0.00240701758919204,0.000559535118830348
2024-04-22,Prima,46.7319339,0.008365118158638385,-0.0005957671909557405
2024-04-23,Prima,47.0282888,0.006341592895217074,0.0018999437777138762
2024-04-24,Prima,47.4396639,0.00874739673708902,0.0004346411022509304
2024-04-25,Prima,47.7064885,0.005624504434990296,0.0029487415162604068
2024-04-26,Prima,47.87280260000001,0.0034861945456330368,0.0032602310188413
2024-04-29,Prima,47.8887057,0.00033219488177604894,0.0011214794547832977
2024-04-30,Prima,48.1072242,0.004563048777490586,-0.002673118714091627
2024-05-01,Prima,48.0291143,-0.0016236625849636033,-0.00017689404833387616
2024-05-02,Prima,48.1410916,0.0023314462827810356,0.0017684982532755122
2024-05-03,Prima,48.281447,0.002915500985440911,0.003073331319305597
2024-05-06,Prima,48.4664391,0.00383153595210195,-0.0006926675329344623
2024-05-07,Prima,48.2631262,-0.004194921347130731,0.0016902975960581968
2024-05-08,Prima,48.3393038,0.001578380971102522,-2.8022919458005688e-05
2024-05-09,Prima,48.4179136,0.0016262087746492515,0.002495487898071569
2024-05-10,Prima,48.6964133,0.005751997128599973,0.0007849977491759129
2024-05-13,Prima,48.731891000000005,0.0007285485233057276,-0.0033364838102443208
2024-05-14,Prima,48.9538606,0.004554914563032142,0.004296886316465233
2024-05-15,Prima,49.096764,0.002919144644539129,0.0020867555381689396
2024-05-16,Prima,49.1887729,0.001874031860837011,-7.946917981158173e-05
2024-05-17,Prima,49.4962626,0.006251217134957354,0.003832127642085752
2024-05-20,Prima,49.5852446,0.0017977518973322226,0.00035964531174988086
2024-05-21,Prima,49.636294500000005,0.0010295381299783024,0.0003730230585361444
2024-05-22,Prima,49.4797557,-0.0031537164805887086,-0.00451515432422203
2024-05-23,Prima,49.4538228,-0.0005241113185204815,-0.0009920270629926796
2024-05-24,Prima,49.5741012,0.00243213553958066,0.0026135461405768987
2024-05-27,Prima,49.546446800000005,-0.0005578396648772133,0.00018369105943828902
2024-05-28,Prima,49.6898368,0.0028940521321096924,0.00018369105943828902
2024-05-29,Prima,49.5770996,-0.0022688180775027877,-0.0033471786115841767
2024-05-30,Prima,49.506136100000006,-0.001431376594688727,0.0001376071396043952
2024-05-31,Prima,49.1942328,-0.006300295772830533,0.003311670048509202
2024-06-03,Prima,49.28499,0.001844874791908424,-0.0020452014902886907
2024-06-04,Prima,49.0206695,-0.005363103451984097,-0.002162835613726154
2024-06-05,Prima,49.0950054,0.001516419517689327,0.0018649096558214652
2024-06-06,Prima,49.1405656,0.0009280007126755141,0.0016951682032142934
2024-06-07,Prima,48.8180481,-0.006563162146428492,-0.0033186130397833214
2024-06-10,Prima,49.1582082,0.006967916851226885,0.0010845779652739168
2024-06-11,Prima,49.0348917,-0.0025085637681967476,-0.0025499716837149742
2024-06-12,Prima,49.3744257,0.006924334656988718,0.0044237259713427535
2024-06-13,Prima,49.07936900000001,-0.0059759014067883864,-0.0016455718016682875
2024-06-14,Prima,49.1718642,0.0018846045066307493,-0.0012533622963584838
2024-06-17,Prima,49.3457069,0.0035354099916351522,-0.0019051459050189292
2024-06-18,Prima,49.5061488,0.0032513851777447034,0.004057227959223083
2024-06-19,Prima,49.4536016,-0.0010614277473346423,0.00018369105943828902
2024-06-20,Prima,49.3279472,-0.0025408543753060453,0.00018369105943828902
2024-06-21,Prima,49.2204786,-0.0021786554296343574,-0.0007218350525109466
2024-06-24,Prima,49.3426116,0.0024813452342171693,-0.00032025210758215866
2024-06-25,Prima,49.2753328,-0.0013635030213925425,0.0015326565750456893
2024-06-26,Prima,49.3335978,0.0011824374730553533,0.0008741013231541011
2024-06-27,Prima,49.272309400000005,-0.0012423257725588943,-0.0004545847184424494
2024-06-28,Prima,49.398632500000005,0.0025637746949203066,-0.0004129007601256968
2024-07-01,Prima,49.4131756,0.00029440288655768754,0.0012912832884246438
2024-07-02,Prima,49.25264309999999,-0.003248779258785528,0.002603086893722434
2024-07-03,Prima,49.4443089,0.0038914825263460795,0.003106615986821177
2024-07-04,Prima,49.3421078,-0.0020669942056770196,0.00018369105943828902
2024-07-05,Prima,49.4245402,0.001670629887440711,0.00018369105943828902
2024-07-08,Prima,49.27043510000001,-0.003117987529603683,0.00018369105943828902
2024-07-09,Prima,49.2914942,0.0004274185920472018,0.00016685198957069335
2024-07-10,Prima,49.515271000000006,0.0045398664339941774,-0.000326043228663374
2024-07-11,Prima,49.2340207,-0.005680071911552398,0.0010969482446876238
2024-07-12,Prima,49.2073889,-0.0005409227120060089,0.0006620969994924385
2024-07-15,Prima,49.060678,-0.002981481100290506,0.00018369105943828902
2024-07-16,Prima,49.168019400000006,0.0021879314427737384,0.0008727091946669607
2024-07-17,Prima,48.9231648,-0.0049799565446804195,-0.005119934702523574
2024-07-18,Prima,48.7956399,-0.002606636355626857,-0.005185044381565624
2024-07-19,Prima,48.7013662,-0.0019320107327867042,0.00039601987202963275
2024-07-22,Prima,48.9324968,0.004745875075677031,0.00018369105943828902
2024-07-23,Prima,48.7615486,-0.0034935515491619773,0.001372458189327419
2024-07-24,Prima,48.5819464,-0.0036832751452031687,-0.004591679197359247
2024-07-25,Prima,48.2883533,-0.006043255195720243,-0.001233869654006296
2024-07-26,Prima,48.4607777,0.0035707243717504333,0.001242423682636554
2024-07-29,Prima,48.3970534,-0.0013149665156942936,0.00018369105943828902
2024-07-30,Prima,48.3778689,-0.0003963980997239158,-0.0019135996897341697
2024-07-31,Prima,48.5966032,0.004521371134642793,0.0054081609384485484
2024-08-01,Prima,48.0682832,-0.010871541737715429,-0.005928926391705552
2024-08-02,Prima,47.3520423,-0.014900488478440277,-0.006805026106572277
2024-08-05,Prima,44.8239285,-0.05338975210368069,0.00018369105943828902
2024-08-06,Prima,44.8496735,0.0005743584032353866,0.008707436907445744
2024-08-07,Prima,44.8119079,-0.00084204849339653,-0.0012060925629122509
2024-08-08,Prima,45.1068802,0.006582453500043828,0.003847596027604192
2024-08-09,Prima,45.2500804,0.0031746864195676405,0.005062845815236609
2024-08-12,Prima,45.3864968,0.003014721715278945,0.00018369105943828902
2024-08-13,Prima,45.6305161,0.005376473559422168,0.004629002333840561
2024-08-14,Prima,45.4839171,-0.003212740344175069,0.0020991138552188785
2024-08-15,Prima,45.8454978,0.007949638532781522,0.0031052440225261125
2024-08-16,Prima,45.8861385,0.0008864709066374044,3.469223132978824e-05
2024-08-19,Prima,46.0104462,0.002709046872619192,0.00018369105943828902
2024-08-20,Prima,46.0675519,0.0012411464073129874,-0.00033166260082365817
2024-08-21,Prima,46.086941800000005,0.00042090146318374266,0.00039446670945252136
2024-08-22,Prima,45.749117000000005,-0.007330163096220033,-0.003148851913653536
2024-08-23,Prima,46.011852,0.005742952372173482,0.003941108234917482
2024-08-26,Prima,45.7717214,-0.005218885777516613,0.00018369105943828902
2024-08-27,Prima,45.7932924,0.0004712735143057589,0.0034631702512228704
2024-08-28,Prima,45.6164108,-0.003862609363287528,-0.004593501357939358
2024-08-29,Prima,45.734564,0.0025901467898916675,0.0007973480135024026
2024-08-30,Prima,45.9009229,0.0036374873935607344,0.0033744946475894417
2024-09-02,Prima,45.9886295,0.001910780752515162,0.00018369105943828902
2024-09-03,Prima,45.4684047,-0.011312030944518603,-0.00694994262036445
2024-09-04,Prima,45.5058752,0.0008240997291906194,0.0007308454337065279
2024-09-05,Prima,45.499564,-0.0001386897839512624,0.0028038582640057537
2024-09-06,Prima,45.1362327,-0.007985379815947269,-0.0057104898378895486
2024-09-09,Prima,45.444766,0.006835601501141708,0.00018369105943828902
2024-09-10,Prima,45.3870618,-0.0012697655875266722,0.00022749461280030715
2024-09-11,Prima,45.3671531,-0.0004386426265644561,0.004732177243813736
2024-09-12,Prima,45.5990421,0.005111385311942662,0.0033342804016304167
2024-09-13,Prima,45.9794965,0.008343473513449107,0.0012425116881062928
2024-09-16,Prima,45.9759973,-7.610348669218059e-05,0.00018369105943828902
2024-09-17,Prima,45.768028400000006,-0.0045234233559517945,0.0006447584419031602
2024-09-18,Prima,45.787220000000005,0.0004193232846358974,-0.0006006916508283255
2024-09-19,Prima,46.1953035,0.008912607054981647,0.005215763930158735
2024-09-20,Prima,46.1461291,-0.0010644891639254306,-0.00021740255606138948
2024-09-23,Prima,46.2693688,0.0026706400385811957,0.00018369105943828902
2024-09-24,Prima,46.558789100000006,0.006255116668027805,0.007065723334067868
2024-09-25,Prima,46.4003661,-0.0034026443355247293,-0.0009642404353061408
2024-09-26,Prima,46.7863643,0.008318861087606821,0.004244491309336736
2024-09-27,Prima,46.655388,-0.002799454541074442,-0.0040852403984165415
2024-09-30,Prima,45.9759973,-0.014561891544016325,0.00018369105943828902
2024-10-01,Prima,46.6067686,0.013719578411407252,-0.002460328477328304
2024-10-02,Prima,46.7808031,0.003734103548212797,0.0011386708099316411
2024-10-03,Prima,46.7150886,-0.0014047321902431742,-0.0030509565688503935
2024-10-04,Prima,47.0283639,0.006706083824060238,0.0020036264404984035
2024-10-07,Prima,46.9949823,-0.0007098184421424625,0.00018369105943828902
2024-10-08,Prima,46.7270583,-0.005701119287366829,-0.00022182324560288916
2024-10-09,Prima,46.8797793,0.0032683632472536583,0.000634284857465316
2024-10-10,Prima,47.076908,0.004204983533273587,0.001779955194727884
2024-10-11,Prima,47.1183083,0.0008794184188987142,0.0018914683192079959
2024-10-14,Prima,47.2076035,0.0018951274615264246,0.00018369105943828902
2024-10-15,Prima,46.8431471,-0.007720290228246718,-0.002612126205563956
2024-10-16,Prima,46.8093941,-0.0007205536367560494,0.004368020216757409
2024-10-17,Prima,46.7847147,-0.0005272317763240775,0.0004979006717901625
2024-10-18,Prima,47.125758100000006,0.0072896329963085815,0.0031844912222936186
2024-10-21,Prima,47.0993885,-0.0005595581071405897,0.00018369105943828902
2024-10-22,Prima,47.122838300000005,0.0004978790754364137,0.0028638747301795043
2024-10-23,Prima,46.9014982,-0.004697087611550077,-0.0019165045935841708
2024-10-24,Prima,46.993123,0.0019535580635245964,0.0007633482145859034
2024-10-25,Prima,47.1022554,0.0023223057552483883,-0.0008956006949718954
2024-10-28,Prima,47.1173213,0.000319855171945882,0.00018369105943828902
2024-10-29,Prima,47.3197097,0.0042954139670075,0.0014380226050021237
2024-10-30,Prima,47.0630732,-0.005423458884829091,-0.0018888885357759258
2024-10-31,Prima,46.5901021,-0.010049728329258212,-0.003886283463532876
2024-11-01,Prima,46.5856693,-9.514467237026203e-05,0.00159561893146715
2024-11-04,Prima,46.6036449,0.00038586115151084677,0.00018369105943828902
2024-11-05,Prima,46.7818102,0.003822990677709859,0.004323555820756009
2024-11-06,Prima,47.1972418,0.00888019506350779,0.002154747905784656
2024-11-07,Prima,47.3100232,0.002389576078998923,0.0052589885999126855
2024-11-08,Prima,47.3710197,0.0012892933859307565,-0.0030431099254028936
2024-11-11,Prima,47.3375836,-0.0007058344999062438,0.00018369105943828902
2024-11-12,Prima,47.403941800000005,0.0014018079283624196,-0.0005927776678859218
2024-11-13,Prima,47.4171934,0.00027954637308225116,0.00155323311505191
2024-11-14,Prima,47.1761396,-0.005083679204007985,0.0008016833728338533
2024-11-15,Prima,46.96738250000001,-0.004425056856495968,-0.0025335404491653737
2024-11-18,Prima,47.0187292,0.0010932416768167919,0.00018369105943828902
2024-11-19,Prima,47.0201735,3.0717546487757375e-05,0.00183442588424492
2024-11-20,Prima,46.965287,-0.0011672968412165252,-0.001521461170113935
2024-11-21,Prima,47.2152474,0.00532223725152603,0.0007887906657381748
2024-11-22,Prima,47.2026127,-0.00026759787771435395,0.0013653635138376665
2024-11-25,Prima,47.0585108,-0.003052837369741712,0.00018369105943828902
2024-11-26,Prima,47.0686454,0.000215361681185966,0.0022460860340738206
2024-11-27,Prima,46.8854519,-0.00389204954685185,0.00033742313213109426
2024-11-28,Prima,46.800270600000005,-0.0018167959686444801,0.0004880340202252347
2024-11-29,Prima,46.942187,0.003032384176000713,0.0007856957462145495
2024-12-02,Prima,47.0034507,0.0013050883206613406,0.00018369105943828902
2024-12-03,Prima,46.664897,-0.007202741393622758,0.002845479884700807
2024-12-04,Prima,46.9740959,0.006625941979471195,-2.2235700855568357e-05
2024-12-05,Prima,46.873261,-0.002146606508716231,0.0007032090921541686
2024-12-06,Prima,46.7873505,-0.0018328253287092089,-8.573444688763791e-05
2024-12-09,Prima,46.8856611,0.002101221782156548,0.00018369105943828902
2024-12-10,Prima,46.7221788,-0.00348682936668665,-0.0008063620485905063
2024-12-11,Prima,47.177225,0.009739404533077867,0.003934213876743251
2024-12-12,Prima,47.0595085,-0.002495197629788559,-0.0025697047958031043
2024-12-13,Prima,46.8463959,-0.004528576833733866,-0.002253739083113288
2024-12-16,Prima,47.0544743,0.004441716294337317,0.00018369105943828902
2024-12-17,Prima,46.8690758,-0.003940082271836287,-0.0020933355605905085
2024-12-18,Prima,45.9725483,-0.019128337495402437,-0.017474712175183812
2024-12-19,Prima,45.7227139,-0.0054344257440259724,0.0031681098732273885
2024-12-20,Prima,46.0063641,0.006203704369350582,0.005626948516994472
2024-12-23,Prima,46.1320184,0.002731237350703797,0.00018369105943828902
2024-12-24,Prima,46.4558634,0.007019961649889606,0.00403693313688705
2024-12-26,Prima,46.5595179,0.002231246874210502,0.00018369105943828902
2024-12-27,Prima,46.4728847,-0.001860697960534563,-0.0024114379203814644
2024-12-30,Prima,46.3234889,-0.0032146874669908287,0.00018369105943828902
2024-12-31,Prima,46.110320300000005,-0.004601738881546025,0.0006015241651019157
2025-01-02,Prima,45.915809200000005,-0.00421838535786534,0.0007109882248942296
2025-01-03,Prima,46.16225540000001,0.005367349596879123,0.002838990270674224
2025-01-06,Prima,46.4822859,0.006932731020763638,0.00018369105943828902
2025-01-07,Prima,46.267453,-0.0046218230416245065,-0.0012859714869287316
2025-01-08,Prima,46.3377497,0.0015193553014469785,0.0011215498427335577
2025-01-09,Prima,46.2525437,-0.0018388031475772282,-0.0002648249181426119
2025-01-10,Prima,46.0119323,-0.005202122537532938,-0.0015617704790980376
2025-01-13,Prima,45.8777646,-0.00291593274381996,0.00018369105943828902
2025-01-14,Prima,45.912477,0.0007566279722357461,0.002920833129730755
2025-01-15,Prima,46.0817879,0.003687688207281825,0.003931127601579216
2025-01-16,Prima,45.9465485,-0.002934768943719801,-0.001273835181628488
2025-01-17,Prima,46.0064779,0.0013043286592027137,0.0003584536004591329
2025-01-20,Prima,45.9577762,-0.0010585835348200234,0.00018369105943828902
2025-01-21,Prima,46.1436296,0.004044003330169854,0.0012015324682608914
2025-01-22,Prima,46.0247615,-0.0025760457300481043,-0.00018059229972846696
2025-01-23,Prima,46.0426226,0.00038807588389144776,8.99056370605166e-05
2025-01-24,Prima,45.9527175,-0.0019526494131548722,0.0008330274607770019
2025-01-27,Prima,45.4502579,-0.010934273908828174,0.00018369105943828902
2025-01-28,Prima,45.537537,0.0019203213366145722,0.003235308374913112
2025-01-29,Prima,45.4175265,-0.002635419214701895,0.0010159833616049238
2025-01-30,Prima,45.7238742,0.006745142758930234,0.001959984204424265
2025-01-31,Prima,45.5790084,-0.003168274835293805,-0.0022676855907177345
2025-02-03,Prima,45.2600627,-0.006997644556040905,0.00018369105943828902
2025-02-04,Prima,45.5294462,0.00595190293450476,0.005042325787049384
2025-02-05,Prima,45.7357886,0.004532064789314338,0.00252026166993148
2025-02-06,Prima,45.8670253,0.002869453091708607,0.0007025439162816035
2025-02-07,Prima,45.6155616,-0.005482450591798083,0.0009591239964038339
2025-02-10,Prima,45.7934599,0.003899947600338294,0.00018369105943828902
2025-02-11,Prima,45.681823400000006,-0.0024378262800797135,-0.0021118138212784417
2025-02-12,Prima,45.6668624,-0.0003275044402015759,0.0016844732646283831
2025-02-13,Prima,45.921928900000005,0.005585373870572896,0.0024985158678562124
2025-02-14,Prima,45.882767,-0.0008527930106176917,0.0005913364037501551
2025-02-17,Prima,45.8757451,-0.00015304002916816106,0.00018369105943828902
2025-02-18,Prima,45.83952669999999,-0.0007894890845056013,0.00021160981755390202
2025-02-19,Prima,45.7725448,-0.0014612258202044703,0.0001602956318530283
2025-02-20,Prima,45.6062525,-0.0036330140857714355,0.0014277709127231658
2025-02-21,Prima,45.194163200000006,-0.009035807096844706,-0.006143208953924182
2025-02-24,Prima,44.8724102,-0.007119348544548543,0.00018369105943828902
2025-02-25,Prima,44.5557055,-0.0070578936720451235,0.0008288371793864981
2025-02-26,Prima,44.6272901,0.0016066315008749221,0.0015017091524492485
2025-02-27,Prima,44.092013900000005,-0.011994369337698152,-0.003793961119535066
2025-02-28,Prima,44.4042285,0.007080978444488739,0.0012831992397561553
2025-03-03,Prima,44.126214,-0.006260991562999529,0.00018369105943828902
2025-03-04,Prima,43.6998906,-0.009661454300158079,0.0013619438607713583
2025-03-05,Prima,44.017953,0.007278334010291543,0.005026250499240118
2025-03-06,Prima,43.724903700000006,-0.006657494954388055,-0.003342061108105703
2025-03-07,Prima,43.7619767,0.0008478692201212557,-1.8709819222815236e-05
2025-03-10,Prima,43.2323353,-0.01210277596989795,0.00018369105943828902
2025-03-11,Prima,43.1735962,-0.0013586844104626072,0.004220134471881864
2025-03-12,Prima,43.2194874,0.0010629459678876962,0.002298932429033021
2025-03-13,Prima,43.1872539,-0.0007458094007842808,0.0024588895446999597
2025-03-14,Prima,43.6413077,0.010513606654670715,0.003610087237928204
2025-03-17,Prima,43.839249200000005,0.004535645479752715,0.00018369105943828902
2025-03-18,Prima,43.6754496,-0.00373636873324934,0.00113862130248027
2025-03-19,Prima,43.84098300000001,0.003790078900527405,0.002000572546603338
2025-03-20,Prima,43.7301487,-0.002528097967146592,-7.0968319054736544e-06
2025-03-21,Prima,43.8182131,0.00201381432759673,0.00034615419626304606
2025-03-24,Prima,44.2141142,0.009035080894250314,0.00018369105943828902
2025-03-25,Prima,44.4155224,0.004555291984114973,0.004429165640102289
2025-03-26,Prima,44.1119705,-0.006834365185807267,-0.0034920181321939706
2025-03-27,Prima,44.2370686,0.002835921827613719,0.0009306818760072767
2025-03-28,Prima,43.8751466,-0.008181419145842805,-0.006170614556742417
2025-03-31,Prima,43.98332860000001,0.0024656783710896857,0.00018369105943828902
2025-04-01,Prima,44.0831072,0.002268554999723005,0.004743706541963728
2025-04-02,Prima,44.0954371,0.00027969670885630293,0.0003902454675415509
2025-04-03,Prima,43.0674976,-0.023311697708514045,-0.011547314785030119
2025-04-04,Prima,41.6733873,-0.03237035764065388,-0.017858711697614625
2025-04-07,Prima,41.560323,-0.0027131055890915468,0.00018369105943828902
2025-04-08,Prima,41.4717921,-0.0021301783434165555,-0.0026417560731156163
2025-04-09,Prima,42.6258197,0.027826808092047628,0.016216066923727616
2025-04-10,Prima,42.3755205,-0.0058720090724730944,-0.005955023179110725
2025-04-11,Prima,42.81445840000001,0.010358289286381828,0.004951223356893092
2025-04-14,Prima,43.1427434,0.007667620057994151,0.00018369105943828902
2025-04-15,Prima,43.21157959999999,0.0015955452661360336,0.002338570748550265
2025-04-16,Prima,42.7591272,-0.010470628571976337,-0.0024119684347805935
2025-04-17,Prima,42.659911,-0.002320351384534347,0.0018817091945814613
2025-04-18,Prima,42.6582283,-3.9444526736209795e-05,0.00018369105943828902
2025-04-21,Prima,42.3696926,-0.00676389319244175,0.00018369105943828902
2025-04-22,Prima,42.7693044,0.00943154824776804,0.004282135969089443
2025-04-23,Prima,42.9758717,0.00482980265631805,0.001503316862011848
2025-04-24,Prima,43.2732964,0.006920736874779898,0.0018486609069012342
2025-04-25,Prima,43.3519909,0.0018185464604447699,0.001038183235827147
2025-04-28,Prima,43.3825148,0.0007040945379050978,0.00018369105943828902
2025-04-29,Prima,43.366635,-0.000366041481763113,0.000833296175728407
2025-04-30,Prima,43.386014,0.0004468642771107145,-0.002201902000281839
2025-05-01,Prima,43.2310616,-0.0035714827363492185,-0.0003491795058537498
2025-05-02,Prima,43.5327373,0.00697821632952933,0.0021829888836812795
2025-05-05,Prima,43.6336752,0.0023186665084806712,0.00018369105943828902
2025-05-06,Prima,43.5941041,-0.0009068935820468749,0.0024645806871348417
2025-05-07,Prima,43.4241672,-0.003898162458166099,-0.0016715374762347097
2025-05-08,Prima,43.3285722,-0.002201423911245337,0.0011900605057366142
2025-05-09,Prima,43.5474686,0.005052010460663059,0.0013321935405421876
2025-05-12,Prima,43.9293533,0.008769389180982134,0.00018369105943828902
2025-05-13,Prima,44.1873513,0.005873020671123719,0.0019274129621588316
2025-05-14,Prima,44.1931233,0.000130625616385327,0.0010734422400443617
2025-05-15,Prima,44.4047949,0.004789695413992101,-0.0005184765809326483
2025-05-16,Prima,44.5049053,0.00225449526848287,0.0009273346117060959
2025-05-19,Prima,44.5191355,0.00031974452937433284,0.00018369105943828902
2025-05-20,Prima,44.6392234,0.002697444562911544,0.0008257213517616454
2025-05-21,Prima,44.4492758,-0.0042551725933475115,-0.0008761712936349334
2025-05-22,Prima,44.1777704,-0.00610820750424923,0.0007384537516477744
2025-05-23,Prima,44.1913692,0.00030781997092366176,-0.0008715046386070695
2025-05-26,Prima,44.1856945,-0.00012841195244073234,0.00018369105943828902
2025-05-27,Prima,44.30159,0.00262291905358647,0.0018630459710016285
2025-05-28,Prima,44.2565415,-0.001016859665759151,-0.0006913618472654979
2025-05-29,Prima,44.2450118,-0.000260519679333715,0.0002599593633626902
2025-05-30,Prima,44.13619800000001,-0.002459346162949627,0.0007754326901383299
2025-06-02,Prima,44.4894954,0.008004708516125447,0.00018369105943828902
2025-06-03,Prima,44.6653761,0.00395330849268305,0.0011381145882551633
2025-06-04,Prima,44.6658422,1.0435376138984154e-05,0.0009231425191704068
2025-06-05,Prima,44.9504535,0.006372012392055648,0.0021864962442134424
2025-06-06,Prima,45.2464207,0.006584298420927004,0.0019452365842720716
2025-06-09,Prima,45.1638866,-0.001824102298549457,0.00018369105943828902
2025-06-10,Prima,45.247414,0.0018494289638926187,0.0011842725983597783
2025-06-11,Prima,45.2060772,-0.0009135726519088339,0.00013303053555548935
2025-06-12,Prima,45.22320620000001,0.00037890923214201067,-0.0005121860055672986
2025-06-13,Prima,45.0504871,-0.003819258175463247,-0.003641668501700339
2025-06-16,Prima,45.180708,0.0028905547616155935,0.00018369105943828902
2025-06-17,Prima,45.0361816,-0.0031988520410083376,-0.0014358227761220226
2025-06-18,Prima,44.7335222,-0.006720361035225886,0.0017158949188450364
2025-06-19,Prima,44.8170214,0.0018665912249582473,-0.0019789650434236723
2025-06-20,Prima,44.6944363,-0.002735235322890106,0.001683778321071076
2025-06-23,Prima,44.8275102,0.002977415334355582,0.00018369105943828902
2025-06-24,Prima,44.9754882,0.0033010532893704703,0.005093384195379236
2025-06-25,Prima,44.9884055,0.0002872075549809061,-0.00032569463978404076
2025-06-26,Prima,45.2152459,0.0050421969278284795,0.006048103596253272
2025-06-27,Prima,45.2100123,-0.00011574856878082684,-0.001261584738895594
2025-06-30,Prima,45.3452654,0.002991662534893802,0.00018369105943828902
2025-07-01,Prima,45.4324778,0.0019232967153390845,0.001260179882378528
2025-07-02,Prima,45.5387829,0.002339848169143899,0.0025239903445599277
2025-07-03,Prima,45.7121995,0.003808107923762627,-0.0007251181827043051
2025-07-04,Prima,45.7528146,0.0008884958598416315,-0.0012571951803839394
2025-07-07,Prima,45.7163035,-0.0007980077361186,0.00018369105943828902
2025-07-08,Prima,45.5801704,-0.0029777801260769676,0.0027538769993108465
2025-07-09,Prima,45.744701000000006,0.00360969690451185,-0.0005983920382315294
2025-07-10,Prima,45.721318,-0.0005111630306646742,0.0011275165934213525
2025-07-11,Prima,45.769514,0.0010541253425810915,-0.0009956576280853917
2025-07-14,Prima,45.8404735,0.0015503660362223837,0.00018369105943828902
2025-07-15,Prima,45.7154378,-0.0027276267117966047,0.0011657001251841822
2025-07-16,Prima,45.6189843,-0.00210986713989203,6.961723873451543e-05
2025-07-17,Prima,45.9051419,0.006272774468588871,0.0004689476603063225
2025-07-18,Prima,45.8797216,-0.000553757138042843,-0.0011408022250262522
2025-07-21,Prima,46.1102987,0.0050256865551685515,0.00018369105943828902
2025-07-22,Prima,46.180318500000006,0.0015185284410228483,0.003160376965721163
2025-07-23,Prima,46.4342901,0.005499563629038029,0.00284589735665924
2025-07-24,Prima,46.3674722,-0.001438977528376073,-0.0006954699406978306
2025-07-25,Prima,46.3563878,-0.0002390555161642105,-0.00042223142942384096
2025-07-28,Prima,46.3021847,-0.0011692692759810441,0.00018369105943828902
2025-07-29,Prima,46.384677,0.0017816070782510351,0.0025270300826932724
2025-07-30,Prima,46.3390687,-0.0009832622096301868,-0.0032656922254668394
2025-07-31,Prima,46.3471218,0.00017378640153808966,0.00022131974549147924
2025-08-01,Prima,46.0393046,-0.006641560210109865,-0.004819503446085899
2025-08-04,Prima,46.4467112,0.008849104119613482,0.00018369105943828902
2025-08-05,Prima,46.3343512,-0.0024191163829916373,0.002614153508744374
2025-08-06,Prima,46.6208596,0.006183498691139544,0.002446210811636362
2025-08-07,Prima,46.5939124,-0.0005780073604649827,0.001743160321885985
2025-08-08,Prima,46.6187297,0.0005326296660161933,0.004064568499496238
2025-08-11,Prima,46.46189029999999,-0.0033643001645325965,0.00018369105943828902
2025-08-12,Prima,46.7870738,0.00699892961522508,0.004688283938075054
2025-08-13,Prima,47.02396900000001,0.0050632617250794265,0.0009843511222099484
2025-08-14,Prima,47.1019653,0.0016586498685382534,-0.0005223515968988811
2025-08-15,Prima,47.0260981,-0.0016107013691848415,0.0010473723958922653
2025-08-18,Prima,46.9643572,-0.001312907140811559,0.00018369105943828902
2025-08-19,Prima,46.5190255,-0.009482333551453448,-0.000833377368483143
2025-08-20,Prima,46.390307,-0.0027670076622735573,-0.0008167724285888201
2025-08-21,Prima,46.5199855,0.0027953792157486834,-0.0006978266353116695
2025-08-22,Prima,46.8966702,0.008097266066430908,0.005815329117284723
2025-08-25,Prima,46.892398,-9.109815220964546e-05,0.00018369105943828902
2025-08-26,Prima,47.199046,0.00653939685490168,0.0036286200689924428
2025-08-27,Prima,47.0885902,-0.0023402125542961727,-0.001006966081054838
2025-08-28,Prima,47.2525944,0.0034828861790812127,0.002519411933780578
2025-08-29,Prima,47.1093064,-0.003032383762615165,-0.0015050701439832195
2025-09-01,Prima,47.2329058,0.0026236726762760565,0.00018369105943828902
2025-09-02,Prima,47.2909228,0.0012283173990113028,-0.00121388243921124
2025-09-03,Prima,47.4742351,0.003876268195807109,0.004937296508728419
2025-09-04,Prima,47.3935522,-0.0016995092144201918,0.00045378382179987834
2025-09-05,Prima,47.5854946,0.004049968636872903,0.0002468889344867576
2025-09-08,Prima,47.7650199,0.0037726895876375455,0.00018369105943828902
2025-09-09,Prima,47.62916129999999,-0.002844311596319593,0.0014265781436291372
2025-09-10,Prima,47.658739100000005,0.0006210019070820305,-0.0013523596433693606
2025-09-11,Prima,48.0529534,0.008271605742083077,0.0025729547587685898
2025-09-12,Prima,48.1116377,0.0012212423139013051,0.002229265160653586
2025-09-15,Prima,48.3629977,0.005224515564557386,0.00018369105943828902
2025-09-16,Prima,48.2374306,-0.0025963465039718914,-6.25918215226171e-05
2025-09-17,Prima,48.2836474,0.0009581107332030658,0.00013184720477916738
2025-09-18,Prima,48.2298855,-0.0011134597921862444,-0.0008451649896408439
2025-09-19,Prima,48.5309407,0.006242088217273567,0.001996731118257807
2025-09-22,Prima,48.9240629,0.008100444671578444,0.00018369105943828902
2025-09-23,Prima,48.8958302,-0.0005770718604812819,0.001133093674543424
2025-09-24,Prima,48.9756495,0.0016324357245498522,0.003921079728036943
2025-09-25,Prima,48.8683341,-0.002191199118247611,-3.078040409830918e-05
2025-09-26,Prima,48.886705,0.00037592646318596046,0.001671715182537235
2025-09-29,Prima,49.1524297,0.005435520761728485,0.00018369105943828902
2025-09-30,Prima,49.1462004,-0.00012673432499721304,0.0020779335666236817
2025-10-01,Prima,49.3807712,0.0047729183149629595,0.00024419287633153816
2025-10-02,Prima,49.4205551,0.0008056557042996904,-0.00017057749336556963
2025-10-03,Prima,49.1704939,-0.005059862227245748,0.0020661296550733292
2025-10-06,Prima,49.480131,0.006297213540903623,0.00018369105943828902
2025-10-07,Prima,49.3420593,-0.0027904473413782327,-0.0005343226655356787
2025-10-08,Prima,49.935886200000006,0.012034903050752943,0.0030538149149017288
2025-10-09,Prima,49.4900928,-0.008927315282130865,0.00040704773359231895
2025-10-10,Prima,48.5876184,-0.018235455804196943,-0.010854891943433573
2025-10-13,Prima,49.2739364,0.014125368202858812,0.00018369105943828902
2025-10-14,Prima,49.2914204,0.0003548326210041086,-0.003042747218182396
2025-10-15,Prima,49.536901500000006,0.004980199353314063,0.0032420216023702664
2025-10-16,Prima,49.5609903,0.00048627990993721504,-0.004893982856415549
2025-10-17,Prima,49.1445892,-0.008401791358071398,0.001233786710027337
2025-10-20,Prima,49.4223391,0.005651688304274316,0.00018369105943828902
2025-10-21,Prima,48.6911859,-0.014793982100292813,-0.002855332695895356
2025-10-22,Prima,48.525752700000005,-0.003397600550123281,-0.0010018625648234494
2025-10-23,Prima,48.7183473,0.003968915251880034,0.0032985695466447194
2025-10-24,Prima,48.7554379,0.0007613271396831323,0.0016265481564927992
2025-10-27,Prima,48.7674315,0.00024599512416645375,0.00018369105943828902
2025-10-28,Prima,48.96415270000001,0.004033864280918786,0.002195200614462362
2025-10-29,Prima,49.1976834,0.004769421855021605,0.001486626780074813
2025-10-30,Prima,48.9300332,-0.005440300874004267,9.819061971319407e-05
2025-10-31,Prima,48.8178668,-0.0022923834844240654,-0.0010169529333951778
2025-11-03,Prima,48.7441345,-0.0015103548113248877,0.00018369105943828902
2025-11-04,Prima,48.128385,-0.012632278864239566,-0.0038507975221319414
2025-11-05,Prima,48.421927800000006,0.006099161648578155,0.003169514805654228
2025-11-06,Prima,48.2597665,-0.0033489228406970994,-0.0018881715396144852
2025-11-07,Prima,48.2952062,0.0007343529107213254,0.0006612933711229506
2025-11-10,Prima,48.9276012,0.013094363804579734,0.00018369105943828902
2025-11-11,Prima,48.7962857,-0.0026838736577995403,-1.9000182673478856e-05
2025-11-12,Prima,49.0874006,0.005965923344858348,0.001623782067066595
2025-11-13,Prima,48.635272400000005,-0.00921067716916335,-0.0038382427501833915
2025-11-14,Prima,48.5055394,-0.002667467325627726,-5.155540078797432e-05
2025-11-17,Prima,48.1312742,-0.007715926977198029,0.00018369105943828902
2025-11-18,Prima,47.8690565,-0.0054479692125001256,-0.0025022935352893854
2025-11-19,Prima,48.253249800000006,0.008025921714166273,0.002881469884457887
2025-11-20,Prima,47.402034400000005,-0.01764058179559136,-0.004990076420809354
2025-11-21,Prima,47.5281847,0.002661284512294859,0.0012640522242687148
2025-11-24,Prima,48.190749100000005,0.013940452474298093,0.00018369105943828902
2025-11-25,Prima,48.2630813,0.001500956124377728,0.004278455020128856
2025-11-26,Prima,48.9084663,0.013372229509929667,0.003862694945081539
2025-11-27,Prima,48.959959,0.0010528381667940234,0.00015872940536139214
2025-11-28,Prima,49.3487334,0.007940660244425413,0.001255871011508177
2025-12-01,Prima,49.523563800000005,0.00354275354106659,0.00018369105943828902
2025-12-02,Prima,49.7022838,0.0036087871365992896,0.0030758431956816826
2025-12-03,Prima,49.9234306,0.004449429343929001,0.003534542739109625
2025-12-04,Prima,50.1276755,0.004091163158166378,0.001414572663767148
2025-12-05,Prima,50.2139903,0.0017218991133949313,0.0012802636853399536
2025-12-08,Prima,50.1569097,-0.0011367469436102118,0.00018369105943828902
2025-12-09,Prima,50.5064121,0.006968180497771037,0.0005648580407898044
2025-12-10,Prima,50.8385432,0.006576018493303248,0.004180956289977843
2025-12-11,Prima,51.0351022,0.0038663381683998743,0.0006632278617535621
2025-12-12,Prima,50.6219592,-0.00809527133659782,-6.426217498870288e-05
2025-12-15,Prima,50.5330929,-0.001755489147484468,0.00018369105943828902
2025-12-16,Prima,50.7282454,0.0038618752346346596,0.0019682587188758634
2025-12-17,Prima,50.3268698,-0.007912270507980157,-0.0012931055178945282
2025-12-18,Prima,50.786313,0.00912918291612086,0.0019624853610904092
2025-12-19,Prima,51.38620590000001,0.011812097877631045,0.004300078674384596
2025-12-22,Prima,51.9583146,0.01113350732905527,0.00018369105943828902
2025-12-23,Prima,52.2909987,0.006402903992578812,0.0030707760196543635
2025-12-24,Prima,52.3461457,0.001054617455604312,0.0007381462102379111
2025-12-26,Prima,52.7758662,0.008209209947619867,0.00018369105943828902
2025-12-29,Prima,52.2803957,-0.009388202140015345,0.00018369105943828902
2025-12-30,Prima,52.5505955,0.005168281463485469,0.002975180873091874
2025-12-31,Prima,52.306358,-0.004647663792886947,-0.0014176814347504232
2026-01-02,Prima,52.898057900000005,0.011312198413814256,0.00018369105943828902
2026-01-05,Prima,53.744269800000005,0.015997031528070416,0.00018369105943828902
2026-01-06,Prima,54.6870819,0.01754256041636637,0.003546961716000224
2026-01-07,Prima,54.4959542,-0.0034949332339490047,-0.0023416136736451655
2026-01-08,Prima,54.4743167,-0.00039704782341432043,0.00035639931494666876
2026-01-09,Prima,55.0645559,0.010835183179085162,0.0033648636427705486
2026-01-12,Prima,55.8776694,0.014766549674470442,0.00018369105943828902
2026-01-13,Prima,56.0312745,0.002748953233901341,0.0004274508226306475
2026-01-14,Prima,56.3528966,0.005740046123705378,0.0013423319882808723
2026-01-15,Prima,56.7961544,0.007865750063325017,0.0016116290847836983
2026-01-16,Prima,56.968731000000005,0.0030385261435941224,-0.000554815713331282
2026-01-19,Prima,56.910732200000005,-0.0010180813049881499,0.00018369105943828902
2026-01-20,Prima,57.2965645,0.006779605271007183,-0.0012398822748023845
2026-01-21,Prima,57.848949700000006,0.009640808394367317,0.0053817498660528535
2026-01-22,Prima,58.108165,0.004480898985102844,0.0016776597553228938
2026-01-23,Prima,58.6966014,0.01012656999235828,0.002620851628521985
2026-01-26,Prima,59.477803,0.013309145357093932,0.00018369105943828902
2026-01-27,Prima,60.0868102,0.01023923496299961,0.0022389141094903454
2026-01-28,Prima,60.6419833,0.00923951692812608,0.002600601128793673
2026-01-29,Prima,60.4902171,-0.0025026589128722687,-0.0007198547389713188
2026-01-30,Prima,58.1191569,-0.03919741594050263,-0.008043467375717695
2026-02-02,Prima,58.0891033,-0.0005171031653420366,0.0026307469950212752
2026-02-03,Prima,59.1562678,0.018371164975445664,0.0041623470140418825
2026-02-04,Prima,58.2243853,-0.015752895418463142,-0.006464092110281496
2026-02-05,Prima,57.4540923,-0.0132297317701352,-0.007361371939726224
2026-02-06,Prima,58.7925939,0.023296888810129257,0.006418022629583177
2026-02-09,Prima,59.870915800000006,0.01834111796179827,0.00018369105943828902
2026-02-10,Prima,59.5732971,-0.004971006306203951,-0.000802645086866253
2026-02-11,Prima,60.1958303,0.010449869829346703,0.0011842404511719275
2026-02-12,Prima,59.0353392,-0.01927859611232896,-0.006659056162930007
2026-02-13,Prima,59.2370387,0.0034165891605479892,0.00019599636084330433
2026-02-16,Prima,59.1702394,-0.001127661028740734,0.00018369105943828902
2026-02-17,Prima,58.619430300000005,-0.009308887467506133,0.0011046837348523684
2026-02-18,Prima,59.2680122,0.01106428187173969,0.0025199639503070527
2026-02-19,Prima,59.4050768,0.00231262353691708,0.0022427563648278674
2026-02-20,Prima,60.1847136,0.013124076964411868,0.003968935992237161
2026-02-23,Prima,60.32259989999999,0.002291051859387716,0.00018369105943828902
2026-02-24,Prima,60.9155148,0.00982906739734224,0.003555577352932245
2026-02-25,Prima,61.5012961,0.00961629072533099,0.005325069342106869
2026-02-26,Prima,61.3332714,-0.002732051365662125,-0.0024458048052896694
2026-02-27,Prima,61.6351599,0.004922100078946556,0.0008943944789313817
2026-03-02,Prima,61.5732,-0.001005268747586996,0.00018369105943828902
2026-03-03,Prima,59.0273147,-0.04134729557664696,-0.006274203170731111
2026-03-04,Prima,59.5728841,0.009242659991781865,0.0049052264276829155
2026-03-05,Prima,58.24889640000001,-0.022224670166673954,-0.007514395023395116
2026-03-06,Prima,57.930742,-0.005461981593869347,-0.007862201663233868
2026-03-09,Prima,58.5331567,0.010398877680523944,0.00018369105943828902
2026-03-10,Prima,58.7257067,0.003289588514538533,0.006168895786818801
2026-03-11,Prima,58.4589708,-0.0045420636887797405,-0.0022509388066278197
2026-03-12,Prima,57.2158182,-0.02126538635538211,-0.005961202409150061
2026-03-13,Prima,56.485882700000005,-0.012757582133117062,-0.003562559672122214
2026-03-16,Prima,57.1485001,0.011730672662392472,0.00018369105943828902
2026-03-17,Prima,57.275920000000006,0.0022296280703262283,0.002076538732569728
2026-03-18,Prima,56.2543981,-0.017835102430480476,-0.006236577057015963
2026-03-19,Prima,55.446514500000006,-0.014361252227139132,-0.0008905456055664064
2026-03-20,Prima,54.1496124,-0.023390146552855096,-0.0049295513721735644
2026-03-23,Prima,55.4782255,0.024535966946275023,0.00018369105943828902
2026-03-24,Prima,55.6090787,0.002358640688678859,0.0005798447571584661
2026-03-25,Prima,56.4329017,0.014814541424869931,0.001990116746922208
2026-03-26,Prima,55.2495672,-0.02096887567984118,-0.004119572352846039
2026-03-27,Prima,55.277711200000006,0.00050939765551683,-0.0036612156117865335
2026-03-30,Prima,54.8982205,-0.006865166660518396,0.00018369105943828902
2026-03-31,Prima,56.6017819,0.031031268126441303,0.010779971615264663
2026-04-01,Prima,57.615746900000005,0.017914011996855717,0.004404343946924005
2026-04-02,Prima,57.2429836,-0.006469816327244415,-0.001401738661033818
2026-04-03,Prima,57.2367127,-0.00010954879717350874,0.00018369105943828902
2026-04-06,Prima,57.16040339999999,-0.0013332229682716523,0.00018369105943828902
2026-04-07,Prima,57.1779816,0.00030752407181244834,-0.0005033717249938981
2026-04-08,Prima,59.106949400000005,0.03373619960030205,0.008808637967380548
2026-04-09,Prima,59.3305869,0.003783607549876278,0.0009304683041566383
2026-04-10,Prima,59.6788382,0.0058696756293168395,0.0008432617323467187
2026-04-13,Prima,60.0622868,0.00642520215817477,0.00018369105943828902
2026-04-14,Prima,60.4557129,0.00655030171112303,0.0029902425655318077
2026-04-15,Prima,59.764399700000006,-0.011435035116424852,-0.002123117335989964
2026-04-16,Prima,60.57537,0.013569454459023023,0.0027713722592384617
2026-04-17,Prima,60.8837392,0.005090669689677529,8.956579285032294e-05
2026-04-20,Prima,60.6762271,-0.0034083336984007673,0.00018369105943828902
2026-04-21,Prima,59.6903523,-0.016248122981924795,-0.0035133216434188957
2026-04-22,Prima,60.5393826,0.014223911692342384,0.0034834321092228815
2026-04-23,Prima,60.2834868,-0.0042269311150854305,-0.002818051590654203
2026-04-24,Prima,61.3291758,0.01734619305398244,0.0013471539902946024
2026-04-27,Prima,60.5134915,-0.013300102102464573,0.00018369105943828902
2026-04-28,Prima,59.4356749,-0.01781117852041303,-0.0015720147396073208
2026-04-29,Prima,59.29284500000001,-0.002403100498821753,-0.00034707394089099466
2026-04-30,Prima,60.3915363,0.01852991368520085,0.0046484130934978
2026-05-01,Prima,60.3228076,-0.001138051856448663,-0.0009899045366330715
2026-05-04,Prima,59.9882861,-0.005545522718673923,0.00018369105943828902
2026-05-05,Prima,60.715026900000005,0.012114711842050818,0.002010733623551375
2026-05-06,Prima,62.426252000000005,0.028184539929768215,0.004592612127066741
2026-05-07,Prima,61.9198158,-0.00811255175146508,0.0001833165769723751
2026-05-08,Prima,63.1784936,0.020327544320634106,0.0025490139437437014
2026-05-11,Prima,64.0589137,0.013935439891526569,0.00018369105943828902
2026-05-12,Prima,63.514735300000005,-0.008494967656624497,0.00345540770590967
2026-05-13,Prima,64.0179069,0.007922123860287789,-0.0003334918750308458
2026-05-14,Prima,63.9355638,-0.0012862510504854097,0.0010111496160551345
2026-05-15,Prima,62.1493795,-0.0279372573547243,-0.006239995072554894
2026-05-18,Prima,61.7973582,-0.005664116083411663,0.00018369105943828902
2026-05-19,Prima,61.18157419999999,-0.009964568355933512,-0.0001178906325753338
2026-05-20,Prima,62.3471217,0.019050629462227908,0.0026288756322171386
2026-05-21,Prima,62.7618713,0.0066522653923895,0.0035503240531780675
2026-05-22,Prima,62.817118,0.0008802589670393601,-0.0005072603151677351
2026-05-25,Prima,62.8408409,0.00037765024495395316,0.00018369105943828902
2026-05-26,Prima,64.6373894,0.02858886791249171,-0.0003595013751859014
2026-05-27,Prima,64.12391980000001,-0.007943848053987068,0.0007635119895330251
2026-05-28,Prima,64.6024655,0.007462826687647084,0.0007387925116144444
2026-05-29,Prima,64.9727585,0.005731871022786272,0.002779204984807559
2026-06-01,Prima,65.319975,0.005344031991499909,0.00018369105943828902
2026-06-02,Prima,66.02305510000001,0.010763630880140651,0.0005313338065484204
2026-06-03,Prima,65.1540329,-0.013162405142927214,-0.0018700559545613798
2026-06-04,Prima,64.5051758,-0.009958817146375032,0.0009630668882984893
2026-06-05,Prima,61.2055945,-0.05115219451893982,-0.01712042607824196
2026-06-08,Prima,61.3435245,0.00225355216507217,0.00018369105943828902
2026-06-09,Prima,62.5138893,0.019078864632239956,0.001575964001301031
2026-06-10,Prima,61.6888716,-0.013197350368664429,-0.005575809443021897
2026-06-11,Prima,64.2334063,0.041247872330995916,0.0069785511845046645
2026-06-12,Prima,65.03976510000001,0.012553573700170073,0.004174436579883109
2026-06-15,Prima,66.9116405,0.028780476022967516,0.00018369105943828902
2026-06-16,Prima,66.3467452,-0.00844240696803722,0.00021052552556355923
2026-06-17,Prima,66.3724243,0.00038704385456433954,-0.0012791733232129265
2026-06-18,Prima,66.9192125,0.008238183338437954,0.00013671287609121166
2026-06-19,Prima,67.04013450000001,0.0018069848027575386,-0.0003134638274437615
2026-06-22,Prima,67.3691678,0.004908004771380536,0.00018369105943828902
2026-06-23,Prima,64.7777094,-0.03846653424149904,-0.005553612188623957
2026-06-24,Prima,64.5050353,-0.0042093816302803955,-0.003126035799073435
2026-06-25,Prima,65.3616475,0.01327977259474511,0.0018963598011739824
2026-06-26,Prima,64.5121925,-0.01299622993744165,0.0011731133917456873
2026-06-29,Prima,64.8337666,0.004984702697865995,0.00018369105943828902
2026-06-30,Prima,65.7918163,0.014777017443869944,0.004426499829977418
2024-02-26,Profuturo,54.128236900000005,0.0021289092048595304,-0.0034972163812612422
2024-02-27,Profuturo,54.033892400000006,-0.001742981212824235,0.003316745087873234
2024-02-28,Profuturo,53.891705,-0.002631448405519765,-0.0014959775488855088
2024-02-29,Profuturo,54.0108291,0.0022104347969691407,-0.0011059333526751258
2024-03-01,Profuturo,54.1440857,0.0024672200412489964,0.003943377106824722
2024-03-04,Profuturo,54.3702639,0.004177338984966861,-0.0021845458029852273
2024-03-05,Profuturo,54.1196988,-0.004608495196213203,0.0011574515374952017
2024-03-06,Profuturo,54.2577147,0.002550197119722375,0.001121348396101283
2024-03-07,Profuturo,54.3493955,0.0016897283733183777,0.0041910327361879334
2024-03-08,Profuturo,54.10618830000001,-0.004474883257901019,-0.0027946755928568946
2024-03-11,Profuturo,54.1396092,0.0006176908972905792,0.000542866881939911
2024-03-12,Profuturo,54.2876592,0.0027345967617364852,0.0013222313884944834
2024-03-13,Profuturo,54.4351073,0.0027160519015341222,0.005254773274468915
2024-03-14,Profuturo,54.4784365,0.0007959789582339116,-0.00042897476985558525
2024-03-15,Profuturo,54.5354669,0.001046843552494403,0.002832712818585573
2024-03-18,Profuturo,54.8784501,0.0062891769246042895,-0.002273564093122621
2024-03-19,Profuturo,54.6080649,-0.004926983169300514,0.001010137808107918
2024-03-20,Profuturo,54.7597448,0.002777609869123898,0.0035085007311927664
2024-03-21,Profuturo,54.7237304,-0.0006576802016067251,0.00041111535027510274
2024-03-22,Profuturo,54.9667443,0.0044407407576878555,-0.00310809201316177
2024-03-25,Profuturo,54.8918746,-0.0013620908597273829,-0.0010424592487058132
2024-03-26,Profuturo,54.399158,-0.008976129957128487,0.001660539425297043
2024-03-27,Profuturo,53.7915572,-0.011169305230790516,0.001695452596095449
2024-03-28,Profuturo,53.8056082,0.0002612119955509584,0.0027364056146041878
2024-03-29,Profuturo,53.811445000000006,0.0001084793982499832,0.00017862951095321553
2024-04-01,Profuturo,53.2525774,-0.01038566423927112,0.00017862951095321553
2024-04-02,Profuturo,52.9551661,-0.005584918411855155,0.0034611822064184268
2024-04-03,Profuturo,52.7401951,-0.004059490618800954,0.0028048079424563242
2024-04-04,Profuturo,52.0213133,-0.013630624585990514,-0.00014799536137508203
2024-04-05,Profuturo,50.8710449,-0.02211148329467494,-0.000342339040838899
2024-04-08,Profuturo,50.7550947,-0.0022792966063097664,-0.000561650677191004
2024-04-09,Profuturo,50.7878748,0.0006458484649423113,0.001918392248485682
2024-04-10,Profuturo,50.9531892,0.0032549973916216057,0.001641430495609536
2024-04-11,Profuturo,50.9396559,-0.00026560260922781076,0.0005914933817556864
2024-04-12,Profuturo,50.8052146,-0.0026392267011760007,-0.0026858666304016513
2024-04-15,Profuturo,50.9180898,0.0022217246967399795,-0.0010420765812203785
2024-04-16,Profuturo,50.8496953,-0.0013432259589596374,0.001832694086105986
2024-04-17,Profuturo,50.7851541,-0.001269254409868581,0.0023291982005163078
2024-04-18,Profuturo,50.8563496,0.0014018959135146947,-0.00024443040464900323
2024-04-19,Profuturo,50.7393609,-0.0023003754874297844,0.0017624438281150145
2024-04-22,Profuturo,51.1532389,0.008156941527420747,-0.0037781708192327224
2024-04-23,Profuturo,51.599656800000005,0.008727070066329778,0.00013972828012958884
2024-04-24,Profuturo,52.126904800000005,0.010218052458054405,0.0008036695893180359
2024-04-25,Profuturo,52.4732519,0.0066443058786793685,0.0028999642662554696
2024-04-26,Profuturo,52.6825337,0.003988352015972474,0.0037159997021996537
2024-04-29,Profuturo,52.754059100000006,0.0013576681867144558,0.0005059959477202316
2024-04-30,Profuturo,53.0289567,0.005210927930283216,-0.0019354787388377044
2024-05-01,Profuturo,52.8853672,-0.0027077564586520664,-0.00037134474395016787
2024-05-02,Profuturo,52.9252599,0.0007543239673299951,0.0006123352796611098
2024-05-03,Profuturo,53.1048295,0.003392890282245098,0.00192463566460774
2024-05-06,Profuturo,53.376107700000006,0.005108352715829767,-0.0013348873828785402
2024-05-07,Profuturo,53.0375217,-0.006343399970320518,0.002388432095915054
2024-05-08,Profuturo,53.1894901,0.002865299793975984,-0.0007782755194062714
2024-05-09,Profuturo,53.3647575,0.0032951509719398864,0.002454356856029954
2024-05-10,Profuturo,53.818951000000006,0.008511113350416766,0.0005185735272088037
2024-05-13,Profuturo,53.8273633,0.00015630739439709274,-0.0023809699814729907
2024-05-14,Profuturo,54.1352173,0.0057192844145870225,0.005335062427095938
2024-05-15,Profuturo,54.2857489,0.0027806593841823712,0.000580464391521224
2024-05-16,Profuturo,54.1857006,-0.0018429938248489819,-0.00030536426744558437
2024-05-17,Profuturo,54.5296286,0.006347209617882266,0.0039044926216467183
2024-05-20,Profuturo,54.67052150000001,0.0025837861657469485,0.00010063456323739458
2024-05-21,Profuturo,54.832808400000005,0.002968453483656708,-0.0002926057416159436
2024-05-22,Profuturo,54.6502113,-0.0033300701774743313,-0.00420083952157318
2024-05-23,Profuturo,54.7903923,0.002565058700880085,-0.0006011622318715851
2024-05-24,Profuturo,54.8160417,0.00046813681967372567,0.0018757007180127585
2024-05-27,Profuturo,54.8060771,-0.00018178255289813539,0.00017862951095321553
2024-05-28,Profuturo,55.086525,0.0051170949434729,0.00017862951095321553
2024-05-29,Profuturo,54.9732947,-0.0020554990535345263,-0.001773684536555812
2024-05-30,Profuturo,54.8827218,-0.0016475799839589245,0.0012592214653668065
2024-05-31,Profuturo,54.5243308,-0.006530124386068592,0.0009335981978444965
2024-06-03,Profuturo,54.5336851,0.0001715619405640023,-0.0027097879596210805
2024-06-04,Profuturo,54.1375161,-0.0072646658532893316,-0.0023974250841941455
2024-06-05,Profuturo,54.24096539999999,0.0019108615882728053,0.0015804945277951875
2024-06-06,Profuturo,54.2537092,0.00023494788313649373,0.0018537974659645971
2024-06-07,Profuturo,53.8476236,-0.007484937085186494,-0.005322494000410782
2024-06-10,Profuturo,54.226492,0.00703593537969982,0.0026847774239202246
2024-06-11,Profuturo,54.1187121,-0.001987587543003877,-0.0029873768219009535
2024-06-12,Profuturo,54.575265,0.00843613756285233,0.004068594952228844
2024-06-13,Profuturo,54.282387,-0.005366497075185994,-0.0020927034600836045
2024-06-14,Profuturo,54.3627621,0.0014806847016510805,-8.879416298492878e-05
2024-06-17,Profuturo,54.6187785,0.0047094075081957065,-0.0024257123537251724
2024-06-18,Profuturo,54.87408250000001,0.004674289814079469,0.004254859858476779
2024-06-19,Profuturo,54.7533364,-0.002200421300893818,0.00017862951095321553
2024-06-20,Profuturo,54.5091217,-0.004460270662154597,0.00017862951095321553
2024-06-21,Profuturo,54.3594343,-0.0027460981819489305,-0.000869620373488159
2024-06-24,Profuturo,54.3863203,0.0004945967585245903,-0.0003989023813794649
2024-06-25,Profuturo,54.3916442,9.789042484631416e-05,0.0008470346862376394
2024-06-26,Profuturo,54.3860866,-0.00010217745908847053,0.0005544886158100051
2024-06-27,Profuturo,54.3444148,-0.0007662217049461129,-0.0011485177236220427
2024-06-28,Profuturo,54.5214518,0.0032576852773469334,-0.0007322628873824692
2024-07-01,Profuturo,54.455499,-0.0012096669810248706,0.0007470204709449928
2024-07-02,Profuturo,54.246427,-0.0038393184130037783,0.0032022221135377922
2024-07-03,Profuturo,54.4018982,0.0028660173323489246,0.0036961211587947093
2024-07-04,Profuturo,54.3451314,-0.0010434709427106226,0.00017862951095321553
2024-07-05,Profuturo,54.4341055,0.0016372046162722587,0.00017862951095321553
2024-07-08,Profuturo,54.285476,-0.0027304481011449777,0.00017862951095321553
2024-07-09,Profuturo,54.2668407,-0.00034328334893851675,0.0001596605591728324
2024-07-10,Profuturo,54.620791,0.006522404758307454,0.0006784319275116819
2024-07-11,Profuturo,54.21159359999999,-0.007491605165512949,0.002048497833972489
2024-07-12,Profuturo,54.2083945,-5.901136246977412e-05,0.0004135508147287738
2024-07-15,Profuturo,54.1783524,-0.0005541964538351429,0.00017862951095321553
2024-07-16,Profuturo,54.2148007,0.0006727465562426094,0.0016600911354504669
2024-07-17,Profuturo,53.7095276,-0.009319836898339817,-0.004424029859032573
2024-07-18,Profuturo,53.66207,-0.0008835974196875762,-0.003788650486174666
2024-07-19,Profuturo,53.4343127,-0.004244288377246774,0.000833430406246589
2024-07-22,Profuturo,53.8011622,0.006865429374185661,0.00017862951095321553
2024-07-23,Profuturo,53.616512,-0.0034320857105946123,0.001793022915729427
2024-07-24,Profuturo,53.3274903,-0.005390535288830378,-0.0003354870650188359
2024-07-25,Profuturo,52.9966289,-0.00620433097711337,-0.0005019490909203392
2024-07-26,Profuturo,53.261722,0.005002074764042241,-0.0012285622285519023
2024-07-29,Profuturo,53.1341309,-0.002395549659472085,0.00017862951095321553
2024-07-30,Profuturo,52.9060181,-0.004293150111541633,-0.0009843259076304795
2024-07-31,Profuturo,53.4083777,0.009495320533298823,0.005538217023417926
2024-08-01,Profuturo,52.767660500000005,-0.01199656734752308,-0.0037768528151319323
2024-08-02,Profuturo,51.861982,-0.01716351438396646,-0.0016054989839621502
2024-08-05,Profuturo,51.1089971,-0.014519015104359045,0.00017862951095321553
2024-08-06,Profuturo,51.1090392,8.237297224322759e-07,0.0037004466006504604
2024-08-07,Profuturo,50.99677440000001,-0.0021965742607814587,-0.002175489427404873
2024-08-08,Profuturo,51.4779877,0.009436151710803031,0.0007889495041767428
2024-08-09,Profuturo,51.680482000000005,0.0039336094716850845,0.002816050188472587
2024-08-12,Profuturo,51.8823369,0.003905824639948152,0.00017862951095321553
2024-08-13,Profuturo,52.17856509999999,0.0057096155975193685,0.0031142448951306445
2024-08-14,Profuturo,51.9955281,-0.0035078963871314484,-0.0001910112260890871
2024-08-15,Profuturo,52.4645022,0.009019508352680727,0.002624422464283742
2024-08-16,Profuturo,52.4310069,-0.0006384373928167708,-0.0007964299404031861
2024-08-19,Profuturo,52.5120647,0.0015459897643126386,0.00017862951095321553
2024-08-20,Profuturo,52.52869330000001,0.00031666246785388985,0.0018121016474134273
2024-08-21,Profuturo,52.4810788,-0.0009064474482179952,0.0018765907780697194
2024-08-22,Profuturo,52.0686814,-0.007858020631999585,-0.0017643125173438911
2024-08-23,Profuturo,52.3146322,0.004723584185098995,0.0027105605026690478
2024-08-26,Profuturo,52.0487502,-0.005082363935648537,0.00017862951095321553
2024-08-27,Profuturo,52.0244063,-0.00046771343992801917,0.00366671503322908
2024-08-28,Profuturo,51.8102833,-0.004115818232797386,-0.0030548471559267666
2024-08-29,Profuturo,51.8908161,0.0015543786845111374,-0.0016596278650973788
2024-08-30,Profuturo,52.0244103,0.002574524936022282,0.0037364293237909267
2024-09-02,Profuturo,52.08169050000001,0.0011010254545837928,0.00017862951095321553
2024-09-03,Profuturo,51.3406668,-0.014228103828542338,0.00017862951095321553
2024-09-04,Profuturo,51.3469987,0.00012333108225237588,0.001985494313911096
2024-09-05,Profuturo,51.44429890000001,0.001894953988810455,0.0012009756449616357
2024-09-06,Profuturo,50.9962938,-0.008708547100055974,-0.004498891455805626
2024-09-09,Profuturo,51.2226632,0.004438938266529524,0.00017862951095321553
2024-09-10,Profuturo,51.1400813,-0.001612214102916898,-0.00014622059598682832
2024-09-11,Profuturo,51.1920049,0.0010153210296128812,0.004286881091676721
2024-09-12,Profuturo,51.600203,0.007973864293797206,0.0031958881981355844
2024-09-13,Profuturo,52.2020752,0.011664144034472246,0.0005200785417501072
2024-09-16,Profuturo,52.2029142,1.607215798959949e-05,0.00017862951095321553
2024-09-17,Profuturo,51.9202061,-0.005415561646939682,0.002132869366036969
2024-09-18,Profuturo,52.0313876,0.0021413917307235852,-0.0005976769292166692
2024-09-19,Profuturo,52.3180807,0.005510002965978922,0.00460003044940179
2024-09-20,Profuturo,52.3160317,-3.916428073402756e-05,-0.0010663555023942652
2024-09-23,Profuturo,52.3976513,0.0015601259756863328,0.00017862951095321553
2024-09-24,Profuturo,52.7796468,0.007290317228398457,0.008519866667703963
2024-09-25,Profuturo,52.6304609,-0.0028265801126959866,-0.0010219287391822487
2024-09-26,Profuturo,53.017432,0.007352607090697072,0.005248261478208274
2024-09-27,Profuturo,52.9254985,-0.001734024009310664,-0.0028209684135895637
2024-09-30,Profuturo,52.2029142,-0.013652857705251487,0.00017862951095321553
2024-10-01,Profuturo,52.695982,0.009445215991409128,0.0009558126098426921
2024-10-02,Profuturo,52.7907743,0.0017988525197234484,0.000661679488548694
2024-10-03,Profuturo,52.7966755,0.00011178468355965698,-0.002234576516855516
2024-10-04,Profuturo,53.06861119999999,0.00515062165230451,0.00048116168455861273
2024-10-07,Profuturo,53.1154243,0.000882124083172009,0.00017862951095321553
2024-10-08,Profuturo,52.696093,-0.007894718069681339,-0.0016231067473909016
2024-10-09,Profuturo,52.7226211,0.0005034168282647133,0.00026212987930031707
2024-10-10,Profuturo,53.0184008,0.005610109926799556,0.0019148893246279939
2024-10-11,Profuturo,53.0384379,0.0003779272799189215,0.0018860384323411935
2024-10-14,Profuturo,53.118275700000005,0.001505281889156329,0.00017862951095321553
2024-10-15,Profuturo,52.7312307,-0.0072864752272071565,-0.0016917602809588394
2024-10-16,Profuturo,52.7159533,-0.0002897220451180127,0.0046761242775397414
2024-10-17,Profuturo,52.774839,0.0011170375628966056,-0.0004118725593566647
2024-10-18,Profuturo,53.0790198,0.005763746621756605,0.002105133218910672
2024-10-21,Profuturo,53.114413000000006,0.0006668020647964124,0.00017862951095321553
2024-10-22,Profuturo,53.1117929,-4.932935999890642e-05,0.003310447151228321
2024-10-23,Profuturo,52.9369593,-0.0032918037681232137,-0.0010381046362592918
2024-10-24,Profuturo,53.057308000000006,0.002273434318695422,0.00014527593480523384
2024-10-25,Profuturo,53.1892731,0.002487218160408755,0.00016361655993813075
2024-10-28,Profuturo,53.2218422,0.0006123245929450238,0.00017862951095321553
2024-10-29,Profuturo,53.5378632,0.005937806489531905,0.001495043834270271
2024-10-30,Profuturo,53.2767022,-0.004878061700452685,-0.0005844047392563566
2024-10-31,Profuturo,52.7786522,-0.009348363908305068,-0.001518075280216936
2024-11-01,Profuturo,52.6408418,-0.0026111011603286993,0.000692073709357583
2024-11-04,Profuturo,52.726682,0.0016306768103393487,0.00017862951095321553
2024-11-05,Profuturo,52.797108,0.001335680481468593,0.004063496122905664
2024-11-06,Profuturo,52.9169628,0.0022701016123838347,-0.0024870921244503135
2024-11-07,Profuturo,53.0734055,0.0029563809357553428,0.005074011809113392
2024-11-08,Profuturo,53.0376194,-0.0006742755559562275,-0.004792076396804091
2024-11-11,Profuturo,52.9076014,-0.0024514297864582923,0.00017862951095321553
2024-11-12,Profuturo,53.0824872,0.00330549477527442,-0.0021733880811319077
2024-11-13,Profuturo,53.0488092,-0.0006344465336206584,0.0010634186475592155
2024-11-14,Profuturo,52.861436000000005,-0.003532090594033477,0.0014131106423623423
2024-11-15,Profuturo,52.7101805,-0.0028613581363927665,-0.00014924743304939965
2024-11-18,Profuturo,52.6077858,-0.0019425981665913694,0.00017862951095321553
2024-11-19,Profuturo,52.6166933,0.00016931904402639475,0.0035758975180146535
2024-11-20,Profuturo,52.5588739,-0.0010988793930917229,-0.00039200224498800375
2024-11-21,Profuturo,52.7780349,0.004169819171106592,0.0008899382644902799
2024-11-22,Profuturo,52.7865561,0.0001614535292218111,-0.0005583523875730266
2024-11-25,Profuturo,52.61782,-0.003196573379031231,0.00017862951095321553
2024-11-26,Profuturo,52.5684675,-0.0009379426969798876,0.0016928093447922835
2024-11-27,Profuturo,52.3907715,-0.003380277349724903,0.000238555496326264
2024-11-28,Profuturo,52.3139469,-0.0014663765735918322,0.00017862951095321553
2024-11-29,Profuturo,52.35783610000001,0.0008389579185050788,0.00017862951095321553
2024-12-02,Profuturo,52.4352175,0.0014779335007695238,0.00017862951095321553
2024-12-03,Profuturo,52.1732038,-0.00499690308331413,0.0035217103227883012
2024-12-04,Profuturo,52.5383214,0.006998182465459468,1.4329359281911938e-05
2024-12-05,Profuturo,52.4654004,-0.001387958314176374,0.00028143080490690534
2024-12-06,Profuturo,52.3069801,-0.0030195195079461,-0.0017211142176306335
2024-12-09,Profuturo,52.53914900000001,0.004438583522813788,0.00017862951095321553
2024-12-10,Profuturo,52.3399872,-0.0037907313649104823,-0.0011844984014585203
2024-12-11,Profuturo,52.7342257,0.007532262063678852,0.003348871147839559
2024-12-12,Profuturo,52.6400376,-0.001786090508578475,-0.002785521668425838
2024-12-13,Profuturo,52.414076400000006,-0.004292572921718252,-0.003487124665839507
2024-12-16,Profuturo,52.6120188,0.003776512219530348,0.00017862951095321553
2024-12-17,Profuturo,52.391682,-0.004187955623554229,-0.0008139876872528516
2024-12-18,Profuturo,51.82091500000001,-0.01089422935495743,-0.002882909479403303
2024-12-19,Profuturo,51.4032064,-0.008060617995649166,0.00018835540741508476
2024-12-20,Profuturo,51.5637908,0.003124015236528166,0.00116793666088289
2024-12-23,Profuturo,51.69746129999999,0.0025923326800867397,0.00017862951095321553
2024-12-24,Profuturo,51.916162400000005,0.004230403089445556,0.0011642602868281722
2024-12-26,Profuturo,51.9546144,0.0007406556691098576,0.00017862951095321553
2024-12-27,Profuturo,51.9825683,0.0005380446053315779,-0.0007825111020247388
2024-12-30,Profuturo,51.8037672,-0.0034396357441999204,0.00017862951095321553
2024-12-31,Profuturo,51.5789013,-0.004340724857554434,0.0005251644756497307
2025-01-02,Profuturo,51.6789686,0.001940082038932367,0.0011315676481727572
2025-01-03,Profuturo,51.8937578,0.004156220718383397,0.0010713480051811506
2025-01-06,Profuturo,52.3006609,0.007841079876470092,0.00017862951095321553
2025-01-07,Profuturo,52.2017687,-0.0018908403507381655,0.0018805146795689682
2025-01-08,Profuturo,52.2550235,0.0010201723299079202,0.0012019546633904041
2025-01-09,Profuturo,52.154422100000005,-0.0019252005503355152,0.00017862951095321553
2025-01-10,Profuturo,51.8770935,-0.005317451307738752,0.00017862951095321553
2025-01-13,Profuturo,51.679751,-0.0038040392528929656,0.00017862951095321553
2025-01-14,Profuturo,51.7166077,0.0007131748757844836,0.003411173665483029
2025-01-15,Profuturo,51.9732594,0.00496265535219953,0.0013362969682592003
2025-01-16,Profuturo,51.8978888,-0.0014501803594794138,-0.0005347033982789588
2025-01-17,Profuturo,51.9320817,0.0006588495368620162,-9.131771465219213e-05
2025-01-20,Profuturo,51.9329306,1.6346350314000446e-05,0.00017862951095321553
2025-01-21,Profuturo,52.1362523,0.003915082350465449,0.00017862951095321553
2025-01-22,Profuturo,52.0709962,-0.0012516453930080385,-0.00025004506660104885
2025-01-23,Profuturo,51.9968762,-0.0014234411747244824,0.0001900184450861322
2025-01-24,Profuturo,51.9200746,-0.0014770425766462703,0.000724198911847895
2025-01-27,Profuturo,51.302161000000005,-0.011901246382261421,0.00017862951095321553
2025-01-28,Profuturo,51.4058539,0.0020212189502113453,0.001767913186648465
2025-01-29,Profuturo,51.3390433,-0.00129966910247159,0.001231858686574253
2025-01-30,Profuturo,51.5922827,0.004932686386853513,0.0011229762838756625
2025-01-31,Profuturo,51.4974275,-0.0018385540440527537,-0.001957343531124582
2025-02-03,Profuturo,51.1911586,-0.005947266006636864,0.00017862951095321553
2025-02-04,Profuturo,51.4388543,0.004838642194748166,0.004143742471084255
2025-02-05,Profuturo,51.64599200000001,0.004026872348126931,0.000568146888040037
2025-02-06,Profuturo,51.7735634,0.00247011229835592,-8.268853757391353e-05
2025-02-07,Profuturo,51.5558786,-0.0042045550992536596,0.003236340313128758
2025-02-10,Profuturo,51.7039861,0.0028727567839372803,0.00017862951095321553
2025-02-11,Profuturo,51.62440000000001,-0.001539264300552512,-0.0013577625590301104
2025-02-12,Profuturo,51.663730400000006,0.0007618567963985079,0.0012855165645014905
2025-02-13,Profuturo,51.8912495,0.0044038457586870194,0.0024966699218791346
2025-02-14,Profuturo,51.9309927,0.0007658940646630974,-0.00022229553505225615
2025-02-17,Profuturo,51.88879549999999,-0.0008125629379698296,0.00017862951095321553
2025-02-18,Profuturo,51.8109976,-0.001499319829075474,0.00017862951095321553
2025-02-19,Profuturo,51.7765835,-0.0006642238442442494,-0.0002822649938053781
2025-02-20,Profuturo,51.5640461,-0.004104894252051294,0.002324687201763438
2025-02-21,Profuturo,51.2561498,-0.005971143137272095,-0.0038554900745992066
2025-02-24,Profuturo,51.0146534,-0.00471155950929425,0.00017862951095321553
2025-02-25,Profuturo,50.6494626,-0.007158547116582037,0.002288137967657678
2025-02-26,Profuturo,50.7326124,0.0016416719098615307,0.0010598871766420831
2025-02-27,Profuturo,50.3709926,-0.007127955429316657,-0.0018038629004409775
2025-02-28,Profuturo,50.5392348,0.0033400612399288043,-0.00043338893064214044
2025-03-03,Profuturo,50.5158816,-0.00046208060118868577,0.00017862951095321553
2025-03-04,Profuturo,50.10203859999999,-0.008192334507332588,0.00244213901835001
2025-03-05,Profuturo,50.40861340000001,0.006119008498788103,0.00549072622929225
2025-03-06,Profuturo,50.3435682,-0.0012903588417293443,-0.0010649302789451664
2025-03-07,Profuturo,50.276602700000005,-0.0013301699183093652,-0.0021033808485215397
2025-03-10,Profuturo,49.8822293,-0.007844074158177117,0.00017862951095321553
2025-03-11,Profuturo,49.8009582,-0.001629259580826381,0.004350804039285908
2025-03-12,Profuturo,50.022437,0.00444727989189575,-0.0008242136151106513
2025-03-13,Profuturo,50.034829,0.0002477288341631301,0.00358999298058199
2025-03-14,Profuturo,50.4938995,0.009175018865358764,0.0009469607796943971
2025-03-17,Profuturo,50.75427870000001,0.005156646695508416,0.00017862951095321553
2025-03-18,Profuturo,50.7639291,0.00019013963447367388,0.003262547695324496
2025-03-19,Profuturo,50.8976528,0.0026342267505847783,0.0002029931224129991
2025-03-20,Profuturo,50.9462308,0.0009544251518018854,-0.0007242466765573509
2025-03-21,Profuturo,51.008515200000005,0.0012225516789361457,-0.0010286363174337185
2025-03-24,Profuturo,51.3661991,0.007012239007498033,0.00017862951095321553
2025-03-25,Profuturo,51.526961,0.003129721544843589,0.005292282152445223
2025-03-26,Profuturo,51.23758660000001,-0.005615980340854865,-0.0023289691413130595
2025-03-27,Profuturo,51.21534690000001,-0.00043405049838940446,0.0014275141655789316
2025-03-28,Profuturo,50.903258400000006,-0.006093651979149239,-0.004482920835340779
2025-03-31,Profuturo,50.8582189,-0.0008848058339622211,0.00017862951095321553
2025-04-01,Profuturo,51.1183174,0.005114188141575049,0.005706033764172638
2025-04-02,Profuturo,51.0882985,-0.0005872435073538407,0.00015327749876884502
2025-04-03,Profuturo,50.1365938,-0.018628623930389887,-0.005437844099949329
2025-04-04,Profuturo,48.4767245,-0.03310694193988095,-0.009915598355619223
2025-04-07,Profuturo,47.8728128,-0.012457766200767217,0.00017862951095321553
2025-04-08,Profuturo,48.1185541,0.005133212059768466,-0.0012550276981111506
2025-04-09,Profuturo,48.9147638,0.016546833438621622,0.013439891206438008
2025-04-10,Profuturo,49.1600849,0.005015277207573776,-0.003086544248741133
2025-04-11,Profuturo,49.8382965,0.013795981056167639,0.004872437026128874
2025-04-14,Profuturo,50.3985545,0.011241515849162331,0.00017862951095321553
2025-04-15,Profuturo,50.4891108,0.0017968035174500407,0.002220882912502613
2025-04-16,Profuturo,50.125964,-0.007192576661500527,-0.0016054167654751103
2025-04-17,Profuturo,49.9565551,-0.00337966368088205,0.00027844416263530266
2025-04-18,Profuturo,49.9679127,0.00022734954356362636,0.00017862951095321553
2025-04-21,Profuturo,49.7969033,-0.0034223843014359323,0.00017862951095321553
2025-04-22,Profuturo,50.062703,0.005337675284720067,0.004014875691309462
2025-04-23,Profuturo,50.2146764,0.003035661098842457,-9.918623641112144e-05
2025-04-24,Profuturo,50.5329439,0.006338137031188795,0.0009030634473166166
2025-04-25,Profuturo,50.6503233,0.0023228292464472222,-0.0007625203891720945
2025-04-28,Profuturo,50.7359603,0.001690749326372032,0.00017862951095321553
2025-04-29,Profuturo,50.82251529999999,0.0017059891936250793,5.2107292945111875e-05
2025-04-30,Profuturo,50.8254508,5.775983307154675e-05,-0.002043003115640518
2025-05-01,Profuturo,50.7995462,-0.0005096777223272397,-0.0002773197656990216
2025-05-02,Profuturo,51.131674,0.006538007223379383,0.0007243757996134097
2025-05-05,Profuturo,51.2835231,0.0029697658637188873,0.00017862951095321553
2025-05-06,Profuturo,51.2403612,-0.0008416328947570273,0.004029865971887064
2025-05-07,Profuturo,51.0345031,-0.004017499002329394,-0.003807345204732062
2025-05-08,Profuturo,51.0216101,-0.00025263300741351635,0.0006140111137318549
2025-05-09,Profuturo,51.2507265,0.00449057565119837,0.0008815442391720377
2025-05-12,Profuturo,51.6444414,0.007682133052299145,0.00017862951095321553
2025-05-13,Profuturo,52.078273,0.008400354195718052,0.0019101525074661908
2025-05-14,Profuturo,52.0353521,-0.0008241613541986048,0.0019363703563933172
2025-05-15,Profuturo,52.2252352,0.0036491172315906706,-0.0019255755159901034
2025-05-16,Profuturo,52.2250157,-4.202948998832667e-06,0.0012124841915099906
2025-05-19,Profuturo,52.3124065,0.0016733513399402877,0.00017862951095321553
2025-05-20,Profuturo,52.4681052,0.0029763245550555872,0.0005295070083445412
2025-05-21,Profuturo,52.3348654,-0.0025394437152267413,0.0028355240422451664
2025-05-22,Profuturo,51.935269,-0.007635376473137945,-5.329988592075156e-05
2025-05-23,Profuturo,52.1631087,0.0043869937402269965,0.0007347833521789761
2025-05-26,Profuturo,52.1575077,-0.00010737473550925802,0.00017862951095321553
2025-05-27,Profuturo,52.2345871,0.0014778198460583258,0.00017862951095321553
2025-05-28,Profuturo,52.1864369,-0.0009218068462534257,-0.0009019447913047928
2025-05-29,Profuturo,52.2066504,0.00038733244116162524,0.00019395544667005126
2025-05-30,Profuturo,52.1499968,-0.0010851797532677177,4.542977588714472e-06
2025-06-02,Profuturo,52.5580136,0.007823908437900595,0.00017862951095321553
2025-06-03,Profuturo,52.643775000000005,0.001631747361167335,0.0006831068697772157
2025-06-04,Profuturo,52.6363266,-0.00014148681396819462,0.0012368863144511999
2025-06-05,Profuturo,53.091277600000005,0.008643289328629011,0.0038018579094475325
2025-06-06,Profuturo,53.3943503,0.005708521506741615,0.00016711114694872254
2025-06-09,Profuturo,53.259653500000006,-0.0025226788834996627,0.00017862951095321553
2025-06-10,Profuturo,53.1253708,-0.0025212837706503066,0.0018870191752756267
2025-06-11,Profuturo,53.217405,0.0017323963788691277,-1.0566444782712445e-06
2025-06-12,Profuturo,53.1905743,-0.0005041715205766906,0.000622638891508627
2025-06-13,Profuturo,53.0479272,-0.0026818116156344107,-0.0008442428095016066
2025-06-16,Profuturo,53.076399300000006,0.0005367240814644347,0.00017862951095321553
2025-06-17,Profuturo,52.9010915,-0.0033029331739165,0.0015416596735174657
2025-06-18,Profuturo,52.5779524,-0.0061083635675078796,0.0003904524516009888
2025-06-19,Profuturo,52.6026366,0.00046947815335607324,0.00017862951095321553
2025-06-20,Profuturo,52.6052386,4.94652011417962e-05,0.00017862951095321553
2025-06-23,Profuturo,52.7280456,0.0023345013399482806,0.00017862951095321553
2025-06-24,Profuturo,52.9245753,0.003727232780271983,0.003812356919918415
2025-06-25,Profuturo,52.9437621,0.0003625310149630856,-0.0023714271678512387
2025-06-26,Profuturo,53.2956318,0.0066461030732078985,0.00749391889087163
2025-06-27,Profuturo,53.2801517,-0.00029045720028419986,-0.0018749812431372648
2025-06-30,Profuturo,53.4427166,0.00305113433076043,0.00017862951095321553
2025-07-01,Profuturo,53.7332206,0.005435801517619909,0.0029608762574837265
2025-07-02,Profuturo,53.8792662,0.002717975925679017,0.0032121754483114334
2025-07-03,Profuturo,54.0750871,0.003634438881797486,-0.002036463663943235
2025-07-04,Profuturo,54.071185400000005,-7.215337430299673e-05,0.00017862951095321553
2025-07-07,Profuturo,54.0602213,-0.00020277158562165276,0.00017862951095321553
2025-07-08,Profuturo,53.8333591,-0.004196471907524368,0.0030069180217250037
2025-07-09,Profuturo,53.978197300000005,0.002690491591486044,-0.001955870963396681
2025-07-10,Profuturo,54.0625391,0.001562516056830221,0.0012488389426050302
2025-07-11,Profuturo,54.1454699,0.001533979006176578,-0.00043424342925705954
2025-07-14,Profuturo,54.224096,0.001452127022726346,0.00017862951095321553
2025-07-15,Profuturo,53.8300235,-0.007267479387761511,0.0015707979789896305
2025-07-16,Profuturo,53.6236608,-0.003833598549329964,-0.00015698001219806355
2025-07-17,Profuturo,53.9699439,0.006457654976065985,-0.0004978256472003842
2025-07-18,Profuturo,54.00340489999999,0.0006199932329371549,-0.002055681887647722
2025-07-21,Profuturo,54.3116357,0.005707617891330452,0.00017862951095321553
2025-07-22,Profuturo,54.3983759,0.0015970831826743748,0.004468351838325494
2025-07-23,Profuturo,54.8912441,0.009060347700564408,0.0014082030092893545
2025-07-24,Profuturo,54.80718400000001,-0.0015313936016253527,-0.0013190989111804858
2025-07-25,Profuturo,54.6432413,-0.0029912629701975835,-0.0008193141049823822
2025-07-28,Profuturo,54.4858928,-0.0028795601479079114,0.00017862951095321553
2025-07-29,Profuturo,54.5478826,0.0011377220196711058,0.005215894285466986
2025-07-30,Profuturo,54.3809381,-0.003060512929973891,-0.005609158046454619
2025-07-31,Profuturo,54.485629200000005,0.0019251433251756822,0.001561461197858189
2025-08-01,Profuturo,54.0080553,-0.008765135082628439,-0.00053256960866561
2025-08-04,Profuturo,54.5378394,0.009809353383623876,0.00017862951095321553
2025-08-05,Profuturo,54.4604086,-0.0014197628811822849,0.004368829861724121
2025-08-06,Profuturo,54.82228310000001,0.006644726128624878,0.0006827898105352571
2025-08-07,Profuturo,54.9340089,0.0020379632821236893,0.0018831365848815174
2025-08-08,Profuturo,55.0580649,0.0022582731987723648,0.002575785909592787
2025-08-11,Profuturo,54.9912445,-0.001213635098170629,0.00017862951095321553
2025-08-12,Profuturo,55.3052297,0.0057097307554114796,0.004012822517953917
2025-08-13,Profuturo,55.6961066,0.007067629989429447,0.001388825001980201
2025-08-14,Profuturo,55.8091817,0.0020302155195890403,-0.0004642783721743502
2025-08-15,Profuturo,55.7733316,-0.0006423692107280221,0.0018603899480030843
2025-08-18,Profuturo,55.58924700000001,-0.0033005846113017823,0.00017862951095321553
2025-08-19,Profuturo,55.0625048,-0.009475613152306384,0.00081444300330956
2025-08-20,Profuturo,54.8197735,-0.004408286562365027,-0.0010955086186029202
2025-08-21,Profuturo,54.975807,0.0028462996112161854,0.000640167289290429
2025-08-22,Profuturo,55.4579795,0.008770630688513581,0.003888750320821122
2025-08-25,Profuturo,55.41713730000001,-0.0007364530833654515,0.00017862951095321553
2025-08-26,Profuturo,55.7440424,0.005898989300553215,0.004720738078110304
2025-08-27,Profuturo,55.5999622,-0.0025846744117716813,-0.0006231896064316565
2025-08-28,Profuturo,55.7230487,0.0022137874762799825,0.002386210625322932
2025-08-29,Profuturo,55.6670379,-0.0010051639547138391,-0.0005062857209772583
2025-09-01,Profuturo,55.8580235,0.0034308561620091105,0.00017862951095321553
2025-09-02,Profuturo,55.812169,-0.0008209116099499036,0.00017862951095321553
2025-09-03,Profuturo,56.221644000000005,0.007336661651691223,0.0045154253478814025
2025-09-04,Profuturo,56.1129067,-0.0019340825394575933,-0.0011200085858992226
2025-09-05,Profuturo,56.4166856,0.005413708144261786,-0.0002735937966054146
2025-09-08,Profuturo,56.7154989,0.005296541206242011,0.00017862951095321553
2025-09-09,Profuturo,56.5469992,-0.0029709639034841695,0.0017110181106948256
2025-09-10,Profuturo,56.6225009,0.0013352025937389822,-0.0017485296755998297
2025-09-11,Profuturo,57.0627465,0.007775099880832137,0.002508252587195608
2025-09-12,Profuturo,57.1254973,0.0010996806822116678,0.0027263829498906456
2025-09-15,Profuturo,57.4642543,0.005930049032588425,0.00017862951095321553
2025-09-16,Profuturo,57.29098200000001,-0.0030153058124691157,0.0014601408877131553
2025-09-17,Profuturo,57.218021500000006,-0.0012735075827465803,-0.001055712574883097
2025-09-18,Profuturo,57.1569816,-0.0010667950131760806,-0.0008074334438681013
2025-09-19,Profuturo,57.575859300000005,0.007328548294089909,0.0018444931285384301
2025-09-22,Profuturo,58.1074488,0.009232853950648545,0.00017862951095321553
2025-09-23,Profuturo,58.0579942,-0.0008510888194422916,0.002285226950423003
2025-09-24,Profuturo,58.1193792,0.0010573048698261367,0.0035990492469617445
2025-09-25,Profuturo,57.9709657,-0.0025535974754526958,0.00047727974963422356
2025-09-26,Profuturo,58.0712219,0.001729420905610235,0.0006007843371967946
2025-09-29,Profuturo,58.5942621,0.009006874367146755,0.00017862951095321553
2025-09-30,Profuturo,58.5841769,-0.00017211924237203746,0.0030348292456448666
2025-10-01,Profuturo,58.8807922,0.005063061660937951,0.00020647651352598598
2025-10-02,Profuturo,58.9470593,0.0011254451158690948,0.0006431244175139799
2025-10-03,Profuturo,59.0512404,0.0017673672145337438,0.002398523493095447
2025-10-06,Profuturo,59.3145425,0.0044588750078145,0.00017862951095321553
2025-10-07,Profuturo,59.1251882,-0.0031923756303102735,0.0013020613813611922
2025-10-08,Profuturo,59.9689083,0.014270061976733084,0.0018021904764294802
2025-10-09,Profuturo,59.3653493,-0.01006453205685598,0.0008184869309898626
2025-10-10,Profuturo,58.3257045,-0.01751265363143406,-0.00591249399589727
2025-10-13,Profuturo,59.37405149999999,0.01797401349862815,0.00017862951095321553
2025-10-14,Profuturo,59.268596900000006,-0.0017761058465074475,-0.0012088416207065406
2025-10-15,Profuturo,59.6684515,0.006746483313493146,0.003742606989278148
2025-10-16,Profuturo,59.6306428,-0.0006336464086051929,-0.0008895929926748358
2025-10-17,Profuturo,58.8427276,-0.013213260213253863,-0.0029814426621932472
2025-10-20,Profuturo,59.348136100000005,0.008589141268835476,0.00017862951095321553
2025-10-21,Profuturo,58.14982800000001,-0.020191166542802286,-0.0032928084781775084
2025-10-22,Profuturo,57.8492938,-0.005168273240636401,7.719312041171034e-05
2025-10-23,Profuturo,58.1788728,0.005697200058127683,0.002494792693173941
2025-10-24,Profuturo,58.38228300000001,0.003496289807801256,0.00045061220551943467
2025-10-27,Profuturo,58.506013,0.0021193073247922634,0.00017862951095321553
2025-10-28,Profuturo,58.8371255,0.005659461019844159,0.0037981545275695243
2025-10-29,Profuturo,59.12507539999999,0.004894017128691974,0.001796982920315112
2025-10-30,Profuturo,58.7089664,-0.007037775380156042,-0.0006186972980139068
2025-10-31,Profuturo,58.5799875,-0.0021969199580389454,-0.0006440100411414314
2025-11-03,Profuturo,58.4907244,-0.0015237814791272397,0.00017862951095321553
2025-11-04,Profuturo,57.5275104,-0.01646780767174083,-0.0013053294023386412
2025-11-05,Profuturo,57.9572586,0.007470307632155171,0.002452922178507729
2025-11-06,Profuturo,57.7403067,-0.0037433085214972905,-0.0007370741360864684
2025-11-07,Profuturo,57.7805929,0.0006977136475792012,0.0007863375074391525
2025-11-10,Profuturo,58.7279644,0.016396015555596666,0.00017862951095321553
2025-11-11,Profuturo,58.580538,-0.0025103270904448527,-0.00018887694656748969
2025-11-12,Profuturo,58.9683654,0.006620413762673305,0.002122020154829195
2025-11-13,Profuturo,58.2175818,-0.012731972387350687,-0.00021239186123247415
2025-11-14,Profuturo,58.014718300000006,-0.0034845744829613556,-0.0007605812669352395
2025-11-17,Profuturo,57.4037407,-0.01053142405760854,0.00017862951095321553
2025-11-18,Profuturo,56.9884,-0.00723542917125608,0.00013234577685921183
2025-11-19,Profuturo,57.4324455,0.0077918576412041585,0.0023072070254974717
2025-11-20,Profuturo,56.5112197,-0.016040163220979342,-0.0032463427776738907
2025-11-21,Profuturo,56.42156850000001,-0.001586431870979288,-0.0008960212689957568
2025-11-24,Profuturo,57.4079629,0.017482576720638132,0.00017862951095321553
2025-11-25,Profuturo,57.500415,0.0016104403523433675,0.003548128305969047
2025-11-26,Profuturo,58.4856981,0.01713523458917643,0.0027507229196410453
2025-11-27,Profuturo,58.5316483,0.0007856655813773816,0.00017862951095321553
2025-11-28,Profuturo,59.0869103,0.00948652594155619,0.00017862951095321553
2025-12-01,Profuturo,59.2000335,0.0019145221746348362,0.00017862951095321553
2025-12-02,Profuturo,59.3924849,0.003250866403648134,0.00279311529096288
2025-12-03,Profuturo,59.8790644,0.008192610577234749,0.003655239909337629
2025-12-04,Profuturo,60.1807608,0.005038428756745983,0.0004190585003859439
2025-12-05,Profuturo,60.1649474,-0.00026276503968691856,0.0009374243241393035
2025-12-08,Profuturo,60.0360654,-0.002142144314415284,0.00017862951095321553
2025-12-09,Profuturo,60.4283108,0.006533496114154103,0.0004453017386571897
2025-12-10,Profuturo,60.754319,0.005394958020239704,0.0043777675634903025
2025-12-11,Profuturo,61.17211280000001,0.006876775295596715,-0.0010371362367183978
2025-12-12,Profuturo,60.8453542,-0.005341626846669945,0.0020008720179500806
2025-12-15,Profuturo,60.8267696,-0.00030543991804066195,0.00017862951095321553
2025-12-16,Profuturo,60.7885564,-0.0006282299759019505,0.002432999147234113
2025-12-17,Profuturo,60.4276991,-0.00593627026813226,0.0004911437729866555
2025-12-18,Profuturo,60.9398429,0.00847531525488776,0.0009076442366021611
2025-12-19,Profuturo,61.565853800000006,0.01027260442773481,0.0020174823674263005
2025-12-22,Profuturo,62.098931,0.008658650324768091,0.00017862951095321553
2025-12-23,Profuturo,62.446431700000005,0.005595920805786525,0.003995889989196364
2025-12-24,Profuturo,62.563664,0.001877325842462696,-9.961760398946947e-05
2025-12-26,Profuturo,62.9144279,0.005606511472857401,0.00017862951095321553
2025-12-29,Profuturo,62.5798657,-0.005317734121841999,0.00017862951095321553
2025-12-30,Profuturo,62.9312751,0.005615374786590577,0.004046211980656751
2025-12-31,Profuturo,62.581457,-0.005558732116012655,-0.0008702606741227829
2026-01-02,Profuturo,63.0624452,0.007685794212173747,0.00017862951095321553
2026-01-05,Profuturo,64.0968477,0.01640282892170508,0.00017862951095321553
2026-01-06,Profuturo,65.0222596,0.014437713135774022,0.004667046382646402
2026-01-07,Profuturo,64.7466603,-0.004238537720703817,-0.002299248116766725
2026-01-08,Profuturo,64.81597359999999,0.0010705308919229939,0.0006438600749196216
2026-01-09,Profuturo,65.4085085,0.009141803587750186,0.0027217368985316924
2026-01-12,Profuturo,66.2644858,0.013086635357233423,0.00017862951095321553
2026-01-13,Profuturo,66.4142661,0.0022603404854308895,0.002300749864242564
2026-01-14,Profuturo,66.6723727,0.0038863126125847636,0.0028251083965128683
2026-01-15,Profuturo,66.9858961,0.004702448515080393,0.00030705281674399745
2026-01-16,Profuturo,67.01718149999999,0.0004670445843297788,-0.0009805256256713837
2026-01-19,Profuturo,66.883625,-0.0019928695449539235,0.00017862951095321553
2026-01-20,Profuturo,67.20638579999999,0.004825707338679708,0.00017862951095321553
2026-01-21,Profuturo,67.5490132,0.005098137564183869,0.003817747654806948
2026-01-22,Profuturo,68.3665282,0.012102545415126897,-0.0004610992185426474
2026-01-23,Profuturo,69.1839112,0.01195589452207968,0.004093912877480134
2026-01-26,Profuturo,69.7924912,0.008796553843865462,0.00017862951095321553
2026-01-27,Profuturo,70.4966383,0.010089152685238911,0.003062141648919053
2026-01-28,Profuturo,70.9825421,0.006892581145957921,0.0035915825645333552
2026-01-29,Profuturo,70.4476009,-0.00753623615291743,-0.0002741583878150156
2026-01-30,Profuturo,67.2804365,-0.04495773254927127,-0.008939683665479871
2026-02-02,Profuturo,67.3680682,0.0013024841180988567,0.0017381887914050486
2026-02-03,Profuturo,69.0049085,0.02429697546233034,0.008391488257727325
2026-02-04,Profuturo,67.75380750000001,-0.01813060878125783,-0.0061923777280844805
2026-02-05,Profuturo,66.4806454,-0.018791004476021667,-0.0053950259238783535
2026-02-06,Profuturo,68.1494962,0.02510280683887589,0.006797088246658163
2026-02-09,Profuturo,69.5301336,0.02025895240587272,0.00017862951095321553
2026-02-10,Profuturo,68.9387323,-0.008505683354533389,0.0010416747596130637
2026-02-11,Profuturo,69.7711417,0.012074625863115918,0.001777759694362097
2026-02-12,Profuturo,68.28001669999999,-0.021371658305542884,-0.003448418053942196
2026-02-13,Profuturo,68.8662011,0.008585006687615637,0.0005108033072379342
2026-02-16,Profuturo,68.86618440000001,-2.4249921914965e-07,0.00017862951095321553
2026-02-17,Profuturo,67.9997361,-0.012581621989790404,0.00017862951095321553
2026-02-18,Profuturo,68.88723490000001,0.013051503592526492,0.002015654859757912
2026-02-19,Profuturo,69.1669852,0.004060988953992428,0.0031767252536471988
2026-02-20,Profuturo,69.9947923,0.011968240304335298,0.0034203618724685187
2026-02-23,Profuturo,70.5307253,0.007656755344068733,0.00017862951095321553
2026-02-24,Profuturo,71.4637068,0.013228015110174907,0.002619013826984454
2026-02-25,Profuturo,72.0136832,0.007695884031585276,0.004380656427983339
2026-02-26,Profuturo,71.9823344,-0.00043531727037127155,-0.002636271138466011
2026-02-27,Profuturo,72.1394286,0.0021823993526945973,0.003584339630309995
2026-03-02,Profuturo,72.0701188,-0.0009607755612303093,0.00017862951095321553
2026-03-03,Profuturo,69.2514343,-0.03911030739136234,-0.00456541716440747
2026-03-04,Profuturo,69.74213900000001,0.007085841686314431,0.003350226488668285
2026-03-05,Profuturo,67.8341914,-0.027357170676970743,-0.006423819898385972
2026-03-06,Profuturo,67.3626335,-0.006951625578011877,-0.004206256399758513
2026-03-09,Profuturo,67.96706710000001,0.00897283209689248,0.00017862951095321553
2026-03-10,Profuturo,68.4964052,0.007788155684593123,0.006615104817804607
2026-03-11,Profuturo,67.9244297,-0.008350445520898586,-0.003223406887807109
2026-03-12,Profuturo,66.5923372,-0.019611390274212326,-0.0036553880792764898
2026-03-13,Profuturo,65.5049918,-0.01632838620357069,-0.005043247088410934
2026-03-16,Profuturo,66.1903339,0.010462440818136187,0.00017862951095321553
2026-03-17,Profuturo,66.2901412,0.0015078833134576364,0.0013278752225488464
2026-03-18,Profuturo,64.8530784,-0.021678378926125896,-0.004501680841850887
2026-03-19,Profuturo,63.7072561,-0.017667970869984173,-0.0025550017445488057
2026-03-20,Profuturo,62.2845025,-0.022332677423223646,-0.0032210850885576597
2026-03-23,Profuturo,63.7514175,0.023551845822321615,0.00017862951095321553
2026-03-24,Profuturo,63.8695262,0.0018526442961053213,0.002576743406707838
2026-03-25,Profuturo,64.86870640000001,0.015644083484683824,0.0007554439591276739
2026-03-26,Profuturo,63.382884700000005,-0.02290506135328152,-0.0026745543232578528
2026-03-27,Profuturo,63.6131059,0.0036322297587063623,-0.0014741859582957817
2026-03-30,Profuturo,63.1341003,-0.007529982905613797,0.00017862951095321553
2026-03-31,Profuturo,65.1797399,0.032401500778177716,0.008580053572124989
2026-04-01,Profuturo,66.4258527,0.019118100224269075,0.00494298038100391
2026-04-02,Profuturo,65.9194978,-0.007622858863202686,-0.0025352709481270917
2026-04-03,Profuturo,65.9178842,-2.4478341823730432e-05,0.00017862951095321553
2026-04-06,Profuturo,65.90005049999999,-0.00027054418108907186,0.00017862951095321553
2026-04-07,Profuturo,65.8954016,-7.054471073575375e-05,0.00131875215222997
2026-04-08,Profuturo,68.1833191,0.034720442465594026,0.0066560876337999324
2026-04-09,Profuturo,68.1696927,-0.0001998494672871276,-0.0013711418283063007
2026-04-10,Profuturo,68.6648503,0.007263603228770288,0.0012159441136420776
2026-04-13,Profuturo,69.1042024,0.006398500806168661,0.00017862951095321553
2026-04-14,Profuturo,69.83278390000001,0.01054323000188484,0.0033003616531461074
2026-04-15,Profuturo,68.8050343,-0.014717293835395995,-0.001791101839245414
2026-04-16,Profuturo,69.4941034,0.010014806431104306,0.0029269453852947495
2026-04-17,Profuturo,70.09192780000001,0.00860251979306792,-0.0009389243246078535
2026-04-20,Profuturo,69.7637761,-0.004681733122483878,0.00017862951095321553
2026-04-21,Profuturo,68.2148193,-0.022202880729674246,-0.003245347659909711
2026-04-22,Profuturo,69.3758296,0.017019913149575627,0.003553940213925434
2026-04-23,Profuturo,68.5443047,-0.01198580117591852,-0.0026200735954133277
2026-04-24,Profuturo,69.29837309999999,0.011001182422089695,0.0009787061612899798
2026-04-27,Profuturo,68.8970772,-0.00579084157460541,0.00017862951095321553
2026-04-28,Profuturo,67.7320239,-0.01691005405959367,-0.002126773539594392
2026-04-29,Profuturo,67.05704010000001,-0.009965504662854063,0.0014817609185778723
2026-04-30,Profuturo,68.2211164,0.01735949421960825,0.0029864403046828674
2026-05-01,Profuturo,68.0293085,-0.0028115620224591353,-0.001110312885551716
2026-05-04,Profuturo,67.6056176,-0.006228064187952076,0.00017862951095321553
2026-05-05,Profuturo,67.9996896,0.005828983063679516,0.0017464142256830002
2026-05-06,Profuturo,69.8290569,0.026902583096497068,0.005783232309651565
2026-05-07,Profuturo,69.5037787,-0.004658206976299595,-0.0013199233373289742
2026-05-08,Profuturo,70.3897559,0.012747180319852225,0.0033493432859548313
2026-05-11,Profuturo,71.3705229,0.013933376916285045,0.00017862951095321553
2026-05-12,Profuturo,70.812851,-0.00781375667908979,0.004178206569178716
2026-05-13,Profuturo,71.0845734,0.0038371905122136507,-0.001034623049777602
2026-05-14,Profuturo,70.8470989,-0.0033407318724936186,0.00025872791473504394
2026-05-15,Profuturo,68.478899,-0.033426914252942086,-0.0064684950429510675
2026-05-18,Profuturo,67.9831173,-0.007239919263304695,0.00017862951095321553
2026-05-19,Profuturo,67.128032,-0.012577906603291278,-0.0004750253948890424
2026-05-20,Profuturo,68.4622573,0.019875829221389862,0.0018321709435580114
2026-05-21,Profuturo,68.9077609,0.006507287629267111,0.003389695491502271
2026-05-22,Profuturo,68.6568631,-0.0036410673735881582,-0.00017482041296395585
2026-05-25,Profuturo,68.6882542,0.0004572172188275214,0.00017862951095321553
2026-05-26,Profuturo,70.8321633,0.031212164655656682,0.00017862951095321553
2026-05-27,Profuturo,70.1458301,-0.009689569935809161,0.0005875704983996677
2026-05-28,Profuturo,70.6707533,0.007483312967451861,-6.414170511573276e-05
2026-05-29,Profuturo,71.15447420000001,0.006844711247757651,0.0026142122654597005
2026-06-01,Profuturo,71.1479104,-9.224718577161006e-05,0.00017862951095321553
2026-06-02,Profuturo,72.00246680000001,0.012010983810987641,0.0006317450848790959
2026-06-03,Profuturo,71.1049439,-0.01246516876280146,-0.00103590271007151
2026-06-04,Profuturo,70.506511,-0.008416192562385127,9.712440712970248e-05
2026-06-05,Profuturo,67.0292273,-0.04931861824789485,-0.011216024062312114
2026-06-08,Profuturo,67.10059100000001,0.0010646654135009204,0.00017862951095321553
2026-06-09,Profuturo,68.1275219,0.015304349554834618,0.0018612478227406862
2026-06-10,Profuturo,67.22211700000001,-0.013289855182593846,-0.005050572298862169
2026-06-11,Profuturo,70.0832019,0.04256166017502827,0.005357880908027281
2026-06-12,Profuturo,71.0335702,0.013560571923583842,0.0031872969917460603
2026-06-15,Profuturo,73.1777194,0.03018501243796412,0.00017862951095321553
2026-06-16,Profuturo,72.5840362,-0.008112895630907002,0.0005023968724675176
2026-06-17,Profuturo,72.6023076,0.00025172752793278796,0.0007887272310633522
2026-06-18,Profuturo,72.61369810000001,0.00015688895265908442,-0.0031201949451720758
2026-06-19,Profuturo,72.6232677,0.00013178780657630007,0.00017862951095321553
2026-06-22,Profuturo,72.766161,0.0019675966742542794,0.00017862951095321553
2026-06-23,Profuturo,70.9600594,-0.024820625070491098,-0.0033553048822773613
2026-06-24,Profuturo,70.7652183,-0.0027457854692833905,-0.005289762592157454
2026-06-25,Profuturo,71.4791849,0.010089230516794778,0.003948565252012128
2026-06-26,Profuturo,71.1445756,-0.004681213145730889,0.0002670719699459549
2026-06-29,Profuturo,71.2934767,0.002092936794467315,0.00017862951095321553
2026-06-30,Profuturo,71.9348302,0.00899596330108543,0.003943636886797182
