periodo,afp,fecha_ca,monto_hojas_miles_soles,registros_hojas,identificadores_unicos,registros_isin,registros_fondo_sin_isin,total_fondo_miles_soles,total_exterior_miles_soles,total_exterior_pct_fp1356,ratio_cobertura_exterior,error_cobertura_pct,factor_reescala,estado_cobertura,elegible_modelo_principal,elegible_analisis_ampliado,cobertura_exterior_pct,exterior_sobre_fondo_pct
2015-01,Habitat,2015-01-30,62645.1718627745,41,41,41,0,100246.5811940938,63324.8449145881,63.169081838293145,0.9892668816997445,1.0733118300255473,1.0108495679970746,estricto,True,True,98.92668816997445,63.16908183829315
2015-01,Integra,2015-01-30,4857721.3276250465,80,80,71,9,8400569.1195552,5017774.973323989,59.731369409762976,0.9681026657134216,3.189733428657837,1.0329482971344495,operativo,True,True,96.81026657134217,59.73136940976297
2015-01,Prima,2015-01-30,4492502.5593756875,55,55,49,6,8030752.206630416,4543462.126603353,56.57579775468781,0.9887839788672868,1.121602113271325,1.0113432472333965,estricto,True,True,98.87839788672868,56.575797754687805
2015-01,Profuturo,2015-01-30,3420982.1229378358,58,58,46,12,5397129.861704912,3405711.9822542835,63.10227972128958,1.0044836852802346,0.4483685280234573,0.9955363284183318,estricto,True,True,100.44836852802345,63.10227972128959
2015-02,Habitat,2015-02-27,67641.7037954395,41,41,41,0,109141.202694716,68999.0067603531,63.21994357470428,0.9803286593729128,1.9671340627087197,1.0200660670674164,estricto,True,True,98.03286593729128,63.219943574704295
2015-02,Integra,2015-02-27,5251775.556950693,81,81,72,9,8638383.194662321,5349101.317381278,61.92248244655898,0.9818052127533393,1.8194787246660682,1.0185319725443664,estricto,True,True,98.18052127533393,61.92248244655899
2015-02,Prima,2015-02-27,4829019.461987256,53,53,46,7,8241739.8962728875,4908542.60366562,59.557116160452715,0.983799031993941,1.620096800605897,1.0164677616862696,estricto,True,True,98.3799031993941,59.55711616045273
2015-02,Profuturo,2015-02-27,3545819.691273859,55,55,43,12,5595425.418597999,3571793.6753761773,63.834175387349426,0.9927280278585568,0.727197214144315,1.0073252410905833,estricto,True,True,99.27280278585569,63.834175387349426
2015-03,Habitat,2015-03-31,71752.7792292731,45,45,45,0,110835.6072428368,71993.8719910647,64.9555443255061,0.996651204399431,0.3348795600568999,1.0033600477135698,estricto,True,True,99.6651204399431,64.9555443255061
2015-03,Integra,2015-03-31,5107235.73430614,81,81,72,9,8496595.532139499,5221484.1891174475,61.45383959218127,0.9781195440466098,2.1880455953390165,1.02236992000269,operativo,True,True,97.81195440466098,61.45383959218126
2015-03,Prima,2015-03-31,4770335.649389563,50,50,43,7,8128928.310916229,4829765.685068095,59.414543963713754,0.9876950478441908,1.230495215580918,1.0124582503300659,estricto,True,True,98.76950478441908,59.414543963713726
2015-03,Profuturo,2015-03-31,3537447.3670083624,56,56,44,12,5583633.359693301,3565301.6180851166,63.85271718988641,0.9921874068282295,0.7812593171770521,1.0078741103928595,estricto,True,True,99.21874068282295,63.85271718988641
2015-04,Habitat,2015-04-30,78715.6014375979,44,44,44,0,119979.49286933459,80317.44346483279,66.94264290006932,0.9800561128674836,1.994388713251638,1.020349740051275,estricto,True,True,98.00561128674836,66.94264290006933
2015-04,Integra,2015-04-30,5440307.584102917,79,79,70,9,8658861.705077054,5529499.747713995,63.85943021207761,0.9838697589871577,1.6130241012842328,1.0163946913354138,estricto,True,True,98.38697589871576,63.85943021207762
2015-04,Prima,2015-04-30,4967693.44029053,51,51,44,7,8237696.6803456545,5016842.882462712,60.90103917557942,0.9902031131283795,0.9796886871620503,1.0098938154624346,estricto,True,True,99.02031131283795,60.90103917557942
2015-04,Profuturo,2015-04-30,3493100.050950052,54,54,42,12,5710969.328406935,3534259.220968002,61.88545267417636,0.9883542299971204,1.1645770002879585,1.0117829920178654,estricto,True,True,98.83542299971204,61.88545267417638
2015-05,Habitat,2015-05-29,85682.8361828742,43,43,43,0,129651.57372428432,85742.49383509421,66.13301433381233,0.9993042230339749,0.06957769660250746,1.0006962614086756,estricto,True,True,99.93042230339749,66.13301433381234
2015-05,Integra,2015-05-29,5523689.879417328,79,79,70,9,8722223.646418205,5604522.000595845,64.25565575697374,0.9855773389470283,1.4422661052971741,1.014633718210669,estricto,True,True,98.55773389470282,64.25565575697375
2015-05,Prima,2015-05-29,4781306.364091595,57,57,50,7,8285314.211489513,4833662.149450719,58.34011874586149,0.9891685054229381,1.0831494577061895,1.010950100531588,estricto,True,True,98.91685054229382,58.34011874586149
2015-05,Profuturo,2015-05-29,3641412.0187487486,54,54,42,12,5770873.931232308,3672516.9451262495,63.63883510347319,0.9915303518425477,0.8469648157452325,1.0085419958569228,estricto,True,True,99.15303518425476,63.63883510347319
2015-06,Habitat,2015-06-30,86856.3831151372,41,41,41,0,134983.02105889478,87397.26332124509,64.7468567792038,0.9938112455063978,0.6188754493602233,1.0062272936853807,estricto,True,True,99.38112455063978,64.74685677920378
2015-06,Integra,2015-06-30,5326754.802618689,77,77,68,9,8560834.338863067,5401870.844060236,63.09981749720013,0.9860944395728857,1.3905560427114327,1.014101651798318,estricto,True,True,98.60944395728856,63.09981749720014
2015-06,Prima,2015-06-30,4833440.961698913,61,61,54,7,8145977.220876611,4965286.293677064,60.9538445670087,0.9734465800801766,2.6553419919823407,1.0272777371282524,operativo,True,True,97.34465800801766,60.953844567008694
2015-06,Profuturo,2015-06-30,3606605.059745442,57,57,45,12,5716140.790232545,3643609.1845365604,63.7424674837012,0.9898441015715507,1.0155898428449328,1.0102600989512642,estricto,True,True,98.98441015715507,63.74246748370119
2015-07,Habitat,2015-07-31,92742.3569262213,38,38,38,0,141026.33104039787,94248.83166178637,66.83066273261282,0.9840159850365988,1.5984014963401183,1.016243653768294,estricto,True,True,98.40159850365988,66.83066273261284
2015-07,Integra,2015-07-31,5093373.397106448,78,78,69,9,8492498.475599438,5221430.250041289,61.48285177846602,0.9754747556124438,2.452524438755621,1.025141854513865,operativo,True,True,97.54747556124438,61.48285177846603
2015-07,Prima,2015-07-31,4960607.947984356,59,59,52,7,8025903.830352283,5045749.483319823,62.86830231179519,0.9831260874887019,1.6873912511298106,1.0171635283876972,estricto,True,True,98.31260874887019,62.86830231179519
2015-07,Profuturo,2015-07-31,3649395.4593591993,55,55,43,12,5714556.440794568,3683287.6161534246,64.45447961384193,0.990798395258196,0.9201604741803981,1.0092870606026831,estricto,True,True,99.07983952581961,64.45447961384191
2015-08,Habitat,2015-08-31,98273.644421599,40,40,40,0,144514.89163958907,98348.22885917798,68.05404463399674,0.9992416290720826,0.07583709279174178,1.000758946490872,estricto,True,True,99.92416290720826,68.05404463399675
2015-08,Integra,2015-08-31,4820516.357264895,71,71,62,9,7868892.9538594,4936715.185565303,62.73709929100036,0.9764623187823014,2.3537681217698614,1.024105058398005,operativo,True,True,97.64623187823014,62.73709929100036
2015-08,Prima,2015-08-31,4796970.226400016,62,62,55,7,7469653.730248811,4845067.981029881,64.86335452752631,0.9900728421524353,0.9927157847564705,1.0100266944258192,estricto,True,True,99.00728421524353,64.86335452752633
2015-08,Profuturo,2015-08-31,3414672.663457734,55,55,43,12,5371615.548212473,3444883.759249931,64.13124186440139,0.9912301552378722,0.8769844762127832,1.0088474353971033,estricto,True,True,99.12301552378722,64.13124186440137
2015-09,Habitat,2015-09-30,96886.8064955921,44,44,44,0,149504.64290266047,98105.59360438309,65.62043271676698,0.9875767826888054,1.2423217311194557,1.0125794951126441,estricto,True,True,98.75767826888054,65.620432716767
2015-09,Integra,2015-09-30,4515781.993338905,73,73,62,11,7594022.712397578,4759447.991513651,62.673607543254285,0.948803727110956,5.119627288904405,1.0539587603064475,ampliado,False,True,94.88037271109559,62.67360754325427
2015-09,Prima,2015-09-30,4595719.849876409,66,66,58,8,7200487.628339937,4636919.698481136,64.3973010970949,0.9911148237873901,0.8885176212609869,1.008964830309627,estricto,True,True,99.11148237873901,64.3973010970949
2015-09,Profuturo,2015-09-30,3111719.5435688286,54,54,41,13,5199396.603613538,3263593.6920874096,62.76870069536991,0.9534641371299374,4.653586287006261,1.0488071455001362,operativo,True,True,95.34641371299374,62.768700695369894
2015-10,Habitat,2015-10-30,110139.8222753442,43,43,43,0,169588.64267268084,110256.30501976344,65.01396749342855,0.9989435275887545,0.10564724112455126,1.001057589725613,estricto,True,True,99.89435275887544,65.01396749342857
2015-10,Integra,2015-10-30,4906790.584069161,76,76,63,13,8005817.040660288,5081476.8190235365,63.472306454674595,0.9656229397130373,3.4377060286962746,1.0356009150913283,operativo,True,True,96.56229397130373,63.47230761352044
2015-10,Prima,2015-10-30,4730506.499981104,65,65,57,8,7569193.250315054,4915238.342980593,64.93741380927229,0.9624165035123265,3.758349648767345,1.039051176232445,operativo,True,True,96.24165035123265,64.93741380927229
2015-10,Profuturo,2015-10-30,3560939.3144559306,52,52,39,13,5548520.866998757,3625928.799638997,65.34946675978337,0.9820764585367654,1.7923541463234605,1.0182506578865964,estricto,True,True,98.20764585367654,65.34946675978337
2015-11,Habitat,2015-11-30,116035.722553183,39,39,39,0,184931.87451722703,119180.74625368502,64.44575688469698,0.9736113105567605,2.6388689443239466,1.027103926543488,operativo,True,True,97.36113105567605,64.44575688469698
2015-11,Integra,2015-11-30,5165202.692443442,79,79,66,13,8140003.37050348,5315551.925001925,65.3015936610496,0.9717152170311216,2.8284782968878375,1.0291080992384753,operativo,True,True,97.17152170311216,65.30159366104961
2015-11,Prima,2015-11-30,4859624.045003603,68,68,60,8,7671875.680225147,4895260.008814439,63.80786411115017,0.9927203123538546,0.7279687646145394,1.0073330701060044,estricto,True,True,99.27203123538546,63.80786411115017
2015-11,Profuturo,2015-11-30,3664695.1400336917,52,52,39,13,5699060.42370398,3707607.088749784,65.05646217276121,0.9884259718764961,1.1574028123503943,1.0117095548405421,estricto,True,True,98.8425971876496,65.05646217276121
2015-12,Habitat,2015-12-31,124825.1064006851,34,34,34,0,193545.33797863033,128272.17387385582,66.27500058307713,0.9731269271497605,2.6873072850239543,1.0276151775277143,operativo,True,True,97.31269271497605,66.27500058307712
2015-12,Integra,2015-12-31,5001140.676466919,79,79,66,13,7959471.22550322,5117588.621976577,64.29558543511197,0.97724554392481,2.275445607519,1.0232842771365358,operativo,True,True,97.724554392481,64.29558543511197
2015-12,Prima,2015-12-31,4759593.349333672,61,61,53,8,7473311.544626894,4885520.549695241,65.3729008956919,0.9742244047321785,2.577559526782147,1.026457554483977,operativo,True,True,97.42244047321785,65.3729008956919
2015-12,Profuturo,2015-12-31,3636138.5848328266,55,55,41,14,5596544.061396127,3670726.7656240663,65.58916941160219,0.9905772935443864,0.9422706455613605,1.0095123384283302,estricto,True,True,99.05772935443864,65.58916941160217
2016-01,Habitat,2016-01-29,124883.87732572289,27,27,27,0,195353.73019079102,125098.42448570412,64.0368752434507,0.9982849731252551,0.1715026874744896,1.0017179732450303,estricto,True,True,99.82849731252551,64.0368752434507
2016-01,Integra,2016-01-29,5145421.24748365,80,80,67,13,7600456.808085672,5211114.295839361,68.56317228584955,0.98739366580231,1.2606334197689972,1.0127672828318648,estricto,True,True,98.739366580231,68.56317228584955
2016-01,Prima,2016-01-29,4747749.253167327,57,57,49,8,7117617.1934891455,4796493.7439041585,67.38903784108761,0.9898374743428403,1.0162525657159693,1.0102668629149514,estricto,True,True,98.98374743428403,67.38903784108761
2016-01,Profuturo,2016-01-29,3662844.411831324,56,56,42,14,5370480.882433219,3707858.5943477782,69.04146342790531,0.9878597898568534,1.214021014314659,1.0122894061159284,estricto,True,True,98.78597898568535,69.04146342790533
2016-02,Habitat,2016-02-29,132175.9981884623,26,26,26,0,213182.419845595,135574.6082400957,63.59558557328061,0.9749318099034104,2.506819009658956,1.0257127625152298,operativo,True,True,97.49318099034105,63.5955855732806
2016-02,Integra,2016-02-29,4788805.288970166,75,75,62,13,7664141.019806855,4982861.073090742,65.01525820327763,0.961055349271416,3.8944650728583996,1.040522796900416,operativo,True,True,96.1055349271416,65.01525820327763
2016-02,Prima,2016-02-29,4835232.65378618,54,54,46,8,7171499.596994813,4864920.861420157,67.83687003843357,0.9938974942286499,0.6102505771350075,1.0061399750042495,estricto,True,True,99.389749422865,67.83687003843356
2016-02,Profuturo,2016-02-29,3537237.577588484,57,57,43,14,5416655.926001994,3582396.0559047507,66.13667371242646,0.9873943367479335,1.2605663252066468,1.0127665946450375,estricto,True,True,98.73943367479335,66.13667371242646
2016-03,Habitat,2016-03-31,144620.9550659719,29,29,29,0,226617.35512700313,144992.197743485,63.98106520227767,0.9974395678988887,0.2560432101111343,1.0025670047424577,estricto,True,True,99.74395678988887,63.98106520227766
2016-03,Integra,2016-03-31,4886204.971668913,74,74,61,13,7744634.690981529,4965748.07766697,64.11855788949585,0.9839816469232913,1.6018353076708736,1.0162791177323223,estricto,True,True,98.39816469232913,64.11855788949585
2016-03,Prima,2016-03-31,4744256.2233956335,56,56,48,8,7259455.801135784,4782561.8315102635,65.8804456218606,0.9919905670926719,0.800943290732814,1.0080741018846602,estricto,True,True,99.19905670926718,65.88044562186059
2016-03,Profuturo,2016-03-31,3537181.4617667166,56,56,42,14,5472305.625936358,3553139.199939604,64.92947292817973,0.9955088339423463,0.44911660576536505,1.0045114276282894,estricto,True,True,99.55088339423463,64.92947292817973
2016-04,Habitat,2016-04-29,143945.9614748466,31,31,31,0,244547.1045218688,144031.4086570362,58.89720466682363,0.999406746188305,0.05932538116949493,1.0005936059706997,estricto,True,True,99.9406746188305,58.89720466682364
2016-04,Integra,2016-04-29,4524292.551354089,75,75,62,13,7880945.155157561,4616678.182540819,58.580260256214395,0.9799887218615084,2.0011278138491573,1.0204199065683937,operativo,True,True,97.99887218615085,58.5802602562144
2016-04,Prima,2016-04-29,4517332.620323676,57,57,49,8,7373379.380623389,4601286.174156896,62.404033979977775,0.9817543289733325,1.824567102666752,1.0185847624891533,estricto,True,True,98.17543289733325,62.40403397997779
2016-04,Profuturo,2016-04-29,3556566.3295622007,58,58,44,14,5641134.868476075,3623956.8716210853,64.2416279013744,0.9814041545067452,1.859584549325477,1.0189482033552233,estricto,True,True,98.14041545067452,64.24162790137439
2016-05,Habitat,2016-05-31,146727.6327568174,29,29,29,0,258999.46446113513,150251.66550930843,58.012346018520375,0.9765457990728714,2.3454200927128577,1.024017512490859,operativo,True,True,97.65457990728714,58.012346018520375
2016-05,Integra,2016-05-31,4771293.969212704,78,78,65,13,8059667.863169978,4845939.743825956,60.12579955025568,0.9845962231147518,1.5403776885248188,1.01564476536028,estricto,True,True,98.45962231147519,60.12579955025568
2016-05,Prima,2016-05-31,4751395.394467049,56,56,48,8,7567070.783507696,4895264.362653029,64.69166871442746,0.9706105824879274,2.938941751207258,1.0302793087591728,operativo,True,True,97.06105824879275,64.69166871442746
2016-05,Profuturo,2016-05-31,3580008.342459529,57,57,43,14,5725831.179748287,3631847.6360436855,63.4291777391059,0.9857264679636653,1.4273532036334746,1.0144802158613244,estricto,True,True,98.57264679636653,63.4291777391059
2016-06,Habitat,2016-06-30,151242.1767830952,31,31,31,0,265354.39904867444,159538.57952373245,60.12283199211932,0.9479975140470452,5.200248595295475,1.0548550868355695,ampliado,False,True,94.79975140470452,60.122831992119345
2016-06,Integra,2016-06-30,4579124.652864225,78,78,65,13,7750686.185493463,4670156.674642422,60.254751164913635,0.9805077156677688,1.9492284332231158,1.019879786788782,estricto,True,True,98.05077156677689,60.254751164913635
2016-06,Prima,2016-06-30,4383528.853417704,57,57,49,8,7213956.2848840235,4549225.501462924,63.0614509127991,0.9635769543646635,3.6423045635336493,1.0377998305899212,operativo,True,True,96.35769543646634,63.0614509127991
2016-06,Profuturo,2016-06-30,3398674.8214869653,57,57,43,14,5502249.396897717,3586134.736170699,65.17579407056024,0.9477264719607539,5.227352803924612,1.0551567668370572,ampliado,False,True,94.77264719607538,65.17579407056023
2016-07,Habitat,2016-07-29,178044.8120539827,30,30,30,0,304585.3404222139,181894.46582138148,59.718719741810546,0.9788357839804807,2.1164216019519344,1.0216218249944378,operativo,True,True,97.88357839804806,59.718719741810546
2016-07,Integra,2016-07-29,4584530.903550363,77,77,64,13,8154605.409350807,4742982.274339507,58.16323459257483,0.9665924598440103,3.340754015598968,1.0345621774883087,operativo,True,True,96.65924598440102,58.16323459257484
2016-07,Prima,2016-07-29,4649150.846967433,57,57,49,8,7628149.910490204,4751391.824127421,62.28760420129296,0.9784818888981516,2.1518111101848425,1.0219913228297761,operativo,True,True,97.84818888981516,62.28760420129296
2016-07,Profuturo,2016-07-29,3607854.450122699,64,64,50,14,5795543.30444818,3671071.6687626615,63.34301161972253,0.9827796283091172,1.7220371690882752,1.017522108919281,estricto,True,True,98.27796283091172,63.343011619722525
2016-08,Habitat,2016-08-31,178799.2787196509,28,28,28,0,317430.0290444879,184846.63261975072,58.23224512695502,0.9672844789521274,3.2715521047872564,1.0338220262598585,operativo,True,True,96.72844789521274,58.23224512695502
2016-08,Integra,2016-08-31,4873068.206339886,89,89,74,15,8310785.123569134,4961328.9442819925,59.69747587639842,0.9822102628281022,1.7789737171897801,1.0181119438934343,estricto,True,True,98.22102628281021,59.69747587639842
2016-08,Prima,2016-08-31,4530486.538046541,57,57,49,8,7781666.604816063,4583488.238660375,58.90111298039497,0.9884363834149763,1.1563616585023695,1.0116988981577875,estricto,True,True,98.84363834149764,58.90111298039496
2016-08,Profuturo,2016-08-31,3627788.5874236743,64,64,50,14,5866240.631781337,3679023.509833769,62.715182358903675,0.9860737714034316,1.3926228596568446,1.0141229074339417,estricto,True,True,98.60737714034316,62.71518235890369
2016-09,Habitat,2016-09-30,188020.1545047115,30,30,30,0,323611.5108169496,196894.9406508499,60.84299663933253,0.9549262864916581,4.507371350834188,1.0472012490869216,operativo,True,True,95.49262864916581,60.84299663933253
2016-09,Integra,2016-09-30,4955936.303661499,91,91,76,15,8192471.841017909,5033689.759476021,61.442869223833526,0.9845533873699408,1.5446612630059198,1.0156889538223235,estricto,True,True,98.45533873699408,61.442869223833526
2016-09,Prima,2016-09-30,4381323.125361563,49,49,41,8,7694725.444623553,4455689.592657677,57.9057644710501,0.9833097737735906,1.6690226226409366,1.016973518083074,estricto,True,True,98.33097737735906,57.90576447105009
2016-09,Profuturo,2016-09-30,3575642.56519726,61,61,47,14,5784426.284173256,3630035.7666134513,62.755329366813385,0.9850157946330826,1.4984205366917358,1.0152121473062257,estricto,True,True,98.50157946330826,62.755329366813385
2016-10,Habitat,2016-10-31,194666.5916126243,29,29,29,0,329047.6606406698,196157.98031388453,59.61385044706186,0.9923970021567627,0.7602997843237258,1.0076612462821972,estricto,True,True,99.23970021567628,59.61385044706186
2016-10,Integra,2016-10-31,4674006.812778459,89,89,74,15,8063423.866682603,4856039.442600186,60.22304572955585,0.9625141780717792,3.748582192822081,1.038945734808101,operativo,True,True,96.25141780717792,60.22304572955587
2016-10,Prima,2016-10-31,4348405.052457279,51,51,43,8,7563482.976868001,4411224.3782738075,58.32265890946015,0.9857592086845713,1.4240791315428658,1.0144465212092029,estricto,True,True,98.57592086845713,58.32265890946016
2016-10,Profuturo,2016-10-31,3446341.7845454803,62,62,48,14,5694191.291384066,3505199.0818873853,61.55745219151901,0.9832085721903666,1.6791427809633386,1.017078195089599,estricto,True,True,98.32085721903667,61.557452191519005
2016-11,Habitat,2016-11-30,201460.5282697559,33,33,33,0,346380.9690202195,203159.4996907604,58.652038610961114,0.9916372533719043,0.8362746628095663,1.0084332719446143,estricto,True,True,99.16372533719043,58.652038610961114
2016-11,Integra,2016-11-30,4540291.698691927,89,89,74,15,8016294.684006676,4882797.284523011,60.91090057186508,0.9298546374397473,7.014536256025272,1.0754369121106826,ampliado,False,True,92.98546374397473,60.91090057186507
2016-11,Prima,2016-11-30,4003184.591952787,53,53,45,8,7522327.39633184,4036560.6872013276,53.66106092603337,0.9917315512301436,0.826844876985644,1.0083373860190294,estricto,True,True,99.17315512301435,53.66106092603336
2016-11,Profuturo,2016-11-30,3460103.7094939244,61,61,47,14,5701852.224233276,3514890.3450325704,61.64471134649962,0.9844129886964829,1.558701130351714,1.0158338131277167,estricto,True,True,98.44129886964829,61.644711346499605
2016-12,Habitat,2016-12-30,209959.2490461087,33,33,33,0,366619.569256107,214729.971059281,58.57024258006221,0.9777826914909087,2.2217308509091316,1.0227221331512983,operativo,True,True,97.77826914909087,58.57024258006221
2016-12,Integra,2016-12-30,4311039.418398128,89,89,74,15,8103597.843627667,4518894.721671818,55.764054545541015,0.9540030657769359,4.599693422306405,1.0482146608046845,operativo,True,True,95.4003065776936,55.76405454554102
2016-12,Prima,2016-12-30,4079154.958345326,50,50,42,8,7546367.293030228,4144762.8534795376,54.923948073765395,0.9841708928945998,1.5829107105400197,1.0160836976786056,estricto,True,True,98.41708928945998,54.923948073765395
2016-12,Profuturo,2016-12-30,3425634.4375292663,63,63,49,14,5727589.83741227,3478915.9241161007,60.73961339535931,0.9846844569546843,1.5315543045315683,1.0155537572845232,estricto,True,True,98.46844569546843,60.73961339535929
2017-01,Habitat,2017-01-31,232282.45694839078,38,38,38,0,382509.0682600975,236945.8823454843,61.94516731937096,0.9803186054514595,1.9681394548540454,1.020076528629666,estricto,True,True,98.03186054514596,61.94516731937097
2017-01,Integra,2017-01-31,4336351.175747409,90,90,75,15,7924304.098231238,4495375.377949022,56.728960956362364,0.9646249336636786,3.537506633632137,1.0366723532658084,operativo,True,True,96.46249336636787,56.728960956362364
2017-01,Prima,2017-01-31,4175751.446257607,50,50,42,8,7388134.725551115,4273772.642131557,57.84643622362686,0.9770644804761862,2.2935519523813785,1.0234739057473832,operativo,True,True,97.70644804761862,57.84643622362688
2017-01,Profuturo,2017-01-31,3310369.7361351578,64,64,50,14,5594966.975299072,3389828.101686778,60.58709759418337,0.9765597655196493,2.344023448035071,1.024002867318497,operativo,True,True,97.65597655196493,60.58709759418336
2017-02,Habitat,2017-02-28,248834.1760880695,38,38,38,0,410548.97519140167,261269.13352621108,63.63896862838472,0.9524055625311971,4.7594437468802875,1.0499728680104636,operativo,True,True,95.2405562531197,63.63896862838472
2017-02,Integra,2017-02-28,4347014.154525761,90,90,75,15,7918915.967216716,4495836.911230366,56.77338830014802,0.9668976522851944,3.310234771480558,1.034235627355771,operativo,True,True,96.68976522851945,56.773388300147985
2017-02,Prima,2017-02-28,4566124.379304701,50,50,42,8,7352411.117666074,4613308.53089161,62.74551921895309,0.9897721664894176,1.022783351058243,1.0103335230640593,estricto,True,True,98.97721664894176,62.74551921895309
2017-02,Profuturo,2017-02-28,3408330.6351764994,64,64,50,14,5593590.2592620505,3489142.9464372573,62.37752113966195,0.9768389221934072,2.3161077806592822,1.0237102323426943,operativo,True,True,97.68389221934072,62.37752113966195
2017-03,Habitat,2017-03-31,261658.1112194835,37,37,37,0,432485.7539912481,265995.7675220837,61.503937428530065,0.9836927619450182,1.6307238054981799,1.0165775724757171,estricto,True,True,98.36927619450182,61.503937428530065
2017-03,Integra,2017-03-31,4553005.691758248,89,89,74,15,8000115.732324122,4633546.094262261,57.9184882981207,0.982617977491635,1.7382022508364958,1.0176895018272887,estricto,True,True,98.2617977491635,57.91848829812071
2017-03,Prima,2017-03-31,4566656.516151882,48,48,40,8,7371522.950974114,4616013.912130794,62.61954202449857,0.9893073554546269,1.069264454537311,1.0108082129243439,estricto,True,True,98.9307355454627,62.619542024498585
2017-03,Profuturo,2017-03-31,3611381.1229861067,64,64,49,15,5654358.960353846,3696155.523232089,65.36825039138984,0.9770641685088371,2.293583149116285,1.0234742325329225,operativo,True,True,97.70641685088371,65.36825039138984
2017-04,Habitat,2017-04-28,282213.8908737738,41,41,41,0,462335.6335894474,288467.37875471124,62.39349896418958,0.9783216809195784,2.1678319080421615,1.0221586820605315,operativo,True,True,97.83216809195784,62.39349896418959
2017-04,Integra,2017-04-28,4709824.538094349,89,89,74,15,8022724.288384457,4766321.08678045,59.41025660923278,0.9881467178443357,1.185328215566428,1.0119954678203278,estricto,True,True,98.81467178443357,59.41025660923278
2017-04,Prima,2017-04-28,4580450.535629556,50,50,42,8,7436074.56880697,4630478.973818339,62.27047524835736,0.9891958394646311,1.0804160535368923,1.0109221653633484,estricto,True,True,98.9195839464631,62.27047524835735
2017-04,Profuturo,2017-04-28,3499419.3099818407,59,59,44,15,5687032.767382996,3463124.955520129,60.895111689566654,1.0104802324281887,1.048023242818874,0.9896284636830502,estricto,True,True,101.04802324281887,60.89511168956665
2017-05,Habitat,2017-05-31,307565.6505783582,39,39,39,0,505643.73157973425,311969.9601453434,61.69758283578154,0.9858822639047258,1.4117736095274225,1.0143199006738988,estricto,True,True,98.58822639047258,61.69758283578154
2017-05,Integra,2017-05-31,4906484.102796385,90,90,75,15,8101887.160103979,4967709.756541574,61.31546463648624,0.9876752755805497,1.2324724419450317,1.0124785187238852,estricto,True,True,98.76752755805497,61.31546463648624
2017-05,Prima,2017-05-31,4544464.579115798,42,42,34,8,7530812.118061064,4614996.581022181,61.28152593203175,0.984716781330581,1.5283218669418952,1.0155204206520863,estricto,True,True,98.4716781330581,61.281525932031755
2017-05,Profuturo,2017-05-31,3674173.7570081484,61,61,46,15,5811523.359167876,3784761.172244295,65.12511330224123,0.9707808735602278,2.9219126439772203,1.0300985806741478,operativo,True,True,97.07808735602278,65.12511330224123
2017-06,Habitat,2017-06-30,331838.394506536,43,43,43,0,531577.8038346671,336872.1211843523,63.37211951933329,0.9850574554518816,1.4942544548118386,1.0151692111616613,estricto,True,True,98.50574554518816,63.37211951933329
2017-06,Integra,2017-06-30,4822358.425354035,91,91,75,16,8065987.105113329,4967909.1290521575,61.590838967530885,0.9707018184276062,2.9298181572393833,1.030182473151078,operativo,True,True,97.07018184276062,61.59083896753089
2017-06,Prima,2017-06-30,4705084.981961172,41,41,33,8,7516525.866164558,4774294.668053958,63.517305109602816,0.9855036836004519,1.449631639954807,1.0147095507005992,estricto,True,True,98.5503683600452,63.517305109602816
2017-06,Profuturo,2017-06-30,3737676.6870328845,62,62,46,16,5790860.057386198,3841780.568819244,66.34214142196515,0.9729021791011986,2.7097820898801417,1.0278525647088543,operativo,True,True,97.29021791011986,66.34214142196515
2017-07,Habitat,2017-07-31,355453.3373210304,42,42,42,0,559709.6004750174,361496.5058165268,64.58644009495818,0.9832829131173855,1.671708688261453,1.017001299076392,estricto,True,True,98.32829131173855,64.58644009495816
2017-07,Integra,2017-07-31,4977619.2016694,92,92,76,16,8158145.435290243,5048033.800642981,61.87722247272473,0.9860510840944423,1.394891590555769,1.0141462406264357,estricto,True,True,98.60510840944423,61.87722247272474
2017-07,Prima,2017-07-31,4822470.852897353,40,40,32,8,7591043.852523681,4895449.047439092,64.48980064594903,0.985092645468363,1.4907354531637051,1.0151329467337047,estricto,True,True,98.50926454683629,64.48980064594905
2017-07,Profuturo,2017-07-31,3802574.8776425985,62,62,46,16,5849325.501837156,3929356.068588901,67.17622514518587,0.9677348683261907,3.226513167380929,1.0333408795423642,operativo,True,True,96.77348683261907,67.17622514518587
2017-08,Habitat,2017-08-31,364510.9661335708,41,41,41,0,600316.4208150292,369071.41288385855,61.47947983544791,0.987643457089637,1.2356542910363033,1.012511137315459,estricto,True,True,98.7643457089637,61.479479835447925
2017-08,Integra,2017-08-31,5001535.374073622,92,92,76,16,8144463.619834632,5109453.319197881,62.73529550496813,0.9788787687483559,2.1121231251644113,1.0215769632828495,operativo,True,True,97.88787687483558,62.735295504968136
2017-08,Prima,2017-08-31,4812876.354694627,42,42,34,8,7566208.053785133,4853974.835235037,64.15333547174595,0.9915330256263227,0.8466974373677272,1.0085392762064873,estricto,True,True,99.15330256263228,64.15333547174595
2017-08,Profuturo,2017-08-31,3811707.802976717,63,63,46,17,5872998.127073809,3928893.5565772275,66.89757891230214,0.9701733447564813,2.9826655243518685,1.030743635046998,operativo,True,True,97.01733447564813,66.89757891230214
2017-09,Habitat,2017-09-29,409236.0771104656,43,43,43,0,663025.2037397914,412064.899164167,62.14920591855577,0.993135008442992,0.6864991557008038,1.0069124454365683,estricto,True,True,99.3135008442992,62.149205918555786
2017-09,Integra,2017-09-29,5327884.830103254,93,93,77,16,8465973.436279638,5412368.507160817,63.93084679390723,0.9843906273296456,1.5609372670354449,1.0158568887563446,estricto,True,True,98.43906273296456,63.930846793907214
2017-09,Prima,2017-09-29,4917569.183985925,44,44,36,8,7858206.347557408,4963387.852359039,63.161841682890206,0.9907686705661464,0.923132943385363,1.009317340876936,estricto,True,True,99.07686705661463,63.161841682890206
2017-09,Profuturo,2017-09-29,3913991.8157620956,65,65,47,18,6090561.410239922,4098407.2138141217,67.29112372011492,0.9550031540471542,4.499684595284581,1.0471169605693513,operativo,True,True,95.50031540471542,67.29112372011492
2017-10,Habitat,2017-10-31,431937.7668920552,45,45,45,0,715071.3435534118,434519.3697747007,60.765876536939494,0.9940587162225148,0.5941283777485151,1.0059767936043682,estricto,True,True,99.40587162225148,60.7658765369395
2017-10,Integra,2017-10-31,5269885.564958403,93,93,77,16,8765541.73657365,5340200.993096652,60.92265776129972,0.9868328124298791,1.316718757012092,1.013342875717417,estricto,True,True,98.6832812429879,60.92265776129972
2017-10,Prima,2017-10-31,4784712.506250045,43,43,35,8,8059085.306132185,4836995.618188183,60.019163893298106,0.9891909945625046,1.0809005437495411,1.0109271167013363,estricto,True,True,98.91909945625046,60.01916389329812
2017-10,Profuturo,2017-10-31,3798221.2143887673,58,58,40,18,6263347.363690533,3926209.832209405,62.68548755526752,0.9674014830357107,3.259851696428928,1.033696988826185,operativo,True,True,96.74014830357108,62.685487555267514
2017-11,Habitat,2017-11-30,445221.0077479724,48,48,48,0,733868.729246038,445611.20423909137,60.72083282481642,0.9991243566422768,0.08756433577231659,1.0008764107810022,estricto,True,True,99.91243566422769,60.72083282481642
2017-11,Integra,2017-11-30,5304459.349682701,96,96,79,17,8663535.869756972,5350885.541574829,61.76329875027031,0.9913236432490641,0.8676356750935921,1.0087522947828613,estricto,True,True,99.1323643249064,61.76329875027032
2017-11,Prima,2017-11-30,4776214.491386697,44,44,36,8,7936792.127765763,4814592.697131294,60.66169580387661,0.9920287741541535,0.797122584584653,1.0080352768523708,estricto,True,True,99.20287741541534,60.661695803876626
2017-11,Profuturo,2017-11-30,3702342.413699701,57,57,39,18,6193349.84520311,3822997.900719073,61.72746568934859,0.968439562313995,3.1560437686005027,1.032588959511933,operativo,True,True,96.8439562313995,61.727465689348584
2017-12,Habitat,2017-12-29,479092.54597787664,52,52,52,0,767241.75,479377.07999999996,62.480574735117074,0.9994064505083904,0.05935494916096129,1.0005939020018408,estricto,True,True,99.94064505083904,62.48057799252973
2017-12,Integra,2017-12-29,5147618.873598163,97,97,80,17,8664398.2,5243938.96,60.52282905905383,0.9816321114458897,1.8367888554110312,1.0187115807846336,estricto,True,True,98.16321114458897,60.52282961787236
2017-12,Prima,2017-12-29,4788409.081124491,44,44,36,8,7947796.8,4838452.98,60.87791453693496,0.9896570455303858,1.0342954469614196,1.010451049195604,estricto,True,True,98.96570455303858,60.87791499651829
2017-12,Profuturo,2017-12-29,3736652.8435502555,58,58,40,18,6176104.55,3918018.42,63.43834248339687,0.9537098714176682,4.6290128582331835,1.0485369083089415,operativo,True,True,95.37098714176682,63.43834351055473
2018-01,Habitat,2018-01-31,509778.2437546707,56,56,56,0,855002.86,515297.92,60.26855603874947,0.98928837856491,1.0711621435089969,1.0108276026153553,estricto,True,True,98.928837856491,60.26856097300072
2018-01,Integra,2018-01-31,5380782.776702635,99,99,82,17,8935102.13,5393030.760000001,60.35779588428704,0.99772892389411,0.22710761058899465,1.0022762456329581,estricto,True,True,99.772892389411,60.35779649224894
2018-01,Prima,2018-01-31,4919389.246084944,46,46,38,8,8178473.71,4990143.62,61.01558513773358,0.9858211748392413,1.4178825160758746,1.0143827557397223,estricto,True,True,98.58211748392412,61.015585510759074
2018-01,Profuturo,2018-01-31,3809170.6145917713,62,62,44,18,6392519.21,3991914.86,62.44666105270891,0.9542214070647217,4.577859293527831,1.0479748123405634,operativo,True,True,95.42214070647216,62.446661931892734
2018-02,Habitat,2018-02-28,547151.1931458461,60,60,60,0,897822.1407232,547253.29662,60.95341959145548,0.9998134255658494,0.018657443415059927,1.000186609250666,estricto,True,True,99.98134255658493,60.953419591455486
2018-02,Integra,2018-02-28,5241652.938360791,99,99,82,17,8708486.2919432,5328386.5197615,61.186138912466156,0.9837223555237522,1.62776444762478,1.0165469905048374,estricto,True,True,98.37223555237522,61.186138912466845
2018-02,Prima,2018-02-28,5040200.140522801,45,45,37,8,7979568.768151999,5090865.6599375,63.798756647804424,0.9900477594972874,0.9952240502712595,1.0100522832431498,estricto,True,True,99.00477594972874,63.79875664780443
2018-02,Profuturo,2018-02-28,3820842.645932274,61,61,43,18,6210283.813345,3971699.3529477,63.95358847228782,0.9620170879995074,3.798291200049264,1.0394825751790722,operativo,True,True,96.20170879995074,63.95358847228678
2018-03,Habitat,2018-03-30,569312.6073892959,65,65,65,0,931733.2491112,569430.8281323,61.11522033537948,0.9997923878772215,0.020761212277853325,1.0002076552345227,estricto,True,True,99.97923878772215,61.11522033537948
2018-03,Integra,2018-03-30,5117399.52133213,98,98,81,17,8581648.7236735,5173735.0335406,60.288357169271855,0.9891112490602524,1.0888750939747616,1.0110086210727993,estricto,True,True,98.91112490602524,60.288357169272565
2018-03,Prima,2018-03-30,4699089.54364664,45,45,37,8,7837064.3071438,4755893.0972157,60.684625145675675,0.9880561752739323,1.1943824726067698,1.0120882041172976,estricto,True,True,98.80561752739322,60.68462514567492
2018-03,Profuturo,2018-03-30,3783518.713163814,60,60,42,18,6125442.738271601,3943122.4648672002,64.37285651583272,0.9595235113478117,4.047648865218834,1.042183946691762,operativo,True,True,95.95235113478117,64.37285651583481
2018-04,Habitat,2018-04-30,620653.137395569,64,64,64,0,997028.9216984999,620883.3943449999,62.273358458571565,0.9996291462269274,0.037085377307255474,1.000370991356617,estricto,True,True,99.96291462269275,62.27335845857781
2018-04,Integra,2018-04-30,5181782.217758674,98,98,81,17,8748741.5414007,5234728.8860698,59.83407855059077,0.9898854994282469,1.0114500571753116,1.0102178490114213,estricto,True,True,98.98854994282469,59.83407855059008
2018-04,Prima,2018-04-30,4847419.830111047,46,46,38,8,7968382.2474299,4922746.9034941,61.77849845345874,0.9846981624569026,1.530183754309744,1.0155396223193087,estricto,True,True,98.46981624569025,61.77849845345796
2018-04,Profuturo,2018-04-30,3792973.529524896,61,61,43,18,6224881.0358029,3971371.6453524996,63.7983540972233,0.9550789672287724,4.4921032771227605,1.0470338415069165,operativo,True,True,95.50789672287723,63.79835409722433
2018-05,Habitat,2018-05-31,614211.5149944037,61,61,61,0,1034363.9303319,615567.8418499,59.51172733298241,0.9977966248993446,0.22033751006553803,1.0022082406831931,estricto,True,True,99.77966248993447,59.511727332988166
2018-05,Integra,2018-05-31,5157029.472851992,98,98,82,16,8617597.9359451,5283218.2856743,61.307319335907344,0.9761151620093995,2.3884837990600483,1.0244692828471509,operativo,True,True,97.61151620093995,61.30731933590593
2018-05,Prima,2018-05-31,4772479.298300821,44,44,36,8,7766991.5938532,4792392.4506870005,61.702042454632,0.9958448410494168,0.415515895058316,1.0041724963360803,estricto,True,True,99.58448410494168,61.702042454632014
2018-05,Profuturo,2018-05-31,3760199.7206653855,56,56,38,18,6189402.487072,3918843.1962882,63.31537179030585,0.9595177791821126,4.048222081788744,1.0421901727057046,operativo,True,True,95.95177791821126,63.315371790307886
2018-06,Habitat,2018-06-29,632989.5227326005,63,63,62,1,1050733.595847,637221.6526503,60.645405759250735,0.9933584649860885,0.6641535013911515,1.0066859399179777,estricto,True,True,99.33584649860884,60.64540575926226
2018-06,Integra,2018-06-29,4881544.655953317,97,97,81,16,8374770.5455144,5099746.0378227,60.8941583546337,0.9572132846908309,4.278671530916911,1.0446992493663403,operativo,True,True,95.72132846908309,60.894158354632985
2018-06,Prima,2018-06-29,4447493.623618715,43,43,35,8,7518718.4380489,4523727.9881677,60.16621084352778,0.9831478893628476,1.6852110637152418,1.0171409721970455,estricto,True,True,98.31478893628476,60.16621084352779
2018-06,Profuturo,2018-06-29,3680690.740605491,53,53,35,18,6011248.020513901,3829452.3475407,63.7047803463158,0.9611532946660782,3.884670533392176,1.0404167634335768,operativo,True,True,96.11532946660782,63.704780346316845
2018-07,Habitat,2018-07-31,629015.672066342,68,68,67,1,1112058.5033316999,631137.1962281,56.753956229566306,0.9966385689602245,0.33614310397754865,1.0033727683680578,estricto,True,True,99.66385689602245,56.75395622957142
2018-07,Integra,2018-07-31,5063666.186471653,89,89,73,16,8566273.3522062,5337774.9823435,62.31151823994411,0.9486473677180933,5.135263228190667,1.0541324774931193,ampliado,False,True,94.86473677180933,62.31151823994483
2018-07,Prima,2018-07-31,4519330.45474338,44,44,36,8,7677281.370552099,4566736.788547199,59.48377515592931,0.9896192103905115,1.0380789609488517,1.0104896807787231,estricto,True,True,98.96192103905115,59.483775155928534
2018-07,Profuturo,2018-07-31,3711028.749281502,52,52,34,18,6178338.9143188,3873641.2724023997,62.69713148019118,0.958020758329011,4.197924167098899,1.0438187182334229,operativo,True,True,95.8020758329011,62.697131480193214
2018-08,Habitat,2018-08-31,664784.8145212956,66,66,65,1,1125005.5519213001,664832.6218341,59.095941411017016,0.9999280912048623,0.007190879513774284,1.0000719139663845,estricto,True,True,99.99280912048623,59.09594141101701
2018-08,Integra,2018-08-31,5042687.295482849,92,92,74,18,8423900.3487758,5132830.897839299,60.9317618362516,0.9824378390501044,1.75621609498956,1.0178761039648838,estricto,True,True,98.24378390501045,60.93176183625232
2018-08,Prima,2018-08-31,4713231.471219178,47,47,39,8,7510410.2835165,4762676.043106601,63.41432576006619,0.989618321414284,1.0381678585716037,1.0104905885037367,estricto,True,True,98.9618321414284,63.414325760065346
2018-08,Profuturo,2018-08-31,3701257.668014961,53,53,35,18,6087708.8741849,3772423.9581676,61.96787717896087,0.9811351293116038,1.8864870688396151,1.019227596815978,estricto,True,True,98.11351293116039,61.96787717896086
2018-09,Habitat,2018-09-28,718705.7663009232,70,70,69,1,1138654.7065356001,718740.7905132,63.12192681309501,0.9999512700367934,0.004872996320659517,1.0000487323379317,estricto,True,True,99.99512700367934,63.12192681308946
2018-09,Integra,2018-09-28,4997883.209490201,95,95,77,18,8341148.8416649,5088747.3720097,61.00775167313523,0.9821441003302127,1.785589966978729,1.01818052937831,estricto,True,True,98.21441003302127,61.00775167313741
2018-09,Prima,2018-09-28,4610360.201177202,43,43,35,8,7473652.765380099,4746847.6458172,63.51442587493268,0.9712467189124414,2.875328108755859,1.0296045078224358,operativo,True,True,97.12467189124413,63.51442587493268
2018-09,Profuturo,2018-09-28,3730532.481636042,50,50,31,19,6080904.6975163,3972996.4164024,65.33561392641361,0.9389720227872965,6.102797721270347,1.0649944574829233,ampliado,False,True,93.89720227872965,65.33561392641363
2018-10,Habitat,2018-10-31,658046.6924940401,70,70,69,1,1091540.7136539,658452.3094437,60.32320198478258,0.9993839843161875,0.06160156838125319,1.000616395393042,estricto,True,True,99.93839843161875,60.32320198479364
2018-10,Integra,2018-10-31,4796450.53367757,97,97,79,18,7938654.6646809,4878250.2012374,61.44933124425745,0.9832317605318642,1.676823946813577,1.0170542085205478,estricto,True,True,98.32317605318643,61.449331244256676
2018-10,Prima,2018-10-31,4387556.482453065,43,43,35,8,7073189.0767939,4428424.3636271,62.60859586174575,0.9907714623039057,0.922853769609433,1.0093144968816872,estricto,True,True,99.07714623039057,62.60859586174663
2018-10,Profuturo,2018-10-31,3434605.1038094503,52,52,33,19,5802779.9283416,3698921.6678343,63.74395916288855,0.9285422650813783,7.1457734918621725,1.076956900731233,ampliado,False,True,92.85422650813783,63.743959162887464
2018-11,Habitat,2018-11-30,681713.636106289,70,70,69,1,1119576.545989,683236.3692362,61.02632032476615,0.9977712938033242,0.22287061966758115,1.0022336844229907,estricto,True,True,99.77712938033243,61.02632032476616
2018-11,Integra,2018-11-30,4776796.744465435,96,96,78,18,8140179.0087594995,4855603.7948501,59.64984049644379,0.9837698762678602,1.6230123732139834,1.0164978864708811,estricto,True,True,98.37698762678602,59.64984049644452
2018-11,Prima,2018-11-30,4274649.657611269,46,46,38,8,7170562.2162012,4311999.1385348,60.13474269552129,0.9913382448085964,0.8661755191403553,1.0087374367293536,estricto,True,True,99.13382448085964,60.13474269552045
2018-11,Profuturo,2018-11-30,3646602.9582882854,56,56,36,20,5970817.9802236,3808469.0433032,63.78471184212147,0.9574983850007815,4.250161499921845,1.0443881845285659,operativo,True,True,95.74983850007816,63.78471184212147
2018-12,Habitat,2018-12-31,628563.8495588151,70,70,69,1,1075765.8154946,628642.4525154,58.43673813212127,0.9998749639699477,0.012503603005231678,1.0001250516660163,estricto,True,True,99.98749639699477,58.43673813211585
2018-12,Integra,2018-12-31,4567910.87869804,96,96,78,18,7789479.8228243,4632070.5616558,59.46572386108792,0.9861488114000523,1.3851188599947717,1.0140457387767703,estricto,True,True,98.61488114000522,59.46572386108716
2018-12,Prima,2018-12-31,4052189.2263548397,49,49,41,8,6855267.7669522995,4098719.1224026,59.78933663483723,0.9886476983032482,1.1352301696751832,1.0114826562750665,estricto,True,True,98.86476983032482,59.78933663483724
2018-12,Profuturo,2018-12-31,3452518.911390415,56,56,36,20,5744507.264636801,3592530.7815570002,62.53853665870859,0.9610269532315867,3.897304676841329,1.0405535418516214,operativo,True,True,96.10269532315867,62.538536658707486
2019-01,Habitat,2019-01-31,654115.2496128902,70,70,69,1,1103781.2491726,655582.5148145,59.3942427728255,0.9977618908856577,0.22381091143423015,1.0022431294828826,estricto,True,True,99.77618908856577,59.3942427728255
2019-01,Integra,2019-01-31,4391589.407927199,94,94,77,17,8020952.9307686,4778637.4449192,59.57692915249848,0.919004519289589,8.099548071041095,1.0881339308026714,ampliado,False,True,91.9004519289589,59.57692915249774
2019-01,Prima,2019-01-31,4064023.6820961144,47,47,39,8,7069937.6745684,4095040.3878077003,57.92187394435034,0.992425787593223,0.7574212406777026,1.007632018939316,estricto,True,True,99.2425787593223,57.92187394435116
2019-01,Profuturo,2019-01-31,3627086.4657646283,65,65,45,20,5938238.0641223,3873946.2443714,65.23730107381478,0.9362769220235196,6.372307797648036,1.0680600754729268,ampliado,False,True,93.62769220235197,65.23730107381589
2019-02,Habitat,2019-02-28,642815.323335504,71,71,70,1,1110900.6265888999,641729.9660467,57.7666400294667,1.0016912990607096,0.1691299060709639,0.9983115566020234,estricto,True,True,100.16912990607096,57.76664002946672
2019-02,Integra,2019-02-28,4521025.477083125,95,95,77,18,8045850.673778,4750980.621794,59.04882919686521,0.9515983829409848,4.840161705901524,1.050863492337415,operativo,True,True,95.15983829409848,59.04882919686521
2019-02,Prima,2019-02-28,4206895.4833764685,49,49,41,8,7091003.2448684,4256298.5553551,60.02392621150396,0.9883929495696503,1.1607050430349708,1.0117433561574913,estricto,True,True,98.83929495696503,60.023926211503124
2019-02,Profuturo,2019-02-28,3539248.5302739907,66,66,46,20,5978271.0117408,3710473.6995373,62.066000223982066,0.9538535553332015,4.614644466679851,1.0483789617481465,operativo,True,True,95.38535553332015,62.066000223982066
2019-03,Habitat,2019-03-29,620599.8763443291,75,75,74,1,1114819.3162721,622082.0126103,55.801151229651,0.9976174584123535,0.23825415876465028,1.0023882316488708,estricto,True,True,99.76174584123535,55.801151229645995
2019-03,Integra,2019-03-29,4625730.69432424,100,100,83,17,8113574.8202741,4820987.9796133,59.41878994653176,0.959498491571696,4.050150842830402,1.0422111225646233,operativo,True,True,95.9498491571696,59.418789946531035
2019-03,Prima,2019-03-29,4043197.3922361145,47,47,39,8,7088678.9373498,4119209.6635352,58.10969434419525,0.9815468797395833,1.8453120260416678,1.0188000396530348,estricto,True,True,98.15468797395833,58.109694344193606
2019-03,Profuturo,2019-03-29,3634886.474330166,64,64,44,20,6035112.056976,3781197.1804274996,62.65330526972867,0.9613057190313488,3.869428096865124,1.0402517952432877,operativo,True,True,96.13057190313488,62.653305269730744
2019-04,Habitat,2019-04-30,685654.9231890069,78,78,77,1,1160738.0945698,688471.4508297,59.31324680827196,0.9959090131663428,0.4090986833657162,1.004107791755645,estricto,True,True,99.59090131663429,59.31324680826173
2019-04,Integra,2019-04-30,4606233.933981671,103,103,84,19,8093708.4834128,4870016.6474125,60.17039849400488,0.9458353569343587,5.416464306564128,1.057266460455866,ampliado,False,True,94.58353569343588,60.17039849400413
2019-04,Prima,2019-04-30,4061346.0986958104,45,45,37,8,7039004.7936822,4169404.6152493,59.232870802864,0.9740829862953878,2.591701370461219,1.0266065767180466,operativo,True,True,97.40829862953878,59.23287080286569
2019-04,Profuturo,2019-04-30,3577788.2583123976,65,65,45,20,6071594.0407314,3807695.7126746,62.71327903562851,0.9396203185047287,6.037968149527129,1.0642596592540239,ampliado,False,True,93.96203185047287,62.71327903563056
2019-05,Habitat,2019-05-31,579072.7575379054,74,74,72,2,1163537.785226,583945.9937542999,50.18711048054421,0.9916546456889556,0.834535431104444,1.0084155853525463,estricto,True,True,99.16546456889556,50.18711048054851
2019-05,Integra,2019-05-31,4199777.679829234,103,103,84,19,7819968.1546845,4587947.1854353,58.66964026812538,0.915393641226226,8.460635877377399,1.0924262032893723,ampliado,False,True,91.5393641226226,58.669640268124624
2019-05,Prima,2019-05-31,3724540.432535718,46,46,38,8,6734416.685572,3764295.5080307,55.89638544486774,0.9894389068525122,1.0561093147487766,1.0106738203585337,estricto,True,True,98.94389068525122,55.896385444866084
2019-05,Profuturo,2019-05-31,3368589.4628874245,65,65,44,21,5883715.8978384,3589427.4857114,61.00613197571364,0.9384754187950375,6.152458120496251,1.0655580103354838,ampliado,False,True,93.84754187950375,61.00613197571467
2019-06,Habitat,2019-06-28,694291.7216109431,76,76,74,2,1241938.7832913,695660.7857579,56.01409627568375,0.9980319946517248,0.1968005348275237,1.0019718860305296,estricto,True,True,99.80319946517248,56.01409627568824
2019-06,Integra,2019-06-28,4285633.524723137,104,104,84,20,7893502.875223,4561428.2443528,57.78712336535226,0.9395376393411196,6.046236065888044,1.064353313935652,ampliado,False,True,93.95376393411196,57.78712336535299
2019-06,Prima,2019-06-28,3753673.2813775213,45,45,37,8,6792537.1068175,3815632.6075983997,56.173894195863056,0.983761715921629,1.6238284078371024,1.016506318365071,estricto,True,True,98.3761715921629,56.17389419586305
2019-06,Profuturo,2019-06-28,3456679.7989879185,67,67,46,21,5923728.5429859,3614167.3966402,61.01169846683067,0.9564249299026146,4.357507009738537,1.0455603662504096,operativo,True,True,95.64249299026146,61.011698466831696
2019-07,Habitat,2019-07-31,726746.6325251453,78,78,76,2,1288869.3257692999,729610.0117923999,56.6085325490206,0.9960754660421665,0.39245339578335425,1.0039399966083167,estricto,True,True,99.60754660421665,56.60853254901621
2019-07,Integra,2019-07-31,4262017.120369834,98,98,78,20,7779189.207235,4476810.0954562,57.54854363604581,0.9520209768771802,4.797902312281977,1.0503970230574127,operativo,True,True,95.20209768771802,57.5485436360458
2019-07,Prima,2019-07-31,3394050.9651506697,41,41,33,8,6712286.5788621,3436103.9977405,51.191258855979974,0.9877614203128068,1.2238579687193218,1.0123902183619577,estricto,True,True,98.77614203128068,51.19125885597998
2019-07,Profuturo,2019-07-31,3418611.097341674,67,67,46,21,5833492.2371559,3617253.3536633,62.008368342782234,0.9450847820431335,5.4915217956866496,1.0581061286778397,ampliado,False,True,94.50847820431335,62.00836834278329
2019-08,Habitat,2019-08-30,687616.7686670485,80,80,78,2,1286895.2729003,708162.4670886,55.02875657416248,0.9709873095844531,2.9012690415546882,1.0298795773427392,operativo,True,True,97.09873095844532,55.028756574153924
2019-08,Integra,2019-08-30,3932624.766741177,94,94,74,20,7627649.0929086,4233981.833478,55.50834578132828,0.9288241946732035,7.117580532679646,1.0766300078475441,ampliado,False,True,92.88241946732036,55.50834578132755
2019-08,Prima,2019-08-30,3128555.429942679,37,37,29,8,6512272.1991451,3218871.1908724,49.42777409235072,0.9719417909030268,2.805820909697321,1.0288681990625226,operativo,True,True,97.19417909030268,49.42777409235072
2019-08,Profuturo,2019-08-30,3049526.413648294,67,67,46,21,5722851.6439957,3513373.5322443,61.39200788002951,0.8679767140217208,13.202328597827917,1.152104640418931,ampliado,False,True,86.79767140217209,61.39200788003058
2019-09,Habitat,2019-09-30,688758.2250243444,84,84,81,3,1303028.47097,701980.5775755,53.87300379192266,0.9811642188209495,1.8835781179050493,1.0191973788054411,estricto,True,True,98.11642188209495,53.87300379192267
2019-09,Integra,2019-09-30,3699688.6833534506,93,93,73,20,7603631.7011869,3958884.6853267,52.06570808405653,0.9345280242857441,6.547197571425589,1.0700588682338295,ampliado,False,True,93.45280242857442,52.06570808405584
2019-09,Prima,2019-09-30,3293878.630862494,37,37,29,8,6459536.0564487,3367807.5412929,52.13698804158993,0.9780483565275155,2.195164347248446,1.0224443334789928,operativo,True,True,97.80483565275155,52.13698804159074
2019-09,Profuturo,2019-09-30,3048615.6148252697,67,67,46,21,5631491.3060461,3324293.2262699003,59.03042454670582,0.917071812658969,8.292818734103102,1.0904271467035804,ampliado,False,True,91.70718126589689,59.030424546706875
2019-10,Habitat,2019-10-31,631394.3272773311,89,89,86,3,1301019.463803,633945.8827845,48.72685616335939,0.9959751209425612,0.4024879057438757,1.0040411441739927,estricto,True,True,99.59751209425612,48.726856163351904
2019-10,Integra,2019-10-31,3828626.0161470943,95,95,75,20,7649894.2651317,4052676.0992859,52.976890383415466,0.9447155218799044,5.528447812009563,1.0585197097323904,ampliado,False,True,94.47155218799044,52.97689038341408
2019-10,Prima,2019-10-31,3365723.451447539,39,39,31,8,6449506.2175312005,3405030.5217347,52.79521263936557,0.9884561768136116,1.1543823186388358,1.0116786393339168,estricto,True,True,98.84561768136116,52.795212639365566
2019-10,Profuturo,2019-10-31,3076822.840928298,59,59,38,21,5604990.6739502,3346252.0843502996,59.70129620201454,0.9194832796124165,8.051672038758351,1.087567356767513,ampliado,False,True,91.94832796124165,59.70129620201453
2019-11,Habitat,2019-11-29,746445.9906723299,92,92,89,3,1285348.1979042,748119.3451392001,58.20363278674462,0.997763251976115,0.22367480238849602,1.0022417622812374,estricto,True,True,99.7763251976115,58.20363278674462
2019-11,Integra,2019-11-29,3953669.775154866,99,99,79,20,7584983.786872,4183330.9983109003,55.152800795058646,0.9451008721880328,5.489912781196715,1.0580881146420578,ampliado,False,True,94.51008721880328,55.1528007950572
2019-11,Prima,2019-11-29,3476091.073544171,40,40,32,8,6349639.885663,3522470.5543731,55.47512327945841,0.9868332523684693,1.3166747631530695,1.013342423960613,estricto,True,True,98.68332523684693,55.47512327945666
2019-11,Profuturo,2019-11-29,3101062.1230591834,61,61,40,21,5562905.6514399005,3316497.5910115,59.6180808882347,0.9350412710878494,6.495872891215059,1.0694715098902277,ampliado,False,True,93.50412710878494,59.61808088823255
2019-12,Habitat,2019-12-31,651871.5027412345,81,81,78,3,1286379.1910555,654244.6068923,50.85938978501574,0.996372757029916,0.3627242970083988,1.0036404477586245,estricto,True,True,99.6372757029916,50.859389785019694
2019-12,Integra,2019-12-31,3878053.7413647673,91,91,71,20,7610224.8782774,4106935.9223109,53.966025813950246,0.9442693566990583,5.5730643300941685,1.0590198579521448,ampliado,False,True,94.42693566990583,53.96602581395097
2019-12,Prima,2019-12-31,3453847.0100330235,38,38,30,8,6385159.9441548,3508625.9937425,54.94969623986349,0.9843873402844382,1.5612659715561805,1.015860280883997,estricto,True,True,98.43873402844382,54.949696239863485
2019-12,Profuturo,2019-12-31,3110994.7034139847,65,65,44,21,5523486.6359209,3298490.9654874,59.71755130240341,0.943156957519297,5.684304248070305,1.0602689107338108,ampliado,False,True,94.3156957519297,59.71755130240233
2020-01,Habitat,2020-01-31,635211.1127608957,69,69,66,3,1285419.725325,636943.350894,49.551390751605126,0.9972803890162713,0.27196109837287485,1.0027270274375006,estricto,True,True,99.72803890162713,49.551390751605126
2020-01,Integra,2020-01-31,3816395.912288876,86,86,66,20,7503490.994143,4045267.333124,53.91180366952577,0.9434224237886459,5.657757621135406,1.059970565448452,ampliado,False,True,94.3422423788646,53.91180366954015
2020-01,Prima,2020-01-31,3384711.565541939,35,35,27,8,6256650.87381,3427282.896625,54.77823464581378,0.9875786935694795,1.242130643052053,1.012577535857548,estricto,True,True,98.75786935694795,54.77823464581378
2020-01,Profuturo,2020-01-31,2966282.5975159574,68,68,47,21,5461773.828176,3184494.0362659995,58.30512460691703,0.931476888866808,6.852311113319198,1.073563941255219,ampliado,False,True,93.1476888866808,58.30512460691703
2020-02,Habitat,2020-02-28,596546.5545355582,64,64,61,3,1237658.2106836,597636.2699415,48.287666561142565,0.9981766243771508,0.1823375622849177,1.0018267063947595,estricto,True,True,99.81766243771509,48.28766656114256
2020-02,Integra,2020-02-28,3639998.340359285,79,79,59,20,7132866.5976297995,3918459.1158503997,54.93526427583015,0.9289361539170526,7.106384608294736,1.0765002479269343,ampliado,False,True,92.89361539170527,54.93526427583092
2020-02,Prima,2020-02-28,3133231.301482162,36,36,28,8,5871434.032775,3166642.9185008,53.93304090319843,0.9894488839194865,1.0551116080513512,1.0106636292707891,estricto,True,True,98.94488839194865,53.933040903197515
2020-02,Profuturo,2020-02-28,2705670.7150029205,68,68,47,21,5163364.6601084,2881333.9650233,55.803418017018565,0.9390340543120765,6.096594568792346,1.0649241051567466,ampliado,False,True,93.90340543120766,55.80341801701857
2020-03,Habitat,2020-03-31,544768.9189959436,59,59,56,3,1069136.0994879,546612.1618492,51.126527493648275,0.9966278780790009,0.3372121920999116,1.003383531602085,estricto,True,True,99.66278780790009,51.126527493648275
2020-03,Integra,2020-03-31,2883651.201776892,77,77,57,20,6083661.758306,3160140.8387277,51.94471626258925,0.9125071789325297,8.749282106747025,1.095881789302547,ampliado,False,True,91.25071789325297,51.94471626258925
2020-03,Prima,2020-03-31,2401820.605367632,29,29,21,8,4910086.6525681,2527224.2231484,51.47005342210612,0.9503789111262392,4.962108887376083,1.0522119002145762,operativo,True,True,95.03789111262392,51.47005342210402
2020-03,Profuturo,2020-03-31,2402539.5699960683,65,65,44,21,4470328.1492261,2643543.3804534,59.13533172975209,0.9088330411979104,9.116695880208958,1.1003121086816172,ampliado,False,True,90.88330411979103,59.135331729753396
2020-04,Habitat,2020-04-30,526513.7330178795,69,69,66,3,1071906.9413283,557178.647125,51.98013238299361,0.9449639460066369,5.503605399336308,1.058241432623903,ampliado,False,True,94.49639460066369,51.98013238299847
2020-04,Integra,2020-04-30,2661478.3073706743,73,73,53,20,5698293.7464454,2928575.9584667,51.39390998039538,0.9087960650896456,9.12039349103544,1.1003568769868715,ampliado,False,True,90.87960650896456,51.39390998039629
2020-04,Prima,2020-04-30,2246286.8741515703,29,29,21,8,4707257.3346106,2350091.4536763,49.924856166179985,0.955829557457287,4.417044254271296,1.0462116307223392,operativo,True,True,95.5829557457287,49.92485616617999
2020-04,Profuturo,2020-04-30,2270136.8225005413,66,66,45,21,4272743.1819255,2523018.9411093,59.04915960739417,0.8997700276885066,10.022997231149343,1.1113951001112834,ampliado,False,True,89.97700276885065,59.049159607395566
2020-05,Habitat,2020-05-29,525763.2644555914,70,70,67,3,1126670.432102,527792.76582,46.845355197115964,0.996154738193019,0.3845261806980971,1.0038601049210047,estricto,True,True,99.6154738193019,46.84535519719911
2020-05,Integra,2020-05-29,2564315.662239492,73,73,53,20,5610805.361569,2893665.934252,51.573094195587096,0.8861823446466208,11.381765535337918,1.128435931996327,ampliado,False,True,88.61823446466208,51.5730941955687
2020-05,Prima,2020-05-29,2213391.5244683144,33,33,25,8,4724373.416346,2343816.753741,49.61116633228133,0.9443534870784963,5.564651292150369,1.0589255121974028,ampliado,False,True,94.43534870784963,49.611166332270834
2020-05,Profuturo,2020-05-29,2240056.6023635333,67,67,46,21,4310345.182889,2403956.450567,55.77178505588525,0.9318207914437014,6.817920855629856,1.073167726221977,ampliado,False,True,93.18207914437015,55.771785055872336
2020-06,Habitat,2020-06-30,569481.9752716334,78,78,75,3,1185926.208071,575745.98273,48.5482131021899,0.9891201890308209,1.0879810969179116,1.0109994832678926,estricto,True,True,98.91201890308209,48.548213102271774
2020-06,Integra,2020-06-30,2593963.1503582243,69,69,49,20,5659102.066943,2880603.939238,50.902137921565526,0.9004928150741888,9.950718492581123,1.1105030304074255,ampliado,False,True,90.04928150741888,50.90213792157452
2020-06,Prima,2020-06-30,2240526.8514566794,32,32,24,8,4769187.779913,2292437.163211,48.06766411810982,0.9773558409419562,2.2644159058043845,1.0231687969820897,operativo,True,True,97.73558409419562,48.0676641181199
2020-06,Profuturo,2020-06-30,2207562.8736662897,64,64,43,21,4305654.8151589995,2391094.81046,55.533825007121756,0.9232435552154445,7.6756444784555455,1.0831378073000941,ampliado,False,True,92.32435552154445,55.53382500709596
2020-07,Habitat,2020-07-31,577491.3787530749,72,72,69,3,1229195.074198,580600.728334,47.234221851468,0.9946445992414664,0.5355400758533579,1.0053842354974005,estricto,True,True,99.46445992414664,47.234221851468
2020-07,Integra,2020-07-31,2532484.197205995,70,70,50,20,5578892.888665,2810429.146005,50.37610870276122,0.9011023105869432,9.889768941305677,1.1097518985925567,ampliado,False,True,90.11023105869432,50.37610870277026
2020-07,Prima,2020-07-31,2038769.117354206,28,28,20,8,4751740.883123,2107474.017972,44.351619118324955,0.9673994079965418,3.2600592003458218,1.0336992060714334,operativo,True,True,96.73994079965418,44.35161911831562
2020-07,Profuturo,2020-07-31,2124249.733830173,62,62,41,21,4252287.158613,2304811.604796,54.20169237930247,0.9216587288131914,7.834127118680856,1.0850003029729753,ampliado,False,True,92.16587288131915,54.20169237930247
2020-08,Habitat,2020-08-31,639216.0209270301,71,71,68,3,1281138.214404,654275.872,51.0698896219318,0.9769824141200031,2.3017585879996916,1.0235598773809347,operativo,True,True,97.69824141200031,51.06988962189193
2020-08,Integra,2020-08-31,2883148.342538848,74,74,53,21,5699830.654789,3185788.072348,55.892679367113764,0.9050031819642983,9.49968180357017,1.104968490640566,ampliado,False,True,90.50031819642983,55.892679367084355
2020-08,Prima,2020-08-31,2581415.1145355757,32,32,24,8,4825931.86629,2640271.323183,54.710082867626504,0.9777082725814444,2.2291727418555563,1.0227999783204234,operativo,True,True,97.77082725814445,54.71008286763783
2020-08,Profuturo,2020-08-31,2352294.453228723,63,63,42,21,4353629.759051,2565519.7650099997,58.928294480618405,0.9168880650660488,8.31119349339512,1.090645672138795,ampliado,False,True,91.68880650660488,58.92829448063194
2020-09,Habitat,2020-09-30,634762.4331219457,69,69,66,3,1298280.674944,640038.945048,49.29896573212987,0.991755951779374,0.8244048220625966,1.0083125775104598,estricto,True,True,99.17559517793741,49.298965732167844
2020-09,Integra,2020-09-30,2845354.330487002,73,73,52,21,5641274.959844001,3138312.841918,55.63126889323313,0.9066509534938669,9.334904650613307,1.1029602915503518,ampliado,False,True,90.66509534938669,55.63126889324297
2020-09,Prima,2020-09-30,2545190.277670254,33,33,25,8,4782907.3501780005,2577455.45023,53.88888518057153,0.9874817729412677,1.251822705873229,1.0126769196169019,estricto,True,True,98.74817729412678,53.888885180560266
2020-09,Profuturo,2020-09-30,2364169.047718132,61,61,40,21,4330926.619203,2577865.704735,59.52226697411448,0.9171032623521264,8.289673764787365,1.0903897533144364,ampliado,False,True,91.71032623521263,59.52226697411448
2020-10,Habitat,2020-10-30,634754.7806022973,68,68,65,3,1300491.6691941,636351.7465983,48.93162806591756,0.9974904351177797,0.25095648822203165,1.0025158786429105,estricto,True,True,99.74904351177797,48.93162806591756
2020-10,Integra,2020-10-30,2790132.8611634513,70,70,49,21,5526919.9300513,3084610.0932666,55.8106528103423,0.9045334018889573,9.546659811104274,1.1055423690398583,ampliado,False,True,90.45334018889572,55.8106528103433
2020-10,Prima,2020-10-30,2493440.719783312,35,35,27,8,4699970.4741214,2533450.7994185,53.90354712584029,0.9842072797923009,1.5792720207699062,1.0160461322852965,estricto,True,True,98.4207279792301,53.90354712583799
2020-10,Profuturo,2020-10-30,2395241.5723368186,60,60,39,21,4257238.9254634,2588448.6429252,60.801112839667745,0.9253579663956405,7.464203360435951,1.0806628746009477,ampliado,False,True,92.53579663956405,60.801112839666324
2020-11,Habitat,2020-11-30,711424.5199534935,69,69,66,3,1428301.05682,717892.6975230001,50.26200142439397,0.9909900496385822,0.9009950361417829,1.0090918676375245,estricto,True,True,99.09900496385822,50.26200142435879
2020-11,Integra,2020-11-30,2999730.676770578,70,70,49,21,5948027.646846999,3437008.134596,57.78399729559683,0.8727738077126136,12.72261922873864,1.1457722392252168,ampliado,False,True,87.27738077126136,57.78399729560655
2020-11,Prima,2020-11-30,2629667.995431264,36,36,28,8,5043450.84327,2678139.078915,53.10132213320148,0.9819012074968962,1.8098792503103756,1.0184323966249538,estricto,True,True,98.19012074968963,53.101322133212
2020-11,Profuturo,2020-11-30,2545161.4275458213,61,61,40,21,4582500.810642,2780212.797845,60.670208533045454,0.9154556189075269,8.45443810924731,1.0923522444412603,ampliado,False,True,91.5455618907527,60.670208533045454
2020-12,Habitat,2020-12-31,740451.705083927,70,70,67,3,1500936.373948,746775.194403,49.753954089220734,0.9915322718718206,0.8467728128179419,1.0085400428895712,estricto,True,True,99.15322718718205,49.75395408925389
2020-12,Integra,2020-12-31,3059241.8411477716,74,74,53,21,6066560.694536,3506359.982252,57.79815217887939,0.8724836744180894,12.751632558191062,1.146153251139007,ampliado,False,True,87.24836744180894,57.79815217887939
2020-12,Prima,2020-12-31,2686596.9911428066,39,39,31,8,5156815.459782,2751225.529539,53.35125041794377,0.9765091819255463,2.3490818074453745,1.0240559111058567,operativo,True,True,97.65091819255463,53.35125041793343
2020-12,Profuturo,2020-12-31,2527559.919694778,61,61,40,21,4704903.818119,2793580.952646,59.375941796877534,0.904774181432167,9.522581856783297,1.105248160836221,ampliado,False,True,90.47741814321671,59.37594179689015
2021-01,Habitat,2021-01-29,765716.9321676255,68,68,65,3,1565397.3931893,769746.386018,49.17258642227819,0.9947652188778445,0.5234781122155474,1.0052623282587831,estricto,True,True,99.47652188778446,49.1725864222719
2021-01,Integra,2021-01-29,2900408.2221059613,68,68,47,21,6124979.331925,3352145.3978241,54.72908913099247,0.865239384899186,13.476061510081404,1.1557495156285746,ampliado,False,True,86.52393848991859,54.72908913099247
2021-01,Prima,2021-01-29,2611702.07415795,36,36,28,8,5245041.5948744,2692150.3677078,51.327531326703756,0.9701174590710745,2.9882540928925505,1.0308030132325823,operativo,True,True,97.01174590710745,51.327531326703756
2021-01,Profuturo,2021-01-29,2372086.23585766,61,61,40,21,4728583.5309022,2597158.7678549,54.92466720492446,0.9133389399281366,8.666106007186336,1.0948837898871169,ampliado,False,True,91.33389399281367,54.92466720492446
2021-02,Habitat,2021-02-26,861661.8785417401,77,77,74,3,1650602.3491077002,866194.3450855,52.47746954642083,0.9947673792036676,0.5232620796332355,1.00526014514119,estricto,True,True,99.47673792036676,52.47746954642082
2021-02,Integra,2021-02-26,2787147.1594636757,67,67,46,21,6236385.3769173,3278722.2609631,52.574080381539886,0.8500711367497692,14.99288632502308,1.1763721373054508,ampliado,False,True,85.00711367497692,52.57408038153988
2021-02,Prima,2021-02-26,2550840.211742185,38,38,30,8,5308802.1919835,2612690.6403729,49.214315129656114,0.9763269222635991,2.3673077736400927,1.024247080764213,operativo,True,True,97.63269222635991,49.21431512965704
2021-02,Profuturo,2021-02-26,2385368.8262887876,60,60,39,21,4849404.0784394,2602736.7004521,53.6712688477322,0.9164848775807575,8.351512241924253,1.0911254778580712,ampliado,False,True,91.64848775807575,53.67126884773219
2021-03,Habitat,2021-03-31,831053.7106115593,73,73,70,3,1677537.274717,867988.753927,51.741846038797966,0.9574475554569836,4.255244454301643,1.0444436296280546,operativo,True,True,95.74475554569835,51.741846038767115
2021-03,Integra,2021-03-31,2816534.1401944514,70,70,49,21,6096394.707917,3270117.586012,53.6401880568085,0.8612944538270544,13.870554617294562,1.1610431201044251,ampliado,False,True,86.12944538270544,53.640188056808505
2021-03,Prima,2021-03-31,2592214.6699320325,38,38,30,8,5217807.908842,2703361.682224,51.810295232254475,0.9588856300572667,4.1114369942733315,1.0428772406780962,operativo,True,True,95.88856300572667,51.81029523227433
2021-03,Profuturo,2021-03-31,2401622.6124998606,61,61,40,21,4787658.081896001,2656517.125624,55.486776210479206,0.9040493619764388,9.595063802356119,1.1061342909570704,ampliado,False,True,90.40493619764388,55.48677621046762
2021-04,Habitat,2021-04-30,932977.7469280593,77,77,74,3,1708710.291977,938987.87737,54.9530181786158,0.9935993524657907,0.6400647534209325,1.0064418797358563,estricto,True,True,99.35993524657907,54.95301817861581
2021-04,Integra,2021-04-30,2915315.224464463,72,72,51,21,5990917.328679,3331690.657694,55.61236242977046,0.8750257824003003,12.497421759969974,1.1428234688775463,ampliado,False,True,87.50257824003003,55.61236242978901
2021-04,Prima,2021-04-30,2468876.2193402164,39,39,31,8,5074556.9405580005,2592389.748758,51.08603133485484,0.9523553395175405,4.764466048245952,1.0500282389413558,operativo,True,True,95.23553395175405,51.08603133484476
2021-04,Profuturo,2021-04-30,2471944.7855915125,62,62,41,21,4702258.222444,2705334.889402,57.53267390738702,0.9137296810369836,8.62703189630164,1.0944155812746599,ampliado,False,True,91.37296810369835,57.53267390738702
2021-05,Habitat,2021-05-31,903801.7707028507,78,78,75,3,1775337.95631,918365.768223,51.72906741265015,0.9841413976608361,1.5858602339163919,1.0161141502398512,estricto,True,True,98.41413976608361,51.72906741270843
2021-05,Integra,2021-05-31,2948822.822711406,71,71,50,21,6291975.053313,3400616.136991,54.04687889219184,0.8671436892376336,13.285631076236637,1.1532114139920335,ampliado,False,True,86.71436892376336,54.04687889219183
2021-05,Prima,2021-05-31,2661817.7972727655,43,43,35,8,5244128.270303,2738295.661555,52.21641272702562,0.9720709982651016,2.792900173489843,1.0287314422349239,operativo,True,True,97.20709982651016,52.21641272700571
2021-05,Profuturo,2021-05-31,2469750.6967064324,63,63,42,21,4904089.082256,2709064.189015,55.24092534979855,0.9116619335640103,8.833806643598974,1.0968978337075508,ampliado,False,True,91.16619335640102,55.24092534976476
2021-06,Habitat,2021-06-30,908291.106369298,79,79,76,3,1739792.6080409999,924523.260197,53.13985448173674,0.9824426766458604,1.755732335413962,1.0178710918932001,estricto,True,True,98.24426766458603,53.13985448173675
2021-06,Integra,2021-06-30,2766878.135172474,57,57,36,21,5964853.073146,3263796.955967,54.71713914732855,0.8477482430743617,15.22517569256383,1.1795954850622832,excluir,False,False,84.77482430743618,54.71713914732855
2021-06,Prima,2021-06-30,2533144.180826206,44,44,36,8,5026584.437759,2636099.576027,52.44315715109576,0.9609440416678178,3.905595833218223,1.0406433222317468,operativo,True,True,96.09440416678177,52.44315715110619
2021-06,Profuturo,2021-06-30,2383472.8794500455,64,64,43,21,4664655.430505,2656827.964573,56.95657491006212,0.8971122373115763,10.28877626884237,1.1146877262501211,ampliado,False,True,89.71122373115763,56.956574910086545
2021-07,Habitat,2021-07-30,925440.1773401169,75,75,72,3,1707588.933188,936981.773993,54.87162371350955,0.987682154580555,1.2317845419445028,1.0124714670223804,estricto,True,True,98.7682154580555,54.87162371354168
2021-07,Integra,2021-07-30,2659590.0606364375,59,59,38,21,5625879.094301,3128004.984371,55.60028809614434,0.8502512220808515,14.974877791914853,1.176122978750519,ampliado,False,True,85.02512220808515,55.60028809612457
2021-07,Prima,2021-07-30,2413345.2328650537,45,45,37,8,4721812.195441,2516731.15291,53.30011124414094,0.9589205545751658,4.107944542483422,1.0428392584024166,operativo,True,True,95.89205545751658,53.300111244152234
2021-07,Profuturo,2021-07-30,2279822.647064811,64,64,43,21,4430888.378592,2645065.996198,59.69606476610274,0.8619152226605358,13.808477733946422,1.1602069132892536,ampliado,False,True,86.19152226605358,59.696064766102744
2021-08,Habitat,2021-08-31,878556.2140758618,77,77,74,3,1663598.3321702,887863.4496552,53.37006129941333,0.9895172668917134,1.0482733108286624,1.0105937849282967,estricto,True,True,98.95172668917134,53.37006129941011
2021-08,Integra,2021-08-31,2452544.0365453064,59,59,38,21,5287451.6386087,2868743.8414655,54.25569891775511,0.8549191465252688,14.50808534747312,1.1697012566210472,ampliado,False,True,85.49191465252687,54.255698917756156
2021-08,Prima,2021-08-31,2052025.0156849918,44,44,36,8,4409343.5325375,2150595.9587149,48.7736086527447,0.9541657545526079,4.583424544739212,1.048035936344082,operativo,True,True,95.41657545526078,48.77360865274359
2021-08,Profuturo,2021-08-31,2116871.9278525487,64,64,43,21,4188530.1487901,2468659.7698994,58.93856990888412,0.8574984506426387,14.250154935736125,1.166182865112544,ampliado,False,True,85.74984506426388,58.93856990888552
2021-09,Habitat,2021-09-30,872237.2083023755,83,83,80,3,1709259.8430939,884376.3612295,51.740311152960984,0.9862737704677587,1.372622953224134,1.0139172610518998,estricto,True,True,98.62737704677586,51.74031115296703
2021-09,Integra,2021-09-30,2212933.102824205,58,58,37,21,5113690.6562802,2641485.5918263,51.65516980543796,0.8377608076575584,16.223919234244157,1.193658131127039,excluir,False,False,83.77608076575585,51.65516980543694
2021-09,Prima,2021-09-30,1906058.0099675946,44,44,36,8,4421299.728732,2035175.584163,46.03116072265747,0.9365570345870147,6.344296541298533,1.0677406319850677,ampliado,False,True,93.65570345870147,46.03116072265644
2021-09,Profuturo,2021-09-30,2020774.3143849792,64,64,43,21,4140104.5896183997,2330230.9460207,56.28434972062927,0.8671991580215793,13.280084197842069,1.1531376509651963,ampliado,False,True,86.71991580215793,56.284349720630644
2021-10,Habitat,2021-10-29,875006.3105917276,77,77,74,3,1850103.9227614,902481.6169545,48.78004991241182,0.9695558271253324,3.0444172874667608,1.0314001236678991,operativo,True,True,96.95558271253324,48.78004991241182
2021-10,Integra,2021-10-29,2121381.0569266113,57,57,36,21,5332214.279886,2545797.7425007997,47.74372538073011,0.8332873509592819,16.671264904071815,1.2000662182724822,excluir,False,False,83.32873509592818,47.74372538072922
2021-10,Prima,2021-10-29,2012059.9100460464,44,44,36,8,4647624.3249525,2134897.4098471,45.93524047081665,0.9424621065000726,5.7537893499927435,1.0610506174233363,ampliado,False,True,94.24621065000726,45.935240470816645
2021-10,Profuturo,2021-10-29,2134637.371894699,67,67,46,21,4408463.8718389,2402370.1995963003,54.49449670989943,0.8885547166100414,11.144528338995862,1.1254230958506841,ampliado,False,True,88.85547166100413,54.4944967098982
2021-11,Habitat,2021-11-30,942725.1655238615,81,81,78,3,1953923.188167,962440.893085,49.256843816254516,0.9795148692217952,2.0485130778204796,1.0209135475344848,operativo,True,True,97.95148692217953,49.256843816254516
2021-11,Integra,2021-11-30,2081694.8305662884,60,60,40,20,5438724.32982,2553916.963246,46.95801457048762,0.8150988699023627,18.490113009763732,1.2268450330691612,excluir,False,False,81.50988699023627,46.958014570496246
2021-11,Prima,2021-11-30,1772360.9567255946,38,38,31,7,4706515.482027,1987897.718672,42.23714393935985,0.8915755272910152,10.84244727089848,1.1216099695316049,ampliado,False,True,89.15755272910152,42.237143939359854
2021-11,Profuturo,2021-11-30,1934207.4403958612,73,73,52,21,4532828.154711,2277758.222592,50.25026638668653,0.849171532435435,15.082846756456503,1.1776183748552982,excluir,False,False,84.9171532435435,50.250266386664364
2021-12,Habitat,2021-12-31,956755.954625715,80,80,77,3,2026764.7981602,970934.446081,47.905630044611776,0.9853970661845257,1.4602933815474284,1.0148193396515954,estricto,True,True,98.53970661845257,47.90563004460941
2021-12,Integra,2021-12-31,1976399.3687418208,60,60,40,20,5447923.8908397,2478807.544241,45.50003990343891,0.7973186031862695,20.268139681373054,1.2542037724991852,excluir,False,False,79.73186031862694,45.500039903438086
2021-12,Prima,2021-12-31,1725674.39953856,38,38,31,7,4725269.3470609,1871322.1915751002,39.60244494293421,0.9221685112845546,7.783148871544543,1.0844005057243047,ampliado,False,True,92.21685112845546,39.602444942933374
2021-12,Profuturo,2021-12-31,1966537.500543536,73,73,52,21,4643119.0106575005,2254318.7500656,48.55181925966658,0.8723422543889635,12.76577456110365,1.1463390601209098,ampliado,False,True,87.23422543889635,48.55181925966553
2022-01,Habitat,2022-01-31,719028.8777887695,81,81,78,3,2090523.99188,796876.480983,38.118504455239034,0.902309071666665,9.769092833333504,1.1082677005040955,ampliado,False,True,90.2309071666665,38.11850445525727
2022-01,Integra,2022-01-31,1843067.31827907,61,61,41,20,5504533.025365,2335918.772901,42.43627501436752,0.7890117326255086,21.098826737449137,1.267408276265308,excluir,False,False,78.90117326255086,42.43627501437523
2022-01,Prima,2022-01-31,1804199.816796032,45,45,38,7,4830702.35396,1952946.577368,40.42779774596262,0.9238347007052108,7.616529929478921,1.0824447265692103,ampliado,False,True,92.38347007052108,40.42779774595426
2022-01,Profuturo,2022-01-31,1964760.8514539108,76,76,55,21,4808992.360814,2285185.460347,47.5190079104164,0.8597817925708168,14.021820742918322,1.16308580693471,ampliado,False,True,85.97817925708168,47.51900791042628
2022-02,Habitat,2022-02-28,816255.9442264193,81,81,78,3,2205648.099688,834885.938476,37.85218224944141,0.9776855814776473,2.231441852235272,1.022823716484217,operativo,True,True,97.76855814776472,37.85218224947574
2022-02,Integra,2022-02-28,1904585.5847425633,65,65,45,20,5598970.570650999,2359985.601486,42.15034838470356,0.8070327139044037,19.296728609559633,1.2391071424626958,excluir,False,False,80.70327139044036,42.15034838469604
2022-02,Prima,2022-02-28,1801177.247394592,44,44,37,7,4889778.6486720005,1885705.818826,38.5642368359018,0.9551740411534427,4.482595884655726,1.0469296242519601,operativo,True,True,95.51740411534428,38.56423683591757
2022-02,Profuturo,2022-02-28,1839028.6059824622,81,81,60,21,4923893.348738,2208611.2201449997,44.854976818536635,0.8326628920511082,16.733710794889177,1.2009662127931369,excluir,False,False,83.26628920511082,44.85497681851841
2022-03,Habitat,2022-03-31,928677.9073516433,83,83,80,3,2328364.5839074,1047418.7562890999,44.985169570454225,0.8866347884029272,11.33652115970728,1.127860098746266,ampliado,False,True,88.66347884029273,44.9851695704523
2022-03,Integra,2022-03-31,1934781.8779024833,63,63,43,20,5724109.8017264,2414693.6365791,42.18461420587748,0.8012535621883244,19.874643781167556,1.248044373455107,excluir,False,False,80.12535621883245,42.18461420587748
2022-03,Prima,2022-03-31,1637571.0565844667,39,39,32,7,4923508.9926039,1875298.9756371,38.088667624131,0.8732319901300701,12.676800986992987,1.145171055690536,ampliado,False,True,87.32319901300701,38.088667624131
2022-03,Profuturo,2022-03-31,1763325.8110647558,87,87,66,21,5025192.418476501,2059463.0345008,40.9827696732292,0.856206584689768,14.379341531023204,1.1679424310458126,ampliado,False,True,85.6206584689768,40.9827696732292
2022-04,Habitat,2022-04-29,997005.478819671,82,82,79,3,2373179.300746,1099554.228837,46.33253915923501,0.9067360687377876,9.326393126221245,1.1028567567539687,ampliado,False,True,90.67360687377875,46.33253915923501
2022-04,Integra,2022-04-29,2045898.3141126574,59,59,39,20,5630561.319918,2658617.237862,47.21762337366247,0.769534735943382,23.046526405661805,1.2994864991689918,excluir,False,False,76.95347359433819,47.21762337366247
2022-04,Prima,2022-04-29,1464044.900125336,37,37,30,7,4867652.239759,1633495.223665,33.55817431497274,0.8962651857900901,10.373481420990993,1.115741206793014,ampliado,False,True,89.626518579009,33.55817431497274
2022-04,Profuturo,2022-04-29,1603483.2770053702,85,85,64,21,4975297.01921,1959085.028431,39.376242681930826,0.8184858001235273,18.151419987647266,1.2217682943907864,excluir,False,False,81.84858001235273,39.376242681930826
2022-05,Habitat,2022-05-31,986993.6712597128,85,85,82,3,2348616.8806718998,1030297.3190268,43.868258271740466,0.9579697559457973,4.203024405420274,1.0438742912219672,operativo,True,True,95.79697559457972,43.86825827173861
2022-05,Integra,2022-05-31,2109311.173891666,57,57,37,20,5239224.7199342,2611965.2806842,49.85404177733005,0.8075571254680441,19.244287453195586,1.2383024908862263,excluir,False,False,80.75571254680442,49.85404177733007
2022-05,Prima,2022-05-31,1498054.217301983,38,38,31,7,4571465.5107881,1901102.0957145,41.58627230651032,0.7879925127003568,21.200748729964324,1.2690475910400707,excluir,False,False,78.79925127003567,41.5862723065094
2022-05,Profuturo,2022-05-31,1461676.8565185498,88,88,67,21,4607915.2237768,1937439.4344548,42.045900160179045,0.7544374448690155,24.556255513098446,1.3254909426899122,excluir,False,False,75.44374448690155,42.045900160177226
2022-06,Habitat,2022-06-30,1061859.4777475104,83,83,80,3,2323773.072343,1089029.7258658998,46.86471922870934,0.975050958230928,2.494904176907198,1.0255874234658853,operativo,True,True,97.5050958230928,46.86471922870934
2022-06,Integra,2022-06-30,2039703.9905243965,60,60,40,20,5016396.2412834,2511757.1131176,50.07094719605104,0.8120625915109723,18.79374084890277,1.2314321709356666,excluir,False,False,81.20625915109723,50.07094719604904
2022-06,Prima,2022-06-30,1602443.128744776,40,40,33,7,4373844.8725364,1872347.368074,42.807813780286686,0.8558471339605841,14.41528660394159,1.1684329599519987,ampliado,False,True,85.5847133960584,42.80781378028669
2022-06,Profuturo,2022-06-30,1543413.00780222,87,87,66,21,4402762.2681785,1866315.2428458,42.38964380009291,0.8269840873446378,17.30159126553622,1.2092131097841299,excluir,False,False,82.69840873446378,42.38964380009387
2022-07,Habitat,2022-07-29,1075709.3499017048,80,80,77,3,2465679.3545173,1103666.3621772,44.76114707109846,0.9746689640695904,2.533103593040964,1.025989373689138,operativo,True,True,97.46689640695904,44.76114707109846
2022-07,Integra,2022-07-29,2023851.977016185,54,54,34,20,4995310.6640722,2427644.8079159,48.598475073357555,0.8336689001689808,16.633109983101924,1.19951697825996,excluir,False,False,83.36689001689808,48.59847507335756
2022-07,Prima,2022-07-29,1658431.2131805145,38,38,31,7,4363635.8621555,1864770.3446806,42.73432531007242,0.8893487704324108,11.065122956758922,1.12441826339265,ampliado,False,True,88.93487704324107,42.734325310074375
2022-07,Profuturo,2022-07-29,1742927.6017097272,87,87,66,21,4410935.621999,2163321.3317008,49.04450023962259,0.8056720821679506,19.43279178320494,1.241199766174273,excluir,False,False,80.56720821679507,49.04450023962037
2022-08,Habitat,2022-08-31,1037594.5705112838,84,84,81,3,2445354.0823046,1066533.7986998,43.61469802747619,0.9728660936729847,2.713390632701529,1.0278906896884166,operativo,True,True,97.28660936729847,43.61469802747975
2022-08,Integra,2022-08-31,1732569.4953165888,51,51,31,20,4586387.6422755,2136562.2052191,46.58485875735997,0.8109146043510197,18.90853956489803,1.2331754720342059,excluir,False,False,81.09146043510196,46.58485875736098
2022-08,Prima,2022-08-31,1441952.4941003893,39,39,32,7,4029060.5160678,1682825.8506815,41.76720215470756,0.8568637649085534,14.313623509144657,1.1670466659384557,ampliado,False,True,85.68637649085534,41.767202154706524
2022-08,Profuturo,2022-08-31,1383651.067280054,83,83,62,21,4131549.8206559,1789506.2653086,43.31319584631098,0.7732026951252076,22.679730487479244,1.2933219274902636,excluir,False,False,77.32026951252075,43.313195846310975
2022-09,Habitat,2022-09-30,1074140.3582078302,83,83,80,3,2460086.0429166,1108253.715207,45.04938834956539,0.9692188200850759,3.078117991492413,1.0317587517669355,operativo,True,True,96.92188200850758,45.04938834956722
2022-09,Integra,2022-09-30,1459737.9705475809,46,46,26,20,4304025.68999,1874078.078583,43.54244638784465,0.7789099009424924,22.109009905750764,1.2838455369356396,excluir,False,False,77.89099009424923,43.542446387845665
2022-09,Prima,2022-09-30,1138463.0139252725,37,37,30,7,3839578.8759673,1508886.7805138,39.298236323734024,0.7545052608503918,24.549473914960817,1.325371805721957,excluir,False,False,75.45052608503919,39.298236323734024
2022-09,Profuturo,2022-09-30,1140527.9039326464,76,76,55,21,3950788.3750628,1513938.9974072,38.319921334263114,0.7533512947918877,24.664870520811235,1.32740197954561,excluir,False,False,75.33512947918877,38.31992133426117
2022-10,Habitat,2022-10-31,1082690.5340411467,85,85,82,3,2619147.5311428,1135120.004527,43.339292309040665,0.9538115174811843,4.618848251881569,1.0484251675223946,operativo,True,True,95.38115174811843,43.339292309040665
2022-10,Integra,2022-10-31,1447520.177470735,49,49,29,20,4335157.1007616995,1837277.7675402,42.38088089627346,0.7878613691650537,21.213863083494633,1.2692588304713595,excluir,False,False,78.78613691650537,42.380880896274434
2022-10,Prima,2022-10-31,1010989.9992197276,35,35,28,7,3858239.9966064,1368682.4687217,35.474269872417345,0.7386592743925154,26.134072560748457,1.3538041620372465,excluir,False,False,73.86592743925155,35.47426987241734
2022-10,Profuturo,2022-10-31,1257795.1956712392,74,74,53,21,4009280.5138245,1482676.8844902,36.98112116071063,0.8483272443434069,15.16727556565931,1.1787903862193954,excluir,False,False,84.83272443434069,36.98112116071063
2022-11,Habitat,2022-11-30,1057795.9315873226,92,92,89,3,2751312.9728863,1091305.4201495,39.66489566632807,0.9692941243180238,3.0705875681976247,1.0316785946717466,operativo,True,True,96.92941243180238,39.66489566632807
2022-11,Integra,2022-11-30,1441160.8333549474,49,49,29,20,4378830.5102562,1794710.7413601,40.98607464153925,0.8030045177435006,19.69954822564994,1.2453230061644867,excluir,False,False,80.30045177435005,40.98607464153925
2022-11,Prima,2022-11-30,1169863.704533691,39,39,32,7,3904611.5753962,1356935.3690917,34.752121763967715,0.8621366434841843,13.786335651581572,1.1599089396765037,ampliado,False,True,86.21366434841843,34.752121763968596
2022-11,Profuturo,2022-11-30,1373603.185788576,74,74,53,21,4089492.9121765997,1594623.5797042,38.99318604896262,0.8613965096661729,13.860349033382713,1.1609055629764993,ampliado,False,True,86.13965096661728,38.993186048963565
2022-12,Habitat,2022-12-30,1271535.208499534,92,92,89,3,2746053.6190503,1308428.2084846,47.64758413337397,0.9718035733670135,2.8196426632986493,1.0290145327777445,operativo,True,True,97.18035733670135,47.6475841333757
2022-12,Integra,2022-12-30,1431281.0997646716,43,43,23,20,4257279.7350904,1804056.7836419998,42.3758102802642,0.7933680983562087,20.66319016437913,1.260448966969954,excluir,False,False,79.33680983562087,42.3758102802632
2022-12,Prima,2022-12-30,1182155.5198975306,41,41,34,7,3800255.9467865,1352524.3918903,35.590349987714916,0.8740363774477587,12.596362255224125,1.1441171395177658,ampliado,False,True,87.40363774477588,35.590349987715854
2022-12,Profuturo,2022-12-30,1352159.2122879117,75,75,54,21,3989539.2764808,1573311.8387783,39.43592805448275,0.8594349695721374,14.056503042786261,1.1635551675280817,ampliado,False,True,85.94349695721374,39.43592805448275
2023-01,Habitat,2023-01-31,1390825.0331919082,96,96,93,3,2950711.1122686,1427603.7294621,48.38168411425954,0.9742374613408656,2.576253865913436,1.0264437980281285,operativo,True,True,97.42374613408657,48.3816841142579
2023-01,Integra,2023-01-31,1444947.532905474,48,48,28,20,4356222.7716239,1826970.5926138,41.93932882667402,0.7908980794475869,20.910192055241307,1.264385419545415,excluir,False,False,79.08980794475869,41.93932882667401
2023-01,Prima,2023-01-31,1264833.8917567548,39,39,32,7,3917401.8860632,1448924.5641644,36.98687564630909,0.8729466826909578,12.705331730904224,1.1455453349308642,ampliado,False,True,87.29466826909578,36.98687564631005
2023-01,Profuturo,2023-01-31,1555228.1616046054,76,76,55,21,4114334.7278867,1808058.9749053,43.94535434004304,0.8601645096704121,13.983549032958786,1.1625683096169224,ampliado,False,True,86.01645096704121,43.945354340044105
2023-02,Habitat,2023-02-28,1362369.8483392207,98,98,95,3,2908926.8008692,1397097.517061,48.027936510591786,0.9751429887336469,2.485701126635309,1.0254906321980874,operativo,True,True,97.5142988733647,48.02793651059013
2023-02,Integra,2023-02-28,1365633.9826703116,46,46,26,20,4192661.7383758,1713591.0810671,40.871198012052616,0.7969427465856639,20.30572534143361,1.254795283957716,excluir,False,False,79.69427465856639,40.87119801205164
2023-02,Prima,2023-02-28,1021166.8120836621,32,32,25,7,3800350.8766084,1259937.3932902,33.153185960940974,0.8104901223837698,18.95098776162302,1.2338213290728997,excluir,False,False,81.04901223837699,33.15318596094009
2023-02,Profuturo,2023-02-28,1144321.354034337,73,73,52,21,3949439.1428292,1394283.6517452,35.303332987841095,0.8207234966873566,17.927650331264346,1.218437152142284,excluir,False,False,82.07234966873565,35.30333298784288
2023-03,Habitat,2023-03-31,1483718.567565878,103,103,100,3,3012278.306517,1521247.8714019998,50.50157112343529,0.9753299218742476,2.4670078125752393,1.025294085183345,operativo,True,True,97.53299218742477,50.50157112345206
2023-03,Integra,2023-03-31,1388182.0333647924,45,45,25,20,4178792.053245,1775624.49106,42.49133406102743,0.7817993277036211,21.820067229637885,1.2791006138842556,excluir,False,False,78.17993277036211,42.49133406102742
2023-03,Prima,2023-03-31,955682.9306084075,26,26,19,7,3735822.3087460003,1316078.3276840001,35.22861150552076,0.726159614139527,27.3840385860473,1.3771077054250174,excluir,False,False,72.6159614139527,35.2286115055019
2023-03,Profuturo,2023-03-31,1369073.0939595273,75,75,54,21,3918110.896405,1615007.611856,41.21903781075306,0.8477192825030467,15.228071749695326,1.1796357834958249,excluir,False,False,84.77192825030467,41.219037810742535
2023-04,Habitat,2023-04-28,1596656.3575668905,107,107,104,3,3082746.7288336,1633827.1471619,52.999071635705896,0.9772492520646517,2.275074793534826,1.02328039431832,operativo,True,True,97.72492520646517,52.99907163570591
2023-04,Integra,2023-04-28,1363399.287175773,49,49,29,20,4140234.90166,1773375.9338053,42.832737173783954,0.7688157153741219,23.118428462587815,1.3007018196985984,excluir,False,False,76.88157153741219,42.83273717378394
2023-04,Prima,2023-04-28,1090790.6454155594,31,31,24,7,3724083.3559793,1250822.7311256,33.587398872725956,0.8720585405687106,12.794145943128942,1.1467120078290303,ampliado,False,True,87.20585405687106,33.58739887272686
2023-04,Profuturo,2023-04-28,1234196.9750098165,72,72,51,21,3857753.7749900003,1534936.5754642,39.78835003455292,0.8040703405849633,19.59296594150367,1.2436722877658906,excluir,False,False,80.40703405849634,39.78835003455291
2023-05,Habitat,2023-05-31,1483539.1426640481,109,109,106,3,3066193.7942664,1518578.7533392,49.52650925648771,0.9769260497039726,2.3073950296027435,1.0236189323675209,operativo,True,True,97.69260497039726,49.5265092564877
2023-05,Integra,2023-05-31,1354209.0665843168,49,49,29,20,4037540.2875195,1730248.2828741,42.85401902297818,0.7826674818800295,21.733251811997047,1.2776818037692335,excluir,False,False,78.26674818800295,42.854019022980296
2023-05,Prima,2023-05-31,1135097.5991721088,36,36,29,7,3590888.5525888,1295703.4882433,36.08308832946601,0.8760473437569124,12.39526562430876,1.1414908191051856,ampliado,False,True,87.60473437569124,36.08308832946601
2023-05,Profuturo,2023-05-31,1323241.7607086445,77,77,56,21,3724782.7393471003,1534511.435639,41.197340704709625,0.8623212118048643,13.767878819513568,1.159660676683309,ampliado,False,True,86.23212118048643,41.19734070470852
2023-06,Habitat,2023-06-30,1601549.7480690074,112,112,109,3,3176959.4191632,1646030.8236154001,51.81151555436016,0.9729767663471253,2.7023233652874734,1.0277737707492531,operativo,True,True,97.29767663471253,51.81151555435854
2023-06,Integra,2023-06-30,1144844.3109060554,51,51,35,16,4000229.9693485,1697338.6970463,42.431027967193046,0.6744937312148174,32.550626878518266,1.4825934678427917,excluir,False,False,67.44937312148174,42.431027967193046
2023-06,Prima,2023-06-30,1206720.9817984295,40,40,33,7,3598295.2223337,1383997.944004,38.46260127334299,0.871909519104706,12.809048089529396,1.1469079968605227,ampliado,False,True,87.1909519104706,38.462601273344056
2023-06,Profuturo,2023-06-30,1347464.9964014331,80,80,59,21,3735256.1158399,1618054.4979993,43.31843514391931,0.8327686107405858,16.723138925941416,1.2008137519865143,excluir,False,False,83.27686107405859,43.31843514391699
2023-07,Habitat,2023-07-31,1707472.5891540477,120,120,117,3,3315349.7826037,1726931.9852240002,52.08898301728233,0.9887318109592901,1.126818904070992,1.0113966081760606,estricto,True,True,98.87318109592901,52.08898301728391
2023-07,Integra,2023-07-31,1389327.5577389284,54,54,38,16,4083571.9287213,1612937.5085820998,39.498202474107096,0.8613647772133823,13.863522278661765,1.160948330433384,ampliado,False,True,86.13647772133824,39.49820247410613
2023-07,Prima,2023-07-31,1225957.3873713058,34,34,27,7,3653833.1314890003,1422718.0865453,38.93768640620648,0.8617008520277013,13.82991479722987,1.1604955451150614,ampliado,False,True,86.17008520277012,38.93768640620755
2023-07,Profuturo,2023-07-31,1493787.8779777286,81,81,60,21,3792530.3381690998,1743626.6272084,45.975284881969216,0.8567131601846028,14.328683981539726,1.1672518253186657,ampliado,False,True,85.67131601846027,45.97528488197043
2023-08,Habitat,2023-08-31,1720746.300982191,121,121,118,3,3341947.186315,1744122.4415479999,52.18880922743234,0.9865971906507542,1.340280934924576,1.0135848849725644,estricto,True,True,98.65971906507542,52.188809227447955
2023-08,Integra,2023-08-31,1435294.6902899535,66,66,50,16,4075844.026975,1613612.30764,39.58964810627424,0.8894916601058613,11.050833989413867,1.1242376346518939,ampliado,False,True,88.94916601058614,39.58964810627425
2023-08,Prima,2023-08-31,1167961.3367122926,35,35,28,7,3636085.359945,1341439.063034,36.892397461590996,0.8706778927927264,12.932210720727355,1.1485303672894103,ampliado,False,True,87.06778927927265,36.89239746160114
2023-08,Profuturo,2023-08-31,1373824.8378934162,78,78,57,21,3744146.756938,1588605.829913,42.429048139441875,0.864799065963804,13.520093403619605,1.1563379741691984,ampliado,False,True,86.4799065963804,42.42904813945321
2023-09,Habitat,2023-09-29,1541046.0349322988,112,112,109,3,3314160.7729430003,1599860.2696516,48.273465871450775,0.9632378928116585,3.6762107188341497,1.0381651380854986,operativo,True,True,96.32378928116584,48.27346587144931
2023-09,Integra,2023-09-29,1413661.3110047616,66,66,50,16,4068698.8736045,1605769.0905015,39.46640290632006,0.8803640071084311,11.963599289156889,1.1358937802154305,ampliado,False,True,88.03640071084311,39.466402906316176
2023-09,Prima,2023-09-29,1301376.7379304382,37,37,30,7,3629146.8876767997,1517523.3098223999,41.81487707139468,0.8575662261706821,14.243377382931788,1.1660906988668758,ampliado,False,True,85.75662261706822,41.81487707139468
2023-09,Profuturo,2023-09-29,1402817.4728970448,58,58,38,20,3705069.667184,1604908.2023083,43.316545880987285,0.8740795709557762,12.592042904422385,1.1440606018357506,ampliado,False,True,87.40795709557761,43.31654588098728
2023-10,Habitat,2023-10-31,1675717.5097395715,116,116,113,3,3268179.439651,1764215.7281900002,53.981605379016024,0.9498370765908409,5.016292340915907,1.0528121344654222,ampliado,False,True,94.98370765908409,53.98160537899951
2023-10,Integra,2023-10-31,1319752.403161206,60,60,44,16,3965780.826145,1487328.239203,37.50404534202173,0.8873309659395755,11.26690340604245,1.1269752081075202,ampliado,False,True,88.73309659395755,37.5040453420312
2023-10,Prima,2023-10-31,1121992.3635325115,37,37,30,7,3537616.195421,1304852.703803,36.88508395828717,0.8598613163481663,14.013868365183368,1.1629782396154338,ampliado,False,True,85.98613163481663,36.88508395828717
2023-10,Profuturo,2023-10-31,1263571.9816820335,59,59,39,20,3594556.286705,1557393.8825,43.326456961039085,0.8113374502625437,18.866254973745633,1.2325327761912215,excluir,False,False,81.13374502625436,43.32645696105114
2023-11,Habitat,2023-11-30,1470708.0655671144,116,116,113,3,3353997.3235316,1534265.5082182,45.74438677853939,0.9585746780393328,4.142532196066718,1.0432155396024005,operativo,True,True,95.85746780393329,45.74438677854075
2023-11,Integra,2023-11-30,1412064.2714273275,59,59,43,16,3968172.262821,1598724.1223637,40.288677418130945,0.8832444895743504,11.675551042564958,1.1321893448572953,ampliado,False,True,88.32444895743504,40.288677418130945
2023-11,Prima,2023-11-30,1220507.7417165667,32,32,25,7,3503057.5780375,1368982.1949179,39.079637271757285,0.8915439121469089,10.845608785309114,1.1216497430753807,ampliado,False,True,89.15439121469089,39.07963727175841
2023-11,Profuturo,2023-11-30,1372586.5161149823,60,60,40,20,3567023.7081703,1577976.4736253,44.23790259680695,0.869839657977633,13.016034202236703,1.1496371668371483,ampliado,False,True,86.98396579776329,44.23790259680446
2023-12,Habitat,2023-12-29,1796665.5167854433,113,113,110,3,3522039.0215721,1894822.7144294998,53.79902672355189,0.9481971601371635,5.180283986283651,1.054632983561502,ampliado,False,True,94.81971601371635,53.799026723551904
2023-12,Integra,2023-12-29,1376642.6622915668,62,62,46,16,4099269.9492323003,1584666.9749809,38.657297387249,0.8687267949836334,13.127320501636664,1.1511098837682794,ampliado,False,True,86.87267949836334,38.65729738724995
2023-12,Prima,2023-12-29,1150720.5407655546,31,31,24,7,3619218.2589976,1310553.6519609,36.2109593336301,0.8780415353799541,12.195846462004589,1.1388982863632653,ampliado,False,True,87.8041535379954,36.2109593336291
2023-12,Profuturo,2023-12-29,1364901.0792214582,63,63,43,20,3713770.4525558,1575541.8249448,42.42431903297953,0.866305836894732,13.369416310526805,1.1543267486047353,ampliado,False,True,86.6305836894732,42.424319032979525
2024-01,Habitat,2024-01-31,1557677.4266286863,111,111,108,3,3579411.9513189,1650581.3806347,46.11319968428349,0.9437144056657847,5.628559433421532,1.0596426143293916,ampliado,False,True,94.37144056657847,46.1131996842809
2024-01,Integra,2024-01-31,1373017.402847129,63,63,47,16,4177311.8628293,1583874.2631537,37.91611244655737,0.8668727277083678,13.312727229163224,1.1535718774352983,ampliado,False,True,86.68727277083677,37.91611244655647
2024-01,Prima,2024-01-31,1199599.9271295315,27,27,20,7,3676356.7569201,1356765.3592949,36.90516043474261,0.8841616709266177,11.583832907338232,1.1310148730514202,ampliado,False,True,88.41616709266177,36.90516043474361
2024-01,Profuturo,2024-01-31,1355384.0708200124,64,64,44,20,3754254.3228623997,1560983.9784064,41.57906854899059,0.8682882653310232,13.17117346689768,1.151691252695628,ampliado,False,True,86.82882653310232,41.57906854899059
2024-02,Habitat,2024-02-29,1734887.4414996877,109,109,106,3,3654920.9725448,1872843.7715608,51.24170359987027,0.9263385808490894,7.366141915091062,1.0795188937109712,ampliado,False,True,92.63385808490894,51.24170359986747
2024-02,Integra,2024-02-29,1350482.8742820958,59,59,43,16,4253474.9758725,1528684.5521294998,35.939662530067906,0.883428090118943,11.657190988105704,1.131954044913109,ampliado,False,True,88.3428090118943,35.93966253006876
2024-02,Prima,2024-02-29,1112755.9333513144,26,26,19,7,3746432.4890811997,1285800.2805774,34.32065796794253,0.8654189535964493,13.458104640355073,1.15550970526387,ampliado,False,True,86.54189535964493,34.32065796794161
2024-02,Profuturo,2024-02-29,1410142.7560226896,65,65,45,20,3848096.3684648,1612110.3920158,41.893711530384415,0.8747184826837026,12.528151731629745,1.1432249572821696,ampliado,False,True,87.47184826837025,41.893711530383335
2024-03,Habitat,2024-03-29,1752221.2665423783,113,113,110,3,3640703.3071765,1808476.4591239,49.67382141684294,0.9688935997492752,3.1106400250724753,1.0321050735176436,operativo,True,True,96.88935997492753,49.67382141684158
2024-03,Integra,2024-03-29,1341516.9998360844,57,57,41,16,4212036.1851605,1523483.4883646,36.169762589696745,0.8805589362022889,11.944106379771114,1.1356423277161225,ampliado,False,True,88.05589362022889,36.169762589695026
2024-03,Prima,2024-03-29,1205014.9531967773,30,30,23,7,3707132.6064814,1384458.4154417,37.345802333079995,0.8703872501741609,12.961274982583914,1.1489138883869268,ampliado,False,True,87.03872501741608,37.345802333079995
2024-03,Profuturo,2024-03-29,1369049.9859739258,69,69,49,20,3808371.8091249,1556263.2912641,40.86426875483206,0.8797033211918099,12.029667880819005,1.136746873531424,ampliado,False,True,87.970332119181,40.86426875483314
2024-04,Habitat,2024-04-30,1625195.68949252,112,112,109,3,3630552.6052183,1673355.0413787002,46.090918472675035,0.9712198841875774,2.878011581242257,1.0296329557096096,operativo,True,True,97.12198841875774,46.09091847267376
2024-04,Integra,2024-04-30,1543364.6968362448,59,59,42,17,4057746.6376889,1648284.9064484,40.62069551457222,0.9363458288056344,6.365417119436556,1.0679814756857093,ampliado,False,True,93.63458288056344,40.620695514572226
2024-04,Prima,2024-04-30,1362659.2588636575,28,28,21,7,3607404.3962195,1564302.795829,43.363666060516074,0.8710968634058589,12.89031365941411,1.14797795975312,ampliado,False,True,87.1096863405859,43.36366606051607
2024-04,Profuturo,2024-04-30,1413214.4428723417,70,70,49,21,3738806.7403781,1587954.8092204,42.47223564863291,0.8899588544123329,11.004114558766709,1.1236474529604301,ampliado,False,True,88.9958854412333,42.47223564863404
2024-05,Habitat,2024-05-31,1735038.6321092127,112,112,109,3,3759407.02271,1782798.068958,47.422321078495685,0.9732109666931031,2.678903330689686,1.027526440025562,operativo,True,True,97.32109666931031,47.422321078520916
2024-05,Integra,2024-05-31,1688605.6976038695,59,59,42,17,4072426.987235,1761945.984222,43.265256559402474,0.9583754057871902,4.162459421280984,1.0434324524204794,operativo,True,True,95.83754057871901,43.265256559413096
2024-05,Prima,2024-05-31,1643892.6837069653,30,30,23,7,3667490.047845,1804671.5520549999,49.20726514626538,0.9109096233245579,8.909037667544206,1.0978037495644055,ampliado,False,True,91.09096233245579,49.20726514623854
2024-05,Profuturo,2024-05-31,1493418.271476628,74,74,53,21,3818299.493288,1662821.030401,43.54873244813707,0.8981232761510604,10.187672384893965,1.1134328956326975,ampliado,False,True,89.81232761510604,43.54873244814848
2024-06,Habitat,2024-06-28,1700442.0016739944,109,109,106,3,3734232.626199,1747083.2723059999,46.78560355476088,0.9733033500054963,2.669664999450372,1.027428910004628,operativo,True,True,97.33033500054962,46.78560355476088
2024-06,Integra,2024-06-28,1615064.262559194,59,59,42,17,3894327.6847630003,1705332.016825,43.79015211015096,0.9470673432649981,5.2932656735001915,1.0558911223277085,ampliado,False,True,94.70673432649981,43.790152110139715
2024-06,Prima,2024-06-28,1641426.2891835966,31,31,24,7,3544239.199777,1825967.8828140001,51.519318530444785,0.8989349180961461,10.106508190385387,1.1124275849890217,ampliado,False,True,89.89349180961462,51.51931853044479
2024-06,Profuturo,2024-06-28,1543525.3998265443,73,73,52,21,3716247.183398,1719168.8410729999,46.260885141163236,0.8978323495341913,10.216765046580868,1.1137936837749438,ampliado,False,True,89.78323495341914,46.26088514115078
2024-07,Habitat,2024-07-31,1603495.417090506,107,107,104,3,3564249.291444,1655737.225271,46.45402411234453,0.9684480077012562,3.1551992298743836,1.03257995478109,operativo,True,True,96.84480077012562,46.454024112331496
2024-07,Integra,2024-07-31,1319133.7674672538,51,51,34,17,3574135.382305,1422016.103765,39.7862965909345,0.9276503718731808,7.234962812681922,1.0779923453064817,ampliado,False,True,92.76503718731807,39.786296590923364
2024-07,Prima,2024-07-31,1486485.432352005,35,35,28,7,3320146.4683379997,1649194.47605,49.672341018001966,0.9013402930576746,9.86597069423254,1.10945888883724,ampliado,False,True,90.13402930576746,49.67234101800197
2024-07,Profuturo,2024-07-31,1367915.9744756238,67,67,46,21,3491223.907906,1377117.542671,39.445122369644,0.9933182405203196,0.6681759479680416,1.0067267057093205,estricto,True,True,99.33182405203196,39.445122369621394
2024-08,Habitat,2024-08-30,1517428.0991315902,106,106,103,3,3447880.931679,1543693.207034,44.7722307591935,0.9829855389770907,1.7014461022909266,1.0173089637113224,estricto,True,True,98.29855389770907,44.77223075920647
2024-08,Integra,2024-08-30,1516075.120978473,54,54,37,17,3339341.867269,1617917.856436,48.45020128950317,0.9370532100548854,6.29467899451146,1.0671752567193358,ampliado,False,True,93.70532100548854,48.45020128948867
2024-08,Prima,2024-08-30,1341361.232576456,38,38,33,5,3003055.3468500003,1370968.28416,45.65244811749835,0.9784042767979242,2.159572320207581,1.022072392480492,operativo,True,True,97.84042767979241,45.652448117483154
2024-08,Profuturo,2024-08-30,1614689.101748553,75,75,54,21,3288111.41364,1805202.998057,54.900907267573615,0.8944640040408179,10.553599595918206,1.1179879743426389,ampliado,False,True,89.4464004040818,54.90090726757361
2024-09,Habitat,2024-09-30,1635539.6614681333,99,99,96,3,3486294.847219,1656962.2472100002,47.52788618930928,0.9870711684723426,1.2928831527657447,1.0130981756337458,estricto,True,True,98.70711684723426,47.52788618930928
2024-09,Integra,2024-09-30,1477199.569258187,57,57,40,17,3213248.024718,1640003.057218,51.03879453446298,0.900729765567643,9.927023443235704,1.1102108959059398,ampliado,False,True,90.07297655676429,51.0387945344471
2024-09,Prima,2024-09-30,1410025.527014222,40,40,35,5,2949367.467474,1437890.775343,48.75251358805803,0.9806207475514745,1.9379252448525452,1.0197622296865672,estricto,True,True,98.06207475514745,48.75251358809109
2024-09,Profuturo,2024-09-30,1515768.0353981187,72,72,51,21,3292436.622563,1679497.632067,51.01078090791323,0.9025127552770793,9.74872447229207,1.1080175810844815,ampliado,False,True,90.25127552770793,51.01078090789775
2024-10,Habitat,2024-10-31,1599308.008614126,101,101,98,3,3552754.1919050002,1680008.457446,47.28749490392335,0.9519642603736903,4.803573962630969,1.0504596040269971,operativo,True,True,95.19642603736904,47.28749490392335
2024-10,Integra,2024-10-31,1384583.607463718,60,60,44,16,3201653.383237,1549459.604831,48.39560749903646,0.8935912902451786,10.640870975482141,1.1190798421117394,ampliado,False,True,89.35912902451786,48.39560749903646
2024-10,Prima,2024-10-31,1562006.5940918087,46,46,41,5,2928530.250615,1573091.369866,53.71607035761487,0.9929535079865478,0.7046492013452199,1.0070964974258871,estricto,True,True,99.29535079865478,53.7160703576699
2024-10,Profuturo,2024-10-31,1527652.5627116638,75,75,55,20,3302807.135907,1701709.357961,51.52312223926361,0.8977164963951939,10.22835036048061,1.1139374223549734,ampliado,False,True,89.7716496395194,51.5231222392792
2024-11,Habitat,2024-11-29,1756234.8492238747,100,100,97,3,3577349.793686,1838924.13196,51.40464975514007,0.9550338802460591,4.496611975394094,1.0470832717917353,operativo,True,True,95.50338802460591,51.40464975512569
2024-11,Integra,2024-11-29,1435336.3467006634,59,59,43,16,3155379.786868,1605601.016586,50.884556694844434,0.8939558033867147,10.604419661328535,1.1186235339728667,ampliado,False,True,89.39558033867146,50.88455669482831
2024-11,Prima,2024-11-29,1480524.7132499882,46,46,41,5,2940702.556594,1493639.7003410002,50.79193395441439,0.9912194439609379,0.8780556039062137,1.0088583371649518,estricto,True,True,99.12194439609378,50.79193395441439
2024-11,Profuturo,2024-11-29,1584724.000625956,78,78,58,20,3285385.5363140004,1758437.7594180002,53.523026140530035,0.9012113122220834,9.878868777791661,1.1096176739441241,ampliado,False,True,90.12113122220833,53.52302614051375
2024-12,Habitat,2024-12-31,1812270.8131332507,96,96,93,3,3575761.221982,1835004.9551700002,51.3178828577763,0.9876108552335525,1.238914476644748,1.0125445611505735,estricto,True,True,98.76108552335525,51.31788285776195
2024-12,Integra,2024-12-31,1513024.9195786586,59,59,43,16,3125248.909896,1662601.593446,53.199013626785295,0.9100345660337541,8.99654339662459,1.098859359110222,ampliado,False,True,91.00345660337541,53.19901362676828
2024-12,Prima,2024-12-31,1490229.8400368362,44,44,39,5,2878516.65342,1550838.2036030001,53.876297771646755,0.9609189640638495,3.908103593615053,1.0406704804439197,operativo,True,True,96.09189640638495,53.876297771646755
2024-12,Profuturo,2024-12-31,1634081.330363462,73,73,53,20,3224525.150242,1804785.3441289999,55.97057737304703,0.9054158909696152,9.458410903038484,1.104464821054879,ampliado,False,True,90.54158909696152,55.97057737302967
2025-01,Habitat,2025-01-31,1921585.886316939,99,99,96,3,3633319.563066,1943161.3063,53.48170653780083,0.9888967426877477,1.1103257312252257,1.011227923839727,estricto,True,True,98.88967426877477,53.48170653781554
2025-01,Integra,2025-01-31,1592883.6815152722,63,63,47,16,3116541.964265,1741437.242857,55.87722747919737,0.9146948522256185,8.530514777438148,1.0932607716844789,ampliado,False,True,91.46948522256186,55.877227479197366
2025-01,Prima,2025-01-31,1641892.8039550204,44,44,39,5,2824206.999657,1669680.975823,59.12034691599386,0.9833571968116348,1.6642803188365196,1.0169244738761527,estricto,True,True,98.33571968116348,59.12034691599387
2025-01,Profuturo,2025-01-31,1648378.9446926925,68,68,48,20,3218059.568087,1818700.514973,56.515439708066374,0.9063498531626929,9.36501468373071,1.1033267082358058,ampliado,False,True,90.6349853162693,56.5154397081015
2025-02,Habitat,2025-02-28,1852981.843591508,99,99,96,3,3574928.670436,1874583.116428,52.436937607467705,0.9884767591006298,1.152324089937018,1.0116575739320919,estricto,True,True,98.84767591006297,52.436937607467705
2025-02,Integra,2025-02-28,1542763.450411248,61,61,45,16,3018339.3638750003,1703371.422806,56.43405917814836,0.9057117136964884,9.42882863035116,1.1041040817708894,ampliado,False,True,90.57117136964884,56.43405917812966
2025-02,Prima,2025-02-28,1610027.4663140127,43,43,38,5,2729894.620449,1657322.00588,60.710109227857735,0.9714632766606661,2.853672333933388,1.0293749892815576,operativo,True,True,97.14632766606661,60.71010922785772
2025-02,Profuturo,2025-02-28,1629154.7365888264,68,68,48,20,3152697.3155259998,1791889.0411,56.83669765173886,0.9091828228318899,9.08171771681101,1.0998887956167451,ampliado,False,True,90.91828228318899,56.83669765173887
2025-03,Habitat,2025-03-31,1852584.1958963992,102,102,99,3,3616695.166762,1869824.341936,51.699804814088225,0.9907798044698946,0.9220195530105446,1.009305998657329,estricto,True,True,99.07798044698946,51.699804814073936
2025-03,Integra,2025-03-31,1519681.8274745455,60,60,44,16,3008912.07916,1676486.386908,55.717360388163385,0.9064683371973843,9.353166280261572,1.1031824929393526,ampliado,False,True,90.64683371973842,55.71736038814487
2025-03,Prima,2025-03-31,1450355.1044441145,33,33,28,5,2686750.100902,1480153.032565,55.09083379467196,0.9798683464038527,2.0131653596147325,1.0205452637285723,operativo,True,True,97.98683464038527,55.090833794630946
2025-03,Profuturo,2025-03-31,1647651.3443677416,70,70,50,20,3155386.550023,1848484.44536,58.58186995653867,0.8913525610148452,10.864743898515483,1.121890533260436,ampliado,False,True,89.13525610148452,58.581869956520094
2025-04,Habitat,2025-04-30,1845260.8347476416,100,100,97,3,3646043.546184,1865882.569412,51.17554263346247,0.9889479997281624,1.1052000271837614,1.011175512033874,estricto,True,True,98.89479997281624,51.17554263346248
2025-04,Integra,2025-04-30,1498210.440550237,62,62,46,16,2945653.26074,1641314.20865,55.719871395763526,0.912811473058856,8.718852694114398,1.0955164669972572,ampliado,False,True,91.2811473058856,55.71987139578244
2025-04,Prima,2025-04-30,1331146.5393412018,35,35,30,5,2639014.6967970002,1471919.478267,55.77534221590074,0.9043609782978477,9.563902170215233,1.105753149458262,ampliado,False,True,90.43609782978477,55.775342215921874
2025-04,Profuturo,2025-04-30,1697903.9708639563,69,69,49,20,3095280.911547,1893502.228468,61.17384116591384,0.896700275994764,10.329972400523602,1.1151998351853292,ampliado,False,True,89.6700275994764,61.173841165894075
2025-05,Habitat,2025-05-30,1993510.4952971633,100,100,97,3,3766636.050925,2015403.116649,53.50671233963786,0.9891373486668824,1.086265133311759,1.0109819443657222,estricto,True,True,98.91373486668824,53.506712339623654
2025-05,Integra,2025-05-30,1564865.4575603148,67,67,51,16,2969417.020452,1710266.606273,57.59603971058568,0.9149833434276413,8.501665657235868,1.0929160702028473,ampliado,False,True,91.49833434276414,57.596039710605076
2025-05,Prima,2025-05-30,1491999.8647903113,33,33,28,5,2660299.256934,1514834.433277,56.94225675283049,0.9849260302082709,1.5073969791729147,1.0153046719544427,estricto,True,True,98.49260302082709,56.94225675283049
2025-05,Profuturo,2025-05-30,1819399.2558546064,69,69,49,20,3131134.381282,2010957.4429139998,64.22456522258871,0.9047427941678299,9.525720583217012,1.105286504016632,ampliado,False,True,90.47427941678299,64.22456522260921
2025-06,Habitat,2025-06-30,2171949.688079899,101,101,98,3,3911913.908169,2188761.657937,55.95117145512301,0.9923189581669907,0.7681041833009328,1.007740496913611,estricto,True,True,99.23189581669907,55.95117145513731
2025-06,Integra,2025-06-30,1685607.2390405224,66,66,50,16,3063259.09358,1831050.488047,59.774587526224224,0.9205684114359908,7.943158856400922,1.08628537279495,ampliado,False,True,92.05684114359907,59.774587526224224
2025-06,Prima,2025-06-30,1497735.3242382023,33,33,28,5,2704660.369322,1515010.003958,56.01479657641231,0.9885976464348966,1.140235356510344,1.0115338667922413,estricto,True,True,98.85976464348965,56.0147965763916
2025-06,Profuturo,2025-06-30,1832524.1065650175,75,75,55,20,3193515.509521,2058315.09743,64.45295447271444,0.8903030001835464,10.969699981645364,1.1232131081146963,ampliado,False,True,89.03030001835464,64.45295447269426
2025-07,Habitat,2025-07-31,2267000.9046608247,99,99,96,3,3995045.882795,2286289.583963,57.22811830043118,0.991563326256886,0.8436673743113965,1.0085084568173392,estricto,True,True,99.1563326256886,57.22811830044551
2025-07,Integra,2025-07-31,1700261.2914338505,67,67,51,16,3130387.654002,1851016.2198849998,59.13057501100843,0.9185555875569176,8.144441244308243,1.0886657416778664,ampliado,False,True,91.85555875569176,59.13057501100843
2025-07,Prima,2025-07-31,1473499.5687575932,32,32,27,5,2746737.119683,1498790.0499439999,54.566199262526254,0.9831260681325236,1.6873931867476433,1.0171635484140187,estricto,True,True,98.31260681325236,54.56619926252625
2025-07,Profuturo,2025-07-31,1903299.975725168,49,49,29,20,3214922.393492,2096337.971339,65.20648758375289,0.9079165677228408,9.20834322771592,1.1014227909819017,ampliado,False,True,90.79165677228409,65.2064875837326
2025-08,Habitat,2025-08-29,2280050.5206385283,99,99,96,3,4118930.1747000003,2300155.237714,55.843511304050914,0.9912594086060675,0.8740591393932462,1.0088176629831174,estricto,True,True,99.12594086060676,55.84351130403735
2025-08,Integra,2025-08-29,1706012.0105561616,65,65,49,16,3162735.6045129998,1874858.458217,59.27964561884708,0.9099417628457073,9.005823715429273,1.0989714296359463,ampliado,False,True,90.99417628457073,59.279645618865814
2025-08,Prima,2025-08-29,1506790.0385070501,35,35,30,5,2776813.28219,1540847.998633,55.489795029258104,0.9778966126729144,2.210338732708561,1.0226029899691234,operativo,True,True,97.78966126729144,55.48979502927808
2025-08,Profuturo,2025-08-29,2038702.184356169,46,46,26,20,3258325.8129040003,2240523.682635,68.76303387958106,0.909922175854229,9.007782414577104,1.0989950861030577,ampliado,False,True,90.99221758542289,68.76303387960215
2025-09,Habitat,2025-09-30,2448858.811375401,99,99,96,3,4290242.897443,2468433.777253,57.53599123081751,0.992069884127342,0.7930115872658017,1.007993505295883,estricto,True,True,99.2069884127342,57.53599123080409
2025-09,Integra,2025-09-30,1837685.3920195743,64,64,48,16,3297110.7764500002,2020039.466042,61.26695773983676,0.9097274696421034,9.027253035789663,1.0992303006892943,ampliado,False,True,90.97274696421034,61.2669577397996
2025-09,Prima,2025-09-30,1576152.5116863796,35,35,30,5,2881904.3113039997,1615134.235775,56.04399248926437,0.9758647156222804,2.4135284377719612,1.0247322031336374,operativo,True,True,97.58647156222804,56.04399248926438
2025-09,Profuturo,2025-09-30,2081713.5191571347,50,50,30,20,3405440.32107,2272818.585788,66.74081385964617,0.9159171489419126,8.408285105808744,1.0918018088811,ampliado,False,True,91.59171489419126,66.74081385968536
2025-10,Habitat,2025-10-31,2489449.430099246,96,96,93,3,4313304.893856999,2506617.429405,58.11361568654512,0.9931509295737128,0.684907042628724,1.0068963036959822,estricto,True,True,99.31509295737128,58.11361568654513
2025-10,Integra,2025-10-31,1803405.5091428945,70,70,54,16,3276497.758218,1998390.302928,60.99165787360347,0.9024290732899285,9.75709267100715,1.108120327234542,ampliado,False,True,90.24290732899286,60.99165787358485
2025-10,Prima,2025-10-31,1544693.0840548403,36,36,31,5,2836192.44709,1653296.895364,58.292831893700345,0.9343107631704293,6.568923682957073,1.0703076957035849,ampliado,False,True,93.43107631704292,58.29283189370036
2025-10,Profuturo,2025-10-31,2130906.473445728,55,55,35,20,3381303.752365,2305730.60666,68.19057900513353,0.9241784219243565,7.582157807564349,1.0820421428123859,ampliado,False,True,92.41784219243566,68.19057900513353
2025-11,Habitat,2025-11-28,2537240.542114352,98,98,95,3,4330233.037554,2553862.916342,58.97749368668134,0.993491281728051,0.6508718271948988,1.0065513592234328,estricto,True,True,99.3491281728051,58.97749368668135
2025-11,Integra,2025-11-28,1796732.9023899022,65,65,49,16,3187511.790812,1981262.200606,62.15701558550287,0.906862757408052,9.3137242591948,1.102702687734303,ampliado,False,True,90.6862757408052,62.15701558554188
2025-11,Prima,2025-11-28,1610594.987090428,37,37,32,5,2793467.101196,1652388.507621,59.151887162499364,0.9747072069686906,2.529279303130938,1.0259491187204506,operativo,True,True,97.47072069686907,59.15188716249937
2025-11,Profuturo,2025-11-28,2093123.4212237534,54,54,35,19,3347943.072178,2274450.108533,67.93574620289705,0.9202766916588024,7.972330834119756,1.0866297158928322,ampliado,False,True,92.02766916588024,67.93574620291734
2025-12,Habitat,2025-12-31,2597193.4800830837,98,98,95,3,4554444.979138,2621210.276167,57.552792671196244,0.9908375164318994,0.9162483568100566,1.009247210986818,estricto,True,True,99.08375164318994,57.552792671196244
2025-12,Integra,2025-12-31,1769412.990893977,64,64,48,16,3164069.580821,1937599.5841380002,61.237578208840375,0.9131984778378005,8.68015221621995,1.095052197598622,ampliado,False,True,91.31984778378005,61.23757820885973
2025-12,Prima,2025-12-31,1529184.6307792193,35,35,30,5,2807435.080461,1580709.90084,56.304415081271856,0.9674037152336429,3.259628476635712,1.033694603662427,operativo,True,True,96.74037152336429,56.304415081271856
2025-12,Profuturo,2025-12-31,1919627.103042464,45,45,26,19,3399736.901995,2105542.3334729997,61.932508137263966,0.9117019746053375,8.829802539466247,1.0968496590488195,ampliado,False,True,91.17019746053376,61.93250813724575
2026-01,Habitat,2026-01-30,2664235.411806221,101,101,98,3,4986234.0428679995,2681283.758825,53.77372453386298,0.993641722192712,0.6358277807288037,1.0063989641993463,estricto,True,True,99.3641722192712,53.773724533852196
2026-01,Integra,2026-01-30,1835709.1068413816,66,66,50,16,3397643.435275,2025833.528575,59.62466536491133,0.9061500271113814,9.384997288861863,1.1035700160908153,ampliado,False,True,90.61500271113813,59.62466536489377
2026-01,Prima,2026-01-30,1586931.806525365,33,33,28,5,3012452.073184,1652465.049972,54.854484314681,0.9603421304143495,3.965786958565054,1.0412955636638994,operativo,True,True,96.03421304143495,54.85448431468101
2026-01,Profuturo,2026-01-30,1738040.7342167904,38,38,19,19,3558592.8033910003,2215572.905613,62.25980402987236,0.7844656024694945,21.55343975305055,1.2747531527857998,excluir,False,False,78.44656024694945,62.25980402988984
