id_relacion_padre,periodo,archivo,iteracion,fila_padre,nombre_padre,estado_padre,numero_hijos_activos,filas_hijas,nombres_hijos,error_relativo_vector,monto_vector_padre,monto_vector_hijos
H10J_0000001,2015-01,CA-0001-en2015.XLS,1,100,BON SIS FIN EXT,entidad_sin_isin_pendiente,6,105 | 110 | 114 | 122 | 126 | 128,US05966UAR59 | USP16259AB20 | XS0835507087 | XS0246220379 | US59022CAP86 | US61747YBA29,1.204589608923062e-16,120803.9245945072,120803.9245945072
H10J_0000002,2015-01,CA-0001-en2015.XLS,1,97,TIT.EMP.PUB.EXT,entidad_sin_isin_pendiente,1,99,USP9379RAB35,0.0,19597.8403265356,19597.8403265356
H10J_0000003,2015-01,CA-0001-en2015.XLS,1,58,TIT ESTAD EXTRA,entidad_sin_isin_pendiente,10,60 | 66 | 77 | 87 | 88 | 90 | 93 | 94 | 95 | 96,CL0001737767 | XS0213272122 | MX0MGO0000R8 | MXBIGO000HH4 | MXBIGO000HR3 | MX0MGO0000J5 | US912810RH32 | US912828G385 | US912810RJ97 | US912828H292,7.96947005141521e-17,182595.7702894277,182595.77028942772
H10J_0000004,2015-01,CA-0001-en2015.XLS,1,51,ADS,entidad_sin_isin_pendiente,3,53 | 55 | 57,US05367G1004 | US1512908898 | US51817R1068,1.6212320841305931e-16,112197.9648287872,112197.96482878721
H10J_0000005,2015-01,CA-0001-en2015.XLS,1,21,AC PRF.CIAL EXT,entidad_sin_isin_pendiente,1,23,PAI69PA00017,0.0,11063.80551072,11063.80551072
H10J_0000006,2015-01,CA-0001-en2015.XLS,1,7,BROWN BROTHERS,entidad_sin_isin_pendiente,9,10 | 11 | 12 | 13 | 14 | 15 | 16 | 17 | 20,BRL | CAD | CLP | COP | EUR | GBP | JPY | MXN | USD,7.802049060056874e-18,116571.2615714183,116571.2615714183
H10J_0000007,2015-01,CA-0001-en2015.XLS,1,6,CTA CTE EXT,entidad_sin_isin_pendiente,9,10 | 11 | 12 | 13 | 14 | 15 | 16 | 17 | 20,BRL | CAD | CLP | COP | EUR | GBP | JPY | MXN | USD,7.802049060056874e-18,116571.2615714183,116571.2615714183
H10J_0000008,2015-02,CA-0001-fe2015.XLS,1,97,BON SIS FIN EXT,entidad_sin_isin_pendiente,6,102 | 107 | 111 | 119 | 123 | 125,US05966UAR59 | USP16259AB20 | XS0835507087 | XS0246220379 | US59022CAP86 | US61747YBA29,9.208840965652451e-17,118515.85299368759,118515.85299368761
H10J_0000009,2015-02,CA-0001-fe2015.XLS,1,94,TIT.EMP.PUB.EXT,entidad_sin_isin_pendiente,1,96,USP9379RAB35,0.0,19476.018475262397,19476.018475262397
H10J_0000010,2015-02,CA-0001-fe2015.XLS,1,54,TIT ESTAD EXTRA,entidad_sin_isin_pendiente,9,56 | 62 | 72 | 82 | 83 | 85 | 88 | 89 | 90,CL0001737767 | XS0213272122 | MX0MGO0000R8 | MXBIGO000HH4 | MXBIGO000HR3 | MX0MGO0000J5 | US912810RH32 | US912828G385 | US912810RJ97,1.6352025444227945e-16,266974.5459606686,266974.5459606686
H10J_0000011,2015-02,CA-0001-fe2015.XLS,1,47,ADS,entidad_sin_isin_pendiente,3,49 | 51 | 53,US05367G1004 | US1512908898 | US51817R1068,0.0,109111.6122540512,109111.6122540512
H10J_0000012,2015-02,CA-0001-fe2015.XLS,1,26,ACC EXTRANJERO,entidad_sin_isin_pendiente,8,28 | 30 | 32 | 34 | 38 | 42 | 44 | 46,US0378331005 | MXP225611567 | US2547091080 | US4062161017 | US59156R1086 | US92826C8394 | PAP310761054 | US0846701086,1.0716907173753763e-16,271569.30618948,271569.30618948
H10J_0000013,2015-02,CA-0001-fe2015.XLS,1,21,AC PRF.CIAL EXT,entidad_sin_isin_pendiente,1,23,PAI69PA00017,0.0,11280.7365408,11280.7365408
H10J_0000014,2015-02,CA-0001-fe2015.XLS,1,7,BROWN BROTHERS,entidad_sin_isin_pendiente,9,10 | 11 | 12 | 13 | 14 | 15 | 16 | 17 | 20,BRL | CAD | CLP | COP | EUR | GBP | JPY | MXN | USD,0.0,80142.9272171503,80142.9272171503
H10J_0000015,2015-02,CA-0001-fe2015.XLS,1,6,CTA CTE EXT,entidad_sin_isin_pendiente,9,10 | 11 | 12 | 13 | 14 | 15 | 16 | 17 | 20,BRL | CAD | CLP | COP | EUR | GBP | JPY | MXN | USD,0.0,80142.9272171503,80142.9272171503
H10J_0000016,2015-03,CA-0001-ma2015.XLS,1,89,BON SIS FIN EXT,entidad_sin_isin_pendiente,6,94 | 99 | 103 | 111 | 115 | 117,US05966UAR59 | USP16259AB20 | XS0835507087 | XS0246220379 | US59022CAP86 | US61747YBA29,0.0,109157.6963481817,109157.6963481817
H10J_0000017,2015-03,CA-0001-ma2015.XLS,1,86,TIT.EMP.PUB.EXT,entidad_sin_isin_pendiente,1,88,USP9379RAB35,0.0,18707.305597514598,18707.305597514598
H10J_0000018,2015-03,CA-0001-ma2015.XLS,1,48,TIT ESTAD EXTRA,entidad_sin_isin_pendiente,9,50 | 55 | 67 | 75 | 76 | 78 | 81 | 82 | 83,CL0001737767 | XS0213272122 | US91086QBB32 | MXBIGO000HH4 | MXBIGO000HR3 | MX0MGO0000J5 | US912810RH32 | US912828G385 | US912810RJ97,6.68577635942706e-17,217654.8308836026,217654.83088360258
H10J_0000019,2015-03,CA-0001-ma2015.XLS,1,43,ADS,entidad_sin_isin_pendiente,2,45 | 47,US05367G1004 | US51817R1068,0.0,4180.477722192,4180.477722192
H10J_0000020,2015-03,CA-0001-ma2015.XLS,1,26,ACC EXTRANJERO,entidad_sin_isin_pendiente,7,28 | 30 | 32 | 34 | 38 | 40 | 42,US0378331005 | US2547091080 | US4062161017 | US59156R1086 | US92826C8394 | PAP310761054 | US0846701086,0.0,309140.53477632,309140.53477632
H10J_0000021,2015-03,CA-0001-ma2015.XLS,1,21,AC PRF.CIAL EXT,entidad_sin_isin_pendiente,1,23,PAI69PA00017,0.0,10415.100422688,10415.100422688
H10J_0000022,2015-03,CA-0001-ma2015.XLS,1,7,BROWN BROTHERS,entidad_sin_isin_pendiente,9,10 | 11 | 12 | 13 | 14 | 15 | 16 | 17 | 20,BRL | CAD | CLP | COP | EUR | GBP | JPY | MXN | USD,1.277245895458647e-16,64086.738074950204,64086.7380749502
H10J_0000023,2015-03,CA-0001-ma2015.XLS,1,6,CTA CTE EXT,entidad_sin_isin_pendiente,9,10 | 11 | 12 | 13 | 14 | 15 | 16 | 17 | 20,BRL | CAD | CLP | COP | EUR | GBP | JPY | MXN | USD,1.277245895458647e-16,64086.738074950204,64086.7380749502
H10J_0000024,2015-04,CA-0001-ab2015.XLS,1,87,BON SIS FIN EXT,entidad_sin_isin_pendiente,6,92 | 97 | 101 | 109 | 113 | 115,US05966UAR59 | USP16259AB20 | XS0835507087 | XS0246220379 | US59022CAP86 | US61747YBA29,1.5106078185189088e-16,120414.4041389448,120414.40413894481
H10J_0000025,2015-04,CA-0001-ab2015.XLS,1,84,TIT.EMP.PUB.EXT,entidad_sin_isin_pendiente,1,86,USP9379RAB35,0.0,20770.1024755168,20770.1024755168
H10J_0000026,2015-04,CA-0001-ab2015.XLS,1,48,TIT ESTAD EXTRA,entidad_sin_isin_pendiente,5,50 | 55 | 67 | 76 | 79,CL0001737767 | XS0213272122 | US91086QBB32 | MX0MGO0000J5 | US912810RH32,0.0,65101.968822010305,65101.968822010305
H10J_0000027,2015-04,CA-0001-ab2015.XLS,1,43,ADS,entidad_sin_isin_pendiente,2,45 | 47,US05367G1004 | US1512908898,0.0,24363.2116184,24363.2116184
H10J_0000028,2015-04,CA-0001-ab2015.XLS,1,26,ACC EXTRANJERO,entidad_sin_isin_pendiente,6,28 | 30 | 34 | 38 | 40 | 42,US0378331005 | US2547091080 | US59156R1086 | US92826C8394 | PAP310761054 | US0846701086,0.0,283589.8277692,283589.8277692
H10J_0000029,2015-04,CA-0001-ab2015.XLS,1,21,AC PRF.CIAL EXT,entidad_sin_isin_pendiente,1,23,PAI69PA00017,0.0,11960.85152676,11960.85152676
H10J_0000030,2015-04,CA-0001-ab2015.XLS,1,7,BROWN BROTHERS,entidad_sin_isin_pendiente,9,9 | 10 | 11 | 12 | 13 | 14 | 15 | 16 | 19,BRL | CAD | CLP | COP | EUR | GBP | JPY | MXN | USD,6.903377958372238e-17,52698.5314874679,52698.5314874679
H10J_0000031,2015-04,CA-0001-ab2015.XLS,1,6,CTA CTE EXT,entidad_sin_isin_pendiente,9,9 | 10 | 11 | 12 | 13 | 14 | 15 | 16 | 19,BRL | CAD | CLP | COP | EUR | GBP | JPY | MXN | USD,6.903377958372238e-17,52698.5314874679,52698.5314874679
H10J_0000032,2015-05,CA-0001-my2015.XLS,1,87,BON SIS FIN EXT,entidad_sin_isin_pendiente,6,92 | 97 | 101 | 110 | 114 | 116,US05966UAR59 | USP16259AB20 | XS0835507087 | XS0246220379 | US59022CAP86 | US61747YBA29,6.30795051378313e-17,115345.8258476372,115345.8258476372
H10J_0000033,2015-05,CA-0001-my2015.XLS,1,84,TIT.EMP.PUB.EXT,entidad_sin_isin_pendiente,1,86,USP9379RAB35,0.0,19799.0596531962,19799.0596531962
H10J_0000034,2015-05,CA-0001-my2015.XLS,1,50,TIT ESTAD EXTRA,entidad_sin_isin_pendiente,5,52 | 56 | 64 | 68 | 83,CL0001737767 | XS0213272122 | MX0MGO0000J5 | US91086QBB32 | US912810RH32,0.0,64682.2087434976,64682.2087434976
H10J_0000035,2015-05,CA-0001-my2015.XLS,1,43,ADS,entidad_sin_isin_pendiente,3,45 | 47 | 49,US05367G1004 | US1512908898 | US40053C1053,0.0,62674.7112071619,62674.7112071619
H10J_0000036,2015-05,CA-0001-my2015.XLS,1,26,ACC EXTRANJERO,entidad_sin_isin_pendiente,6,28 | 30 | 34 | 38 | 40 | 42,US0378331005 | US2547091080 | US59156R1086 | US92826C8394 | PAP310761054 | US0846701086,0.0,269848.795186418,269848.795186418
H10J_0000037,2015-05,CA-0001-my2015.XLS,1,21,AC PRF.CIAL EXT,entidad_sin_isin_pendiente,1,23,PAI69PA00017,0.0,9831.598226496,9831.598226496
H10J_0000038,2015-05,CA-0001-my2015.XLS,1,7,BROWN BROTHERS,entidad_sin_isin_pendiente,9,9 | 10 | 11 | 12 | 13 | 14 | 15 | 16 | 19,BRL | CAD | CLP | COP | EUR | GBP | JPY | MXN | USD,8.10365021988644e-10,31375.7386499229,31375.7386244971
H10J_0000039,2015-05,CA-0001-my2015.XLS,1,6,CTA CTE EXT,entidad_sin_isin_pendiente,9,9 | 10 | 11 | 12 | 13 | 14 | 15 | 16 | 19,BRL | CAD | CLP | COP | EUR | GBP | JPY | MXN | USD,8.10365021988644e-10,31375.7386499229,31375.7386244971
H10J_0000040,2015-06,CA-0001-jn2015.XLS,1,94,BON SIS FIN EXT,entidad_sin_isin_pendiente,6,99 | 104 | 108 | 117 | 121 | 123,US05966UAR59 | USP16259AB20 | XS0835507087 | XS0246220379 | US59022CAP86 | US61747YBA29,9.506155927018904e-17,114809.14583207041,114809.14583207041
H10J_0000041,2015-06,CA-0001-jn2015.XLS,1,91,TIT.EMP.PUB.EXT,entidad_sin_isin_pendiente,1,93,USP9379RAB35,0.0,19260.5273754502,19260.5273754502
H10J_0000042,2015-06,CA-0001-jn2015.XLS,1,56,TIT ESTAD EXTRA,entidad_sin_isin_pendiente,6,58 | 62 | 68 | 74 | 89 | 90,CL0001737767 | XS0213272122 | US195325BR53 | US91086QBB32 | US912810RH32 | US912828XB14,8.557718883576122e-18,106277.7025216872,106277.7025216872
H10J_0000043,2015-06,CA-0001-jn2015.XLS,1,49,ADS,entidad_sin_isin_pendiente,3,51 | 53 | 55,US05367G1004 | US1512908898 | US40053C1053,0.0,70315.62684854401,70315.62684854401
H10J_0000044,2015-06,CA-0001-jn2015.XLS,1,30,ACC EXTRANJERO,entidad_sin_isin_pendiente,7,32 | 34 | 36 | 40 | 44 | 46 | 48,US0378331005 | US2547091080 | US26875P1012 | US59156R1086 | US92826C8394 | PAP310761054 | US0846701086,0.0,252826.33693152003,252826.33693152003
H10J_0000045,2015-06,CA-0001-jn2015.XLS,1,25,AC PRF.CIAL EXT,entidad_sin_isin_pendiente,1,27,PAI69PA00017,0.0,9748.071680256,9748.071680256
H10J_0000046,2015-06,CA-0001-jn2015.XLS,1,7,BROWN BROTHERS,entidad_sin_isin_pendiente,9,10 | 11 | 12 | 13 | 14 | 15 | 16 | 17 | 20,BRL | CAD | CLP | COP | EUR | GBP | JPY | MXN | USD,1.0592892220344607e-09,54547.23239509329,54547.232337312
H10J_0000047,2015-06,CA-0001-jn2015.XLS,1,6,CTA CTE EXT,entidad_sin_isin_pendiente,9,10 | 11 | 12 | 13 | 14 | 15 | 16 | 17 | 20,BRL | CAD | CLP | COP | EUR | GBP | JPY | MXN | USD,1.0592892220344607e-09,54547.23239509329,54547.232337312
H10J_0000048,2015-07,CA-0001-jl2015.XLS,1,95,BON SIS FIN EXT,entidad_sin_isin_pendiente,6,100 | 105 | 109 | 118 | 122 | 124,US05966UAR59 | USP16259AB20 | XS0835507087 | XS0246220379 | US59022CAP86 | US61747YBA29,3.521237107182499e-17,103315.3603791999,103315.3603791999
H10J_0000049,2015-07,CA-0001-jl2015.XLS,1,92,TIT.EMP.PUB.EXT,entidad_sin_isin_pendiente,1,94,USP9379RAB35,0.0,17607.639192946797,17607.639192946797
H10J_0000050,2015-07,CA-0001-jl2015.XLS,1,58,TIT ESTAD EXTRA,entidad_sin_isin_pendiente,5,60 | 64 | 70 | 76 | 90,CL0001737767 | XS0213272122 | US195325BR53 | US91086QBB32 | US912810RH32,3.638645248020783e-17,12497.710545808799,12497.710545808799
H10J_0000051,2015-07,CA-0001-jl2015.XLS,1,51,ADS,entidad_sin_isin_pendiente,3,53 | 55 | 57,US05367G1004 | US1512908898 | US40053C1053,0.0,105144.911184588,105144.911184588
H10J_0000052,2015-07,CA-0001-jl2015.XLS,1,30,ACC EXTRANJERO,entidad_sin_isin_pendiente,8,32 | 34 | 36 | 38 | 42 | 46 | 48 | 50,US0378331005 | US2547091080 | US26875P1012 | CLP3880F1085 | US59156R1086 | US92826C8394 | PAP310761054 | US0846701086,9.294407234196044e-17,313132.7229740343,313132.7229740343
H10J_0000053,2015-07,CA-0001-jl2015.XLS,1,25,AC PRF.CIAL EXT,entidad_sin_isin_pendiente,1,27,PAI69PA00017,0.0,8298.39471264,8298.39471264
H10J_0000054,2015-07,CA-0001-jl2015.XLS,1,7,BROWN BROTHERS,entidad_sin_isin_pendiente,9,10 | 11 | 12 | 13 | 14 | 15 | 16 | 17 | 20,BRL | CAD | CLP | COP | EUR | GBP | JPY | MXN | USD,7.500277735000837e-10,42531.7584152763,42531.7583833763
H10J_0000055,2015-07,CA-0001-jl2015.XLS,1,6,CTA CTE EXT,entidad_sin_isin_pendiente,9,10 | 11 | 12 | 13 | 14 | 15 | 16 | 17 | 20,BRL | CAD | CLP | COP | EUR | GBP | JPY | MXN | USD,7.500277735000837e-10,42531.7584152763,42531.7583833763
H10J_0000056,2015-08,CA-0001-ag2015.XLS,1,95,BON SIS FIN EXT,entidad_sin_isin_pendiente,6,100 | 105 | 109 | 118 | 122 | 124,US05966UAR59 | USP16259AB20 | XS0835507087 | XS0246220379 | US59022CAP86 | US61747YBA29,3.675657748193616e-17,98974.90616147761,98974.90616147761
H10J_0000057,2015-08,CA-0001-ag2015.XLS,1,92,TIT.EMP.PUB.EXT,entidad_sin_isin_pendiente,1,94,USP9379RAB35,0.0,16950.331330839203,16950.331330839203
H10J_0000058,2015-08,CA-0001-ag2015.XLS,1,56,TIT ESTAD EXTRA,entidad_sin_isin_pendiente,7,58 | 62 | 68 | 74 | 88 | 90 | 91,CL0001737767 | XS0213272122 | US195325BR53 | US91086QBB32 | US912810RH32 | US912810RN00 | US912828K742,3.092037397401082e-18,147070.45628513038,147070.45628513038
H10J_0000059,2015-08,CA-0001-ag2015.XLS,1,49,ADS,entidad_sin_isin_pendiente,2,51 | 55,US05367G1004 | US40053C1053,0.0,52933.386429356804,52933.386429356804
H10J_0000060,2015-08,CA-0001-ag2015.XLS,1,28,ACC EXTRANJERO,entidad_sin_isin_pendiente,8,30 | 32 | 34 | 36 | 40 | 44 | 46 | 48,US0378331005 | US2547091080 | US26875P1012 | CLP3880F1085 | US59156R1086 | US92826C8394 | PAP310761054 | US0846701086,1.2462544497980923e-16,233530.4035339562,233530.40353395624
H10J_0000061,2015-08,CA-0001-ag2015.XLS,1,7,BROWN BROTHERS,entidad_sin_isin_pendiente,9,10 | 11 | 12 | 13 | 14 | 15 | 16 | 17 | 20,BRL | CAD | CLP | COP | EUR | GBP | JPY | MXN | USD,4.751939476573218e-09,11236.464686876901,11236.4646334819
H10J_0000062,2015-08,CA-0001-ag2015.XLS,1,6,CTA CTE EXT,entidad_sin_isin_pendiente,9,10 | 11 | 12 | 13 | 14 | 15 | 16 | 17 | 20,BRL | CAD | CLP | COP | EUR | GBP | JPY | MXN | USD,4.751939476573218e-09,11236.464686876901,11236.4646334819
H10J_0000063,2015-09,CA-0001-se2015.XLS,1,96,BON SIS FIN EXT,entidad_sin_isin_pendiente,6,101 | 106 | 110 | 119 | 123 | 125,US05966UAR59 | USP16259AB20 | XS0835507087 | XS0246220379 | US59022CAP86 | US61747YBA29,0.0,92277.85909500929,92277.85909500929
H10J_0000064,2015-09,CA-0001-se2015.XLS,1,93,TIT.EMP.PUB.EXT,entidad_sin_isin_pendiente,1,95,USP9379RAB35,0.0,16371.3492833082,16371.3492833082
H10J_0000065,2015-09,CA-0001-se2015.XLS,1,56,TIT ESTAD EXTRA,entidad_sin_isin_pendiente,7,58 | 62 | 68 | 75 | 89 | 91 | 92,CL0001737767 | XS0213272122 | US195325BR53 | US91086QBB32 | US912810RH32 | US912810RN00 | US912828K742,1.2617261019152745e-17,72083.37058196179,72083.37058196179
H10J_0000066,2015-09,CA-0001-se2015.XLS,1,49,ADS,entidad_sin_isin_pendiente,2,51 | 55,US05367G1004 | US40053C1053,0.0,50001.3523373135,50001.3523373135
H10J_0000067,2015-09,CA-0001-se2015.XLS,1,28,ACC EXTRANJERO,entidad_sin_isin_pendiente,7,30 | 32 | 36 | 40 | 44 | 46 | 48,US0378331005 | US2547091080 | CLP3880F1085 | US59156R1086 | US92826C8394 | PAP310761054 | US0846701086,0.0,187388.7572336572,187388.7572336572
H10J_0000068,2015-09,CA-0001-se2015.XLS,1,7,BROWN BROTHERS,entidad_sin_isin_pendiente,9,10 | 11 | 12 | 13 | 14 | 15 | 16 | 17 | 20,BRL | CAD | CLP | COP | EUR | GBP | JPY | MXN | USD,3.833293088394322e-10,140584.6051462483,140584.6050923581
H10J_0000069,2015-09,CA-0001-se2015.XLS,1,6,CTA CTE EXT,entidad_sin_isin_pendiente,9,10 | 11 | 12 | 13 | 14 | 15 | 16 | 17 | 20,BRL | CAD | CLP | COP | EUR | GBP | JPY | MXN | USD,3.833293088394322e-10,140584.6051462483,140584.6050923581
H10J_0000070,2015-10,CA-0001-oc2015.XLS,1,94,BON SIS FIN EXT,entidad_sin_isin_pendiente,6,99 | 104 | 108 | 117 | 121 | 123,US05966UAR59 | USP16259AB20 | XS0835507087 | XS0246220379 | US59022CAP86 | US61747YBA29,0.0,99607.75611816089,99607.75611816089
H10J_0000071,2015-10,CA-0001-oc2015.XLS,1,91,TIT.EMP.PUB.EXT,entidad_sin_isin_pendiente,1,93,USP9379RAB35,0.0,17701.531028307203,17701.531028307203
H10J_0000072,2015-10,CA-0001-oc2015.XLS,1,59,TIT ESTAD EXTRA,entidad_sin_isin_pendiente,6,61 | 71 | 76 | 88 | 89 | 90,CL0001737767 | US195325BR53 | US91086QBB32 | US912810RH32 | US912810RN00 | US912828K742,0.0,72179.2642694238,72179.2642694238
H10J_0000073,2015-10,CA-0001-oc2015.XLS,1,52,ADS,entidad_sin_isin_pendiente,2,54 | 58,US05367G1004 | US40053C1053,0.0,42167.890929425004,42167.890929425004
H10J_0000074,2015-10,CA-0001-oc2015.XLS,1,31,ACC EXTRANJERO,entidad_sin_isin_pendiente,7,33 | 35 | 39 | 43 | 47 | 49 | 51,US0378331005 | US2547091080 | CLP3880F1085 | US59156R1086 | US92826C8394 | PAP310761054 | US0846701086,1.3128228289315311e-17,138555.5890299592,138555.5890299592
H10J_0000075,2015-11,CA-0001-no2015.XLS,1,408,DEP ON CMS,entidad_sin_isin_pendiente,2,409 | 413,A NZ Bank Group | DnB Bank,1.3771426069715705e-16,52833.72671319601,52833.726713195996
H10J_0000076,2015-11,CA-0001-no2015.XLS,1,103,BON SIS FIN EXT,entidad_sin_isin_pendiente,6,108 | 113 | 117 | 125 | 129 | 131,US05966UAR59 | USP16259AB20 | XS0835507087 | XS0246220379 | US59022CAP86 | US61747YBA29,1.1151148989471906e-16,97872.7522301,97872.7522301
H10J_0000077,2015-11,CA-0001-no2015.XLS,1,100,TIT.EMP.PUB.EXT,entidad_sin_isin_pendiente,1,102,USP9379RAB35,0.0,16836.0236641558,16836.0236641558
H10J_0000078,2015-11,CA-0001-no2015.XLS,1,59,TIT ESTAD EXTRA,entidad_sin_isin_pendiente,4,61 | 97 | 98 | 99,CL0001737767 | US912810RH32 | US912810RN00 | US912828K742,7.042290831183299e-17,25829.512684868998,25829.512684869
H10J_0000079,2015-11,CA-0001-no2015.XLS,1,52,ADS,entidad_sin_isin_pendiente,2,54 | 58,US05367G1004 | US40053C1053,0.0,45862.0841946009,45862.0841946009
H10J_0000080,2015-11,CA-0001-no2015.XLS,1,31,ACC EXTRANJERO,entidad_sin_isin_pendiente,7,33 | 35 | 39 | 43 | 47 | 49 | 51,US0378331005 | US2547091080 | CLP3880F1085 | US59156R1086 | US92826C8394 | PAP310761054 | US0846701086,0.0,141405.4698261192,141405.4698261192
H10J_0000081,2015-12,CA-0001-di2015.XLS,1,99,BON SIS FIN EXT,entidad_sin_isin_pendiente,6,104 | 109 | 113 | 121 | 125 | 127,US05966UAR59 | USP16259AB20 | XS0835507087 | XS0246220379 | US59022CAP86 | US61747YBA29,1.6715320981829398e-16,43528.67421506801,43528.67421506801
H10J_0000082,2015-12,CA-0001-di2015.XLS,1,96,TIT.EMP.PUB.EXT,entidad_sin_isin_pendiente,1,98,USP9379RAB35,0.0,16947.1762048212,16947.1762048212
H10J_0000083,2015-12,CA-0001-di2015.XLS,1,55,TIT ESTAD EXTRA,entidad_sin_isin_pendiente,4,57 | 93 | 94 | 95,CL0001737767 | US912810RH32 | US912810RN00 | US912828K742,1.1839368315667034e-16,15363.9058693595,15363.905869359502
H10J_0000084,2015-12,CA-0001-di2015.XLS,1,31,ACC EXTRANJERO,entidad_sin_isin_pendiente,6,33 | 35 | 39 | 43 | 47 | 49,US0378331005 | US2547091080 | CLP3880F1085 | US59156R1086 | US92826C8394 | US0846701086,0.0,93019.3196940466,93019.3196940466
H10J_0000085,2015-12,CA-0001-di2015.XLS,1,7,BROWN BROTHERS,entidad_sin_isin_pendiente,9,10 | 11 | 12 | 13 | 14 | 15 | 16 | 17 | 20,BRL | CAD | CLP | COP | EUR | GBP | JPY | MXN | USD,6.950523471730141e-10,81555.872506912,81555.8724502264
H10J_0000086,2015-12,CA-0001-di2015.XLS,1,6,CTA CTE EXT,entidad_sin_isin_pendiente,9,10 | 11 | 12 | 13 | 14 | 15 | 16 | 17 | 20,BRL | CAD | CLP | COP | EUR | GBP | JPY | MXN | USD,6.950523471730141e-10,81555.872506912,81555.8724502264
H10J_0000087,2016-01,CA-0001-en2016.XLS,1,354,Altamar,entidad_sin_isin_pendiente,2,355 | 356,"Altamar V - Private Equity Program 2010, F.C.R (de Régimen Simplificado) | Altamar Global Private Equity Program VIII, FCR",0.0,21749.5675541852,21749.5675541852
H10J_0000088,2016-01,CA-0001-en2016.XLS,1,91,BON SIS FIN EXT,entidad_sin_isin_pendiente,5,96 | 101 | 112 | 116 | 118,US05966UAR59 | USP16259AB20 | XS0246220379 | US59022CAP86 | US61747YBA29,5.289037441971386e-17,34391.690803910504,34391.6908039105
H10J_0000089,2016-01,CA-0001-en2016.XLS,1,88,TIT.EMP.PUB.EXT,entidad_sin_isin_pendiente,1,90,USP9379RAB35,0.0,15517.684183537,15517.684183537
H10J_0000090,2016-01,CA-0001-en2016.XLS,1,50,TIT ESTAD EXTRA,entidad_sin_isin_pendiente,1,52,CL0001737767,0.0,3553.32268125,3553.32268125
H10J_0000091,2016-01,CA-0001-en2016.XLS,1,31,ACC EXTRANJERO,entidad_sin_isin_pendiente,6,33 | 35 | 39 | 43 | 47 | 49,US0378331005 | US2547091080 | CLP3880F1085 | US59156R1086 | US92826C8394 | US0846701086,0.0,60633.8469924852,60633.8469924852
H10J_0000092,2016-01,CA-0001-en2016.XLS,1,7,BROWN BROTHERS,entidad_sin_isin_pendiente,9,10 | 11 | 12 | 13 | 14 | 15 | 16 | 17 | 20,BRL | CAD | CLP | COP | EUR | GBP | JPY | MXN | USD,3.4696320975504188e-09,16524.6916553274,16524.691597992798
H10J_0000093,2016-01,CA-0001-en2016.XLS,1,6,CTA CTE EXT,entidad_sin_isin_pendiente,9,10 | 11 | 12 | 13 | 14 | 15 | 16 | 17 | 20,BRL | CAD | CLP | COP | EUR | GBP | JPY | MXN | USD,3.4696320975504188e-09,16524.6916553274,16524.691597992798
H10J_0000094,2016-02,CA-0001-fe2016.XLS,1,338,Altamar,entidad_sin_isin_pendiente,2,339 | 340,"Altamar V - Private Equity Program 2010, F.C.R (de Régimen Simplificado) | Altamar Global Private Equity Program VIII, FCR",1.6408422462656488e-16,22171.4111479717,22171.411147971703
H10J_0000095,2016-02,CA-0001-fe2016.XLS,1,84,BON SIS FIN EXT,entidad_sin_isin_pendiente,5,89 | 93 | 100 | 104 | 106,US05966UAR59 | USP16259AB20 | XS0246220379 | US59022CAP86 | US61747YBA29,0.0,35209.0829622127,35209.0829622127
H10J_0000096,2016-02,CA-0001-fe2016.XLS,1,81,TIT.EMP.PUB.EXT,entidad_sin_isin_pendiente,1,83,USP9379RAB35,0.0,15803.734657227002,15803.734657227002
H10J_0000097,2016-02,CA-0001-fe2016.XLS,1,47,TIT ESTAD EXTRA,entidad_sin_isin_pendiente,1,49,CL0001737767,0.0,3715.4101450747,3715.4101450747
H10J_0000098,2016-02,CA-0001-fe2016.XLS,1,28,ACC EXTRANJERO,entidad_sin_isin_pendiente,5,30 | 36 | 40 | 44 | 46,US0378331005 | CLP3880F1085 | US59156R1086 | US92826C8394 | US0846701086,0.0,61003.104012923,61003.104012923
H10J_0000099,2016-02,CA-0001-fe2016.XLS,1,7,BROWN BROTHERS,entidad_sin_isin_pendiente,9,10 | 11 | 12 | 13 | 14 | 15 | 16 | 17 | 20,BRL | CAD | CLP | COP | EUR | GBP | JPY | MXN | USD,8.479139342836952e-09,18594.3989285126,18594.3987708481
H10J_0000100,2016-02,CA-0001-fe2016.XLS,1,6,CTA CTE EXT,entidad_sin_isin_pendiente,10,10 | 11 | 12 | 13 | 14 | 15 | 16 | 17 | 20 | 25,BRL | CAD | CLP | COP | EUR | GBP | JPY | MXN | USD | Societe General,6.594259805370305e-09,23909.355337652603,23909.355179988102
H10J_0000101,2016-03,CA-0001-ma2016.XLS,1,347,Altamar,entidad_sin_isin_pendiente,2,348 | 349,"Altamar V - Private Equity Program 2010, F.C.R (de Régimen Simplificado) | Altamar Global Private Equity Program VIII, FCR",0.0,21816.9619553848,21816.9619553848
H10J_0000102,2016-03,CA-0001-ma2016.XLS,1,89,BON SIS FIN EXT,entidad_sin_isin_pendiente,4,96 | 104 | 108 | 110,USP16259AB20 | XS0246220379 | US59022CAP86 | US61747YBA29,5.940729690906531e-17,15309.4779445207,15309.477944520699
H10J_0000103,2016-03,CA-0001-ma2016.XLS,1,86,TIT.EMP.PUB.EXT,entidad_sin_isin_pendiente,1,88,USP9379RAB35,0.0,15616.898758422802,15616.898758422802
H10J_0000104,2016-03,CA-0001-ma2016.XLS,1,50,TIT ESTAD EXTRA,entidad_sin_isin_pendiente,2,52 | 84,CL0001737767 | MX0MGO0000J5,0.0,19619.0858219956,19619.0858219956
H10J_0000105,2016-03,CA-0001-ma2016.XLS,1,47,ADS,entidad_sin_isin_pendiente,1,49,US40053C1053,0.0,113.6273796,113.6273796
H10J_0000106,2016-03,CA-0001-ma2016.XLS,1,28,ACC EXTRANJERO,entidad_sin_isin_pendiente,4,36 | 40 | 44 | 46,CLP3880F1085 | US59156R1086 | US92826C8394 | US0846701086,0.0,52021.9833528792,52021.9833528792
H10J_0000107,2016-04,CA-0001-ab2016.XLS,1,358,Altamar,entidad_sin_isin_pendiente,2,359 | 360,"Altamar V - Private Equity Program 2010, F.C.R (de Régimen Simplificado) | Altamar Global Private Equity Program VIII, FCR",0.0,22911.4992668739,22911.4992668739
H10J_0000108,2016-04,CA-0001-ab2016.XLS,1,92,BON SIS FIN EXT,entidad_sin_isin_pendiente,4,99 | 107 | 111 | 113,USP16259AB20 | XS0246220379 | US59022CAP86 | US61747YBA29,1.183025116641625e-16,15375.746279247298,15375.746279247302
H10J_0000109,2016-04,CA-0001-ab2016.XLS,1,89,TIT.EMP.PUB.EXT,entidad_sin_isin_pendiente,1,91,USP9379RAB35,0.0,16096.680626683199,16096.680626683199
H10J_0000110,2016-04,CA-0001-ab2016.XLS,1,50,TIT ESTAD EXTRA,entidad_sin_isin_pendiente,3,52 | 84 | 88,CL0001737767 | MX0MGO0000J5 | US912828P469,0.0,155919.89497345607,155919.89497345607
H10J_0000111,2016-04,CA-0001-ab2016.XLS,1,47,ADS,entidad_sin_isin_pendiente,1,49,US40053C1053,0.0,114.059888,114.059888
H10J_0000112,2016-04,CA-0001-ab2016.XLS,1,28,ACC EXTRANJERO,entidad_sin_isin_pendiente,4,36 | 40 | 44 | 46,CLP3880F1085 | US59156R1086 | US92826C8394 | US0846701086,1.376352615368463e-16,52864.051936542295,52864.0519365423
H10J_0000113,2016-04,CA-0001-ab2016.XLS,1,7,BROWN BROTHERS,entidad_sin_isin_pendiente,9,10 | 11 | 12 | 13 | 14 | 15 | 16 | 17 | 20,BRL | CAD | CLP | COP | EUR | GBP | JPY | MXN | USD,1.4989252911166876e-09,41143.7456988837,41143.7456372123
H10J_0000114,2016-04,CA-0001-ab2016.XLS,1,6,CTA CTE EXT,entidad_sin_isin_pendiente,10,10 | 11 | 12 | 13 | 14 | 15 | 16 | 17 | 20 | 25,BRL | CAD | CLP | COP | EUR | GBP | JPY | MXN | USD | Societe General,1.230753578265752e-09,50108.6502072037,50108.6501455323
H10J_0000115,2016-05,CA-0001-my2016.XLS,1,361,Altamar,entidad_sin_isin_pendiente,2,362 | 363,"Altamar V - Private Equity Program 2010, F.C.R (de Régimen Simplificado) | Altamar Global Private Equity Program VIII, FCR",0.0,22888.2927352432,22888.2927352432
H10J_0000116,2016-05,CA-0001-my2016.XLS,1,89,BON SIS FIN EXT,entidad_sin_isin_pendiente,5,95 | 97 | 105 | 109 | 111,USP09252AK62 | USP16259AB20 | XS0246220379 | US59022CAP86 | US61747YBA29,5.121395747477601e-17,35517.454483804504,35517.454483804504
H10J_0000117,2016-05,CA-0001-my2016.XLS,1,86,TIT.EMP.PUB.EXT,entidad_sin_isin_pendiente,1,88,USP9379RAB35,0.0,15526.191567404201,15526.191567404201
H10J_0000118,2016-05,CA-0001-my2016.XLS,1,47,TIT ESTAD EXTRA,entidad_sin_isin_pendiente,4,49 | 81 | 82 | 85,CL0001737767 | MX0MGO0000J5 | MX0MGO0000P2 | US912828R366,6.164348640603618e-17,236065.73989854532,236065.73989854532
H10J_0000119,2016-05,CA-0001-my2016.XLS,1,28,ACC EXTRANJERO,entidad_sin_isin_pendiente,4,36 | 40 | 44 | 46,CLP3880F1085 | US59156R1086 | US92826C8394 | US0846701086,0.0,51627.951116598495,51627.951116598495
H10J_0000120,2016-05,CA-0001-my2016.XLS,1,7,BROWN BROTHERS,entidad_sin_isin_pendiente,9,10 | 11 | 12 | 13 | 14 | 15 | 16 | 17 | 20,BRL | CAD | CLP | COP | EUR | GBP | JPY | MXN | USD,8.289355119101462e-10,73685.3591259723,73685.3590648919
H10J_0000121,2016-05,CA-0001-my2016.XLS,1,6,CTA CTE EXT,entidad_sin_isin_pendiente,10,10 | 11 | 12 | 13 | 14 | 15 | 16 | 17 | 20 | 25,BRL | CAD | CLP | COP | EUR | GBP | JPY | MXN | USD | Societe General,7.368006416475043e-10,82899.50827240529,82899.5082113249
H10J_0000122,2016-06,CA-0001-jn2016.XLS,1,360,Altamar,entidad_sin_isin_pendiente,2,361 | 362,"Altamar V - Private Equity Program 2010, F.C.R (de Régimen Simplificado) | Altamar Global Private Equity Program VIII, FCR",0.0,22161.2987465833,22161.2987465833
H10J_0000123,2016-06,CA-0001-jn2016.XLS,1,89,BON SIS FIN EXT,entidad_sin_isin_pendiente,5,95 | 97 | 105 | 109 | 111,USP09252AK62 | USP16259AB20 | XS0246220379 | US59022CAP86 | US61747YBA29,2.5075184363859515e-17,36270.7084652095,36270.7084652095
H10J_0000124,2016-06,CA-0001-jn2016.XLS,1,86,TIT.EMP.PUB.EXT,entidad_sin_isin_pendiente,1,88,USP9379RAB35,0.0,16121.3575965044,16121.3575965044
H10J_0000125,2016-06,CA-0001-jn2016.XLS,1,47,TIT ESTAD EXTRA,entidad_sin_isin_pendiente,4,49 | 81 | 82 | 85,CL0001737767 | MX0MGO0000J5 | MX0MGO0000P2 | US912810RJ97,5.966864915457094e-17,243878.74427440588,243878.74427440588
H10J_0000126,2016-06,CA-0001-jn2016.XLS,1,28,ACC EXTRANJERO,entidad_sin_isin_pendiente,4,36 | 40 | 44 | 46,CLP3880F1085 | US59156R1086 | US92826C8394 | US0846701086,0.0,49610.724211980196,49610.724211980196
H10J_0000127,2016-06,CA-0001-jn2016.XLS,1,7,BROWN BROTHERS,entidad_sin_isin_pendiente,9,10 | 11 | 12 | 13 | 14 | 15 | 16 | 17 | 20,BRL | CAD | CLP | COP | EUR | GBP | JPY | MXN | USD,2.8858326074292627e-10,220527.73239057392,220527.7323269333
H10J_0000128,2016-06,CA-0001-jn2016.XLS,1,6,CTA CTE EXT,entidad_sin_isin_pendiente,10,10 | 11 | 12 | 13 | 14 | 15 | 16 | 17 | 20 | 25,BRL | CAD | CLP | COP | EUR | GBP | JPY | MXN | USD | Societe General,2.713481682348301e-10,234534.8606388299,234534.86057518932
H10J_0000129,2016-07,CA-0001-jl2016.XLS,1,369,Altamar,entidad_sin_isin_pendiente,2,370 | 371,"Altamar V - Private Equity Program 2010, F.C.R (de Régimen Simplificado) | Altamar Global Private Equity Program VIII, FCR",0.0,26275.7465771606,26275.7465771606
H10J_0000130,2016-07,CA-0001-jl2016.XLS,1,91,BON SIS FIN EXT,entidad_sin_isin_pendiente,4,99 | 107 | 111 | 113,USP16259AB20 | XS0246220379 | US59022CAP86 | US61747YBA29,1.6968109026634358e-16,16080.0717453899,16080.071745389901
H10J_0000131,2016-07,CA-0001-jl2016.XLS,1,88,TIT.EMP.PUB.EXT,entidad_sin_isin_pendiente,1,90,USP9379RAB35,0.0,15727.8463995288,15727.8463995288
H10J_0000132,2016-07,CA-0001-jl2016.XLS,1,49,TIT ESTAD EXTRA,entidad_sin_isin_pendiente,2,51 | 86,CL0001737767 | US912810RJ97,1.8408751031777497e-16,79048.90018473871,79048.9001847387
H10J_0000133,2016-07,CA-0001-jl2016.XLS,1,28,ACC EXTRANJERO,entidad_sin_isin_pendiente,5,36 | 40 | 44 | 46 | 48,CLP3880F1085 | US59156R1086 | US92826C8394 | US0846701086 | US4385161066,0.0,120517.921513595,120517.921513595
H10J_0000134,2016-07,CA-0001-jl2016.XLS,1,7,BROWN BROTHERS,entidad_sin_isin_pendiente,9,10 | 11 | 12 | 13 | 14 | 15 | 16 | 17 | 20,BRL | CAD | CLP | COP | EUR | GBP | JPY | MXN | USD,6.815263873193178e-10,96314.99259559659,96314.9925299554
H10J_0000135,2016-08,CA-0001-ag2016.XLS,1,394,Altamar,entidad_sin_isin_pendiente,2,395 | 396,"Altamar V - Private Equity Program 2010, F.C.R (de Régimen Simplificado) | Altamar Global Private Equity Program VIII, FCR",0.0,26552.1048824526,26552.1048824526
H10J_0000136,2016-08,CA-0001-ag2016.XLS,1,113,BON SIS FIN EXT,entidad_sin_isin_pendiente,4,121 | 130 | 134 | 136,USP16259AB20 | XS0246220379 | US59022CAP86 | US61747YBA29,1.107408201539631e-16,16425.6450423332,16425.6450423332
H10J_0000137,2016-08,CA-0001-ag2016.XLS,1,110,TIT.EMP.PUB.EXT,entidad_sin_isin_pendiente,1,112,USP9379RAB35,0.0,16996.294456514,16996.294456514
H10J_0000138,2016-08,CA-0001-ag2016.XLS,1,72,TIT ESTAD EXTRA,entidad_sin_isin_pendiente,2,74 | 109,CL0001737767 | US912810RJ97,1.8358777058026431e-16,79264.0772442126,79264.07724421259
H10J_0000139,2016-08,CA-0001-ag2016.XLS,1,61,ADS,entidad_sin_isin_pendiente,5,63 | 65 | 67 | 69 | 71,US1512908898 | US02319V1035 | US0595201064 | US29274F1049 | US3444191064,0.0,33945.68671445,33945.68671445
H10J_0000140,2016-08,CA-0001-ag2016.XLS,1,28,ACC EXTRANJERO,entidad_sin_isin_pendiente,11,36 | 40 | 44 | 46 | 48 | 50 | 52 | 54 | 56 | 58 | 60,CLP3880F1085 | US59156R1086 | US92826C8394 | CL0000000100 | US0846701086 | US4385161066 | BRRADLACNOR0 | MXP370841019 | BRCIELACNOR3 | BRLRENACNOR1 | MX01WA000038,1.4231620753589236e-16,153375.8748949606,153375.8748949606
H10J_0000141,2016-08,CA-0001-ag2016.XLS,1,7,BROWN BROTHERS,entidad_sin_isin_pendiente,9,10 | 11 | 12 | 13 | 14 | 15 | 16 | 17 | 20,BRL | CAD | CLP | COP | EUR | GBP | JPY | MXN | USD,1.5530068844638647e-16,32209.907823286903,32209.9078232869
H10J_0000142,2016-09,CA-0001-se2016.XLS,1,387,Altamar,entidad_sin_isin_pendiente,2,388 | 389,"Altamar V - Private Equity Program 2010, F.C.R (de Régimen Simplificado) | Altamar Global Private Equity Program VIII, FCR",1.363910058762665e-16,26673.157688946703,26673.1576889467
H10J_0000143,2016-09,CA-0001-se2016.XLS,1,147,BON EMP PRI EXT,entidad_sin_isin_pendiente,2,156 | 164,USP3703CAA82 | US84265VAE56,0.0,8098.7366720196005,8098.7366720196005
H10J_0000144,2016-09,CA-0001-se2016.XLS,1,111,BON SIS FIN EXT,entidad_sin_isin_pendiente,4,119 | 128 | 132 | 134,USP16259AB20 | XS0246220379 | US59022CAP86 | US61747YBA29,0.0,15740.069735543402,15740.069735543402
H10J_0000145,2016-09,CA-0001-se2016.XLS,1,108,TIT.EMP.PUB.EXT,entidad_sin_isin_pendiente,1,110,USP9379RAB35,0.0,17588.0752684006,17588.0752684006
H10J_0000146,2016-09,CA-0001-se2016.XLS,1,70,TIT ESTAD EXTRA,entidad_sin_isin_pendiente,3,72 | 103 | 104,CL0001737767 | MXBIGO000JZ2 | MXBIGO000KJ4,2.45507605677696e-16,118545.53498005027,118545.5349800503
H10J_0000147,2016-09,CA-0001-se2016.XLS,1,59,ADS,entidad_sin_isin_pendiente,5,61 | 63 | 65 | 67 | 69,US1512908898 | US02319V1035 | US0595201064 | US29274F1049 | US3444191064,2.209990217452878e-16,32923.030865581495,32923.0308655815
H10J_0000148,2016-09,CA-0001-se2016.XLS,1,28,ACC EXTRANJERO,entidad_sin_isin_pendiente,10,36 | 40 | 44 | 46 | 48 | 50 | 52 | 54 | 56 | 58,CLP3880F1085 | US59156R1086 | US92826C8394 | CL0000000100 | US0846701086 | BRRADLACNOR0 | MXP370841019 | BRCIELACNOR3 | BRLRENACNOR1 | MX01WA000038,1.5350115929278318e-16,94800.0347059985,94800.03470599849
H10J_0000149,2016-09,CA-0001-se2016.XLS,1,7,BROWN BROTHERS,entidad_sin_isin_pendiente,10,10 | 11 | 12 | 13 | 14 | 15 | 16 | 17 | 18 | 20,BRL | CAD | CLP | COP | EUR | GBP | JPY | MXN | PEN | USD,1.3428278832678882e-16,33864.9023119625,33864.9023119625
H10J_0000150,2016-10,CA-0001-oc2016.XLS,1,392,Altamar,entidad_sin_isin_pendiente,2,393 | 394,"Altamar V - Private Equity Program 2010, F.C.R (de Régimen Simplificado) | Altamar Global Private Equity Program VIII, FCR",0.0,26742.0379462179,26742.0379462179
H10J_0000151,2016-10,CA-0001-oc2016.XLS,1,150,BON EMP PRI EXT,entidad_sin_isin_pendiente,2,159 | 167,USP3703CAA82 | US84265VAE56,0.0,7779.5961213036,7779.5961213036
H10J_0000152,2016-10,CA-0001-oc2016.XLS,1,113,BON SIS FIN EXT,entidad_sin_isin_pendiente,5,120 | 122 | 131 | 135 | 137,USP09252AL46 | USP16259AB20 | XS0246220379 | US59022CAP86 | US61747YBA29,8.11120079616607e-17,33638.473191398,33638.473191398
H10J_0000153,2016-10,CA-0001-oc2016.XLS,1,110,TIT.EMP.PUB.EXT,entidad_sin_isin_pendiente,1,112,USP9379RAB35,0.0,16882.19183672,16882.19183672
H10J_0000154,2016-10,CA-0001-oc2016.XLS,1,72,TIT ESTAD EXTRA,entidad_sin_isin_pendiente,4,74 | 85 | 106 | 107,CL0001737767 | US195325CU73 | MXBIGO000JZ2 | MXBIGO000KJ4,1.152663493485326e-16,126245.99729766758,126245.99729766759
H10J_0000155,2016-10,CA-0001-oc2016.XLS,1,61,ADS,entidad_sin_isin_pendiente,5,63 | 65 | 67 | 69 | 71,US1512908898 | US02319V1035 | US0595201064 | US29274F1049 | US3444191064,0.0,33275.52198618901,33275.52198618901
H10J_0000156,2016-10,CA-0001-oc2016.XLS,1,28,ACC EXTRANJERO,entidad_sin_isin_pendiente,11,36 | 40 | 44 | 46 | 48 | 50 | 52 | 54 | 56 | 58 | 60,CLP3880F1085 | US59156R1086 | US92826C8394 | CL0000000100 | US0846701086 | US4385161066 | BRRADLACNOR0 | MXP370841019 | BRCIELACNOR3 | BRLRENACNOR1 | MX01WA000038,0.0,138425.53459716972,138425.53459716972
H10J_0000157,2016-10,CA-0001-oc2016.XLS,1,7,BROWN BROTHERS,entidad_sin_isin_pendiente,9,10 | 11 | 12 | 13 | 14 | 15 | 16 | 17 | 20,BRL | CAD | CLP | COP | EUR | GBP | JPY | MXN | USD,7.238467950814123e-17,50258.961313526896,50258.961313526896
H10J_0000158,2016-11,CA-0001-no2016.XLS,1,391,Altamar,entidad_sin_isin_pendiente,2,392 | 393,"Altamar V - Private Equity Program 2010, F.C.R (de Régimen Simplificado) | Altamar Global Private Equity Program VIII, FCR",1.3869999488443118e-16,26229.119980307,26229.119980306998
H10J_0000159,2016-11,CA-0001-no2016.XLS,1,148,BON EMP PRI EXT,entidad_sin_isin_pendiente,2,157 | 165,USP3703CAA82 | US84265VAE56,0.0,7721.168411602,7721.168411602
H10J_0000160,2016-11,CA-0001-no2016.XLS,1,112,BON SIS FIN EXT,entidad_sin_isin_pendiente,4,120 | 129 | 133 | 135,USP16259AB20 | XS0246220379 | US59022CAP86 | US61747YBA29,0.0,15679.1677589298,15679.1677589298
H10J_0000161,2016-11,CA-0001-no2016.XLS,1,109,TIT.EMP.PUB.EXT,entidad_sin_isin_pendiente,1,111,USP9379RAB35,0.0,16878.9797428214,16878.9797428214
H10J_0000162,2016-11,CA-0001-no2016.XLS,1,72,TIT ESTAD EXTRA,entidad_sin_isin_pendiente,2,74 | 85,CL0001737767 | US195325CU73,0.0,8251.974385048201,8251.974385048201
H10J_0000163,2016-11,CA-0001-no2016.XLS,1,61,ADS,entidad_sin_isin_pendiente,5,63 | 65 | 67 | 69 | 71,US1512908898 | US02319V1035 | US0595201064 | US29274F1049 | US3444191064,2.317491853356404e-16,31395.828225440004,31395.828225439996
H10J_0000164,2016-11,CA-0001-no2016.XLS,1,28,ACC EXTRANJERO,entidad_sin_isin_pendiente,11,36 | 40 | 44 | 46 | 48 | 50 | 52 | 54 | 56 | 58 | 60,CLP3880F1085 | US59156R1086 | US92826C8394 | CL0000000100 | US0846701086 | US4385161066 | BRRADLACNOR0 | MXP370841019 | BRCIELACNOR3 | BRLRENACNOR1 | MX01WA000038,1.0670606204164215e-16,136373.8380926095,136373.8380926095
H10J_0000165,2016-11,CA-0001-no2016.XLS,1,7,BROWN BROTHERS,entidad_sin_isin_pendiente,9,10 | 11 | 12 | 13 | 14 | 15 | 16 | 17 | 20,BRL | CAD | CLP | COP | EUR | GBP | JPY | MXN | USD,0.0,88137.04894050599,88137.04894050599
H10J_0000166,2016-12,CA-0001-di2016.XLS,1,397,Altamar,entidad_sin_isin_pendiente,2,398 | 399,"Altamar V - Private Equity Program 2010, F.C.R (de Régimen Simplificado) | Altamar Global Private Equity Program VIII, FCR",2.8426029315789984e-16,25596.109584470894,25596.1095844709
H10J_0000167,2016-12,CA-0001-di2016.XLS,1,155,BON EMP PRI EXT,entidad_sin_isin_pendiente,2,164 | 172,USP3703CAA82 | US84265VAE56,0.0,7818.7745857833,7818.7745857833
H10J_0000168,2016-12,CA-0001-di2016.XLS,1,120,BON SIS FIN EXT,entidad_sin_isin_pendiente,4,127 | 136 | 140 | 142,USP16259AB20 | XS0246220379 | US59022CAP86 | US61747YBA29,0.0,15830.964832096899,15830.964832096899
H10J_0000169,2016-12,CA-0001-di2016.XLS,1,117,TIT.EMP.PUB.EXT,entidad_sin_isin_pendiente,1,119,USP9379RAB35,0.0,17137.0442022246,17137.0442022246
H10J_0000170,2016-12,CA-0001-di2016.XLS,1,79,TIT ESTAD EXTRA,entidad_sin_isin_pendiente,3,81 | 91 | 116,CL0001737767 | US195325CU73 | US912810RU43,0.0,96044.7451305584,96044.7451305584
H10J_0000171,2016-12,CA-0001-di2016.XLS,1,68,ADS,entidad_sin_isin_pendiente,5,70 | 72 | 74 | 76 | 78,US1512908898 | US02319V1035 | US0595201064 | US29274F1049 | US3444191064,0.0,31120.612306762,31120.612306762
H10J_0000172,2016-12,CA-0001-di2016.XLS,1,35,ACC EXTRANJERO,entidad_sin_isin_pendiente,10,43 | 47 | 53 | 55 | 57 | 59 | 61 | 63 | 65 | 67,CLP3880F1085 | US59156R1086 | CL0000000100 | US0846701086 | US4385161066 | BRRADLACNOR0 | MXP370841019 | BRCIELACNOR3 | BRLRENACNOR1 | MX01WA000038,0.0,103359.9467923544,103359.9467923544
H10J_0000173,2016-12,CA-0001-di2016.XLS,1,7,BROWN BROTHERS,entidad_sin_isin_pendiente,9,10 | 11 | 12 | 13 | 14 | 15 | 16 | 17 | 20,BRL | CAD | CLP | COP | EUR | GBP | JPY | MXN | USD,6.600966629780991e-17,31000.960825293303,31000.9608252933
H10J_0000174,2017-01,CA-0001-en2017.XLS,1,443,PAI Europe,entidad_sin_isin_pendiente,2,444 | 445,PAI Europe VI -1 FPCI | PAI Europe VI -1 SCSP,0.0,27536.1629529081,27536.1629529081
H10J_0000175,2017-01,CA-0001-en2017.XLS,1,401,Altamar,entidad_sin_isin_pendiente,2,402 | 403,"Altamar V - Private Equity Program 2010, F.C.R (de Régimen Simplificado) | Altamar Global Private Equity Program VIII, FCR",0.0,28742.318693062,28742.318693062
H10J_0000176,2017-01,CA-0001-en2017.XLS,1,144,BON EMP PRI EXT,entidad_sin_isin_pendiente,2,151 | 159,USP3703CAA82 | US84265VAE56,0.0,7558.0287546139,7558.0287546139
H10J_0000177,2017-01,CA-0001-en2017.XLS,1,109,BON SIS FIN EXT,entidad_sin_isin_pendiente,4,116 | 125 | 129 | 131,USP16259AB20 | XS0246220379 | US59022CAP86 | US61747YBA29,0.0,15635.5332023812,15635.5332023812
H10J_0000178,2017-01,CA-0001-en2017.XLS,1,106,TIT.EMP.PUB.EXT,entidad_sin_isin_pendiente,1,108,USP9379RAB35,0.0,15897.310189968199,15897.310189968199
H10J_0000179,2017-01,CA-0001-en2017.XLS,1,70,TIT ESTAD EXTRA,entidad_sin_isin_pendiente,2,72 | 82,CL0001737767 | US195325CU73,0.0,8183.6955764429,8183.6955764429
H10J_0000180,2017-01,CA-0001-en2017.XLS,1,59,ADS,entidad_sin_isin_pendiente,5,61 | 63 | 65 | 67 | 69,US1512908898 | US02319V1035 | US0595201064 | US29274F1049 | US3444191064,0.0,32469.1303403806,32469.1303403806
H10J_0000181,2017-01,CA-0001-en2017.XLS,1,26,ACC EXTRANJERO,entidad_sin_isin_pendiente,10,34 | 38 | 44 | 46 | 48 | 50 | 52 | 54 | 56 | 58,CLP3880F1085 | US59156R1086 | CL0000000100 | US0846701086 | US4385161066 | BRRADLACNOR0 | MXP370841019 | BRCIELACNOR3 | BRLRENACNOR1 | MX01WA000038,0.0,103321.81674619019,103321.81674619019
H10J_0000182,2017-01,CA-0001-en2017.XLS,1,7,BROWN BROTHERS,entidad_sin_isin_pendiente,9,9 | 10 | 11 | 12 | 13 | 14 | 15 | 16 | 19,BRL | CAD | CLP | COP | EUR | GBP | JPY | MXN | USD,1.5065666457304385e-16,13582.957546474401,13582.957546474401
H10J_0000183,2017-02,CA-0001-fe2017.XLS,1,440,PAI Europe,entidad_sin_isin_pendiente,2,441 | 442,PAI Europe VI -1 FPCI | PAI Europe VI -1 SCSP,0.0,29135.1681884921,29135.1681884921
H10J_0000184,2017-02,CA-0001-fe2017.XLS,1,398,Altamar,entidad_sin_isin_pendiente,2,399 | 400,"Altamar V - Private Equity Program 2010, F.C.R (de Régimen Simplificado) | Altamar Global Private Equity Program VIII, FCR",2.583825767363221e-16,28159.629438205106,28159.6294382051
H10J_0000185,2017-02,CA-0001-fe2017.XLS,1,105,BON SIS FIN EXT,entidad_sin_isin_pendiente,4,112 | 121 | 125 | 127,USP16259AB20 | XS0246220379 | US59022CAP86 | US61747YBA29,0.0,15725.530637388401,15725.530637388401
H10J_0000186,2017-02,CA-0001-fe2017.XLS,1,102,TIT.EMP.PUB.EXT,entidad_sin_isin_pendiente,1,104,USP9379RAB35,0.0,16542.193613424,16542.193613424
H10J_0000187,2017-02,CA-0001-fe2017.XLS,1,70,TIT ESTAD EXTRA,entidad_sin_isin_pendiente,2,72 | 82,CL0001737767 | US195325CU73,0.0,8279.3451890544,8279.3451890544
H10J_0000188,2017-02,CA-0001-fe2017.XLS,1,59,ADS,entidad_sin_isin_pendiente,5,61 | 63 | 65 | 67 | 69,US1512908898 | US02319V1035 | US0595201064 | US29274F1049 | US3444191064,0.0,33905.4560807358,33905.4560807358
H10J_0000189,2017-02,CA-0001-fe2017.XLS,1,26,ACC EXTRANJERO,entidad_sin_isin_pendiente,10,34 | 38 | 44 | 46 | 48 | 50 | 52 | 54 | 56 | 58,CLP3880F1085 | US59156R1086 | CL0000000100 | US0846701086 | US4385161066 | BRRADLACNOR0 | MXP370841019 | BRCIELACNOR3 | BRLRENACNOR1 | MX01WA000038,0.0,107284.1337371456,107284.1337371456
H10J_0000190,2017-02,CA-0001-fe2017.XLS,1,7,BROWN BROTHERS,entidad_sin_isin_pendiente,9,9 | 10 | 11 | 12 | 13 | 14 | 15 | 16 | 19,BRL | CAD | CLP | COP | EUR | GBP | JPY | MXN | USD,0.0,19240.3612608027,19240.3612608027
H10J_0000191,2017-03,CA-0001-ma2017.XLS,1,451,PAI Europe,entidad_sin_isin_pendiente,2,452 | 453,PAI Europe VI -1 FPCI | PAI Europe VI -1 SCSP,2.491331806379426e-16,29205.092615733694,29205.0926157337
H10J_0000192,2017-03,CA-0001-ma2017.XLS,1,409,Altamar,entidad_sin_isin_pendiente,2,410 | 411,"Altamar V - Private Equity Program 2010, F.C.R (de Régimen Simplificado) | Altamar Global Private Equity Program VIII, FCR",0.0,28227.2125716562,28227.2125716562
H10J_0000193,2017-03,CA-0001-ma2017.XLS,1,110,BON SIS FIN EXT,entidad_sin_isin_pendiente,3,117 | 126 | 130,USP16259AB20 | XS0246220379 | US61747YBA29,1.4317844207388147e-16,12704.3525351899,12704.352535189899
H10J_0000194,2017-03,CA-0001-ma2017.XLS,1,106,TIT.EMP.PUB.EXT,entidad_sin_isin_pendiente,1,108,USP9379RAB35,0.0,16969.764389607597,16969.764389607597
H10J_0000195,2017-03,CA-0001-ma2017.XLS,1,70,TIT ESTAD EXTRA,entidad_sin_isin_pendiente,2,72 | 82,CL0001737767 | US195325CU73,0.0,8281.8196403715,8281.8196403715
H10J_0000196,2017-03,CA-0001-ma2017.XLS,1,59,ADS,entidad_sin_isin_pendiente,5,61 | 63 | 65 | 67 | 69,US1512908898 | US02319V1035 | US0595201064 | US29274F1049 | US3444191064,0.0,31593.3060688,31593.3060688
H10J_0000197,2017-03,CA-0001-ma2017.XLS,1,26,ACC EXTRANJERO,entidad_sin_isin_pendiente,10,34 | 38 | 44 | 46 | 48 | 50 | 52 | 54 | 56 | 58,CLP3880F1085 | US59156R1086 | CL0000000100 | US0846701086 | US4385161066 | BRRADLACNOR0 | MXP370841019 | BRCIELACNOR3 | BRLRENACNOR1 | MX01WA000038,1.290052654179086e-16,112800.94018818821,112800.9401881882
H10J_0000198,2017-04,CA-0001-ab2017.XLS,1,453,PAI Europe,entidad_sin_isin_pendiente,2,454 | 455,PAI Europe VI -1 FPCI | PAI Europe VI -1 SCSP,0.0,29685.8069407213,29685.8069407213
H10J_0000199,2017-04,CA-0001-ab2017.XLS,1,411,Altamar,entidad_sin_isin_pendiente,2,412 | 413,"Altamar V - Private Equity Program 2010, F.C.R (de Régimen Simplificado) | Altamar Global Private Equity Program VIII, FCR",1.1845911676410294e-16,30710.8385278299,30710.838527829896
H10J_0000200,2017-04,CA-0001-ab2017.XLS,1,106,BON SIS FIN EXT,entidad_sin_isin_pendiente,2,113 | 121,USP16259AB20 | XS0246220379,1.5091727441415427e-16,12052.8906356611,12052.8906356611
H10J_0000201,2017-04,CA-0001-ab2017.XLS,1,102,TIT.EMP.PUB.EXT,entidad_sin_isin_pendiente,1,104,USP9379RAB35,0.0,16615.295391285803,16615.295391285803
H10J_0000202,2017-04,CA-0001-ab2017.XLS,1,66,TIT ESTAD EXTRA,entidad_sin_isin_pendiente,2,68 | 78,CL0001737767 | US195325CU73,0.0,8299.000428506199,8299.000428506199
H10J_0000203,2017-04,CA-0001-ab2017.XLS,1,55,ADS,entidad_sin_isin_pendiente,5,57 | 59 | 61 | 63 | 65,US1512908898 | US02319V1035 | US0595201064 | US29274F1049 | US3444191064,0.0,29728.9311630972,29728.9311630972
H10J_0000204,2017-04,CA-0001-ab2017.XLS,1,26,ACC EXTRANJERO,entidad_sin_isin_pendiente,8,34 | 38 | 44 | 46 | 48 | 50 | 52 | 54,CLP3880F1085 | US59156R1086 | CL0000000100 | BRRADLACNOR0 | MXP370841019 | BRCIELACNOR3 | BRLRENACNOR1 | MX01WA000038,1.6087871078407355e-16,45226.3545544506,45226.354554450605
H10J_0000205,2017-05,CA-0001-my2017.XLS,1,458,PAI Europe,entidad_sin_isin_pendiente,2,459 | 460,PAI Europe VI -1 FPCI | PAI Europe VI -1 SCSP,0.0,30931.1936862769,30931.1936862769
H10J_0000206,2017-05,CA-0001-my2017.XLS,1,416,Altamar,entidad_sin_isin_pendiente,2,417 | 418,"Altamar V - Private Equity Program 2010, F.C.R (de Régimen Simplificado) | Altamar Global Private Equity Program VIII, FCR",0.0,31999.2276669169,31999.2276669169
H10J_0000207,2017-05,CA-0001-my2017.XLS,1,106,BON SIS FIN EXT,entidad_sin_isin_pendiente,2,113 | 121,USP16259AB20 | XS0246220379,0.0,12181.1038699278,12181.1038699278
H10J_0000208,2017-05,CA-0001-my2017.XLS,1,102,TIT.EMP.PUB.EXT,entidad_sin_isin_pendiente,1,104,USP9379RAB35,0.0,12397.050853299801,12397.050853299801
H10J_0000209,2017-05,CA-0001-my2017.XLS,1,56,TIT ESTAD EXTRA,entidad_sin_isin_pendiente,2,58 | 68,CL0001737767 | US195325CU73,0.0,8353.392265968501,8353.392265968501
H10J_0000210,2017-05,CA-0001-my2017.XLS,1,45,ADS,entidad_sin_isin_pendiente,5,47 | 49 | 51 | 53 | 55,US1512908898 | US02319V1035 | US0595201064 | US29274F1049 | US3444191064,0.0,30699.0883296686,30699.0883296686
H10J_0000211,2017-05,CA-0001-my2017.XLS,1,26,ACC EXTRANJERO,entidad_sin_isin_pendiente,8,28 | 30 | 34 | 36 | 38 | 40 | 42 | 44,CLP3880F1085 | US59156R1086 | CL0000000100 | BRRADLACNOR0 | MXP370841019 | BRCIELACNOR3 | BRLRENACNOR1 | MX01WA000038,1.6852660880276944e-16,43173.93950944949,43173.9395094495
H10J_0000212,2017-05,CA-0001-my2017.XLS,1,7,BROWN BROTHERS,entidad_sin_isin_pendiente,9,9 | 10 | 11 | 12 | 13 | 14 | 15 | 16 | 19,BRL | CAD | CLP | COP | EUR | GBP | JPY | MXN | USD,0.0,69939.8514094381,69939.8514094381
H10J_0000213,2017-06,CA-0001-jn2017.XLS,1,509,DEP ON CMS,entidad_sin_isin_pendiente,3,514 | 516 | 518,Skandinaviska E | DBS Bank | CITIBANK N.A.,0.0,96247.07903529,96247.07903529
H10J_0000214,2017-06,CA-0001-jn2017.XLS,1,468,PAI Europe,entidad_sin_isin_pendiente,2,469 | 470,PAI Europe VI -1 FPCI | PAI Europe VI -1 SCSP,0.0,45913.4763228838,45913.4763228838
H10J_0000215,2017-06,CA-0001-jn2017.XLS,1,426,Altamar,entidad_sin_isin_pendiente,2,427 | 428,"Altamar V - Private Equity Program 2010, F.C.R (de Régimen Simplificado) | Altamar Global Private Equity Program VIII, FCR",0.0,32335.7416961028,32335.7416961028
H10J_0000216,2017-06,CA-0001-jn2017.XLS,1,112,BON SIS FIN EXT,entidad_sin_isin_pendiente,2,119 | 127,USP16259AB20 | XS0246220379,0.0,12155.7457554329,12155.7457554329
H10J_0000217,2017-06,CA-0001-jn2017.XLS,1,108,TIT.EMP.PUB.EXT,entidad_sin_isin_pendiente,1,110,USP9379RAB35,0.0,11886.5479780736,11886.5479780736
H10J_0000218,2017-06,CA-0001-jn2017.XLS,1,61,TIT ESTAD EXTRA,entidad_sin_isin_pendiente,2,63 | 74,CL0001737767 | US195325CU73,0.0,8256.6550060054,8256.6550060054
H10J_0000219,2017-06,CA-0001-jn2017.XLS,1,50,ADS,entidad_sin_isin_pendiente,5,52 | 54 | 56 | 58 | 60,US1512908898 | US02319V1035 | US0595201064 | US29274F1049 | US3444191064,1.2131831806551454e-16,29987.052780661903,29987.0527806619
H10J_0000220,2017-06,CA-0001-jn2017.XLS,1,29,ACC EXTRANJERO,entidad_sin_isin_pendiente,9,31 | 33 | 37 | 39 | 41 | 43 | 45 | 47 | 49,CLP3880F1085 | US59156R1086 | CL0000000100 | BRRADLACNOR0 | MXP370841019 | BRCIELACNOR3 | BRLRENACNOR1 | MX01WA000038 | MXP4948K1056,0.0,44129.059262165,44129.059262165
H10J_0000221,2017-06,CA-0001-jn2017.XLS,1,7,BROWN BROTHERS,entidad_sin_isin_pendiente,10,10 | 11 | 12 | 13 | 14 | 15 | 16 | 17 | 18 | 20,BRL | CAD | CLP | COP | EUR | GBP | JPY | MXN | PEN | USD,7.579874898674464e-17,59994.04435632419,59994.0443563242
H10J_0000222,2017-07,CA-0001-jl2017.XLS,1,467,PAI Europe,entidad_sin_isin_pendiente,2,468 | 469,PAI Europe VI -1 FPCI | PAI Europe VI -1 SCSP,0.0,47414.9397434521,47414.9397434521
H10J_0000223,2017-07,CA-0001-jl2017.XLS,1,425,Altamar,entidad_sin_isin_pendiente,2,426 | 427,"Altamar V - Private Equity Program 2010, F.C.R (de Régimen Simplificado) | Altamar Global Private Equity Program VIII, FCR",0.0,40223.3928145152,40223.3928145152
H10J_0000224,2017-07,CA-0001-jl2017.XLS,1,108,BON SIS FIN EXT,entidad_sin_isin_pendiente,2,116 | 124,USP16259AB20 | XS0246220379,1.4892340439728016e-16,12214.261491722098,12214.2614917221
H10J_0000225,2017-07,CA-0001-jl2017.XLS,1,104,TIT.EMP.PUB.EXT,entidad_sin_isin_pendiente,1,106,USP9379RAB35,0.0,12155.474659780599,12155.474659780599
H10J_0000226,2017-07,CA-0001-jl2017.XLS,1,56,TIT ESTAD EXTRA,entidad_sin_isin_pendiente,2,58 | 68,CL0001737767 | US195325CU73,0.0,8282.8404451782,8282.8404451782
H10J_0000227,2017-07,CA-0001-jl2017.XLS,1,45,ADS,entidad_sin_isin_pendiente,5,47 | 49 | 51 | 53 | 55,US1512908898 | US02319V1035 | US0595201064 | US29274F1049 | US3444191064,2.2732223814052356e-16,32007.24079483,32007.240794830006
H10J_0000228,2017-07,CA-0001-jl2017.XLS,1,26,ACC EXTRANJERO,entidad_sin_isin_pendiente,8,28 | 32 | 34 | 36 | 38 | 40 | 42 | 44,CLP3880F1085 | CL0000000100 | BRRADLACNOR0 | MXP370841019 | BRCIELACNOR3 | BRLRENACNOR1 | MX01WA000038 | MXP4948K1056,0.0,47565.4046026647,47565.4046026647
H10J_0000229,2017-07,CA-0001-jl2017.XLS,1,7,BROWN BROTHERS,entidad_sin_isin_pendiente,9,9 | 10 | 11 | 12 | 13 | 14 | 15 | 16 | 19,BRL | CAD | CLP | COP | EUR | GBP | JPY | MXN | USD,1.74387356653261e-17,65192.13313592601,65192.13313592601
H10J_0000230,2017-08,CA-0001-ag2017.XLS,1,468,PAI Europe,entidad_sin_isin_pendiente,2,469 | 470,PAI Europe VI -1 FPCI | PAI Europe VI -1 SCSP,0.0,51501.8999872789,51501.8999872789
H10J_0000231,2017-08,CA-0001-ag2017.XLS,1,426,Altamar,entidad_sin_isin_pendiente,2,427 | 428,"Altamar V - Private Equity Program 2010, F.C.R (de Régimen Simplificado) | Altamar Global Private Equity Program VIII, FCR",0.0,40448.2310901245,40448.2310901245
H10J_0000232,2017-08,CA-0001-ag2017.XLS,1,143,BON EMP PRI EXT,entidad_sin_isin_pendiente,1,145,USP3703CAA82,0.0,3991.1191556528,3991.1191556528
H10J_0000233,2017-08,CA-0001-ag2017.XLS,1,110,BON SIS FIN EXT,entidad_sin_isin_pendiente,2,118 | 126,USP16259AB20 | XS0246220379,1.4813236834333303e-16,12279.486407251,12279.486407250999
H10J_0000234,2017-08,CA-0001-ag2017.XLS,1,106,TIT.EMP.PUB.EXT,entidad_sin_isin_pendiente,1,108,USP9379RAB35,0.0,12402.9374672748,12402.9374672748
H10J_0000235,2017-08,CA-0001-ag2017.XLS,1,56,TIT ESTAD EXTRA,entidad_sin_isin_pendiente,2,58 | 68,CL0001737767 | US195325CU73,0.0,8538.611687769102,8538.611687769102
H10J_0000236,2017-08,CA-0001-ag2017.XLS,1,45,ADS,entidad_sin_isin_pendiente,5,47 | 49 | 51 | 53 | 55,US1512908898 | US02319V1035 | US0595201064 | US29274F1049 | US3444191064,2.0781460089078588e-16,35011.77291198709,35011.7729119871
H10J_0000237,2017-08,CA-0001-ag2017.XLS,1,26,ACC EXTRANJERO,entidad_sin_isin_pendiente,8,28 | 32 | 34 | 36 | 38 | 40 | 42 | 44,CLP3880F1085 | CL0000000100 | BRRADLACNOR0 | MXP370841019 | BRCIELACNOR3 | BRLRENACNOR1 | MX01WA000038 | MXP4948K1056,0.0,48802.8946877463,48802.8946877463
H10J_0000238,2017-09,CA-0001-se2017.XLS,1,472,PAI Europe,entidad_sin_isin_pendiente,2,473 | 474,PAI Europe VI -1 FPCI | PAI Europe VI -1 SCSP,1.410757881903581e-16,51574.8145554625,51574.81455546249
H10J_0000239,2017-09,CA-0001-se2017.XLS,1,430,Altamar,entidad_sin_isin_pendiente,2,431 | 432,"Altamar V - Private Equity Program 2010, F.C.R (de Régimen Simplificado) | Altamar Global Private Equity Program VIII, FCR",0.0,40505.496264894,40505.496264894
H10J_0000240,2017-09,CA-0001-se2017.XLS,1,143,BON EMP PRI EXT,entidad_sin_isin_pendiente,1,145,USP3703CAA82,0.0,4059.1584662188,4059.1584662188
H10J_0000241,2017-09,CA-0001-se2017.XLS,1,112,BON SIS FIN EXT,entidad_sin_isin_pendiente,2,120 | 126,USP16259AB20 | XS0246220379,0.0,12072.469739066999,12072.469739066999
H10J_0000242,2017-09,CA-0001-se2017.XLS,1,108,TIT.EMP.PUB.EXT,entidad_sin_isin_pendiente,1,110,USP9379RAB35,0.0,12614.1446953458,12614.1446953458
H10J_0000243,2017-09,CA-0001-se2017.XLS,1,56,TIT ESTAD EXTRA,entidad_sin_isin_pendiente,3,58 | 68 | 94,CL0001737767 | US195325CU73 | MX0MGO0000P2,0.0,130717.2334901835,130717.2334901835
H10J_0000244,2017-09,CA-0001-se2017.XLS,1,45,ADS,entidad_sin_isin_pendiente,5,47 | 49 | 51 | 53 | 55,US1512908898 | US02319V1035 | US0595201064 | US29274F1049 | US3444191064,0.0,35168.483357624005,35168.483357624005
H10J_0000245,2017-09,CA-0001-se2017.XLS,1,26,ACC EXTRANJERO,entidad_sin_isin_pendiente,8,28 | 32 | 34 | 36 | 38 | 40 | 42 | 44,CLP3880F1085 | CL0000000100 | BRRADLACNOR0 | MXP370841019 | BRCIELACNOR3 | BRLRENACNOR1 | MX01WA000038 | MXP4948K1056,1.498808993278702e-16,48544.9289856941,48544.928985694096
H10J_0000246,2017-09,CA-0001-se2017.XLS,1,7,BROWN BROTHERS,entidad_sin_isin_pendiente,9,9 | 10 | 11 | 12 | 13 | 14 | 15 | 16 | 19,BRL | CAD | CLP | COP | EUR | GBP | JPY | MXN | USD,3.4840857456259883e-10,110740.1061118471,110740.1060732643
H10J_0000247,2017-10,CA-0001-oc2017.XLS,1,483,PAI Europe,entidad_sin_isin_pendiente,2,484 | 485,PAI Europe VI -1 FPCI | PAI Europe VI -1 SCSP,2.875726745155796e-16,50602.56595269271,50602.5659526927
H10J_0000248,2017-10,CA-0001-oc2017.XLS,1,441,Altamar,entidad_sin_isin_pendiente,2,442 | 443,"Altamar V - Private Equity Program 2010, F.C.R (de Régimen Simplificado) | Altamar Global Private Equity Program VIII, FCR",0.0,42073.2853500508,42073.2853500508
H10J_0000249,2017-10,CA-0001-oc2017.XLS,1,148,BON EMP PRI EXT,entidad_sin_isin_pendiente,1,150,USP3703CAA82,0.0,3928.8045627377,3928.8045627377
H10J_0000250,2017-10,CA-0001-oc2017.XLS,1,115,BON SIS FIN EXT,entidad_sin_isin_pendiente,2,123 | 130,USP16259AB20 | XS0246220379,0.0,12015.9907512473,12015.9907512473
H10J_0000251,2017-10,CA-0001-oc2017.XLS,1,111,TIT.EMP.PUB.EXT,entidad_sin_isin_pendiente,1,113,USP9379RAB35,0.0,12425.769545755998,12425.769545755998
H10J_0000252,2017-10,CA-0001-oc2017.XLS,1,57,TIT ESTAD EXTRA,entidad_sin_isin_pendiente,3,59 | 69 | 95,CL0001737767 | US195325CU73 | MX0MGO0000P2,1.19660247858049e-16,121610.27148823519,121610.27148823522
H10J_0000253,2017-10,CA-0001-oc2017.XLS,1,45,ADS,entidad_sin_isin_pendiente,6,47 | 49 | 51 | 53 | 55 | 56,US1512908898 | US02319V1035 | US0595201064 | US29274F1049 | US3444191064 | US1912411089,0.0,36078.017265598006,36078.017265598006
H10J_0000254,2017-10,CA-0001-oc2017.XLS,1,26,ACC EXTRANJERO,entidad_sin_isin_pendiente,8,28 | 32 | 34 | 36 | 38 | 40 | 42 | 44,CLP3880F1085 | CL0000000100 | BRRADLACNOR0 | MXP370841019 | BRCIELACNOR3 | BRLRENACNOR1 | MX01WA000038 | MXP4948K1056,3.2605955523930086e-16,44629.623621019,44629.62362101899
H10J_0000255,2017-10,CA-0001-oc2017.XLS,1,7,BROWN BROTHERS,entidad_sin_isin_pendiente,9,9 | 10 | 11 | 12 | 13 | 14 | 15 | 16 | 19,BRL | CAD | CLP | COP | EUR | GBP | JPY | MXN | USD,7.400831980033306e-17,49156.349136240504,49156.3491362405
H10J_0000256,2017-11,CA-0001-no2017.XLS,1,486,PAI Europe,entidad_sin_isin_pendiente,2,487 | 488,PAI Europe VI -1 FPCI | PAI Europe VI -1 SCSP,0.0,48981.4255340351,48981.4255340351
H10J_0000257,2017-11,CA-0001-no2017.XLS,1,444,Altamar,entidad_sin_isin_pendiente,2,445 | 446,"Altamar V - Private Equity Program 2010, F.C.R (de Régimen Simplificado) | Altamar Global Private Equity Program VIII, FCR",0.0,42776.8305618085,42776.8305618085
H10J_0000258,2017-11,CA-0001-no2017.XLS,1,148,BON EMP PRI EXT,entidad_sin_isin_pendiente,1,150,USP3703CAA82,0.0,3969.9919303137,3969.9919303137
H10J_0000259,2017-11,CA-0001-no2017.XLS,1,115,BON SIS FIN EXT,entidad_sin_isin_pendiente,2,123 | 130,USP16259AB20 | XS0246220379,1.5180447064661788e-16,11982.4495009784,11982.4495009784
H10J_0000260,2017-11,CA-0001-no2017.XLS,1,110,TIT.EMP.PUB.EXT,entidad_sin_isin_pendiente,1,112,USP9379RAB35,0.0,12543.3490952726,12543.3490952726
H10J_0000261,2017-11,CA-0001-no2017.XLS,1,57,TIT ESTAD EXTRA,entidad_sin_isin_pendiente,2,68 | 93,US195325CU73 | MX0MGO0000P2,1.2011986250824729e-16,121144.9540859051,121144.95408590509
H10J_0000262,2017-11,CA-0001-no2017.XLS,1,45,ADS,entidad_sin_isin_pendiente,6,47 | 49 | 51 | 53 | 55 | 56,US1512908898 | US02319V1035 | US0595201064 | US29274F1049 | US3444191064 | US1912411089,3.6942622859580723e-16,39390.58491780301,39390.584917803
H10J_0000263,2017-11,CA-0001-no2017.XLS,1,26,ACC EXTRANJERO,entidad_sin_isin_pendiente,8,28 | 32 | 34 | 36 | 38 | 40 | 42 | 44,CLP3880F1085 | CL0000000100 | BRRADLACNOR0 | MXP370841019 | BRCIELACNOR3 | BRLRENACNOR1 | MX01WA000038 | MXP4948K1056,2.0025636565605512e-16,36333.2151282524,36333.21512825241
H10J_0000264,2017-11,CA-0001-no2017.XLS,1,7,BROWN BROTHERS,entidad_sin_isin_pendiente,9,9 | 10 | 11 | 12 | 13 | 14 | 15 | 16 | 19,BRL | CAD | CLP | COP | EUR | GBP | JPY | MXN | USD,9.52946207820126e-17,26246.081986063702,26246.081986063702
H10J_0000265,2017-12,CA-0001-di2017.XLS,1,489,PAI Europe,entidad_sin_isin_pendiente,2,490 | 491,PAI Europe VI -1 FPCI | PAI Europe VI -1 SCSP,1.4700210191972342e-16,49495.6025741507,49495.602574150704
H10J_0000266,2017-12,CA-0001-di2017.XLS,1,447,Altamar,entidad_sin_isin_pendiente,2,448 | 449,"Altamar V - Private Equity Program 2010, F.C.R (de Régimen Simplificado) | Altamar Global Private Equity Program VIII, FCR",0.0,43225.8755596622,43225.8755596622
H10J_0000267,2017-12,CA-0001-di2017.XLS,1,147,BON EMP PRI EXT,entidad_sin_isin_pendiente,2,149 | 155,USP3703CAA82 | USG4808VAC49,0.0,6677.0010774128,6677.0010774128
H10J_0000268,2017-12,CA-0001-di2017.XLS,1,114,BON SIS FIN EXT,entidad_sin_isin_pendiente,2,122 | 129,USP16259AB20 | XS0246220379,0.0,12050.6308777129,12050.6308777129
H10J_0000269,2017-12,CA-0001-di2017.XLS,1,109,TIT.EMP.PUB.EXT,entidad_sin_isin_pendiente,1,111,USP9379RAB35,0.0,12763.216892176,12763.216892176
H10J_0000270,2017-12,CA-0001-di2017.XLS,1,57,TIT ESTAD EXTRA,entidad_sin_isin_pendiente,2,68 | 92,US195325CU73 | MX0MGO0000P2,1.9432913688496627e-16,9360.3534328597,9360.353432859702
H10J_0000271,2017-12,CA-0001-di2017.XLS,1,45,ADS,entidad_sin_isin_pendiente,6,47 | 49 | 51 | 53 | 55 | 56,US1512908898 | US02319V1035 | US0595201064 | US29274F1049 | US3444191064 | US1912411089,0.0,42319.0923748983,42319.0923748983
H10J_0000272,2017-12,CA-0001-di2017.XLS,1,26,ACC EXTRANJERO,entidad_sin_isin_pendiente,8,28 | 32 | 34 | 36 | 38 | 40 | 42 | 44,CLP3880F1085 | CL0000000100 | BRRADLACNOR0 | MXP370841019 | BRCIELACNOR3 | BRLRENACNOR1 | MX01WA000038 | MXP4948K1056,1.8286491157409555e-16,39788.702772731005,39788.702772731
H10J_0000273,2018-01,CA-0001-en2018.XLS,1,503,PAI Europe,entidad_sin_isin_pendiente,2,504 | 505,PAI Europe VI -1 FPCI | PAI Europe VI -1 SCSP,0.0,50738.523621895496,50738.523621895496
H10J_0000274,2018-01,CA-0001-en2018.XLS,1,461,Altamar,entidad_sin_isin_pendiente,2,462 | 463,"Altamar V - Private Equity Program 2010, F.C.R (de Régimen Simplificado) | Altamar Global Private Equity Program VIII, FCR",1.5373658511412294e-16,47327.430935078206,47327.4309350782
H10J_0000275,2018-01,CA-0001-en2018.XLS,1,155,BON EMP PRI EXT,entidad_sin_isin_pendiente,2,157 | 163,USP3703CAA82 | USG4808VAC49,0.0,6694.7145878916,6694.7145878916
H10J_0000276,2018-01,CA-0001-en2018.XLS,1,121,BON SIS FIN EXT,entidad_sin_isin_pendiente,2,129 | 137,USP16259AB20 | XS0246220379,0.0,11935.5422614206,11935.5422614206
H10J_0000277,2018-01,CA-0001-en2018.XLS,1,116,TIT.EMP.PUB.EXT,entidad_sin_isin_pendiente,1,118,USP9379RAB35,0.0,12436.65091081,12436.65091081
H10J_0000278,2018-01,CA-0001-en2018.XLS,1,59,TIT ESTAD EXTRA,entidad_sin_isin_pendiente,2,71 | 95,US195325CU73 | MX0MGO0000P2,0.0,9561.0447556297,9561.0447556297
H10J_0000279,2018-01,CA-0001-en2018.XLS,1,47,ADS,entidad_sin_isin_pendiente,6,49 | 51 | 53 | 55 | 57 | 58,US1512908898 | US02319V1035 | US0595201064 | US29274F1049 | US3444191064 | US1912411089,1.7179671089496568e-16,42352.135709,42352.135708999995
H10J_0000280,2018-01,CA-0001-en2018.XLS,1,26,ACC EXTRANJERO,entidad_sin_isin_pendiente,9,28 | 32 | 34 | 36 | 38 | 40 | 42 | 44 | 46,CLP3880F1085 | CL0000000100 | BRRADLACNOR0 | MXP370841019 | BRCIELACNOR3 | BRLRENACNOR1 | MX01WA000038 | MXP4948K1056 | BRCRFBACNOR2,4.709589717897267e-16,46347.71636178951,46347.71636178949
H10J_0000281,2018-02,CA-0001-fe2018.XLS,1,503,PAI Europe,entidad_sin_isin_pendiente,2,504 | 505,PAI Europe VI -1 FPCI | PAI Europe VI -1 SCSP,0.0,50727.7355874497,50727.7355874497
H10J_0000282,2018-02,CA-0001-fe2018.XLS,1,461,Altamar,entidad_sin_isin_pendiente,2,462 | 463,"Altamar V - Private Equity Program 2010, F.C.R (de Régimen Simplificado) | Altamar Global Private Equity Program VIII, FCR",0.0,47317.3681678019,47317.3681678019
H10J_0000283,2018-02,CA-0001-fe2018.XLS,1,153,BON EMP PRI EXT,entidad_sin_isin_pendiente,1,155,USP3703CAA82,0.0,4099.653700684,4099.653700684
H10J_0000284,2018-02,CA-0001-fe2018.XLS,1,120,BON SIS FIN EXT,entidad_sin_isin_pendiente,2,128 | 135,USP16259AB20 | XS0246220379,0.0,12086.376094302,12086.376094302
H10J_0000285,2018-02,CA-0001-fe2018.XLS,1,115,TIT.EMP.PUB.EXT,entidad_sin_isin_pendiente,1,117,USP9379RAB35,0.0,12550.1934843466,12550.1934843466
H10J_0000286,2018-02,CA-0001-fe2018.XLS,1,59,TIT ESTAD EXTRA,entidad_sin_isin_pendiente,2,68 | 82,US195325CU73 | MX0MGO0000P2,1.9309856768973294e-16,9420.0046396438,9420.004639643801
H10J_0000287,2018-02,CA-0001-fe2018.XLS,1,47,ADS,entidad_sin_isin_pendiente,6,49 | 51 | 53 | 55 | 57 | 58,US1512908898 | US02319V1035 | US0595201064 | US29274F1049 | US1912411089 | US3444191064,1.9626742361111855e-16,37071.651934454,37071.65193445401
H10J_0000288,2018-02,CA-0001-fe2018.XLS,1,26,ACC EXTRANJERO,entidad_sin_isin_pendiente,9,28 | 32 | 34 | 36 | 38 | 40 | 42 | 44 | 46,CLP3880F1085 | CL0000000100 | BRRADLACNOR0 | MXP370841019 | BRCIELACNOR3 | BRLRENACNOR1 | MX01WA000038 | MXP4948K1056 | BRCRFBACNOR2,3.1289294902651833e-16,46507.64829837551,46507.6482983755
H10J_0000289,2018-02,CA-0001-fe2018.XLS,1,7,BROWN BROTHERS,entidad_sin_isin_pendiente,10,9 | 10 | 11 | 12 | 13 | 14 | 15 | 16 | 17 | 19,BRL | CAD | CLP | COP | EUR | GBP | JPY | MXN | PEN | USD,2.0518901474263707e-17,44324.726784895494,44324.726784895494
H10J_0000290,2018-03,CA-0001-ma2018.XLS,1,512,PAI Europe,entidad_sin_isin_pendiente,2,513 | 514,PAI Europe VI -1 FPCI | PAI Europe VI -1 SCSP,0.0,55800.2569956027,55800.2569956027
H10J_0000291,2018-03,CA-0001-ma2018.XLS,1,470,Altamar,entidad_sin_isin_pendiente,2,471 | 472,"Altamar V - Private Equity Program 2010, F.C.R (de Régimen Simplificado) | Altamar Global Private Equity Program VIII, FCR",0.0,47201.1091962891,47201.1091962891
H10J_0000292,2018-03,CA-0001-ma2018.XLS,1,155,BON EMP PRI EXT,entidad_sin_isin_pendiente,1,157,USP3703CAA82,0.0,4185.0140865094,4185.0140865094
H10J_0000293,2018-03,CA-0001-ma2018.XLS,1,119,TIT.EMP.PUB.EXT,entidad_sin_isin_pendiente,1,121,USP9379RAB35,0.0,12783.743499689801,12783.743499689801
H10J_0000294,2018-03,CA-0001-ma2018.XLS,1,61,TIT ESTAD EXTRA,entidad_sin_isin_pendiente,2,70 | 85,US195325CU73 | MX0MGO0000P2,0.0,9700.7674662289,9700.7674662289
H10J_0000295,2018-03,CA-0001-ma2018.XLS,1,49,ADS,entidad_sin_isin_pendiente,6,51 | 53 | 55 | 57 | 59 | 60,US1512908898 | US02319V1035 | US0595201064 | US29274F1049 | US1912411089 | US3444191064,0.0,35475.079734495,35475.079734495
H10J_0000296,2018-03,CA-0001-ma2018.XLS,1,28,ACC EXTRANJERO,entidad_sin_isin_pendiente,9,30 | 34 | 36 | 38 | 40 | 42 | 44 | 46 | 48,CLP3880F1085 | CL0000000100 | BRRADLACNOR0 | MXP370841019 | BRCIELACNOR3 | BRLRENACNOR1 | MX01WA000038 | MXP4948K1056 | BRCRFBACNOR2,1.5503448104615381e-16,46931.22178425179,46931.2217842518
H10J_0000297,2018-03,CA-0001-ma2018.XLS,1,7,Brown Brothers,entidad_sin_isin_pendiente,8,9 | 10 | 11 | 12 | 13 | 14 | 16 | 19,BRL | CAD | CLP | COP | EUR | GBP | MXN | USD,8.002741722974792e-09,49303.153090214604,49303.1526956542
H10J_0000298,2018-04,CA-0001-ab2018.XLS,1,509,PAI Europe,entidad_sin_isin_pendiente,2,510 | 511,PAI Europe VI -1 FPCI | PAI Europe VI -1 SCSP,1.318833607270356e-16,55169.6406132899,55169.64061328991
H10J_0000299,2018-04,CA-0001-ab2018.XLS,1,467,Altamar,entidad_sin_isin_pendiente,2,468 | 469,"Altamar V - Private Equity Program 2010, F.C.R (de Régimen Simplificado) | Altamar Global Private Equity Program VIII, FCR",0.0,49069.5798724897,49069.5798724897
H10J_0000300,2018-04,CA-0001-ab2018.XLS,1,154,BON EMP PRI EXT,entidad_sin_isin_pendiente,1,156,USP3703CAA82,0.0,4259.015988471,4259.015988471
H10J_0000301,2018-04,CA-0001-ab2018.XLS,1,118,TIT.EMP.PUB.EXT,entidad_sin_isin_pendiente,1,120,USP9379RAB35,0.0,12923.7430170602,12923.7430170602
H10J_0000302,2018-04,CA-0001-ab2018.XLS,1,61,TIT ESTAD EXTRA,entidad_sin_isin_pendiente,2,70 | 85,US195325CU73 | MX0MGO0000P2,0.0,9534.467742753,9534.467742753
H10J_0000303,2018-04,CA-0001-ab2018.XLS,1,49,ADS,entidad_sin_isin_pendiente,6,51 | 53 | 55 | 57 | 59 | 60,US1512908898 | US02319V1035 | US0595201064 | US29274F1049 | US1912411089 | US3444191064,0.0,35029.1885345304,35029.1885345304
H10J_0000304,2018-04,CA-0001-ab2018.XLS,1,28,ACC EXTRANJERO,entidad_sin_isin_pendiente,9,30 | 34 | 36 | 38 | 40 | 42 | 44 | 46 | 48,CLP3880F1085 | CL0000000100 | BRRADLACNOR0 | MXP370841019 | BRCIELACNOR3 | BRLRENACNOR1 | MX01WA000038 | MXP4948K1056 | BRCRFBACNOR2,1.5607765095132325e-16,46617.54946871039,46617.5494687104
H10J_0000305,2018-04,CA-0001-ab2018.XLS,1,7,BROWN BROTHERS,entidad_sin_isin_pendiente,9,9 | 10 | 11 | 12 | 13 | 14 | 15 | 16 | 19,BRL | CAD | CLP | COP | EUR | GBP | JPY | MXN | USD,1.2384550303176761e-16,74355.8193880386,74355.8193880386
H10J_0000306,2018-05,CA-0001-my2018.XLS,1,509,PAI Europe,entidad_sin_isin_pendiente,2,510 | 511,PAI Europe VI -1 FPCI | PAI Europe VI -1 SCSP,0.0,56690.5754218862,56690.5754218862
H10J_0000307,2018-05,CA-0001-my2018.XLS,1,467,Altamar,entidad_sin_isin_pendiente,2,468 | 469,"Altamar V - Private Equity Program 2010, F.C.R (de Régimen Simplificado) | Altamar Global Private Equity Program VIII, FCR",0.0,47710.9266097429,47710.9266097429
H10J_0000308,2018-05,CA-0001-my2018.XLS,1,156,BON EMP PRI EXT,entidad_sin_isin_pendiente,1,158,USP3703CAA82,0.0,4168.5714388147,4168.5714388147
H10J_0000309,2018-05,CA-0001-my2018.XLS,1,120,TIT.EMP.PUB.EXT,entidad_sin_isin_pendiente,1,122,USP9379RAB35,0.0,12683.9421962808,12683.9421962808
H10J_0000310,2018-05,CA-0001-my2018.XLS,1,49,ADS,entidad_sin_isin_pendiente,6,51 | 53 | 55 | 57 | 59 | 60,US1512908898 | US02319V1035 | US0595201064 | US29274F1049 | US1912411089 | US3444191064,1.201087628052897e-16,30289.0373868,30289.037386800002
H10J_0000311,2018-05,CA-0001-my2018.XLS,1,28,ACC EXTRANJERO,entidad_sin_isin_pendiente,9,30 | 34 | 36 | 38 | 40 | 42 | 44 | 46 | 48,CLP3880F1085 | CL0000000100 | BRRADLACNOR0 | MXP370841019 | BRCIELACNOR3 | BRLRENACNOR1 | MX01WA000038 | MXP4948K1056 | BRCRFBACNOR2,0.0,40778.7423105502,40778.7423105502
H10J_0000312,2018-06,CA-0001-jn2018.XLS,1,505,PAI Europe,entidad_sin_isin_pendiente,2,506 | 507,PAI Europe VI -1 FPCI | PAI Europe VI -1 SCSP,0.0,56706.4725513115,56706.4725513115
H10J_0000313,2018-06,CA-0001-jn2018.XLS,1,463,Altamar,entidad_sin_isin_pendiente,2,464 | 465,"Altamar V - Private Equity Program 2010, F.C.R (de Régimen Simplificado) | Altamar Global Private Equity Program VIII, FCR",0.0,47724.3056726589,47724.3056726589
H10J_0000314,2018-06,CA-0001-jn2018.XLS,1,155,BON EMP PRI EXT,entidad_sin_isin_pendiente,1,157,USP3703CAA82,0.0,3998.8094890585,3998.8094890585
H10J_0000315,2018-06,CA-0001-jn2018.XLS,1,120,TIT.EMP.PUB.EXT,entidad_sin_isin_pendiente,1,122,USP9379RAB35,0.0,12591.383391412399,12591.383391412399
H10J_0000316,2018-06,CA-0001-jn2018.XLS,1,49,ADS,entidad_sin_isin_pendiente,6,51 | 53 | 55 | 57 | 59 | 60,US1512908898 | US02319V1035 | US0595201064 | US29274F1049 | US1912411089 | US3444191064,1.1389702594050266e-16,31940.94645625,31940.946456250003
H10J_0000317,2018-06,CA-0001-jn2018.XLS,1,28,ACC EXTRANJERO,entidad_sin_isin_pendiente,9,30 | 34 | 36 | 38 | 40 | 42 | 44 | 46 | 48,CLP3880F1085 | CL0000000100 | BRRADLACNOR0 | MXP370841019 | BRCIELACNOR3 | BRLRENACNOR1 | MX01WA000038 | MXP4948K1056 | BRCRFBACNOR2,0.0,39443.090595555695,39443.090595555695
H10J_0000318,2018-06,CA-0001-jn2018.XLS,1,7,BROWN BROTHERS,entidad_sin_isin_pendiente,8,9 | 10 | 11 | 12 | 13 | 14 | 16 | 19,BRL | CAD | CLP | COP | EUR | GBP | MXN | USD,5.452642291072852e-09,70426.0944534216,70426.09406941329
H10J_0000319,2018-07,CA-0001-jl2018.XLS,1,496,PAI Europe,entidad_sin_isin_pendiente,2,497 | 498,PAI Europe VI -1 FPCI | PAI Europe VI -1 SCSP,0.0,56761.2856874645,56761.2856874645
H10J_0000320,2018-07,CA-0001-jl2018.XLS,1,454,Altamar,entidad_sin_isin_pendiente,2,455 | 456,"Altamar V - Private Equity Program 2010, F.C.R (de Régimen Simplificado) | Altamar Global Private Equity Program VIII, FCR",1.5358584790495354e-16,47373.880558879006,47373.880558879
H10J_0000321,2018-07,CA-0001-jl2018.XLS,1,142,BON EMP PRI EXT,entidad_sin_isin_pendiente,1,144,USP3703CAA82,0.0,4080.5537684927,4080.5537684927
H10J_0000322,2018-07,CA-0001-jl2018.XLS,1,107,TIT.EMP.PUB.EXT,entidad_sin_isin_pendiente,1,109,USP9379RAB35,0.0,12831.466113698,12831.466113698
H10J_0000323,2018-07,CA-0001-jl2018.XLS,1,48,TIT ESTAD EXTRA,entidad_sin_isin_pendiente,2,71 | 90,MX0MGO0000P2 | MXBIGO000MQ5,0.0,10703.1204224003,10703.1204224003
H10J_0000324,2018-07,CA-0001-jl2018.XLS,1,41,ADS,entidad_sin_isin_pendiente,3,43 | 45 | 47,US02319V1035 | US29274F1049 | US1912411089,0.0,20769.9524997136,20769.9524997136
H10J_0000325,2018-07,CA-0001-jl2018.XLS,1,28,ACC EXTRANJERO,entidad_sin_isin_pendiente,5,32 | 34 | 36 | 38 | 40,CL0000000100 | MXP370841019 | BRCIELACNOR3 | MXP4948K1056 | BRCRFBACNOR2,1.540086805289308e-16,23621.9075093518,23621.907509351797
H10J_0000326,2018-07,CA-0001-jl2018.XLS,1,7,BROWN BROTHERS,entidad_sin_isin_pendiente,9,9 | 10 | 11 | 12 | 13 | 14 | 15 | 16 | 19,BRL | CAD | CLP | COP | EUR | GBP | JPY | MXN | USD,5.3034729576146146e-17,70739.790224192,70739.790224192
H10J_0000327,2018-08,CA-0001-ag2018.XLS,1,505,PAI Europe,entidad_sin_isin_pendiente,2,506 | 507,PAI Europe VI -1 FPCI | PAI Europe VI -1 SCSP,1.3024945224751624e-16,55861.71372419091,55861.7137241909
H10J_0000328,2018-08,CA-0001-ag2018.XLS,1,463,Altamar,entidad_sin_isin_pendiente,2,464 | 465,"Altamar V - Private Equity Program 2010, F.C.R (de Régimen Simplificado) | Altamar Global Private Equity Program VIII, FCR",1.5398235285058639e-16,47251.8926973632,47251.892697363204
H10J_0000329,2018-08,CA-0001-ag2018.XLS,1,144,BON EMP PRI EXT,entidad_sin_isin_pendiente,1,146,USP3703CAA82,0.0,3922.2912674059,3922.2912674059
H10J_0000330,2018-08,CA-0001-ag2018.XLS,1,109,TIT.EMP.PUB.EXT,entidad_sin_isin_pendiente,2,111 | 112,USP9379RAB35 | USP9379RAZ03,0.0,33018.111924928,33018.111924928
H10J_0000331,2018-08,CA-0001-ag2018.XLS,1,48,TIT ESTAD EXTRA,entidad_sin_isin_pendiente,2,71 | 91,MX0MGO0000P2 | MXBIGO000MQ5,1.7283156202107264e-16,10524.6367172454,10524.636717245401
H10J_0000332,2018-08,CA-0001-ag2018.XLS,1,41,ADS,entidad_sin_isin_pendiente,3,43 | 45 | 47,US02319V1035 | US29274F1049 | US1912411089,1.9650496717564998e-16,18513.4190722,18513.419072200002
H10J_0000333,2018-08,CA-0001-ag2018.XLS,1,28,ACC EXTRANJERO,entidad_sin_isin_pendiente,5,32 | 34 | 36 | 38 | 40,CL0000000100 | MXP370841019 | BRCIELACNOR3 | MXP4948K1056 | BRCRFBACNOR2,1.66719034964503e-16,21821.0164656141,21821.016465614102
H10J_0000334,2018-09,CA-0001-se2018.XLS,1,501,PAI Europe,entidad_sin_isin_pendiente,2,502 | 503,PAI Europe VI -1 FPCI | PAI Europe VI -1 SCSP,1.2965582578503306e-16,56117.4754017365,56117.475401736505
H10J_0000335,2018-09,CA-0001-se2018.XLS,1,459,Altamar,entidad_sin_isin_pendiente,2,460 | 461,"Altamar V - Private Equity Program 2010, F.C.R (de Régimen Simplificado) | Altamar Global Private Equity Program VIII, FCR",0.0,47468.2344910138,47468.2344910138
H10J_0000336,2018-09,CA-0001-se2018.XLS,1,143,BON EMP PRI EXT,entidad_sin_isin_pendiente,1,145,USP3703CAA82,0.0,4067.390332077,4067.390332077
H10J_0000337,2018-09,CA-0001-se2018.XLS,1,108,TIT.EMP.PUB.EXT,entidad_sin_isin_pendiente,2,110 | 111,USP9379RAB35 | USP9379RAZ03,0.0,34270.9799330753,34270.9799330753
H10J_0000338,2018-09,CA-0001-se2018.XLS,1,48,TIT ESTAD EXTRA,entidad_sin_isin_pendiente,2,72 | 91,MX0MGO0000P2 | MXBIGO000MQ5,0.0,10832.2855649462,10832.2855649462
H10J_0000339,2018-09,CA-0001-se2018.XLS,1,41,ADS,entidad_sin_isin_pendiente,3,43 | 45 | 47,US02319V1035 | US29274F1049 | US1912411089,0.0,18923.175634444,18923.175634444
H10J_0000340,2018-09,CA-0001-se2018.XLS,1,28,ACC EXTRANJERO,entidad_sin_isin_pendiente,5,32 | 34 | 36 | 38 | 40,CL0000000100 | MXP370841019 | BRCIELACNOR3 | MXP4948K1056 | BRCRFBACNOR2,1.6729572915300486e-16,21745.7960553464,21745.796055346396
H10J_0000341,2018-09,CA-0001-se2018.XLS,1,7,BROWN BROTHERS,entidad_sin_isin_pendiente,9,9 | 10 | 11 | 12 | 13 | 14 | 15 | 16 | 19,BRL | CAD | CLP | COP | EUR | GBP | JPY | MXN | USD,1.9495423646171552e-16,153950.6178641086,153950.61786410862
H10J_0000342,2018-10,CA-0001-oc2018.XLS,1,576,DEP ON CMS,entidad_sin_isin_pendiente,2,577 | 583,A NZ Bank Group | NovaScotia,0.0,47695.559382317995,47695.559382317995
H10J_0000343,2018-10,CA-0001-oc2018.XLS,1,503,PAI Europe,entidad_sin_isin_pendiente,2,504 | 505,PAI Europe VI -1 FPCI | PAI Europe VI -1 SCSP,0.0,55827.5183181015,55827.5183181015
H10J_0000344,2018-10,CA-0001-oc2018.XLS,1,461,Altamar,entidad_sin_isin_pendiente,2,462 | 463,"Altamar V - Private Equity Program 2010, F.C.R (de Régimen Simplificado) | Altamar Global Private Equity Program VIII, FCR",0.0,50945.752265084295,50945.752265084295
H10J_0000345,2018-10,CA-0001-oc2018.XLS,1,143,BON EMP PRI EXT,entidad_sin_isin_pendiente,1,145,USP3703CAA82,0.0,3850.4198332638,3850.4198332638
H10J_0000346,2018-10,CA-0001-oc2018.XLS,1,109,TIT.EMP.PUB.EXT,entidad_sin_isin_pendiente,2,111 | 112,USP9379RAB35 | USP9379RAZ03,0.0,32396.2637483574,32396.2637483574
H10J_0000347,2018-10,CA-0001-oc2018.XLS,1,48,TIT ESTAD EXTRA,entidad_sin_isin_pendiente,2,71 | 91,MX0MGO0000P2 | MXBIGO000MQ5,1.8294611979818424e-16,9942.760226631,9942.760226631002
H10J_0000348,2018-10,CA-0001-oc2018.XLS,1,41,ADS,entidad_sin_isin_pendiente,3,43 | 45 | 47,US02319V1035 | US29274F1049 | US1912411089,1.9197407357979258e-16,18950.365219914,18950.365219913998
H10J_0000349,2018-10,CA-0001-oc2018.XLS,1,28,ACC EXTRANJERO,entidad_sin_isin_pendiente,5,32 | 34 | 36 | 38 | 40,CL0000000100 | MXP370841019 | BRCIELACNOR3 | MXP4948K1056 | BRCRFBACNOR2,0.0,17394.8542496775,17394.8542496775
H10J_0000350,2018-10,CA-0001-oc2018.XLS,1,7,BROWN BROTHERS,entidad_sin_isin_pendiente,9,9 | 10 | 11 | 12 | 13 | 14 | 15 | 16 | 19,BRL | CAD | CLP | COP | EUR | GBP | JPY | MXN | USD,2.0016404575881254e-17,181749.86388291192,181749.86388291192
H10J_0000351,2018-11,CA-0001-no2018.XLS,1,573,DEP ON CMS,entidad_sin_isin_pendiente,2,574 | 576,DBS Bank | CITIBANK N.A.,0.0,36292.169621213994,36292.169621213994
H10J_0000352,2018-11,CA-0001-no2018.XLS,1,500,PAI Europe,entidad_sin_isin_pendiente,2,501 | 502,PAI Europe VI -1 FPCI | PAI Europe VI -1 SCSP,0.0,80874.5989928381,80874.5989928381
H10J_0000353,2018-11,CA-0001-no2018.XLS,1,458,Altamar,entidad_sin_isin_pendiente,2,459 | 460,"Altamar V - Private Equity Program 2010, F.C.R (de Régimen Simplificado) | Altamar Global Private Equity Program VIII, FCR",0.0,51089.4915674476,51089.4915674476
H10J_0000354,2018-11,CA-0001-no2018.XLS,1,141,BON EMP PRI EXT,entidad_sin_isin_pendiente,1,143,USP3703CAA82,0.0,3872.150456303,3872.150456303
H10J_0000355,2018-11,CA-0001-no2018.XLS,1,107,TIT.EMP.PUB.EXT,entidad_sin_isin_pendiente,2,109 | 110,USP9379RAB35 | USP9379RAZ03,0.0,30929.792775382302,30929.792775382302
H10J_0000356,2018-11,CA-0001-no2018.XLS,1,46,TIT ESTAD EXTRA,entidad_sin_isin_pendiente,3,69 | 89 | 95,MX0MGO0000P2 | MXBIGO000MQ5 | US105756BL31,0.0,12911.3178183956,12911.3178183956
H10J_0000357,2018-11,CA-0001-no2018.XLS,1,39,ADS,entidad_sin_isin_pendiente,3,41 | 43 | 45,US02319V1035 | US29274F1049 | US1912411089,0.0,20224.074279106,20224.074279106
H10J_0000358,2018-11,CA-0001-no2018.XLS,1,28,ACC EXTRANJERO,entidad_sin_isin_pendiente,4,32 | 34 | 36 | 38,CL0000000100 | MXP370841019 | BRCIELACNOR3 | MXP4948K1056,0.0,14006.0768208237,14006.0768208237
H10J_0000359,2018-11,CA-0001-no2018.XLS,1,7,BROWN BROTHERS,entidad_sin_isin_pendiente,9,9 | 10 | 11 | 12 | 13 | 14 | 15 | 16 | 19,BRL | CAD | CLP | COP | EUR | GBP | JPY | MXN | USD,1.5508097058874242e-16,58646.441166841,58646.441166841
H10J_0000360,2018-12,CA-0001-di2018.XLS,1,573,DEP ON CMS,entidad_sin_isin_pendiente,2,574 | 576,CITIBANK N.A. | JP Morgan Bank,0.0,30227.70993968,30227.70993968
H10J_0000361,2018-12,CA-0001-di2018.XLS,1,498,PAI Europe,entidad_sin_isin_pendiente,2,499 | 500,PAI Europe VI -1 FPCI | PAI Europe VI -1 SCSP,0.0,81477.2514040616,81477.2514040616
H10J_0000362,2018-12,CA-0001-di2018.XLS,1,456,Altamar,entidad_sin_isin_pendiente,2,457 | 458,"Altamar V - Private Equity Program 2010, F.C.R (de Régimen Simplificado) | Altamar Global Private Equity Program VIII, FCR",0.0,51470.194602328105,51470.194602328105
H10J_0000363,2018-12,CA-0001-di2018.XLS,1,136,BON EMP PRI EXT,entidad_sin_isin_pendiente,1,138,USP3703CAA82,0.0,3855.0731384262,3855.0731384262
H10J_0000364,2018-12,CA-0001-di2018.XLS,1,107,TIT.EMP.PUB.EXT,entidad_sin_isin_pendiente,2,109 | 110,USP9379RAB35 | USP9379RAZ03,0.0,30945.502365274497,30945.502365274497
H10J_0000365,2018-12,CA-0001-di2018.XLS,1,46,TIT ESTAD EXTRA,entidad_sin_isin_pendiente,2,70 | 89,MX0MGO0000P2 | MXBIGO000MQ5,0.0,10281.1556287526,10281.1556287526
H10J_0000366,2018-12,CA-0001-di2018.XLS,1,39,ADS,entidad_sin_isin_pendiente,3,41 | 43 | 45,US02319V1035 | US29274F1049 | US1912411089,0.0,20076.5710539984,20076.5710539984
H10J_0000367,2018-12,CA-0001-di2018.XLS,1,28,ACC EXTRANJERO,entidad_sin_isin_pendiente,4,32 | 34 | 36 | 38,CL0000000100 | MXP370841019 | BRCIELACNOR3 | MXP4948K1056,1.302914181147369e-16,13960.9302735812,13960.930273581202
H10J_0000368,2018-12,CA-0001-di2018.XLS,1,7,BROWN BROTHERS,entidad_sin_isin_pendiente,9,9 | 10 | 11 | 12 | 13 | 14 | 15 | 16 | 19,BRL | CAD | CLP | COP | EUR | GBP | JPY | MXN | USD,8.001758423802506e-18,28415.463626953897,28415.463626953897
H10J_0000369,2019-01,CA-0001-en2019.XLS,1,573,DEP ON CMS,entidad_sin_isin_pendiente,2,574 | 578,CITIBANK N.A. | NovaScotia,0.0,223047.69819481502,223047.69819481502
H10J_0000370,2019-01,CA-0001-en2019.XLS,1,497,PAI Europe,entidad_sin_isin_pendiente,2,498 | 499,PAI Europe VI -1 FPCI | PAI Europe VI -1 SCSP,0.0,80471.1064729855,80471.1064729855
H10J_0000371,2019-01,CA-0001-en2019.XLS,1,455,Altamar,entidad_sin_isin_pendiente,2,456 | 457,"Altamar V - Private Equity Program 2010, F.C.R (de Régimen Simplificado) | Altamar Global Private Equity Program VIII, FCR",1.3915387201653905e-16,52287.137316011205,52287.1373160112
H10J_0000372,2019-01,CA-0001-en2019.XLS,1,135,BON EMP PRI EXT,entidad_sin_isin_pendiente,1,137,USP3703CAA82,0.0,3702.3289770852,3702.3289770852
H10J_0000373,2019-01,CA-0001-en2019.XLS,1,106,TIT.EMP.PUB.EXT,entidad_sin_isin_pendiente,2,108 | 109,USP9379RAB35 | USP9379RAZ03,0.0,31880.0429197196,31880.0429197196
H10J_0000374,2019-01,CA-0001-en2019.XLS,1,46,TIT ESTAD EXTRA,entidad_sin_isin_pendiente,3,70 | 72 | 84,MX0MGO0000P2 | MX0MGO0000J5 | MX0MGO0000H9,1.5628475621223077e-16,93111.54575181802,93111.545751818
H10J_0000375,2019-01,CA-0001-en2019.XLS,1,39,ADS,entidad_sin_isin_pendiente,3,41 | 43 | 45,US02319V1035 | US29274F1049 | US1912411089,1.3168094946910021e-16,13813.610935215,13813.610935214998
H10J_0000376,2019-01,CA-0001-en2019.XLS,1,28,ACC EXTRANJERO,entidad_sin_isin_pendiente,4,32 | 34 | 36 | 38,CL0000000100 | MXP370841019 | BRCIELACNOR3 | MXP4948K1056,1.155405976748452e-16,15743.2923158738,15743.292315873801
H10J_0000377,2019-01,CA-0001-en2019.XLS,1,7,BROWN BROTHERS,entidad_sin_isin_pendiente,9,9 | 10 | 11 | 12 | 13 | 14 | 15 | 16 | 19,BRL | CAD | CLP | COP | EUR | GBP | JPY | MXN | USD,6.249261020034749e-11,135676.9138230794,135676.9138146006
H10J_0000378,2019-02,CA-0001-fe2019.XLS,1,505,PAI Europe,entidad_sin_isin_pendiente,2,506 | 507,PAI Europe VI -1 FPCI | PAI Europe VI -1 SCSP,0.0,79309.76674511809,79309.76674511809
H10J_0000379,2019-02,CA-0001-fe2019.XLS,1,463,Altamar,entidad_sin_isin_pendiente,2,464 | 465,"Altamar V - Private Equity Program 2010, F.C.R (de Régimen Simplificado) | Altamar Global Private Equity Program VIII, FCR",1.4119151411904003e-16,51532.5418781825,51532.54187818251
H10J_0000380,2019-02,CA-0001-fe2019.XLS,1,135,BON EMP PRI EXT,entidad_sin_isin_pendiente,1,137,USP3703CAA82,0.0,3726.4070793025,3726.4070793025
H10J_0000381,2019-02,CA-0001-fe2019.XLS,1,106,TIT.EMP.PUB.EXT,entidad_sin_isin_pendiente,2,108 | 109,USP9379RAB35 | USP9379RAZ03,0.0,32124.1894802404,32124.1894802404
H10J_0000382,2019-02,CA-0001-fe2019.XLS,1,44,TIT ESTAD EXTRA,entidad_sin_isin_pendiente,4,51 | 69 | 71 | 83,CL0002172501 | MX0MGO0000P2 | MX0MGO0000J5 | MX0MGO0000H9,0.0,95780.50697034001,95780.50697034001
H10J_0000383,2019-02,CA-0001-fe2019.XLS,1,37,ADS,entidad_sin_isin_pendiente,3,39 | 41 | 43,US02319V1035 | US29274F1049 | US1912411089,1.4408520395457297e-16,12624.401073959998,12624.40107396
H10J_0000384,2019-02,CA-0001-fe2019.XLS,1,28,ACC EXTRANJERO,entidad_sin_isin_pendiente,3,32 | 34 | 36,CL0000000100 | MXP370841019 | MXP4948K1056,0.0,10460.3246205956,10460.3246205956
H10J_0000385,2019-03,CA-0001-ma2019.XLS,1,505,PAI Europe,entidad_sin_isin_pendiente,2,506 | 507,PAI Europe VI -1 FPCI | PAI Europe VI -1 SCSP,0.0,78040.9032655865,78040.9032655865
H10J_0000386,2019-03,CA-0001-ma2019.XLS,1,463,Altamar,entidad_sin_isin_pendiente,2,464 | 465,"Altamar V - Private Equity Program 2010, F.C.R (de Régimen Simplificado) | Altamar Global Private Equity Program VIII, FCR",0.0,51109.5712052133,51109.5712052133
H10J_0000387,2019-03,CA-0001-ma2019.XLS,1,137,BON EMP PRI EXT,entidad_sin_isin_pendiente,1,139,USP3703CAA82,0.0,3644.4317293481,3644.4317293481
H10J_0000388,2019-03,CA-0001-ma2019.XLS,1,110,TIT.EMP.PUB.EXT,entidad_sin_isin_pendiente,2,112 | 113,USP9379RAB35 | USP9379RAZ03,0.0,31907.4047538026,31907.4047538026
H10J_0000389,2019-03,CA-0001-ma2019.XLS,1,44,TIT ESTAD EXTRA,entidad_sin_isin_pendiente,8,51 | 65 | 69 | 71 | 81 | 82 | 85 | 91,CL0002172501 | COL17CT02302 | MX0MGO0000P2 | MX0MGO0000J5 | MX0MGO0000D8 | MX0MGO0000H9 | MX0MGO0000Q0 | MXBIGO000OA5,7.248931244087135e-17,75279.62435964271,75279.6243596427
H10J_0000390,2019-03,CA-0001-ma2019.XLS,1,37,ADS,entidad_sin_isin_pendiente,3,39 | 41 | 43,US02319V1035 | US29274F1049 | US1912411089,1.411407014363078e-16,12887.77358363,12887.773583630002
H10J_0000391,2019-03,CA-0001-ma2019.XLS,1,28,ACC EXTRANJERO,entidad_sin_isin_pendiente,3,32 | 34 | 36,CL0000000100 | MXP370841019 | MXP4948K1056,1.7312088472596642e-16,10507.0477569771,10507.047756977101
H10J_0000392,2019-03,CA-0001-ma2019.XLS,1,7,BROWN BROTHERS,entidad_sin_isin_pendiente,9,9 | 10 | 11 | 12 | 13 | 14 | 15 | 16 | 19,BRL | CAD | CLP | COP | EUR | GBP | JPY | MXN | USD,2.170488469287696e-10,38935.4801795745,38935.4801711236
H10J_0000393,2019-04,CA-0001-ab2019.XLS,1,510,PAI Europe,entidad_sin_isin_pendiente,2,511 | 512,PAI Europe VI -1 FPCI | PAI Europe VI -1 SCSP,1.8711487349544307e-16,77769.9546622158,77769.95466221581
H10J_0000394,2019-04,CA-0001-ab2019.XLS,1,468,Altamar,entidad_sin_isin_pendiente,2,469 | 470,"Altamar V - Private Equity Program 2010, F.C.R (de Régimen Simplificado) | Altamar Global Private Equity Program VIII, FCR",0.0,51999.364669827904,51999.364669827904
H10J_0000395,2019-04,CA-0001-ab2019.XLS,1,137,BON EMP PRI EXT,entidad_sin_isin_pendiente,1,139,USP3703CAA82,0.0,3605.9579703675,3605.9579703675
H10J_0000396,2019-04,CA-0001-ab2019.XLS,1,111,TIT.EMP.PUB.EXT,entidad_sin_isin_pendiente,2,113 | 114,USP9379RAB35 | USP9379RAZ03,0.0,31554.1092439541,31554.1092439541
H10J_0000397,2019-04,CA-0001-ab2019.XLS,1,42,TIT ESTAD EXTRA,entidad_sin_isin_pendiente,9,44 | 56 | 67 | 68 | 71 | 72 | 74 | 75 | 76,CL0002172501 | COL17CT02302 | MX0MGO0000D8 | MX0MGO0000Q0 | MX0MGO0000J5 | MX0MGO0000P2 | MXBIGO000OA5 | MX0MGO0000H9 | MXBIGO000NO8,0.0,122196.8901672027,122196.8901672027
H10J_0000398,2019-04,CA-0001-ab2019.XLS,1,35,ADS,entidad_sin_isin_pendiente,3,37 | 39 | 41,US02319V1035 | US29274F1049 | US1912411089,1.3898088321792703e-16,13088.054712486,13088.054712486002
H10J_0000399,2019-04,CA-0001-ab2019.XLS,1,28,ACC EXTRANJERO,entidad_sin_isin_pendiente,2,32 | 34,CL0000000100 | MXP4948K1056,0.0,6112.5552404293,6112.5552404293
H10J_0000400,2019-04,CA-0001-ab2019.XLS,1,7,BROWN BROTHERS,entidad_sin_isin_pendiente,9,9 | 10 | 11 | 12 | 13 | 14 | 15 | 16 | 19,BRL | CAD | CLP | COP | EUR | GBP | JPY | MXN | USD,6.777167923344051e-11,124310.04291935771,124310.042910933
H10J_0000401,2019-05,CA-0001-my2019.XLS,1,509,PAI Europe,entidad_sin_isin_pendiente,2,510 | 511,PAI Europe VI -1 FPCI | PAI Europe VI -1 SCSP,1.5993978966720986e-16,90983.7086734035,90983.70867340351
H10J_0000402,2019-05,CA-0001-my2019.XLS,1,467,Altamar,entidad_sin_isin_pendiente,2,468 | 469,"Altamar V - Private Equity Program 2010, F.C.R (de Régimen Simplificado) | Altamar Global Private Equity Program VIII, FCR",1.3736624405710701e-16,52967.5806754868,52967.580675486795
H10J_0000403,2019-05,CA-0001-my2019.XLS,1,133,BON EMP PRI EXT,entidad_sin_isin_pendiente,1,135,USP3703CAA82,0.0,3556.9589056,3556.9589056
H10J_0000404,2019-05,CA-0001-my2019.XLS,1,107,TIT.EMP.PUB.EXT,entidad_sin_isin_pendiente,2,109 | 110,USP9379RAB35 | USP9379RAZ03,0.0,31100.658907355,31100.658907355
H10J_0000405,2019-05,CA-0001-my2019.XLS,1,42,TIT ESTAD EXTRA,entidad_sin_isin_pendiente,5,54 | 69 | 72 | 73 | 74,COL17CT02302 | MX0MGO0000J5 | MXBIGO000OA5 | MX0MGO0000H9 | MXBIGO000NO8,0.0,107632.28992467161,107632.28992467161
H10J_0000406,2019-05,CA-0001-my2019.XLS,1,35,ADS,entidad_sin_isin_pendiente,3,37 | 39 | 41,US02319V1035 | US29274F1049 | US1912411089,1.4342354929323612e-16,12682.64111793,12682.641117930001
H10J_0000407,2019-05,CA-0001-my2019.XLS,1,28,ACC EXTRANJERO,entidad_sin_isin_pendiente,2,32 | 34,CL0000000100 | MXP4948K1056,1.5251108145780461e-16,5963.4663467032,5963.4663467032005
H10J_0000408,2019-05,CA-0001-my2019.XLS,1,7,BROWN BROTHERS,entidad_sin_isin_pendiente,9,9 | 10 | 11 | 12 | 13 | 14 | 15 | 16 | 19,BRL | CAD | CLP | COP | EUR | GBP | JPY | MXN | USD,7.750315640041807e-11,111310.2951801529,111310.295171526
H10J_0000409,2019-06,CA-0001-jn2019.XLS,1,508,PAI Europe,entidad_sin_isin_pendiente,2,509 | 510,PAI Europe VI -1 FPCI | PAI Europe VI -1 SCSP,0.0,90220.6652944301,90220.6652944301
H10J_0000410,2019-06,CA-0001-jn2019.XLS,1,466,Altamar,entidad_sin_isin_pendiente,2,467 | 468,"Altamar V - Private Equity Program 2010, F.C.R (de Régimen Simplificado) | Altamar Global Private Equity Program VIII, FCR",0.0,52523.3631081447,52523.3631081447
H10J_0000411,2019-06,CA-0001-jn2019.XLS,1,133,BON EMP PRI EXT,entidad_sin_isin_pendiente,1,135,USP3703CAA82,0.0,3668.5593851558,3668.5593851558
H10J_0000412,2019-06,CA-0001-jn2019.XLS,1,108,TIT.EMP.PUB.EXT,entidad_sin_isin_pendiente,2,110 | 111,USP9379RAB35 | USP9379RAZ03,0.0,32298.728323009105,32298.728323009105
H10J_0000413,2019-06,CA-0001-jn2019.XLS,1,42,TIT ESTAD EXTRA,entidad_sin_isin_pendiente,7,53 | 68 | 71 | 72 | 73 | 94 | 95,COL17CT02302 | MX0MGO0000J5 | MXBIGO000OA5 | MX0MGO0000H9 | MXBIGO000NO8 | BRSTNCNTF1Q6 | BRSTNCLTN7J0,1.7770568836446747e-16,184247.3899691564,184247.38996915641
H10J_0000414,2019-06,CA-0001-jn2019.XLS,1,35,ADS,entidad_sin_isin_pendiente,3,37 | 39 | 41,US02319V1035 | US29274F1049 | US1912411089,0.0,12921.2586503494,12921.2586503494
H10J_0000415,2019-06,CA-0001-jn2019.XLS,1,28,ACC EXTRANJERO,entidad_sin_isin_pendiente,2,32 | 34,CL0000000100 | MXP4948K1056,0.0,5965.9034845572005,5965.9034845572005
H10J_0000416,2019-06,CA-0001-jn2019.XLS,1,7,BROWN BROTHERS,entidad_sin_isin_pendiente,9,9 | 10 | 11 | 12 | 13 | 14 | 15 | 16 | 19,BRL | CAD | CLP | COP | EUR | GBP | JPY | MXN | USD,1.2683174893609782e-09,37767.5987779551,37767.5987300538
H10J_0000417,2019-07,CA-0001-jl2019.XLS,1,503,PAI Europe,entidad_sin_isin_pendiente,2,504 | 505,PAI Europe VI -1 FPCI | PAI Europe VI -1 SCSP,1.6512097946725006e-16,88128.8088001747,88128.80880017471
H10J_0000418,2019-07,CA-0001-jl2019.XLS,1,461,Altamar,entidad_sin_isin_pendiente,2,462 | 463,"Altamar V - Private Equity Program 2010, F.C.R (de Régimen Simplificado) | Altamar Global Private Equity Program VIII, FCR",0.0,58293.9021995411,58293.9021995411
H10J_0000419,2019-07,CA-0001-jl2019.XLS,1,128,BON EMP PRI EXT,entidad_sin_isin_pendiente,1,130,USP3703CAA82,0.0,3627.3992418565,3627.3992418565
H10J_0000420,2019-07,CA-0001-jl2019.XLS,1,102,TIT.EMP.PUB.EXT,entidad_sin_isin_pendiente,1,104,USP9379RAZ03,0.0,20691.562821606694,20691.562821606694
H10J_0000421,2019-07,CA-0001-jl2019.XLS,1,40,TIT ESTAD EXTRA,entidad_sin_isin_pendiente,6,51 | 66 | 69 | 70 | 89 | 90,COL17CT02302 | MX0MGO0000J5 | MX0MGO0000H9 | MXBIGO000NO8 | BRSTNCNTF1Q6 | BRSTNCLTN7J0,0.0,157804.7237960649,157804.7237960649
H10J_0000422,2019-07,CA-0001-jl2019.XLS,1,35,ADS,entidad_sin_isin_pendiente,2,37 | 39,US29274F1049 | US1912411089,1.213536658111044e-16,7494.579547259999,7494.57954726
H10J_0000423,2019-07,CA-0001-jl2019.XLS,1,28,ACC EXTRANJERO,entidad_sin_isin_pendiente,2,32 | 34,CL0000000100 | MXP4948K1056,3.04687606841184e-16,5970.014410510599,5970.014410510601
H10J_0000424,2019-07,CA-0001-jl2019.XLS,1,7,BROWN BROTHERS,entidad_sin_isin_pendiente,10,9 | 10 | 11 | 12 | 13 | 14 | 15 | 16 | 17 | 19,BRL | CAD | CLP | COP | EUR | GBP | JPY | MXN | PEN | USD,9.697043826939339e-11,87005.87295119569,87005.87294275871
H10J_0000425,2019-08,CA-0001-ag2019.XLS,1,507,PAI Europe,entidad_sin_isin_pendiente,2,508 | 509,PAI Europe VI -1 FPCI | PAI Europe VI -1 SCSP,0.0,93316.1330319617,93316.1330319617
H10J_0000426,2019-08,CA-0001-ag2019.XLS,1,465,Altamar,entidad_sin_isin_pendiente,2,466 | 467,"Altamar V - Private Equity Program 2010, F.C.R (de Régimen Simplificado) | Altamar Global Private Equity Program VIII, FCR",1.2242610716253922e-16,59431.421800608994,59431.421800609
H10J_0000427,2019-08,CA-0001-ag2019.XLS,1,128,BON EMP PRI EXT,entidad_sin_isin_pendiente,1,130,USP3703CAA82,0.0,3585.0931120529,3585.0931120529
H10J_0000428,2019-08,CA-0001-ag2019.XLS,1,102,TIT.EMP.PUB.EXT,entidad_sin_isin_pendiente,1,104,USP9379RAZ03,0.0,20653.6147825807,20653.6147825807
H10J_0000429,2019-08,CA-0001-ag2019.XLS,1,40,TIT ESTAD EXTRA,entidad_sin_isin_pendiente,7,51 | 66 | 68 | 69 | 87 | 89 | 90,COL17CT02302 | MX0MGO0000J5 | MX0MGO0000H9 | MXBIGO000NO8 | US912796VU03 | BRSTNCNTF1Q6 | BRSTNCLTN7J0,1.3128177450917835e-16,221689.8009304327,221689.80093043274
H10J_0000430,2019-08,CA-0001-ag2019.XLS,1,35,ADS,entidad_sin_isin_pendiente,2,37 | 39,US29274F1049 | US1912411089,0.0,7526.54815857,7526.54815857
H10J_0000431,2019-08,CA-0001-ag2019.XLS,1,28,ACC EXTRANJERO,entidad_sin_isin_pendiente,2,32 | 34,CL0000000100 | MXP4948K1056,0.0,5453.8995908385,5453.8995908385
H10J_0000432,2019-08,CA-0001-ag2019.XLS,1,7,BROWN BROTHERS,entidad_sin_isin_pendiente,10,9 | 10 | 11 | 12 | 13 | 14 | 15 | 16 | 17 | 19,BRL | CAD | CLP | COP | EUR | GBP | JPY | MXN | PEN | USD,2.3529771087717297e-11,368354.73565146764,368354.73564280034
H10J_0000433,2019-09,CA-0001-se2019.XLS,1,505,PAI Europe,entidad_sin_isin_pendiente,2,506 | 507,PAI Europe VI -1 FPCI | PAI Europe VI -1 SCSP,1.5834869640549946e-16,91897.9161729396,91897.91617293959
H10J_0000434,2019-09,CA-0001-se2019.XLS,1,463,Altamar,entidad_sin_isin_pendiente,2,464 | 465,"Altamar V - Private Equity Program 2010, F.C.R (de Régimen Simplificado) | Altamar Global Private Equity Program VIII, FCR",0.0,58528.184154398296,58528.184154398296
H10J_0000435,2019-09,CA-0001-se2019.XLS,1,123,BON EMP PRI EXT,entidad_sin_isin_pendiente,1,125,USP3703CAA82,0.0,3538.54715216,3538.54715216
H10J_0000436,2019-09,CA-0001-se2019.XLS,1,101,TIT.EMP.PUB.EXT,entidad_sin_isin_pendiente,1,103,USP9379RAZ03,0.0,20734.9850454245,20734.9850454245
H10J_0000437,2019-09,CA-0001-se2019.XLS,1,40,TIT ESTAD EXTRA,entidad_sin_isin_pendiente,7,50 | 65 | 67 | 77 | 86 | 88 | 89,COL17CT02302 | MX0MGO0000J5 | MX0MGO0000H9 | MX0MGO0000N7 | US912828YB05 | BRSTNCNTF1Q6 | BRSTNCLTN7J0,2.639080558138743e-16,220560.37938652153,220560.37938652147
H10J_0000438,2019-09,CA-0001-se2019.XLS,1,35,ADS,entidad_sin_isin_pendiente,2,37 | 39,US29274F1049 | US1912411089,0.0,7956.187367778,7956.187367778
H10J_0000439,2019-09,CA-0001-se2019.XLS,1,28,ACC EXTRANJERO,entidad_sin_isin_pendiente,2,32 | 34,CL0000000100 | MXP4948K1056,0.0,4197.5958281536,4197.5958281536
H10J_0000440,2019-09,CA-0001-se2019.XLS,1,7,BROWN BROTHERS,entidad_sin_isin_pendiente,10,9 | 10 | 11 | 12 | 13 | 14 | 15 | 16 | 17 | 19,BRL | CAD | CLP | COP | EUR | GBP | JPY | MXN | PEN | USD,5.13024284617588e-11,167559.21567338478,167559.21566478861
H10J_0000441,2019-10,CA-0001-oc2019.XLS,1,503,PAI Europe,entidad_sin_isin_pendiente,2,504 | 505,PAI Europe VI -1 FPCI | PAI Europe VI -1 SCSP,0.0,93210.1831867025,93210.1831867025
H10J_0000442,2019-10,CA-0001-oc2019.XLS,1,461,Altamar,entidad_sin_isin_pendiente,2,462 | 463,"Altamar V - Private Equity Program 2010, F.C.R (de Régimen Simplificado) | Altamar Global Private Equity Program VIII, FCR",2.3742731940403046e-16,61289.97819161591,61289.9781916159
H10J_0000443,2019-10,CA-0001-oc2019.XLS,1,117,BON EMP PRI EXT,entidad_sin_isin_pendiente,1,119,USP3703CAA82,0.0,3639.3236778,3639.3236778
H10J_0000444,2019-10,CA-0001-oc2019.XLS,1,97,TIT.EMP.PUB.EXT,entidad_sin_isin_pendiente,1,99,USP9379RAZ03,0.0,21158.1992840582,21158.1992840582
H10J_0000445,2019-10,CA-0001-oc2019.XLS,1,36,TIT ESTAD EXTRA,entidad_sin_isin_pendiente,9,46 | 61 | 63 | 73 | 74 | 82 | 84 | 85 | 95,COL17CT02302 | MX0MGO0000J5 | MX0MGO0000H9 | MX0MGO0000N7 | MX0MGO0000R8 | US912828YB05 | BRSTNCNTF1Q6 | BRSTNCLTN7J0 | BRSTNCNTF170,1.9509947828112585e-16,298348.62412903993,298348.62412903993
H10J_0000446,2019-10,CA-0001-oc2019.XLS,1,31,ADS,entidad_sin_isin_pendiente,2,33 | 35,US29274F1049 | US1912411089,1.181753798687341e-16,7696.143670392,7696.143670392001
H10J_0000447,2019-10,CA-0001-oc2019.XLS,1,7,BROWN BROTHERS,entidad_sin_isin_pendiente,8,9 | 10 | 11 | 13 | 14 | 15 | 16 | 19,BRL | CAD | CLP | EUR | GBP | JPY | MXN | USD,1.5575444280962038e-09,132407.5753441103,132407.5751378796
H10J_0000448,2019-11,CA-0001-no2019.XLS,1,507,PAI Europe,entidad_sin_isin_pendiente,2,508 | 509,PAI Europe VI -1 FPCI | PAI Europe VI -1 SCSP,0.0,81806.6449349982,81806.6449349982
H10J_0000449,2019-11,CA-0001-no2019.XLS,1,465,Altamar,entidad_sin_isin_pendiente,2,466 | 467,"Altamar V - Private Equity Program 2010, F.C.R (de Régimen Simplificado) | Altamar Global Private Equity Program VIII, FCR",1.1796479732755486e-16,61679.05832093409,61679.0583209341
H10J_0000450,2019-11,CA-0001-no2019.XLS,1,115,BON EMP PRI EXT,entidad_sin_isin_pendiente,1,117,USP3703CAA82,0.0,3583.028001,3583.028001
H10J_0000451,2019-11,CA-0001-no2019.XLS,1,95,TIT.EMP.PUB.EXT,entidad_sin_isin_pendiente,1,97,USP9379RAZ03,0.0,19367.1944673682,19367.1944673682
H10J_0000452,2019-11,CA-0001-no2019.XLS,1,36,TIT ESTAD EXTRA,entidad_sin_isin_pendiente,9,46 | 47 | 61 | 74 | 81 | 83 | 84 | 91 | 92,COL17CT02302 | COL17CT02864 | MX0MGO0000J5 | MX0MGO0000R8 | US912828YB05 | BRSTNCNTF1Q6 | BRSTNCLTN7J0 | BRSTNCNTF0N5 | BRSTNCNTF170,8.737625740945841e-17,249814.6921109421,249814.6921109421
H10J_0000453,2019-11,CA-0001-no2019.XLS,1,31,ADS,entidad_sin_isin_pendiente,2,33 | 35,US29274F1049 | US1912411089,1.126153529632969e-16,8076.11642499,8076.116424989999
H10J_0000454,2019-11,CA-0001-no2019.XLS,1,7,BROWN BROTHERS,entidad_sin_isin_pendiente,8,9 | 10 | 11 | 13 | 14 | 15 | 16 | 19,BRL | CAD | CLP | EUR | GBP | JPY | MXN | USD,6.86666935031673e-09,73086.9032420198,73086.9027401562
H10J_0000455,2019-12,CA-0001-di2019.XLS,1,486,PAI Europe,entidad_sin_isin_pendiente,2,487 | 488,PAI Europe VI -1 FPCI | PAI Europe VI -1 SCSP,0.0,81095.4115150022,81095.4115150022
H10J_0000456,2019-12,CA-0001-di2019.XLS,1,444,Altamar,entidad_sin_isin_pendiente,2,445 | 446,"Altamar V - Private Equity Program 2010, F.C.R (de Régimen Simplificado) | Altamar Global Private Equity Program VIII, FCR",1.1899938738234364e-16,61142.81572564621,61142.8157256462
H10J_0000457,2019-12,CA-0001-di2019.XLS,1,105,BON EMP PRI EXT,entidad_sin_isin_pendiente,1,107,USP3703CAA82,0.0,3755.93626512,3755.93626512
H10J_0000458,2019-12,CA-0001-di2019.XLS,1,87,TIT.EMP.PUB.EXT,entidad_sin_isin_pendiente,1,89,USP9379RAZ03,0.0,20298.2674028471,20298.2674028471
H10J_0000459,2019-12,CA-0001-di2019.XLS,1,36,TIT ESTAD EXTRA,entidad_sin_isin_pendiente,8,45 | 59 | 71 | 73 | 76 | 77 | 83 | 84,COL17CT02302 | MX0MGO0000J5 | MX0MGO0000R8 | MXBIGO000OK4 | BRSTNCNTF1Q6 | BRSTNCLTN7J0 | BRSTNCNTF0N5 | BRSTNCNTF170,9.036608317747142e-17,161032.9309038227,161032.9309038227
H10J_0000460,2019-12,CA-0001-di2019.XLS,1,31,ADS,entidad_sin_isin_pendiente,2,33 | 35,US29274F1049 | US1912411089,0.0,8631.2436268452,8631.2436268452
H10J_0000461,2019-12,CA-0001-di2019.XLS,1,7,BROWN BROTHERS,entidad_sin_isin_pendiente,9,9 | 10 | 11 | 13 | 14 | 15 | 16 | 17 | 19,BRL | CAD | CLP | EUR | GBP | JPY | MXN | PEN | USD,1.0566144189374451e-08,49400.2819162207,49400.2813942502
H10J_0000462,2020-01,CA-0001-en2020.XLS,1,485,PAI Europe,entidad_sin_isin_pendiente,2,486 | 487,PAI Europe VI -1 FPCI | PAI Europe VI -1 SCSP,1.7785719070852835e-16,81817.9752552961,81817.97525529611
H10J_0000463,2020-01,CA-0001-en2020.XLS,1,441,Altamar,entidad_sin_isin_pendiente,2,442 | 443,"Altamar V - Private Equity Program 2010, F.C.R (de Régimen Simplificado) | Altamar Global Private Equity Program VIII, FCR",0.0,67164.0793220218,67164.0793220218
H10J_0000464,2020-01,CA-0001-en2020.XLS,1,104,BON EMP PRI EXT,entidad_sin_isin_pendiente,1,106,USP3703CAA82,0.0,3419.71549228,3419.71549228
H10J_0000465,2020-01,CA-0001-en2020.XLS,1,87,TIT.EMP.PUB.EXT,entidad_sin_isin_pendiente,1,89,USP9379RAZ03,0.0,20067.1092237999,20067.1092237999
H10J_0000466,2020-01,CA-0001-en2020.XLS,1,36,TIT ESTAD EXTRA,entidad_sin_isin_pendiente,4,58 | 70 | 76 | 77,MX0MGO0000J5 | MXBIGO000OK4 | BRSTNCNTF1Q6 | BRSTNCLTN7J0,0.0,15250.5623622056,15250.5623622056
H10J_0000467,2020-01,CA-0001-en2020.XLS,1,31,ADS,entidad_sin_isin_pendiente,2,33 | 35,US29274F1049 | US1912411089,0.0,8299.26281907,8299.26281907
H10J_0000468,2020-01,CA-0001-en2020.XLS,1,7,BROWN BROTHERS,entidad_sin_isin_pendiente,9,9 | 10 | 11 | 12 | 13 | 14 | 15 | 16 | 19,BRL | CAD | CLP | COP | EUR | GBP | JPY | MXN | USD,1.193685723546705e-10,72975.6815219237,72975.6815132127
H10J_0000469,2020-02,CA-0001-fe2020.XLS,1,482,PAI Europe,entidad_sin_isin_pendiente,2,483 | 484,PAI Europe VI -1 FPCI | PAI Europe VI -1 SCSP,1.616397370972575e-16,90026.84296381321,90026.8429638132
H10J_0000470,2020-02,CA-0001-fe2020.XLS,1,438,Altamar,entidad_sin_isin_pendiente,2,439 | 440,"Altamar V - Private Equity Program 2010, F.C.R (de Régimen Simplificado) | Altamar Global Private Equity Program VIII, FCR",0.0,68032.6723330027,68032.6723330027
H10J_0000471,2020-02,CA-0001-fe2020.XLS,1,105,BON EMP PRI EXT,entidad_sin_isin_pendiente,1,107,USP3703CAA82,0.0,3406.313103,3406.313103
H10J_0000472,2020-02,CA-0001-fe2020.XLS,1,36,TIT ESTAD EXTRA,entidad_sin_isin_pendiente,4,58 | 70 | 77 | 78,MX0MGO0000J5 | MXBIGO000OK4 | BRSTNCNTF1Q6 | BRSTNCLTN7J0,0.0,14860.5526148131,14860.5526148131
H10J_0000473,2020-02,CA-0001-fe2020.XLS,1,31,ADS,entidad_sin_isin_pendiente,2,33 | 35,US29274F1049 | US1912411089,1.2003915609738226e-16,7576.650247649999,7576.65024765
H10J_0000474,2020-02,CA-0001-fe2020.XLS,1,7,BROWN BROTHERS,entidad_sin_isin_pendiente,9,9 | 10 | 11 | 12 | 13 | 14 | 15 | 16 | 19,BRL | CAD | CLP | COP | EUR | GBP | JPY | MXN | USD,4.2172241765025594e-10,21004.342913869204,21004.342905011203
H10J_0000475,2020-03,CA-0001-ma2020.XLS,1,466,PAI Europe,entidad_sin_isin_pendiente,2,467 | 468,PAI Europe VI -1 FPCI | PAI Europe VI -1 SCSP,1.6254961839891225e-16,89522.91227565399,89522.912275654
H10J_0000476,2020-03,CA-0001-ma2020.XLS,1,422,Altamar,entidad_sin_isin_pendiente,2,423 | 424,"Altamar V - Private Equity Program 2010, F.C.R (de Régimen Simplificado) | Altamar Global Private Equity Program VIII, FCR",0.0,67651.8553426762,67651.8553426762
H10J_0000477,2020-03,CA-0001-ma2020.XLS,1,103,BON EMP PRI EXT,entidad_sin_isin_pendiente,1,105,USP3703CAA82,0.0,2953.12653792,2953.12653792
H10J_0000478,2020-03,CA-0001-ma2020.XLS,1,31,TIT ESTAD EXTRA,entidad_sin_isin_pendiente,2,53 | 72,MX0MGO0000J5 | BRSTNCNTF1Q6,0.0,723.3803660419001,723.3803660419001
H10J_0000479,2020-03,CA-0001-ma2020.XLS,1,7,BROWN BROTHERS,entidad_sin_isin_pendiente,9,9 | 10 | 11 | 12 | 13 | 14 | 15 | 16 | 19,BRL | CAD | CLP | COP | EUR | GBP | JPY | MXN | USD,1.0485498184020401e-10,84360.32122700338,84360.3212181578
H10J_0000480,2020-04,CA-0001-ab2020.XLS,1,467,PAI Europe,entidad_sin_isin_pendiente,2,468 | 469,PAI Europe VI -1 FPCI | PAI Europe VI -1 SCSP,1.66238571531576e-16,87536.3346442303,87536.33464423032
H10J_0000481,2020-04,CA-0001-ab2020.XLS,1,423,Altamar,entidad_sin_isin_pendiente,2,424 | 425,"Altamar V - Private Equity Program 2010, F.C.R (de Régimen Simplificado) | Altamar Global Private Equity Program VIII, FCR",0.0,66204.2217091525,66204.2217091525
H10J_0000482,2020-04,CA-0001-ab2020.XLS,1,106,BON EMP PRI EXT,entidad_sin_isin_pendiente,1,108,USP3703CAA82,0.0,3001.9383700000003,3001.9383700000003
H10J_0000483,2020-04,CA-0001-ab2020.XLS,1,31,TIT ESTAD EXTRA,entidad_sin_isin_pendiente,5,41 | 53 | 64 | 74 | 80,COL17CT02914 | MX0MGO0000J5 | MX0MGO0000D8 | BRSTNCNTF1Q6 | BRSTNCNTF170,1.9155982452905256e-16,4747.836369180801,4747.8363691808
H10J_0000484,2020-04,CA-0001-ab2020.XLS,1,7,BROWN BROTHERS,entidad_sin_isin_pendiente,9,9 | 10 | 11 | 12 | 13 | 14 | 15 | 16 | 19,BRL | CAD | CLP | COP | EUR | GBP | JPY | MXN | USD,6.687595445203534e-11,130078.04023351919,130078.04022482011
H10J_0000485,2020-05,CA-0001-my2020.XLS,1,462,PAI Europe,entidad_sin_isin_pendiente,2,463 | 464,PAI Europe VI -1 FPCI | PAI Europe VI -1 SCSP,0.0,80112.3919041189,80112.3919041189
H10J_0000486,2020-05,CA-0001-my2020.XLS,1,418,Altamar,entidad_sin_isin_pendiente,2,419 | 420,"Altamar V - Private Equity Program 2010, F.C.R (de Régimen Simplificado) | Altamar Global Private Equity Program VIII, FCR",0.0,68891.4070508808,68891.4070508808
H10J_0000487,2020-05,CA-0001-my2020.XLS,1,31,TIT ESTAD EXTRA,entidad_sin_isin_pendiente,6,41 | 50 | 54 | 64 | 76 | 82,COL17CT02914 | COL17CT03615 | MX0MGO0000J5 | MX0MGO0000R8 | BRSTNCNTF1Q6 | BRSTNCNTF170,1.0921950737729774e-17,10409.023117902001,10409.023117902001
H10J_0000488,2020-05,CA-0001-my2020.XLS,1,7,BROWN BROTHERS,entidad_sin_isin_pendiente,9,9 | 10 | 11 | 12 | 13 | 14 | 15 | 16 | 19,BRL | CAD | CLP | COP | EUR | GBP | JPY | MXN | USD,2.191322919572643e-09,11131.039186525999,11131.039162134299
H10J_0000489,2020-06,CA-0001-jn2020.XLS,1,470,PAI Europe,entidad_sin_isin_pendiente,2,471 | 472,PAI Europe VI -1 FPCI | PAI Europe VI -1 SCSP,1.7360799176314982e-16,83820.53775623279,83820.5377562328
H10J_0000490,2020-06,CA-0001-jn2020.XLS,1,426,Altamar,entidad_sin_isin_pendiente,2,427 | 428,"Altamar V - Private Equity Program 2010, F.C.R (de Régimen Simplificado) | Altamar Global Private Equity Program VIII, FCR",0.0,72080.16947864281,72080.16947864281
H10J_0000491,2020-06,CA-0001-jn2020.XLS,1,31,TIT ESTAD EXTRA,entidad_sin_isin_pendiente,5,41 | 50 | 56 | 76 | 82,COL17CT02914 | COL17CT03615 | MX0MGO0000J5 | BRSTNCNTF1Q6 | BRSTNCNTF170,1.4644904204747597e-16,6986.6045225673,6986.604522567301
H10J_0000492,2020-06,CA-0001-jn2020.XLS,1,7,BROWN BROTHERS,entidad_sin_isin_pendiente,9,9 | 10 | 11 | 12 | 13 | 14 | 15 | 16 | 19,BRL | CAD | CLP | COP | EUR | GBP | JPY | MXN | USD,5.63422650149228e-10,27802.400048855303,27802.400033190803
H10J_0000493,2020-07,CA-0001-jl2020.XLS,1,467,PAI Europe,entidad_sin_isin_pendiente,2,468 | 469,PAI Europe VI -1 FPCI | PAI Europe VI -1 SCSP,0.0,87670.2444464862,87670.2444464862
H10J_0000494,2020-07,CA-0001-jl2020.XLS,1,423,Altamar,entidad_sin_isin_pendiente,2,424 | 425,"Altamar V - Private Equity Program 2010, F.C.R (de Régimen Simplificado) | Altamar Global Private Equity Program VIII, FCR",0.0,69164.1773397153,69164.1773397153
H10J_0000495,2020-07,CA-0001-jl2020.XLS,1,28,TIT ESTAD EXTRA,entidad_sin_isin_pendiente,3,54 | 73 | 79,MX0MGO0000J5 | BRSTNCNTF1Q6 | BRSTNCNTF170,0.0,1225.3001314657001,1225.3001314657001
H10J_0000496,2020-07,CA-0001-jl2020.XLS,1,7,BROWN BROTHERS,entidad_sin_isin_pendiente,10,9 | 10 | 11 | 12 | 13 | 14 | 15 | 16 | 17 | 19,BRL | CAD | CLP | COP | EUR | GBP | JPY | MXN | PEN | USD,3.24810291303801e-10,28055.1468581836,28055.146849071003
H10J_0000497,2020-08,CA-0001-ag2020.XLS,1,475,PAI Europe,entidad_sin_isin_pendiente,2,476 | 477,PAI Europe VI -1 FPCI | PAI Europe VI -1 SCSP,2.7773363953822554e-16,104790.44060029332,104790.4406002933
H10J_0000498,2020-08,CA-0001-ag2020.XLS,1,431,Altamar,entidad_sin_isin_pendiente,2,432 | 433,"Altamar V - Private Equity Program 2010, F.C.R (de Régimen Simplificado) | Altamar Global Private Equity Program VIII, FCR",2.0698515487214904e-16,70304.14928720519,70304.1492872052
H10J_0000499,2020-08,CA-0001-ag2020.XLS,1,28,TIT ESTAD EXTRA,entidad_sin_isin_pendiente,3,55 | 76 | 81,MX0MGO0000J5 | BRSTNCNTF1Q6 | BRSTNCNTF170,0.0,1202.6001420324,1202.6001420324
H10J_0000500,2020-08,CA-0001-ag2020.XLS,1,7,BROWN BROTHERS,entidad_sin_isin_pendiente,10,9 | 10 | 11 | 12 | 13 | 14 | 15 | 16 | 17 | 19,BRL | CAD | CLP | COP | EUR | GBP | JPY | MXN | PEN | USD,1.7394128000827482e-10,52547.63833895371,52547.638329813504
H10J_0000501,2020-09,CA-0001-se2020.XLS,1,480,PAI Europe,entidad_sin_isin_pendiente,2,481 | 482,PAI Europe VI -1 FPCI | PAI Europe VI -1 SCSP,0.0,104546.0531148387,104546.0531148387
H10J_0000502,2020-09,CA-0001-se2020.XLS,1,436,Altamar,entidad_sin_isin_pendiente,2,437 | 438,"Altamar V - Private Equity Program 2010, F.C.R (de Régimen Simplificado) | Altamar Global Private Equity Program VIII, FCR",2.0746900462083423e-16,70140.18915722669,70140.1891572267
H10J_0000503,2020-09,CA-0001-se2020.XLS,1,28,TIT ESTAD EXTRA,entidad_sin_isin_pendiente,2,55 | 75,MX0MGO0000J5 | BRSTNCNTF1Q6,0.0,871.0671288981,871.0671288981
H10J_0000504,2020-09,CA-0001-se2020.XLS,1,7,BROWN BROTHERS,entidad_sin_isin_pendiente,10,9 | 10 | 11 | 12 | 13 | 14 | 15 | 16 | 17 | 19,BRL | CAD | CLP | COP | EUR | GBP | JPY | MXN | PEN | USD,2.3146685379492126e-10,40146.56597029,40146.5659609974
H10J_0000505,2020-10,CA-0001-oc2020.XLS,1,474,PAI Europe,entidad_sin_isin_pendiente,2,475 | 476,PAI Europe VI -1 FPCI | PAI Europe VI -1 SCSP,1.3948923134284682e-16,104322.85767350809,104322.8576735081
H10J_0000506,2020-10,CA-0001-oc2020.XLS,1,430,Altamar,entidad_sin_isin_pendiente,2,431 | 432,"Altamar V - Private Equity Program 2010, F.C.R (de Régimen Simplificado) | Altamar Global Private Equity Program VIII, FCR",0.0,72539.19501457509,72539.19501457509
H10J_0000507,2020-10,CA-0001-oc2020.XLS,1,28,TIT ESTAD EXTRA,entidad_sin_isin_pendiente,2,56 | 73,MX0MGO0000J5 | BRSTNCNTF1Q6,0.0,895.8503724525999,895.8503724525999
H10J_0000508,2020-10,CA-0001-oc2020.XLS,1,7,BROWN BROTHERS,entidad_sin_isin_pendiente,10,9 | 10 | 11 | 12 | 13 | 14 | 15 | 16 | 17 | 19,BRL | CAD | CLP | COP | EUR | GBP | JPY | MXN | PEN | USD,6.239903966017345e-10,14942.376720463899,14942.37671114
H10J_0000509,2020-11,CA-0001-no2020.XLS,1,522,PAI Europe VII,entidad_sin_isin_pendiente,2,523 | 524,PAI Europe VII-1 SCSp | PAI Europe VII-1 S.L.P.,2.61111021770231e-17,34831.7239006959,34831.7239006959
H10J_0000510,2020-11,CA-0001-no2020.XLS,1,467,PAI Europe,entidad_sin_isin_pendiente,2,468 | 469,PAI Europe VI -1 FPCI | PAI Europe VI -1 SCSP,1.4530130754810333e-16,100149.9262045478,100149.92620454781
H10J_0000511,2020-11,CA-0001-no2020.XLS,1,423,Altamar,entidad_sin_isin_pendiente,2,424 | 425,"Altamar V - Private Equity Program 2010, F.C.R (de Régimen Simplificado) | Altamar Global Private Equity Program VIII, FCR",0.0,74274.1327467565,74274.1327467565
H10J_0000512,2020-11,CA-0001-no2020.XLS,1,28,TIT ESTAD EXTRA,entidad_sin_isin_pendiente,2,55 | 73,MX0MGO0000J5 | BRSTNCNTF1Q6,0.0,982.3269607313,982.3269607313
H10J_0000513,2020-11,CA-0001-no2020.XLS,1,7,BROWN BROTHERS,entidad_sin_isin_pendiente,10,9 | 10 | 11 | 12 | 13 | 14 | 15 | 16 | 17 | 19,BRL | CAD | CLP | COP | EUR | GBP | JPY | MXN | PEN | USD,1.6704577693162793e-10,55685.2875493713,55685.28754006931
H10J_0000514,2020-12,CA-0001-di2020.XLS,1,533,PAI Europe VII,entidad_sin_isin_pendiente,2,534 | 535,PAI Europe VII-1 SCSp | PAI Europe VII-1 S.L.P.,1.272366973843137e-16,35740.266781125,35740.266781125
H10J_0000515,2020-12,CA-0001-di2020.XLS,1,478,PAI Europe,entidad_sin_isin_pendiente,2,479 | 480,PAI Europe VI -1 FPCI | PAI Europe VI -1 SCSP,1.4160764545827302e-16,102762.2144360476,102762.21443604761
H10J_0000516,2020-12,CA-0001-di2020.XLS,1,434,Altamar,entidad_sin_isin_pendiente,2,435 | 436,"Altamar V - Private Equity Program 2010, F.C.R (de Régimen Simplificado) | Altamar Global Private Equity Program VIII, FCR",1.9094124317816602e-16,76211.48258047401,76211.482580474
H10J_0000517,2020-12,CA-0001-di2020.XLS,1,33,TIT ESTAD EXTRA,entidad_sin_isin_pendiente,2,60 | 76,MX0MGO0000J5 | BRSTNCNTF1Q6,0.0,1004.9347862228,1004.9347862228
H10J_0000518,2020-12,CA-0001-di2020.XLS,1,28,ACC EXTRANJERO,entidad_sin_isin_pendiente,2,30 | 32,VGG069731120 | CA5171034047,1.487353385944817e-16,6114.852800736299,6114.8528007363
H10J_0000519,2020-12,CA-0001-di2020.XLS,1,7,BROWN BROTHERS,entidad_sin_isin_pendiente,10,9 | 10 | 11 | 12 | 13 | 14 | 15 | 16 | 17 | 19,BRL | CAD | CLP | COP | EUR | GBP | JPY | MXN | PEN | USD,1.1331420519503038e-10,82421.1927980905,82421.19278875101
H10J_0000520,2021-01,CA-0001-en2021.XLS,1,534,PAI Europe VII,entidad_sin_isin_pendiente,2,535 | 536,PAI Europe VII-1 SCSp | PAI Europe VII-1 S.L.P.,0.0,35644.4624874067,35644.4624874067
H10J_0000521,2021-01,CA-0001-en2021.XLS,1,479,PAI Europe,entidad_sin_isin_pendiente,2,480 | 481,PAI Europe VI -1 FPCI | PAI Europe VI -1 SCSP,0.0,102486.7531073658,102486.7531073658
H10J_0000522,2021-01,CA-0001-en2021.XLS,1,435,Altamar,entidad_sin_isin_pendiente,2,436 | 437,"Altamar V - Private Equity Program 2010, F.C.R (de Régimen Simplificado) | Altamar Global Private Equity Program VIII, FCR",0.0,80511.2502414052,80511.2502414052
H10J_0000523,2021-01,CA-0001-en2021.XLS,1,34,TIT ESTAD EXTRA,entidad_sin_isin_pendiente,2,61 | 79,MX0MGO0000J5 | BRSTNCNTF1Q6,0.0,970.567996871,970.567996871
H10J_0000524,2021-01,CA-0001-en2021.XLS,1,29,ACC EXTRANJERO,entidad_sin_isin_pendiente,2,31 | 33,VGG069731120 | CA5171034047,7.235276140645094e-17,12570.283208179502,12570.2832081795
H10J_0000525,2021-01,CA-0001-en2021.XLS,1,7,BROWN BROTHERS,entidad_sin_isin_pendiente,9,9 | 10 | 11 | 12 | 13 | 14 | 15 | 16 | 19,BRL | CAD | CLP | COP | EUR | GBP | JPY | MXN | USD,2.3746732827513476e-10,39497.2175434911,39497.2175341118
H10J_0000526,2021-02,CA-0001-fe2021.XLS,1,546,PAI Europe VII,entidad_sin_isin_pendiente,2,547 | 548,PAI Europe VII-1 SCSp | PAI Europe VII-1 S.L.P.,0.0,68381.8529371436,68381.8529371436
H10J_0000527,2021-02,CA-0001-fe2021.XLS,1,491,PAI Europe,entidad_sin_isin_pendiente,2,492 | 493,PAI Europe VI -1 FPCI | PAI Europe VI -1 SCSP,0.0,110927.9286755284,110927.9286755284
H10J_0000528,2021-02,CA-0001-fe2021.XLS,1,447,Altamar,entidad_sin_isin_pendiente,2,448 | 449,"Altamar V - Private Equity Program 2010, F.C.R (de Régimen Simplificado) | Altamar Global Private Equity Program VIII, FCR",1.8087987798849932e-16,80450.71342480721,80450.7134248072
H10J_0000529,2021-02,CA-0001-fe2021.XLS,1,34,TIT ESTAD EXTRA,entidad_sin_isin_pendiente,2,62 | 79,MX0MGO0000J5 | BRSTNCNTF1Q6,1.2533159952071907e-16,907.0883811933,907.0883811933002
H10J_0000530,2021-02,CA-0001-fe2021.XLS,1,29,ACC EXTRANJERO,entidad_sin_isin_pendiente,2,31 | 33,VGG069731120 | CA5171034047,7.476223659282385e-17,12165.161761094601,12165.1617610946
H10J_0000531,2021-02,CA-0001-fe2021.XLS,1,7,BROWN BROTHERS,entidad_sin_isin_pendiente,9,9 | 10 | 11 | 12 | 13 | 14 | 15 | 16 | 19,BRL | CAD | CLP | COP | EUR | GBP | JPY | MXN | USD,9.879937794326028e-10,9520.3038953825,9520.3038859765
H10J_0000532,2021-03,CA-0001-ma2021.XLS,1,540,PAI Europe VII,entidad_sin_isin_pendiente,2,541 | 542,PAI Europe VII-1 SCSp | PAI Europe VII-1 S.L.P.,0.0,68109.2177656477,68109.2177656477
H10J_0000533,2021-03,CA-0001-ma2021.XLS,1,485,PAI Europe,entidad_sin_isin_pendiente,2,486 | 487,PAI Europe VI -1 FPCI | PAI Europe VI -1 SCSP,0.0,110485.6643384396,110485.6643384396
H10J_0000534,2021-03,CA-0001-ma2021.XLS,1,441,Altamar,entidad_sin_isin_pendiente,2,442 | 443,"Altamar V - Private Equity Program 2010, F.C.R (de Régimen Simplificado) | Altamar Global Private Equity Program VIII, FCR",1.8160392413340224e-16,80129.9602847642,80129.96028476421
H10J_0000535,2021-03,CA-0001-ma2021.XLS,1,34,TIT ESTAD EXTRA,entidad_sin_isin_pendiente,2,62 | 79,MX0MGO0000J5 | BRSTNCNTF1Q6,1.2590779953115946e-16,902.9372139371,902.9372139371001
H10J_0000536,2021-03,CA-0001-ma2021.XLS,1,29,ACC EXTRANJERO,entidad_sin_isin_pendiente,2,31 | 33,VGG069731120 | CA5171036026,1.4424730367508611e-16,12610.214244580198,12610.2142445802
H10J_0000537,2021-03,CA-0001-ma2021.XLS,1,7,BROWN BROTHERS,entidad_sin_isin_pendiente,9,9 | 10 | 11 | 12 | 13 | 14 | 15 | 16 | 19,BRL | CAD | CLP | COP | EUR | GBP | JPY | MXN | USD,1.1671138988096294e-10,82497.442074771,82497.4420651426
H10J_0000538,2021-04,CA-0001-ab2021.XLS,1,535,PAI Europe VII,entidad_sin_isin_pendiente,2,536 | 537,PAI Europe VII-1 SCSp | PAI Europe VII-1 S.L.P.,2.578515313844907e-17,70544.0605211494,70544.0605211494
H10J_0000539,2021-04,CA-0001-ab2021.XLS,1,480,PAI Europe,entidad_sin_isin_pendiente,2,481 | 482,PAI Europe VI -1 FPCI | PAI Europe VI -1 SCSP,0.0,114435.4266206449,114435.4266206449
H10J_0000540,2021-04,CA-0001-ab2021.XLS,1,436,Altamar,entidad_sin_isin_pendiente,2,437 | 438,"Altamar V - Private Equity Program 2010, F.C.R (de Régimen Simplificado) | Altamar Global Private Equity Program VIII, FCR",0.0,88406.0121061655,88406.0121061655
H10J_0000541,2021-04,CA-0001-ab2021.XLS,1,34,TIT ESTAD EXTRA,entidad_sin_isin_pendiente,2,59 | 76,MX0MGO0000J5 | BRSTNCNTF1Q6,0.0,925.5855613095,925.5855613095
H10J_0000542,2021-04,CA-0001-ab2021.XLS,1,29,ACC EXTRANJERO,entidad_sin_isin_pendiente,2,31 | 33,VGG069731120 | CA5171036026,0.0,15690.5701421272,15690.5701421272
H10J_0000543,2021-04,CA-0001-ab2021.XLS,1,7,BROWN BROTHERS,entidad_sin_isin_pendiente,9,9 | 10 | 11 | 12 | 13 | 14 | 15 | 16 | 19,BRL | CAD | CLP | COP | EUR | GBP | JPY | MXN | USD,6.804170960079395e-10,14310.6358421211,14310.635832383901
H10J_0000544,2021-05,CA-0001-my2021.XLS,1,530,PAI Europe VII,entidad_sin_isin_pendiente,2,531 | 532,PAI Europe VII-1 SCSp | PAI Europe VII-1 S.L.P.,2.0005354977897497e-16,72740.10006042999,72740.10006043
H10J_0000545,2021-05,CA-0001-my2021.XLS,1,475,PAI Europe,entidad_sin_isin_pendiente,2,476 | 477,PAI Europe VI -1 FPCI | PAI Europe VI -1 SCSP,0.0,117997.806212872,117997.806212872
H10J_0000546,2021-05,CA-0001-my2021.XLS,1,431,Altamar,entidad_sin_isin_pendiente,2,432 | 433,"Altamar V - Private Equity Program 2010, F.C.R (de Régimen Simplificado) | Altamar Global Private Equity Program VIII, FCR",0.0,90934.36468354,90934.36468354
H10J_0000547,2021-05,CA-0001-my2021.XLS,1,34,TIT ESTAD EXTRA,entidad_sin_isin_pendiente,2,59 | 76,MX0MGO0000J5 | BRSTNCNTF1Q6,1.1545411046493966e-16,984.6928555752,984.6928555751999
H10J_0000548,2021-05,CA-0001-my2021.XLS,1,29,ACC EXTRANJERO,entidad_sin_isin_pendiente,2,31 | 33,VGG069731120 | CA5171036026,0.0,11896.379266314801,11896.379266314801
H10J_0000549,2021-05,CA-0001-my2021.XLS,1,7,BROWN BROTHERS,entidad_sin_isin_pendiente,9,9 | 10 | 11 | 12 | 13 | 14 | 15 | 16 | 19,BRL | CAD | CLP | COP | EUR | GBP | JPY | MXN | USD,5.413128970700883e-10,18255.066033895702,18255.066024014
H10J_0000550,2021-06,CA-0001-jn2021.XLS,1,523,PAI Europe VII,entidad_sin_isin_pendiente,2,524 | 525,PAI Europe VII-1 SCSp | PAI Europe VII-1 S.L.P.,9.075780082900706e-17,80168.9501918601,80168.95019186009
H10J_0000551,2021-06,CA-0001-jn2021.XLS,1,468,PAI Europe,entidad_sin_isin_pendiente,2,469 | 470,PAI Europe VI -1 FPCI | PAI Europe VI -1 SCSP,1.271573375406447e-16,114440.2321550297,114440.23215502969
H10J_0000552,2021-06,CA-0001-jn2021.XLS,1,424,Altamar,entidad_sin_isin_pendiente,2,425 | 426,"Altamar V - Private Equity Program 2010, F.C.R (de Régimen Simplificado) | Altamar Global Private Equity Program VIII, FCR",0.0,88787.72247302011,88787.72247302011
H10J_0000553,2021-06,CA-0001-jn2021.XLS,1,34,TIT ESTAD EXTRA,entidad_sin_isin_pendiente,2,59 | 75,MX0MGO0000J5 | BRSTNCNTF1Q6,0.0,956.6340482733,956.6340482733
H10J_0000554,2021-06,CA-0001-jn2021.XLS,1,29,ACC EXTRANJERO,entidad_sin_isin_pendiente,2,31 | 33,VGG069731120 | CA5171036026,7.07472035817324e-17,12855.5569086517,12855.556908651703
H10J_0000555,2021-06,CA-0001-jn2021.XLS,1,7,BROWN BROTHERS,entidad_sin_isin_pendiente,9,9 | 10 | 11 | 12 | 13 | 14 | 15 | 16 | 19,BRL | CAD | CLP | COP | EUR | GBP | JPY | MXN | USD,1.635196373858092e-10,60872.2115773602,60872.2115674064
H10J_0000556,2021-07,CA-0001-jl2021.XLS,1,514,PAI Europe VII,entidad_sin_isin_pendiente,2,515 | 516,PAI Europe VII-1 SCSp | PAI Europe VII-1 S.L.P.,0.0,84472.5617202299,84472.5617202299
H10J_0000557,2021-07,CA-0001-jl2021.XLS,1,459,PAI Europe,entidad_sin_isin_pendiente,2,460 | 461,PAI Europe VI -1 FPCI | PAI Europe VI -1 SCSP,0.0,120583.5869230917,120583.5869230917
H10J_0000558,2021-07,CA-0001-jl2021.XLS,1,415,Altamar,entidad_sin_isin_pendiente,2,416 | 417,"Altamar V - Private Equity Program 2010, F.C.R (de Régimen Simplificado) | Altamar Global Private Equity Program VIII, FCR",0.0,103363.2345788199,103363.2345788199
H10J_0000559,2021-07,CA-0001-jl2021.XLS,1,34,TIT ESTAD EXTRA,entidad_sin_isin_pendiente,2,56 | 73,MX0MGO0000J5 | BRSTNCNTF1Q6,0.0,1001.5419185423,1001.5419185423
H10J_0000560,2021-07,CA-0001-jl2021.XLS,1,29,ACC EXTRANJERO,entidad_sin_isin_pendiente,2,31 | 33,VGG069731120 | CA5171036026,0.0,14052.939406026198,14052.939406026198
H10J_0000561,2021-07,CA-0001-jl2021.XLS,1,7,BROWN BROTHERS,entidad_sin_isin_pendiente,10,9 | 10 | 11 | 12 | 13 | 14 | 15 | 16 | 17 | 19,BRL | CAD | CLP | COP | EUR | GBP | JPY | MXN | PEN | USD,8.38475438831962e-11,124811.0228605382,124811.0228500731
H10J_0000562,2021-08,CA-0001-ag2021.XLS,1,506,PAI Europe VII,entidad_sin_isin_pendiente,2,507 | 508,PAI Europe VII-1 SCSp | PAI Europe VII-1 S.L.P.,0.0,92397.5944735336,92397.5944735336
H10J_0000563,2021-08,CA-0001-ag2021.XLS,1,451,PAI Europe,entidad_sin_isin_pendiente,2,452 | 453,PAI Europe VI -1 FPCI | PAI Europe VI -1 SCSP,0.0,128762.2030218684,128762.2030218684
H10J_0000564,2021-08,CA-0001-ag2021.XLS,1,407,Altamar,entidad_sin_isin_pendiente,2,408 | 409,"Altamar V - Private Equity Program 2010, F.C.R (de Régimen Simplificado) | Altamar Global Private Equity Program VIII, FCR",1.4070739941399992e-16,103419.6871591032,103419.68715910321
H10J_0000565,2021-08,CA-0001-ag2021.XLS,1,34,TIT ESTAD EXTRA,entidad_sin_isin_pendiente,2,55 | 72,MX0MGO0000J5 | BRSTNCNTF1Q6,0.0,1000.6498654153,1000.6498654153
H10J_0000566,2021-08,CA-0001-ag2021.XLS,1,29,ACC EXTRANJERO,entidad_sin_isin_pendiente,2,31 | 33,VGG069731120 | CA5171036026,0.0,10170.9191118673,10170.9191118673
H10J_0000567,2021-08,CA-0001-ag2021.XLS,1,7,BROWN BROTHERS,entidad_sin_isin_pendiente,10,9 | 10 | 11 | 12 | 13 | 14 | 15 | 16 | 17 | 19,BRL | CAD | CLP | COP | EUR | GBP | JPY | MXN | PEN | USD,1.0732154841099518e-10,97934.6578492627,97934.6578387522
H10J_0000568,2021-09,CA-0001-se2021.XLS,1,531,PAI Europe VII,entidad_sin_isin_pendiente,2,532 | 533,PAI Europe VII-1 SCSp | PAI Europe VII-1 S.L.P.,1.5888513162718412e-16,91587.64624063238,91587.6462406324
H10J_0000569,2021-09,CA-0001-se2021.XLS,1,476,PAI Europe,entidad_sin_isin_pendiente,2,477 | 478,PAI Europe VI -1 FPCI | PAI Europe VI -1 SCSP,1.1401330216033432e-16,127633.486204117,127633.48620411701
H10J_0000570,2021-09,CA-0001-se2021.XLS,1,432,Altamar,entidad_sin_isin_pendiente,2,433 | 434,"Altamar V - Private Equity Program 2010, F.C.R (de Régimen Simplificado) | Altamar Global Private Equity Program VIII, FCR",0.0,102513.1203449023,102513.1203449023
H10J_0000571,2021-09,CA-0001-se2021.XLS,1,50,TIT ESTAD EXTRA,entidad_sin_isin_pendiente,2,72 | 89,MX0MGO0000J5 | BRSTNCNTF1Q6,0.0,964.8232854958,964.8232854958
H10J_0000572,2021-09,CA-0001-se2021.XLS,1,43,ACC EXTRANJERO,entidad_sin_isin_pendiente,3,45 | 47 | 49,VGG069731120 | CA5171036026 | IL0011762130,0.0,7479.6249491329,7479.6249491329
H10J_0000573,2021-09,CA-0001-se2021.XLS,1,29,State Street GA,entidad_sin_isin_pendiente,7,32 | 33 | 35 | 36 | 37 | 38 | 39,CAD | CLP | EUR | GBP | JPY | MXN | USD,4.2933987567063456e-10,24722.3753819907,24722.375371376398
H10J_0000574,2021-09,CA-0001-se2021.XLS,1,7,BROWN BROTHERS,entidad_sin_isin_pendiente,10,9 | 10 | 11 | 12 | 13 | 14 | 15 | 16 | 17 | 19,BRL | CAD | CLP | COP | EUR | GBP | JPY | MXN | PEN | USD,3.5677878287288836e-17,31864.7977904336,31864.7977904336
H10J_0000575,2021-10,CA-0001-oc2021.XLS,1,533,PAI Europe VII,entidad_sin_isin_pendiente,2,534 | 535,PAI Europe VII-1 SCSp | PAI Europe VII-1 S.L.P.,4.119537503670306e-17,88310.3698861936,88310.3698861936
H10J_0000576,2021-10,CA-0001-oc2021.XLS,1,478,PAI Europe,entidad_sin_isin_pendiente,2,479 | 480,PAI Europe VI -1 FPCI | PAI Europe VI -1 SCSP,0.0,123066.3832864117,123066.3832864117
H10J_0000577,2021-10,CA-0001-oc2021.XLS,1,434,Altamar,entidad_sin_isin_pendiente,2,435 | 436,"Altamar V - Private Equity Program 2010, F.C.R (de Régimen Simplificado) | Altamar Global Private Equity Program VIII, FCR",2.9786539243755933e-16,97707.99561024753,97707.9956102475
H10J_0000578,2021-10,CA-0001-oc2021.XLS,1,48,TIT ESTAD EXTRA,entidad_sin_isin_pendiente,2,72 | 88,MX0MGO0000J5 | BRSTNCNTF1Q6,0.0,925.1930376813,925.1930376813
H10J_0000579,2021-10,CA-0001-oc2021.XLS,1,43,ACC EXTRANJERO,entidad_sin_isin_pendiente,2,45 | 47,VGG069731120 | CA5171036026,5.616475324766079e-17,8096.6678315355,8096.6678315355
H10J_0000580,2021-10,CA-0001-oc2021.XLS,1,29,State Street GA,entidad_sin_isin_pendiente,7,32 | 33 | 35 | 36 | 37 | 38 | 39,CAD | CLP | EUR | GBP | JPY | MXN | USD,5.781418100334074e-10,17745.6468908114,17745.6468805519
H10J_0000581,2021-10,CA-0001-oc2021.XLS,1,7,BROWN BROTHERS,entidad_sin_isin_pendiente,10,9 | 10 | 11 | 12 | 13 | 14 | 15 | 16 | 17 | 19,BRL | CAD | CLP | COP | EUR | GBP | JPY | MXN | PEN | USD,0.0,31518.336890320596,31518.336890320596
H10J_0000582,2021-11,CA-0001-no2021.XLS,1,544,PAI Europe VII,entidad_sin_isin_pendiente,2,545 | 546,PAI Europe VII-1 SCSp | PAI Europe VII-1 S.L.P.,0.0,104403.19856792719,104403.19856792719
H10J_0000583,2021-11,CA-0001-no2021.XLS,1,489,PAI Europe,entidad_sin_isin_pendiente,2,490 | 491,PAI Europe VI -1 FPCI | PAI Europe VI -1 SCSP,0.0,126936.6053176534,126936.6053176534
H10J_0000584,2021-11,CA-0001-no2021.XLS,1,447,Altamar,entidad_sin_isin_pendiente,2,448 | 449,"Altamar V - Private Equity Program 2010, F.C.R (de Régimen Simplificado) | Altamar Global Private Equity Program VIII, FCR",1.4948052904061544e-16,97349.9045110614,97349.90451106141
H10J_0000585,2021-11,CA-0001-no2021.XLS,1,52,TIT ESTAD EXTRA,entidad_sin_isin_pendiente,2,76 | 92,MX0MGO0000J5 | BRSTNCNTF1Q6,0.0,915.4486545993,915.4486545993
H10J_0000586,2021-11,CA-0001-no2021.XLS,1,45,ACC EXTRANJERO,entidad_sin_isin_pendiente,3,47 | 49 | 51,VGG069731120 | CA5170971017 | IL0011762130,0.0,6529.4812956885,6529.4812956885
H10J_0000587,2021-11,CA-0001-no2021.XLS,1,31,State Street GA,entidad_sin_isin_pendiente,8,33 | 34 | 35 | 37 | 38 | 39 | 40 | 41,BRL | CAD | CLP | EUR | GBP | JPY | MXN | USD,1.3855394579235576e-10,75224.90506716551,75224.9050567428
H10J_0000588,2021-11,CA-0001-no2021.XLS,1,7,BROWN BROTHERS,entidad_sin_isin_pendiente,10,9 | 10 | 11 | 12 | 13 | 14 | 15 | 16 | 17 | 19,BRL | CAD | CLP | COP | EUR | GBP | JPY | MXN | PEN | USD,6.839843062271434e-17,26594.0225087824,26594.0225087824
H10J_0000589,2021-12,CA-0001-di2021.XLS,1,548,PAI Europe VII,entidad_sin_isin_pendiente,2,549 | 550,PAI Europe VII-1 SCSp | PAI Europe VII-1 S.L.P.,0.0,102873.78794117061,102873.78794117061
H10J_0000590,2021-12,CA-0001-di2021.XLS,1,493,PAI Europe,entidad_sin_isin_pendiente,2,494 | 495,PAI Europe VI -1 FPCI | PAI Europe VI -1 SCSP,0.0,125077.1010518822,125077.1010518822
H10J_0000591,2021-12,CA-0001-di2021.XLS,1,451,Altamar,entidad_sin_isin_pendiente,2,452 | 453,"Altamar V - Private Equity Program 2010, F.C.R (de Régimen Simplificado) | Altamar Global Private Equity Program VIII, FCR",1.517028357543398e-16,95923.8181409576,95923.81814095759
H10J_0000592,2021-12,CA-0001-di2021.XLS,1,54,TIT ESTAD EXTRA,entidad_sin_isin_pendiente,2,78 | 94,MX0MGO0000J5 | BRSTNCNTF1Q6,0.0,905.7852243324,905.7852243324
H10J_0000593,2021-12,CA-0001-di2021.XLS,1,47,ACC EXTRANJERO,entidad_sin_isin_pendiente,3,49 | 51 | 53,VGG069731120 | CA5170971017 | CA00461M1032,1.0172253391498891e-16,8940.9363566681,8940.936356668099
H10J_0000594,2021-12,CA-0001-di2021.XLS,1,33,State Street GA,entidad_sin_isin_pendiente,5,35 | 36 | 37 | 42 | 43,BRL | CAD | CLP | MXN | USD,3.4320645834593035e-10,29734.299116397106,29734.299106192102
H10J_0000595,2021-12,CA-0001-di2021.XLS,1,23,JPMC&CO,entidad_sin_isin_pendiente,2,25 | 26,PEN | USD,1.30426086097501e-16,3486.62882168,3486.6288216800003
H10J_0000596,2021-12,CA-0001-di2021.XLS,1,7,BROWN BROTHERS,entidad_sin_isin_pendiente,9,9 | 10 | 11 | 12 | 13 | 14 | 15 | 16 | 19,BRL | CAD | CLP | COP | EUR | GBP | JPY | MXN | USD,1.3298813521185546e-16,27355.664483122997,27355.664483123
H10J_0000597,2022-01,CA-0001-en2022.XLS,1,544,PAI Europe VII,entidad_sin_isin_pendiente,2,545 | 546,PAI Europe VII-1 SCSp | PAI Europe VII-1 S.L.P.,3.7093942106606173e-17,98074.7421408148,98074.7421408148
H10J_0000598,2022-01,CA-0001-en2022.XLS,1,489,PAI Europe,entidad_sin_isin_pendiente,2,490 | 491,PAI Europe VI -1 FPCI | PAI Europe VI -1 SCSP,1.2203654552544113e-16,119242.2742360664,119242.27423606641
H10J_0000599,2022-01,CA-0001-en2022.XLS,1,447,Altamar,entidad_sin_isin_pendiente,2,448 | 449,"Altamar V - Private Equity Program 2010, F.C.R (de Régimen Simplificado) | Altamar Global Private Equity Program VIII, FCR",1.621959704535953e-16,89718.1057437564,89718.10574375639
H10J_0000600,2022-01,CA-0001-en2022.XLS,1,56,TIT ESTAD EXTRA,entidad_sin_isin_pendiente,2,79 | 92,MX0MGO0000J5 | BRSTNCNTF1Q6,1.2940782994685113e-16,878.5159118139,878.5159118139001
H10J_0000601,2022-01,CA-0001-en2022.XLS,1,49,ACC EXTRANJERO,entidad_sin_isin_pendiente,3,51 | 53 | 55,VGG069731120 | CA5170971017 | CA00461M1032,1.1565428720532442e-16,7863.9082367805,7863.9082367805
H10J_0000602,2022-01,CA-0001-en2022.XLS,1,35,STATE STREET BA,entidad_sin_isin_pendiente,6,37 | 38 | 39 | 41 | 44 | 45,BRL | CAD | CLP | EUR | MXN | USD,1.4455603138530753e-10,68201.1907003012,68201.19069044231
H10J_0000603,2022-01,CA-0001-en2022.XLS,1,23,JPMC&CO,entidad_sin_isin_pendiente,2,27 | 28,PEN | USD,0.0,20976.138613668,20976.138613668
H10J_0000604,2022-01,CA-0001-en2022.XLS,1,7,BROWN BROTHERS,entidad_sin_isin_pendiente,9,9 | 10 | 11 | 12 | 13 | 14 | 15 | 16 | 19,BRL | CAD | CLP | COP | EUR | GBP | JPY | MXN | USD,0.0,109930.4526112147,109930.4526112147
H10J_0000605,2022-02,CA-0001-fe2022.XLS,1,562,PAI Europe VII,entidad_sin_isin_pendiente,2,563 | 564,PAI Europe VII-1 SCSp | PAI Europe VII-1 S.L.P.,3.7793707420274214e-17,96258.8498301212,96258.8498301212
H10J_0000606,2022-02,CA-0001-fe2022.XLS,1,507,PAI Europe,entidad_sin_isin_pendiente,2,508 | 509,PAI Europe VI -1 FPCI | PAI Europe VI -1 SCSP,0.0,117034.4567677938,117034.4567677938
H10J_0000607,2022-02,CA-0001-fe2022.XLS,1,465,Altamar,entidad_sin_isin_pendiente,2,466 | 467,"Altamar V - Private Equity Program 2010, F.C.R (de Régimen Simplificado) | Altamar Global Private Equity Program VIII, FCR",1.6525574538433638e-16,88056.9398330047,88056.93983300471
H10J_0000608,2022-02,CA-0001-fe2022.XLS,1,55,TIT ESTAD EXTRA,entidad_sin_isin_pendiente,2,81 | 95,MX0MGO0000J5 | BRSTNCNTF1Q6,1.3251952694077164e-16,857.8874400331001,857.8874400331
H10J_0000609,2022-02,CA-0001-fe2022.XLS,1,50,ACC EXTRANJERO,entidad_sin_isin_pendiente,2,52 | 54,CA5170971017 | CA00461M1032,0.0,6926.6983547393,6926.6983547393
H10J_0000610,2022-02,CA-0001-fe2022.XLS,1,36,STATE STREET BA,entidad_sin_isin_pendiente,7,38 | 39 | 40 | 42 | 43 | 45 | 46,BRL | CAD | CLP | EUR | GBP | MXN | USD,7.976402089416555e-11,121266.65821913052,121266.6582094578
H10J_0000611,2022-02,CA-0001-fe2022.XLS,1,7,BROWN BROTHERS,entidad_sin_isin_pendiente,9,9 | 10 | 11 | 12 | 13 | 14 | 15 | 16 | 19,BRL | CAD | CLP | COP | EUR | GBP | JPY | MXN | USD,0.0,69894.3762231966,69894.3762231966
H10J_0000612,2022-03,CA-0001-ma2022.XLS,1,565,PAI Europe VII,entidad_sin_isin_pendiente,2,566 | 567,PAI Europe VII-1 SCSp | PAI Europe VII-1 S.L.P.,7.412393707734465e-17,98159.3517704183,98159.35177041832
H10J_0000613,2022-03,CA-0001-ma2022.XLS,1,510,PAI Europe,entidad_sin_isin_pendiente,2,511 | 512,PAI Europe VI -1 FPCI | PAI Europe VI -1 SCSP,1.2448586441822207e-16,116896.1254868128,116896.12548681279
H10J_0000614,2022-03,CA-0001-ma2022.XLS,1,468,Altamar,entidad_sin_isin_pendiente,2,469 | 470,"Altamar V - Private Equity Program 2010, F.C.R (de Régimen Simplificado) | Altamar Global Private Equity Program VIII, FCR",1.7214262791525992e-16,84534.0599513229,84534.05995132291
H10J_0000615,2022-03,CA-0001-ma2022.XLS,1,55,TIT ESTAD EXTRA,entidad_sin_isin_pendiente,3,81 | 95 | 96,MX0MGO0000J5 | BRSTNCNTF1Q6 | BRSTNCNTF170,5.665478205007152e-18,20066.591664078693,20066.591664078696
H10J_0000616,2022-03,CA-0001-ma2022.XLS,1,50,ACC EXTRANJERO,entidad_sin_isin_pendiente,2,52 | 54,CA5170971017 | CA00461M1032,0.0,6004.549846147501,6004.549846147501
H10J_0000617,2022-03,CA-0001-ma2022.XLS,1,36,STATE STREET BA,entidad_sin_isin_pendiente,5,38 | 39 | 43 | 45 | 46,BRL | CAD | GBP | MXN | USD,9.608735971157861e-10,9765.5931133267,9765.5931039432
H10J_0000618,2022-03,CA-0001-ma2022.XLS,1,23,JPMC&CO,entidad_sin_isin_pendiente,2,25 | 29,GBP | USD,2.158523579755887e-16,67416.058665491,67416.05866549099
H10J_0000619,2022-03,CA-0001-ma2022.XLS,1,7,BROWN BROTHERS,entidad_sin_isin_pendiente,9,9 | 10 | 11 | 12 | 13 | 14 | 15 | 16 | 19,BRL | CAD | CLP | COP | EUR | GBP | JPY | MXN | USD,4.504499138626644e-17,161526.4514492006,161526.4514492006
H10J_0000620,2022-04,CA-0001-ab2022.XLS,1,562,PAI Europe VII,entidad_sin_isin_pendiente,2,563 | 564,PAI Europe VII-1 SCSp | PAI Europe VII-1 S.L.P.,3.719431965705707e-17,97810.0645645621,97810.0645645621
H10J_0000621,2022-04,CA-0001-ab2022.XLS,1,507,PAI Europe,entidad_sin_isin_pendiente,2,508 | 509,PAI Europe VI -1 FPCI | PAI Europe VI -1 SCSP,0.0,116480.1659240172,116480.1659240172
H10J_0000622,2022-04,CA-0001-ab2022.XLS,1,465,Altamar,entidad_sin_isin_pendiente,2,466 | 467,"Altamar V - Private Equity Program 2010, F.C.R (de Régimen Simplificado) | Altamar Global Private Equity Program VIII, FCR",1.7271389291224756e-16,84254.4567955537,84254.45679555369
H10J_0000623,2022-04,CA-0001-ab2022.XLS,1,55,TIT ESTAD EXTRA,entidad_sin_isin_pendiente,3,79 | 95 | 96,MX0MGO0000J5 | BRSTNCNTF1Q6 | BRSTNCNTF170,2.9134604960868e-18,39021.238789513,39021.238789513
H10J_0000624,2022-04,CA-0001-ab2022.XLS,1,50,ACC EXTRANJERO,entidad_sin_isin_pendiente,2,52 | 54,CA5170971017 | CA00461M1032,0.0,4387.3989325229,4387.3989325229
H10J_0000625,2022-04,CA-0001-ab2022.XLS,1,36,STATE STREET BA,entidad_sin_isin_pendiente,5,38 | 39 | 43 | 45 | 46,BRL | CAD | GBP | MXN | USD,7.867545212187708e-11,124267.5554560462,124267.5554462694
H10J_0000626,2022-04,CA-0001-ab2022.XLS,1,23,JPMC&CO,entidad_sin_isin_pendiente,2,25 | 29,GBP | USD,1.1379619948512007e-16,7992.311745805301,7992.3117458053
H10J_0000627,2022-04,CA-0001-ab2022.XLS,1,7,BROWN BROTHERS,entidad_sin_isin_pendiente,9,9 | 10 | 11 | 12 | 13 | 14 | 15 | 16 | 19,BRL | CAD | CLP | COP | EUR | GBP | JPY | MXN | USD,5.857918769212148e-11,132540.27439447088,132540.2743867068
H10J_0000628,2022-05,CA-0001-my2022.XLS,1,562,PAI Europe VII,entidad_sin_isin_pendiente,2,563 | 564,PAI Europe VII-1 SCSp | PAI Europe VII-1 S.L.P.,0.0,96250.2716772591,96250.2716772591
H10J_0000629,2022-05,CA-0001-my2022.XLS,1,507,PAI Europe,entidad_sin_isin_pendiente,2,508 | 509,PAI Europe VI -1 FPCI | PAI Europe VI -1 SCSP,1.2695498457237027e-16,114622.6379167616,114622.63791676161
H10J_0000630,2022-05,CA-0001-my2022.XLS,1,465,Altamar,entidad_sin_isin_pendiente,2,466 | 467,"Altamar V - Private Equity Program 2010, F.C.R (de Régimen Simplificado) | Altamar Global Private Equity Program VIII, FCR",0.0,85147.3313260063,85147.3313260063
H10J_0000631,2022-05,CA-0001-my2022.XLS,1,57,TIT ESTAD EXTRA,entidad_sin_isin_pendiente,4,66 | 83 | 101 | 102,COL17CT02914 | MX0MGO0000J5 | BRSTNCNTF1Q6 | BRSTNCNTF170,2.2117114271466367e-18,51402.20208035241,51402.20208035241
H10J_0000632,2022-05,CA-0001-my2022.XLS,1,52,ACC EXTRANJERO,entidad_sin_isin_pendiente,2,54 | 56,CA5170971017 | CA00461M1032,0.0,4201.493232359,4201.493232359
H10J_0000633,2022-05,CA-0001-my2022.XLS,1,38,STATE STREET BA,entidad_sin_isin_pendiente,5,40 | 41 | 45 | 47 | 48,BRL | CAD | GBP | MXN | USD,3.83746107026811e-11,246621.7251056023,246621.72509613828
H10J_0000634,2022-05,CA-0001-my2022.XLS,1,24,JPMC&CO,entidad_sin_isin_pendiente,2,27 | 31,GBP | USD,1.2964911326926004e-10,222661.65170961933,222661.65168075144
H10J_0000635,2022-05,CA-0001-my2022.XLS,1,7,BROWN BROTHERS,entidad_sin_isin_pendiente,7,9 | 10 | 11 | 13 | 14 | 16 | 19,BRL | CAD | CLP | EUR | GBP | MXN | USD,9.194821415522144e-11,85034.80675203099,85034.8067442122
H10J_0000636,2022-06,CA-0001-jn2022.XLS,1,563,PAI Europe VII,entidad_sin_isin_pendiente,2,564 | 565,PAI Europe VII-1 SCSp | PAI Europe VII-1 S.L.P.,0.0,85494.22486921749,85494.22486921749
H10J_0000637,2022-06,CA-0001-jn2022.XLS,1,508,PAI Europe,entidad_sin_isin_pendiente,2,509 | 510,PAI Europe VI -1 FPCI | PAI Europe VI -1 SCSP,0.0,100211.2630026018,100211.2630026018
H10J_0000638,2022-06,CA-0001-jn2022.XLS,1,466,Altamar,entidad_sin_isin_pendiente,2,467 | 468,"Altamar V - Private Equity Program 2010, F.C.R (de Régimen Simplificado) | Altamar Global Private Equity Program VIII, FCR",0.0,85536.7815048862,85536.7815048862
H10J_0000639,2022-06,CA-0001-jn2022.XLS,1,57,TIT ESTAD EXTRA,entidad_sin_isin_pendiente,2,82 | 97,MX0MGO0000J5 | BRSTNCNTF1Q6,0.0,803.3156627885,803.3156627885
H10J_0000640,2022-06,CA-0001-jn2022.XLS,1,52,ACC EXTRANJERO,entidad_sin_isin_pendiente,2,54 | 56,CA5170971017 | CA00461M1032,0.0,3412.1466908310003,3412.1466908310003
H10J_0000641,2022-06,CA-0001-jn2022.XLS,1,38,STATE STREET BA,entidad_sin_isin_pendiente,5,40 | 41 | 45 | 47 | 48,BRL | CAD | GBP | MXN | USD,8.862083650413451e-11,109973.31248408592,109973.31247434
H10J_0000642,2022-06,CA-0001-jn2022.XLS,1,24,JPMC&CO,entidad_sin_isin_pendiente,2,27 | 31,GBP | USD,0.0,72923.8847429713,72923.8847429713
H10J_0000643,2022-06,CA-0001-jn2022.XLS,1,7,BROWN BROTHERS,entidad_sin_isin_pendiente,7,9 | 10 | 11 | 13 | 14 | 16 | 19,BRL | CAD | CLP | EUR | GBP | MXN | USD,0.0,44555.3966500421,44555.3966500421
H10J_0000644,2022-07,CA-0001-jl2022.XLS,1,540,PAI Europe VII,entidad_sin_isin_pendiente,2,541 | 542,PAI Europe VII-1 SCSp | PAI Europe VII-1 S.L.P.,0.0,85451.8358657747,85451.8358657747
H10J_0000645,2022-07,CA-0001-jl2022.XLS,1,485,PAI Europe,entidad_sin_isin_pendiente,2,486 | 487,PAI Europe VI -1 FPCI | PAI Europe VI -1 SCSP,1.4528440591717291e-16,100161.57712523492,100161.57712523491
H10J_0000646,2022-07,CA-0001-jl2022.XLS,1,443,Altamar,entidad_sin_isin_pendiente,2,444 | 445,"Altamar V - Private Equity Program 2010, F.C.R (de Régimen Simplificado) | Altamar Global Private Equity Program VIII, FCR",0.0,84228.0201882614,84228.0201882614
H10J_0000647,2022-07,CA-0001-jl2022.XLS,1,57,TIT ESTAD EXTRA,entidad_sin_isin_pendiente,2,77 | 86,MX0MGO0000J5 | BRSTNCNTF1Q6,0.0,846.2205812502001,846.2205812502001
H10J_0000648,2022-07,CA-0001-jl2022.XLS,1,52,ACC EXTRANJERO,entidad_sin_isin_pendiente,2,54 | 56,CA5171034047 | CA00461M1032,0.0,3534.5707842106003,3534.5707842106003
H10J_0000649,2022-07,CA-0001-jl2022.XLS,1,38,STATE STREET BA,entidad_sin_isin_pendiente,4,41 | 44 | 47 | 48,CAD | EUR | MXN | USD,4.7731182311988045e-11,209264.9549573966,209264.95494740814
H10J_0000650,2022-07,CA-0001-jl2022.XLS,1,24,JPMC&CO,entidad_sin_isin_pendiente,3,26 | 27 | 31,EUR | GBP | USD,0.0,53374.9907189574,53374.9907189574
H10J_0000651,2022-07,CA-0001-jl2022.XLS,1,7,BROWN BROTHERS,entidad_sin_isin_pendiente,7,9 | 10 | 11 | 13 | 14 | 16 | 19,BRL | CAD | CLP | EUR | GBP | MXN | USD,0.0,14686.459785796298,14686.459785796298
H10J_0000652,2022-08,CA-0001-ag2022.XLS,1,548,PAI Europe VII,entidad_sin_isin_pendiente,2,549 | 550,PAI Europe VII-1 SCSp | PAI Europe VII-1 S.L.P.,1.7559169690214419e-16,103591.9941339575,103591.99413395752
H10J_0000653,2022-08,CA-0001-ag2022.XLS,1,493,PAI Europe,entidad_sin_isin_pendiente,2,494 | 495,PAI Europe VI -1 FPCI | PAI Europe VI -1 SCSP,0.0,96709.4264734934,96709.4264734934
H10J_0000654,2022-08,CA-0001-ag2022.XLS,1,451,Altamar,entidad_sin_isin_pendiente,2,452 | 453,"Altamar V - Private Equity Program 2010, F.C.R (de Régimen Simplificado) | Altamar Global Private Equity Program VIII, FCR",1.789352523124997e-16,81325.0326042674,81325.03260426741
H10J_0000655,2022-08,CA-0001-ag2022.XLS,1,58,TIT ESTAD EXTRA,entidad_sin_isin_pendiente,2,78 | 86,MX0MGO0000J5 | BRSTNCNTF1Q6,1.3757532038848255e-16,826.3606975480001,826.360697548
H10J_0000656,2022-08,CA-0001-ag2022.XLS,1,53,ACC EXTRANJERO,entidad_sin_isin_pendiente,2,55 | 57,CA5171034047 | CA00461M1032,0.0,3357.5155287874,3357.5155287874
H10J_0000657,2022-08,CA-0001-ag2022.XLS,1,39,STATE STREET BA,entidad_sin_isin_pendiente,2,42 | 49,CAD | USD,4.975760144423604e-11,197158.1257697262,197158.1257599161
H10J_0000658,2022-08,CA-0001-ag2022.XLS,1,24,JPMC&CO,entidad_sin_isin_pendiente,3,27 | 28 | 32,EUR | GBP | USD,0.0,78251.1743879077,78251.1743879077
H10J_0000659,2022-08,CA-0001-ag2022.XLS,1,7,BROWN BROTHERS,entidad_sin_isin_pendiente,7,9 | 10 | 11 | 13 | 14 | 16 | 19,BRL | CAD | CLP | EUR | GBP | MXN | USD,1.9887496985629472e-16,18292.793757406896,18292.7937574069
H10J_0000660,2022-09,CA-0001-se2022.XLS,1,537,PAI Europe VII,entidad_sin_isin_pendiente,2,538 | 539,PAI Europe VII-1 SCSp | PAI Europe VII-1 S.L.P.,3.4786214647504356e-17,104581.04866988481,104581.0486698848
H10J_0000661,2022-09,CA-0001-se2022.XLS,1,482,PAI Europe,entidad_sin_isin_pendiente,2,483 | 484,PAI Europe VI -1 FPCI | PAI Europe VI -1 SCSP,1.4904744966901636e-16,97632.7690321552,97632.76903215519
H10J_0000662,2022-09,CA-0001-se2022.XLS,1,440,Altamar,entidad_sin_isin_pendiente,2,441 | 442,"Altamar V - Private Equity Program 2010, F.C.R (de Régimen Simplificado) | Altamar Global Private Equity Program VIII, FCR",0.0,82101.49118153611,82101.49118153611
H10J_0000663,2022-09,CA-0001-se2022.XLS,1,58,TIT ESTAD EXTRA,entidad_sin_isin_pendiente,2,75 | 88,MX0MGO0000J5 | BRSTNCNTF1Q6,1.3830928621642643e-16,821.9754496001,821.9754496001001
H10J_0000664,2022-09,CA-0001-se2022.XLS,1,53,ACC EXTRANJERO,entidad_sin_isin_pendiente,2,55 | 57,CA5170971017 | CA00461M1032,0.0,2733.4427178846,2733.4427178846
H10J_0000665,2022-09,CA-0001-se2022.XLS,1,39,STATE STREET BA,entidad_sin_isin_pendiente,3,42 | 45 | 49,CAD | EUR | USD,6.240497853436696e-11,162541.2530270579,162541.2530169145
H10J_0000666,2022-09,CA-0001-se2022.XLS,1,24,JPMC&CO,entidad_sin_isin_pendiente,3,27 | 28 | 32,EUR | GBP | USD,0.0,216030.5359632612,216030.5359632612
H10J_0000667,2022-09,CA-0001-se2022.XLS,1,7,BROWN BROTHERS,entidad_sin_isin_pendiente,7,9 | 10 | 11 | 13 | 14 | 16 | 19,BRL | CAD | CLP | EUR | GBP | MXN | USD,0.0,27814.7677496719,27814.7677496719
H10J_0000668,2022-10,CA-0001-oc2022.XLS,1,532,PAI Europe VII,entidad_sin_isin_pendiente,2,533 | 534,PAI Europe VII-1 SCSp | PAI Europe VII-1 S.L.P.,0.0,105454.9507154584,105454.9507154584
H10J_0000669,2022-10,CA-0001-oc2022.XLS,1,477,PAI Europe,entidad_sin_isin_pendiente,2,478 | 479,PAI Europe VI -1 FPCI | PAI Europe VI -1 SCSP,1.4714368143044625e-16,98895.95725009392,98895.95725009391
H10J_0000670,2022-10,CA-0001-oc2022.XLS,1,435,Altamar,entidad_sin_isin_pendiente,2,436 | 437,"Altamar V - Private Equity Program 2010, F.C.R (de Régimen Simplificado) | Altamar Global Private Equity Program VIII, FCR",0.0,84700.59483593391,84700.59483593391
H10J_0000671,2022-10,CA-0001-oc2022.XLS,1,58,TIT ESTAD EXTRA,entidad_sin_isin_pendiente,2,76 | 84,MX0MGO0000J5 | BRSTNCNTF1Q6,0.0,823.5597286770999,823.5597286770999
H10J_0000672,2022-10,CA-0001-oc2022.XLS,1,53,ACC EXTRANJERO,entidad_sin_isin_pendiente,2,55 | 57,CA5170971017 | CA00461M1032,0.0,3071.4385137356,3071.4385137356
H10J_0000673,2022-10,CA-0001-oc2022.XLS,1,39,STATE STREET BA,entidad_sin_isin_pendiente,2,42 | 49,CAD | USD,9.910926254712059e-10,10242.7337838433,10242.733773691802
H10J_0000674,2022-10,CA-0001-oc2022.XLS,1,24,JPMC&CO,entidad_sin_isin_pendiente,3,27 | 28 | 32,EUR | GBP | USD,1.465312761328702e-10,182927.4913467325,182927.4913199279
H10J_0000675,2022-10,CA-0001-oc2022.XLS,1,7,BROWN BROTHERS,entidad_sin_isin_pendiente,7,9 | 10 | 11 | 13 | 14 | 16 | 19,BRL | CAD | CLP | EUR | GBP | MXN | USD,0.0,44004.9060587813,44004.9060587813
H10J_0000676,2022-11,CA-0001-no2022.XLS,1,542,PAI Europe VII,entidad_sin_isin_pendiente,2,543 | 544,PAI Europe VII-1 SCSp | PAI Europe VII-1 S.L.P.,0.0,125899.1955079087,125899.1955079087
H10J_0000677,2022-11,CA-0001-no2022.XLS,1,487,PAI Europe,entidad_sin_isin_pendiente,2,488 | 489,PAI Europe VI -1 FPCI | PAI Europe VI -1 SCSP,0.0,78940.3293102435,78940.3293102435
H10J_0000678,2022-11,CA-0001-no2022.XLS,1,445,Altamar,entidad_sin_isin_pendiente,2,446 | 447,"Altamar V - Private Equity Program 2010, F.C.R (de Régimen Simplificado) | Altamar Global Private Equity Program VIII, FCR",0.0,85837.27840821291,85837.27840821291
H10J_0000679,2022-11,CA-0001-no2022.XLS,1,58,TIT ESTAD EXTRA,entidad_sin_isin_pendiente,2,78 | 88,MX0MGO0000J5 | BRSTNCNTF1Q6,1.3255349503946263e-16,857.6675981857001,857.6675981857
H10J_0000680,2022-11,CA-0001-no2022.XLS,1,53,ACC EXTRANJERO,entidad_sin_isin_pendiente,2,55 | 57,CA5170971017 | CA00461M1032,0.0,2630.2372529716004,2630.2372529716004
H10J_0000681,2022-11,CA-0001-no2022.XLS,1,39,STATE STREET BA,entidad_sin_isin_pendiente,2,42 | 49,CAD | USD,4.731182767090504e-10,20860.1151268236,20860.115116954297
H10J_0000682,2022-11,CA-0001-no2022.XLS,1,24,JPMC&CO,entidad_sin_isin_pendiente,3,27 | 28 | 32,EUR | GBP | USD,8.963122392909159e-10,30996.122188177906,30996.122160395702
H10J_0000683,2022-11,CA-0001-no2022.XLS,1,7,BROWN BROTHERS,entidad_sin_isin_pendiente,3,13 | 14 | 19,EUR | GBP | USD,0.0,17307.8092926786,17307.8092926786
H10J_0000684,2022-12,CA-0001-di2022.XLS,1,544,PAI Europe VII,entidad_sin_isin_pendiente,2,545 | 546,PAI Europe VII-1 SCSp | PAI Europe VII-1 S.L.P.,1.4143040609989726e-16,128613.74393997289,128613.7439399729
H10J_0000685,2022-12,CA-0001-di2022.XLS,1,489,PAI Europe,entidad_sin_isin_pendiente,2,490 | 491,PAI Europe VI -1 FPCI | PAI Europe VI -1 SCSP,0.0,80642.384246268,80642.384246268
H10J_0000686,2022-12,CA-0001-di2022.XLS,1,447,Altamar,entidad_sin_isin_pendiente,2,448 | 449,"Altamar V - Private Equity Program 2010, F.C.R (de Régimen Simplificado) | Altamar Global Private Equity Program VIII, FCR",0.0,87688.04042917461,87688.04042917461
H10J_0000687,2022-12,CA-0001-di2022.XLS,1,58,TIT ESTAD EXTRA,entidad_sin_isin_pendiente,2,80 | 90,MX0MGO0000J5 | BRSTNCNTF1Q6,0.0,823.7084886608001,823.7084886608001
H10J_0000688,2022-12,CA-0001-di2022.XLS,1,53,ACC EXTRANJERO,entidad_sin_isin_pendiente,2,55 | 57,CA5170971017 | CA00461M1032,0.0,2585.8478334299,2585.8478334299
H10J_0000689,2022-12,CA-0001-di2022.XLS,1,39,STATE STREET BA,entidad_sin_isin_pendiente,3,42 | 48 | 49,CAD | MXN | USD,5.489054174262245e-10,17766.6354699865,17766.635460234298
H10J_0000690,2022-12,CA-0001-di2022.XLS,1,24,JPMC&CO,entidad_sin_isin_pendiente,4,27 | 28 | 31 | 32,EUR | GBP | PEN | USD,1.2908281710996362e-09,22530.8824554124,22530.882426328903
H10J_0000691,2022-12,CA-0001-di2022.XLS,1,7,BROWN BROTHERS,entidad_sin_isin_pendiente,4,13 | 14 | 15 | 19,EUR | GBP | JPY | USD,1.0908184136560582e-16,33350.9112199383,33350.9112199383
H10J_0000692,2023-01,CA-0001-en2023.XLS,1,559,PAI Europe VII,entidad_sin_isin_pendiente,2,560 | 561,PAI Europe VII-1 SCSp | PAI Europe VII-1 S.L.P.,0.0,131931.4794232342,131931.4794232342
H10J_0000693,2023-01,CA-0001-en2023.XLS,1,504,PAI Europe,entidad_sin_isin_pendiente,2,505 | 506,PAI Europe VI -1 FPCI | PAI Europe VI -1 SCSP,1.759121128382869e-16,82722.64481152692,82722.6448115269
H10J_0000694,2023-01,CA-0001-en2023.XLS,1,462,Altamar,entidad_sin_isin_pendiente,2,463 | 464,"Altamar V - Private Equity Program 2010, F.C.R (de Régimen Simplificado) | Altamar Global Private Equity Program VIII, FCR",0.0,89585.1474170995,89585.1474170995
H10J_0000695,2023-01,CA-0001-en2023.XLS,1,59,TIT ESTAD EXTRA,entidad_sin_isin_pendiente,2,82 | 94,MX0MGO0000J5 | BRSTNCNTF1Q6,1.2771187140442045e-16,890.1822240284,890.1822240284001
H10J_0000696,2023-01,CA-0001-en2023.XLS,1,54,ACC EXTRANJERO,entidad_sin_isin_pendiente,2,56 | 58,CA5170971017 | CA00461M1032,0.0,1355.7944127386,1355.7944127386
H10J_0000697,2023-01,CA-0001-en2023.XLS,1,40,STATE STREET BA,entidad_sin_isin_pendiente,3,43 | 46 | 50,CAD | EUR | USD,2.1969914343739553e-10,44651.5039218146,44651.5039120047
H10J_0000698,2023-01,CA-0001-en2023.XLS,1,24,JPMC&CO,entidad_sin_isin_pendiente,5,26 | 28 | 29 | 32 | 33,CAD | EUR | GBP | PEN | USD,7.361519175167104e-10,40137.63186332589,40137.6318337785
H10J_0000699,2023-01,CA-0001-en2023.XLS,1,7,BROWN BROTHERS,entidad_sin_isin_pendiente,3,13 | 14 | 19,EUR | GBP | USD,1.0081115778088096e-16,18043.5325174971,18043.5325174971
H10J_0000700,2023-02,CA-0001-fe2023.XLS,1,551,PAI Europe VII,entidad_sin_isin_pendiente,2,552 | 553,PAI Europe VII-1 SCSp | PAI Europe VII-1 S.L.P.,0.0,126798.1679253662,126798.1679253662
H10J_0000701,2023-02,CA-0001-fe2023.XLS,1,496,PAI Europe,entidad_sin_isin_pendiente,2,497 | 498,PAI Europe VI -1 FPCI | PAI Europe VI -1 SCSP,1.8303375888587446e-16,79503.995967434,79503.99596743399
H10J_0000702,2023-02,CA-0001-fe2023.XLS,1,454,Altamar,entidad_sin_isin_pendiente,2,455 | 456,"Altamar V - Private Equity Program 2010, F.C.R (de Régimen Simplificado) | Altamar Global Private Equity Program VIII, FCR",0.0,86099.4860019104,86099.4860019104
H10J_0000703,2023-02,CA-0001-fe2023.XLS,1,57,TIT ESTAD EXTRA,entidad_sin_isin_pendiente,2,80 | 95,MX0MGO0000J5 | BRSTNCNTF1Q6,1.311530784892389e-16,866.8255372362,866.8255372361999
H10J_0000704,2023-02,CA-0001-fe2023.XLS,1,54,ACC EXTRANJERO,entidad_sin_isin_pendiente,1,56,CA00461M1032,0.0,635.3710718059999,635.3710718059999
H10J_0000705,2023-02,CA-0001-fe2023.XLS,1,40,STATE STREET BA,entidad_sin_isin_pendiente,2,43 | 50,CAD | USD,1.9428926039457125e-10,49730.00582083771,49730.0058111757
H10J_0000706,2023-02,CA-0001-fe2023.XLS,1,24,JPMC&CO,entidad_sin_isin_pendiente,5,26 | 28 | 29 | 32 | 33,CAD | EUR | GBP | PEN | USD,2.957415557104725e-10,94328.03556366212,94328.0355357654
H10J_0000707,2023-02,CA-0001-fe2023.XLS,1,7,BROWN BROTHERS,entidad_sin_isin_pendiente,4,13 | 14 | 15 | 19,EUR | GBP | JPY | USD,1.3383776369057745e-16,27182.0053382126,27182.005338212603
H10J_0000708,2023-03,CA-0001-ma2023.XLS,1,556,PAI Europe VII,entidad_sin_isin_pendiente,2,557 | 558,PAI Europe VII-1 SCSp | PAI Europe VII-1 S.L.P.,1.0812243819304538e-16,134587.375863513,134587.375863513
H10J_0000709,2023-03,CA-0001-ma2023.XLS,1,501,PAI Europe,entidad_sin_isin_pendiente,2,502 | 503,PAI Europe VI -1 FPCI | PAI Europe VI -1 SCSP,0.0,80663.2325267898,80663.2325267898
H10J_0000710,2023-03,CA-0001-ma2023.XLS,1,459,Altamar,entidad_sin_isin_pendiente,2,460 | 461,"Altamar V - Private Equity Program 2010, F.C.R (de Régimen Simplificado) | Altamar Global Private Equity Program VIII, FCR",0.0,87530.3991771557,87530.3991771557
H10J_0000711,2023-03,CA-0001-ma2023.XLS,1,108,TIT.EMP.PUB.EXT,entidad_sin_isin_pendiente,2,116 | 118,US279158AE95 | US279158AJ82,2.0752683638406641e-16,17530.160775731998,17530.160775732
H10J_0000712,2023-03,CA-0001-ma2023.XLS,1,58,TIT ESTAD EXTRA,entidad_sin_isin_pendiente,2,83 | 101,MX0MGO0000J5 | BRSTNCNTF1Q6,1.259981600357671e-16,902.2896658915,902.2896658915001
H10J_0000713,2023-03,CA-0001-ma2023.XLS,1,55,ACC EXTRANJERO,entidad_sin_isin_pendiente,1,57,CA00461M1032,0.0,617.9850203139,617.9850203139
H10J_0000714,2023-03,CA-0001-ma2023.XLS,1,40,STATE STREET BA,entidad_sin_isin_pendiente,2,43 | 51,CAD | USD,2.3144018201518207e-10,41413.3198185372,41413.319808952496
H10J_0000715,2023-03,CA-0001-ma2023.XLS,1,24,JPMC&CO,entidad_sin_isin_pendiente,4,26 | 29 | 32 | 33,CAD | GBP | PEN | USD,1.3704650410589587e-10,206768.18717543865,206768.1871471018
H10J_0000716,2023-03,CA-0001-ma2023.XLS,1,7,BROWN BROTHERS,entidad_sin_isin_pendiente,3,13 | 14 | 19,EUR | GBP | USD,0.0,37342.513066715896,37342.513066715896
H10J_0000717,2023-04,CA-0001-ab2023.XLS,1,561,PAI Europe VII,entidad_sin_isin_pendiente,2,562 | 563,PAI Europe VII-1 SCSp | PAI Europe VII-1 S.L.P.,1.0829119865279307e-16,134377.6355733553,134377.6355733553
H10J_0000718,2023-04,CA-0001-ab2023.XLS,1,506,PAI Europe,entidad_sin_isin_pendiente,2,507 | 508,PAI Europe VI -1 FPCI | PAI Europe VI -1 SCSP,0.0,80537.5273506047,80537.5273506047
H10J_0000719,2023-04,CA-0001-ab2023.XLS,1,464,Altamar,entidad_sin_isin_pendiente,2,465 | 466,"Altamar V - Private Equity Program 2010, F.C.R (de Régimen Simplificado) | Altamar Global Private Equity Program VIII, FCR",0.0,84617.5571417332,84617.5571417332
H10J_0000720,2023-04,CA-0001-ab2023.XLS,1,116,TIT.EMP.PUB.EXT,entidad_sin_isin_pendiente,2,124 | 126,US279158AE95 | US279158AJ82,0.0,14100.6231061938,14100.6231061938
H10J_0000721,2023-04,CA-0001-ab2023.XLS,1,57,TIT ESTAD EXTRA,entidad_sin_isin_pendiente,4,86 | 102 | 103 | 105,MX0MGO0000J5 | US912810TQ13 | US912810TN81 | BRSTNCNTF1Q6,0.0,49011.307527176294,49011.307527176294
H10J_0000722,2023-04,CA-0001-ab2023.XLS,1,54,ACC EXTRANJERO,entidad_sin_isin_pendiente,1,56,CA00461M1032,0.0,649.8353935542999,649.8353935542999
H10J_0000723,2023-04,CA-0001-ab2023.XLS,1,39,STATE STREET BA,entidad_sin_isin_pendiente,4,42 | 45 | 46 | 50,CAD | EUR | GBP | USD,9.490219787484088e-11,99400.1594267066,99400.1594172733
H10J_0000724,2023-04,CA-0001-ab2023.XLS,1,23,JPMC&CO,entidad_sin_isin_pendiente,5,25 | 27 | 28 | 31 | 32,CAD | EUR | GBP | PEN | USD,3.611426677907399e-09,7525.280968228501,7525.2809410515
H10J_0000725,2023-04,CA-0001-ab2023.XLS,1,7,BROWN BROTHERS,entidad_sin_isin_pendiente,3,13 | 14 | 19,EUR | GBP | USD,9.46454626752736e-18,48047.4539436393,48047.4539436393
H10J_0000726,2023-05,CA-0001-my2023.XLS,1,566,PAI Europe VII,entidad_sin_isin_pendiente,2,567 | 568,PAI Europe VII-1 SCSp | PAI Europe VII-1 S.L.P.,2.5970993274600882e-17,140078.5394931192,140078.5394931192
H10J_0000727,2023-05,CA-0001-my2023.XLS,1,511,PAI Europe,entidad_sin_isin_pendiente,2,512 | 513,PAI Europe VI -1 FPCI | PAI Europe VI -1 SCSP,1.8677062157211916e-16,77913.29870767609,77913.2987076761
H10J_0000728,2023-05,CA-0001-my2023.XLS,1,469,Altamar,entidad_sin_isin_pendiente,2,470 | 471,"Altamar V - Private Equity Program 2010, F.C.R (de Régimen Simplificado) | Altamar Global Private Equity Program VIII, FCR",0.0,81843.7980381647,81843.7980381647
H10J_0000729,2023-05,CA-0001-my2023.XLS,1,143,BON EMP PRI EXT,entidad_sin_isin_pendiente,3,149 | 155 | 163,US84265VAJ44 | USA8372TAC20 | USP0592VAA63,0.0,17209.424251076,17209.424251076
H10J_0000730,2023-05,CA-0001-my2023.XLS,1,117,TIT.EMP.PUB.EXT,entidad_sin_isin_pendiente,3,125 | 126 | 127,US279158AE95 | US279158AJ82 | US279158AS81,0.0,23742.5541589795,23742.5541589795
H10J_0000731,2023-05,CA-0001-my2023.XLS,1,57,TIT ESTAD EXTRA,entidad_sin_isin_pendiente,10,77 | 86 | 91 | 99 | 100 | 101 | 102 | 104 | 106 | 109,US195325EG61 | MX0MGO0000J5 | MX0MGO0000R8 | US912810TE82 | US912810TP30 | US912810TN81 | US91282CGM73 | US912810TR95 | BRSTNCNTF1Q6 | BRSTNCNTF204,0.0,209230.1283692901,209230.1283692901
H10J_0000732,2023-05,CA-0001-my2023.XLS,1,54,ACC EXTRANJERO,entidad_sin_isin_pendiente,1,56,CA00461M1032,0.0,698.31241961,698.31241961
H10J_0000733,2023-05,CA-0001-my2023.XLS,1,39,STATE STREET BA,entidad_sin_isin_pendiente,4,42 | 45 | 46 | 50,CAD | EUR | GBP | USD,6.54931377268702e-10,14301.1932914747,14301.1932821084
H10J_0000734,2023-05,CA-0001-my2023.XLS,1,23,JPMC&CO,entidad_sin_isin_pendiente,4,25 | 27 | 28 | 32,CAD | EUR | GBP | USD,2.250976637565765e-09,11693.0127187938,11693.012692473101
H10J_0000735,2023-05,CA-0001-my2023.XLS,1,7,BROWN BROTHERS,entidad_sin_isin_pendiente,4,13 | 14 | 15 | 19,EUR | GBP | JPY | USD,0.0,54101.152473711205,54101.152473711205
H10J_0000736,2023-06,CA-0001-jn2023.XLS,1,569,PAI Europe VII,entidad_sin_isin_pendiente,2,570 | 571,PAI Europe VII-1 SCSp | PAI Europe VII-1 S.L.P.,0.0,31655.106522071503,31655.106522071503
H10J_0000737,2023-06,CA-0001-jn2023.XLS,1,514,PAI Europe,entidad_sin_isin_pendiente,2,515 | 516,PAI Europe VI -1 FPCI | PAI Europe VI -1 SCSP,0.0,78644.3101345579,78644.3101345579
H10J_0000738,2023-06,CA-0001-jn2023.XLS,1,472,Altamar,entidad_sin_isin_pendiente,2,473 | 474,"Altamar V - Private Equity Program 2010, F.C.R (de Régimen Simplificado) | Altamar Global Private Equity Program VIII, FCR",1.7614838505892422e-16,82611.68686558791,82611.6868655879
H10J_0000739,2023-06,CA-0001-jn2023.XLS,1,140,BON EMP PRI EXT,entidad_sin_isin_pendiente,3,146 | 155 | 164,US84265VAJ44 | USA8372TAC20 | USP0592VAA63,1.0573572571534755e-16,17203.1675315,17203.167531499996
H10J_0000740,2023-06,CA-0001-jn2023.XLS,1,113,TIT.EMP.PUB.EXT,entidad_sin_isin_pendiente,3,121 | 122 | 123,US279158AE95 | US279158AJ82 | US279158AS81,6.975777667148311e-17,26075.793844637497,26075.7938446375
H10J_0000741,2023-06,CA-0001-jn2023.XLS,1,57,TIT ESTAD EXTRA,entidad_sin_isin_pendiente,11,74 | 75 | 84 | 89 | 96 | 97 | 98 | 99 | 102 | 105 | 106,COL17CT03813 | US195325EG61 | MX0MGO0000J5 | MX0MGO0000R8 | US912810TP30 | US912810TN81 | US91282CHC82 | US912810TR95 | BRSTNCNTF1Q6 | BRSTNCNTF204 | BRSTNCNTF212,0.0,225567.279329782,225567.279329782
H10J_0000742,2023-06,CA-0001-jn2023.XLS,1,54,ACC EXTRANJERO,entidad_sin_isin_pendiente,1,56,CA00461M1032,0.0,851.0910641462999,851.0910641462999
H10J_0000743,2023-06,CA-0001-jn2023.XLS,1,39,STATE STREET BA,entidad_sin_isin_pendiente,4,42 | 45 | 49 | 50,CAD | EUR | PEN | USD,1.2852268214610762e-10,71973.2987737128,71973.2987644626
H10J_0000744,2023-06,CA-0001-jn2023.XLS,1,23,JPMC&CO,entidad_sin_isin_pendiente,4,25 | 27 | 28 | 32,CAD | EUR | GBP | USD,8.779174759581925e-10,28612.5999347208,28612.5999096013
H10J_0000745,2023-06,CA-0001-jn2023.XLS,1,7,BROWN BROTHERS,entidad_sin_isin_pendiente,6,9 | 13 | 14 | 15 | 16 | 19,BRL | EUR | GBP | JPY | MXN | USD,0.0,66908.20292361711,66908.20292361711
H10J_0000746,2023-07,CA-0001-jl2023.XLS,1,571,PAI Europe VII,entidad_sin_isin_pendiente,2,572 | 573,PAI Europe VII-1 SCSp | PAI Europe VII-1 S.L.P.,1.1423412658131601e-16,31846.6899162753,31846.689916275296
H10J_0000747,2023-07,CA-0001-jl2023.XLS,1,516,PAI Europe,entidad_sin_isin_pendiente,2,517 | 518,PAI Europe VI -1 FPCI | PAI Europe VI -1 SCSP,0.0,79120.2821190428,79120.2821190428
H10J_0000748,2023-07,CA-0001-jl2023.XLS,1,474,Altamar,entidad_sin_isin_pendiente,2,475 | 476,"Altamar V - Private Equity Program 2010, F.C.R (de Régimen Simplificado) | Altamar Global Private Equity Program VIII, FCR",0.0,80740.20331601369,80740.20331601369
H10J_0000749,2023-07,CA-0001-jl2023.XLS,1,134,BON EMP PRI EXT,entidad_sin_isin_pendiente,2,156 | 161,USP0592VAA63 | US71647NBK46,0.0,20665.5906040064,20665.5906040064
H10J_0000750,2023-07,CA-0001-jl2023.XLS,1,106,TIT.EMP.PUB.EXT,entidad_sin_isin_pendiente,3,114 | 115 | 117,US279158AE95 | US279158AJ82 | US279158AT64,0.0,26318.4106360544,26318.4106360544
H10J_0000751,2023-07,CA-0001-jl2023.XLS,1,57,TIT ESTAD EXTRA,entidad_sin_isin_pendiente,10,71 | 72 | 74 | 80 | 84 | 88 | 89 | 90 | 93 | 97,COL17CT03722 | COL17CT03813 | COL17CT03862 | MX0MGO0000J5 | MX0MGO0000R8 | US912810TP30 | US912810TN81 | US912810TR95 | BRSTNCNTF1Q6 | BRSTNCNTF212,1.5183770901103286e-17,239596.5291354185,239596.5291354185
H10J_0000752,2023-07,CA-0001-jl2023.XLS,1,54,ACC EXTRANJERO,entidad_sin_isin_pendiente,1,56,CA00461M1032,0.0,585.1693931168,585.1693931168
H10J_0000753,2023-07,CA-0001-jl2023.XLS,1,39,STATE STREET BA,entidad_sin_isin_pendiente,3,41 | 42 | 50,BRL | CAD | USD,1.7669379679360262e-10,52436.54202915541,52436.5420198902
H10J_0000754,2023-07,CA-0001-jl2023.XLS,1,23,JPMC&CO,entidad_sin_isin_pendiente,4,25 | 27 | 28 | 32,CAD | EUR | GBP | USD,5.069231023865541e-10,50108.38035845949,50108.3803330584
H10J_0000755,2023-07,CA-0001-jl2023.XLS,1,7,BROWN BROTHERS,entidad_sin_isin_pendiente,4,13 | 14 | 15 | 19,EUR | GBP | JPY | USD,1.4528819774406791e-16,50079.4815212752,50079.48152127519
H10J_0000756,2023-08,CA-0001-ag2023.XLS,1,577,PAI Europe VII,entidad_sin_isin_pendiente,2,578 | 579,PAI Europe VII-1 SCSp | PAI Europe VII-1 S.L.P.,0.0,33210.8031731098,33210.8031731098
H10J_0000757,2023-08,CA-0001-ag2023.XLS,1,522,PAI Europe,entidad_sin_isin_pendiente,2,523 | 524,PAI Europe VI -1 FPCI | PAI Europe VI -1 SCSP,1.9164201986429596e-16,75932.8003256866,75932.80032568659
H10J_0000758,2023-08,CA-0001-ag2023.XLS,1,480,Altamar,entidad_sin_isin_pendiente,2,481 | 482,"Altamar V - Private Equity Program 2010, F.C.R (de Régimen Simplificado) | Altamar Global Private Equity Program VIII, FCR",0.0,81274.27521415609,81274.27521415609
H10J_0000759,2023-08,CA-0001-ag2023.XLS,1,140,BON EMP PRI EXT,entidad_sin_isin_pendiente,2,164 | 169,USP0592VAA63 | US71647NBK46,0.0,21273.875807158198,21273.875807158198
H10J_0000760,2023-08,CA-0001-ag2023.XLS,1,126,BON SIS FIN EXT,entidad_sin_isin_pendiente,2,130 | 138,USP16259AM84 | US05968LAL62,1.3465709748839779e-16,13508.3069327451,13508.306932745101
H10J_0000761,2023-08,CA-0001-ag2023.XLS,1,112,TIT.EMP.PUB.EXT,entidad_sin_isin_pendiente,3,120 | 121 | 123,US279158AE95 | US279158AJ82 | US279158AT64,1.3659473590302385e-16,26633.374873791003,26633.374873791
H10J_0000762,2023-08,CA-0001-ag2023.XLS,1,59,TIT ESTAD EXTRA,entidad_sin_isin_pendiente,14,71 | 72 | 73 | 75 | 82 | 86 | 87 | 93 | 94 | 95 | 98 | 101 | 105 | 107,US195325CU73 | COL17CT03722 | COL17CT03813 | COL17CT03862 | MX0MGO0000J5 | MX0MGO0000R8 | MX0MGO0000U2 | US912810TP30 | US912810TN81 | US912810TR95 | US912810TT51 | BRSTNCNTF1Q6 | BRSTNCNTF212 | AU0000097495,8.941462580724139e-17,284806.33251813706,284806.33251813706
H10J_0000763,2023-08,CA-0001-ag2023.XLS,1,54,ACC EXTRANJERO,entidad_sin_isin_pendiente,2,56 | 58,CA00461M1032 | IL0011684185,0.0,594.7976123147,594.7976123147
H10J_0000764,2023-08,CA-0001-ag2023.XLS,1,39,STATE STREET BA,entidad_sin_isin_pendiente,4,41 | 42 | 45 | 50,BRL | CAD | EUR | USD,5.070210031460517e-10,18553.2677465238,18553.267737116905
H10J_0000765,2023-08,CA-0001-ag2023.XLS,1,23,JPMC&CO,entidad_sin_isin_pendiente,4,25 | 27 | 28 | 32,CAD | EUR | GBP | USD,1.1289851549064726e-09,22468.1432026974,22468.1431773312
H10J_0000766,2023-08,CA-0001-ag2023.XLS,1,7,BROWN BROTHERS,entidad_sin_isin_pendiente,6,9 | 13 | 14 | 15 | 16 | 19,BRL | EUR | GBP | JPY | MXN | USD,1.293382276647434e-16,28127.637689003204,28127.637689003197
H10J_0000767,2023-09,CA-0001-se2023.XLS,1,552,PAI Europe VII,entidad_sin_isin_pendiente,2,553 | 554,PAI Europe VII-1 SCSp | PAI Europe VII-1 S.L.P.,0.0,33193.4784316415,33193.4784316415
H10J_0000768,2023-09,CA-0001-se2023.XLS,1,499,PAI Europe,entidad_sin_isin_pendiente,2,500 | 501,PAI Europe VI -1 FPCI | PAI Europe VI -1 SCSP,0.0,75893.1892350501,75893.1892350501
H10J_0000769,2023-09,CA-0001-se2023.XLS,1,457,Altamar,entidad_sin_isin_pendiente,2,458 | 459,"Altamar V - Private Equity Program 2010, F.C.R (de Régimen Simplificado) | Altamar Global Private Equity Program VIII, FCR",0.0,81231.8776907127,81231.8776907127
H10J_0000770,2023-09,CA-0001-se2023.XLS,1,136,BON EMP PRI EXT,entidad_sin_isin_pendiente,2,162 | 167,USP0592VAA63 | US71647NBK46,0.0,21718.527469355,21718.527469355
H10J_0000771,2023-09,CA-0001-se2023.XLS,1,124,BON SIS FIN EXT,entidad_sin_isin_pendiente,2,126 | 134,USP16259AM84 | US05968LAL62,0.0,13677.504212255,13677.504212255
H10J_0000772,2023-09,CA-0001-se2023.XLS,1,110,TIT.EMP.PUB.EXT,entidad_sin_isin_pendiente,4,118 | 119 | 120 | 121,US279158AE95 | US279158AJ82 | US279158AS81 | US279158AT64,0.0,33726.3873021847,33726.3873021847
H10J_0000773,2023-09,CA-0001-se2023.XLS,1,58,TIT ESTAD EXTRA,entidad_sin_isin_pendiente,15,62 | 69 | 70 | 71 | 73 | 76 | 78 | 82 | 92 | 93 | 94 | 97 | 101 | 105 | 107,CL0002454248 | US195325CU73 | COL17CT03722 | COL17CT03813 | COL17CT03862 | US195325DX04 | MX0MGO0000J5 | MX0MGO0000R8 | US912810TP30 | US912810TN81 | US912810TR95 | US912810TT51 | BRSTNCNTF1Q6 | BRSTNCNTF212 | AU0000097495,6.411132029383239e-17,226978.8730238764,226978.87302387637
H10J_0000774,2023-09,CA-0001-se2023.XLS,1,55,ACC EXTRANJERO,entidad_sin_isin_pendiente,1,57,CA00461M1032,0.0,598.235738796,598.235738796
H10J_0000775,2023-09,CA-0001-se2023.XLS,1,40,STATE STREET BA,entidad_sin_isin_pendiente,5,42 | 43 | 44 | 46 | 51,BRL | CAD | CLP | EUR | USD,1.7041229215517045e-09,5670.717389486499,5670.7173798229
H10J_0000776,2023-09,CA-0001-se2023.XLS,1,24,JPMC&CO,entidad_sin_isin_pendiente,4,26 | 28 | 29 | 33,CAD | EUR | GBP | USD,4.1290419297648183e-10,61311.5584835115,61311.5584581957
H10J_0000777,2023-09,CA-0001-se2023.XLS,1,7,BROWN BROTHERS,entidad_sin_isin_pendiente,6,9 | 11 | 13 | 14 | 16 | 19,BRL | CLP | EUR | GBP | MXN | USD,1.2646104621916675e-16,57535.168589176705,57535.1685891767
H10J_0000778,2023-10,CA-0001-oc2023.XLS,1,552,PAI Europe VII GP S.à r.l.,entidad_sin_isin_pendiente,2,553 | 554,PAI Europe VII-1 SCSp | PAI Europe VII-1 S.L.P.,0.0,33681.3781428174,33681.3781428174
H10J_0000779,2023-10,CA-0001-oc2023.XLS,1,499,PAI Europe VI General Partner S.A.R.L.,entidad_sin_isin_pendiente,2,500 | 501,PAI Europe VI -1 FPCI | PAI Europe VI -1 SCSP,0.0,77008.7175513805,77008.7175513805
H10J_0000780,2023-10,CA-0001-oc2023.XLS,1,457,"Altamar Capital Privado, S.G.E.C.R.",entidad_sin_isin_pendiente,2,458 | 459,"Altamar V - Private Equity Program 2010, F.C.R (de Régimen Simplificado) | Altamar Global Private Equity Program VIII, FCR",0.0,80393.0704339349,80393.0704339349
H10J_0000781,2023-10,CA-0001-oc2023.XLS,1,135,BON EMP PRI EXT,entidad_sin_isin_pendiente,2,161 | 166,USP0592VAA63 | US71647NBK46,0.0,21832.1847481,21832.1847481
H10J_0000782,2023-10,CA-0001-oc2023.XLS,1,122,BON SIS FIN EXT,entidad_sin_isin_pendiente,2,124 | 133,USP16259AM84 | US05968LAL62,1.3096025496987413e-16,13889.6293685767,13889.629368576701
H10J_0000783,2023-10,CA-0001-oc2023.XLS,1,107,TIT.EMP.PUB.EXT,entidad_sin_isin_pendiente,4,115 | 116 | 117 | 118,US279158AE95 | US279158AJ82 | US279158AS81 | US279158AT64,0.0,33880.9726101,33880.9726101
H10J_0000784,2023-10,CA-0001-oc2023.XLS,1,59,TIT ESTAD EXTRA,entidad_sin_isin_pendiente,14,67 | 68 | 69 | 71 | 73 | 76 | 79 | 90 | 91 | 92 | 97 | 101 | 103 | 106,US195325CU73 | COL17CT03722 | COL17CT03813 | COL17CT03862 | US195325DX04 | MX0MGO0000J5 | MX0MGO0000R8 | US912810TP30 | US912810TN81 | US912810TR95 | BRSTNCNTF1Q6 | BRSTNCNTF212 | AU0000097495 | GB00BPCJD997,1.2951851761065318e-16,196619.3878638661,196619.3878638661
H10J_0000785,2023-10,CA-0001-oc2023.XLS,1,56,ACC EXTRANJERO,entidad_sin_isin_pendiente,1,58,CA00461M1032,0.0,641.5401953728,641.5401953728
H10J_0000786,2023-10,CA-0001-oc2023.XLS,1,41,STATE STREET BANK AND TRUST COMPANY,entidad_sin_isin_pendiente,5,43 | 44 | 45 | 47 | 52,BRL | CAD | CLP | EUR | USD,1.0157572656038893e-10,96554.5440265915,96554.5440167839
H10J_0000787,2023-10,CA-0001-oc2023.XLS,1,25,JP MORGAN CHASE & CO,entidad_sin_isin_pendiente,3,27 | 30 | 34,CAD | GBP | USD,7.406732037439388e-10,34187.4027215196,34187.4026961979
H10J_0000788,2023-10,CA-0001-oc2023.XLS,1,7,BROWN BROTHERS HARRIMAN & CO.,entidad_sin_isin_pendiente,6,9 | 12 | 13 | 14 | 16 | 19,BRL | COP | EUR | GBP | MXN | USD,1.676617960928392e-16,86793.2681593667,86793.26815936671
H10J_0000789,2023-11,CA-0001-no2023.XLS,1,540,PAI Europe VII,entidad_sin_isin_pendiente,2,541 | 542,PAI Europe VII-1 SCSp | PAI Europe VII-1 S.L.P.,0.0,34794.0039748591,34794.0039748591
H10J_0000790,2023-11,CA-0001-no2023.XLS,1,487,PAI Europe,entidad_sin_isin_pendiente,2,488 | 489,PAI Europe VI -1 FPCI | PAI Europe VI -1 SCSP,1.8853298594443247e-16,77184.9825401685,77184.98254016851
H10J_0000791,2023-11,CA-0001-no2023.XLS,1,445,Altamar,entidad_sin_isin_pendiente,2,446 | 447,"Altamar V - Private Equity Program 2010, F.C.R (de Régimen Simplificado) | Altamar Global Private Equity Program VIII, FCR",0.0,80577.0818563978,80577.0818563978
H10J_0000792,2023-11,CA-0001-no2023.XLS,1,118,BON SIS FIN EXT,entidad_sin_isin_pendiente,2,121 | 129,USP1S81BAA64 | US05968LAL62,0.0,14849.001278108,14849.001278108
H10J_0000793,2023-11,CA-0001-no2023.XLS,1,104,TIT.EMP.PUB.EXT,entidad_sin_isin_pendiente,2,112 | 113,US279158AE95 | US279158AJ82,1.2040111222947055e-16,15107.7458493828,15107.745849382798
H10J_0000794,2023-11,CA-0001-no2023.XLS,1,59,TIT ESTAD EXTRA,entidad_sin_isin_pendiente,9,68 | 69 | 71 | 73 | 74 | 76 | 78 | 94 | 100,COL17CT03722 | COL17CT03813 | COL17CT03862 | US195325EM30 | US195325EL56 | MX0MGO0000J5 | MX0MGO0000R8 | BRSTNCNTF1Q6 | AU0000097495,1.8237753137445873e-17,199475.16449393053,199475.16449393053
H10J_0000795,2023-11,CA-0001-no2023.XLS,1,56,ACC EXTRANJERO,entidad_sin_isin_pendiente,1,58,CA00461M1032,0.0,652.4432261426,652.4432261426
H10J_0000796,2023-11,CA-0001-no2023.XLS,1,41,STATE STREET BA,entidad_sin_isin_pendiente,5,43 | 44 | 45 | 47 | 52,BRL | CAD | CLP | EUR | USD,1.4055003796696857e-09,6807.3980822312005,6807.3980726634
H10J_0000797,2023-11,CA-0001-no2023.XLS,1,25,JPMC&CO,entidad_sin_isin_pendiente,2,27 | 34,CAD | USD,2.0570891513299896e-08,1225.3625372867998,1225.36251208
H10J_0000798,2023-11,CA-0001-no2023.XLS,1,7,BROWN BROTHERS,entidad_sin_isin_pendiente,6,9 | 12 | 13 | 15 | 16 | 19,BRL | COP | EUR | JPY | MXN | USD,1.7028983891549957e-16,85453.80817224059,85453.80817224059
H10J_0000799,2023-12,CA-0001-di2023.XLS,1,544,PAI Europe VII,entidad_sin_isin_pendiente,2,545 | 546,PAI Europe VII-1 SCSp | PAI Europe VII-1 S.L.P.,2.0784176117455563e-16,35007.1976539533,35007.197653953306
H10J_0000800,2023-12,CA-0001-di2023.XLS,1,491,PAI Europe,entidad_sin_isin_pendiente,2,492 | 493,PAI Europe VI -1 FPCI | PAI Europe VI -1 SCSP,0.0,60604.1978096222,60604.1978096222
H10J_0000801,2023-12,CA-0001-di2023.XLS,1,449,Altamar,entidad_sin_isin_pendiente,2,450 | 451,"Altamar V - Private Equity Program 2010, F.C.R (de Régimen Simplificado) | Altamar Global Private Equity Program VIII, FCR",0.0,81070.80268668951,81070.80268668951
H10J_0000802,2023-12,CA-0001-di2023.XLS,1,117,BON SIS FIN EXT,entidad_sin_isin_pendiente,2,120 | 127,USP1S81BAA64 | US05968LAL62,0.0,15014.5186122882,15014.5186122882
H10J_0000803,2023-12,CA-0001-di2023.XLS,1,61,TIT ESTAD EXTRA,entidad_sin_isin_pendiente,7,68 | 69 | 73 | 77 | 79 | 99 | 102,COL17CT03722 | COL17CT03813 | US195325EM30 | MX0MGO0000J5 | MX0MGO0000R8 | AU0000097495 | GB00BPCJD997,1.0805804037418464e-16,134667.58399445622,134667.58399445622
H10J_0000804,2023-12,CA-0001-di2023.XLS,1,56,ACC EXTRANJERO,entidad_sin_isin_pendiente,2,58 | 60,CA00461M1032 | US9026851066,0.0,754.8521211892,754.8521211892
H10J_0000805,2023-12,CA-0001-di2023.XLS,1,41,STATE STREET BA,entidad_sin_isin_pendiente,5,43 | 44 | 47 | 48 | 52,BRL | CAD | EUR | GBP | USD,7.145535738251361e-09,28259.7009432527,28259.700741321998
H10J_0000806,2023-12,CA-0001-di2023.XLS,1,39,INTL FCStone,entidad_sin_isin_pendiente,2,40 | 43,USD | BRL,2.2667482345716724e-07,16291.594468574998,16291.598161469297
H10J_0000807,2023-12,CA-0001-di2023.XLS,1,25,JPMC&CO,entidad_sin_isin_pendiente,2,27 | 34,CAD | USD,7.744041827773297e-09,11378.2314363435,11378.23134823
H10J_0000808,2023-12,CA-0001-di2023.XLS,1,7,BROWN BROTHERS,entidad_sin_isin_pendiente,7,8 | 9 | 12 | 13 | 15 | 16 | 19,AUD | BRL | COP | EUR | JPY | MXN | USD,1.5454812075255137e-16,94525.631085595,94525.63108559499
H10J_0000809,2024-01,CA-0001-en2024.XLS,1,560,PAI Europe VII,entidad_sin_isin_pendiente,2,561 | 562,PAI Europe VII-1 SCSp | PAI Europe VII-1 S.L.P.,0.0,35330.4573549221,35330.4573549221
H10J_0000810,2024-01,CA-0001-en2024.XLS,1,507,PAI Europe,entidad_sin_isin_pendiente,2,508 | 509,PAI Europe VI -1 FPCI | PAI Europe VI -1 SCSP,0.0,61163.8225775071,61163.8225775071
H10J_0000811,2024-01,CA-0001-en2024.XLS,1,465,Altamar,entidad_sin_isin_pendiente,2,466 | 467,"Altamar V - Private Equity Program 2010, F.C.R (de Régimen Simplificado) | Altamar Global Private Equity Program VIII, FCR",1.8072689281509109e-16,80518.8148907949,80518.81489079489
H10J_0000812,2024-01,CA-0001-en2024.XLS,1,122,BON SIS FIN EXT,entidad_sin_isin_pendiente,1,125,USP1S81BAA64,0.0,9398.439910350398,9398.439910350398
H10J_0000813,2024-01,CA-0001-en2024.XLS,1,59,TIT ESTAD EXTRA,entidad_sin_isin_pendiente,8,66 | 67 | 71 | 75 | 77 | 89 | 103 | 106,COL17CT03722 | COL17CT03813 | US195325EM30 | MX0MGO0000J5 | MX0MGO0000R8 | US912810TT51 | AU0000097495 | GB00BPCJD997,1.2912794953813472e-16,140867.2103949628,140867.2103949628
H10J_0000814,2024-01,CA-0001-en2024.XLS,1,56,ACC EXTRANJERO,entidad_sin_isin_pendiente,1,58,CA00461M1032,0.0,726.4903779455,726.4903779455
H10J_0000815,2024-01,CA-0001-en2024.XLS,1,41,STATE STREET BA,entidad_sin_isin_pendiente,4,44 | 47 | 48 | 52,CAD | EUR | GBP | USD,4.285918914881961e-10,22729.3179878951,22729.3179781535
H10J_0000816,2024-01,CA-0001-en2024.XLS,1,25,JPMC&CO,entidad_sin_isin_pendiente,2,27 | 34,CAD | USD,1.4813889348338373e-08,6056.4918339237,6056.4917442035
H10J_0000817,2024-01,CA-0001-en2024.XLS,1,7,BROWN BROTHERS,entidad_sin_isin_pendiente,7,9 | 11 | 13 | 14 | 15 | 16 | 19,BRL | CLP | EUR | GBP | JPY | MXN | USD,1.659127948030856e-16,87708.21590726539,87708.2159072654
H10J_0000818,2024-02,CA-0001-fe2024.XLS,1,563,PAI Europe VII,entidad_sin_isin_pendiente,2,564 | 565,PAI Europe VII-1 SCSp | PAI Europe VII-1 S.L.P.,0.0,34920.5438010149,34920.5438010149
H10J_0000819,2024-02,CA-0001-fe2024.XLS,1,510,PAI Europe,entidad_sin_isin_pendiente,2,511 | 512,PAI Europe VI -1 FPCI | PAI Europe VI -1 SCSP,0.0,60454.1833098512,60454.1833098512
H10J_0000820,2024-02,CA-0001-fe2024.XLS,1,468,Altamar,entidad_sin_isin_pendiente,2,469 | 470,"Altamar V - Private Equity Program 2010, F.C.R (de Régimen Simplificado) | Altamar Global Private Equity Program VIII, FCR",1.828483489797654e-16,79584.61374992899,79584.613749929
H10J_0000821,2024-02,CA-0001-fe2024.XLS,1,59,TIT ESTAD EXTRA,entidad_sin_isin_pendiente,8,66 | 67 | 71 | 77 | 79 | 103 | 105 | 108,COL17CT03722 | COL17CT03813 | US195325EM30 | MX0MGO0000J5 | MX0MGO0000R8 | BRSTNCNTF238 | AU0000097495 | GB00BPCJD997,0.0,115180.19368204298,115180.19368204298
H10J_0000822,2024-02,CA-0001-fe2024.XLS,1,56,ACC EXTRANJERO,entidad_sin_isin_pendiente,1,58,CA00461M1032,0.0,659.361012779,659.361012779
H10J_0000823,2024-02,CA-0001-fe2024.XLS,1,41,STATE STREET BA,entidad_sin_isin_pendiente,3,47 | 48 | 52,EUR | GBP | USD,1.7690249772290635e-09,21191.2769509806,21191.2769134927
H10J_0000824,2024-02,CA-0001-fe2024.XLS,1,7,BROWN BROTHERS,entidad_sin_isin_pendiente,7,10 | 11 | 13 | 14 | 15 | 16 | 19,CAD | CLP | EUR | GBP | JPY | MXN | USD,1.198115183393065e-16,121516.03499834858,121516.0349983486
H10J_0000825,2024-03,CA-0001-ma2024.XLS,1,619,TIT ESTAD EXTRA,entidad_sin_isin_pendiente,7,629 | 635 | 636 | 643 | 647 | 648 | 664,BRSTNCNTF238 | COL17CT03722 | COL17CT03813 | US195325EM30 | MX0MGO0000J5 | MX0MGO0000R8 | US91282CJJ18,2.0010155196091938e-16,109083.9757545376,109083.9757545376
H10J_0000826,2024-03,CA-0001-ma2024.XLS,1,259,PAI Europe VII,entidad_sin_isin_pendiente,2,260 | 261,PAI Europe VII-1 S.L.P. | PAI Europe VII-1 SCSp,0.0,34709.465395168794,34709.465395168794
H10J_0000827,2024-03,CA-0001-ma2024.XLS,1,256,PAI Europe,entidad_sin_isin_pendiente,2,257 | 258,PAI Europe VI -1 FPCI | PAI Europe VI -1 SCSP,0.0,58496.4977702724,58496.4977702724
H10J_0000828,2024-03,CA-0001-ma2024.XLS,1,117,Altamar,entidad_sin_isin_pendiente,2,118 | 119,"Altamar Global Private Equity Program VIII, FCR | Altamar V - Private Equity Program 2010, F.C.R (de Régimen Simplificado)",0.0,78181.60619629921,78181.60619629921
H10J_0000829,2024-03,CA-0001-ma2024.XLS,1,56,ACC EXTRANJERO,entidad_sin_isin_pendiente,1,58,CA00461M1032,0.0,723.0430679124,723.0430679124
H10J_0000830,2024-03,CA-0001-ma2024.XLS,1,41,STATE STREET BA,entidad_sin_isin_pendiente,3,48 | 49 | 55,EUR | GBP | USD,3.6604255648845015e-09,10092.050360435,10092.0503234938
H10J_0000831,2024-03,CA-0001-ma2024.XLS,1,29,JPMC&CO,entidad_sin_isin_pendiente,2,33 | 38,EUR | USD,3.5255407838768603e-09,13302.1581914507,13302.1581445534
H10J_0000832,2024-03,CA-0001-ma2024.XLS,1,9,BROWN BROTHERS,entidad_sin_isin_pendiente,6,11 | 13 | 15 | 16 | 19 | 25,BRL | CLP | EUR | GBP | MXN | USD,1.823541825922826e-19,38964.981535343795,38964.981535343795
H10J_0000833,2024-04,CA-0001-ab2024.XLS,1,254,PAI Europe VI General Partner S.A.R.L.,entidad_sin_isin_pendiente,2,255 | 256,PAI Europe VI -1 FPCI | PAI Europe VI -1 SCSP,1.241132598930381e-16,58623.531606968594,58623.5316069686
H10J_0000834,2024-04,CA-0001-ab2024.XLS,1,114,"Altamar Capital Privado, S.G.E.C.R.",entidad_sin_isin_pendiente,2,115 | 116,"Altamar Global Private Equity Program VIII, FCR | Altamar V - Private Equity Program 2010, F.C.R (de Régimen Simplificado)",0.0,74925.394218082,74925.394218082
H10J_0000835,2024-04,CA-0001-ab2024.XLS,1,41,STATE STREET BANK AND TRUST COMPANY,entidad_sin_isin_pendiente,3,48 | 49 | 55,EUR | GBP | USD,2.479132084494525e-09,14912.839792462,14912.8397554911
H10J_0000836,2024-04,CA-0001-ab2024.XLS,1,29,JP Morgan Chase & Co.,entidad_sin_isin_pendiente,2,33 | 38,EUR | USD,1.3708073905164433e-09,34324.59615222351,34324.5961051711
H10J_0000837,2024-04,CA-0001-ab2024.XLS,1,9,Brown Brothers Harriman & Co.,entidad_sin_isin_pendiente,5,11 | 15 | 16 | 19 | 25,BRL | EUR | GBP | MXN | USD,8.66500265737241e-09,30972.281750059803,30972.2814816849
H10J_0000838,2024-05,CA-0001-my2024.XLS,1,259,PAI Europe VI General Partner S.A.R.L.,entidad_sin_isin_pendiente,2,260 | 261,PAI Europe VI -1 FPCI | PAI Europe VI -1 SCSP,1.258286521972991e-16,57824.330842984295,57824.3308429843
H10J_0000839,2024-05,CA-0001-my2024.XLS,1,119,"Altamar Capital Privado, S.G.E.C.R.",entidad_sin_isin_pendiente,2,120 | 121,"Altamar Global Private Equity Program VIII, FCR | Altamar V - Private Equity Program 2010, F.C.R (de Régimen Simplificado)",1.9332338617738218e-16,75272.3998689681,75272.39986896809
H10J_0000840,2024-05,CA-0001-my2024.XLS,1,41,STATE STREET BANK AND TRUST COMPANY,entidad_sin_isin_pendiente,3,48 | 49 | 55,EUR | GBP | USD,3.7034229003755447e-09,9946.473540882598,9946.4735040466
H10J_0000841,2024-05,CA-0001-my2024.XLS,1,29,JP Morgan Chase & Co.,entidad_sin_isin_pendiente,2,33 | 38,EUR | USD,7.3050770656114124e-09,6487.7754693233,6487.7754219296
H10J_0000842,2024-06,CA-0001-jn2024.XLS,1,257,PAI Europe VI General Partner S.A.R.L.,entidad_sin_isin_pendiente,2,258 | 259,PAI Europe VI -1 FPCI | PAI Europe VI -1 SCSP,0.0,58753.3941551889,58753.3941551889
H10J_0000843,2024-06,CA-0001-jn2024.XLS,1,117,"Altamar Capital Privado, S.G.E.C.R.",entidad_sin_isin_pendiente,2,118 | 119,"Altamar Global Private Equity Program VIII, FCR | Altamar V - Private Equity Program 2010, F.C.R (de Régimen Simplificado)",0.0,76866.8402286966,76866.8402286966
H10J_0000844,2024-06,CA-0001-jn2024.XLS,1,41,STATE STREET BANK AND TRUST COMPANY,entidad_sin_isin_pendiente,3,48 | 49 | 55,EUR | GBP | USD,1.6031252227611167e-08,13834.502523662,13834.502301877601
H10J_0000845,2024-06,CA-0001-jn2024.XLS,1,29,JP Morgan Chase & Co.,entidad_sin_isin_pendiente,2,33 | 38,EUR | USD,2.2132072374703433e-09,21866.2308989091,21866.2308505146
H10J_0000846,2024-06,CA-0001-jn2024.XLS,1,9,Brown Brothers Harriman & Co.,entidad_sin_isin_pendiente,8,11 | 13 | 14 | 15 | 16 | 18 | 19 | 25,BRL | CLP | COP | EUR | GBP | JPY | MXN | USD,9.577724869782612e-09,29325.8789247169,29325.8786438417
H10J_0000847,2024-07,CA-0001-jl2024.XLS,1,259,PAI Europe VI General Partner S.A.R.L.,entidad_sin_isin_pendiente,2,260 | 261,PAI Europe VI -1 FPCI | PAI Europe VI -1 SCSP,1.259461107973807e-16,57770.403294857,57770.40329485701
H10J_0000848,2024-07,CA-0001-jl2024.XLS,1,119,"Altamar Capital Privado, S.G.E.C.R.",entidad_sin_isin_pendiente,2,120 | 121,"Altamar Global Private Equity Program VIII, FCR | Altamar V - Private Equity Program 2010, F.C.R (de Régimen Simplificado)",0.0,74701.06631976328,74701.06631976328
H10J_0000849,2024-07,CA-0001-jl2024.XLS,1,42,STATE STREET BANK AND TRUST COMPANY,entidad_sin_isin_pendiente,3,49 | 50 | 56,EUR | GBP | USD,1.432515568124906e-09,148972.7725359445,148972.77274935032
H10J_0000850,2024-07,CA-0001-jl2024.XLS,1,30,JP Morgan Chase & Co.,entidad_sin_isin_pendiente,3,34 | 38 | 39,EUR | PEN | USD,6.322731457500135e-09,7575.1121369928,7575.1120890974
H10J_0000851,2024-07,CA-0001-jl2024.XLS,1,9,Brown Brothers Harriman & Co.,entidad_sin_isin_pendiente,4,16 | 17 | 19 | 26,EUR | GBP | JPY | USD,6.962174397187087e-09,38534.24110621271,38534.2408379306
H10J_0000852,2024-08,CA-0001-ag2024.XLS,1,250,PAI Europe VI General Partner S.A.R.L.,entidad_sin_isin_pendiente,2,251 | 252,PAI Europe VI -1 FPCI | PAI Europe VI -1 SCSP,1.5065516199383356e-16,48295.441841423504,48295.44184142351
H10J_0000853,2024-08,CA-0001-ag2024.XLS,1,110,"Altamar Capital Privado, S.G.E.C.R.",entidad_sin_isin_pendiente,2,111 | 112,"Altamar Global Private Equity Program VIII, FCR | Altamar V - Private Equity Program 2010, F.C.R (de Régimen Simplificado)",1.8971031183937637e-16,76705.9791704293,76705.97917042932
H10J_0000854,2024-08,CA-0001-ag2024.XLS,1,42,STATE STREET BANK AND TRUST COMPANY,entidad_sin_isin_pendiente,3,49 | 50 | 56,EUR | GBP | USD,5.288823945170095e-09,38741.06868178499,38741.0684768903
H10J_0000855,2024-08,CA-0001-ag2024.XLS,1,30,JP Morgan Chase & Co.,entidad_sin_isin_pendiente,3,34 | 38 | 39,EUR | PEN | USD,1.768856509053279e-09,27809.7750444955,27809.774995304
H10J_0000856,2024-08,CA-0001-ag2024.XLS,1,9,Brown Brothers Harriman & Co.,entidad_sin_isin_pendiente,4,15 | 16 | 17 | 26,COP | EUR | GBP | USD,3.1573983883739226e-08,8834.6342680455,8834.6339891009
H10J_0000857,2024-09,CA-0001-se2024.XLS,1,247,PAI Europe VI General Partner S.A.R.L.,entidad_sin_isin_pendiente,2,248 | 249,PAI Europe VI -1 FPCI | PAI Europe VI -1 SCSP,0.0,48063.2639497313,48063.2639497313
H10J_0000858,2024-09,CA-0001-se2024.XLS,1,107,"Altamar Capital Privado, S.G.E.C.R.",entidad_sin_isin_pendiente,2,108 | 109,"Altamar Global Private Equity Program VIII, FCR | Altamar V - Private Equity Program 2010, F.C.R (de Régimen Simplificado)",0.0,76337.2190588135,76337.2190588135
H10J_0000859,2024-09,CA-0001-se2024.XLS,1,43,STATE STREET BANK AND TRUST COMPANY,entidad_sin_isin_pendiente,3,50 | 51 | 57,EUR | GBP | USD,1.537874577232533e-08,13166.0607015383,13166.060499060799
H10J_0000860,2024-09,CA-0001-se2024.XLS,1,31,JP Morgan Chase & Co.,entidad_sin_isin_pendiente,3,35 | 39 | 40,EUR | PEN | USD,1.898808684372429e-09,26085.4609234382,26085.4608739069
H10J_0000861,2024-09,CA-0001-se2024.XLS,1,9,Brown Brothers Harriman & Co.,entidad_sin_isin_pendiente,4,16 | 17 | 18 | 27,COP | EUR | GBP | USD,6.626300114123578e-08,4251.9972711297,4251.9969893796
H10J_0000862,2024-10,CA-0001-oc2024.XLS,1,571,PAI Europe VII GP S.à r.l.,entidad_sin_isin_pendiente,2,572 | 573,PAI Europe VII-1 SCSp | PAI Europe VII-1 S.L.P.,0.0,36651.0465964545,36651.0465964545
H10J_0000863,2024-10,CA-0001-oc2024.XLS,1,520,PAI Europe VI General Partner S.A.R.L.,entidad_sin_isin_pendiente,2,521 | 522,PAI Europe VI -1 FPCI | PAI Europe VI -1 SCSP,0.0,47831.1735055825,47831.1735055825
H10J_0000864,2024-10,CA-0001-oc2024.XLS,1,479,"Altamar Capital Privado, S.G.E.C.R.",entidad_sin_isin_pendiente,2,480 | 481,"Altamar V - Private Equity Program 2010, F.C.R (de Régimen Simplificado) | Altamar Global Private Equity Program VIII, FCR",0.0,73271.8549839243,73271.8549839243
H10J_0000865,2024-10,CA-0001-oc2024.XLS,1,43,STATE STREET BANK AND TRUST COMPANY,entidad_sin_isin_pendiente,3,49 | 50 | 54,EUR | GBP | USD,1.6867681272745433e-08,12011.2004374479,12011.2002348468
H10J_0000866,2024-10,CA-0001-oc2024.XLS,1,27,JP MORGAN CHASE & CO,entidad_sin_isin_pendiente,3,31 | 35 | 36,EUR | PEN | USD,5.245668096224185e-09,9267.4181384324,9267.4180898186
H10J_0000867,2024-10,CA-0001-oc2024.XLS,1,7,BROWN BROTHERS HARRIMAN & CO.,entidad_sin_isin_pendiente,5,11 | 12 | 13 | 14 | 19,CLP | COP | EUR | GBP | USD,4.314186262116622e-09,63250.6070499901,63250.6067771152
H10J_0000868,2024-11,CA-0001-no2024.XLS,1,579,PAI Europe VII GP S.à r.l.,entidad_sin_isin_pendiente,2,580 | 581,PAI Europe VII-1 SCSp | PAI Europe VII-1 S.L.P.,0.0,35108.8488032337,35108.8488032337
H10J_0000869,2024-11,CA-0001-no2024.XLS,1,528,PAI Europe VI General Partner S.A.R.L.,entidad_sin_isin_pendiente,2,529 | 530,PAI Europe VI -1 FPCI | PAI Europe VI -1 SCSP,1.632926409696474e-16,44557.780258669896,44557.7802586699
H10J_0000870,2024-11,CA-0001-no2024.XLS,1,487,"Altamar Capital Privado, S.G.E.C.R.",entidad_sin_isin_pendiente,2,488 | 489,"Altamar V - Private Equity Program 2010, F.C.R (de Régimen Simplificado) | Altamar Global Private Equity Program VIII, FCR",0.0,70829.9148040511,70829.9148040511
H10J_0000871,2024-11,CA-0001-no2024.XLS,1,43,STATE STREET BANK AND TRUST COMPANY,entidad_sin_isin_pendiente,2,49 | 54,EUR | USD,3.56651060180673e-08,18953.391048675,18953.390372700298
H10J_0000872,2024-11,CA-0001-no2024.XLS,1,27,JP MORGAN CHASE & CO,entidad_sin_isin_pendiente,3,31 | 35 | 36,EUR | PEN | USD,4.228931885689573e-09,11285.9942163143,11285.9941685866
H10J_0000873,2024-11,CA-0001-no2024.XLS,1,7,BROWN BROTHERS HARRIMAN & CO.,entidad_sin_isin_pendiente,8,10 | 11 | 12 | 13 | 14 | 15 | 16 | 19,CAD | CLP | COP | EUR | GBP | JPY | MXN | USD,3.902870537147284e-09,68950.3270615354,68950.3267924312
H10J_0000874,2024-12,CA-0001-di2024.XLS,1,577,PAI Europe VII GP S.à r.l.,entidad_sin_isin_pendiente,2,578 | 579,PAI Europe VII-1 SCSp | PAI Europe VII-1 S.L.P.,0.0,34426.243645715294,34426.243645715294
H10J_0000875,2024-12,CA-0001-di2024.XLS,1,526,PAI Europe VI General Partner S.A.R.L.,entidad_sin_isin_pendiente,2,527 | 528,PAI Europe VI -1 FPCI | PAI Europe VI -1 SCSP,1.6653041503694814e-16,43691.4638840545,43691.46388405451
H10J_0000876,2024-12,CA-0001-di2024.XLS,1,485,"Altamar Capital Privado, S.G.E.C.R.",entidad_sin_isin_pendiente,2,486 | 487,"Altamar V - Private Equity Program 2010, F.C.R (de Régimen Simplificado) | Altamar Global Private Equity Program VIII, FCR",2.0952236523591094e-16,69452.8014323539,69452.80143235391
H10J_0000877,2024-12,CA-0001-di2024.XLS,1,43,STATE STREET BANK AND TRUST COMPANY,entidad_sin_isin_pendiente,4,49 | 50 | 53 | 54,EUR | GBP | PEN | USD,1.016773894981313e-08,19095.631344797697,19095.631150638303
H10J_0000878,2024-12,CA-0001-di2024.XLS,1,27,JP MORGAN CHASE & CO,entidad_sin_isin_pendiente,3,31 | 35 | 36,EUR | PEN | USD,7.995265539081059e-10,58773.9160884922,58773.916041500896
H10J_0000879,2024-12,CA-0001-di2024.XLS,1,7,BROWN BROTHERS HARRIMAN & CO.,entidad_sin_isin_pendiente,7,10 | 12 | 13 | 14 | 15 | 16 | 19,CAD | COP | EUR | GBP | JPY | MXN | USD,2.8517394532915705e-08,8963.708086838598,8963.707831216998
H10J_0000880,2025-01,CA-0001-en2025.XLS,1,581,PAI Europe VII GP S.à r.l.,entidad_sin_isin_pendiente,2,582 | 583,PAI Europe VII-1 SCSp | PAI Europe VII-1 S.L.P.,0.0,34252.1353067851,34252.1353067851
H10J_0000881,2025-01,CA-0001-en2025.XLS,1,530,PAI Europe VI General Partner S.A.R.L.,entidad_sin_isin_pendiente,2,531 | 532,PAI Europe VI -1 FPCI | PAI Europe VI -1 SCSP,1.6737691215847806e-16,43470.497336540095,43470.4973365401
H10J_0000882,2025-01,CA-0001-en2025.XLS,1,489,"Altamar Capital Privado, S.G.E.C.R.",entidad_sin_isin_pendiente,2,490 | 491,"Altamar V - Private Equity Program 2010, F.C.R (de Régimen Simplificado) | Altamar Global Private Equity Program VIII, FCR",0.0,64146.1134325196,64146.1134325196
H10J_0000883,2025-01,CA-0001-en2025.XLS,1,43,STATE STREET BANK AND TRUST COMPANY,entidad_sin_isin_pendiente,3,49 | 50 | 54,EUR | GBP | USD,7.930491785361635e-09,24445.015299042894,24445.0151051819
H10J_0000884,2025-01,CA-0001-en2025.XLS,1,27,JP MORGAN CHASE & CO,entidad_sin_isin_pendiente,3,29 | 31 | 36,CAD | EUR | USD,1.7795532124976081e-09,25983.1498418991,25983.1497956607
H10J_0000885,2025-01,CA-0001-en2025.XLS,1,7,BROWN BROTHERS HARRIMAN & CO.,entidad_sin_isin_pendiente,7,9 | 12 | 13 | 14 | 15 | 16 | 19,BRL | COP | EUR | GBP | JPY | MXN | USD,4.771080835197768e-08,5347.878390559399,5347.8781354078
H10J_0000886,2025-02,CA-0001-fe2025.XLS,1,572,PAI Europe VII GP S.à r.l.,entidad_sin_isin_pendiente,2,573 | 574,PAI Europe VII-1 SCSp | PAI Europe VII-1 S.L.P.,0.0,33832.0737953277,33832.0737953277
H10J_0000887,2025-02,CA-0001-fe2025.XLS,1,521,PAI Europe VI General Partner S.A.R.L.,entidad_sin_isin_pendiente,2,522 | 523,PAI Europe VI -1 FPCI | PAI Europe VI -1 SCSP,0.0,42937.3836298634,42937.3836298634
H10J_0000888,2025-02,CA-0001-fe2025.XLS,1,480,"Altamar Capital Privado, S.G.E.C.R.",entidad_sin_isin_pendiente,2,481 | 482,"Altamar V - Private Equity Program 2010, F.C.R (de Régimen Simplificado) | Altamar Global Private Equity Program VIII, FCR",0.0,63359.4379998423,63359.4379998423
H10J_0000889,2025-02,CA-0001-fe2025.XLS,1,43,STATE STREET BANK AND TRUST COMPANY,entidad_sin_isin_pendiente,3,49 | 50 | 54,EUR | GBP | USD,1.0326380467184054e-08,18640.6262660298,18640.626073539603
H10J_0000890,2025-02,CA-0001-fe2025.XLS,1,27,JP MORGAN CHASE & CO,entidad_sin_isin_pendiente,3,29 | 31 | 36,CAD | EUR | USD,1.0176312495889726e-09,45506.9503041062,45506.9502577969
H10J_0000891,2025-02,CA-0001-fe2025.XLS,1,7,BROWN BROTHERS HARRIMAN & CO.,entidad_sin_isin_pendiente,7,9 | 12 | 13 | 14 | 15 | 16 | 19,BRL | COP | EUR | GBP | JPY | MXN | USD,4.537753893946455e-08,5536.5695601136995,5536.569308877801
H10J_0000892,2025-03,CA-0001-ma2025.XLS,1,567,PAI Europe VII GP S.à r.l.,entidad_sin_isin_pendiente,2,568 | 569,PAI Europe VII-1 SCSp | PAI Europe VII-1 S.L.P.,0.0,35028.0537487181,35028.0537487181
H10J_0000893,2025-03,CA-0001-ma2025.XLS,1,516,PAI Europe VI General Partner S.A.R.L.,entidad_sin_isin_pendiente,2,517 | 518,PAI Europe VI -1 FPCI | PAI Europe VI -1 SCSP,1.8071944602639724e-16,40261.0663886201,40261.06638862009
H10J_0000894,2025-03,CA-0001-ma2025.XLS,1,475,"Altamar Capital Privado, S.G.E.C.R.",entidad_sin_isin_pendiente,2,476 | 477,"Altamar V - Private Equity Program 2010, F.C.R (de Régimen Simplificado) | Altamar Global Private Equity Program VIII, FCR",0.0,65916.9484973341,65916.9484973341
H10J_0000895,2025-03,CA-0001-ma2025.XLS,1,43,STATE STREET BANK AND TRUST COMPANY,entidad_sin_isin_pendiente,3,49 | 50 | 54,EUR | GBP | USD,8.267858298854856e-09,23395.4422983336,23395.4421049034
H10J_0000896,2025-03,CA-0001-ma2025.XLS,1,27,JP MORGAN CHASE & CO,entidad_sin_isin_pendiente,4,29 | 31 | 32 | 36,CAD | EUR | GBP | USD,0.0,29482.5673156283,29482.5673156283
H10J_0000897,2025-03,CA-0001-ma2025.XLS,1,7,BROWN BROTHERS HARRIMAN & CO.,entidad_sin_isin_pendiente,6,9 | 12 | 13 | 14 | 15 | 19,BRL | COP | EUR | GBP | JPY | USD,2.2434408166038698e-07,1126.8663656681,1126.8661128622998
H10J_0000898,2025-04,CA-0001-ab2025.XLS,1,577,PAI Europe VII GP S.à r.l.,entidad_sin_isin_pendiente,2,578 | 579,PAI Europe VII-1 SCSp | PAI Europe VII-1 S.L.P.,0.0,36623.6899104401,36623.6899104401
H10J_0000899,2025-04,CA-0001-ab2025.XLS,1,526,PAI Europe VI General Partner S.A.R.L.,entidad_sin_isin_pendiente,2,527 | 528,PAI Europe VI -1 FPCI | PAI Europe VI -1 SCSP,0.0,42095.0824575696,42095.0824575696
H10J_0000900,2025-04,CA-0001-ab2025.XLS,1,485,"Altamar Capital Privado, S.G.E.C.R.",entidad_sin_isin_pendiente,2,486 | 487,"Altamar V - Private Equity Program 2010, F.C.R (de Régimen Simplificado) | Altamar Global Private Equity Program VIII, FCR",0.0,68322.3749141822,68322.3749141822
H10J_0000901,2025-04,CA-0001-ab2025.XLS,1,43,STATE STREET BANK AND TRUST COMPANY,entidad_sin_isin_pendiente,3,49 | 50 | 54,EUR | GBP | USD,1.5151108635130228e-08,13235.638925079302,13235.638724544699
H10J_0000902,2025-04,CA-0001-ab2025.XLS,1,27,JP MORGAN CHASE & CO,entidad_sin_isin_pendiente,4,29 | 31 | 32 | 36,CAD | EUR | GBP | USD,0.0,140456.8546031141,140456.8546031141
H10J_0000903,2025-04,CA-0001-ab2025.XLS,1,7,BROWN BROTHERS HARRIMAN & CO.,entidad_sin_isin_pendiente,6,9 | 12 | 13 | 14 | 15 | 19,BRL | COP | EUR | GBP | JPY | USD,5.7821631908498923e-08,4460.9342894702,4460.9340315316995
H10J_0000904,2025-05,CA-0001-my2025.XLS,1,572,PAI Europe VII GP S.à r.l.,entidad_sin_isin_pendiente,2,573 | 574,PAI Europe VII-1 SCSp | PAI Europe VII-1 S.L.P.,0.0,36518.0636523238,36518.0636523238
H10J_0000905,2025-05,CA-0001-my2025.XLS,1,521,PAI Europe VI General Partner S.A.R.L.,entidad_sin_isin_pendiente,2,522 | 523,PAI Europe VI -1 FPCI | PAI Europe VI -1 SCSP,0.0,42301.345387612295,42301.345387612295
H10J_0000906,2025-05,CA-0001-my2025.XLS,1,480,"Altamar Capital Privado, S.G.E.C.R.",entidad_sin_isin_pendiente,2,481 | 482,"Altamar V - Private Equity Program 2010, F.C.R (de Régimen Simplificado) | Altamar Global Private Equity Program VIII, FCR",0.0,67521.0180142061,67521.0180142061
H10J_0000907,2025-05,CA-0001-my2025.XLS,1,43,STATE STREET BANK AND TRUST COMPANY,entidad_sin_isin_pendiente,2,49 | 54,EUR | USD,2.8656888413163326e-08,8669.7584097331,8669.7581612848
H10J_0000908,2025-05,CA-0001-my2025.XLS,1,27,JP MORGAN CHASE & CO,entidad_sin_isin_pendiente,4,29 | 31 | 32 | 36,CAD | EUR | GBP | USD,0.0,22522.0461641632,22522.0461641632
H10J_0000909,2025-05,CA-0001-my2025.XLS,1,7,BROWN BROTHERS HARRIMAN & CO.,entidad_sin_isin_pendiente,6,9 | 12 | 13 | 14 | 15 | 19,BRL | COP | EUR | GBP | JPY | USD,2.7147602346483335e-08,9438.597848314701,9438.5975920794
H10J_0000910,2025-06,CA-0001-jn2025.XLS,1,564,PAI Europe VII GP S.à r.l.,entidad_sin_isin_pendiente,2,565 | 566,PAI Europe VII-1 SCSp | PAI Europe VII-1 S.L.P.,0.0,37048.7806777258,37048.7806777258
H10J_0000911,2025-06,CA-0001-jn2025.XLS,1,513,PAI Europe VI General Partner S.A.R.L.,entidad_sin_isin_pendiente,2,514 | 515,PAI Europe VI -1 FPCI | PAI Europe VI -1 SCSP,0.0,42916.1108474777,42916.1108474777
H10J_0000912,2025-06,CA-0001-jn2025.XLS,1,474,"Altamar Capital Privado, S.G.E.C.R.",entidad_sin_isin_pendiente,2,475 | 476,"Altamar V - Private Equity Program 2010, F.C.R (de Régimen Simplificado) | Altamar Global Private Equity Program VIII, FCR",0.0,68502.3009807341,68502.3009807341
H10J_0000913,2025-06,CA-0001-jn2025.XLS,1,43,STATE STREET BANK AND TRUST COMPANY,entidad_sin_isin_pendiente,4,49 | 50 | 53 | 54,EUR | GBP | PEN | USD,4.975897788181513e-09,40400.20726159331,40400.207060566005
H10J_0000914,2025-06,CA-0001-jn2025.XLS,1,27,JP MORGAN CHASE & CO,entidad_sin_isin_pendiente,5,29 | 31 | 32 | 35 | 36,CAD | EUR | GBP | PEN | USD,0.0,16968.3112210176,16968.3112210176
H10J_0000915,2025-07,CA-0001-jl2025.XLS,1,525,PAI Europe VII GP S.à r.l.,entidad_sin_isin_pendiente,2,526 | 527,PAI Europe VII-1 SCSp | PAI Europe VII-1 S.L.P.,0.0,36482.3700172342,36482.3700172342
H10J_0000916,2025-07,CA-0001-jl2025.XLS,1,474,PAI Europe VI General Partner S.A.R.L.,entidad_sin_isin_pendiente,2,475 | 476,PAI Europe VI -1 FPCI | PAI Europe VI -1 SCSP,0.0,42259.9990336424,42259.9990336424
H10J_0000917,2025-07,CA-0001-jl2025.XLS,1,435,"Altamar Capital Privado, S.G.E.C.R.",entidad_sin_isin_pendiente,2,436 | 437,"Altamar V - Private Equity Program 2010, F.C.R (de Régimen Simplificado) | Altamar Global Private Equity Program VIII, FCR",0.0,63213.353784608094,63213.353784608094
H10J_0000918,2025-07,CA-0001-jl2025.XLS,1,43,STATE STREET BANK AND TRUST COMPANY,entidad_sin_isin_pendiente,3,49 | 50 | 54,EUR | GBP | USD,6.732344036072938e-10,13588.7316665826,13588.731657434198
H10J_0000919,2025-07,CA-0001-jl2025.XLS,1,27,JP MORGAN CHASE & CO,entidad_sin_isin_pendiente,4,29 | 31 | 32 | 36,CAD | EUR | GBP | USD,0.0,21214.641667512,21214.641667512
H10J_0000920,2025-07,CA-0001-jl2025.XLS,1,7,BROWN BROTHERS HARRIMAN & CO.,entidad_sin_isin_pendiente,4,13 | 14 | 15 | 19,EUR | GBP | JPY | USD,7.363210621341512e-08,3450.8818684926,3450.8816143968997
H10J_0000921,2025-08,CA-0001-ag2025.XLS,1,522,PAI Europe VII GP S.à r.l.,entidad_sin_isin_pendiente,2,523 | 524,PAI Europe VII-1 SCSp | PAI Europe VII-1 S.L.P.,0.0,33225.2879089391,33225.2879089391
H10J_0000922,2025-08,CA-0001-ag2025.XLS,1,471,PAI Europe VI General Partner S.A.R.L.,entidad_sin_isin_pendiente,2,472 | 473,PAI Europe VI -1 FPCI | PAI Europe VI -1 SCSP,0.0,40736.7894545613,40736.7894545613
H10J_0000923,2025-08,CA-0001-ag2025.XLS,1,432,"Altamar Capital Privado, S.G.E.C.R.",entidad_sin_isin_pendiente,2,433 | 434,"Altamar V - Private Equity Program 2010, F.C.R (de Régimen Simplificado) | Altamar Global Private Equity Program VIII, FCR",1.144210275442509e-16,63589.3399171716,63589.339917171594
H10J_0000924,2025-08,CA-0001-ag2025.XLS,1,44,STATE STREET BANK AND TRUST COMPANY,entidad_sin_isin_pendiente,3,50 | 51 | 55,EUR | GBP | USD,3.8118150216070664e-10,23761.1247179957,23761.124708938398
H10J_0000925,2025-08,CA-0001-ag2025.XLS,1,28,JP MORGAN CHASE & CO,entidad_sin_isin_pendiente,4,30 | 32 | 33 | 37,CAD | EUR | GBP | USD,0.0,29293.9292766692,29293.9292766692
H10J_0000926,2025-08,CA-0001-ag2025.XLS,1,7,BROWN BROTHERS HARRIMAN & CO.,entidad_sin_isin_pendiente,3,8 | 14 | 19,AUD | GBP | USD,1.91093439310959e-07,3456.6000913815997,3456.599430848
H10J_0000927,2025-09,CA-0001-se2025.XLS,1,525,PAI Europe VII GP S.à r.l.,entidad_sin_isin_pendiente,2,526 | 527,PAI Europe VII-1 SCSp | PAI Europe VII-1 S.L.P.,0.0,32788.1548970169,32788.1548970169
H10J_0000928,2025-09,CA-0001-se2025.XLS,1,474,PAI Europe VI General Partner S.A.R.L.,entidad_sin_isin_pendiente,2,475 | 476,PAI Europe VI -1 FPCI | PAI Europe VI -1 SCSP,0.0,40200.830352593,40200.830352593
H10J_0000929,2025-09,CA-0001-se2025.XLS,1,435,"Altamar Capital Privado, S.G.E.C.R.",entidad_sin_isin_pendiente,2,436 | 437,"Altamar V - Private Equity Program 2010, F.C.R (de Régimen Simplificado) | Altamar Global Private Equity Program VIII, FCR",0.0,62752.7181319722,62752.7181319722
H10J_0000930,2025-09,CA-0001-se2025.XLS,1,44,STATE STREET BANK AND TRUST COMPANY,entidad_sin_isin_pendiente,2,50 | 55,EUR | USD,8.569045886040887e-10,10408.7412339511,10408.741225031801
H10J_0000931,2025-09,CA-0001-se2025.XLS,1,28,JP MORGAN CHASE & CO,entidad_sin_isin_pendiente,4,30 | 32 | 33 | 37,CAD | EUR | GBP | USD,2.1218570024214518e-16,34290.5181917544,34290.518191754396
H10J_0000932,2025-09,CA-0001-se2025.XLS,1,7,BROWN BROTHERS HARRIMAN & CO.,entidad_sin_isin_pendiente,4,8 | 14 | 19 | 21,AUD | GBP | USD | CHF,5.432711406421903e-07,1883.1000277233,1883.0990046893999
H10J_0000933,2025-10,CA-0001-oc2025.XLS,1,531,PAI Europe VII GP S.à r.l.,entidad_sin_isin_pendiente,2,532 | 533,PAI Europe VII-1 SCSp | PAI Europe VII-1 S.L.P.,0.0,31226.5659226507,31226.5659226507
H10J_0000934,2025-10,CA-0001-oc2025.XLS,1,480,PAI Europe VI General Partner S.A.R.L.,entidad_sin_isin_pendiente,2,481 | 482,PAI Europe VI -1 FPCI | PAI Europe VI -1 SCSP,0.0,38286.2007055102,38286.2007055102
H10J_0000935,2025-10,CA-0001-oc2025.XLS,1,441,"Altamar Capital Privado, S.G.E.C.R.",entidad_sin_isin_pendiente,2,442 | 443,"Altamar V - Private Equity Program 2010, F.C.R (de Régimen Simplificado) | Altamar Global Private Equity Program VIII, FCR",0.0,52094.775280629,52094.775280629
H10J_0000936,2025-10,CA-0001-oc2025.XLS,1,44,STATE STREET BANK AND TRUST COMPANY,entidad_sin_isin_pendiente,3,50 | 54 | 55,EUR | PEN | USD,9.899781100050474e-10,8750.4952924144,8750.495283751601
H10J_0000937,2025-10,CA-0001-oc2025.XLS,1,28,JP MORGAN CHASE & CO,entidad_sin_isin_pendiente,4,30 | 32 | 33 | 37,CAD | EUR | GBP | USD,0.0,104047.9800587203,104047.9800587203
H10J_0000938,2025-10,CA-0001-oc2025.XLS,1,7,BROWN BROTHERS HARRIMAN & CO.,entidad_sin_isin_pendiente,6,8 | 10 | 13 | 14 | 19 | 21,AUD | CAD | EUR | GBP | USD | CHF,9.110123625745539e-07,388.7222770706,388.7219229398
H10J_0000939,2025-11,CA-0001-no2025.XLS,1,522,PAI Europe VII GP S.à r.l.,entidad_sin_isin_pendiente,2,523 | 524,PAI Europe VII-1 SCSp | PAI Europe VII-1 S.L.P.,1.1590726149889138e-16,31386.9792111904,31386.979211190403
H10J_0000940,2025-11,CA-0001-no2025.XLS,1,470,PAI Europe VI General Partner S.A.R.L.,entidad_sin_isin_pendiente,2,471 | 472,PAI Europe VI -1 FPCI | PAI Europe VI -1 SCSP,0.0,38482.8798849011,38482.8798849011
H10J_0000941,2025-11,CA-0001-no2025.XLS,1,431,"Altamar Capital Privado, S.G.E.C.R.",entidad_sin_isin_pendiente,2,432 | 433,"Altamar V - Private Equity Program 2010, F.C.R (de Régimen Simplificado) | Altamar Global Private Equity Program VIII, FCR",1.389538863585377e-16,52362.39017748331,52362.3901774833
H10J_0000942,2025-11,CA-0001-no2025.XLS,1,44,STATE STREET BANK AND TRUST COMPANY,entidad_sin_isin_pendiente,2,50 | 55,EUR | USD,9.41814594676705e-10,9169.6388158985,9169.6388072624
H10J_0000943,2025-11,CA-0001-no2025.XLS,1,28,JP MORGAN CHASE & CO,entidad_sin_isin_pendiente,4,30 | 32 | 33 | 37,CAD | EUR | GBP | USD,1.945880811152262e-16,37391.5893125794,37391.589312579395
H10J_0000944,2025-11,CA-0001-no2025.XLS,1,7,BROWN BROTHERS HARRIMAN & CO.,entidad_sin_isin_pendiente,8,8 | 10 | 13 | 14 | 15 | 19 | 21 | 24,AUD | CAD | EUR | GBP | JPY | USD | CHF | NOK,1.2806811786885252e-16,3550.8240337548,3550.8240337547995
H10J_0000945,2025-12,CA-0001-di2025.XLS,1,511,PAI Europe VII GP S.à r.l.,entidad_sin_isin_pendiente,2,512 | 513,PAI Europe VII-1 SCSp | PAI Europe VII-1 S.L.P.,1.1751307821610628e-16,30958.0760058168,30958.076005816798
H10J_0000946,2025-12,CA-0001-di2025.XLS,1,459,PAI Europe VI General Partner S.A.R.L.,entidad_sin_isin_pendiente,2,460 | 461,PAI Europe VI -1 FPCI | PAI Europe VI -1 SCSP,0.0,35985.0030560136,35985.0030560136
H10J_0000947,2025-12,CA-0001-di2025.XLS,1,420,"Altamar Capital Privado, S.G.E.C.R.",entidad_sin_isin_pendiente,2,421 | 422,"Altamar V - Private Equity Program 2010, F.C.R (de Régimen Simplificado) | Altamar Global Private Equity Program VIII, FCR",0.0,52981.523695488,52981.523695488
H10J_0000948,2025-12,CA-0001-di2025.XLS,1,44,STATE STREET BANK AND TRUST COMPANY,entidad_sin_isin_pendiente,3,50 | 54 | 55,EUR | PEN | USD,9.489575426847876e-10,9101.0392498295,9101.039241193
H10J_0000949,2025-12,CA-0001-di2025.XLS,1,28,JP MORGAN CHASE & CO,entidad_sin_isin_pendiente,5,30 | 32 | 33 | 36 | 37,CAD | EUR | GBP | PEN | USD,0.0,47119.9845677598,47119.9845677598
H10J_0000950,2025-12,CA-0001-di2025.XLS,1,7,BROWN BROTHERS HARRIMAN & CO.,entidad_sin_isin_pendiente,9,8 | 10 | 13 | 14 | 15 | 19 | 21 | 24 | 25,AUD | CAD | EUR | GBP | JPY | USD | CHF | NOK | ZAR,1.0236167124741298e-18,6941.4921337371,6941.4921337371
H10J_0000951,2026-01,CA-0001-en2026.XLS,1,514,PAI Europe VII GP S.à r.l.,entidad_sin_isin_pendiente,2,515 | 516,PAI Europe VII-1 SCSp | PAI Europe VII-1 S.L.P.,0.0,31369.619655019,31369.619655019
H10J_0000952,2026-01,CA-0001-en2026.XLS,1,462,PAI Europe VI General Partner S.A.R.L.,entidad_sin_isin_pendiente,2,463 | 464,PAI Europe VI -1 FPCI | PAI Europe VI -1 SCSP,1.9954154273964465e-16,36463.37256035381,36463.372560353804
H10J_0000953,2026-01,CA-0001-en2026.XLS,1,423,"Altamar Capital Privado, S.G.E.C.R.",entidad_sin_isin_pendiente,2,424 | 425,"Altamar V - Private Equity Program 2010, F.C.R (de Régimen Simplificado) | Altamar Global Private Equity Program VIII, FCR",1.416417699997393e-16,51368.7284068592,51368.728406859205
H10J_0000954,2026-01,CA-0001-en2026.XLS,1,44,STATE STREET BANK AND TRUST COMPANY,entidad_sin_isin_pendiente,3,50 | 51 | 55,EUR | GBP | USD,1.1547081548639637e-10,74677.628093396,74677.6280847729
H10J_0000955,2026-01,CA-0001-en2026.XLS,1,28,JP MORGAN CHASE & CO,entidad_sin_isin_pendiente,4,30 | 32 | 33 | 37,CAD | EUR | GBP | USD,1.190697055328298e-16,61106.7070471364,61106.707047136406
H10J_0000956,2026-01,CA-0001-en2026.XLS,1,7,BROWN BROTHERS HARRIMAN & CO.,entidad_sin_isin_pendiente,9,8 | 10 | 13 | 14 | 15 | 19 | 21 | 24 | 25,AUD | CAD | EUR | GBP | JPY | USD | CHF | NOK | ZAR,1.0258334571655359e-16,554.1193696087,554.1193696087001
