identificador_agregacion,identificador_canonico,ticker,ticker_base,name,securityType,securityType2,marketSector,exchCode,estado_identidad_final,tipo_identificador,entidad_administradora,moneda,primera_fecha,ultima_fecha,meses_presentes,afp_presentes,peso_max_total_fondo_pct,peso_mediano_total_fondo_pct,peso_max_exterior_pct,vehiculo,confianza_vehiculo,tipo_activo,confianza_tipo_activo,region_exposicion_preliminar,confianza_region,sector_tema_preliminar,confianza_sector,indice_referencia_preliminar,confianza_indice,factor_proxy_mercado,confianza_factor_proxy,razon_factor_proxy,ticker_base_refinado,texto_economico,factor_proxy_original,region_original,sector_original,indice_original,confianza_factor_original,regla_refinamiento,cambio_factor,cambio_region,cambio_sector
BBG000097537,XS0246220379,JPM 8.12 03/06/18 MXN,JPM812030618MXN,JPMORGAN CHASE & CO,EURO MTN,Corp,Corp,MEXICO,openfigi_validado,isin,JPMC&CO,MXN,2015-01-30,2018-02-28,38,2,0.0485634093587444,0.0328463610880312,0.0769598334216124,otro_o_no_determinado,baja,renta_variable,baja,Europa,media,Mercado amplio,media,No determinado,media,VGK,media,regla textual: \bEUROPE\b|\bEURO\b|CONT EUR|EUROPEAN,JPM812030618MXN,JPM 8 12 03 06 18 MXN JPMORGAN CHASE CO EURO MTN CORP CORP,RESIDUAL_NO_MAPEADO,No determinado,Mercado amplio o no determinado,No determinado,baja,nombre::\bEUROPE\b|\bEURO\b|CONT EUR|EUROPEAN,True,True,True
BBG0000GXRP0,US59022CAP86,BAC 10.71 03/08/17 BRL$,BAC1071030817BRL,BANK OF AMERICA CORP,GLOBAL,Corp,Corp,LONDON,openfigi_validado,isin,M. LYNCH & CO,BRL,2015-01-30,2017-02-28,26,1,0.0358408391453051,0.0307516890740599,0.0631296461571445,otro_o_no_determinado,baja,renta_variable,baja,No determinado,media,Finanzas,media,No determinado,media,XLF,media,regla textual: \bBANKS?\b|FINANCIAL,BAC1071030817BRL,BAC 10 71 03 08 17 BRL BANK OF AMERICA CORP GLOBAL CORP CORP,XLF,Global,Finanzas,No determinado,media,nombre::\bBANKS?\b|FINANCIAL,False,True,False
BBG001DPCKM5,USP3703CAA82,EMGSA 8.75 01/25/21 REGS,EMGSA875012521REGS,EMGESA SA ESP,EURO NON-DOLLAR,Corp,Corp,EUROMTF,openfigi_validado,isin,Emgesa,COP,2015-01-30,2020-04-30,64,1,0.0579682915044665,0.0501998080490468,0.1127921411828328,otro_o_no_determinado,baja,renta_variable,baja,Europa,media,Mercado amplio,media,No determinado,media,VGK,media,regla textual: \bEUROPE\b|\bEURO\b|CONT EUR|EUROPEAN,EMGSA875012521REGS,EMGSA 8 75 01 25 21 REGS EMGESA SA ESP EURO NON DOLLAR CORP CORP,RESIDUAL_NO_MAPEADO,No determinado,Mercado amplio o no determinado,No determinado,baja,nombre::\bEUROPE\b|\bEURO\b|CONT EUR|EUROPEAN,True,True,True
BBG001F5RFS6,USP9379RAB35,EEPPME 8.375 02/01/21 REGS,EEPPME8375020121REGS,EMPRESAS PUBLIC MEDELLIN,EURO NON-DOLLAR,Corp,Corp,LUXEMBOURG,openfigi_validado,isin,EP Medellin,COP,2015-01-30,2019-06-28,54,3,0.1336207079242742,0.0789686442667048,0.215916184095445,otro_o_no_determinado,baja,renta_variable,baja,Europa,media,Mercado amplio,media,No determinado,media,VGK,media,regla textual: \bEUROPE\b|\bEURO\b|CONT EUR|EUROPEAN,EEPPME8375020121REGS,EEPPME 8 375 02 01 21 REGS EMPRESAS PUBLIC MEDELLIN EURO NON DOLLAR CORP CORP,RESIDUAL_NO_MAPEADO,No determinado,Mercado amplio o no determinado,No determinado,baja,nombre::\bEUROPE\b|\bEURO\b|CONT EUR|EUROPEAN,True,True,True
BBG001KFNL27,USP16259AB20,BBVASM 6.5 03/10/21 REGS,BBVASM65031021REGS,BBVA BANCOMER SA TEXAS,EURO-DOLLAR,Corp,Corp,LUXEMBOURG,openfigi_validado,isin,Bancomer,USD,2015-01-30,2018-07-31,43,1,0.2062757682547008,0.1453897873062269,0.3259849683173175,otro_o_no_determinado,baja,renta_variable,baja,Europa,media,Mercado amplio,media,No determinado,media,VGK,media,regla textual: \bEUROPE\b|\bEURO\b|CONT EUR|EUROPEAN,BBVASM65031021REGS,BBVASM 6 5 03 10 21 REGS BBVA BANCOMER SA TEXAS EURO DOLLAR CORP CORP,RESIDUAL_NO_MAPEADO,No determinado,Mercado amplio o no determinado,No determinado,baja,nombre::\bEUROPE\b|\bEURO\b|CONT EUR|EUROPEAN,True,True,True
BBG001S56D46,US46429B6719,MCHI,MCHI,ISHARES MSCI CHINA ETF,ETP,Mutual Fund,Equity,US,openfigi_validado,isin,BlackRock USA,USD,2018-01-31,2025-11-28,93,3,5.150935507084771,0.8899200726580079,12.332488750397037,etf_etp,alta,renta_variable,alta,China,alta,Mercado amplio,alta,MSCI China,alta,MCHI,alta,regla exacta de ticker MCHI,MCHI,MCHI ISHARES MSCI CHINA ETF ETP MUTUAL FUND EQUITY,MCHI,China,Mercado amplio o no determinado,MSCI China,alta,ticker::MCHI,False,False,True
BBG001S71N72,US2332038437,DFSTX,DFSTX,DFA US SMALL CAP PORTFOLIO,Open-End Fund,Mutual Fund,Equity,US,openfigi_validado,isin,DIMENSIONAL,USD,2015-02-27,2015-03-31,2,1,1.2971869732718853,1.2802699914942963,2.18328188139274,fondo_mutuo_o_abierto,media,renta_variable,alta,Estados Unidos,media,Mercado amplio,media,S&P 500 o mercado amplio de EE. UU.,media,SPY,media,regla textual: S P 500|S&P 500|US EQUITY|US RES EQ|USA EQUITY|US CORE EQUITY|US SMALL CAP,DFSTX,DFSTX DFA US SMALL CAP PORTFOLIO OPEN END FUND MUTUAL FUND EQUITY,RESIDUAL_NO_MAPEADO,No determinado,Pequeña capitalización,No determinado,baja,nombre::S P 500|S&P 500|US EQUITY|US RES EQ|USA EQUITY|US CORE EQUITY|US SMALL CAP,True,True,True
BBG001S72SM3,US78462F1030,SPY,SPY,SS SPDR S&P 500 ETF TRUST-US,ETP,Mutual Fund,Equity,US,openfigi_validado,isin,STATE ST BANK,USD,2015-01-30,2025-12-31,118,4,12.511238656661591,0.7091929967040337,22.137735672377868,etf_etp,alta,renta_variable,alta,Estados Unidos,alta,Mercado amplio,alta,S&P 500,alta,SPY,alta,regla exacta de ticker SPY,SPY,SPY SS SPDR S P 500 ETF TRUST US ETP MUTUAL FUND EQUITY,SPY,Estados Unidos,Finanzas,S&P 500,alta,ticker::SPY,False,False,True
BBG001S7R733,US81369Y1001,XLB,XLB,SS MATERIALS SELECT SECTOR,ETP,Mutual Fund,Equity,XH,openfigi_validado,isin,STATE ST BANK,USD,2015-01-30,2021-02-26,66,2,0.4693571195830905,0.0159378671497583,0.8122614245289964,etf_etp,alta,renta_variable,alta,Estados Unidos,alta,Materiales,alta,Materials Select Sector,alta,XLB,alta,regla exacta de ticker XLB,XLB,XLB SS MATERIALS SELECT SECTOR ETP MUTUAL FUND EQUITY,XLB,Estados Unidos,Finanzas,No determinado,alta,ticker::XLB,False,False,True
BBG001S7RSN5,US4642873412,IXCUSD,IXC,ISHARES GLOBAL ENERGY ETF,ETP,Mutual Fund,Equity,X2,openfigi_validado,isin,BlackRock USA,USD,2022-05-31,2023-12-29,20,1,3.797686691541957,0.9171056221963212,8.762687365685832,etf_etp,alta,renta_variable,alta,No determinado,media,Energía,media,No determinado,media,XLE,media,regla textual: \bENERGY\b|OIL SERVICE|OIL GAS|PETROLEUM,IXC,IXCUSD ISHARES GLOBAL ENERGY ETF ETP MUTUAL FUND EQUITY,XLE,Global,Energía,No determinado,media,nombre::\bENERGY\b|OIL SERVICE|OIL GAS|PETROLEUM,False,True,False
BBG001S7SCQ6,US81369Y2090,XLVUSD,XLV,SS HEALTH CARE SELECT SECTOR,ETP,Mutual Fund,Equity,XH,openfigi_validado,isin,STATE ST BANK,USD,2015-01-30,2026-01-30,86,3,3.615643974072988,0.9981353184071678,5.76316727252905,etf_etp,alta,renta_variable,alta,Estados Unidos,alta,Salud,alta,Health Care Select Sector,alta,XLV,alta,regla exacta de ticker XLV,XLV,XLVUSD SS HEALTH CARE SELECT SECTOR ETP MUTUAL FUND EQUITY,XLV,Estados Unidos,Finanzas,No determinado,alta,ticker::XLV,False,False,True
BBG001S7T107,US81369Y3080,XLPUSD,XLP,SS CONSUMER STAPLES SEL SECT,ETP,Mutual Fund,Equity,XH,openfigi_validado,isin,STATE ST BANK,USD,2015-01-30,2025-02-28,83,4,4.223981337282775,0.0954062236581669,6.505491492215001,etf_etp,alta,renta_variable,alta,Estados Unidos,alta,Consumo básico,alta,Consumer Staples Select Sector,alta,XLP,alta,regla exacta de ticker XLP,XLP,XLPUSD SS CONSUMER STAPLES SEL SECT ETP MUTUAL FUND EQUITY,XLP,No determinado,Finanzas,No determinado,alta,ticker::XLP,False,True,True
BBG001S7T232,US81369Y7040,XLI,XLI,SS INDUSTRIAL SELECT SECTOR,ETP,Mutual Fund,Equity,XH,openfigi_validado,isin,STATE ST BANK,USD,2015-01-30,2025-02-28,103,4,4.2432622455326925,0.379889946082113,7.103909197901531,etf_etp,alta,renta_variable,alta,Estados Unidos,alta,Industriales,alta,Industrial Select Sector,alta,XLI,alta,regla exacta de ticker XLI,XLI,XLI SS INDUSTRIAL SELECT SECTOR ETP MUTUAL FUND EQUITY,XLI,Estados Unidos,Finanzas,No determinado,alta,ticker::XLI,False,False,True
BBG001S7TD56,US81369Y8865,XLU,XLU,ST SR UTL SL SE SPDR ETF-USD,ETP,Mutual Fund,Equity,XH,openfigi_validado,isin,STATE ST BANK,USD,2015-01-30,2024-11-29,46,4,3.1226427277092528,0.0562643114771867,5.229020044536947,etf_etp,alta,renta_variable,alta,Estados Unidos,alta,Servicios públicos,alta,Utilities Select Sector,alta,SPY,alta,regla exacta de ticker XLU,XLU,XLU ST SR UTL SL SE SPDR ETF USD ETP MUTUAL FUND EQUITY,XLF,No determinado,Finanzas,No determinado,media,ticker::XLU,True,True,True
BBG001S7Y5Q4,DE0006289309,SX7EEGBX,SX7EE,ISHARES EURO STOXX BANKS 30-,ETP,Mutual Fund,Equity,X2,openfigi_validado,isin,BlackRock AMAG,EUR,2017-07-31,2026-01-30,55,3,3.474402448230517,1.0469159135019634,5.827122763654454,etf_etp,alta,renta_variable,alta,Eurozona,alta,Bancos,alta,EURO STOXX Banks,alta,VGK,alta,regla exacta de ticker SX7EE,SX7EE,SX7EEGBX ISHARES EURO STOXX BANKS 30 ETP MUTUAL FUND EQUITY,RESIDUAL_NO_MAPEADO,No determinado,Mercado amplio o no determinado,No determinado,baja,ticker::SX7EE,True,True,True
BBG001S8LH99,US78467X1090,DIAGBX,DIA,SS SPDR DOW JONES INDUS AVG,ETP,Mutual Fund,Equity,XH,openfigi_validado,isin,STATE ST BANK,USD,2020-11-30,2020-12-31,2,1,0.4285274755999252,0.2917706008100003,0.7416023391523091,etf_etp,alta,renta_variable,alta,No determinado,baja,Mercado amplio o no determinado,baja,No determinado,baja,XLF,media,sector o tema Finanzas,DIA,DIAGBX SS SPDR DOW JONES INDUS AVG ETP MUTUAL FUND EQUITY,XLF,No determinado,Finanzas,No determinado,media,elimina_sector_por_custodio,False,False,True
BBG001S8X5F5,US51817R1068,LTM1GBP,LTM1,LATAM AIRLINES GROUP-SP ADR,ADR,Depositary Receipt,Equity,EU,openfigi_validado,isin,LAN,USD,2015-01-30,2015-03-31,3,2,0.4802705313793116,0.3657359503391119,0.838074293270346,accion_directa,media,renta_variable,alta,América Latina,media,Mercado amplio,media,No determinado,media,ILF,media,regla textual: LATIN AMERICA|LATINOAMERI|\bLATAM\b,LTM1,LTM1GBP LATAM AIRLINES GROUP SP ADR ADR DEPOSITARY RECEIPT EQUITY,ILF,América Latina,Mercado amplio o no determinado,No determinado,media,nombre::LATIN AMERICA|LATINOAMERI|\bLATAM\b,False,False,True
BBG001S9GN63,US46090E1038,QQQ,QQQ,INVESCO QQQ TRUST SERIES 1,ETP,Mutual Fund,Equity,US,openfigi_validado,isin,BANK NEW YORK,USD,2018-06-29,2026-01-30,57,3,9.730377165029669,0.9618550039317012,17.37108364172959,etf_etp,alta,renta_variable,alta,Estados Unidos,alta,Tecnología y crecimiento,alta,Nasdaq-100,alta,QQQ,alta,regla exacta de ticker QQQ,QQQ,QQQ INVESCO QQQ TRUST SERIES 1 ETP MUTUAL FUND EQUITY,QQQ,Estados Unidos,Finanzas,Nasdaq-100,alta,ticker::QQQ,False,False,True
BBG001S9YR37,LU0050381036,WMPUSEA,WMPUSEA,WL MG LX IIISI-US RES EQ-SUA,Open-End Fund,Mutual Fund,Equity,LX,openfigi_validado,isin,Wellington Luxe,USD,2016-01-29,2025-07-31,115,1,6.363961864670167,0.7057033782112333,10.088147680758553,fondo_mutuo_o_abierto,media,renta_variable,alta,Estados Unidos,media,Mercado amplio,media,S&P 500 o mercado amplio de EE. UU.,media,SPY,media,regla textual: S P 500|S&P 500|US EQUITY|US RES EQ|USA EQUITY|US CORE EQUITY|US SMALL CAP,WMPUSEA,WMPUSEA WL MG LX IIISI US RES EQ SUA OPEN END FUND MUTUAL FUND EQUITY,RESIDUAL_NO_MAPEADO,No determinado,Mercado amplio o no determinado,No determinado,baja,nombre::S P 500|S&P 500|US EQUITY|US RES EQ|USA EQUITY|US CORE EQUITY|US SMALL CAP,True,True,True
BBG001SB12P9,US78468R5569,XOP,XOP,SS SPDR S&P OG EXP & PROD,ETP,Mutual Fund,Equity,US,openfigi_validado,isin,State Street GA,USD,2015-06-30,2024-09-30,49,3,3.145301395143481,0.5574685975352209,7.422398236968757,etf_etp,alta,renta_variable,alta,Estados Unidos,alta,Exploración y producción,alta,Oil & Gas Exploration,alta,XLE,alta,regla exacta de ticker XOP,XOP,XOP SS SPDR S P OG EXP PROD ETP MUTUAL FUND EQUITY,XLE,Estados Unidos,Exploración y producción de petróleo y gas,No determinado,alta,ticker::XOP,False,False,True
BBG001SBJFP1,LU0106243982,SCHJSCA,SCHJSCA,SCHRODER INTL JPN SM CO-C AC,Open-End Fund,Mutual Fund,Equity,LX,openfigi_validado,isin,SCHRODER,JPY,2015-01-30,2015-06-30,6,1,0.9713838905261788,0.9221027365197922,1.5394400951623688,fondo_mutuo_o_abierto,media,renta_variable,alta,Japón,media,Mercado amplio,media,No determinado,media,EWJ,media,regla textual: \bJAPAN\b|\bJPN\b|JAPANESE,SCHJSCA,SCHJSCA SCHRODER INTL JPN SM CO C AC OPEN END FUND MUTUAL FUND EQUITY,RESIDUAL_NO_MAPEADO,No determinado,Mercado amplio o no determinado,No determinado,baja,nombre::\bJAPAN\b|\bJPN\b|JAPANESE,True,True,True
BBG001SBLRL6,IE0030395846,PBIJEGI,PBIJEGI,PBI-JPN SM CAP EQUITY FUN-Y,Open-End Fund,Mutual Fund,Equity,ID,openfigi_validado,isin,PineBridge inve,USD,2018-06-29,2022-06-30,49,2,0.991513929681172,0.5598251518999674,1.63493659126807,fondo_mutuo_o_abierto,media,renta_variable,alta,Japón,media,Mercado amplio,media,No determinado,media,EWJ,media,regla textual: \bJAPAN\b|\bJPN\b|JAPANESE,PBIJEGI,PBIJEGI PBI JPN SM CAP EQUITY FUN Y OPEN END FUND MUTUAL FUND EQUITY,RESIDUAL_NO_MAPEADO,No determinado,Mercado amplio o no determinado,No determinado,baja,nombre::\bJAPAN\b|\bJPN\b|JAPANESE,True,True,True
BBG001SCPX28,US78463V1070,GLD1GBX,GLD1,SPDR GOLD SHARES,ETP,Mutual Fund,Equity,X2,openfigi_validado,isin,STATE ST BANK,USD,2015-02-27,2022-07-29,67,3,2.2663416794499303,7.731416796253324e-05,3.585612664491547,etf_etp,alta,renta_variable,media,No determinado,baja,Mercado amplio o no determinado,baja,No determinado,baja,XLF,media,sector o tema Finanzas,GLD1,GLD1GBX SPDR GOLD SHARES ETP MUTUAL FUND EQUITY,XLF,No determinado,Finanzas,No determinado,media,elimina_sector_por_custodio,False,False,True
BBG001SD49Q6,GB0006014921,BGFJSBI,BGFJSBI,BAILLIE GIFFORD JPN SM-B-ACC,Open-End Fund,Mutual Fund,Equity,LN,openfigi_validado,isin,Baillie Gifford,GBP,2019-01-31,2026-01-30,85,2,2.924588659792432,0.0006532823334812,5.243849837086209,fondo_mutuo_o_abierto,media,renta_variable,alta,Japón,media,Mercado amplio,media,No determinado,media,EWJ,media,regla textual: \bJAPAN\b|\bJPN\b|JAPANESE,BGFJSBI,BGFJSBI BAILLIE GIFFORD JPN SM B ACC OPEN END FUND MUTUAL FUND EQUITY,RESIDUAL_NO_MAPEADO,No determinado,Mercado amplio o no determinado,No determinado,baja,nombre::\bJAPAN\b|\bJPN\b|JAPANESE,True,True,True
BBG001SD4QY9,LU0129914015,GSEMKDI,GSEMKDI,GS EMRG MKT DEBT PT I,Open-End Fund,Mutual Fund,Equity,LX,openfigi_validado,isin,GOLDMAN,USD,2016-04-29,2017-04-28,13,1,0.1510319503584859,0.1409256715963262,0.2674106219360732,fondo_mutuo_o_abierto,media,renta_fija,alta,No determinado,baja,Renta fija,baja,No determinado,baja,LQD,baja,regla textual: \bDEBT\b|\bDEUDA\b|\bBOND\b|\bCREDIT\b|FIXED INCOME,GSEMKDI,GSEMKDI GS EMRG MKT DEBT PT I OPEN END FUND MUTUAL FUND EQUITY,LQD,No determinado,Mercado amplio o no determinado,No determinado,baja,nombre::\bDEBT\b|\bDEUDA\b|\bBOND\b|\bCREDIT\b|FIXED INCOME,False,False,True
BBG001SD72G9,LU0100600369,INVPGCC,INVPGCC,INVESCO GRTER CHINA EQTY-C,Open-End Fund,Mutual Fund,Equity,LX,openfigi_validado,isin,INVESCO,USD,2015-01-30,2015-07-31,7,1,1.3821253959999946,0.4821664165695773,2.1902939198148967,fondo_mutuo_o_abierto,media,renta_variable,alta,China,media,Mercado amplio,media,No determinado,media,MCHI,media,regla textual: \bCHINA\b|CHIN EQ|CHINA A,INVPGCC,INVPGCC INVESCO GRTER CHINA EQTY C OPEN END FUND MUTUAL FUND EQUITY,MCHI,China,Mercado amplio o no determinado,No determinado,media,nombre::\bCHINA\b|CHIN EQ|CHINA A,False,False,True
BBG001SDGK15,LU0103813712,JPMULCD,JPMULCD,JPM USD LIQ LVNAV-INST DIST,Open-End Fund,Mutual Fund,Equity,LX,openfigi_validado,isin,JP MORGAN ASSET,USD,2017-12-29,2020-02-28,8,1,4.641893767977312,0.948561210092064,9.613000789962951,fondo_mutuo_o_abierto,media,liquidez,alta,Global,media,Liquidez y equivalentes,media,No determinado,media,RESIDUAL_NO_MAPEADO,media,regla textual: \bLIQUIDITY\b|\bLIQUID\b|\bMONEY MARKET\b|\bLVNAV\b|\bCASH\b,JPMULCD,JPMULCD JPM USD LIQ LVNAV INST DIST OPEN END FUND MUTUAL FUND EQUITY,RESIDUAL_NO_MAPEADO,No determinado,Mercado amplio o no determinado,No determinado,baja,nombre::\bLIQUIDITY\b|\bLIQUID\b|\bMONEY MARKET\b|\bLVNAV\b|\bCASH\b,False,True,True
BBG001SDQXK5,LU0106235459,ZPJC,ZPJC,SCHRODER INTL EURO EQT-C ACC,Open-End Fund,Mutual Fund,Equity,GR,openfigi_validado,isin,SCHRODER,EUR,2016-09-30,2019-05-31,33,1,2.146814671512034,1.972634795402678,3.5501975351794792,fondo_mutuo_o_abierto,media,renta_variable,alta,Europa,media,Mercado amplio,media,No determinado,media,VGK,media,regla textual: \bEUROPE\b|\bEURO\b|CONT EUR|EUROPEAN,ZPJC,ZPJC SCHRODER INTL EURO EQT C ACC OPEN END FUND MUTUAL FUND EQUITY,RESIDUAL_NO_MAPEADO,No determinado,Mercado amplio o no determinado,No determinado,baja,nombre::\bEUROPE\b|\bEURO\b|CONT EUR|EUROPEAN,True,True,True
BBG001SDQZC9,LU0106259988,SRVB,SRVB,SISF-ASIAN OPPORT-CAC,Open-End Fund,Mutual Fund,Equity,GR,openfigi_validado,isin,SCHRODER,USD,2015-01-30,2026-01-30,133,2,3.4607746381939046,1.2101563318711792,6.742530857690783,fondo_mutuo_o_abierto,media,renta_variable,alta,Mercados emergentes,media,Mercado amplio,media,No determinado,media,EEM,media,regla textual: EMERGING MARKET|EM MRK|EM ASIA|EMERG MKT|ASIAN OPPORT,SRVB,SRVB SISF ASIAN OPPORT CAC OPEN END FUND MUTUAL FUND EQUITY,RESIDUAL_NO_MAPEADO,No determinado,Mercado amplio o no determinado,No determinado,baja,nombre::EMERGING MARKET|EM MRK|EM ASIA|EMERG MKT|ASIAN OPPORT,True,True,True
BBG001SDV8V2,LU0106820292,SCHEMCA,SCHEMCA,SCHRODER INTL EMG EUROPE-CAC,Open-End Fund,Mutual Fund,Equity,LX,openfigi_validado,isin,SCHRODER,EUR,2017-11-30,2026-01-30,62,3,1.642828412885836,0.8216809703623915,3.7041002009493873,fondo_mutuo_o_abierto,media,renta_variable,alta,Europa,media,Mercado amplio,media,No determinado,media,VGK,media,regla textual: \bEUROPE\b|\bEURO\b|CONT EUR|EUROPEAN,SCHEMCA,SCHEMCA SCHRODER INTL EMG EUROPE CAC OPEN END FUND MUTUAL FUND EQUITY,VGK,Europa,Mercado amplio o no determinado,No determinado,media,nombre::\bEUROPE\b|\bEURO\b|CONT EUR|EUROPEAN,False,False,True
BBG001SDYDS2,LU0067412154,UBFP,UBFP,UBS L EQ-CHINA OPP USD-P,Open-End Fund,Mutual Fund,Equity,GR,openfigi_validado,isin,UBS,USD,2015-01-30,2020-04-30,64,3,3.0488525250039085,1.351406138488036,5.963347550608995,fondo_mutuo_o_abierto,media,renta_variable,alta,China,media,Mercado amplio,media,No determinado,media,MCHI,media,regla textual: \bCHINA\b|CHIN EQ|CHINA A,UBFP,UBFP UBS L EQ CHINA OPP USD P OPEN END FUND MUTUAL FUND EQUITY,MCHI,China,Mercado amplio o no determinado,No determinado,media,nombre::\bCHINA\b|CHIN EQ|CHINA A,False,False,True
BBG001SDYLD0,LU0080998981,PIMY,PIMY,PICTET-JAPAN EQ SELECT-I YEN,Open-End Fund,Mutual Fund,Equity,GR,openfigi_validado,isin,Pic Asset Ma Eu,JPY,2015-01-30,2016-05-31,17,2,1.195790193056168,0.9791840675230504,1.8291833109320847,fondo_mutuo_o_abierto,media,renta_variable,alta,Japón,media,Mercado amplio,media,No determinado,media,EWJ,media,regla textual: \bJAPAN\b|\bJPN\b|JAPANESE,PIMY,PIMY PICTET JAPAN EQ SELECT I YEN OPEN END FUND MUTUAL FUND EQUITY,EWJ,Japón,Mercado amplio o no determinado,No determinado,media,nombre::\bJAPAN\b|\bJPN\b|JAPANESE,False,False,True
BBG001SF3312,IE0007292422,VANSTOC,VANSTOC,VANGUARD-JPN STK IND-USD ACC,Open-End Fund,Mutual Fund,Equity,ID,openfigi_validado,isin,Vanguard Grp Ir,USD,2018-06-29,2020-01-31,20,1,4.113828026466735,1.5993251180215349,6.955884931348931,fondo_mutuo_o_abierto,media,renta_variable,alta,Japón,media,Mercado amplio,media,No determinado,media,EWJ,media,regla textual: \bJAPAN\b|\bJPN\b|JAPANESE,VANSTOC,VANSTOC VANGUARD JPN STK IND USD ACC OPEN END FUND MUTUAL FUND EQUITY,RESIDUAL_NO_MAPEADO,No determinado,Mercado amplio o no determinado,No determinado,baja,nombre::\bJAPAN\b|\bJPN\b|JAPANESE,True,True,True
BBG001SF7N50,LU0149084476,MORSCUI,MORSCUI,MORGAN ST-GLOBAL CONV BOND-,Open-End Fund,Mutual Fund,Equity,LX,openfigi_validado,isin,MORGAN STAN INV,USD,2015-01-30,2016-08-31,20,2,0.8258530377916228,0.7077110524284603,1.3157083524791546,fondo_mutuo_o_abierto,media,renta_fija,alta,No determinado,baja,Renta fija,baja,No determinado,baja,LQD,baja,regla textual: \bDEBT\b|\bDEUDA\b|\bBOND\b|\bCREDIT\b|FIXED INCOME,MORSCUI,MORSCUI MORGAN ST GLOBAL CONV BOND OPEN END FUND MUTUAL FUND EQUITY,LQD,Global,Mercado amplio o no determinado,No determinado,baja,nombre::\bDEBT\b|\bDEUDA\b|\bBOND\b|\bCREDIT\b|FIXED INCOME,False,True,True
BBG001SF9FC7,US4642867729,EWYGBX,EWY,ISHARES MSCI SOUTH KOREA ETF,ETP,Mutual Fund,Equity,X2,openfigi_validado,isin,BlackRock USA,USD,2015-01-30,2026-01-30,82,4,7.805159295966462,0.6055324829783489,13.127439163257469,etf_etp,alta,renta_variable,alta,Corea del Sur,alta,Mercado amplio,alta,MSCI South Korea,alta,EEM,alta,regla exacta de ticker EWY,EWY,EWYGBX ISHARES MSCI SOUTH KOREA ETF ETP MUTUAL FUND EQUITY,EEM,Corea del Sur,Mercado amplio o no determinado,MSCI South Korea,alta,ticker::EWY,False,False,True
BBG001SFDBD0,LU0102000758,PARJSCI,PARJSCI,BNP JAPAN SMALL CAP-I,Open-End Fund,Mutual Fund,Equity,LX,openfigi_validado,isin,BNP PARIBAS INV,JPY,2015-05-29,2026-01-30,129,3,2.3853600298108555,0.6965439158740763,4.25355507609375,fondo_mutuo_o_abierto,media,renta_variable,alta,Japón,media,Mercado amplio,media,No determinado,media,EWJ,media,regla textual: \bJAPAN\b|\bJPN\b|JAPANESE,PARJSCI,PARJSCI BNP JAPAN SMALL CAP I OPEN END FUND MUTUAL FUND EQUITY,EWJ,Japón,Pequeña capitalización,No determinado,media,nombre::\bJAPAN\b|\bJPN\b|JAPANESE,False,False,True
BBG001SFGXD9,US4642878619,IEV,IEV,ISHARES EUROPE ETF,ETP,Mutual Fund,Equity,US,openfigi_validado,isin,BlackRock USA,USD,2015-01-30,2020-09-30,69,2,1.3177431296897104,0.0222388268810426,2.086057120575233,etf_etp,alta,renta_variable,alta,Europa,media,Mercado amplio,media,No determinado,media,VGK,media,regla textual: \bEUROPE\b|\bEURO\b|CONT EUR|EUROPEAN,IEV,IEV ISHARES EUROPE ETF ETP MUTUAL FUND EQUITY,VGK,Europa,Mercado amplio o no determinado,No determinado,media,nombre::\bEUROPE\b|\bEURO\b|CONT EUR|EUROPEAN,False,False,True
BBG001SFGXR4,US4642877629,IYHUSD,IYH,ISHARES U.S. HEALTHCARE ETF,ETP,Mutual Fund,Equity,X2,openfigi_validado,isin,BlackRock USA,USD,2015-01-30,2025-03-31,16,1,0.9259719514974336,0.4141692272410244,1.7910550239550649,etf_etp,alta,renta_variable,alta,No determinado,media,Salud,media,No determinado,media,XLV,media,regla textual: HEALTH CARE|HEALTHCARE|BIOTECH,IYH,IYHUSD ISHARES U S HEALTHCARE ETF ETP MUTUAL FUND EQUITY,XLV,Estados Unidos,Salud,No determinado,media,nombre::HEALTH CARE|HEALTHCARE|BIOTECH,False,True,False
BBG001SFGXS3,US4642877702,IYG,IYG,ISHARES U.S. FINANCIAL SERVI,ETP,Mutual Fund,Equity,US,openfigi_validado,isin,BlackRock USA,USD,2016-09-30,2017-05-31,9,1,2.1566817840186903,1.3299219867338374,3.540715641651288,etf_etp,alta,renta_variable,alta,No determinado,media,Finanzas,media,No determinado,media,XLF,media,regla textual: \bBANKS?\b|FINANCIAL,IYG,IYG ISHARES U S FINANCIAL SERVI ETP MUTUAL FUND EQUITY,XLF,Estados Unidos,Finanzas,No determinado,media,nombre::\bBANKS?\b|FINANCIAL,False,True,False
BBG001SFH9T4,LU0129464904,FLEJPEC,FLEJPEC,JPM JAPAN EQTY-C USD,Open-End Fund,Mutual Fund,Equity,LX,openfigi_validado,isin,JP MORGAN F.F.,USD,2015-01-30,2026-01-30,133,1,2.7447834223336782,1.206852057057779,5.111112183418949,fondo_mutuo_o_abierto,media,renta_variable,alta,Japón,media,Mercado amplio,media,No determinado,media,EWJ,media,regla textual: \bJAPAN\b|\bJPN\b|JAPANESE,FLEJPEC,FLEJPEC JPM JAPAN EQTY C USD OPEN END FUND MUTUAL FUND EQUITY,EWJ,Japón,Mercado amplio o no determinado,No determinado,media,nombre::\bJAPAN\b|\bJPN\b|JAPANESE,False,False,True
BBG001SFQPM5,US4642866085,EZU,EZU,ISHARES MSCI EUROZONE ETF,ETP,Mutual Fund,Equity,US,openfigi_validado,isin,BlackRock USA,USD,2015-01-30,2025-11-28,128,4,9.599284461925253,1.605568776004493,14.570764316050708,etf_etp,alta,renta_variable,alta,Eurozona,alta,Mercado amplio,alta,MSCI Eurozone,alta,VGK,alta,regla exacta de ticker EZU,EZU,EZU ISHARES MSCI EUROZONE ETF ETP MUTUAL FUND EQUITY,VGK,Eurozona,Mercado amplio o no determinado,MSCI Eurozone,alta,ticker::EZU,False,False,True
BBG001SG3JG9,GB00B0119B50,SGJPNCA,SGJPNCA,MN JPN CORALPH FND-CP GBP AC,Open-End Fund,Mutual Fund,Equity,LN,openfigi_validado,isin,Man Fund Manag,GBP,2017-04-28,2019-12-31,33,1,3.415342124747818,2.2971834320565767,5.597491355951308,fondo_mutuo_o_abierto,media,renta_variable,alta,Japón,media,Mercado amplio,media,No determinado,media,EWJ,media,regla textual: \bJAPAN\b|\bJPN\b|JAPANESE,SGJPNCA,SGJPNCA MN JPN CORALPH FND CP GBP AC OPEN END FUND MUTUAL FUND EQUITY,RESIDUAL_NO_MAPEADO,No determinado,Mercado amplio o no determinado,No determinado,baja,nombre::\bJAPAN\b|\bJPN\b|JAPANESE,True,True,True
BBG001SGCXZ7,GB0030810021,TDNEUG2,TDNEUG2,CT EUROPEAN FUND-I ACC EUR,Open-End Fund,Mutual Fund,Equity,LN,openfigi_validado,isin,THREADNEEDLE IN,EUR,2015-01-30,2019-12-31,60,2,2.9904170908193373,1.0603981376082243,4.6402078823740665,fondo_mutuo_o_abierto,media,renta_variable,alta,Europa,media,Mercado amplio,media,No determinado,media,VGK,media,regla textual: \bEUROPE\b|\bEURO\b|CONT EUR|EUROPEAN,TDNEUG2,TDNEUG2 CT EUROPEAN FUND I ACC EUR OPEN END FUND MUTUAL FUND EQUITY,VGK,Europa,Mercado amplio o no determinado,No determinado,media,nombre::\bEUROPE\b|\bEURO\b|CONT EUR|EUROPEAN,False,False,True
BBG001SGXWT3,LU0113993397,FGV2,FGV2,JAN HND CONT EUR IEA,Open-End Fund,Mutual Fund,Equity,GR,openfigi_validado,isin,GARTMORE,EUR,2015-01-30,2026-01-30,112,4,4.204414023254963,1.8871108179716976,6.360429135915406,fondo_mutuo_o_abierto,media,renta_variable,alta,Europa,media,Mercado amplio,media,No determinado,media,VGK,media,regla textual: \bEUROPE\b|\bEURO\b|CONT EUR|EUROPEAN,FGV2,FGV2 JAN HND CONT EUR IEA OPEN END FUND MUTUAL FUND EQUITY,RESIDUAL_NO_MAPEADO,No determinado,Mercado amplio o no determinado,No determinado,baja,nombre::\bEUROPE\b|\bEURO\b|CONT EUR|EUROPEAN,True,True,True
BBG001SGYSW7,US4642875565,IBBUSD,IBB,ISHARES BIOTECHNOLOGY ETF,ETP,Mutual Fund,Equity,XH,openfigi_validado,isin,BlackRock USA,USD,2015-01-30,2017-09-29,33,1,1.951761780326847,0.0238412544534437,3.0575499228797822,etf_etp,alta,renta_variable,alta,No determinado,media,Salud,media,No determinado,media,XLV,media,regla textual: HEALTH CARE|HEALTHCARE|BIOTECH,IBB,IBBUSD ISHARES BIOTECHNOLOGY ETF ETP MUTUAL FUND EQUITY,XLK,Estados Unidos,Tecnología,No determinado,media,nombre::HEALTH CARE|HEALTHCARE|BIOTECH,True,True,True
BBG001SHL470,US97717W8516,DXJ,DXJ,WISDOMTREE JAPAN HEDGED EQ,ETP,Mutual Fund,Equity,US,openfigi_validado,isin,WisdomTreeAsset,USD,2015-01-30,2026-01-30,107,3,5.648261197971665,0.6999779236798332,8.64499598080337,etf_etp,alta,renta_variable,alta,Japón,alta,Mercado amplio,alta,Japan Hedged Equity,alta,EWJ,alta,regla exacta de ticker DXJ,DXJ,DXJ WISDOMTREE JAPAN HEDGED EQ ETP MUTUAL FUND EQUITY,EWJ,Japón,Mercado amplio o no determinado,Índice de acciones japonesas cubierto,alta,ticker::DXJ,False,False,True
BBG001SHL7C7,US97717W8367,DFJGBP,DFJ,WISDOMTREE JPN S/C DVD FUND,ETP,Mutual Fund,Equity,X2,openfigi_validado,isin,WisdomTreeAsset,USD,2018-08-31,2019-12-31,17,1,1.2367493663313878,1.0409992713778238,2.2293765082796604,etf_etp,alta,renta_variable,alta,Japón,media,Mercado amplio,media,No determinado,media,EWJ,media,regla textual: \bJAPAN\b|\bJPN\b|JAPANESE,DFJ,DFJGBP WISDOMTREE JPN S C DVD FUND ETP MUTUAL FUND EQUITY,RESIDUAL_NO_MAPEADO,No determinado,Mercado amplio o no determinado,No determinado,baja,nombre::\bJAPAN\b|\bJPN\b|JAPANESE,True,True,True
BBG001SHN566,IE0030395952,PBIJSYI,PBIJSYI,PBI-JPN SM CAP EQUITY FUN-Y3,Open-End Fund,Mutual Fund,Equity,ID,openfigi_validado,isin,PineBridge inve,JPY,2018-09-28,2023-01-31,53,1,1.503538547962134,0.7564517153020993,2.8669870954373304,fondo_mutuo_o_abierto,media,renta_variable,alta,Japón,media,Mercado amplio,media,No determinado,media,EWJ,media,regla textual: \bJAPAN\b|\bJPN\b|JAPANESE,PBIJSYI,PBIJSYI PBI JPN SM CAP EQUITY FUN Y3 OPEN END FUND MUTUAL FUND EQUITY,RESIDUAL_NO_MAPEADO,No determinado,Mercado amplio o no determinado,No determinado,baja,nombre::\bJAPAN\b|\bJPN\b|JAPANESE,True,True,True
BBG001SHTTP7,US92204A8018,VAW,VAW,VANGUARD MATERIALS ETF,ETP,Mutual Fund,Equity,XS,openfigi_validado,isin,VANGUARD GROUP,USD,2016-04-29,2019-03-29,36,1,0.8082970436990451,0.0048149384172185,1.2582138250605452,etf_etp,alta,renta_variable,alta,No determinado,media,Metales y minería,media,No determinado,media,XLB,media,regla textual: METALS MINING|METALS & MINING|MATERIALS,VAW,VAW VANGUARD MATERIALS ETF ETP MUTUAL FUND EQUITY,XLB,No determinado,Materiales y minería,No determinado,media,nombre::METALS MINING|METALS & MINING|MATERIALS,False,False,True
BBG001SJ0DM2,LU0823411292,FOLESCI,FOLESCI,BNP US SMALL CAP-I,Open-End Fund,Mutual Fund,Equity,LX,openfigi_validado,isin,BNP PARIBAS INV,USD,2015-12-31,2025-07-31,114,1,3.8318368427186713,0.5503990824179975,6.53316906533333,fondo_mutuo_o_abierto,media,renta_variable,alta,Estados Unidos,media,Mercado amplio,media,S&P 500 o mercado amplio de EE. UU.,media,SPY,media,regla textual: S P 500|S&P 500|US EQUITY|US RES EQ|USA EQUITY|US CORE EQUITY|US SMALL CAP,FOLESCI,FOLESCI BNP US SMALL CAP I OPEN END FUND MUTUAL FUND EQUITY,RESIDUAL_NO_MAPEADO,No determinado,Pequeña capitalización,No determinado,baja,nombre::S P 500|S&P 500|US EQUITY|US RES EQ|USA EQUITY|US CORE EQUITY|US SMALL CAP,True,True,True
BBG001SJ7PH4,LU0131718073,PIPP1EUR,PIPP1,PICTET-EMERGING EUROPE-IE,Open-End Fund,Mutual Fund,Equity,EO,openfigi_validado,isin,Pic Asset Ma Eu,EUR,2017-10-31,2018-08-31,11,1,0.8346162757335619,0.7408634003848321,1.3276954567790245,fondo_mutuo_o_abierto,media,renta_variable,alta,Europa,media,Mercado amplio,media,No determinado,media,VGK,media,regla textual: \bEUROPE\b|\bEURO\b|CONT EUR|EUROPEAN,PIPP1,PIPP1EUR PICTET EMERGING EUROPE IE OPEN END FUND MUTUAL FUND EQUITY,VGK,Europa,Mercado amplio o no determinado,No determinado,media,nombre::\bEUROPE\b|\bEURO\b|CONT EUR|EUROPEAN,False,False,True
BBG001SJ9R24,LU0181496059,SRVG,SRVG,SCHRODER IN EM ASIA-CUSD-ACC,Open-End Fund,Mutual Fund,Equity,GR,openfigi_validado,isin,SCHRODER,USD,2018-01-31,2025-06-30,90,1,3.790363203447314,1.2851676966739465,6.624472958884277,fondo_mutuo_o_abierto,media,renta_variable,alta,Mercados emergentes,media,Mercado amplio,media,No determinado,media,EEM,media,regla textual: EMERGING MARKET|EM MRK|EM ASIA|EMERG MKT|ASIAN OPPORT,SRVG,SRVG SCHRODER IN EM ASIA CUSD ACC OPEN END FUND MUTUAL FUND EQUITY,RESIDUAL_NO_MAPEADO,No determinado,Mercado amplio o no determinado,No determinado,baja,nombre::EMERGING MARKET|EM MRK|EM ASIA|EMERG MKT|ASIAN OPPORT,True,True,True
BBG001SJRVW2,US4642873909,ILF,ILF,ISHARES LATIN AMERICA 40 ETF,ETP,Mutual Fund,Equity,US,openfigi_validado,isin,BlackRock USA,USD,2017-10-31,2026-01-30,72,4,2.786799553207641,0.7531783872100827,5.072879124081521,etf_etp,alta,renta_variable,alta,América Latina,alta,Mercado amplio,alta,Latin America 40,alta,ILF,alta,regla exacta de ticker ILF,ILF,ILF ISHARES LATIN AMERICA 40 ETF ETP MUTUAL FUND EQUITY,ILF,América Latina,Mercado amplio o no determinado,No determinado,alta,ticker::ILF,False,False,True
BBG001SJTHR7,US4642888519,IEOUSD,IEO,ISHARES U.S. OIL & GAS EXPLO,ETP,Mutual Fund,Equity,X2,openfigi_validado,isin,BlackRock USA,USD,2015-01-30,2021-05-31,77,3,1.1865047904341215,0.0105008466761561,1.8469407286124169,etf_etp,alta,renta_variable,alta,No determinado,media,Energía,media,No determinado,media,XLE,media,regla textual: \bENERGY\b|OIL SERVICE|OIL GAS|PETROLEUM,IEO,IEOUSD ISHARES U S OIL GAS EXPLO ETP MUTUAL FUND EQUITY,XLE,Estados Unidos,Energía,No determinado,media,nombre::\bENERGY\b|OIL SERVICE|OIL GAS|PETROLEUM,False,True,False
BBG001SJX8Q3,US4642873255,IXJ,IXJ,ISHARES GLOBAL HEALTHCARE ET,ETP,Mutual Fund,Equity,US,openfigi_validado,isin,BlackRock USA,USD,2015-01-30,2021-01-29,73,1,0.0287810373431954,0.0122130593006193,0.0542837751531358,etf_etp,alta,renta_variable,alta,No determinado,media,Salud,media,No determinado,media,XLV,media,regla textual: HEALTH CARE|HEALTHCARE|BIOTECH,IXJ,IXJ ISHARES GLOBAL HEALTHCARE ET ETP MUTUAL FUND EQUITY,XLV,Global,Salud,No determinado,media,nombre::HEALTH CARE|HEALTHCARE|BIOTECH,False,True,False
BBG001SKVRW3,LU0231483743,AEF6,AEF6,ABR SV I- ALL CHINA SUSTA,Open-End Fund,Mutual Fund,Equity,GR,openfigi_validado,isin,ABERDEEN,USD,2015-01-30,2016-01-29,13,1,9.67992848012824e-05,9.236932701963068e-05,0.0001515818172505,fondo_mutuo_o_abierto,media,renta_variable,alta,China,media,Mercado amplio,media,No determinado,media,MCHI,media,regla textual: \bCHINA\b|CHIN EQ|CHINA A,AEF6,AEF6 ABR SV I ALL CHINA SUSTA OPEN END FUND MUTUAL FUND EQUITY,MCHI,China,Mercado amplio o no determinado,No determinado,media,nombre::\bCHINA\b|CHIN EQ|CHINA A,False,False,True
BBG001SL75Z3,US2332034212,DFCEX,DFCEX,EMERGING MARKETS CORE EQUITY,Open-End Fund,Mutual Fund,Equity,US,openfigi_validado,isin,DIMENSIONAL,USD,2015-01-30,2015-05-29,5,1,0.4167247535264609,0.3857341657671349,0.6596973414830324,fondo_mutuo_o_abierto,media,renta_variable,alta,Mercados emergentes,media,Mercado amplio,media,No determinado,media,EEM,media,regla textual: EMERGING MARKET|EM MRK|EM ASIA|EMERG MKT|ASIAN OPPORT,DFCEX,DFCEX EMERGING MARKETS CORE EQUITY OPEN END FUND MUTUAL FUND EQUITY,EEM,Mercados emergentes,Mercado amplio o no determinado,No determinado,media,nombre::EMERGING MARKET|EM MRK|EM ASIA|EMERG MKT|ASIAN OPPORT,False,False,True
BBG001SLN5S3,IE0032895942,LQDEGBP,LQDE,ISHARES USD CORP BOND USD D,ETP,Mutual Fund,Equity,X2,openfigi_validado,isin,BlackRock AMIL,USD,2015-01-30,2015-03-31,3,1,0.6542184776326468,0.6339887135541964,1.0367588627894295,etf_etp,alta,renta_fija,alta,No determinado,baja,Renta fija,baja,No determinado,baja,LQD,baja,regla textual: \bDEBT\b|\bDEUDA\b|\bBOND\b|\bCREDIT\b|FIXED INCOME,LQDE,LQDEGBP ISHARES USD CORP BOND USD D ETP MUTUAL FUND EQUITY,LQD,No determinado,Mercado amplio o no determinado,No determinado,baja,nombre::\bDEBT\b|\bDEUDA\b|\bBOND\b|\bCREDIT\b|FIXED INCOME,False,False,True
BBG001SMDNB1,US4642871846,FXIGBP,FXI,ISHARES CHINA LARGE-CAP ETF,ETP,Mutual Fund,Equity,X2,openfigi_validado,isin,BlackRock USA,USD,2015-01-30,2025-10-31,121,4,4.916415645580151,0.5565600031985524,10.291285891961255,etf_etp,alta,renta_variable,alta,China,alta,Mercado amplio,alta,China Large Cap,alta,MCHI,alta,regla exacta de ticker FXI,FXI,FXIGBP ISHARES CHINA LARGE CAP ETF ETP MUTUAL FUND EQUITY,MCHI,China,Mercado amplio o no determinado,No determinado,media,ticker::FXI,False,False,True
BBG001SMH2H7,US78464A7147,XRT,XRT,SS SPDR S&P RETAIL ETF,ETP,Mutual Fund,Equity,XH,openfigi_validado,isin,STATE ST BANK,USD,2015-06-30,2016-06-30,7,1,2.496976885595412,0.8701597782833661,3.849595667359079,etf_etp,alta,renta_variable,alta,No determinado,baja,Mercado amplio o no determinado,baja,No determinado,baja,XLF,media,sector o tema Finanzas,XRT,XRT SS SPDR S P RETAIL ETF ETP MUTUAL FUND EQUITY,XLF,No determinado,Finanzas,No determinado,media,elimina_sector_por_custodio,False,False,True
BBG001SMH2R6,US78464A6982,KREUSD,KRE,SS SPDR S&P REGIONAL BANK,ETP,Mutual Fund,Equity,XH,openfigi_validado,isin,STATE ST BANK,USD,2015-06-30,2025-09-30,69,3,3.961125449485584,0.7615495538844679,7.400787539715075,etf_etp,alta,renta_variable,alta,Estados Unidos,alta,Bancos regionales,alta,Regional Banks Index,alta,XLF,alta,regla exacta de ticker KRE,KRE,KREUSD SS SPDR S P REGIONAL BANK ETP MUTUAL FUND EQUITY,XLF,No determinado,Finanzas,No determinado,media,ticker::KRE,False,True,True
BBG001SMH2W0,US78464A7550,XMEGBX,XME,SS SPDR S&P METALS MINING,ETP,Mutual Fund,Equity,XH,openfigi_validado,isin,STATE ST BANK,USD,2017-02-28,2026-01-30,36,2,4.951104698362815,0.5888690009366297,7.994355221963404,etf_etp,alta,renta_variable,alta,Estados Unidos,alta,Metales y minería,alta,S&P Metals & Mining,alta,XLB,alta,regla exacta de ticker XME,XME,XMEGBX SS SPDR S P METALS MINING ETP MUTUAL FUND EQUITY,XLF,No determinado,Finanzas,No determinado,media,ticker::XME,True,True,True
BBG001SMQD83,IE00B0M63953,IQQR,IQQR,ISHARES MSCI EAST EUROPE CPD,ETP,Mutual Fund,Equity,SW,openfigi_validado,isin,BlackRock AMIL,GBP,2017-09-29,2017-10-31,2,1,0.4927965304766236,0.4859285312060267,0.7981792828488949,etf_etp,alta,renta_variable,alta,Europa,media,Mercado amplio,media,No determinado,media,VGK,media,regla textual: \bEUROPE\b|\bEURO\b|CONT EUR|EUROPEAN,IQQR,IQQR ISHARES MSCI EAST EUROPE CPD ETP MUTUAL FUND EQUITY,VGK,Europa,Mercado amplio o no determinado,No determinado,media,nombre::\bEUROPE\b|\bEURO\b|CONT EUR|EUROPEAN,False,False,True
BBG001SPGZY9,LU0219455952,MEMDIU1,MEMDIU1,MFS MER-EMRG MRKT DEBT-I1USD,Open-End Fund,Mutual Fund,Equity,LX,openfigi_validado,isin,MFS,USD,2015-01-30,2019-11-29,59,1,1.5380335170010427e-05,1.388455237547232e-05,2.624141747978621e-05,fondo_mutuo_o_abierto,media,renta_fija,alta,No determinado,baja,Renta fija,baja,No determinado,baja,LQD,baja,regla textual: \bDEBT\b|\bDEUDA\b|\bBOND\b|\bCREDIT\b|FIXED INCOME,MEMDIU1,MEMDIU1 MFS MER EMRG MRKT DEBT I1USD OPEN END FUND MUTUAL FUND EQUITY,LQD,No determinado,Mercado amplio o no determinado,No determinado,baja,nombre::\bDEBT\b|\bDEUDA\b|\bBOND\b|\bCREDIT\b|FIXED INCOME,False,False,True
BBG001SQDKH2,US78464A8889,XHB,XHB,SS SPDR S&P HOMEBLDRS ETF,ETP,Mutual Fund,Equity,US,openfigi_validado,isin,STATE ST BANK,USD,2015-08-31,2023-06-30,22,2,1.7706167913457502,0.1070314609188371,2.820859396053038,etf_etp,alta,renta_variable,alta,No determinado,baja,Mercado amplio o no determinado,baja,No determinado,baja,XLF,media,sector o tema Finanzas,XHB,XHB SS SPDR S P HOMEBLDRS ETF ETP MUTUAL FUND EQUITY,XLF,No determinado,Finanzas,No determinado,media,elimina_sector_por_custodio,False,False,True
BBG001SQDKJ0,US78464A8624,XSD,XSD,SS SPDR S&P SEMICONDUCTOR,ETP,Mutual Fund,Equity,US,openfigi_validado,isin,State Street Global Advisors Inc,USD,2024-07-31,2025-10-31,3,1,1.4436380690342012,0.9846618742798215,3.659864597469261,etf_etp,alta,renta_variable,alta,Estados Unidos,alta,Semiconductores,alta,No determinado,alta,XLK,alta,regla textual: SEMICONDUCTOR,XSD,XSD SS SPDR S P SEMICONDUCTOR ETP MUTUAL FUND EQUITY,XLK,Global,Semiconductores,No determinado,media,nombre::SEMICONDUCTOR,False,True,False
BBG001SQS7X7,US78468R6229,JNK,JNK,SS SPDR BB HIGH YIELD BOND,ETP,Mutual Fund,Equity,US,openfigi_validado,isin,State Street GA,USD,2023-07-31,2023-10-31,2,1,0.2915089858757357,0.2863597304390352,0.7498137132614302,etf_etp,alta,renta_fija,alta,Mercados emergentes,media,Renta fija de mayor riesgo,media,No determinado,media,HYG,media,regla textual: HIGH YIELD|\bLATAM HY\b|EMERGING MARKET DEBT|SENIOR LOAN,JNK,JNK SS SPDR BB HIGH YIELD BOND ETP MUTUAL FUND EQUITY,HYG,No determinado,Mercado amplio o no determinado,No determinado,media,nombre::HIGH YIELD|\bLATAM HY\b|EMERGING MARKET DEBT|SENIOR LOAN,False,True,True
BBG001SQZTM3,US4642887784,IAT,IAT,ISHARES US REGIONAL BANKS ET,ETP,Mutual Fund,Equity,US,openfigi_validado,isin,BlackRock USA,USD,2015-01-30,2025-09-30,46,3,2.9118297096974928,1.147708476810127,4.454184638897344,etf_etp,alta,renta_variable,alta,No determinado,media,Finanzas,media,No determinado,media,XLF,media,regla textual: \bBANKS?\b|FINANCIAL,IAT,IAT ISHARES US REGIONAL BANKS ET ETP MUTUAL FUND EQUITY,SPY,Estados Unidos,Mercado amplio o no determinado,No determinado,media,nombre::\bBANKS?\b|FINANCIAL,True,True,True
BBG001SR42Z0,US92189F1066,GDXUSD,GDX,VANECK GOLD MINERS ETF,ETP,Mutual Fund,Equity,XH,openfigi_validado,isin,VAN ECK,USD,2016-05-31,2026-01-30,77,4,9.433158625360347,1.0265602095412487,16.39044464662687,etf_etp,alta,renta_variable,media,Global,alta,Minería de oro,alta,Gold Miners,alta,GLD,alta,regla exacta de ticker GDX,GDX,GDXUSD VANECK GOLD MINERS ETF ETP MUTUAL FUND EQUITY,GLD,No determinado,Minería de oro,Índice de mineras de oro,alta,ticker::GDX,False,True,False
BBG001SRC8B4,LU0248056110,JPJEIAC,JPJEIAC,JPM JAPAN EQTY-I USD,Open-End Fund,Mutual Fund,Equity,LX,openfigi_validado,isin,JP MORGAN F.F.,USD,2017-01-31,2026-01-30,109,2,2.6106861961839862,0.9050703720306086,5.194154872867345,fondo_mutuo_o_abierto,media,renta_variable,alta,Japón,media,Mercado amplio,media,No determinado,media,EWJ,media,regla textual: \bJAPAN\b|\bJPN\b|JAPANESE,JPJEIAC,JPJEIAC JPM JAPAN EQTY I USD OPEN END FUND MUTUAL FUND EQUITY,EWJ,Japón,Mercado amplio o no determinado,No determinado,media,nombre::\bJAPAN\b|\bJPN\b|JAPANESE,False,False,True
BBG001SRC8F0,LU0248053877,JPGACCI,JPGACCI,JPM GREATER CHINA-I AC,Open-End Fund,Mutual Fund,Equity,LX,openfigi_validado,isin,JP MORGAN ASSET,USD,2021-02-26,2026-01-30,60,1,0.5040535932972542,0.1218316012752501,1.04182729998998,fondo_mutuo_o_abierto,media,renta_variable,alta,China,media,Mercado amplio,media,No determinado,media,MCHI,media,regla textual: \bCHINA\b|CHIN EQ|CHINA A,JPGACCI,JPGACCI JPM GREATER CHINA I AC OPEN END FUND MUTUAL FUND EQUITY,MCHI,China,Mercado amplio o no determinado,No determinado,media,nombre::\bCHINA\b|CHIN EQ|CHINA A,False,False,True
BBG001SRKSC0,LU0260086037,JGEUGRI,JGEUGRI,JUPITER EUROPE SELECT-I EUR,Open-End Fund,Mutual Fund,Equity,LX,openfigi_validado,isin,Jupiter Unit,EUR,2018-10-31,2026-01-30,88,1,1.358054948635386,0.0767520881873871,2.705983539661524,fondo_mutuo_o_abierto,media,renta_variable,alta,Europa,media,Mercado amplio,media,No determinado,media,VGK,media,regla textual: \bEUROPE\b|\bEURO\b|CONT EUR|EUROPEAN,JGEUGRI,JGEUGRI JUPITER EUROPE SELECT I EUR OPEN END FUND MUTUAL FUND EQUITY,VGK,Europa,Mercado amplio o no determinado,No determinado,media,nombre::\bEUROPE\b|\bEURO\b|CONT EUR|EUROPEAN,False,False,True
BBG001STKCW9,US78468R6633,BILUSD,BIL,SS SPDR BB 1-3M T-BILL ETF,ETP,Mutual Fund,Equity,X2,openfigi_validado,isin,STATE ST BANK,USD,2019-05-31,2019-05-31,1,1,1.2689778162130845,1.2689778162130845,2.2702323345482736,etf_etp,alta,renta_variable,alta,No determinado,baja,Mercado amplio o no determinado,baja,No determinado,baja,XLF,media,sector o tema Finanzas,BIL,BILUSD SS SPDR BB 1 3M T BILL ETF ETP MUTUAL FUND EQUITY,XLF,No determinado,Finanzas,No determinado,media,elimina_sector_por_custodio,False,False,True
BBG001T08LP3,LU0212179997,PREURIC,PREURIC,BNP EUROPE SMALL CAP-IC,Open-End Fund,Mutual Fund,Equity,LX,openfigi_validado,isin,BNP PARIBAS INV,EUR,2015-08-31,2020-02-28,55,3,4.084254799156809,1.4974744242164475,6.439078898288711,fondo_mutuo_o_abierto,media,renta_variable,alta,Europa,media,Mercado amplio,media,No determinado,media,VGK,media,regla textual: \bEUROPE\b|\bEURO\b|CONT EUR|EUROPEAN,PREURIC,PREURIC BNP EUROPE SMALL CAP IC OPEN END FUND MUTUAL FUND EQUITY,VGK,Europa,Pequeña capitalización,No determinado,media,nombre::\bEUROPE\b|\bEURO\b|CONT EUR|EUROPEAN,False,False,True
BBG001T0RL72,LU0823426647,FOREGCI,FOREGCI,BNP CHINA EQUITY-I C,Open-End Fund,Mutual Fund,Equity,LX,openfigi_validado,isin,BNP PARIBAS ASSET MANAGEMENT S.A.S,USD,2022-12-30,2026-01-30,38,1,1.13749420949214,0.1015254075273789,2.942508365489905,fondo_mutuo_o_abierto,media,renta_variable,alta,China,media,Mercado amplio,media,No determinado,media,MCHI,media,regla textual: \bCHINA\b|CHIN EQ|CHINA A,FOREGCI,FOREGCI BNP CHINA EQUITY I C OPEN END FUND MUTUAL FUND EQUITY,MCHI,China,Mercado amplio o no determinado,No determinado,media,nombre::\bCHINA\b|CHIN EQ|CHINA A,False,False,True
BBG001T2HPQ9,FR0010589325,GPAVEUM,GPAVEUM,GROUPAMA AVENIR EURO-IC,Open-End Fund,Mutual Fund,Equity,FP,openfigi_validado,isin,GRAM,EUR,2017-01-31,2026-01-30,109,3,4.472098488038577,1.1704635206083258,8.69422499453063,fondo_mutuo_o_abierto,media,renta_variable,alta,Europa,media,Mercado amplio,media,No determinado,media,VGK,media,regla textual: \bEUROPE\b|\bEURO\b|CONT EUR|EUROPEAN,GPAVEUM,GPAVEUM GROUPAMA AVENIR EURO IC OPEN END FUND MUTUAL FUND EQUITY,RESIDUAL_NO_MAPEADO,No determinado,Mercado amplio o no determinado,No determinado,baja,nombre::\bEUROPE\b|\bEURO\b|CONT EUR|EUROPEAN,True,True,True
BBG001T2V2D8,US4642881829,AAXJ,AAXJ,ISHARES MSCI ALL COUNTRY ASI,ETP,Mutual Fund,Equity,US,openfigi_validado,isin,BlackRock USA,USD,2015-01-30,2025-01-31,110,4,8.534059232893215,0.8894610069290386,12.756902972648302,etf_etp,alta,renta_variable,alta,Asia excepto Japón,alta,Mercado amplio,alta,MSCI Asia ex Japan,alta,EEM,alta,regla exacta de ticker AAXJ,AAXJ,AAXJ ISHARES MSCI ALL COUNTRY ASI ETP MUTUAL FUND EQUITY,EEM,Asia excepto Japón,Mercado amplio o no determinado,MSCI Asia ex Japan,alta,ticker::AAXJ,False,False,True
BBG001T2YZG9,US9220427424,VT,VT,VANGUARD TOT WORLD STK ETF,ETP,Mutual Fund,Equity,US,openfigi_validado,isin,VANGUARD GROUP,USD,2015-01-30,2026-01-30,99,3,9.180184659587304,0.8879607313001181,15.574947013706536,etf_etp,alta,renta_variable,alta,Global,alta,Mercado amplio,alta,FTSE Global All Cap,alta,ACWI,alta,regla exacta de ticker VT,VT,VT VANGUARD TOT WORLD STK ETF ETP MUTUAL FUND EQUITY,ACWI,Global,Mercado amplio o no determinado,No determinado,alta,ticker::VT,False,False,True
BBG001T62KL2,CL0000006727,MLDL,MLDL,MONEDA LATAM DEUDA LOCAL-A,Closed-End Fund,Mutual Fund,Equity,CI,openfigi_validado,isin,MONEDA,USD,2019-01-31,2019-07-31,7,1,0.4933392035637788,0.467692113074405,0.9318968727153016,fondo_mutuo_o_abierto,media,renta_fija,alta,No determinado,baja,Renta fija,baja,No determinado,baja,LQD,baja,regla textual: \bDEBT\b|\bDEUDA\b|\bBOND\b|\bCREDIT\b|FIXED INCOME,MLDL,MLDL MONEDA LATAM DEUDA LOCAL A CLOSED END FUND MUTUAL FUND EQUITY,LQD,América Latina,Mercado amplio o no determinado,No determinado,baja,nombre::\bDEBT\b|\bDEUDA\b|\bBOND\b|\bCREDIT\b|FIXED INCOME,False,True,True
BBG001T6CZS1,IE00B53L3W79,CSSX5MXN,CSSX5MXN,ISHARES CORE EURO STOXX 50,ETP,Mutual Fund,Equity,XS,openfigi_validado,isin,BlackRock AMIL,EUR,2019-11-29,2021-06-30,20,1,2.1441856355501647,0.482302902794639,3.955938535175604,etf_etp,alta,renta_variable,alta,Europa,media,Mercado amplio,media,No determinado,media,VGK,media,regla textual: \bEUROPE\b|\bEURO\b|CONT EUR|EUROPEAN,CSSX5MXN,CSSX5MXN ISHARES CORE EURO STOXX 50 ETP MUTUAL FUND EQUITY,RESIDUAL_NO_MAPEADO,No determinado,Mercado amplio o no determinado,No determinado,baja,nombre::\bEUROPE\b|\bEURO\b|CONT EUR|EUROPEAN,True,True,True
BBG001T6DPF6,US97717X7012,HEDJGBP,HEDJ,WISDOMTREE EUROPE HEDGED EQU,ETP,Mutual Fund,Equity,X2,openfigi_validado,isin,WisdomTreeAsset,USD,2015-01-30,2019-09-30,45,2,7.016084690770681,4.113579297079363,11.032345449018804,etf_etp,alta,renta_variable,alta,Europa,alta,Mercado amplio,alta,Europe Hedged Equity,alta,VGK,alta,regla exacta de ticker HEDJ,HEDJ,HEDJGBP WISDOMTREE EUROPE HEDGED EQU ETP MUTUAL FUND EQUITY,VGK,Europa,Mercado amplio o no determinado,No determinado,alta,ticker::HEDJ,False,False,True
BBG001T6MGZ4,US4642891802,EUFNUSD,EUFN,ISHARES MSCI EUROPE FINANCIA,ETP,Mutual Fund,Equity,X2,openfigi_validado,isin,BlackRock USA,USD,2015-01-30,2026-01-30,48,3,2.3146682253692523,0.4590096316445163,5.021961596928396,etf_etp,alta,renta_variable,alta,Europa,media,Mercado amplio,media,No determinado,media,VGK,media,regla textual: \bEUROPE\b|\bEURO\b|CONT EUR|EUROPEAN,EUFN,EUFNUSD ISHARES MSCI EUROPE FINANCIA ETP MUTUAL FUND EQUITY,VGK,Europa,Mercado amplio o no determinado,No determinado,media,nombre::\bEUROPE\b|\bEURO\b|CONT EUR|EUROPEAN,False,False,True
BBG001TBPH88,US5771307924,MIJFX,MIJFX,MATTHEWS JAPAN FUND-INST,Open-End Fund,Mutual Fund,Equity,US,openfigi_validado,isin,Matthews Intern,USD,2015-01-30,2021-07-30,79,4,5.117129719850039,1.3093201826408394,8.511125557959033,fondo_mutuo_o_abierto,media,renta_variable,alta,Japón,media,Mercado amplio,media,No determinado,media,EWJ,media,regla textual: \bJAPAN\b|\bJPN\b|JAPANESE,MIJFX,MIJFX MATTHEWS JAPAN FUND INST OPEN END FUND MUTUAL FUND EQUITY,EWJ,Japón,Mercado amplio o no determinado,No determinado,media,nombre::\bJAPAN\b|\bJPN\b|JAPANESE,False,False,True
BBG001TCVD33,US92189H8051,REMX,REMX,VANECK RAR EARTH ND STG-USDI,ETP,Mutual Fund,Equity,US,openfigi_validado,isin,VAN ECK ASSOCIATES CORPORATION,USD,2025-10-31,2026-01-30,3,1,3.508435583139549,0.3697152057277742,5.63515359196314,etf_etp,alta,renta_variable,alta,Global,alta,Tierras raras y metales estratégicos,alta,Rare Earths,alta,XLB,alta,regla exacta de ticker REMX,REMX,REMX VANECK RAR EARTH ND STG USDI ETP MUTUAL FUND EQUITY,RESIDUAL_NO_MAPEADO,No determinado,Mercado amplio o no determinado,No determinado,baja,ticker::REMX,True,True,True
BBG001TG1J34,GB00B4ZM1M76,LIOEGWI,LIOEGWI,LIONTRUST EUROPEAN DYNAM-II,Open-End Fund,Mutual Fund,Equity,LN,openfigi_validado,isin,Liontrust Fund Partners LLP,GBP,2024-10-31,2025-05-30,8,2,1.7981351925187132,0.6792027076357123,3.22388912569578,fondo_mutuo_o_abierto,media,renta_variable,alta,Europa,media,Mercado amplio,media,No determinado,media,VGK,media,regla textual: \bEUROPE\b|\bEURO\b|CONT EUR|EUROPEAN,LIOEGWI,LIOEGWI LIONTRUST EUROPEAN DYNAM II OPEN END FUND MUTUAL FUND EQUITY,VGK,Europa,Mercado amplio o no determinado,No determinado,media,nombre::\bEUROPE\b|\bEURO\b|CONT EUR|EUROPEAN,False,False,True
BBG001TG5H89,US46429B7477,STIP,STIP,ISHARES 0-5 YEAR TIPS BOND E,ETP,Mutual Fund,Equity,US,openfigi_validado,isin,BlackRock Luxembourg S.A.,USD,2023-10-31,2023-10-31,1,1,0.227732959845735,0.227732959845735,0.6072223883286326,etf_etp,alta,renta_fija,alta,No determinado,baja,Renta fija,baja,No determinado,baja,LQD,baja,regla textual: \bDEBT\b|\bDEUDA\b|\bBOND\b|\bCREDIT\b|FIXED INCOME,STIP,STIP ISHARES 0 5 YEAR TIPS BOND E ETP MUTUAL FUND EQUITY,LQD,No determinado,Mercado amplio o no determinado,No determinado,baja,nombre::\bDEBT\b|\bDEUDA\b|\bBOND\b|\bCREDIT\b|FIXED INCOME,False,False,True
BBG001V06C81,LU0564079282,IUSSENG,IUSSENG,INVESCO US SENIOR LOAN-G,Open-End Fund,Mutual Fund,Equity,LX,openfigi_validado,isin,Invesco Management S.A.,USD,2024-08-30,2025-03-31,8,1,1.5101452945723688,1.1471473570181778,3.217974384439045,fondo_mutuo_o_abierto,media,renta_fija,alta,Mercados emergentes,media,Renta fija de mayor riesgo,media,No determinado,media,HYG,media,regla textual: HIGH YIELD|\bLATAM HY\b|EMERGING MARKET DEBT|SENIOR LOAN,IUSSENG,IUSSENG INVESCO US SENIOR LOAN G OPEN END FUND MUTUAL FUND EQUITY,RESIDUAL_NO_MAPEADO,No determinado,Mercado amplio o no determinado,No determinado,baja,nombre::HIGH YIELD|\bLATAM HY\b|EMERGING MARKET DEBT|SENIOR LOAN,True,True,True
BBG001V11W80,US33737J1824,FEM,FEM,FIRST TRUST EMERGING MARKETS,ETP,Mutual Fund,Equity,US,openfigi_validado,isin,First Trust Adv,USD,2018-02-28,2019-07-31,18,1,1.862780115754164,1.706078754310262,3.569492068443995,etf_etp,alta,renta_variable,alta,Mercados emergentes,media,Mercado amplio,media,No determinado,media,EEM,media,regla textual: EMERGING MARKET|EM MRK|EM ASIA|EMERG MKT|ASIAN OPPORT,FEM,FEM FIRST TRUST EMERGING MARKETS ETP MUTUAL FUND EQUITY,EEM,Mercados emergentes,Mercado amplio o no determinado,No determinado,media,nombre::EMERGING MARKET|EM MRK|EM ASIA|EMERG MKT|ASIAN OPPORT,False,False,True
BBG002426900,GB00B5STJW84,JUPEUIA,JUPEUIA,JUPITER EUROPEAN-IA,Open-End Fund,Mutual Fund,Equity,LN,openfigi_validado,isin,Jupiter Unit,GBP,2019-05-31,2023-02-28,46,1,4.234346818032388,1.6946746997047195,9.45672198261294,fondo_mutuo_o_abierto,media,renta_variable,alta,Europa,media,Mercado amplio,media,No determinado,media,VGK,media,regla textual: \bEUROPE\b|\bEURO\b|CONT EUR|EUROPEAN,JUPEUIA,JUPEUIA JUPITER EUROPEAN IA OPEN END FUND MUTUAL FUND EQUITY,VGK,Europa,Mercado amplio o no determinado,No determinado,media,nombre::\bEUROPE\b|\bEURO\b|CONT EUR|EUROPEAN,False,False,True
BBG0029SJG99,GB00B4YXVT80,HCHNOIA,HCHNOIA,JAN HND CHINA OPP-IACCUSD,Open-End Fund,Mutual Fund,Equity,LN,openfigi_validado,isin,Henderson Inves,USD,2015-01-30,2015-07-31,7,1,0.8873712646651507,0.7968131768267883,1.389569655911718,fondo_mutuo_o_abierto,media,renta_variable,alta,China,media,Mercado amplio,media,No determinado,media,MCHI,media,regla textual: \bCHINA\b|CHIN EQ|CHINA A,HCHNOIA,HCHNOIA JAN HND CHINA OPP IACCUSD OPEN END FUND MUTUAL FUND EQUITY,MCHI,China,Mercado amplio o no determinado,No determinado,media,nombre::\bCHINA\b|CHIN EQ|CHINA A,False,False,True
BBG003CVZPG0,GB00B5TGB445,JUPJIIA,JUPJIIA,JUPITER JAPAN INCOME-I ACC,Open-End Fund,Mutual Fund,Equity,LN,openfigi_validado,isin,Jupiter Unit,GBP,2020-01-31,2020-12-31,12,2,1.7789673432332822,1.4242127792636206,3.700964829207648,fondo_mutuo_o_abierto,media,renta_variable,alta,Japón,media,Mercado amplio,media,No determinado,media,EWJ,media,regla textual: \bJAPAN\b|\bJPN\b|JAPANESE,JUPJIIA,JUPJIIA JUPITER JAPAN INCOME I ACC OPEN END FUND MUTUAL FUND EQUITY,EWJ,Japón,Mercado amplio o no determinado,No determinado,media,nombre::\bJAPAN\b|\bJPN\b|JAPANESE,False,False,True
BBG003D52G09,US97717X7194,CXSE,CXSE,WISDOMTREE CHINA EX-ST OW,ETP,Mutual Fund,Equity,US,openfigi_validado,isin,WisdomTreeAsset,USD,2021-09-30,2022-11-30,9,1,2.419443423748414,0.9663616895487188,5.728236329667614,etf_etp,alta,renta_variable,alta,China,media,Mercado amplio,media,No determinado,media,MCHI,media,regla textual: \bCHINA\b|CHIN EQ|CHINA A,CXSE,CXSE WISDOMTREE CHINA EX ST OW ETP MUTUAL FUND EQUITY,MCHI,China,Mercado amplio o no determinado,No determinado,media,nombre::\bCHINA\b|CHIN EQ|CHINA A,False,False,True
BBG003FD9XT5,XS0835507087,BTGPBZ 7 09/27/17,BTGPBZ7092717,BANCO BTG PACTUAL/CAYMAN,EURO NON-DOLLAR,Corp,Corp,NOT LISTED,openfigi_validado,isin,BTG Pactual,COP,2015-01-30,2015-12-31,12,2,0.6825382309522875,0.2881442696819303,1.1936190234516395,otro_o_no_determinado,baja,renta_variable,baja,Europa,media,Mercado amplio,media,No determinado,media,VGK,media,regla textual: \bEUROPE\b|\bEURO\b|CONT EUR|EUROPEAN,BTGPBZ7092717,BTGPBZ 7 09 27 17 BANCO BTG PACTUAL CAYMAN EURO NON DOLLAR CORP CORP,RESIDUAL_NO_MAPEADO,No determinado,Mercado amplio o no determinado,No determinado,baja,nombre::\bEUROPE\b|\bEURO\b|CONT EUR|EUROPEAN,True,True,True
BBG003GXHV60,IE00B3CTFW21,GAMCIEA,GAMCIEA,GAM STAR-CONT EUR EQ-IEA,Open-End Fund,Mutual Fund,Equity,ID,openfigi_validado,isin,GAM Internation,EUR,2015-09-30,2026-01-30,125,2,2.920817104397407,0.5756448932076668,4.548198209938906,fondo_mutuo_o_abierto,media,renta_variable,alta,Europa,media,Mercado amplio,media,No determinado,media,VGK,media,regla textual: \bEUROPE\b|\bEURO\b|CONT EUR|EUROPEAN,GAMCIEA,GAMCIEA GAM STAR CONT EUR EQ IEA OPEN END FUND MUTUAL FUND EQUITY,RESIDUAL_NO_MAPEADO,No determinado,Mercado amplio o no determinado,No determinado,baja,nombre::\bEUROPE\b|\bEURO\b|CONT EUR|EUROPEAN,True,True,True
BBG003P08CP3,XS0860706935,AMXLMM 6.45 12/05/22,AMXLMM645120522,AMERICA MOVIL SAB DE CV,EURO NON-DOLLAR,Corp,Corp,MEXICO,openfigi_validado,isin,BON EMP PRI EXT,MXN,2015-01-30,2015-04-30,4,1,0.0287383723819486,0.0272417302065881,0.0481126963368286,otro_o_no_determinado,baja,renta_variable,baja,Europa,media,Mercado amplio,media,No determinado,media,VGK,media,regla textual: \bEUROPE\b|\bEURO\b|CONT EUR|EUROPEAN,AMXLMM645120522,AMXLMM 6 45 12 05 22 AMERICA MOVIL SAB DE CV EURO NON DOLLAR CORP CORP,RESIDUAL_NO_MAPEADO,No determinado,Mercado amplio o no determinado,No determinado,baja,nombre::\bEUROPE\b|\bEURO\b|CONT EUR|EUROPEAN,True,True,True
BBG0047C47C4,US05966UAR59,SANBBZ 8 03/18/16 REGS,SANBBZ8031816REGS,BANCO SANTANDER BRAS CI,EURO NON-DOLLAR,Corp,Corp,EUROMTF,openfigi_validado,isin,B. Santander BR,BRL,2015-01-30,2016-02-29,14,2,0.3284353937202648,0.1541861964211907,0.5204810272638322,otro_o_no_determinado,baja,renta_variable,baja,Europa,media,Mercado amplio,media,No determinado,media,VGK,media,regla textual: \bEUROPE\b|\bEURO\b|CONT EUR|EUROPEAN,SANBBZ8031816REGS,SANBBZ 8 03 18 16 REGS BANCO SANTANDER BRAS CI EURO NON DOLLAR CORP CORP,RESIDUAL_NO_MAPEADO,No determinado,Mercado amplio o no determinado,No determinado,baja,nombre::\bEUROPE\b|\bEURO\b|CONT EUR|EUROPEAN,True,True,True
BBG004D955F4,IE00B5769310,GAMCOIU,GAMCOIU,GAM STAR CREDIT OPP-INST USD,Open-End Fund,Mutual Fund,Equity,ID,openfigi_validado,isin,GAM Internation,USD,2017-01-31,2019-04-30,28,1,2.4955181771810686,1.5510087754635409,3.8638422763540383,fondo_mutuo_o_abierto,media,renta_fija,alta,No determinado,baja,Renta fija,baja,No determinado,baja,LQD,baja,regla textual: \bDEBT\b|\bDEUDA\b|\bBOND\b|\bCREDIT\b|FIXED INCOME,GAMCOIU,GAMCOIU GAM STAR CREDIT OPP INST USD OPEN END FUND MUTUAL FUND EQUITY,LQD,No determinado,Mercado amplio o no determinado,No determinado,baja,nombre::\bDEBT\b|\bDEUDA\b|\bBOND\b|\bCREDIT\b|FIXED INCOME,False,False,True
BBG004JD4ZM6,LU0912263752,ASHMDIU,ASHMDIU,ASHMORE-EMER MKTS DEBT-INST,Open-End Fund,Mutual Fund,Equity,LX,openfigi_validado,isin,Northern Trust,USD,2019-04-30,2020-01-31,10,1,0.9379785682999886,0.4739546342554909,1.868963084980813,fondo_mutuo_o_abierto,media,renta_fija,alta,No determinado,baja,Renta fija,baja,No determinado,baja,LQD,baja,regla textual: \bDEBT\b|\bDEUDA\b|\bBOND\b|\bCREDIT\b|FIXED INCOME,ASHMDIU,ASHMDIU ASHMORE EMER MKTS DEBT INST OPEN END FUND MUTUAL FUND EQUITY,LQD,No determinado,Mercado amplio o no determinado,No determinado,baja,nombre::\bDEBT\b|\bDEUDA\b|\bBOND\b|\bCREDIT\b|FIXED INCOME,False,False,True
BBG004LMH3Z6,US97717X6691,DGRW,DGRW,WISDOMTREE U.S. QUALITY DIVI,ETP,Mutual Fund,Equity,US,openfigi_validado,isin,WisdomTreeAsset,USD,2017-06-30,2023-02-28,29,2,2.6199109583858595,1.2255795838376475,6.048759291930659,etf_etp,alta,renta_variable,alta,Estados Unidos,media,Factor calidad,media,No determinado,media,SPY,media,regla textual: \bQUALITY\b|QUALITY GROWTH,DGRW,DGRW WISDOMTREE U S QUALITY DIVI ETP MUTUAL FUND EQUITY,SPY,No determinado,Factor calidad,No determinado,baja,nombre::\bQUALITY\b|QUALITY GROWTH,False,True,False
BBG004LT7VK6,IE00B95PGT31,VDJPJPY,VDJP,VANG FTSE JPN USDD,ETP,Mutual Fund,Equity,X2,openfigi_validado,isin,Vanguard Grp Ir,USD,2015-11-30,2021-10-29,63,2,3.5753958574209954,1.4719499208208928,5.871492363189825,etf_etp,alta,renta_variable,alta,Japón,alta,Mercado amplio,alta,FTSE Japan,alta,EWJ,alta,regla exacta de ticker VDJP,VDJP,VDJPJPY VANG FTSE JPN USDD ETP MUTUAL FUND EQUITY,RESIDUAL_NO_MAPEADO,No determinado,Mercado amplio o no determinado,No determinado,baja,ticker::VDJP,True,True,True
BBG004T58LZ5,US78468R8530,SPSM,SPSM,SS SPDR P S&P 600 SMALL CAP,ETP,Mutual Fund,Equity,US,openfigi_validado,isin,"SSGA Funds Management, Inc.",USD,2023-01-31,2025-02-28,21,1,3.0380288435839864,0.9588322476658556,5.850636628743046,etf_etp,alta,renta_variable,alta,Estados Unidos,alta,Pequeña capitalización,alta,S&P SmallCap 600,alta,SPY,alta,regla exacta de ticker SPSM,SPSM,SPSM SS SPDR P S P 600 SMALL CAP ETP MUTUAL FUND EQUITY,RESIDUAL_NO_MAPEADO,No determinado,Pequeña capitalización,No determinado,baja,ticker::SPSM,True,True,False
BBG004WG48J8,LU0939496179,LSMMEQI,LSMMEQI,LARRAINVIAL-LATAM EQUITY-I,Open-End Fund,Mutual Fund,Equity,LX,openfigi_validado,isin,LARRAINVIAL ASSET MANAGEMENT SICAV,USD,2022-03-31,2026-01-30,47,3,1.7052979493583909,0.7005703514724889,3.108766713721512,fondo_mutuo_o_abierto,media,renta_variable,alta,América Latina,media,Mercado amplio,media,No determinado,media,ILF,media,regla textual: LATIN AMERICA|LATINOAMERI|\bLATAM\b,LSMMEQI,LSMMEQI LARRAINVIAL LATAM EQUITY I OPEN END FUND MUTUAL FUND EQUITY,ILF,América Latina,Mercado amplio o no determinado,No determinado,media,nombre::LATIN AMERICA|LATINOAMERI|\bLATAM\b,False,False,True
BBG004Z23406,IE00B3CTGR43,GAMSJUA,GAMSJUA,GAM JAPAN LEADERS-USD INS4A,Open-End Fund,Mutual Fund,Equity,ID,openfigi_validado,isin,GAM Fund Manage,USD,2018-09-28,2022-04-29,44,1,0.4217517261866113,1.5142968743552172e-06,0.6972255136555536,fondo_mutuo_o_abierto,media,renta_variable,alta,Japón,media,Mercado amplio,media,No determinado,media,EWJ,media,regla textual: \bJAPAN\b|\bJPN\b|JAPANESE,GAMSJUA,GAMSJUA GAM JAPAN LEADERS USD INS4A OPEN END FUND MUTUAL FUND EQUITY,EWJ,Japón,Mercado amplio o no determinado,No determinado,media,nombre::\bJAPAN\b|\bJPN\b|JAPANESE,False,False,True
BBG005HJL932,US2330518794,ASHRGBP,ASHR,XTRACKERS HARVEST CSI 300 CH,ETP,Mutual Fund,Equity,X2,openfigi_validado,isin,DBX Advisors LL,USD,2020-01-31,2025-05-30,56,4,3.0136201291127604,0.6446338578148595,5.470275037671445,etf_etp,alta,renta_variable,alta,China,alta,Mercado amplio,alta,CSI 300,alta,MCHI,alta,regla exacta de ticker ASHR,ASHR,ASHRGBP XTRACKERS HARVEST CSI 300 CH ETP MUTUAL FUND EQUITY,RESIDUAL_NO_MAPEADO,No determinado,Mercado amplio o no determinado,No determinado,baja,ticker::ASHR,True,True,True
BBG00614GBC1,IE00BHWQNN83,COMGEUI,COMGEUI,COMGEST GROWTH EURO OP-EURIA,Open-End Fund,Mutual Fund,Equity,ID,openfigi_validado,isin,Comgest AMI,EUR,2020-12-31,2023-01-31,26,1,2.1054774961060443,1.0399644583022531,4.203672596060086,fondo_mutuo_o_abierto,media,renta_variable,alta,Europa,media,Mercado amplio,media,No determinado,media,VGK,media,regla textual: \bEUROPE\b|\bEURO\b|CONT EUR|EUROPEAN,COMGEUI,COMGEUI COMGEST GROWTH EURO OP EURIA OPEN END FUND MUTUAL FUND EQUITY,RESIDUAL_NO_MAPEADO,No determinado,Mercado amplio o no determinado,No determinado,baja,nombre::\bEUROPE\b|\bEURO\b|CONT EUR|EUROPEAN,True,True,True
BBG0063G4FX3,US33738R7044,AIRR,AIRR,FIRST TRUST RBA AMERICAN IND,ETP,Mutual Fund,Equity,US,openfigi_validado,isin,First Trust Advisors L.P.,USD,2024-04-30,2026-01-30,13,3,3.0765196313528547,1.4597476978920254,5.189841469588253,etf_etp,alta,renta_variable,alta,Estados Unidos,alta,Industriales,alta,American Industrial Renaissance,alta,XLI,alta,regla exacta de ticker AIRR,AIRR,AIRR FIRST TRUST RBA AMERICAN IND ETP MUTUAL FUND EQUITY,RESIDUAL_NO_MAPEADO,No determinado,Mercado amplio o no determinado,No determinado,baja,ticker::AIRR,True,True,True
BBG006B70NT6,IE00BKM4GZ66,EMIMHUF,EMIM,ISHARES CORE EM IMI ACC,ETP,Mutual Fund,Equity,EO,openfigi_validado,isin,BlackRock AMIL,USD,2019-02-28,2022-06-30,41,2,5.693596499647864,0.9529705068788408,10.364192426671902,etf_etp,alta,renta_variable,alta,Mercados emergentes,alta,Mercado amplio,alta,MSCI Emerging Markets IMI,alta,EEM,alta,regla exacta de ticker EMIM,EMIM,EMIMHUF ISHARES CORE EM IMI ACC ETP MUTUAL FUND EQUITY,EEM,Mercados emergentes,Mercado amplio o no determinado,MSCI Emerging Markets IMI,alta,ticker::EMIM,False,False,True
BBG006S5D517,US46434V6395,HEZU,HEZU,ISHARES CURRENCY HEDGED MSCI,ETP,Mutual Fund,Equity,US,openfigi_validado,isin,BlackRock USA,USD,2016-03-31,2019-07-31,30,1,4.918182113190669,1.6605234359687224,7.91350756699251,etf_etp,alta,renta_variable,alta,Eurozona,alta,Mercado amplio,alta,MSCI Eurozone Hedged,alta,VGK,alta,regla exacta de ticker HEZU,HEZU,HEZU ISHARES CURRENCY HEDGED MSCI ETP MUTUAL FUND EQUITY,SPY,Estados Unidos,Mercado amplio o no determinado,No determinado,media,ticker::HEZU,True,True,True
BBG006XYRWF9,US912810RH32,T 3.125 08/15/44,T3125081544,US TREASURY N/B,US GOVERNMENT,Bond,Govt,FRANKFURT,openfigi_validado,isin,TREASURY,USD,2015-01-30,2015-12-31,12,1,0.0242028648208301,0.0221253700890521,0.0411594667393125,otro_o_no_determinado,baja,renta_fija,alta,No determinado,baja,Renta fija,baja,No determinado,baja,LQD,baja,regla textual: \bDEBT\b|\bDEUDA\b|\bBOND\b|\bCREDIT\b|FIXED INCOME,T3125081544,T 3 125 08 15 44 US TREASURY N B US GOVERNMENT BOND GOVT,TLT,No determinado,Mercado amplio o no determinado,No determinado,media,nombre::\bDEBT\b|\bDEUDA\b|\bBOND\b|\bCREDIT\b|FIXED INCOME,True,False,True
BBG007GY22Y8,US912810RJ97,T 3 11/15/44,T3111544,US TREASURY N/B,US GOVERNMENT,Bond,Govt,FRANKFURT,openfigi_validado,isin,TREASURY,USD,2015-01-30,2016-08-31,6,2,2.770004362829432,0.5569213539112,4.250050808480502,otro_o_no_determinado,baja,renta_fija,alta,No determinado,baja,Renta fija,baja,No determinado,baja,LQD,baja,regla textual: \bDEBT\b|\bDEUDA\b|\bBOND\b|\bCREDIT\b|FIXED INCOME,T3111544,T 3 11 15 44 US TREASURY N B US GOVERNMENT BOND GOVT,TLT,No determinado,Mercado amplio o no determinado,No determinado,media,nombre::\bDEBT\b|\bDEUDA\b|\bBOND\b|\bCREDIT\b|FIXED INCOME,True,False,True
BBG007PB9N20,US97717X5784,XSOE,XSOE,WISDMTREE EMERG MKT EX-ST OW,ETP,Mutual Fund,Equity,US,openfigi_validado,isin,WisdomTreeAsset,USD,2019-10-31,2023-08-31,39,3,3.379319307768798,0.1670836028613805,5.66087449986767,etf_etp,alta,renta_variable,alta,Mercados emergentes,alta,Mercado amplio,alta,Emerging Markets ex State Owned,alta,EEM,alta,regla exacta de ticker XSOE,XSOE,XSOE WISDMTREE EMERG MKT EX ST OW ETP MUTUAL FUND EQUITY,RESIDUAL_NO_MAPEADO,No determinado,Mercado amplio o no determinado,No determinado,baja,ticker::XSOE,True,True,True
BBG007T9G2T0,IE00BQ1YBP44,CGJPYIA,CGJPYIA,COMGEST GROWTH JAPAN-YEN IA,Open-End Fund,Mutual Fund,Equity,ID,openfigi_validado,isin,Comgest AMI,JPY,2018-10-31,2025-06-30,81,2,2.8863654507963616,0.0841208506474463,5.435581139685213,fondo_mutuo_o_abierto,media,renta_variable,alta,Japón,media,Mercado amplio,media,No determinado,media,EWJ,media,regla textual: \bJAPAN\b|\bJPN\b|JAPANESE,CGJPYIA,CGJPYIA COMGEST GROWTH JAPAN YEN IA OPEN END FUND MUTUAL FUND EQUITY,EWJ,Japón,Mercado amplio o no determinado,No determinado,media,nombre::\bJAPAN\b|\bJPN\b|JAPANESE,False,False,True
BBG0080FGDF6,LU0675296932,GFESMIC,GFESMIC,GROUPAMA AVENIR EUROPE-ICEUR,Open-End Fund,Mutual Fund,Equity,LX,openfigi_validado,isin,GRAM,EUR,2018-09-28,2026-01-30,89,1,2.5557381734322533,0.2207626347633849,4.994334423928478,fondo_mutuo_o_abierto,media,renta_variable,alta,Europa,media,Mercado amplio,media,No determinado,media,VGK,media,regla textual: \bEUROPE\b|\bEURO\b|CONT EUR|EUROPEAN,GFESMIC,GFESMIC GROUPAMA AVENIR EUROPE ICEUR OPEN END FUND MUTUAL FUND EQUITY,VGK,Europa,Mercado amplio o no determinado,No determinado,media,nombre::\bEUROPE\b|\bEURO\b|CONT EUR|EUROPEAN,False,False,True
BBG0082Y4J81,USP2205JAK62,CENSUD 5.15 02/12/25 REGS,CENSUD515021225REGS,CENCOSUD SA,EURO-DOLLAR,Corp,Corp,TRACE,openfigi_validado,isin,CENCOSUD,USD,2015-05-29,2015-10-30,6,1,0.3537861259336156,0.3244413908348736,0.5349614402087409,otro_o_no_determinado,baja,renta_variable,baja,Europa,media,Mercado amplio,media,No determinado,media,VGK,media,regla textual: \bEUROPE\b|\bEURO\b|CONT EUR|EUROPEAN,CENSUD515021225REGS,CENSUD 5 15 02 12 25 REGS CENCOSUD SA EURO DOLLAR CORP CORP,RESIDUAL_NO_MAPEADO,No determinado,Mercado amplio o no determinado,No determinado,baja,nombre::\bEUROPE\b|\bEURO\b|CONT EUR|EUROPEAN,True,True,True
BBG008HD2V04,LU1217871059,GSJEPJPY,GSJEP,GS JAPAN EQ PART PORT-IJPYAS,Open-End Fund,Mutual Fund,Equity,XH,openfigi_validado,isin,GOLDMAN SACHS ASSET MANAGEMENT,JPY,2024-10-31,2025-06-30,9,1,0.8004709972105009,1.962243445637236e-05,1.4984353554036312,fondo_mutuo_o_abierto,media,renta_variable,alta,Japón,media,Mercado amplio,media,No determinado,media,EWJ,media,regla textual: \bJAPAN\b|\bJPN\b|JAPANESE,GSJEP,GSJEPJPY GS JAPAN EQ PART PORT IJPYAS OPEN END FUND MUTUAL FUND EQUITY,EWJ,Japón,Mercado amplio o no determinado,No determinado,media,nombre::\bJAPAN\b|\bJPN\b|JAPANESE,False,False,True
BBG008LNYFB5,US46434V2824,LRGF,LRGF,ISHARES US EQUITY FACTOR ETF,ETP,Mutual Fund,Equity,US,openfigi_validado,isin,BlackRock USA,USD,2017-05-31,2018-04-30,12,1,2.343850837838092,1.9647529959940373,3.678882517821193,etf_etp,alta,renta_variable,alta,Estados Unidos,media,Mercado amplio,media,S&P 500 o mercado amplio de EE. UU.,media,SPY,media,regla textual: S P 500|S&P 500|US EQUITY|US RES EQ|USA EQUITY|US CORE EQUITY|US SMALL CAP,LRGF,LRGF ISHARES US EQUITY FACTOR ETF ETP MUTUAL FUND EQUITY,SPY,Estados Unidos,Mercado amplio o no determinado,No determinado,media,nombre::S P 500|S&P 500|US EQUITY|US RES EQ|USA EQUITY|US CORE EQUITY|US SMALL CAP,False,False,True
BBG008LRNG26,LU1220257130,MAFJFIU,MAFJFIU,MATTHEWS ASIA-JAPAN FD-I USD,Open-End Fund,Mutual Fund,Equity,LX,openfigi_validado,isin,Matthews Intern,USD,2020-01-31,2020-01-31,1,1,0.6387715029291409,0.6387715029291409,1.1848453575112774,fondo_mutuo_o_abierto,media,renta_variable,alta,Japón,media,Mercado amplio,media,No determinado,media,EWJ,media,regla textual: \bJAPAN\b|\bJPN\b|JAPANESE,MAFJFIU,MAFJFIU MATTHEWS ASIA JAPAN FD I USD OPEN END FUND MUTUAL FUND EQUITY,EWJ,Japón,Mercado amplio o no determinado,No determinado,media,nombre::\bJAPAN\b|\bJPN\b|JAPANESE,False,False,True
BBG008TMP932,LU1235249262,INGSACI,INGSACI,NTYONGSF-AL CHIN EQ-IACC USD,Open-End Fund,Mutual Fund,Equity,LX,openfigi_validado,isin,Investec Asset,USD,2019-06-28,2025-06-30,65,2,3.800326773641943,0.8724865078941765,7.732309879634921,fondo_mutuo_o_abierto,media,renta_variable,alta,China,media,Mercado amplio,media,No determinado,media,MCHI,media,regla textual: \bCHINA\b|CHIN EQ|CHINA A,INGSACI,INGSACI NTYONGSF AL CHIN EQ IACC USD OPEN END FUND MUTUAL FUND EQUITY,RESIDUAL_NO_MAPEADO,No determinado,Mercado amplio o no determinado,No determinado,baja,nombre::\bCHINA\b|CHIN EQ|CHINA A,True,True,True
BBG009BKDMM6,US46435G1022,ICVTUSD,ICVT,ISHARES CONVERTIBLE BOND ETF,ETP,Mutual Fund,Equity,X2,openfigi_validado,isin,BlackRock USA,USD,2020-08-31,2026-01-30,15,2,3.3809326633828927,2.078919534629603,6.875645373519658,etf_etp,alta,renta_fija,alta,Estados Unidos,alta,Bonos convertibles,alta,Convertible Bonds,alta,LQD,alta,regla exacta de ticker ICVT,ICVT,ICVTUSD ISHARES CONVERTIBLE BOND ETF ETP MUTUAL FUND EQUITY,LQD,Estados Unidos,Mercado amplio o no determinado,No determinado,baja,ticker::ICVT,False,False,True
BBG009H4FDX2,IE00BYYTL417,TOKMJPI,TOKMJPI,TOKIO MARINE-JPN EQ FOCUS-I,Open-End Fund,Mutual Fund,Equity,ID,openfigi_validado,isin,Tokio Marine,JPY,2016-12-30,2019-12-31,37,1,1.6735359302793753,0.5285522755750824,2.7016408263958978,fondo_mutuo_o_abierto,media,renta_variable,alta,Japón,media,Mercado amplio,media,No determinado,media,EWJ,media,regla textual: \bJAPAN\b|\bJPN\b|JAPANESE,TOKMJPI,TOKMJPI TOKIO MARINE JPN EQ FOCUS I OPEN END FUND MUTUAL FUND EQUITY,RESIDUAL_NO_MAPEADO,No determinado,Mercado amplio o no determinado,No determinado,baja,nombre::\bJAPAN\b|\bJPN\b|JAPANESE,True,True,True
BBG009LM8G86,LU1259265335,ESJDCJJ,ESJDCJJ,EASTSPRING JAPAN DY-CJ JPY,Open-End Fund,Mutual Fund,Equity,LX,openfigi_validado,isin,Eastspring Inv,JPY,2017-01-31,2026-01-30,101,2,3.775269081134221,0.5207450395834726,6.201377102599745,fondo_mutuo_o_abierto,media,renta_variable,alta,Japón,media,Mercado amplio,media,No determinado,media,EWJ,media,regla textual: \bJAPAN\b|\bJPN\b|JAPANESE,ESJDCJJ,ESJDCJJ EASTSPRING JAPAN DY CJ JPY OPEN END FUND MUTUAL FUND EQUITY,EWJ,Japón,Mercado amplio o no determinado,No determinado,media,nombre::\bJAPAN\b|\bJPN\b|JAPANESE,False,False,True
BBG009QNC524,LU1240965456,INVSACE,INVSACE,INVESCO EURO EQ-S ACC EUR,Open-End Fund,Mutual Fund,Equity,LX,openfigi_validado,isin,Invesco Managem,EUR,2016-10-31,2025-06-30,105,3,3.814123576543992,1.477410948824085,6.277083329635877,fondo_mutuo_o_abierto,media,renta_variable,alta,Europa,media,Mercado amplio,media,No determinado,media,VGK,media,regla textual: \bEUROPE\b|\bEURO\b|CONT EUR|EUROPEAN,INVSACE,INVSACE INVESCO EURO EQ S ACC EUR OPEN END FUND MUTUAL FUND EQUITY,RESIDUAL_NO_MAPEADO,No determinado,Mercado amplio o no determinado,No determinado,baja,nombre::\bEUROPE\b|\bEURO\b|CONT EUR|EUROPEAN,True,True,True
BBG009R4CNK6,US912810RN00,T 2.875 08/15/45,T2875081545,US TREASURY N/B,US GOVERNMENT,Bond,Govt,FRANKFURT,openfigi_validado,isin,TREASURY,USD,2015-08-31,2015-12-31,5,2,1.6304317064820328,0.0459734510351764,2.598831831416724,otro_o_no_determinado,baja,renta_fija,alta,No determinado,baja,Renta fija,baja,No determinado,baja,LQD,baja,regla textual: \bDEBT\b|\bDEUDA\b|\bBOND\b|\bCREDIT\b|FIXED INCOME,T2875081545,T 2 875 08 15 45 US TREASURY N B US GOVERNMENT BOND GOVT,TLT,No determinado,Mercado amplio o no determinado,No determinado,media,nombre::\bDEBT\b|\bDEUDA\b|\bBOND\b|\bCREDIT\b|FIXED INCOME,True,False,True
BBG00B9MWC87,IE00BYYJHR67,HSBUSHI,HSBUSHI,HSBC GLF-USD LIQUIDITY-H,Open-End Fund,Mutual Fund,Equity,ID,openfigi_validado,isin,HSBC GL Fund,USD,2019-10-31,2020-04-30,6,1,5.03034845415964,2.9043594066621274,10.417460217900851,fondo_mutuo_o_abierto,media,liquidez,alta,Global,media,Liquidez y equivalentes,media,No determinado,media,RESIDUAL_NO_MAPEADO,media,regla textual: \bLIQUIDITY\b|\bLIQUID\b|\bMONEY MARKET\b|\bLVNAV\b|\bCASH\b,HSBUSHI,HSBUSHI HSBC GLF USD LIQUIDITY H OPEN END FUND MUTUAL FUND EQUITY,RESIDUAL_NO_MAPEADO,No determinado,Mercado amplio o no determinado,No determinado,baja,nombre::\bLIQUIDITY\b|\bLIQUID\b|\bMONEY MARKET\b|\bLVNAV\b|\bCASH\b,False,True,True
BBG00BDQVDP3,IE00B4JNQZ49,IUFSHUF,IUFS,ISHARES S&P 500 FINANCIALS,ETP,Mutual Fund,Equity,EO,openfigi_validado,isin,BlackRock AMIL,USD,2018-08-31,2020-05-29,22,2,0.8336067725511144,0.565954928751356,1.385410091033686,etf_etp,alta,renta_variable,alta,Estados Unidos,media,Mercado amplio,media,S&P 500 o mercado amplio de EE. UU.,media,SPY,media,regla textual: S P 500|S&P 500|US EQUITY|US RES EQ|USA EQUITY|US CORE EQUITY|US SMALL CAP,IUFS,IUFSHUF ISHARES S P 500 FINANCIALS ETP MUTUAL FUND EQUITY,XLF,Estados Unidos,Finanzas,S&P 500,media,nombre::S P 500|S&P 500|US EQUITY|US RES EQ|USA EQUITY|US CORE EQUITY|US SMALL CAP,True,False,True
BBG00CW2H790,USP09252AK62,BANBOG 6.25 05/12/26 REGS,BANBOG625051226REGS,BANCO DE BOGOTA SA,EURO-DOLLAR,Corp,Corp,EUROMTF,openfigi_validado,isin,Banco de Bogotá,USD,2016-05-31,2016-06-30,2,1,0.2957106699443663,0.2840227203590431,0.468924621403451,otro_o_no_determinado,baja,renta_variable,baja,Europa,media,Mercado amplio,media,No determinado,media,VGK,media,regla textual: \bEUROPE\b|\bEURO\b|CONT EUR|EUROPEAN,BANBOG625051226REGS,BANBOG 6 25 05 12 26 REGS BANCO DE BOGOTA SA EURO DOLLAR CORP CORP,RESIDUAL_NO_MAPEADO,No determinado,Mercado amplio o no determinado,No determinado,baja,nombre::\bEUROPE\b|\bEURO\b|CONT EUR|EUROPEAN,True,True,True
BBG00DRMCCR4,LU1224039393,MONLAEI,MONLAEI,MONEDA LATIN AMERICA EQTYS-I,Open-End Fund,Mutual Fund,Equity,LX,openfigi_validado,isin,LEMANIK AM,USD,2020-01-31,2020-02-28,2,1,0.1707906284903953,0.1645861693552252,0.3446737334710688,fondo_mutuo_o_abierto,media,renta_variable,alta,América Latina,media,Mercado amplio,media,No determinado,media,ILF,media,regla textual: LATIN AMERICA|LATINOAMERI|\bLATAM\b,MONLAEI,MONLAEI MONEDA LATIN AMERICA EQTYS I OPEN END FUND MUTUAL FUND EQUITY,ILF,América Latina,Mercado amplio o no determinado,No determinado,media,nombre::LATIN AMERICA|LATINOAMERI|\bLATAM\b,False,False,True
BBG00F47WJD5,USP09252AL46,BANBOG 6.25 05/12/26 NOV,BANBOG625051226NOV,BANCO DE BOGOTA SA,EURO-DOLLAR,Corp,Corp,EUROMTF,openfigi_validado,isin,Banco de Bogotá,USD,2016-10-31,2016-10-31,1,1,0.2389177732645974,0.2389177732645974,0.4096482871871331,otro_o_no_determinado,baja,renta_variable,baja,Europa,media,Mercado amplio,media,No determinado,media,VGK,media,regla textual: \bEUROPE\b|\bEURO\b|CONT EUR|EUROPEAN,BANBOG625051226NOV,BANBOG 6 25 05 12 26 NOV BANCO DE BOGOTA SA EURO DOLLAR CORP CORP,RESIDUAL_NO_MAPEADO,No determinado,Mercado amplio o no determinado,No determinado,baja,nombre::\bEUROPE\b|\bEURO\b|CONT EUR|EUROPEAN,True,True,True
BBG00F5RQCH8,US912810RU43,T 2.875 11/15/46,T2875111546,US TREASURY N/B,US GOVERNMENT,Bond,Govt,FRANKFURT,openfigi_validado,isin,TREASURY,USD,2016-12-30,2016-12-30,1,1,1.5566634331378482,1.5566634331378482,2.562847120882041,otro_o_no_determinado,baja,renta_fija,alta,No determinado,baja,Renta fija,baja,No determinado,baja,LQD,baja,regla textual: \bDEBT\b|\bDEUDA\b|\bBOND\b|\bCREDIT\b|FIXED INCOME,T2875111546,T 2 875 11 15 46 US TREASURY N B US GOVERNMENT BOND GOVT,TLT,No determinado,Mercado amplio o no determinado,No determinado,media,nombre::\bDEBT\b|\bDEUDA\b|\bBOND\b|\bCREDIT\b|FIXED INCOME,True,False,True
BBG00G6CN3Y2,USA8372TAC20,SUZANO 7 03/16/47 REGS,SUZANO7031647REGS,SUZANO AUSTRIA GMBH,EURO-DOLLAR,Corp,Corp,TRACE,openfigi_validado,isin,Suzano GmbH,USD,2023-05-31,2023-06-30,2,1,0.2391180397889505,0.2372440408435902,0.6523001572069518,otro_o_no_determinado,baja,renta_variable,baja,Europa,media,Mercado amplio,media,No determinado,media,VGK,media,regla textual: \bEUROPE\b|\bEURO\b|CONT EUR|EUROPEAN,SUZANO7031647REGS,SUZANO 7 03 16 47 REGS SUZANO AUSTRIA GMBH EURO DOLLAR CORP CORP,RESIDUAL_NO_MAPEADO,No determinado,Mercado amplio o no determinado,No determinado,baja,nombre::\bEUROPE\b|\bEURO\b|CONT EUR|EUROPEAN,True,True,True
BBG00HYC3TN6,US5007678502,KGRNUSD,KGRN,KRANESHARES MSCI CHINA CLEAN,ETP,Mutual Fund,Equity,XH,openfigi_validado,isin,Krane Funds,USD,2021-02-26,2021-02-26,1,1,0.8618331140780674,0.8618331140780674,1.6422916758890256,etf_etp,alta,renta_variable,alta,China,media,Mercado amplio,media,No determinado,media,MCHI,media,regla textual: \bCHINA\b|CHIN EQ|CHINA A,KGRN,KGRNUSD KRANESHARES MSCI CHINA CLEAN ETP MUTUAL FUND EQUITY,MCHI,China,Mercado amplio o no determinado,MSCI China,media,nombre::\bCHINA\b|CHIN EQ|CHINA A,False,False,True
BBG00J3TFM33,USP9379RAZ03,EEPPME 8.375 11/08/27 REGS,EEPPME8375110827REGS,EMPRESAS PUBLIC MEDELLIN,EURO NON-DOLLAR,Corp,Corp,LUXEMBOURG,openfigi_validado,isin,EP Medellin,COP,2018-08-31,2020-01-31,18,1,0.3318904973572622,0.298201150962388,0.6601645789909855,otro_o_no_determinado,baja,renta_variable,baja,Europa,media,Mercado amplio,media,No determinado,media,VGK,media,regla textual: \bEUROPE\b|\bEURO\b|CONT EUR|EUROPEAN,EEPPME8375110827REGS,EEPPME 8 375 11 08 27 REGS EMPRESAS PUBLIC MEDELLIN EURO NON DOLLAR CORP CORP,RESIDUAL_NO_MAPEADO,No determinado,Mercado amplio o no determinado,No determinado,baja,nombre::\bEUROPE\b|\bEURO\b|CONT EUR|EUROPEAN,True,True,True
BBG00J4V9MF1,USG4808VAC49,INKENE 5.875 11/09/27 REGS,INKENE5875110927REGS,INKIA ENERGY LTD,EURO-DOLLAR,Corp,Corp,TRACE,openfigi_validado,isin,Inkia Energy,USD,2017-12-29,2022-11-30,3,1,0.3434869350622929,0.3105746218594045,0.5497499320562635,otro_o_no_determinado,baja,renta_variable,baja,Europa,media,Mercado amplio,media,No determinado,media,VGK,media,regla textual: \bEUROPE\b|\bEURO\b|CONT EUR|EUROPEAN,INKENE5875110927REGS,INKENE 5 875 11 09 27 REGS INKIA ENERGY LTD EURO DOLLAR CORP CORP,XLE,No determinado,Energía,No determinado,media,nombre::\bEUROPE\b|\bEURO\b|CONT EUR|EUROPEAN,True,True,True
BBG00JGGVLD0,LU1713307699,SCISCAC,SCISCAC,SCHRODER INTL SEL CHINA A-C,Open-End Fund,Mutual Fund,Equity,LX,openfigi_validado,isin,Schroder Investment Management (Europe) SA,USD,2020-12-31,2026-01-30,62,2,0.5318147551611061,2.8807837487686328e-05,1.0815269113447112,fondo_mutuo_o_abierto,media,renta_variable,alta,China,media,Mercado amplio,media,No determinado,media,MCHI,media,regla textual: \bCHINA\b|CHIN EQ|CHINA A,SCISCAC,SCISCAC SCHRODER INTL SEL CHINA A C OPEN END FUND MUTUAL FUND EQUITY,MCHI,China,Mercado amplio o no determinado,No determinado,media,nombre::\bCHINA\b|CHIN EQ|CHINA A,False,False,True
BBG00JR2T3G9,USP16259AM84,BBVASM V5.125 01/18/33 REGS,BBVASMV5125011833REGS,BBVA MEX BANCA GRUPO TX,EURO-DOLLAR,Corp,Corp,TRACE,openfigi_validado,isin,Bancomer,USD,2023-08-31,2023-10-31,3,1,0.2345936775995499,0.2294713463010928,0.6255156622708065,otro_o_no_determinado,baja,renta_variable,baja,Europa,media,Mercado amplio,media,No determinado,media,VGK,media,regla textual: \bEUROPE\b|\bEURO\b|CONT EUR|EUROPEAN,BBVASMV5125011833REGS,BBVASM V5 125 01 18 33 REGS BBVA MEX BANCA GRUPO TX EURO DOLLAR CORP CORP,RESIDUAL_NO_MAPEADO,No determinado,Mercado amplio o no determinado,No determinado,baja,nombre::\bEUROPE\b|\bEURO\b|CONT EUR|EUROPEAN,True,True,True
BBG00JSHSQC9,IE00BYPC1H27,CGOVUSD,CGOV,ISHARES CHINA CNY BOND USD-D,ETP,Mutual Fund,Equity,EO,openfigi_validado,isin,BlackRock AMIL,EUR,2022-02-28,2022-08-31,7,1,2.092771068402806,0.6317500123477173,4.665638501765549,etf_etp,alta,renta_fija,alta,No determinado,baja,Renta fija,baja,No determinado,baja,LQD,baja,regla textual: \bDEBT\b|\bDEUDA\b|\bBOND\b|\bCREDIT\b|FIXED INCOME,CGOV,CGOVUSD ISHARES CHINA CNY BOND USD D ETP MUTUAL FUND EQUITY,LQD,China,Mercado amplio o no determinado,No determinado,baja,nombre::\bDEBT\b|\bDEUDA\b|\bBOND\b|\bCREDIT\b|FIXED INCOME,False,True,True
BBG00JXJXB81,US5007678353,KURE,KURE,KRANESHARES MSCI ALL CHINA H,ETP,Mutual Fund,Equity,US,openfigi_validado,isin,Krane Funds,USD,2021-01-29,2021-02-26,2,1,0.857502366866685,0.4368398441454422,1.6340390919728909,etf_etp,alta,renta_variable,alta,China,media,Mercado amplio,media,No determinado,media,MCHI,media,regla textual: \bCHINA\b|CHIN EQ|CHINA A,KURE,KURE KRANESHARES MSCI ALL CHINA H ETP MUTUAL FUND EQUITY,MCHI,China,Mercado amplio o no determinado,No determinado,media,nombre::\bCHINA\b|CHIN EQ|CHINA A,False,False,True
BBG00K9RJ9Y9,LU1767066605,VOMSEMG,VOMSEMG,VONTBL-MTX EM MRK LEAD-G USD,Open-End Fund,Mutual Fund,Equity,LX,openfigi_validado,isin,Vontobel,USD,2018-05-31,2022-04-29,48,2,4.154908317057463,1.322010305192108,8.19329635494615,fondo_mutuo_o_abierto,media,renta_variable,alta,Mercados emergentes,media,Mercado amplio,media,No determinado,media,EEM,media,regla textual: EMERGING MARKET|EM MRK|EM ASIA|EMERG MKT|ASIAN OPPORT,VOMSEMG,VOMSEMG VONTBL MTX EM MRK LEAD G USD OPEN END FUND MUTUAL FUND EQUITY,RESIDUAL_NO_MAPEADO,No determinado,Mercado amplio o no determinado,No determinado,baja,nombre::EMERGING MARKET|EM MRK|EM ASIA|EMERG MKT|ASIAN OPPORT,True,True,True
BBG00KXH5265,US46138E8003,CQQQ,CQQQ,INVESCO CHINA TECHNOLOGY ETF,ETP,Mutual Fund,Equity,US,openfigi_validado,isin,Invesco Capital Management LLC,USD,2022-01-31,2026-01-30,12,3,2.766831620280554,0.6208394659704044,4.145636620640392,etf_etp,alta,renta_variable,alta,China,media,Mercado amplio,media,No determinado,media,MCHI,media,regla textual: \bCHINA\b|CHIN EQ|CHINA A,CQQQ,CQQQ INVESCO CHINA TECHNOLOGY ETF ETP MUTUAL FUND EQUITY,XLK,China,Tecnología,No determinado,media,nombre::\bCHINA\b|CHIN EQ|CHINA A,True,False,True
BBG00L52MHJ1,US46641Q2176,BBJP,BBJP,JPMORGAN BETABUILDERS JAPAN,ETP,Mutual Fund,Equity,US,openfigi_validado,isin,J.P. Morgan Investment Management Inc.,USD,2022-08-31,2026-01-30,38,4,6.553892796852878,1.6118783130214012,14.35605989844603,etf_etp,alta,renta_variable,alta,Japón,alta,Mercado amplio,alta,Japan Equity,alta,EWJ,alta,regla exacta de ticker BBJP,BBJP,BBJP JPMORGAN BETABUILDERS JAPAN ETP MUTUAL FUND EQUITY,EWJ,Japón,Mercado amplio o no determinado,No determinado,alta,ticker::BBJP,False,False,True
BBG00LQ0GKG5,LU1769937829,DIICEIC,DIICEIC,DWSI CROCI EURO-IC,Open-End Fund,Mutual Fund,Equity,LX,openfigi_validado,isin,Deutsche Asset,EUR,2018-09-28,2025-06-30,82,1,0.6250954941509086,0.0076628885302613,1.1621944750634838,fondo_mutuo_o_abierto,media,renta_variable,alta,Europa,media,Mercado amplio,media,No determinado,media,VGK,media,regla textual: \bEUROPE\b|\bEURO\b|CONT EUR|EUROPEAN,DIICEIC,DIICEIC DWSI CROCI EURO IC OPEN END FUND MUTUAL FUND EQUITY,RESIDUAL_NO_MAPEADO,No determinado,Mercado amplio o no determinado,No determinado,baja,nombre::\bEUROPE\b|\bEURO\b|CONT EUR|EUROPEAN,True,True,True
BBG00M4YWTV9,LU1866781336,GFAVEAC,GFAVEAC,GROUPAMA AVENIR EUROPE-ACEUR,Open-End Fund,Mutual Fund,Equity,LX,openfigi_validado,isin,GRAM,EUR,2018-10-31,2025-06-30,81,1,3.881724176348945,1.4580106593403463,6.586050836234728,fondo_mutuo_o_abierto,media,renta_variable,alta,Europa,media,Mercado amplio,media,No determinado,media,VGK,media,regla textual: \bEUROPE\b|\bEURO\b|CONT EUR|EUROPEAN,GFAVEAC,GFAVEAC GROUPAMA AVENIR EUROPE ACEUR OPEN END FUND MUTUAL FUND EQUITY,VGK,Europa,Mercado amplio o no determinado,No determinado,media,nombre::\bEUROPE\b|\bEURO\b|CONT EUR|EUROPEAN,False,False,True
BBG00PKFMNM9,CL0002535517,MDELAAE,MDELAAE,MONEDA DEUDA LATINOAMERI-AE,Closed-End Fund,Mutual Fund,Equity,CI,openfigi_validado,isin,Moneda S.A. AGF,USD,2019-12-31,2023-11-30,27,2,7.162187069456348,1.1124834553094516,18.00071393570374,fondo_mutuo_o_abierto,media,renta_fija,alta,América Latina,alta,Deuda latinoamericana,alta,No determinado,alta,HYG,alta,regla exacta de ticker MDELAAE,MDELAAE,MDELAAE MONEDA DEUDA LATINOAMERI AE CLOSED END FUND MUTUAL FUND EQUITY,LQD,América Latina,Mercado amplio o no determinado,No determinado,baja,ticker::MDELAAE,True,False,True
BBG00PKFMWP6,CL0002535566,MSCLAAE,MSCLAAE,MONEDA S/C LATINOAMERICA-AE,Closed-End Fund,Mutual Fund,Equity,CI,openfigi_validado,isin,Moneda S.A. AGF,USD,2020-02-28,2022-08-31,31,1,0.4928054370771811,0.3801649817683967,0.974480594076785,fondo_mutuo_o_abierto,media,renta_variable,alta,América Latina,media,Mercado amplio,media,No determinado,media,ILF,media,regla textual: LATIN AMERICA|LATINOAMERI|\bLATAM\b,MSCLAAE,MSCLAAE MONEDA S C LATINOAMERICA AE CLOSED END FUND MUTUAL FUND EQUITY,ILF,América Latina,Mercado amplio o no determinado,No determinado,media,nombre::LATIN AMERICA|LATINOAMERI|\bLATAM\b,False,False,True
BBG00PPPYQB4,USP9379RBA43,EEPPME 4.25 07/18/29 REGS,EEPPME425071829REGS,EMPRESAS PUBLIC MEDELLIN,EURO-DOLLAR,Corp,Corp,LONDON,openfigi_validado,isin,EP Medellin,USD,2022-09-30,2022-12-30,4,1,0.0988208434507664,0.088277438728836,0.2578837325597861,otro_o_no_determinado,baja,renta_variable,baja,Europa,media,Mercado amplio,media,No determinado,media,VGK,media,regla textual: \bEUROPE\b|\bEURO\b|CONT EUR|EUROPEAN,EEPPME425071829REGS,EEPPME 4 25 07 18 29 REGS EMPRESAS PUBLIC MEDELLIN EURO DOLLAR CORP CORP,RESIDUAL_NO_MAPEADO,No determinado,Mercado amplio o no determinado,No determinado,baja,nombre::\bEUROPE\b|\bEURO\b|CONT EUR|EUROPEAN,True,True,True
BBG00QLDYPJ7,LU2061828062,UBACIA3,UBACIA3,UBS EQ-ALL CHINA USD-IA3A,Open-End Fund,Mutual Fund,Equity,LX,openfigi_validado,isin,UBS,USD,2021-02-26,2023-12-29,35,1,1.0545721408134678,0.3704780489372647,2.0643062560511827,fondo_mutuo_o_abierto,media,renta_variable,alta,China,media,Mercado amplio,media,No determinado,media,MCHI,media,regla textual: \bCHINA\b|CHIN EQ|CHINA A,UBACIA3,UBACIA3 UBS EQ ALL CHINA USD IA3A OPEN END FUND MUTUAL FUND EQUITY,MCHI,China,Mercado amplio o no determinado,No determinado,media,nombre::\bCHINA\b|CHIN EQ|CHINA A,False,False,True
BBG00S90KJX8,LU1966825462,BEBEFIE,BEBEFIE,BERENBERG EUROPEAN FOC-I EUR,Open-End Fund,Mutual Fund,Equity,LX,openfigi_validado,isin,"Joh. Berenberg,",EUR,2020-12-31,2026-01-30,62,2,1.004816983036147,0.0508984761026358,1.8827352987268409,fondo_mutuo_o_abierto,media,renta_variable,alta,Europa,media,Mercado amplio,media,No determinado,media,VGK,media,regla textual: \bEUROPE\b|\bEURO\b|CONT EUR|EUROPEAN,BEBEFIE,BEBEFIE BERENBERG EUROPEAN FOC I EUR OPEN END FUND MUTUAL FUND EQUITY,VGK,Europa,Mercado amplio o no determinado,No determinado,media,nombre::\bEUROPE\b|\bEURO\b|CONT EUR|EUROPEAN,False,False,True
BBG00W901VD5,GB00BMCC1W62,LFMEOBE,LFMEOBE,PM MITON-EUROPEAN OP-BEURACC,Open-End Fund,Mutual Fund,Equity,LN,openfigi_validado,isin,Premier Portfolio Managers Ltd,EUR,2024-09-30,2026-01-30,17,1,0.4529278995943254,3.022973491670726e-07,0.8874188815110737,fondo_mutuo_o_abierto,media,renta_variable,alta,Europa,media,Mercado amplio,media,No determinado,media,VGK,media,regla textual: \bEUROPE\b|\bEURO\b|CONT EUR|EUROPEAN,LFMEOBE,LFMEOBE PM MITON EUROPEAN OP BEURACC OPEN END FUND MUTUAL FUND EQUITY,VGK,Europa,Mercado amplio o no determinado,No determinado,media,nombre::\bEUROPE\b|\bEURO\b|CONT EUR|EUROPEAN,False,False,True
BBG00XS6PBW6,US46138G6492,QQQM,QQQM,INVESCO NASDAQ 100 ETF,ETP,Mutual Fund,Equity,US,openfigi_validado,isin,Invesco Capital Management LLC,USD,2023-09-29,2025-12-31,27,3,12.001244245007255,5.498381830315674,21.562114266224945,etf_etp,alta,renta_variable,alta,Estados Unidos,alta,Tecnología y crecimiento,alta,Nasdaq-100,alta,QQQ,alta,regla exacta de ticker QQQM,QQQM,QQQM INVESCO NASDAQ 100 ETF ETP MUTUAL FUND EQUITY,QQQ,Estados Unidos,Mercado amplio,Nasdaq-100,alta,ticker::QQQM,False,False,True
BBG00Y71KLK4,USP0592VAA63,AUNA 6.5 11/20/25 REGS,AUNA65112025REGS,AUNA SA,EURO-DOLLAR,Corp,Corp,TRACE,openfigi_validado,isin,Auna,USD,2023-05-31,2023-11-30,7,1,0.2466069029602308,0.2079194700075657,0.569183174109808,otro_o_no_determinado,baja,renta_variable,baja,Europa,media,Mercado amplio,media,No determinado,media,VGK,media,regla textual: \bEUROPE\b|\bEURO\b|CONT EUR|EUROPEAN,AUNA65112025REGS,AUNA 6 5 11 20 25 REGS AUNA SA EURO DOLLAR CORP CORP,RESIDUAL_NO_MAPEADO,No determinado,Mercado amplio o no determinado,No determinado,baja,nombre::\bEUROPE\b|\bEURO\b|CONT EUR|EUROPEAN,True,True,True
BBG00ZKH6MT6,LU2308715312,ALCAOWU,ALCAOWU,ALLIANZ CHINA A OPOR-WT7,Open-End Fund,Mutual Fund,Equity,LX,openfigi_validado,isin,ALLIANZ,USD,2021-09-30,2025-06-30,46,2,1.3404521722902056,0.3751554376513391,3.805009947896635,fondo_mutuo_o_abierto,media,renta_variable,alta,China,media,Mercado amplio,media,No determinado,media,MCHI,media,regla textual: \bCHINA\b|CHIN EQ|CHINA A,ALCAOWU,ALCAOWU ALLIANZ CHINA A OPOR WT7 OPEN END FUND MUTUAL FUND EQUITY,MCHI,China,Mercado amplio o no determinado,No determinado,media,nombre::\bCHINA\b|CHIN EQ|CHINA A,False,False,True
BBG00ZS13Y65,IE00BNRQM384,EQQSEUR,EQQS,INVESCO NASDAQ-100 SWAP ACC,ETP,Mutual Fund,Equity,EO,openfigi_validado,isin,Invesco Investment Management Ltd,USD,2025-07-31,2025-12-31,6,1,10.564551835215628,7.100050866604954,15.363708142536586,etf_etp,alta,renta_variable,alta,Estados Unidos,alta,Tecnología y crecimiento,alta,Nasdaq-100,alta,QQQ,alta,regla exacta de ticker EQQS,EQQS,EQQSEUR INVESCO NASDAQ 100 SWAP ACC ETP MUTUAL FUND EQUITY,SPY,Estados Unidos,Mercado amplio,Nasdaq-100,media,ticker::EQQS,True,False,True
BBG013Y3WKR9,US97717Y5437,WTAI,WTAI,WISDOMTREE AI AND INNOVATION,ETP,Mutual Fund,Equity,US,openfigi_validado,isin,WisdomTree Asset Management Inc.,USD,2023-07-31,2026-01-30,18,1,3.480667868398064,0.7615157650483466,5.901688340452639,etf_etp,alta,renta_variable,alta,Global,alta,Inteligencia artificial,alta,AI and Innovation,alta,QQQ,alta,regla exacta de ticker WTAI,WTAI,WTAI WISDOMTREE AI AND INNOVATION ETP MUTUAL FUND EQUITY,RESIDUAL_NO_MAPEADO,No determinado,Mercado amplio o no determinado,No determinado,baja,ticker::WTAI,True,True,True
BBG01422NY49,LU2416422678,VOVCOIU,VOVCOIU,VONTOBEL-CREDIT OPPORT-IUSDA,Open-End Fund,Mutual Fund,Equity,LX,openfigi_validado,isin,Vontobel Asset Management S.A.,USD,2025-10-31,2026-01-30,4,1,0.5617454019641538,0.5507652573991648,0.9173213872832116,fondo_mutuo_o_abierto,media,renta_fija,alta,No determinado,baja,Renta fija,baja,No determinado,baja,LQD,baja,regla textual: \bDEBT\b|\bDEUDA\b|\bBOND\b|\bCREDIT\b|FIXED INCOME,VOVCOIU,VOVCOIU VONTOBEL CREDIT OPPORT IUSDA OPEN END FUND MUTUAL FUND EQUITY,LQD,No determinado,Mercado amplio o no determinado,No determinado,baja,nombre::\bDEBT\b|\bDEUDA\b|\bBOND\b|\bCREDIT\b|FIXED INCOME,False,False,True
BBG0159JP9N4,US912810TE82,TII 0.125 02/15/52,TII0125021552,TSY INFL IX N/B,US GOVERNMENT,Bond,Govt,FRANKFURT,openfigi_validado,isin,TREASURY,USD,2023-05-31,2023-05-31,1,1,0.9663270492569316,0.9663270492569316,2.2549274753874142,otro_o_no_determinado,baja,renta_fija,alta,No determinado,baja,Renta fija,baja,No determinado,baja,LQD,baja,regla textual: \bDEBT\b|\bDEUDA\b|\bBOND\b|\bCREDIT\b|FIXED INCOME,TII0125021552,TII 0 125 02 15 52 TSY INFL IX N B US GOVERNMENT BOND GOVT,TLT,No determinado,Mercado amplio o no determinado,No determinado,media,nombre::\bDEBT\b|\bDEUDA\b|\bBOND\b|\bCREDIT\b|FIXED INCOME,True,False,True
BBG01BY3ZP60,US97717Y4778,QGRW1USD,QGRW1,WISDOMTREE US QUALITY GROWTH,ETP,Mutual Fund,Equity,EO,openfigi_validado,isin,WisdomTree Asset Management Inc.,USD,2025-01-31,2025-12-31,12,1,4.625788220726236,3.369470553649214,7.820187051713974,etf_etp,alta,renta_variable,alta,Estados Unidos,media,Factor calidad,media,No determinado,media,SPY,media,regla textual: \bQUALITY\b|QUALITY GROWTH,QGRW1,QGRW1USD WISDOMTREE US QUALITY GROWTH ETP MUTUAL FUND EQUITY,SPY,No determinado,Factor calidad,No determinado,baja,nombre::\bQUALITY\b|QUALITY GROWTH,False,True,False
BBG01DVKBH56,US912810TN81,T 3.625 02/15/53,T3625021553,US TREASURY N/B,US GOVERNMENT,Bond,Govt,FRANKFURT,openfigi_validado,isin,TREASURY,USD,2023-04-28,2023-10-31,7,1,0.284938106871117,0.2721428132391317,0.8483482390251074,otro_o_no_determinado,baja,renta_fija,alta,No determinado,baja,Renta fija,baja,No determinado,baja,LQD,baja,regla textual: \bDEBT\b|\bDEUDA\b|\bBOND\b|\bCREDIT\b|FIXED INCOME,T3625021553,T 3 625 02 15 53 US TREASURY N B US GOVERNMENT BOND GOVT,TLT,No determinado,Mercado amplio o no determinado,No determinado,media,nombre::\bDEBT\b|\bDEUDA\b|\bBOND\b|\bCREDIT\b|FIXED INCOME,True,False,True
BBG01F6N6GN1,US912810TQ13,T 3.875 02/15/43,T3875021543,US TREASURY N/B,US GOVERNMENT,Bond,Govt,FRANKFURT,openfigi_validado,isin,TREASURY,USD,2023-04-28,2023-04-28,1,1,1.2527328487553802,1.2527328487553802,3.148491575216074,otro_o_no_determinado,baja,renta_fija,alta,No determinado,baja,Renta fija,baja,No determinado,baja,LQD,baja,regla textual: \bDEBT\b|\bDEUDA\b|\bBOND\b|\bCREDIT\b|FIXED INCOME,T3875021543,T 3 875 02 15 43 US TREASURY N B US GOVERNMENT BOND GOVT,TLT,No determinado,Mercado amplio o no determinado,No determinado,media,nombre::\bDEBT\b|\bDEUDA\b|\bBOND\b|\bCREDIT\b|FIXED INCOME,True,False,True
BBG01F6N6J46,US912810TP30,TII 1.5 02/15/53,TII15021553,TSY INFL IX N/B,US GOVERNMENT,Bond,Govt,FRANKFURT,openfigi_validado,isin,TREASURY,USD,2023-05-31,2023-10-31,6,2,0.5892956214409376,0.2808872494814649,1.3751233486990573,otro_o_no_determinado,baja,renta_fija,alta,No determinado,baja,Renta fija,baja,No determinado,baja,LQD,baja,regla textual: \bDEBT\b|\bDEUDA\b|\bBOND\b|\bCREDIT\b|FIXED INCOME,TII15021553,TII 1 5 02 15 53 TSY INFL IX N B US GOVERNMENT BOND GOVT,TLT,No determinado,Mercado amplio o no determinado,No determinado,media,nombre::\bDEBT\b|\bDEUDA\b|\bBOND\b|\bCREDIT\b|FIXED INCOME,True,False,True
BBG01G5ZXS48,US53656G4982,MAGSUSD,MAGS,ROUNDHILL MAGNIFICENT SEVEN,ETP,Mutual Fund,Equity,EO,openfigi_validado,isin,Roundhill Financial Inc.,USD,2024-09-30,2025-01-31,5,1,1.577959528315985,0.5712876886085292,2.928856646765382,etf_etp,alta,renta_variable,alta,No determinado,baja,Mercado amplio o no determinado,baja,No determinado,baja,XLF,media,sector o tema Finanzas,MAGS,MAGSUSD ROUNDHILL MAGNIFICENT SEVEN ETP MUTUAL FUND EQUITY,XLF,No determinado,Finanzas,No determinado,media,elimina_sector_por_custodio,False,False,True
BBG01GJ2QXX1,US912810TR95,T 3.625 05/15/53,T3625051553,US TREASURY N/B,US GOVERNMENT,Bond,Govt,FRANKFURT,openfigi_validado,isin,TREASURY,USD,2023-05-31,2023-10-31,6,2,1.7993302101436963,0.278311239600698,4.380097072332167,otro_o_no_determinado,baja,renta_fija,alta,No determinado,baja,Renta fija,baja,No determinado,baja,LQD,baja,regla textual: \bDEBT\b|\bDEUDA\b|\bBOND\b|\bCREDIT\b|FIXED INCOME,T3625051553,T 3 625 05 15 53 US TREASURY N B US GOVERNMENT BOND GOVT,TLT,No determinado,Mercado amplio o no determinado,No determinado,media,nombre::\bDEBT\b|\bDEUDA\b|\bBOND\b|\bCREDIT\b|FIXED INCOME,True,False,True
BBG01H504313,USP1S81BAA64,BBVASM V8.45 06/29/38 REGS,BBVASMV845062938REGS,BBVA MEX BANCA GRUPO TX,EURO-DOLLAR,Corp,Corp,TRACE,openfigi_validado,isin,Bancomer,USD,2023-11-30,2024-01-31,3,1,0.2616088031502159,0.2605229519348962,0.684509889740765,otro_o_no_determinado,baja,renta_variable,baja,Europa,media,Mercado amplio,media,No determinado,media,VGK,media,regla textual: \bEUROPE\b|\bEURO\b|CONT EUR|EUROPEAN,BBVASMV845062938REGS,BBVASM V8 45 06 29 38 REGS BBVA MEX BANCA GRUPO TX EURO DOLLAR CORP CORP,RESIDUAL_NO_MAPEADO,No determinado,Mercado amplio o no determinado,No determinado,baja,nombre::\bEUROPE\b|\bEURO\b|CONT EUR|EUROPEAN,True,True,True
BBG01HQWRRD9,US912810TT51,T 4.125 08/15/53,T4125081553,US TREASURY N/B,US GOVERNMENT,Bond,Govt,FRANKFURT,openfigi_validado,isin,TREASURY,USD,2023-08-31,2024-01-31,3,1,0.5878667937358302,0.4896346011254135,1.5504405800157928,otro_o_no_determinado,baja,renta_fija,alta,No determinado,baja,Renta fija,baja,No determinado,baja,LQD,baja,regla textual: \bDEBT\b|\bDEUDA\b|\bBOND\b|\bCREDIT\b|FIXED INCOME,T4125081553,T 4 125 08 15 53 US TREASURY N B US GOVERNMENT BOND GOVT,TLT,No determinado,Mercado amplio o no determinado,No determinado,media,nombre::\bDEBT\b|\bDEUDA\b|\bBOND\b|\bCREDIT\b|FIXED INCOME,True,False,True
BBG01KMC8D06,USL0415AAA18,AUNA 10 12/18/29 REGS,AUNA10121829REGS,AUNA SA,EURO-DOLLAR,Corp,Corp,TRACE,openfigi_validado,isin,Auna,USD,2023-12-29,2024-01-31,2,1,0.2427168744784514,0.2358062635473838,0.5837477436332417,otro_o_no_determinado,baja,renta_variable,baja,Europa,media,Mercado amplio,media,No determinado,media,VGK,media,regla textual: \bEUROPE\b|\bEURO\b|CONT EUR|EUROPEAN,AUNA10121829REGS,AUNA 10 12 18 29 REGS AUNA SA EURO DOLLAR CORP CORP,RESIDUAL_NO_MAPEADO,No determinado,Mercado amplio o no determinado,No determinado,baja,nombre::\bEUROPE\b|\bEURO\b|CONT EUR|EUROPEAN,True,True,True
BBG01L8YJKX8,US912810TX63,T 4.25 02/15/54,T425021554,US TREASURY N/B,US GOVERNMENT,Bond,Govt,FRANKFURT,openfigi_validado,isin,GOBIERNO DE LOS ESTADOS UNIDOS,USD,2024-04-30,2024-04-30,1,1,0.8037187588451088,0.8037187588451088,1.978594282209628,otro_o_no_determinado,baja,renta_fija,alta,No determinado,baja,Renta fija,baja,No determinado,baja,LQD,baja,regla textual: \bDEBT\b|\bDEUDA\b|\bBOND\b|\bCREDIT\b|FIXED INCOME,T425021554,T 4 25 02 15 54 US TREASURY N B US GOVERNMENT BOND GOVT,TLT,No determinado,Mercado amplio o no determinado,No determinado,media,nombre::\bDEBT\b|\bDEUDA\b|\bBOND\b|\bCREDIT\b|FIXED INCOME,True,False,True
BBG01LK8Y558,US912810TY47,TII 2.125 02/15/54,TII2125021554,TSY INFL IX N/B,US GOVERNMENT,Bond,Govt,Gettex,openfigi_validado,isin,GOBIERNO DE LOS ESTADOS UNIDOS,USD,2024-10-31,2024-10-31,1,1,1.0605709248270376,1.0605709248270376,1.9744015482986703,otro_o_no_determinado,baja,renta_fija,alta,No determinado,baja,Renta fija,baja,No determinado,baja,LQD,baja,regla textual: \bDEBT\b|\bDEUDA\b|\bBOND\b|\bCREDIT\b|FIXED INCOME,TII2125021554,TII 2 125 02 15 54 TSY INFL IX N B US GOVERNMENT BOND GOVT,TLT,No determinado,Mercado amplio o no determinado,No determinado,media,nombre::\bDEBT\b|\bDEUDA\b|\bBOND\b|\bCREDIT\b|FIXED INCOME,True,False,True
BBG01PV7RYK7,IE0001ZFMLN7,N100USD,N100,ISHARES NASDAQ 100 SWAP UCIT,ETP,Mutual Fund,Equity,EO,openfigi_validado,isin,BlackRock Asset Management Ireland Limited,USD,2025-09-30,2025-12-31,4,1,3.452035288834878,3.4202293728307733,5.516771980969335,etf_etp,alta,renta_variable,alta,Estados Unidos,alta,Tecnología y crecimiento,alta,Nasdaq-100,alta,QQQ,alta,regla textual: NASDAQ 100|NASDAQ-100,N100,N100USD ISHARES NASDAQ 100 SWAP UCIT ETP MUTUAL FUND EQUITY,SPY,Estados Unidos,Mercado amplio,Nasdaq-100,media,nombre::NASDAQ 100|NASDAQ-100,True,False,True
BBG01QKHSL31,US912810UE63,T 4.5 11/15/54,T45111554,US TREASURY N/B,US GOVERNMENT,Bond,Govt,FRANKFURT,openfigi_validado,isin,GOBIERNO DE LOS ESTADOS UNIDOS,USD,2024-11-29,2024-12-31,2,1,1.1212529120198491,0.5932622230650317,2.207541286036028,otro_o_no_determinado,baja,renta_fija,alta,No determinado,baja,Renta fija,baja,No determinado,baja,LQD,baja,regla textual: \bDEBT\b|\bDEUDA\b|\bBOND\b|\bCREDIT\b|FIXED INCOME,T45111554,T 4 5 11 15 54 US TREASURY N B US GOVERNMENT BOND GOVT,TLT,No determinado,Mercado amplio o no determinado,No determinado,media,nombre::\bDEBT\b|\bDEUDA\b|\bBOND\b|\bCREDIT\b|FIXED INCOME,True,False,True
BRCIELACNOR3,BRCIELACNOR3,,,,,,,,isin_no_resuelto,isin,Cielo,BRL,2016-08-31,2019-01-31,30,1,0.0962570566377593,0.044314022602053,0.1598342552617177,otro_o_no_determinado,baja,no_determinado,baja,No determinado,baja,No determinado,baja,No determinado,baja,RESIDUAL_NO_MAPEADO,baja,identidad económica no resuelta,,,RESIDUAL_NO_MAPEADO,No determinado,Mercado amplio o no determinado,No determinado,baja,isin_no_resuelto,False,False,True
CA5171036026,CA5171036026,,,,,,,,isin_no_resuelto,isin,Largo Resources,CAD,2021-03-31,2021-10-29,8,2,0.1537945721049733,0.1086267318309359,0.2885445611932878,otro_o_no_determinado,baja,no_determinado,baja,No determinado,baja,No determinado,baja,No determinado,baja,RESIDUAL_NO_MAPEADO,baja,identidad económica no resuelta,,,RESIDUAL_NO_MAPEADO,No determinado,Mercado amplio o no determinado,No determinado,baja,isin_no_resuelto,False,False,True
CA69480U2065,CA69480U2065,,,,,,,,isin_no_resuelto,isin,Pacific Rubiale,CAD,2015-01-30,2015-01-30,1,1,0.0441227926087273,0.0441227926087273,0.0779888121066244,otro_o_no_determinado,baja,no_determinado,baja,No determinado,baja,No determinado,baja,No determinado,baja,RESIDUAL_NO_MAPEADO,baja,identidad económica no resuelta,,,RESIDUAL_NO_MAPEADO,No determinado,Mercado amplio o no determinado,No determinado,baja,isin_no_resuelto,False,False,True
CVL79033FI12,CVL79033FI12,,,,,,,,isin_no_resuelto,isin,LARRAIN VIAL,USD,2015-01-30,2021-02-26,74,1,0.8822829773865979,0.497961101984203,1.4941499307571806,otro_o_no_determinado,baja,no_determinado,baja,No determinado,baja,No determinado,baja,No determinado,baja,RESIDUAL_NO_MAPEADO,baja,identidad económica no resuelta,,,RESIDUAL_NO_MAPEADO,No determinado,Mercado amplio o no determinado,No determinado,baja,isin_no_resuelto,False,False,True
GB0030810245,GB0030810245,,,,,,,,isin_no_resuelto,isin,THREADNEEDLE IN,EUR,2015-01-30,2019-01-31,49,1,1.647054989852253,0.7894616298912343,2.610925475922325,otro_o_no_determinado,baja,no_determinado,baja,No determinado,baja,No determinado,baja,No determinado,baja,RESIDUAL_NO_MAPEADO,baja,identidad económica no resuelta,,,RESIDUAL_NO_MAPEADO,No determinado,Mercado amplio o no determinado,No determinado,baja,isin_no_resuelto,False,False,True
GB00B8JYLC77,GB00B8JYLC77,,,,,,,,isin_no_resuelto,isin,Legg Mason Inv,GBP,2021-02-26,2022-08-31,19,1,0.5388144873114122,0.4192355338068693,1.0413823869718148,otro_o_no_determinado,baja,no_determinado,baja,No determinado,baja,No determinado,baja,No determinado,baja,RESIDUAL_NO_MAPEADO,baja,identidad económica no resuelta,,,RESIDUAL_NO_MAPEADO,No determinado,Mercado amplio o no determinado,No determinado,baja,isin_no_resuelto,False,False,True
GB00BZ0FTN58,GB00BZ0FTN58,,,,,,,,isin_no_resuelto,isin,M&G,USD,2018-03-30,2018-11-30,9,2,0.8073547378841673,0.6610905395079021,1.3210371057384396,otro_o_no_determinado,baja,no_determinado,baja,No determinado,baja,No determinado,baja,No determinado,baja,RESIDUAL_NO_MAPEADO,baja,identidad económica no resuelta,,,RESIDUAL_NO_MAPEADO,No determinado,Mercado amplio o no determinado,No determinado,baja,isin_no_resuelto,False,False,True
IE000NG9LZQ6,IE000NG9LZQ6,,,,,,,,isin_no_resuelto,isin,Carne Global Fund Managers (Ireland) Limited,USD,2023-08-31,2026-01-30,30,1,0.9294269888506728,2.0585793028122755e-06,2.4334824412080955,fondo_mutuo_o_abierto,media,renta_variable,baja,No determinado,media,No determinado,baja,No determinado,baja,RESIDUAL_NO_MAPEADO,baja,identidad económica no resuelta,,,ACWI,Global,Mercado amplio o no determinado,No determinado,media,isin_no_resuelto,True,True,True
IE00B138F130,IE00B138F130,,,,,,,,isin_no_resuelto,isin,Russell Investm,EUR,2018-08-31,2020-03-31,20,1,1.6735880631932851,1.156326065218731,3.209477258840732,otro_o_no_determinado,baja,renta_variable,alta,No determinado,media,No determinado,baja,No determinado,baja,RESIDUAL_NO_MAPEADO,baja,identidad económica no resuelta,,,SPY,Estados Unidos,Mercado amplio o no determinado,No determinado,media,isin_no_resuelto,True,True,True
IE00B41Q3618,IE00B41Q3618,,,,,,,,isin_no_resuelto,isin,Invesco Global,JPY,2016-07-29,2016-09-30,3,1,1.1577142240852183,1.154871032850196,1.9943973512819644,otro_o_no_determinado,baja,no_determinado,baja,No determinado,media,No determinado,baja,No determinado,baja,RESIDUAL_NO_MAPEADO,baja,identidad económica no resuelta,,,ACWI,Global,Mercado amplio o no determinado,No determinado,media,isin_no_resuelto,True,True,True
IE00BD9G0980,IE00BD9G0980,,,,,,,,isin_no_resuelto,isin,Invesco Global,EUR,2018-01-31,2018-08-31,8,1,1.6263683692312303,1.3962620205143268,2.66115111801328,otro_o_no_determinado,baja,no_determinado,baja,No determinado,media,No determinado,baja,No determinado,baja,RESIDUAL_NO_MAPEADO,baja,identidad económica no resuelta,,,ACWI,Global,Mercado amplio o no determinado,No determinado,media,isin_no_resuelto,True,True,True
IE00BGGJJ945,IE00BGGJJ945,,,,,,,,isin_no_resuelto,isin,Baillie Gifford,USD,2022-01-31,2024-09-30,33,1,0.0105924328911613,0.0055971806834422,0.0277881649412413,otro_o_no_determinado,baja,no_determinado,baja,No determinado,baja,No determinado,baja,No determinado,baja,RESIDUAL_NO_MAPEADO,baja,identidad económica no resuelta,,,RESIDUAL_NO_MAPEADO,No determinado,Mercado amplio o no determinado,No determinado,baja,isin_no_resuelto,False,False,True
LU0132199406,LU0132199406,,,,,,,,isin_no_resuelto,isin,PIONEER,USD,2015-01-30,2019-05-31,53,4,2.238216841358699,0.0753533519597753,3.837645407822193,otro_o_no_determinado,baja,no_determinado,baja,No determinado,baja,No determinado,baja,No determinado,baja,RESIDUAL_NO_MAPEADO,baja,identidad económica no resuelta,,,RESIDUAL_NO_MAPEADO,No determinado,Mercado amplio o no determinado,No determinado,baja,isin_no_resuelto,False,False,True
LU0132212944,LU0132212944,,,,,,,,isin_no_resuelto,isin,PIONEER,USD,2016-02-29,2017-08-31,19,1,1.6436541627286552,1.5419034574949149,2.8943846201768286,otro_o_no_determinado,baja,no_determinado,baja,No determinado,baja,No determinado,baja,No determinado,baja,RESIDUAL_NO_MAPEADO,baja,identidad económica no resuelta,,,RESIDUAL_NO_MAPEADO,No determinado,Mercado amplio o no determinado,No determinado,baja,isin_no_resuelto,False,False,True
LU0194163308,LU0194163308,,,,,,,,isin_no_resuelto,isin,Deutsche Asset,EUR,2018-01-31,2018-08-31,8,1,1.142643272494271,0.5168113902693235,1.8841382264471984,otro_o_no_determinado,baja,no_determinado,baja,No determinado,baja,No determinado,baja,No determinado,baja,RESIDUAL_NO_MAPEADO,baja,identidad económica no resuelta,,,RESIDUAL_NO_MAPEADO,No determinado,Mercado amplio o no determinado,No determinado,baja,isin_no_resuelto,False,False,True
LU0242142494,LU0242142494,,,,,,,,isin_no_resuelto,isin,NNIPL,USD,2015-09-30,2016-04-29,8,1,0.454530913700388,0.4444453927099449,0.6962247135741465,otro_o_no_determinado,baja,no_determinado,baja,No determinado,baja,No determinado,baja,No determinado,baja,RESIDUAL_NO_MAPEADO,baja,identidad económica no resuelta,,,RESIDUAL_NO_MAPEADO,No determinado,Mercado amplio o no determinado,No determinado,baja,isin_no_resuelto,False,False,True
LU0260871479,LU0260871479,,,,,,,,isin_no_resuelto,isin,FRANKLIN TEMP,USD,2015-01-30,2015-02-27,2,1,0.2276409313560265,0.2273317189686759,0.4012714192130229,otro_o_no_determinado,baja,no_determinado,baja,No determinado,baja,No determinado,baja,No determinado,baja,RESIDUAL_NO_MAPEADO,baja,identidad económica no resuelta,,,RESIDUAL_NO_MAPEADO,No determinado,Mercado amplio o no determinado,No determinado,baja,isin_no_resuelto,False,False,True
LU0325327566,LU0325327566,,,,,,,,isin_no_resuelto,isin,Pic Asset Ma Eu,USD,2019-07-31,2019-10-31,4,1,0.3893358249810817,0.3854472342691705,0.793299793711107,otro_o_no_determinado,baja,no_determinado,baja,No determinado,baja,No determinado,baja,No determinado,baja,RESIDUAL_NO_MAPEADO,baja,identidad económica no resuelta,,,RESIDUAL_NO_MAPEADO,No determinado,Mercado amplio o no determinado,No determinado,baja,isin_no_resuelto,False,False,True
LU0325328531,LU0325328531,,,,,,,,isin_no_resuelto,isin,Pic Asset Ma Eu,EUR,2016-07-29,2017-04-28,10,1,0.2978434940612912,0.2832324100100812,0.5021218432518454,otro_o_no_determinado,baja,no_determinado,baja,No determinado,baja,No determinado,baja,No determinado,baja,RESIDUAL_NO_MAPEADO,baja,identidad económica no resuelta,,,RESIDUAL_NO_MAPEADO,No determinado,Mercado amplio o no determinado,No determinado,baja,isin_no_resuelto,False,False,True
LU0345777493,LU0345777493,,,,,,,,isin_no_resuelto,isin,INVESTEC,USD,2015-01-30,2019-11-29,59,1,1.5038720694593457,0.8944103878507229,2.872515657210179,otro_o_no_determinado,baja,no_determinado,baja,No determinado,baja,No determinado,baja,No determinado,baja,RESIDUAL_NO_MAPEADO,baja,identidad económica no resuelta,,,RESIDUAL_NO_MAPEADO,No determinado,Mercado amplio o no determinado,No determinado,baja,isin_no_resuelto,False,False,True
LU0823432371,LU0823432371,,,,,,,,isin_no_resuelto,isin,BNP PARIBAS INV,EUR,2018-04-30,2026-01-30,94,1,1.943443095258336,0.0058738814907749,3.922075779871793,otro_o_no_determinado,baja,no_determinado,baja,No determinado,baja,No determinado,baja,No determinado,baja,RESIDUAL_NO_MAPEADO,baja,identidad económica no resuelta,,,RESIDUAL_NO_MAPEADO,No determinado,Mercado amplio o no determinado,No determinado,baja,isin_no_resuelto,False,False,True
LU1156968403,LU1156968403,,,,,,,,isin_no_resuelto,isin,ALLIANZ,USD,2018-02-28,2019-11-29,22,1,0.1971780294758453,0.0165959059356907,0.3234896922887094,otro_o_no_determinado,baja,no_determinado,baja,No determinado,baja,No determinado,baja,No determinado,baja,RESIDUAL_NO_MAPEADO,baja,identidad económica no resuelta,,,RESIDUAL_NO_MAPEADO,No determinado,Mercado amplio o no determinado,No determinado,baja,isin_no_resuelto,False,False,True
LU1232062742,LU1232062742,,,,,,,,isin_no_resuelto,isin,AZ Fund Managem,USD,2017-06-30,2023-09-29,76,1,0.1549174977407355,4.255673757979034e-07,0.2444568667037781,fondo_mutuo_o_abierto,media,renta_variable,baja,No determinado,baja,No determinado,baja,No determinado,baja,RESIDUAL_NO_MAPEADO,baja,identidad económica no resuelta,,,RESIDUAL_NO_MAPEADO,No determinado,Mercado amplio o no determinado,No determinado,baja,isin_no_resuelto,False,False,True
LU1273585916,LU1273585916,,,,,,,,isin_no_resuelto,isin,PIONEER,EUR,2017-11-30,2019-01-31,15,1,0.1341223418107085,0.0908425381437185,0.2208835675848852,otro_o_no_determinado,baja,no_determinado,baja,No determinado,baja,No determinado,baja,No determinado,baja,RESIDUAL_NO_MAPEADO,baja,identidad económica no resuelta,,,RESIDUAL_NO_MAPEADO,No determinado,Mercado amplio o no determinado,No determinado,baja,isin_no_resuelto,False,False,True
LU1562332939,LU1562332939,,,,,,,,isin_no_resuelto,isin,Henderson,JPY,2017-06-30,2020-05-29,36,1,0.5269894496533855,0.0002401473886507,0.8537357621411638,otro_o_no_determinado,baja,no_determinado,baja,No determinado,baja,No determinado,baja,No determinado,baja,RESIDUAL_NO_MAPEADO,baja,identidad económica no resuelta,,,RESIDUAL_NO_MAPEADO,No determinado,Mercado amplio o no determinado,No determinado,baja,isin_no_resuelto,False,False,True
LU1892591238,LU1892591238,,,,,,,,isin_no_resuelto,isin,DMS Investment,USD,2019-02-28,2023-07-31,19,1,0.7679931940020668,0.7121384616552175,1.575334807945025,otro_o_no_determinado,baja,no_determinado,baja,No determinado,baja,No determinado,baja,No determinado,baja,RESIDUAL_NO_MAPEADO,baja,identidad económica no resuelta,,,RESIDUAL_NO_MAPEADO,No determinado,Mercado amplio o no determinado,No determinado,baja,isin_no_resuelto,False,False,True
LU2091609516,LU2091609516,,,,,,,,isin_no_resuelto,isin,Jupiter Unit,EUR,2022-03-31,2023-02-28,12,1,0.4734691005508681,0.1998621152039766,1.2121512636343827,otro_o_no_determinado,baja,no_determinado,baja,No determinado,baja,No determinado,baja,No determinado,baja,RESIDUAL_NO_MAPEADO,baja,identidad económica no resuelta,,,RESIDUAL_NO_MAPEADO,No determinado,Mercado amplio o no determinado,No determinado,baja,isin_no_resuelto,False,False,True
PAI69PA00017,PAI69PA00017,,,,,,,,isin_no_resuelto,isin,Avianca,COP,2015-01-30,2015-07-31,7,1,0.2119042398745023,0.1879978393449807,0.3424136541267087,otro_o_no_determinado,baja,no_determinado,baja,No determinado,baja,No determinado,baja,No determinado,baja,RESIDUAL_NO_MAPEADO,baja,identidad económica no resuelta,,,RESIDUAL_NO_MAPEADO,No determinado,Mercado amplio o no determinado,No determinado,baja,isin_no_resuelto,False,False,True
PRIVFAEIPC13,PRIVFAEIPC13,,,,,,,,isin_no_resuelto,isin,Insight A XIII,USD,2025-03-31,2026-01-30,11,1,0.100265697183904,0.0709654261877482,0.1700067108930854,otro_o_no_determinado,baja,no_determinado,baja,No determinado,baja,No determinado,baja,No determinado,baja,RESIDUAL_NO_MAPEADO,baja,identidad económica no resuelta,,,RESIDUAL_NO_MAPEADO,No determinado,Mercado amplio o no determinado,No determinado,baja,isin_no_resuelto,False,False,True
PRIVFAEPLEP6,PRIVFAEPLEP6,,,,,,,,isin_no_resuelto,isin,"Platinum Equity Partners VI, LP",USD,2023-11-30,2026-01-30,27,1,0.4082284710184449,0.305280814684401,0.7674668687020989,accion_directa,media,renta_variable,alta,No determinado,baja,No determinado,baja,No determinado,baja,RESIDUAL_NO_MAPEADO,baja,identidad económica no resuelta,,,RESIDUAL_NO_MAPEADO,No determinado,Mercado amplio o no determinado,No determinado,baja,isin_no_resuelto,False,False,True
US05367G1004,US05367G1004,,,,,,,,isin_no_resuelto,isin,Avianca Holding,USD,2015-01-30,2015-11-30,11,1,0.0003973007967107,0.0003144409361594,0.0006274546531491,otro_o_no_determinado,baja,no_determinado,baja,No determinado,baja,No determinado,baja,No determinado,baja,RESIDUAL_NO_MAPEADO,baja,identidad económica no resuelta,,,RESIDUAL_NO_MAPEADO,No determinado,Mercado amplio o no determinado,No determinado,baja,isin_no_resuelto,False,False,True
US29274F1049,US29274F1049,,,,,,,,isin_no_resuelto,isin,ENERSIS,USD,2016-08-31,2020-02-28,43,1,0.1496236832450598,0.1167936863736363,0.2516133219778557,otro_o_no_determinado,baja,no_determinado,baja,No determinado,baja,No determinado,baja,No determinado,baja,RESIDUAL_NO_MAPEADO,baja,identidad económica no resuelta,,,RESIDUAL_NO_MAPEADO,No determinado,Mercado amplio o no determinado,No determinado,baja,isin_no_resuelto,False,False,True
US40053C1053,US40053C1053,,,,,,,,isin_no_resuelto,isin,Santander Mexic,USD,2015-05-29,2016-04-29,10,1,0.7625046175909185,0.5737540287144084,1.2128602006926776,otro_o_no_determinado,baja,no_determinado,baja,No determinado,baja,No determinado,baja,No determinado,baja,RESIDUAL_NO_MAPEADO,baja,identidad económica no resuelta,,,RESIDUAL_NO_MAPEADO,No determinado,Mercado amplio o no determinado,No determinado,baja,isin_no_resuelto,False,False,True
US4642867315,US4642867315,,,,,,,,isin_no_resuelto,isin,BlackRock USA,USD,2015-01-30,2016-10-31,11,3,2.2854390813264622,0.6449743826517802,3.580275091607728,otro_o_no_determinado,baja,no_determinado,baja,No determinado,media,No determinado,baja,No determinado,baja,RESIDUAL_NO_MAPEADO,baja,identidad económica no resuelta,,,SPY,Estados Unidos,Mercado amplio o no determinado,No determinado,media,isin_no_resuelto,True,True,True
US4642868487,US4642868487,,,,,,,,isin_no_resuelto,isin,BlackRock USA,USD,2015-01-30,2016-10-31,22,4,8.266939507400703,3.865193530057798,14.174490090093911,otro_o_no_determinado,baja,no_determinado,baja,No determinado,media,No determinado,baja,No determinado,baja,RESIDUAL_NO_MAPEADO,baja,identidad económica no resuelta,,,SPY,Estados Unidos,Mercado amplio o no determinado,No determinado,media,isin_no_resuelto,True,True,True
US4642868552,US4642868552,,,,,,,,isin_no_resuelto,isin,BlackRock USA,USD,2015-04-30,2015-12-31,9,1,0.4389844800139534,0.2614204299972952,0.6557620987107738,otro_o_no_determinado,baja,no_determinado,baja,No determinado,media,No determinado,baja,No determinado,baja,RESIDUAL_NO_MAPEADO,baja,identidad económica no resuelta,,,SPY,Estados Unidos,Mercado amplio o no determinado,No determinado,media,isin_no_resuelto,True,True,True
US46434V5488,US46434V5488,,,,,,,,isin_no_resuelto,isin,BlackRock USA,USD,2015-01-30,2015-12-31,12,2,2.253553467764017,0.0467856748498429,3.799321020391798,otro_o_no_determinado,baja,no_determinado,baja,No determinado,media,No determinado,baja,No determinado,baja,RESIDUAL_NO_MAPEADO,baja,identidad económica no resuelta,,,SPY,Estados Unidos,Mercado amplio o no determinado,No determinado,media,isin_no_resuelto,True,True,True
US5007676118,US5007676118,,,,,,,,isin_no_resuelto,isin,Krane Funds,USD,2021-02-26,2021-02-26,1,1,0.6703296223566605,0.6703296223566605,1.27736651204894,otro_o_no_determinado,baja,no_determinado,baja,No determinado,baja,No determinado,baja,No determinado,baja,RESIDUAL_NO_MAPEADO,baja,identidad económica no resuelta,,,RESIDUAL_NO_MAPEADO,No determinado,Mercado amplio o no determinado,No determinado,baja,isin_no_resuelto,False,False,True
US57060U1007,US57060U1007,,,,,,,,isin_no_resuelto,isin,VAN ECK,USD,2015-01-30,2016-11-30,12,3,2.4344848056203165,0.8892316988035984,4.087647224324252,otro_o_no_determinado,baja,no_determinado,baja,No determinado,baja,No determinado,baja,No determinado,baja,RESIDUAL_NO_MAPEADO,baja,identidad económica no resuelta,,,RESIDUAL_NO_MAPEADO,No determinado,Mercado amplio o no determinado,No determinado,baja,isin_no_resuelto,False,False,True
US5771308260,US5771308260,,,,,,,,isin_no_resuelto,isin,Matthews Intern,USD,2015-01-30,2016-05-31,17,1,1.0289666084482956,0.8111017108077218,1.6367017568649116,otro_o_no_determinado,baja,no_determinado,baja,No determinado,baja,No determinado,baja,No determinado,baja,RESIDUAL_NO_MAPEADO,baja,identidad económica no resuelta,,,RESIDUAL_NO_MAPEADO,No determinado,Mercado amplio o no determinado,No determinado,baja,isin_no_resuelto,False,False,True
US73935A1043,US73935A1043,,,,,,,,isin_no_resuelto,isin,BANK NEW YORK,USD,2015-01-30,2018-05-31,41,4,4.573169301749887,1.174432753565814,7.569395520746546,otro_o_no_determinado,baja,no_determinado,baja,No determinado,baja,No determinado,media,No determinado,baja,RESIDUAL_NO_MAPEADO,baja,identidad económica no resuelta,,,XLF,No determinado,Finanzas,No determinado,media,isin_no_resuelto,True,False,True
US92189F4946,US92189F4946,,,,,,,,isin_no_resuelto,isin,VAN ECK,USD,2018-05-31,2018-10-31,5,1,0.6901513835530486,0.511065500502138,1.131251955080541,otro_o_no_determinado,baja,no_determinado,baja,No determinado,baja,No determinado,baja,No determinado,baja,RESIDUAL_NO_MAPEADO,baja,identidad económica no resuelta,,,RESIDUAL_NO_MAPEADO,No determinado,Mercado amplio o no determinado,No determinado,baja,isin_no_resuelto,False,False,True
