fecha,dia_semana,afp,tiene_prediccion,fecha_en_archivo_mercados,factores_seleccionados,factores_disponibles,cobertura_factores_pct,lista_factores_disponibles,lista_factores_faltantes,causa_preliminar
2024-02-26,lunes,Habitat,True,True,2,2,100.0,ret_IDX_VIX | ret_COPX,,prediccion_disponible
2024-02-27,martes,Habitat,True,True,2,2,100.0,ret_IDX_VIX | ret_COPX,,prediccion_disponible
2024-02-28,miercoles,Habitat,True,True,2,2,100.0,ret_IDX_VIX | ret_COPX,,prediccion_disponible
2024-02-29,jueves,Habitat,True,True,2,2,100.0,ret_IDX_VIX | ret_COPX,,prediccion_disponible
2024-03-01,viernes,Habitat,True,True,2,2,100.0,ret_IDX_VIX | ret_COPX,,prediccion_disponible
2024-03-04,lunes,Habitat,True,True,2,2,100.0,ret_IDX_VIX | ret_COPX,,prediccion_disponible
2024-03-05,martes,Habitat,True,True,2,2,100.0,ret_IDX_VIX | ret_COPX,,prediccion_disponible
2024-03-06,miercoles,Habitat,True,True,2,2,100.0,ret_IDX_VIX | ret_COPX,,prediccion_disponible
2024-03-07,jueves,Habitat,True,True,2,2,100.0,ret_IDX_VIX | ret_COPX,,prediccion_disponible
2024-03-08,viernes,Habitat,True,True,2,2,100.0,ret_IDX_VIX | ret_COPX,,prediccion_disponible
2024-03-11,lunes,Habitat,True,True,2,2,100.0,ret_IDX_VIX | ret_COPX,,prediccion_disponible
2024-03-12,martes,Habitat,True,True,2,2,100.0,ret_IDX_VIX | ret_COPX,,prediccion_disponible
2024-03-13,miercoles,Habitat,True,True,2,2,100.0,ret_IDX_VIX | ret_COPX,,prediccion_disponible
2024-03-14,jueves,Habitat,True,True,2,2,100.0,ret_IDX_VIX | ret_COPX,,prediccion_disponible
2024-03-15,viernes,Habitat,True,True,2,2,100.0,ret_IDX_VIX | ret_COPX,,prediccion_disponible
2024-03-18,lunes,Habitat,True,True,2,2,100.0,ret_IDX_VIX | ret_COPX,,prediccion_disponible
2024-03-19,martes,Habitat,True,True,2,2,100.0,ret_IDX_VIX | ret_COPX,,prediccion_disponible
2024-03-20,miercoles,Habitat,True,True,2,2,100.0,ret_IDX_VIX | ret_COPX,,prediccion_disponible
2024-03-21,jueves,Habitat,True,True,2,2,100.0,ret_IDX_VIX | ret_COPX,,prediccion_disponible
2024-03-22,viernes,Habitat,True,True,2,2,100.0,ret_IDX_VIX | ret_COPX,,prediccion_disponible
2024-03-25,lunes,Habitat,True,True,2,2,100.0,ret_IDX_VIX | ret_COPX,,prediccion_disponible
2024-03-26,martes,Habitat,True,True,2,2,100.0,ret_IDX_VIX | ret_COPX,,prediccion_disponible
2024-03-27,miercoles,Habitat,True,True,2,2,100.0,ret_IDX_VIX | ret_COPX,,prediccion_disponible
2024-03-28,jueves,Habitat,True,True,2,2,100.0,ret_IDX_VIX | ret_COPX,,prediccion_disponible
2024-03-29,viernes,Habitat,False,True,2,0,0.0,,ret_IDX_VIX | ret_COPX,ningun_factor_seleccionado_disponible
2024-04-01,lunes,Habitat,False,True,2,0,0.0,,ret_IDX_VIX | ret_COPX,ningun_factor_seleccionado_disponible
2024-04-02,martes,Habitat,True,True,2,2,100.0,ret_IDX_VIX | ret_COPX,,prediccion_disponible
2024-04-03,miercoles,Habitat,True,True,2,2,100.0,ret_IDX_VIX | ret_COPX,,prediccion_disponible
2024-04-04,jueves,Habitat,True,True,2,2,100.0,ret_IDX_VIX | ret_COPX,,prediccion_disponible
2024-04-05,viernes,Habitat,True,True,2,2,100.0,ret_IDX_VIX | ret_COPX,,prediccion_disponible
2024-04-08,lunes,Habitat,True,True,2,2,100.0,ret_IDX_VIX | ret_COPX,,prediccion_disponible
2024-04-09,martes,Habitat,True,True,2,2,100.0,ret_IDX_VIX | ret_COPX,,prediccion_disponible
2024-04-10,miercoles,Habitat,True,True,2,2,100.0,ret_IDX_VIX | ret_COPX,,prediccion_disponible
2024-04-11,jueves,Habitat,True,True,2,2,100.0,ret_IDX_VIX | ret_COPX,,prediccion_disponible
2024-04-12,viernes,Habitat,True,True,2,2,100.0,ret_IDX_VIX | ret_COPX,,prediccion_disponible
2024-04-15,lunes,Habitat,True,True,2,2,100.0,ret_IDX_VIX | ret_COPX,,prediccion_disponible
2024-04-16,martes,Habitat,True,True,2,2,100.0,ret_IDX_VIX | ret_COPX,,prediccion_disponible
2024-04-17,miercoles,Habitat,True,True,2,2,100.0,ret_IDX_VIX | ret_COPX,,prediccion_disponible
2024-04-18,jueves,Habitat,True,True,2,2,100.0,ret_IDX_VIX | ret_COPX,,prediccion_disponible
2024-04-19,viernes,Habitat,True,True,2,2,100.0,ret_IDX_VIX | ret_COPX,,prediccion_disponible
2024-04-22,lunes,Habitat,True,True,2,2,100.0,ret_IDX_VIX | ret_COPX,,prediccion_disponible
2024-04-23,martes,Habitat,True,True,2,2,100.0,ret_IDX_VIX | ret_COPX,,prediccion_disponible
2024-04-24,miercoles,Habitat,True,True,2,2,100.0,ret_IDX_VIX | ret_COPX,,prediccion_disponible
2024-04-25,jueves,Habitat,True,True,2,2,100.0,ret_IDX_VIX | ret_COPX,,prediccion_disponible
2024-04-26,viernes,Habitat,True,True,2,2,100.0,ret_IDX_VIX | ret_COPX,,prediccion_disponible
2024-04-29,lunes,Habitat,True,True,2,2,100.0,ret_IDX_VIX | ret_COPX,,prediccion_disponible
2024-04-30,martes,Habitat,True,True,2,2,100.0,ret_IDX_VIX | ret_COPX,,prediccion_disponible
2024-05-01,miercoles,Habitat,True,True,2,2,100.0,ret_IDX_VIX | ret_COPX,,prediccion_disponible
2024-05-02,jueves,Habitat,True,True,2,2,100.0,ret_IDX_VIX | ret_COPX,,prediccion_disponible
2024-05-03,viernes,Habitat,True,True,2,2,100.0,ret_IDX_VIX | ret_COPX,,prediccion_disponible
2024-05-06,lunes,Habitat,True,True,2,2,100.0,ret_IDX_VIX | ret_COPX,,prediccion_disponible
2024-05-07,martes,Habitat,True,True,2,2,100.0,ret_IDX_VIX | ret_COPX,,prediccion_disponible
2024-05-08,miercoles,Habitat,True,True,2,2,100.0,ret_IDX_VIX | ret_COPX,,prediccion_disponible
2024-05-09,jueves,Habitat,True,True,2,2,100.0,ret_IDX_VIX | ret_COPX,,prediccion_disponible
2024-05-10,viernes,Habitat,True,True,2,2,100.0,ret_IDX_VIX | ret_COPX,,prediccion_disponible
2024-05-13,lunes,Habitat,True,True,2,2,100.0,ret_IDX_VIX | ret_COPX,,prediccion_disponible
2024-05-14,martes,Habitat,True,True,2,2,100.0,ret_IDX_VIX | ret_COPX,,prediccion_disponible
2024-05-15,miercoles,Habitat,True,True,2,2,100.0,ret_IDX_VIX | ret_COPX,,prediccion_disponible
2024-05-16,jueves,Habitat,True,True,2,2,100.0,ret_IDX_VIX | ret_COPX,,prediccion_disponible
2024-05-17,viernes,Habitat,True,True,2,2,100.0,ret_IDX_VIX | ret_COPX,,prediccion_disponible
2024-05-20,lunes,Habitat,True,True,2,2,100.0,ret_IDX_VIX | ret_COPX,,prediccion_disponible
2024-05-21,martes,Habitat,True,True,2,2,100.0,ret_IDX_VIX | ret_COPX,,prediccion_disponible
2024-05-22,miercoles,Habitat,True,True,2,2,100.0,ret_IDX_VIX | ret_COPX,,prediccion_disponible
2024-05-23,jueves,Habitat,True,True,2,2,100.0,ret_IDX_VIX | ret_COPX,,prediccion_disponible
2024-05-24,viernes,Habitat,True,True,2,2,100.0,ret_IDX_VIX | ret_COPX,,prediccion_disponible
2024-05-27,lunes,Habitat,False,True,2,0,0.0,,ret_IDX_VIX | ret_COPX,ningun_factor_seleccionado_disponible
2024-05-28,martes,Habitat,False,True,2,0,0.0,,ret_IDX_VIX | ret_COPX,ningun_factor_seleccionado_disponible
2024-05-29,miercoles,Habitat,True,True,2,2,100.0,ret_IDX_VIX | ret_COPX,,prediccion_disponible
2024-05-30,jueves,Habitat,True,True,2,2,100.0,ret_IDX_VIX | ret_COPX,,prediccion_disponible
2024-05-31,viernes,Habitat,True,True,2,2,100.0,ret_IDX_VIX | ret_COPX,,prediccion_disponible
2024-06-03,lunes,Habitat,True,True,2,2,100.0,ret_IDX_VIX | ret_COPX,,prediccion_disponible
2024-06-04,martes,Habitat,True,True,2,2,100.0,ret_IDX_VIX | ret_COPX,,prediccion_disponible
2024-06-05,miercoles,Habitat,True,True,2,2,100.0,ret_IDX_VIX | ret_COPX,,prediccion_disponible
2024-06-06,jueves,Habitat,True,True,2,2,100.0,ret_IDX_VIX | ret_COPX,,prediccion_disponible
2024-06-07,viernes,Habitat,True,True,2,2,100.0,ret_IDX_VIX | ret_COPX,,prediccion_disponible
2024-06-10,lunes,Habitat,True,True,2,2,100.0,ret_IDX_VIX | ret_COPX,,prediccion_disponible
2024-06-11,martes,Habitat,True,True,2,2,100.0,ret_IDX_VIX | ret_COPX,,prediccion_disponible
2024-06-12,miercoles,Habitat,True,True,2,2,100.0,ret_IDX_VIX | ret_COPX,,prediccion_disponible
2024-06-13,jueves,Habitat,True,True,2,2,100.0,ret_IDX_VIX | ret_COPX,,prediccion_disponible
2024-06-14,viernes,Habitat,True,True,2,2,100.0,ret_IDX_VIX | ret_COPX,,prediccion_disponible
2024-06-17,lunes,Habitat,True,True,2,2,100.0,ret_IDX_VIX | ret_COPX,,prediccion_disponible
2024-06-18,martes,Habitat,True,True,2,2,100.0,ret_IDX_VIX | ret_COPX,,prediccion_disponible
2024-06-19,miercoles,Habitat,False,True,2,0,0.0,,ret_IDX_VIX | ret_COPX,ningun_factor_seleccionado_disponible
2024-06-20,jueves,Habitat,False,True,2,0,0.0,,ret_IDX_VIX | ret_COPX,ningun_factor_seleccionado_disponible
2024-06-21,viernes,Habitat,True,True,2,2,100.0,ret_IDX_VIX | ret_COPX,,prediccion_disponible
2024-06-24,lunes,Habitat,True,True,2,2,100.0,ret_IDX_VIX | ret_COPX,,prediccion_disponible
2024-06-25,martes,Habitat,True,True,2,2,100.0,ret_IDX_VIX | ret_COPX,,prediccion_disponible
2024-06-26,miercoles,Habitat,True,True,2,2,100.0,ret_IDX_VIX | ret_COPX,,prediccion_disponible
2024-06-27,jueves,Habitat,True,True,2,2,100.0,ret_IDX_VIX | ret_COPX,,prediccion_disponible
2024-06-28,viernes,Habitat,True,True,2,2,100.0,ret_IDX_VIX | ret_COPX,,prediccion_disponible
2024-07-01,lunes,Habitat,True,True,2,2,100.0,ret_IDX_VIX | ret_COPX,,prediccion_disponible
2024-07-02,martes,Habitat,True,True,2,2,100.0,ret_IDX_VIX | ret_COPX,,prediccion_disponible
2024-07-03,miercoles,Habitat,True,True,2,2,100.0,ret_IDX_VIX | ret_COPX,,prediccion_disponible
2024-07-04,jueves,Habitat,False,True,2,0,0.0,,ret_IDX_VIX | ret_COPX,ningun_factor_seleccionado_disponible
2024-07-05,viernes,Habitat,False,True,2,0,0.0,,ret_IDX_VIX | ret_COPX,ningun_factor_seleccionado_disponible
2024-07-08,lunes,Habitat,False,True,2,0,0.0,,ret_IDX_VIX | ret_COPX,ningun_factor_seleccionado_disponible
2024-07-09,martes,Habitat,True,True,2,2,100.0,ret_IDX_VIX | ret_COPX,,prediccion_disponible
2024-07-10,miercoles,Habitat,True,True,2,2,100.0,ret_IDX_VIX | ret_COPX,,prediccion_disponible
2024-07-11,jueves,Habitat,True,True,2,2,100.0,ret_IDX_VIX | ret_COPX,,prediccion_disponible
2024-07-12,viernes,Habitat,True,True,2,2,100.0,ret_IDX_VIX | ret_COPX,,prediccion_disponible
2024-07-15,lunes,Habitat,False,True,2,0,0.0,,ret_IDX_VIX | ret_COPX,ningun_factor_seleccionado_disponible
2024-07-16,martes,Habitat,True,True,2,2,100.0,ret_IDX_VIX | ret_COPX,,prediccion_disponible
2024-07-17,miercoles,Habitat,True,True,2,2,100.0,ret_IDX_VIX | ret_COPX,,prediccion_disponible
2024-07-18,jueves,Habitat,True,True,2,2,100.0,ret_IDX_VIX | ret_COPX,,prediccion_disponible
2024-07-19,viernes,Habitat,True,True,2,2,100.0,ret_IDX_VIX | ret_COPX,,prediccion_disponible
2024-07-22,lunes,Habitat,False,True,2,0,0.0,,ret_IDX_VIX | ret_COPX,ningun_factor_seleccionado_disponible
2024-07-23,martes,Habitat,True,True,2,2,100.0,ret_IDX_VIX | ret_COPX,,prediccion_disponible
2024-07-24,miercoles,Habitat,True,True,2,2,100.0,ret_IDX_VIX | ret_COPX,,prediccion_disponible
2024-07-25,jueves,Habitat,True,True,2,2,100.0,ret_IDX_VIX | ret_COPX,,prediccion_disponible
2024-07-26,viernes,Habitat,True,True,2,2,100.0,ret_IDX_VIX | ret_COPX,,prediccion_disponible
2024-07-29,lunes,Habitat,False,True,2,0,0.0,,ret_IDX_VIX | ret_COPX,ningun_factor_seleccionado_disponible
2024-07-30,martes,Habitat,True,True,2,2,100.0,ret_IDX_VIX | ret_COPX,,prediccion_disponible
2024-07-31,miercoles,Habitat,True,True,2,2,100.0,ret_IDX_VIX | ret_COPX,,prediccion_disponible
2024-08-01,jueves,Habitat,True,True,2,2,100.0,ret_IDX_VIX | ret_COPX,,prediccion_disponible
2024-08-02,viernes,Habitat,True,True,2,2,100.0,ret_IDX_VIX | ret_COPX,,prediccion_disponible
2024-08-05,lunes,Habitat,False,True,2,0,0.0,,ret_IDX_VIX | ret_COPX,ningun_factor_seleccionado_disponible
2024-08-06,martes,Habitat,True,True,2,2,100.0,ret_IDX_VIX | ret_COPX,,prediccion_disponible
2024-08-07,miercoles,Habitat,True,True,2,2,100.0,ret_IDX_VIX | ret_COPX,,prediccion_disponible
2024-08-08,jueves,Habitat,True,True,2,2,100.0,ret_IDX_VIX | ret_COPX,,prediccion_disponible
2024-08-09,viernes,Habitat,True,True,2,2,100.0,ret_IDX_VIX | ret_COPX,,prediccion_disponible
2024-08-12,lunes,Habitat,False,True,2,0,0.0,,ret_IDX_VIX | ret_COPX,ningun_factor_seleccionado_disponible
2024-08-13,martes,Habitat,True,True,2,2,100.0,ret_IDX_VIX | ret_COPX,,prediccion_disponible
2024-08-14,miercoles,Habitat,True,True,2,2,100.0,ret_IDX_VIX | ret_COPX,,prediccion_disponible
2024-08-15,jueves,Habitat,True,True,2,2,100.0,ret_IDX_VIX | ret_COPX,,prediccion_disponible
2024-08-16,viernes,Habitat,True,True,2,2,100.0,ret_IDX_VIX | ret_COPX,,prediccion_disponible
2024-08-19,lunes,Habitat,False,True,2,0,0.0,,ret_IDX_VIX | ret_COPX,ningun_factor_seleccionado_disponible
2024-08-20,martes,Habitat,True,True,2,2,100.0,ret_IDX_VIX | ret_COPX,,prediccion_disponible
2024-08-21,miercoles,Habitat,True,True,2,2,100.0,ret_IDX_VIX | ret_COPX,,prediccion_disponible
2024-08-22,jueves,Habitat,True,True,2,2,100.0,ret_IDX_VIX | ret_COPX,,prediccion_disponible
2024-08-23,viernes,Habitat,True,True,2,2,100.0,ret_IDX_VIX | ret_COPX,,prediccion_disponible
2024-08-26,lunes,Habitat,False,True,2,0,0.0,,ret_IDX_VIX | ret_COPX,ningun_factor_seleccionado_disponible
2024-08-27,martes,Habitat,True,True,2,2,100.0,ret_IDX_VIX | ret_COPX,,prediccion_disponible
2024-08-28,miercoles,Habitat,True,True,2,2,100.0,ret_IDX_VIX | ret_COPX,,prediccion_disponible
2024-08-29,jueves,Habitat,True,True,2,2,100.0,ret_IDX_VIX | ret_COPX,,prediccion_disponible
2024-08-30,viernes,Habitat,True,True,2,2,100.0,ret_IDX_VIX | ret_COPX,,prediccion_disponible
2024-09-02,lunes,Habitat,False,True,2,0,0.0,,ret_IDX_VIX | ret_COPX,ningun_factor_seleccionado_disponible
2024-09-03,martes,Habitat,False,True,2,1,50.0,ret_IDX_VIX,ret_COPX,faltan_factores_seleccionados
2024-09-04,miercoles,Habitat,True,True,2,2,100.0,ret_IDX_VIX | ret_COPX,,prediccion_disponible
2024-09-05,jueves,Habitat,True,True,2,2,100.0,ret_IDX_VIX | ret_COPX,,prediccion_disponible
2024-09-06,viernes,Habitat,True,True,2,2,100.0,ret_IDX_VIX | ret_COPX,,prediccion_disponible
2024-09-09,lunes,Habitat,False,True,2,0,0.0,,ret_IDX_VIX | ret_COPX,ningun_factor_seleccionado_disponible
2024-09-10,martes,Habitat,True,True,2,2,100.0,ret_IDX_VIX | ret_COPX,,prediccion_disponible
2024-09-11,miercoles,Habitat,True,True,2,2,100.0,ret_IDX_VIX | ret_COPX,,prediccion_disponible
2024-09-12,jueves,Habitat,True,True,2,2,100.0,ret_IDX_VIX | ret_COPX,,prediccion_disponible
2024-09-13,viernes,Habitat,True,True,2,2,100.0,ret_IDX_VIX | ret_COPX,,prediccion_disponible
2024-09-16,lunes,Habitat,False,True,2,0,0.0,,ret_IDX_VIX | ret_COPX,ningun_factor_seleccionado_disponible
2024-09-17,martes,Habitat,True,True,2,2,100.0,ret_IDX_VIX | ret_COPX,,prediccion_disponible
2024-09-18,miercoles,Habitat,True,True,2,2,100.0,ret_IDX_VIX | ret_COPX,,prediccion_disponible
2024-09-19,jueves,Habitat,True,True,2,2,100.0,ret_IDX_VIX | ret_COPX,,prediccion_disponible
2024-09-20,viernes,Habitat,True,True,2,2,100.0,ret_IDX_VIX | ret_COPX,,prediccion_disponible
2024-09-23,lunes,Habitat,False,True,2,0,0.0,,ret_IDX_VIX | ret_COPX,ningun_factor_seleccionado_disponible
2024-09-24,martes,Habitat,True,True,2,2,100.0,ret_IDX_VIX | ret_COPX,,prediccion_disponible
2024-09-25,miercoles,Habitat,True,True,2,2,100.0,ret_IDX_VIX | ret_COPX,,prediccion_disponible
2024-09-26,jueves,Habitat,True,True,2,2,100.0,ret_IDX_VIX | ret_COPX,,prediccion_disponible
2024-09-27,viernes,Habitat,True,True,2,2,100.0,ret_IDX_VIX | ret_COPX,,prediccion_disponible
2024-09-30,lunes,Habitat,False,True,2,0,0.0,,ret_IDX_VIX | ret_COPX,ningun_factor_seleccionado_disponible
2024-10-01,martes,Habitat,True,True,2,2,100.0,ret_IDX_VIX | ret_COPX,,prediccion_disponible
2024-10-02,miercoles,Habitat,True,True,2,2,100.0,ret_IDX_VIX | ret_COPX,,prediccion_disponible
2024-10-03,jueves,Habitat,True,True,2,2,100.0,ret_IDX_VIX | ret_COPX,,prediccion_disponible
2024-10-04,viernes,Habitat,True,True,2,2,100.0,ret_IDX_VIX | ret_COPX,,prediccion_disponible
2024-10-07,lunes,Habitat,False,True,2,0,0.0,,ret_IDX_VIX | ret_COPX,ningun_factor_seleccionado_disponible
2024-10-08,martes,Habitat,True,True,2,2,100.0,ret_IDX_VIX | ret_COPX,,prediccion_disponible
2024-10-09,miercoles,Habitat,True,True,2,2,100.0,ret_IDX_VIX | ret_COPX,,prediccion_disponible
2024-10-10,jueves,Habitat,True,True,2,2,100.0,ret_IDX_VIX | ret_COPX,,prediccion_disponible
2024-10-11,viernes,Habitat,True,True,2,2,100.0,ret_IDX_VIX | ret_COPX,,prediccion_disponible
2024-10-14,lunes,Habitat,False,True,2,0,0.0,,ret_IDX_VIX | ret_COPX,ningun_factor_seleccionado_disponible
2024-10-15,martes,Habitat,True,True,2,2,100.0,ret_IDX_VIX | ret_COPX,,prediccion_disponible
2024-10-16,miercoles,Habitat,True,True,2,2,100.0,ret_IDX_VIX | ret_COPX,,prediccion_disponible
2024-10-17,jueves,Habitat,True,True,2,2,100.0,ret_IDX_VIX | ret_COPX,,prediccion_disponible
2024-10-18,viernes,Habitat,True,True,2,2,100.0,ret_IDX_VIX | ret_COPX,,prediccion_disponible
2024-10-21,lunes,Habitat,False,True,2,0,0.0,,ret_IDX_VIX | ret_COPX,ningun_factor_seleccionado_disponible
2024-10-22,martes,Habitat,True,True,2,2,100.0,ret_IDX_VIX | ret_COPX,,prediccion_disponible
2024-10-23,miercoles,Habitat,True,True,2,2,100.0,ret_IDX_VIX | ret_COPX,,prediccion_disponible
2024-10-24,jueves,Habitat,True,True,2,2,100.0,ret_IDX_VIX | ret_COPX,,prediccion_disponible
2024-10-25,viernes,Habitat,True,True,2,2,100.0,ret_IDX_VIX | ret_COPX,,prediccion_disponible
2024-10-28,lunes,Habitat,False,True,2,0,0.0,,ret_IDX_VIX | ret_COPX,ningun_factor_seleccionado_disponible
2024-10-29,martes,Habitat,True,True,2,2,100.0,ret_IDX_VIX | ret_COPX,,prediccion_disponible
2024-10-30,miercoles,Habitat,True,True,2,2,100.0,ret_IDX_VIX | ret_COPX,,prediccion_disponible
2024-10-31,jueves,Habitat,True,True,2,2,100.0,ret_IDX_VIX | ret_COPX,,prediccion_disponible
2024-11-01,viernes,Habitat,True,True,2,2,100.0,ret_IDX_VIX | ret_COPX,,prediccion_disponible
2024-11-04,lunes,Habitat,False,True,2,0,0.0,,ret_IDX_VIX | ret_COPX,ningun_factor_seleccionado_disponible
2024-11-05,martes,Habitat,True,True,2,2,100.0,ret_IDX_VIX | ret_COPX,,prediccion_disponible
2024-11-06,miercoles,Habitat,True,True,2,2,100.0,ret_IDX_VIX | ret_COPX,,prediccion_disponible
2024-11-07,jueves,Habitat,True,True,2,2,100.0,ret_IDX_VIX | ret_COPX,,prediccion_disponible
2024-11-08,viernes,Habitat,True,True,2,2,100.0,ret_IDX_VIX | ret_COPX,,prediccion_disponible
2024-11-11,lunes,Habitat,False,True,2,0,0.0,,ret_IDX_VIX | ret_COPX,ningun_factor_seleccionado_disponible
2024-11-12,martes,Habitat,True,True,2,2,100.0,ret_IDX_VIX | ret_COPX,,prediccion_disponible
2024-11-13,miercoles,Habitat,True,True,2,2,100.0,ret_IDX_VIX | ret_COPX,,prediccion_disponible
2024-11-14,jueves,Habitat,True,True,2,2,100.0,ret_IDX_VIX | ret_COPX,,prediccion_disponible
2024-11-15,viernes,Habitat,True,True,2,2,100.0,ret_IDX_VIX | ret_COPX,,prediccion_disponible
2024-11-18,lunes,Habitat,False,True,2,0,0.0,,ret_IDX_VIX | ret_COPX,ningun_factor_seleccionado_disponible
2024-11-19,martes,Habitat,True,True,2,2,100.0,ret_IDX_VIX | ret_COPX,,prediccion_disponible
2024-11-20,miercoles,Habitat,True,True,2,2,100.0,ret_IDX_VIX | ret_COPX,,prediccion_disponible
2024-11-21,jueves,Habitat,True,True,2,2,100.0,ret_IDX_VIX | ret_COPX,,prediccion_disponible
2024-11-22,viernes,Habitat,True,True,2,2,100.0,ret_IDX_VIX | ret_COPX,,prediccion_disponible
2024-11-25,lunes,Habitat,False,True,2,0,0.0,,ret_IDX_VIX | ret_COPX,ningun_factor_seleccionado_disponible
2024-11-26,martes,Habitat,True,True,2,2,100.0,ret_IDX_VIX | ret_COPX,,prediccion_disponible
2024-11-27,miercoles,Habitat,True,True,2,2,100.0,ret_IDX_VIX | ret_COPX,,prediccion_disponible
2024-11-28,jueves,Habitat,False,True,2,1,50.0,ret_IDX_VIX,ret_COPX,faltan_factores_seleccionados
2024-11-29,viernes,Habitat,False,True,2,1,50.0,ret_IDX_VIX,ret_COPX,faltan_factores_seleccionados
2024-12-02,lunes,Habitat,False,True,2,0,0.0,,ret_IDX_VIX | ret_COPX,ningun_factor_seleccionado_disponible
2024-12-03,martes,Habitat,True,True,2,2,100.0,ret_IDX_VIX | ret_COPX,,prediccion_disponible
2024-12-04,miercoles,Habitat,True,True,2,2,100.0,ret_IDX_VIX | ret_COPX,,prediccion_disponible
2024-12-05,jueves,Habitat,True,True,2,2,100.0,ret_IDX_VIX | ret_COPX,,prediccion_disponible
2024-12-06,viernes,Habitat,True,True,2,2,100.0,ret_IDX_VIX | ret_COPX,,prediccion_disponible
2024-12-09,lunes,Habitat,False,True,2,0,0.0,,ret_IDX_VIX | ret_COPX,ningun_factor_seleccionado_disponible
2024-12-10,martes,Habitat,True,True,2,2,100.0,ret_IDX_VIX | ret_COPX,,prediccion_disponible
2024-12-11,miercoles,Habitat,True,True,2,2,100.0,ret_IDX_VIX | ret_COPX,,prediccion_disponible
2024-12-12,jueves,Habitat,True,True,2,2,100.0,ret_IDX_VIX | ret_COPX,,prediccion_disponible
2024-12-13,viernes,Habitat,True,True,2,2,100.0,ret_IDX_VIX | ret_COPX,,prediccion_disponible
2024-12-16,lunes,Habitat,False,True,2,0,0.0,,ret_IDX_VIX | ret_COPX,ningun_factor_seleccionado_disponible
2024-12-17,martes,Habitat,True,True,2,2,100.0,ret_IDX_VIX | ret_COPX,,prediccion_disponible
2024-12-18,miercoles,Habitat,True,True,2,2,100.0,ret_IDX_VIX | ret_COPX,,prediccion_disponible
2024-12-19,jueves,Habitat,True,True,2,2,100.0,ret_IDX_VIX | ret_COPX,,prediccion_disponible
2024-12-20,viernes,Habitat,True,True,2,2,100.0,ret_IDX_VIX | ret_COPX,,prediccion_disponible
2024-12-23,lunes,Habitat,False,True,2,0,0.0,,ret_IDX_VIX | ret_COPX,ningun_factor_seleccionado_disponible
2024-12-24,martes,Habitat,True,True,2,2,100.0,ret_IDX_VIX | ret_COPX,,prediccion_disponible
2024-12-26,jueves,Habitat,False,True,2,0,0.0,,ret_IDX_VIX | ret_COPX,ningun_factor_seleccionado_disponible
2024-12-27,viernes,Habitat,True,True,2,2,100.0,ret_IDX_VIX | ret_COPX,,prediccion_disponible
2024-12-30,lunes,Habitat,False,True,2,0,0.0,,ret_IDX_VIX | ret_COPX,ningun_factor_seleccionado_disponible
2024-12-31,martes,Habitat,True,True,2,2,100.0,ret_IDX_VIX | ret_COPX,,prediccion_disponible
2025-01-02,jueves,Habitat,True,True,2,2,100.0,ret_IDX_VIX | ret_COPX,,prediccion_disponible
2025-01-03,viernes,Habitat,True,True,2,2,100.0,ret_IDX_VIX | ret_COPX,,prediccion_disponible
2025-01-06,lunes,Habitat,False,True,2,0,0.0,,ret_IDX_VIX | ret_COPX,ningun_factor_seleccionado_disponible
2025-01-07,martes,Habitat,True,True,2,2,100.0,ret_IDX_VIX | ret_COPX,,prediccion_disponible
2025-01-08,miercoles,Habitat,True,True,2,2,100.0,ret_IDX_VIX | ret_COPX,,prediccion_disponible
2025-01-09,jueves,Habitat,False,True,2,1,50.0,ret_IDX_VIX,ret_COPX,faltan_factores_seleccionados
2025-01-10,viernes,Habitat,False,True,2,1,50.0,ret_IDX_VIX,ret_COPX,faltan_factores_seleccionados
2025-01-13,lunes,Habitat,False,True,2,0,0.0,,ret_IDX_VIX | ret_COPX,ningun_factor_seleccionado_disponible
2025-01-14,martes,Habitat,True,True,2,2,100.0,ret_IDX_VIX | ret_COPX,,prediccion_disponible
2025-01-15,miercoles,Habitat,True,True,2,2,100.0,ret_IDX_VIX | ret_COPX,,prediccion_disponible
2025-01-16,jueves,Habitat,True,True,2,2,100.0,ret_IDX_VIX | ret_COPX,,prediccion_disponible
2025-01-17,viernes,Habitat,True,True,2,2,100.0,ret_IDX_VIX | ret_COPX,,prediccion_disponible
2025-01-20,lunes,Habitat,False,True,2,0,0.0,,ret_IDX_VIX | ret_COPX,ningun_factor_seleccionado_disponible
2025-01-21,martes,Habitat,False,True,2,1,50.0,ret_IDX_VIX,ret_COPX,faltan_factores_seleccionados
2025-01-22,miercoles,Habitat,True,True,2,2,100.0,ret_IDX_VIX | ret_COPX,,prediccion_disponible
2025-01-23,jueves,Habitat,True,True,2,2,100.0,ret_IDX_VIX | ret_COPX,,prediccion_disponible
2025-01-24,viernes,Habitat,True,True,2,2,100.0,ret_IDX_VIX | ret_COPX,,prediccion_disponible
2025-01-27,lunes,Habitat,False,True,2,0,0.0,,ret_IDX_VIX | ret_COPX,ningun_factor_seleccionado_disponible
2025-01-28,martes,Habitat,True,True,2,2,100.0,ret_IDX_VIX | ret_COPX,,prediccion_disponible
2025-01-29,miercoles,Habitat,True,True,2,2,100.0,ret_IDX_VIX | ret_COPX,,prediccion_disponible
2025-01-30,jueves,Habitat,True,True,2,2,100.0,ret_IDX_VIX | ret_COPX,,prediccion_disponible
2025-01-31,viernes,Habitat,True,True,2,2,100.0,ret_IDX_VIX | ret_COPX,,prediccion_disponible
2025-02-03,lunes,Habitat,False,True,2,0,0.0,,ret_IDX_VIX | ret_COPX,ningun_factor_seleccionado_disponible
2025-02-04,martes,Habitat,True,True,2,2,100.0,ret_IDX_VIX | ret_COPX,,prediccion_disponible
2025-02-05,miercoles,Habitat,True,True,2,2,100.0,ret_IDX_VIX | ret_COPX,,prediccion_disponible
2025-02-06,jueves,Habitat,True,True,2,2,100.0,ret_IDX_VIX | ret_COPX,,prediccion_disponible
2025-02-07,viernes,Habitat,True,True,2,2,100.0,ret_IDX_VIX | ret_COPX,,prediccion_disponible
2025-02-10,lunes,Habitat,False,True,2,0,0.0,,ret_IDX_VIX | ret_COPX,ningun_factor_seleccionado_disponible
2025-02-11,martes,Habitat,True,True,2,2,100.0,ret_IDX_VIX | ret_COPX,,prediccion_disponible
2025-02-12,miercoles,Habitat,True,True,2,2,100.0,ret_IDX_VIX | ret_COPX,,prediccion_disponible
2025-02-13,jueves,Habitat,True,True,2,2,100.0,ret_IDX_VIX | ret_COPX,,prediccion_disponible
2025-02-14,viernes,Habitat,True,True,2,2,100.0,ret_IDX_VIX | ret_COPX,,prediccion_disponible
2025-02-17,lunes,Habitat,False,True,2,0,0.0,,ret_IDX_VIX | ret_COPX,ningun_factor_seleccionado_disponible
2025-02-18,martes,Habitat,False,True,2,1,50.0,ret_IDX_VIX,ret_COPX,faltan_factores_seleccionados
2025-02-19,miercoles,Habitat,True,True,2,2,100.0,ret_IDX_VIX | ret_COPX,,prediccion_disponible
2025-02-20,jueves,Habitat,True,True,2,2,100.0,ret_IDX_VIX | ret_COPX,,prediccion_disponible
2025-02-21,viernes,Habitat,True,True,2,2,100.0,ret_IDX_VIX | ret_COPX,,prediccion_disponible
2025-02-24,lunes,Habitat,False,True,2,0,0.0,,ret_IDX_VIX | ret_COPX,ningun_factor_seleccionado_disponible
2025-02-25,martes,Habitat,True,True,2,2,100.0,ret_IDX_VIX | ret_COPX,,prediccion_disponible
2025-02-26,miercoles,Habitat,True,True,2,2,100.0,ret_IDX_VIX | ret_COPX,,prediccion_disponible
2025-02-27,jueves,Habitat,True,True,2,2,100.0,ret_IDX_VIX | ret_COPX,,prediccion_disponible
2025-02-28,viernes,Habitat,True,True,2,2,100.0,ret_IDX_VIX | ret_COPX,,prediccion_disponible
2025-03-03,lunes,Habitat,False,True,2,0,0.0,,ret_IDX_VIX | ret_COPX,ningun_factor_seleccionado_disponible
2025-03-04,martes,Habitat,True,True,2,2,100.0,ret_IDX_VIX | ret_COPX,,prediccion_disponible
2025-03-05,miercoles,Habitat,True,True,2,2,100.0,ret_IDX_VIX | ret_COPX,,prediccion_disponible
2025-03-06,jueves,Habitat,True,True,2,2,100.0,ret_IDX_VIX | ret_COPX,,prediccion_disponible
2025-03-07,viernes,Habitat,True,True,2,2,100.0,ret_IDX_VIX | ret_COPX,,prediccion_disponible
2025-03-10,lunes,Habitat,False,True,2,0,0.0,,ret_IDX_VIX | ret_COPX,ningun_factor_seleccionado_disponible
2025-03-11,martes,Habitat,True,True,2,2,100.0,ret_IDX_VIX | ret_COPX,,prediccion_disponible
2025-03-12,miercoles,Habitat,True,True,2,2,100.0,ret_IDX_VIX | ret_COPX,,prediccion_disponible
2025-03-13,jueves,Habitat,True,True,2,2,100.0,ret_IDX_VIX | ret_COPX,,prediccion_disponible
2025-03-14,viernes,Habitat,True,True,2,2,100.0,ret_IDX_VIX | ret_COPX,,prediccion_disponible
2025-03-17,lunes,Habitat,False,True,2,0,0.0,,ret_IDX_VIX | ret_COPX,ningun_factor_seleccionado_disponible
2025-03-18,martes,Habitat,True,True,2,2,100.0,ret_IDX_VIX | ret_COPX,,prediccion_disponible
2025-03-19,miercoles,Habitat,True,True,2,2,100.0,ret_IDX_VIX | ret_COPX,,prediccion_disponible
2025-03-20,jueves,Habitat,True,True,2,2,100.0,ret_IDX_VIX | ret_COPX,,prediccion_disponible
2025-03-21,viernes,Habitat,True,True,2,2,100.0,ret_IDX_VIX | ret_COPX,,prediccion_disponible
2025-03-24,lunes,Habitat,False,True,2,0,0.0,,ret_IDX_VIX | ret_COPX,ningun_factor_seleccionado_disponible
2025-03-25,martes,Habitat,True,True,2,2,100.0,ret_IDX_VIX | ret_COPX,,prediccion_disponible
2025-03-26,miercoles,Habitat,True,True,2,2,100.0,ret_IDX_VIX | ret_COPX,,prediccion_disponible
2025-03-27,jueves,Habitat,True,True,2,2,100.0,ret_IDX_VIX | ret_COPX,,prediccion_disponible
2025-03-28,viernes,Habitat,True,True,2,2,100.0,ret_IDX_VIX | ret_COPX,,prediccion_disponible
2025-03-31,lunes,Habitat,False,True,2,0,0.0,,ret_IDX_VIX | ret_COPX,ningun_factor_seleccionado_disponible
2025-04-01,martes,Habitat,True,True,2,2,100.0,ret_IDX_VIX | ret_COPX,,prediccion_disponible
2025-04-02,miercoles,Habitat,True,True,2,2,100.0,ret_IDX_VIX | ret_COPX,,prediccion_disponible
2025-04-03,jueves,Habitat,True,True,2,2,100.0,ret_IDX_VIX | ret_COPX,,prediccion_disponible
2025-04-04,viernes,Habitat,True,True,2,2,100.0,ret_IDX_VIX | ret_COPX,,prediccion_disponible
2025-04-07,lunes,Habitat,False,True,2,0,0.0,,ret_IDX_VIX | ret_COPX,ningun_factor_seleccionado_disponible
2025-04-08,martes,Habitat,True,True,2,2,100.0,ret_IDX_VIX | ret_COPX,,prediccion_disponible
2025-04-09,miercoles,Habitat,True,True,2,2,100.0,ret_IDX_VIX | ret_COPX,,prediccion_disponible
2025-04-10,jueves,Habitat,True,True,2,2,100.0,ret_IDX_VIX | ret_COPX,,prediccion_disponible
2025-04-11,viernes,Habitat,True,True,2,2,100.0,ret_IDX_VIX | ret_COPX,,prediccion_disponible
2025-04-14,lunes,Habitat,False,True,2,0,0.0,,ret_IDX_VIX | ret_COPX,ningun_factor_seleccionado_disponible
2025-04-15,martes,Habitat,True,True,2,2,100.0,ret_IDX_VIX | ret_COPX,,prediccion_disponible
2025-04-16,miercoles,Habitat,True,True,2,2,100.0,ret_IDX_VIX | ret_COPX,,prediccion_disponible
2025-04-17,jueves,Habitat,True,True,2,2,100.0,ret_IDX_VIX | ret_COPX,,prediccion_disponible
2025-04-18,viernes,Habitat,False,True,2,0,0.0,,ret_IDX_VIX | ret_COPX,ningun_factor_seleccionado_disponible
2025-04-21,lunes,Habitat,False,True,2,0,0.0,,ret_IDX_VIX | ret_COPX,ningun_factor_seleccionado_disponible
2025-04-22,martes,Habitat,True,True,2,2,100.0,ret_IDX_VIX | ret_COPX,,prediccion_disponible
2025-04-23,miercoles,Habitat,True,True,2,2,100.0,ret_IDX_VIX | ret_COPX,,prediccion_disponible
2025-04-24,jueves,Habitat,True,True,2,2,100.0,ret_IDX_VIX | ret_COPX,,prediccion_disponible
2025-04-25,viernes,Habitat,True,True,2,2,100.0,ret_IDX_VIX | ret_COPX,,prediccion_disponible
2025-04-28,lunes,Habitat,False,True,2,0,0.0,,ret_IDX_VIX | ret_COPX,ningun_factor_seleccionado_disponible
2025-04-29,martes,Habitat,True,True,2,2,100.0,ret_IDX_VIX | ret_COPX,,prediccion_disponible
2025-04-30,miercoles,Habitat,True,True,2,2,100.0,ret_IDX_VIX | ret_COPX,,prediccion_disponible
2025-05-01,jueves,Habitat,True,True,2,2,100.0,ret_IDX_VIX | ret_COPX,,prediccion_disponible
2025-05-02,viernes,Habitat,True,True,2,2,100.0,ret_IDX_VIX | ret_COPX,,prediccion_disponible
2025-05-05,lunes,Habitat,False,True,2,0,0.0,,ret_IDX_VIX | ret_COPX,ningun_factor_seleccionado_disponible
2025-05-06,martes,Habitat,True,True,2,2,100.0,ret_IDX_VIX | ret_COPX,,prediccion_disponible
2025-05-07,miercoles,Habitat,True,True,2,2,100.0,ret_IDX_VIX | ret_COPX,,prediccion_disponible
2025-05-08,jueves,Habitat,True,True,2,2,100.0,ret_IDX_VIX | ret_COPX,,prediccion_disponible
2025-05-09,viernes,Habitat,True,True,2,2,100.0,ret_IDX_VIX | ret_COPX,,prediccion_disponible
2025-05-12,lunes,Habitat,False,True,2,0,0.0,,ret_IDX_VIX | ret_COPX,ningun_factor_seleccionado_disponible
2025-05-13,martes,Habitat,True,True,2,2,100.0,ret_IDX_VIX | ret_COPX,,prediccion_disponible
2025-05-14,miercoles,Habitat,True,True,2,2,100.0,ret_IDX_VIX | ret_COPX,,prediccion_disponible
2025-05-15,jueves,Habitat,True,True,2,2,100.0,ret_IDX_VIX | ret_COPX,,prediccion_disponible
2025-05-16,viernes,Habitat,True,True,2,2,100.0,ret_IDX_VIX | ret_COPX,,prediccion_disponible
2025-05-19,lunes,Habitat,False,True,2,0,0.0,,ret_IDX_VIX | ret_COPX,ningun_factor_seleccionado_disponible
2025-05-20,martes,Habitat,True,True,2,2,100.0,ret_IDX_VIX | ret_COPX,,prediccion_disponible
2025-05-21,miercoles,Habitat,True,True,2,2,100.0,ret_IDX_VIX | ret_COPX,,prediccion_disponible
2025-05-22,jueves,Habitat,True,True,2,2,100.0,ret_IDX_VIX | ret_COPX,,prediccion_disponible
2025-05-23,viernes,Habitat,True,True,2,2,100.0,ret_IDX_VIX | ret_COPX,,prediccion_disponible
2025-05-26,lunes,Habitat,False,True,2,0,0.0,,ret_IDX_VIX | ret_COPX,ningun_factor_seleccionado_disponible
2025-05-27,martes,Habitat,False,True,2,1,50.0,ret_IDX_VIX,ret_COPX,faltan_factores_seleccionados
2025-05-28,miercoles,Habitat,True,True,2,2,100.0,ret_IDX_VIX | ret_COPX,,prediccion_disponible
2025-05-29,jueves,Habitat,True,True,2,2,100.0,ret_IDX_VIX | ret_COPX,,prediccion_disponible
2025-05-30,viernes,Habitat,True,True,2,2,100.0,ret_IDX_VIX | ret_COPX,,prediccion_disponible
2025-06-02,lunes,Habitat,False,True,2,0,0.0,,ret_IDX_VIX | ret_COPX,ningun_factor_seleccionado_disponible
2025-06-03,martes,Habitat,True,True,2,2,100.0,ret_IDX_VIX | ret_COPX,,prediccion_disponible
2025-06-04,miercoles,Habitat,True,True,2,2,100.0,ret_IDX_VIX | ret_COPX,,prediccion_disponible
2025-06-05,jueves,Habitat,True,True,2,2,100.0,ret_IDX_VIX | ret_COPX,,prediccion_disponible
2025-06-06,viernes,Habitat,True,True,2,2,100.0,ret_IDX_VIX | ret_COPX,,prediccion_disponible
2025-06-09,lunes,Habitat,False,True,2,0,0.0,,ret_IDX_VIX | ret_COPX,ningun_factor_seleccionado_disponible
2025-06-10,martes,Habitat,True,True,2,2,100.0,ret_IDX_VIX | ret_COPX,,prediccion_disponible
2025-06-11,miercoles,Habitat,True,True,2,2,100.0,ret_IDX_VIX | ret_COPX,,prediccion_disponible
2025-06-12,jueves,Habitat,True,True,2,2,100.0,ret_IDX_VIX | ret_COPX,,prediccion_disponible
2025-06-13,viernes,Habitat,True,True,2,2,100.0,ret_IDX_VIX | ret_COPX,,prediccion_disponible
2025-06-16,lunes,Habitat,False,True,2,0,0.0,,ret_IDX_VIX | ret_COPX,ningun_factor_seleccionado_disponible
2025-06-17,martes,Habitat,True,True,2,2,100.0,ret_IDX_VIX | ret_COPX,,prediccion_disponible
2025-06-18,miercoles,Habitat,True,True,2,2,100.0,ret_IDX_VIX | ret_COPX,,prediccion_disponible
2025-06-19,jueves,Habitat,False,True,2,1,50.0,ret_IDX_VIX,ret_COPX,faltan_factores_seleccionados
2025-06-20,viernes,Habitat,False,True,2,1,50.0,ret_IDX_VIX,ret_COPX,faltan_factores_seleccionados
2025-06-23,lunes,Habitat,False,True,2,0,0.0,,ret_IDX_VIX | ret_COPX,ningun_factor_seleccionado_disponible
2025-06-24,martes,Habitat,True,True,2,2,100.0,ret_IDX_VIX | ret_COPX,,prediccion_disponible
2025-06-25,miercoles,Habitat,True,True,2,2,100.0,ret_IDX_VIX | ret_COPX,,prediccion_disponible
2025-06-26,jueves,Habitat,True,True,2,2,100.0,ret_IDX_VIX | ret_COPX,,prediccion_disponible
2025-06-27,viernes,Habitat,True,True,2,2,100.0,ret_IDX_VIX | ret_COPX,,prediccion_disponible
2025-06-30,lunes,Habitat,False,True,2,0,0.0,,ret_IDX_VIX | ret_COPX,ningun_factor_seleccionado_disponible
2025-07-01,martes,Habitat,True,True,2,2,100.0,ret_IDX_VIX | ret_COPX,,prediccion_disponible
2025-07-02,miercoles,Habitat,True,True,2,2,100.0,ret_IDX_VIX | ret_COPX,,prediccion_disponible
2025-07-03,jueves,Habitat,True,True,2,2,100.0,ret_IDX_VIX | ret_COPX,,prediccion_disponible
2025-07-04,viernes,Habitat,False,True,2,1,50.0,ret_IDX_VIX,ret_COPX,faltan_factores_seleccionados
2025-07-07,lunes,Habitat,False,True,2,0,0.0,,ret_IDX_VIX | ret_COPX,ningun_factor_seleccionado_disponible
2025-07-08,martes,Habitat,True,True,2,2,100.0,ret_IDX_VIX | ret_COPX,,prediccion_disponible
2025-07-09,miercoles,Habitat,True,True,2,2,100.0,ret_IDX_VIX | ret_COPX,,prediccion_disponible
2025-07-10,jueves,Habitat,True,True,2,2,100.0,ret_IDX_VIX | ret_COPX,,prediccion_disponible
2025-07-11,viernes,Habitat,True,True,2,2,100.0,ret_IDX_VIX | ret_COPX,,prediccion_disponible
2025-07-14,lunes,Habitat,False,True,2,0,0.0,,ret_IDX_VIX | ret_COPX,ningun_factor_seleccionado_disponible
2025-07-15,martes,Habitat,True,True,2,2,100.0,ret_IDX_VIX | ret_COPX,,prediccion_disponible
2025-07-16,miercoles,Habitat,True,True,2,2,100.0,ret_IDX_VIX | ret_COPX,,prediccion_disponible
2025-07-17,jueves,Habitat,True,True,2,2,100.0,ret_IDX_VIX | ret_COPX,,prediccion_disponible
2025-07-18,viernes,Habitat,True,True,2,2,100.0,ret_IDX_VIX | ret_COPX,,prediccion_disponible
2025-07-21,lunes,Habitat,False,True,2,0,0.0,,ret_IDX_VIX | ret_COPX,ningun_factor_seleccionado_disponible
2025-07-22,martes,Habitat,True,True,2,2,100.0,ret_IDX_VIX | ret_COPX,,prediccion_disponible
2025-07-23,miercoles,Habitat,True,True,2,2,100.0,ret_IDX_VIX | ret_COPX,,prediccion_disponible
2025-07-24,jueves,Habitat,True,True,2,2,100.0,ret_IDX_VIX | ret_COPX,,prediccion_disponible
2025-07-25,viernes,Habitat,True,True,2,2,100.0,ret_IDX_VIX | ret_COPX,,prediccion_disponible
2025-07-28,lunes,Habitat,False,True,2,0,0.0,,ret_IDX_VIX | ret_COPX,ningun_factor_seleccionado_disponible
2025-07-29,martes,Habitat,True,True,2,2,100.0,ret_IDX_VIX | ret_COPX,,prediccion_disponible
2025-07-30,miercoles,Habitat,True,True,2,2,100.0,ret_IDX_VIX | ret_COPX,,prediccion_disponible
2025-07-31,jueves,Habitat,True,True,2,2,100.0,ret_IDX_VIX | ret_COPX,,prediccion_disponible
2025-08-01,viernes,Habitat,True,True,2,2,100.0,ret_IDX_VIX | ret_COPX,,prediccion_disponible
2025-08-04,lunes,Habitat,False,True,2,0,0.0,,ret_IDX_VIX | ret_COPX,ningun_factor_seleccionado_disponible
2025-08-05,martes,Habitat,True,True,2,2,100.0,ret_IDX_VIX | ret_COPX,,prediccion_disponible
2025-08-06,miercoles,Habitat,True,True,2,2,100.0,ret_IDX_VIX | ret_COPX,,prediccion_disponible
2025-08-07,jueves,Habitat,True,True,2,2,100.0,ret_IDX_VIX | ret_COPX,,prediccion_disponible
2025-08-08,viernes,Habitat,True,True,2,2,100.0,ret_IDX_VIX | ret_COPX,,prediccion_disponible
2025-08-11,lunes,Habitat,False,True,2,0,0.0,,ret_IDX_VIX | ret_COPX,ningun_factor_seleccionado_disponible
2025-08-12,martes,Habitat,True,True,2,2,100.0,ret_IDX_VIX | ret_COPX,,prediccion_disponible
2025-08-13,miercoles,Habitat,True,True,2,2,100.0,ret_IDX_VIX | ret_COPX,,prediccion_disponible
2025-08-14,jueves,Habitat,True,True,2,2,100.0,ret_IDX_VIX | ret_COPX,,prediccion_disponible
2025-08-15,viernes,Habitat,True,True,2,2,100.0,ret_IDX_VIX | ret_COPX,,prediccion_disponible
2025-08-18,lunes,Habitat,False,True,2,0,0.0,,ret_IDX_VIX | ret_COPX,ningun_factor_seleccionado_disponible
2025-08-19,martes,Habitat,True,True,2,2,100.0,ret_IDX_VIX | ret_COPX,,prediccion_disponible
2025-08-20,miercoles,Habitat,True,True,2,2,100.0,ret_IDX_VIX | ret_COPX,,prediccion_disponible
2025-08-21,jueves,Habitat,True,True,2,2,100.0,ret_IDX_VIX | ret_COPX,,prediccion_disponible
2025-08-22,viernes,Habitat,True,True,2,2,100.0,ret_IDX_VIX | ret_COPX,,prediccion_disponible
2025-08-25,lunes,Habitat,False,True,2,0,0.0,,ret_IDX_VIX | ret_COPX,ningun_factor_seleccionado_disponible
2025-08-26,martes,Habitat,True,True,2,2,100.0,ret_IDX_VIX | ret_COPX,,prediccion_disponible
2025-08-27,miercoles,Habitat,True,True,2,2,100.0,ret_IDX_VIX | ret_COPX,,prediccion_disponible
2025-08-28,jueves,Habitat,True,True,2,2,100.0,ret_IDX_VIX | ret_COPX,,prediccion_disponible
2025-08-29,viernes,Habitat,True,True,2,2,100.0,ret_IDX_VIX | ret_COPX,,prediccion_disponible
2025-09-01,lunes,Habitat,False,True,2,0,0.0,,ret_IDX_VIX | ret_COPX,ningun_factor_seleccionado_disponible
2025-09-02,martes,Habitat,False,True,2,1,50.0,ret_IDX_VIX,ret_COPX,faltan_factores_seleccionados
2025-09-03,miercoles,Habitat,True,True,2,2,100.0,ret_IDX_VIX | ret_COPX,,prediccion_disponible
2025-09-04,jueves,Habitat,True,True,2,2,100.0,ret_IDX_VIX | ret_COPX,,prediccion_disponible
2025-09-05,viernes,Habitat,True,True,2,2,100.0,ret_IDX_VIX | ret_COPX,,prediccion_disponible
2025-09-08,lunes,Habitat,False,True,2,0,0.0,,ret_IDX_VIX | ret_COPX,ningun_factor_seleccionado_disponible
2025-09-09,martes,Habitat,True,True,2,2,100.0,ret_IDX_VIX | ret_COPX,,prediccion_disponible
2025-09-10,miercoles,Habitat,True,True,2,2,100.0,ret_IDX_VIX | ret_COPX,,prediccion_disponible
2025-09-11,jueves,Habitat,True,True,2,2,100.0,ret_IDX_VIX | ret_COPX,,prediccion_disponible
2025-09-12,viernes,Habitat,True,True,2,2,100.0,ret_IDX_VIX | ret_COPX,,prediccion_disponible
2025-09-15,lunes,Habitat,False,True,2,0,0.0,,ret_IDX_VIX | ret_COPX,ningun_factor_seleccionado_disponible
2025-09-16,martes,Habitat,True,True,2,2,100.0,ret_IDX_VIX | ret_COPX,,prediccion_disponible
2025-09-17,miercoles,Habitat,True,True,2,2,100.0,ret_IDX_VIX | ret_COPX,,prediccion_disponible
2025-09-18,jueves,Habitat,True,True,2,2,100.0,ret_IDX_VIX | ret_COPX,,prediccion_disponible
2025-09-19,viernes,Habitat,True,True,2,2,100.0,ret_IDX_VIX | ret_COPX,,prediccion_disponible
2025-09-22,lunes,Habitat,False,True,2,0,0.0,,ret_IDX_VIX | ret_COPX,ningun_factor_seleccionado_disponible
2025-09-23,martes,Habitat,True,True,2,2,100.0,ret_IDX_VIX | ret_COPX,,prediccion_disponible
2025-09-24,miercoles,Habitat,True,True,2,2,100.0,ret_IDX_VIX | ret_COPX,,prediccion_disponible
2025-09-25,jueves,Habitat,True,True,2,2,100.0,ret_IDX_VIX | ret_COPX,,prediccion_disponible
2025-09-26,viernes,Habitat,True,True,2,2,100.0,ret_IDX_VIX | ret_COPX,,prediccion_disponible
2025-09-29,lunes,Habitat,False,True,2,0,0.0,,ret_IDX_VIX | ret_COPX,ningun_factor_seleccionado_disponible
2025-09-30,martes,Habitat,True,True,2,2,100.0,ret_IDX_VIX | ret_COPX,,prediccion_disponible
2025-10-01,miercoles,Habitat,True,True,2,2,100.0,ret_IDX_VIX | ret_COPX,,prediccion_disponible
2025-10-02,jueves,Habitat,True,True,2,2,100.0,ret_IDX_VIX | ret_COPX,,prediccion_disponible
2025-10-03,viernes,Habitat,True,True,2,2,100.0,ret_IDX_VIX | ret_COPX,,prediccion_disponible
2025-10-06,lunes,Habitat,False,True,2,0,0.0,,ret_IDX_VIX | ret_COPX,ningun_factor_seleccionado_disponible
2025-10-07,martes,Habitat,True,True,2,2,100.0,ret_IDX_VIX | ret_COPX,,prediccion_disponible
2025-10-08,miercoles,Habitat,True,True,2,2,100.0,ret_IDX_VIX | ret_COPX,,prediccion_disponible
2025-10-09,jueves,Habitat,True,True,2,2,100.0,ret_IDX_VIX | ret_COPX,,prediccion_disponible
2025-10-10,viernes,Habitat,True,True,2,2,100.0,ret_IDX_VIX | ret_COPX,,prediccion_disponible
2025-10-13,lunes,Habitat,False,True,2,0,0.0,,ret_IDX_VIX | ret_COPX,ningun_factor_seleccionado_disponible
2025-10-14,martes,Habitat,True,True,2,2,100.0,ret_IDX_VIX | ret_COPX,,prediccion_disponible
2025-10-15,miercoles,Habitat,True,True,2,2,100.0,ret_IDX_VIX | ret_COPX,,prediccion_disponible
2025-10-16,jueves,Habitat,True,True,2,2,100.0,ret_IDX_VIX | ret_COPX,,prediccion_disponible
2025-10-17,viernes,Habitat,True,True,2,2,100.0,ret_IDX_VIX | ret_COPX,,prediccion_disponible
2025-10-20,lunes,Habitat,False,True,2,0,0.0,,ret_IDX_VIX | ret_COPX,ningun_factor_seleccionado_disponible
2025-10-21,martes,Habitat,True,True,2,2,100.0,ret_IDX_VIX | ret_COPX,,prediccion_disponible
2025-10-22,miercoles,Habitat,True,True,2,2,100.0,ret_IDX_VIX | ret_COPX,,prediccion_disponible
2025-10-23,jueves,Habitat,True,True,2,2,100.0,ret_IDX_VIX | ret_COPX,,prediccion_disponible
2025-10-24,viernes,Habitat,True,True,2,2,100.0,ret_IDX_VIX | ret_COPX,,prediccion_disponible
2025-10-27,lunes,Habitat,False,True,2,0,0.0,,ret_IDX_VIX | ret_COPX,ningun_factor_seleccionado_disponible
2025-10-28,martes,Habitat,True,True,2,2,100.0,ret_IDX_VIX | ret_COPX,,prediccion_disponible
2025-10-29,miercoles,Habitat,True,True,2,2,100.0,ret_IDX_VIX | ret_COPX,,prediccion_disponible
2025-10-30,jueves,Habitat,True,True,2,2,100.0,ret_IDX_VIX | ret_COPX,,prediccion_disponible
2025-10-31,viernes,Habitat,True,True,2,2,100.0,ret_IDX_VIX | ret_COPX,,prediccion_disponible
2025-11-03,lunes,Habitat,False,True,2,0,0.0,,ret_IDX_VIX | ret_COPX,ningun_factor_seleccionado_disponible
2025-11-04,martes,Habitat,True,True,2,2,100.0,ret_IDX_VIX | ret_COPX,,prediccion_disponible
2025-11-05,miercoles,Habitat,True,True,2,2,100.0,ret_IDX_VIX | ret_COPX,,prediccion_disponible
2025-11-06,jueves,Habitat,True,True,2,2,100.0,ret_IDX_VIX | ret_COPX,,prediccion_disponible
2025-11-07,viernes,Habitat,True,True,2,2,100.0,ret_IDX_VIX | ret_COPX,,prediccion_disponible
2025-11-10,lunes,Habitat,False,True,2,0,0.0,,ret_IDX_VIX | ret_COPX,ningun_factor_seleccionado_disponible
2025-11-11,martes,Habitat,True,True,2,2,100.0,ret_IDX_VIX | ret_COPX,,prediccion_disponible
2025-11-12,miercoles,Habitat,True,True,2,2,100.0,ret_IDX_VIX | ret_COPX,,prediccion_disponible
2025-11-13,jueves,Habitat,True,True,2,2,100.0,ret_IDX_VIX | ret_COPX,,prediccion_disponible
2025-11-14,viernes,Habitat,True,True,2,2,100.0,ret_IDX_VIX | ret_COPX,,prediccion_disponible
2025-11-17,lunes,Habitat,False,True,2,0,0.0,,ret_IDX_VIX | ret_COPX,ningun_factor_seleccionado_disponible
2025-11-18,martes,Habitat,True,True,2,2,100.0,ret_IDX_VIX | ret_COPX,,prediccion_disponible
2025-11-19,miercoles,Habitat,True,True,2,2,100.0,ret_IDX_VIX | ret_COPX,,prediccion_disponible
2025-11-20,jueves,Habitat,True,True,2,2,100.0,ret_IDX_VIX | ret_COPX,,prediccion_disponible
2025-11-21,viernes,Habitat,True,True,2,2,100.0,ret_IDX_VIX | ret_COPX,,prediccion_disponible
2025-11-24,lunes,Habitat,False,True,2,0,0.0,,ret_IDX_VIX | ret_COPX,ningun_factor_seleccionado_disponible
2025-11-25,martes,Habitat,True,True,2,2,100.0,ret_IDX_VIX | ret_COPX,,prediccion_disponible
2025-11-26,miercoles,Habitat,True,True,2,2,100.0,ret_IDX_VIX | ret_COPX,,prediccion_disponible
2025-11-27,jueves,Habitat,False,True,2,1,50.0,ret_IDX_VIX,ret_COPX,faltan_factores_seleccionados
2025-11-28,viernes,Habitat,False,True,2,1,50.0,ret_IDX_VIX,ret_COPX,faltan_factores_seleccionados
2025-12-01,lunes,Habitat,False,True,2,0,0.0,,ret_IDX_VIX | ret_COPX,ningun_factor_seleccionado_disponible
2025-12-02,martes,Habitat,True,True,2,2,100.0,ret_IDX_VIX | ret_COPX,,prediccion_disponible
2025-12-03,miercoles,Habitat,True,True,2,2,100.0,ret_IDX_VIX | ret_COPX,,prediccion_disponible
2025-12-04,jueves,Habitat,True,True,2,2,100.0,ret_IDX_VIX | ret_COPX,,prediccion_disponible
2025-12-05,viernes,Habitat,True,True,2,2,100.0,ret_IDX_VIX | ret_COPX,,prediccion_disponible
2025-12-08,lunes,Habitat,False,True,2,0,0.0,,ret_IDX_VIX | ret_COPX,ningun_factor_seleccionado_disponible
2025-12-09,martes,Habitat,True,True,2,2,100.0,ret_IDX_VIX | ret_COPX,,prediccion_disponible
2025-12-10,miercoles,Habitat,True,True,2,2,100.0,ret_IDX_VIX | ret_COPX,,prediccion_disponible
2025-12-11,jueves,Habitat,True,True,2,2,100.0,ret_IDX_VIX | ret_COPX,,prediccion_disponible
2025-12-12,viernes,Habitat,True,True,2,2,100.0,ret_IDX_VIX | ret_COPX,,prediccion_disponible
2025-12-15,lunes,Habitat,False,True,2,0,0.0,,ret_IDX_VIX | ret_COPX,ningun_factor_seleccionado_disponible
2025-12-16,martes,Habitat,True,True,2,2,100.0,ret_IDX_VIX | ret_COPX,,prediccion_disponible
2025-12-17,miercoles,Habitat,True,True,2,2,100.0,ret_IDX_VIX | ret_COPX,,prediccion_disponible
2025-12-18,jueves,Habitat,True,True,2,2,100.0,ret_IDX_VIX | ret_COPX,,prediccion_disponible
2025-12-19,viernes,Habitat,True,True,2,2,100.0,ret_IDX_VIX | ret_COPX,,prediccion_disponible
2025-12-22,lunes,Habitat,False,True,2,0,0.0,,ret_IDX_VIX | ret_COPX,ningun_factor_seleccionado_disponible
2025-12-23,martes,Habitat,True,True,2,2,100.0,ret_IDX_VIX | ret_COPX,,prediccion_disponible
2025-12-24,miercoles,Habitat,True,True,2,2,100.0,ret_IDX_VIX | ret_COPX,,prediccion_disponible
2025-12-26,viernes,Habitat,False,True,2,0,0.0,,ret_IDX_VIX | ret_COPX,ningun_factor_seleccionado_disponible
2025-12-29,lunes,Habitat,False,True,2,0,0.0,,ret_IDX_VIX | ret_COPX,ningun_factor_seleccionado_disponible
2025-12-30,martes,Habitat,True,True,2,2,100.0,ret_IDX_VIX | ret_COPX,,prediccion_disponible
2025-12-31,miercoles,Habitat,True,True,2,2,100.0,ret_IDX_VIX | ret_COPX,,prediccion_disponible
2026-01-02,viernes,Habitat,False,True,2,0,0.0,,ret_IDX_VIX | ret_COPX,ningun_factor_seleccionado_disponible
2026-01-05,lunes,Habitat,False,True,2,0,0.0,,ret_IDX_VIX | ret_COPX,ningun_factor_seleccionado_disponible
2026-01-06,martes,Habitat,True,True,2,2,100.0,ret_IDX_VIX | ret_COPX,,prediccion_disponible
2026-01-07,miercoles,Habitat,True,True,2,2,100.0,ret_IDX_VIX | ret_COPX,,prediccion_disponible
2026-01-08,jueves,Habitat,True,True,2,2,100.0,ret_IDX_VIX | ret_COPX,,prediccion_disponible
2026-01-09,viernes,Habitat,True,True,2,2,100.0,ret_IDX_VIX | ret_COPX,,prediccion_disponible
2026-01-12,lunes,Habitat,False,True,2,0,0.0,,ret_IDX_VIX | ret_COPX,ningun_factor_seleccionado_disponible
2026-01-13,martes,Habitat,True,True,2,2,100.0,ret_IDX_VIX | ret_COPX,,prediccion_disponible
2026-01-14,miercoles,Habitat,True,True,2,2,100.0,ret_IDX_VIX | ret_COPX,,prediccion_disponible
2026-01-15,jueves,Habitat,True,True,2,2,100.0,ret_IDX_VIX | ret_COPX,,prediccion_disponible
2026-01-16,viernes,Habitat,True,True,2,2,100.0,ret_IDX_VIX | ret_COPX,,prediccion_disponible
2026-01-19,lunes,Habitat,False,True,2,0,0.0,,ret_IDX_VIX | ret_COPX,ningun_factor_seleccionado_disponible
2026-01-20,martes,Habitat,False,True,2,1,50.0,ret_IDX_VIX,ret_COPX,faltan_factores_seleccionados
2026-01-21,miercoles,Habitat,True,True,2,2,100.0,ret_IDX_VIX | ret_COPX,,prediccion_disponible
2026-01-22,jueves,Habitat,True,True,2,2,100.0,ret_IDX_VIX | ret_COPX,,prediccion_disponible
2026-01-23,viernes,Habitat,True,True,2,2,100.0,ret_IDX_VIX | ret_COPX,,prediccion_disponible
2026-01-26,lunes,Habitat,False,True,2,0,0.0,,ret_IDX_VIX | ret_COPX,ningun_factor_seleccionado_disponible
2026-01-27,martes,Habitat,True,True,2,2,100.0,ret_IDX_VIX | ret_COPX,,prediccion_disponible
2026-01-28,miercoles,Habitat,True,True,2,2,100.0,ret_IDX_VIX | ret_COPX,,prediccion_disponible
2026-01-29,jueves,Habitat,True,True,2,2,100.0,ret_IDX_VIX | ret_COPX,,prediccion_disponible
2026-01-30,viernes,Habitat,True,True,2,2,100.0,ret_IDX_VIX | ret_COPX,,prediccion_disponible
2026-02-02,lunes,Habitat,True,True,2,2,100.0,ret_IDX_VIX | ret_COPX,,prediccion_disponible
2026-02-03,martes,Habitat,True,True,2,2,100.0,ret_IDX_VIX | ret_COPX,,prediccion_disponible
2026-02-04,miercoles,Habitat,True,True,2,2,100.0,ret_IDX_VIX | ret_COPX,,prediccion_disponible
2026-02-05,jueves,Habitat,True,True,2,2,100.0,ret_IDX_VIX | ret_COPX,,prediccion_disponible
2026-02-06,viernes,Habitat,True,True,2,2,100.0,ret_IDX_VIX | ret_COPX,,prediccion_disponible
2026-02-09,lunes,Habitat,False,True,2,0,0.0,,ret_IDX_VIX | ret_COPX,ningun_factor_seleccionado_disponible
2026-02-10,martes,Habitat,True,True,2,2,100.0,ret_IDX_VIX | ret_COPX,,prediccion_disponible
2026-02-11,miercoles,Habitat,True,True,2,2,100.0,ret_IDX_VIX | ret_COPX,,prediccion_disponible
2026-02-12,jueves,Habitat,True,True,2,2,100.0,ret_IDX_VIX | ret_COPX,,prediccion_disponible
2026-02-13,viernes,Habitat,True,True,2,2,100.0,ret_IDX_VIX | ret_COPX,,prediccion_disponible
2026-02-16,lunes,Habitat,False,True,2,0,0.0,,ret_IDX_VIX | ret_COPX,ningun_factor_seleccionado_disponible
2026-02-17,martes,Habitat,False,True,2,1,50.0,ret_IDX_VIX,ret_COPX,faltan_factores_seleccionados
2026-02-18,miercoles,Habitat,True,True,2,2,100.0,ret_IDX_VIX | ret_COPX,,prediccion_disponible
2026-02-19,jueves,Habitat,True,True,2,2,100.0,ret_IDX_VIX | ret_COPX,,prediccion_disponible
2026-02-20,viernes,Habitat,True,True,2,2,100.0,ret_IDX_VIX | ret_COPX,,prediccion_disponible
2026-02-23,lunes,Habitat,False,True,2,0,0.0,,ret_IDX_VIX | ret_COPX,ningun_factor_seleccionado_disponible
2026-02-24,martes,Habitat,True,True,2,2,100.0,ret_IDX_VIX | ret_COPX,,prediccion_disponible
2026-02-25,miercoles,Habitat,True,True,2,2,100.0,ret_IDX_VIX | ret_COPX,,prediccion_disponible
2026-02-26,jueves,Habitat,True,True,2,2,100.0,ret_IDX_VIX | ret_COPX,,prediccion_disponible
2026-02-27,viernes,Habitat,True,True,2,2,100.0,ret_IDX_VIX | ret_COPX,,prediccion_disponible
2026-03-02,lunes,Habitat,False,True,2,0,0.0,,ret_IDX_VIX | ret_COPX,ningun_factor_seleccionado_disponible
2026-03-03,martes,Habitat,True,True,2,2,100.0,ret_IDX_VIX | ret_COPX,,prediccion_disponible
2026-03-04,miercoles,Habitat,True,True,2,2,100.0,ret_IDX_VIX | ret_COPX,,prediccion_disponible
2026-03-05,jueves,Habitat,True,True,2,2,100.0,ret_IDX_VIX | ret_COPX,,prediccion_disponible
2026-03-06,viernes,Habitat,True,True,2,2,100.0,ret_IDX_VIX | ret_COPX,,prediccion_disponible
2026-03-09,lunes,Habitat,False,True,2,0,0.0,,ret_IDX_VIX | ret_COPX,ningun_factor_seleccionado_disponible
2026-03-10,martes,Habitat,True,True,2,2,100.0,ret_IDX_VIX | ret_COPX,,prediccion_disponible
2026-03-11,miercoles,Habitat,True,True,2,2,100.0,ret_IDX_VIX | ret_COPX,,prediccion_disponible
2026-03-12,jueves,Habitat,True,True,2,2,100.0,ret_IDX_VIX | ret_COPX,,prediccion_disponible
2026-03-13,viernes,Habitat,True,True,2,2,100.0,ret_IDX_VIX | ret_COPX,,prediccion_disponible
2026-03-16,lunes,Habitat,False,True,2,0,0.0,,ret_IDX_VIX | ret_COPX,ningun_factor_seleccionado_disponible
2026-03-17,martes,Habitat,True,True,2,2,100.0,ret_IDX_VIX | ret_COPX,,prediccion_disponible
2026-03-18,miercoles,Habitat,True,True,2,2,100.0,ret_IDX_VIX | ret_COPX,,prediccion_disponible
2026-03-19,jueves,Habitat,True,True,2,2,100.0,ret_IDX_VIX | ret_COPX,,prediccion_disponible
2026-03-20,viernes,Habitat,True,True,2,2,100.0,ret_IDX_VIX | ret_COPX,,prediccion_disponible
2026-03-23,lunes,Habitat,False,True,2,0,0.0,,ret_IDX_VIX | ret_COPX,ningun_factor_seleccionado_disponible
2026-03-24,martes,Habitat,True,True,2,2,100.0,ret_IDX_VIX | ret_COPX,,prediccion_disponible
2026-03-25,miercoles,Habitat,True,True,2,2,100.0,ret_IDX_VIX | ret_COPX,,prediccion_disponible
2026-03-26,jueves,Habitat,True,True,2,2,100.0,ret_IDX_VIX | ret_COPX,,prediccion_disponible
2026-03-27,viernes,Habitat,True,True,2,2,100.0,ret_IDX_VIX | ret_COPX,,prediccion_disponible
2026-03-30,lunes,Habitat,False,True,2,0,0.0,,ret_IDX_VIX | ret_COPX,ningun_factor_seleccionado_disponible
2026-03-31,martes,Habitat,True,True,2,2,100.0,ret_IDX_VIX | ret_COPX,,prediccion_disponible
2026-04-01,miercoles,Habitat,True,True,2,2,100.0,ret_IDX_VIX | ret_COPX,,prediccion_disponible
2026-04-02,jueves,Habitat,True,True,2,2,100.0,ret_IDX_VIX | ret_COPX,,prediccion_disponible
2026-04-03,viernes,Habitat,False,True,2,0,0.0,,ret_IDX_VIX | ret_COPX,ningun_factor_seleccionado_disponible
2026-04-06,lunes,Habitat,False,True,2,0,0.0,,ret_IDX_VIX | ret_COPX,ningun_factor_seleccionado_disponible
2026-04-07,martes,Habitat,True,True,2,2,100.0,ret_IDX_VIX | ret_COPX,,prediccion_disponible
2026-04-08,miercoles,Habitat,True,True,2,2,100.0,ret_IDX_VIX | ret_COPX,,prediccion_disponible
2026-04-09,jueves,Habitat,True,True,2,2,100.0,ret_IDX_VIX | ret_COPX,,prediccion_disponible
2026-04-10,viernes,Habitat,True,True,2,2,100.0,ret_IDX_VIX | ret_COPX,,prediccion_disponible
2026-04-13,lunes,Habitat,False,True,2,0,0.0,,ret_IDX_VIX | ret_COPX,ningun_factor_seleccionado_disponible
2026-04-14,martes,Habitat,True,True,2,2,100.0,ret_IDX_VIX | ret_COPX,,prediccion_disponible
2026-04-15,miercoles,Habitat,True,True,2,2,100.0,ret_IDX_VIX | ret_COPX,,prediccion_disponible
2026-04-16,jueves,Habitat,True,True,2,2,100.0,ret_IDX_VIX | ret_COPX,,prediccion_disponible
2026-04-17,viernes,Habitat,True,True,2,2,100.0,ret_IDX_VIX | ret_COPX,,prediccion_disponible
2026-04-20,lunes,Habitat,False,True,2,0,0.0,,ret_IDX_VIX | ret_COPX,ningun_factor_seleccionado_disponible
2026-04-21,martes,Habitat,True,True,2,2,100.0,ret_IDX_VIX | ret_COPX,,prediccion_disponible
2026-04-22,miercoles,Habitat,True,True,2,2,100.0,ret_IDX_VIX | ret_COPX,,prediccion_disponible
2026-04-23,jueves,Habitat,True,True,2,2,100.0,ret_IDX_VIX | ret_COPX,,prediccion_disponible
2026-04-24,viernes,Habitat,True,True,2,2,100.0,ret_IDX_VIX | ret_COPX,,prediccion_disponible
2026-04-27,lunes,Habitat,False,True,2,0,0.0,,ret_IDX_VIX | ret_COPX,ningun_factor_seleccionado_disponible
2026-04-28,martes,Habitat,True,True,2,2,100.0,ret_IDX_VIX | ret_COPX,,prediccion_disponible
2026-04-29,miercoles,Habitat,True,True,2,2,100.0,ret_IDX_VIX | ret_COPX,,prediccion_disponible
2026-04-30,jueves,Habitat,True,True,2,2,100.0,ret_IDX_VIX | ret_COPX,,prediccion_disponible
2026-05-01,viernes,Habitat,True,True,2,2,100.0,ret_IDX_VIX | ret_COPX,,prediccion_disponible
2026-05-04,lunes,Habitat,False,True,2,0,0.0,,ret_IDX_VIX | ret_COPX,ningun_factor_seleccionado_disponible
2026-05-05,martes,Habitat,True,True,2,2,100.0,ret_IDX_VIX | ret_COPX,,prediccion_disponible
2026-05-06,miercoles,Habitat,True,True,2,2,100.0,ret_IDX_VIX | ret_COPX,,prediccion_disponible
2026-05-07,jueves,Habitat,True,True,2,2,100.0,ret_IDX_VIX | ret_COPX,,prediccion_disponible
2026-05-08,viernes,Habitat,True,True,2,2,100.0,ret_IDX_VIX | ret_COPX,,prediccion_disponible
2026-05-11,lunes,Habitat,False,True,2,0,0.0,,ret_IDX_VIX | ret_COPX,ningun_factor_seleccionado_disponible
2026-05-12,martes,Habitat,True,True,2,2,100.0,ret_IDX_VIX | ret_COPX,,prediccion_disponible
2026-05-13,miercoles,Habitat,True,True,2,2,100.0,ret_IDX_VIX | ret_COPX,,prediccion_disponible
2026-05-14,jueves,Habitat,True,True,2,2,100.0,ret_IDX_VIX | ret_COPX,,prediccion_disponible
2026-05-15,viernes,Habitat,True,True,2,2,100.0,ret_IDX_VIX | ret_COPX,,prediccion_disponible
2026-05-18,lunes,Habitat,False,True,2,0,0.0,,ret_IDX_VIX | ret_COPX,ningun_factor_seleccionado_disponible
2026-05-19,martes,Habitat,True,True,2,2,100.0,ret_IDX_VIX | ret_COPX,,prediccion_disponible
2026-05-20,miercoles,Habitat,True,True,2,2,100.0,ret_IDX_VIX | ret_COPX,,prediccion_disponible
2026-05-21,jueves,Habitat,True,True,2,2,100.0,ret_IDX_VIX | ret_COPX,,prediccion_disponible
2026-05-22,viernes,Habitat,True,True,2,2,100.0,ret_IDX_VIX | ret_COPX,,prediccion_disponible
2026-05-25,lunes,Habitat,False,True,2,0,0.0,,ret_IDX_VIX | ret_COPX,ningun_factor_seleccionado_disponible
2026-05-26,martes,Habitat,False,True,2,1,50.0,ret_IDX_VIX,ret_COPX,faltan_factores_seleccionados
2026-05-27,miercoles,Habitat,True,True,2,2,100.0,ret_IDX_VIX | ret_COPX,,prediccion_disponible
2026-05-28,jueves,Habitat,True,True,2,2,100.0,ret_IDX_VIX | ret_COPX,,prediccion_disponible
2026-05-29,viernes,Habitat,True,True,2,2,100.0,ret_IDX_VIX | ret_COPX,,prediccion_disponible
2026-06-22,lunes,Habitat,False,True,2,0,0.0,,ret_IDX_VIX | ret_COPX,ningun_factor_seleccionado_disponible
2026-06-23,martes,Habitat,True,True,2,2,100.0,ret_IDX_VIX | ret_COPX,,prediccion_disponible
2026-06-24,miercoles,Habitat,True,True,2,2,100.0,ret_IDX_VIX | ret_COPX,,prediccion_disponible
2026-06-25,jueves,Habitat,True,True,2,2,100.0,ret_IDX_VIX | ret_COPX,,prediccion_disponible
2026-06-26,viernes,Habitat,True,True,2,2,100.0,ret_IDX_VIX | ret_COPX,,prediccion_disponible
2026-06-29,lunes,Habitat,False,True,2,0,0.0,,ret_IDX_VIX | ret_COPX,ningun_factor_seleccionado_disponible
2026-06-30,martes,Habitat,True,True,2,2,100.0,ret_IDX_VIX | ret_COPX,,prediccion_disponible
2024-02-26,lunes,Integra,True,True,2,2,100.0,ret_COPX | ret_EPU,,prediccion_disponible
2024-02-27,martes,Integra,True,True,2,2,100.0,ret_COPX | ret_EPU,,prediccion_disponible
2024-02-28,miercoles,Integra,True,True,2,2,100.0,ret_COPX | ret_EPU,,prediccion_disponible
2024-02-29,jueves,Integra,True,True,2,2,100.0,ret_COPX | ret_EPU,,prediccion_disponible
2024-03-01,viernes,Integra,True,True,2,2,100.0,ret_COPX | ret_EPU,,prediccion_disponible
2024-03-04,lunes,Integra,True,True,2,2,100.0,ret_COPX | ret_EPU,,prediccion_disponible
2024-03-05,martes,Integra,True,True,2,2,100.0,ret_COPX | ret_EPU,,prediccion_disponible
2024-03-06,miercoles,Integra,True,True,2,2,100.0,ret_COPX | ret_EPU,,prediccion_disponible
2024-03-07,jueves,Integra,True,True,2,2,100.0,ret_COPX | ret_EPU,,prediccion_disponible
2024-03-08,viernes,Integra,True,True,2,2,100.0,ret_COPX | ret_EPU,,prediccion_disponible
2024-03-11,lunes,Integra,True,True,2,2,100.0,ret_COPX | ret_EPU,,prediccion_disponible
2024-03-12,martes,Integra,True,True,2,2,100.0,ret_COPX | ret_EPU,,prediccion_disponible
2024-03-13,miercoles,Integra,True,True,2,2,100.0,ret_COPX | ret_EPU,,prediccion_disponible
2024-03-14,jueves,Integra,True,True,2,2,100.0,ret_COPX | ret_EPU,,prediccion_disponible
2024-03-15,viernes,Integra,True,True,2,2,100.0,ret_COPX | ret_EPU,,prediccion_disponible
2024-03-18,lunes,Integra,True,True,2,2,100.0,ret_COPX | ret_EPU,,prediccion_disponible
2024-03-19,martes,Integra,True,True,2,2,100.0,ret_COPX | ret_EPU,,prediccion_disponible
2024-03-20,miercoles,Integra,True,True,2,2,100.0,ret_COPX | ret_EPU,,prediccion_disponible
2024-03-21,jueves,Integra,True,True,2,2,100.0,ret_COPX | ret_EPU,,prediccion_disponible
2024-03-22,viernes,Integra,True,True,2,2,100.0,ret_COPX | ret_EPU,,prediccion_disponible
2024-03-25,lunes,Integra,True,True,2,2,100.0,ret_COPX | ret_EPU,,prediccion_disponible
2024-03-26,martes,Integra,True,True,2,2,100.0,ret_COPX | ret_EPU,,prediccion_disponible
2024-03-27,miercoles,Integra,True,True,2,2,100.0,ret_COPX | ret_EPU,,prediccion_disponible
2024-03-28,jueves,Integra,True,True,2,2,100.0,ret_COPX | ret_EPU,,prediccion_disponible
2024-03-29,viernes,Integra,False,True,2,0,0.0,,ret_COPX | ret_EPU,ningun_factor_seleccionado_disponible
2024-04-01,lunes,Integra,False,True,2,0,0.0,,ret_COPX | ret_EPU,ningun_factor_seleccionado_disponible
2024-04-02,martes,Integra,True,True,2,2,100.0,ret_COPX | ret_EPU,,prediccion_disponible
2024-04-03,miercoles,Integra,True,True,2,2,100.0,ret_COPX | ret_EPU,,prediccion_disponible
2024-04-04,jueves,Integra,True,True,2,2,100.0,ret_COPX | ret_EPU,,prediccion_disponible
2024-04-05,viernes,Integra,True,True,2,2,100.0,ret_COPX | ret_EPU,,prediccion_disponible
2024-04-08,lunes,Integra,True,True,2,2,100.0,ret_COPX | ret_EPU,,prediccion_disponible
2024-04-09,martes,Integra,True,True,2,2,100.0,ret_COPX | ret_EPU,,prediccion_disponible
2024-04-10,miercoles,Integra,True,True,2,2,100.0,ret_COPX | ret_EPU,,prediccion_disponible
2024-04-11,jueves,Integra,True,True,2,2,100.0,ret_COPX | ret_EPU,,prediccion_disponible
2024-04-12,viernes,Integra,True,True,2,2,100.0,ret_COPX | ret_EPU,,prediccion_disponible
2024-04-15,lunes,Integra,True,True,2,2,100.0,ret_COPX | ret_EPU,,prediccion_disponible
2024-04-16,martes,Integra,True,True,2,2,100.0,ret_COPX | ret_EPU,,prediccion_disponible
2024-04-17,miercoles,Integra,True,True,2,2,100.0,ret_COPX | ret_EPU,,prediccion_disponible
2024-04-18,jueves,Integra,True,True,2,2,100.0,ret_COPX | ret_EPU,,prediccion_disponible
2024-04-19,viernes,Integra,True,True,2,2,100.0,ret_COPX | ret_EPU,,prediccion_disponible
2024-04-22,lunes,Integra,True,True,2,2,100.0,ret_COPX | ret_EPU,,prediccion_disponible
2024-04-23,martes,Integra,True,True,2,2,100.0,ret_COPX | ret_EPU,,prediccion_disponible
2024-04-24,miercoles,Integra,True,True,2,2,100.0,ret_COPX | ret_EPU,,prediccion_disponible
2024-04-25,jueves,Integra,True,True,2,2,100.0,ret_COPX | ret_EPU,,prediccion_disponible
2024-04-26,viernes,Integra,True,True,2,2,100.0,ret_COPX | ret_EPU,,prediccion_disponible
2024-04-29,lunes,Integra,True,True,2,2,100.0,ret_COPX | ret_EPU,,prediccion_disponible
2024-04-30,martes,Integra,True,True,2,2,100.0,ret_COPX | ret_EPU,,prediccion_disponible
2024-05-01,miercoles,Integra,True,True,2,2,100.0,ret_COPX | ret_EPU,,prediccion_disponible
2024-05-02,jueves,Integra,True,True,2,2,100.0,ret_COPX | ret_EPU,,prediccion_disponible
2024-05-03,viernes,Integra,True,True,2,2,100.0,ret_COPX | ret_EPU,,prediccion_disponible
2024-05-06,lunes,Integra,True,True,2,2,100.0,ret_COPX | ret_EPU,,prediccion_disponible
2024-05-07,martes,Integra,True,True,2,2,100.0,ret_COPX | ret_EPU,,prediccion_disponible
2024-05-08,miercoles,Integra,True,True,2,2,100.0,ret_COPX | ret_EPU,,prediccion_disponible
2024-05-09,jueves,Integra,True,True,2,2,100.0,ret_COPX | ret_EPU,,prediccion_disponible
2024-05-10,viernes,Integra,True,True,2,2,100.0,ret_COPX | ret_EPU,,prediccion_disponible
2024-05-13,lunes,Integra,True,True,2,2,100.0,ret_COPX | ret_EPU,,prediccion_disponible
2024-05-14,martes,Integra,True,True,2,2,100.0,ret_COPX | ret_EPU,,prediccion_disponible
2024-05-15,miercoles,Integra,True,True,2,2,100.0,ret_COPX | ret_EPU,,prediccion_disponible
2024-05-16,jueves,Integra,True,True,2,2,100.0,ret_COPX | ret_EPU,,prediccion_disponible
2024-05-17,viernes,Integra,True,True,2,2,100.0,ret_COPX | ret_EPU,,prediccion_disponible
2024-05-20,lunes,Integra,True,True,2,2,100.0,ret_COPX | ret_EPU,,prediccion_disponible
2024-05-21,martes,Integra,True,True,2,2,100.0,ret_COPX | ret_EPU,,prediccion_disponible
2024-05-22,miercoles,Integra,True,True,2,2,100.0,ret_COPX | ret_EPU,,prediccion_disponible
2024-05-23,jueves,Integra,True,True,2,2,100.0,ret_COPX | ret_EPU,,prediccion_disponible
2024-05-24,viernes,Integra,True,True,2,2,100.0,ret_COPX | ret_EPU,,prediccion_disponible
2024-05-27,lunes,Integra,False,True,2,0,0.0,,ret_COPX | ret_EPU,ningun_factor_seleccionado_disponible
2024-05-28,martes,Integra,False,True,2,0,0.0,,ret_COPX | ret_EPU,ningun_factor_seleccionado_disponible
2024-05-29,miercoles,Integra,True,True,2,2,100.0,ret_COPX | ret_EPU,,prediccion_disponible
2024-05-30,jueves,Integra,True,True,2,2,100.0,ret_COPX | ret_EPU,,prediccion_disponible
2024-05-31,viernes,Integra,True,True,2,2,100.0,ret_COPX | ret_EPU,,prediccion_disponible
2024-06-03,lunes,Integra,True,True,2,2,100.0,ret_COPX | ret_EPU,,prediccion_disponible
2024-06-04,martes,Integra,True,True,2,2,100.0,ret_COPX | ret_EPU,,prediccion_disponible
2024-06-05,miercoles,Integra,True,True,2,2,100.0,ret_COPX | ret_EPU,,prediccion_disponible
2024-06-06,jueves,Integra,True,True,2,2,100.0,ret_COPX | ret_EPU,,prediccion_disponible
2024-06-07,viernes,Integra,True,True,2,2,100.0,ret_COPX | ret_EPU,,prediccion_disponible
2024-06-10,lunes,Integra,True,True,2,2,100.0,ret_COPX | ret_EPU,,prediccion_disponible
2024-06-11,martes,Integra,True,True,2,2,100.0,ret_COPX | ret_EPU,,prediccion_disponible
2024-06-12,miercoles,Integra,True,True,2,2,100.0,ret_COPX | ret_EPU,,prediccion_disponible
2024-06-13,jueves,Integra,True,True,2,2,100.0,ret_COPX | ret_EPU,,prediccion_disponible
2024-06-14,viernes,Integra,True,True,2,2,100.0,ret_COPX | ret_EPU,,prediccion_disponible
2024-06-17,lunes,Integra,True,True,2,2,100.0,ret_COPX | ret_EPU,,prediccion_disponible
2024-06-18,martes,Integra,True,True,2,2,100.0,ret_COPX | ret_EPU,,prediccion_disponible
2024-06-19,miercoles,Integra,False,True,2,0,0.0,,ret_COPX | ret_EPU,ningun_factor_seleccionado_disponible
2024-06-20,jueves,Integra,False,True,2,0,0.0,,ret_COPX | ret_EPU,ningun_factor_seleccionado_disponible
2024-06-21,viernes,Integra,True,True,2,2,100.0,ret_COPX | ret_EPU,,prediccion_disponible
2024-06-24,lunes,Integra,True,True,2,2,100.0,ret_COPX | ret_EPU,,prediccion_disponible
2024-06-25,martes,Integra,True,True,2,2,100.0,ret_COPX | ret_EPU,,prediccion_disponible
2024-06-26,miercoles,Integra,True,True,2,2,100.0,ret_COPX | ret_EPU,,prediccion_disponible
2024-06-27,jueves,Integra,True,True,2,2,100.0,ret_COPX | ret_EPU,,prediccion_disponible
2024-06-28,viernes,Integra,True,True,2,2,100.0,ret_COPX | ret_EPU,,prediccion_disponible
2024-07-01,lunes,Integra,True,True,2,2,100.0,ret_COPX | ret_EPU,,prediccion_disponible
2024-07-02,martes,Integra,True,True,2,2,100.0,ret_COPX | ret_EPU,,prediccion_disponible
2024-07-03,miercoles,Integra,True,True,2,2,100.0,ret_COPX | ret_EPU,,prediccion_disponible
2024-07-04,jueves,Integra,False,True,2,0,0.0,,ret_COPX | ret_EPU,ningun_factor_seleccionado_disponible
2024-07-05,viernes,Integra,False,True,2,0,0.0,,ret_COPX | ret_EPU,ningun_factor_seleccionado_disponible
2024-07-08,lunes,Integra,False,True,2,0,0.0,,ret_COPX | ret_EPU,ningun_factor_seleccionado_disponible
2024-07-09,martes,Integra,True,True,2,2,100.0,ret_COPX | ret_EPU,,prediccion_disponible
2024-07-10,miercoles,Integra,True,True,2,2,100.0,ret_COPX | ret_EPU,,prediccion_disponible
2024-07-11,jueves,Integra,True,True,2,2,100.0,ret_COPX | ret_EPU,,prediccion_disponible
2024-07-12,viernes,Integra,True,True,2,2,100.0,ret_COPX | ret_EPU,,prediccion_disponible
2024-07-15,lunes,Integra,False,True,2,0,0.0,,ret_COPX | ret_EPU,ningun_factor_seleccionado_disponible
2024-07-16,martes,Integra,True,True,2,2,100.0,ret_COPX | ret_EPU,,prediccion_disponible
2024-07-17,miercoles,Integra,True,True,2,2,100.0,ret_COPX | ret_EPU,,prediccion_disponible
2024-07-18,jueves,Integra,True,True,2,2,100.0,ret_COPX | ret_EPU,,prediccion_disponible
2024-07-19,viernes,Integra,True,True,2,2,100.0,ret_COPX | ret_EPU,,prediccion_disponible
2024-07-22,lunes,Integra,False,True,2,0,0.0,,ret_COPX | ret_EPU,ningun_factor_seleccionado_disponible
2024-07-23,martes,Integra,True,True,2,2,100.0,ret_COPX | ret_EPU,,prediccion_disponible
2024-07-24,miercoles,Integra,True,True,2,2,100.0,ret_COPX | ret_EPU,,prediccion_disponible
2024-07-25,jueves,Integra,True,True,2,2,100.0,ret_COPX | ret_EPU,,prediccion_disponible
2024-07-26,viernes,Integra,True,True,2,2,100.0,ret_COPX | ret_EPU,,prediccion_disponible
2024-07-29,lunes,Integra,False,True,2,0,0.0,,ret_COPX | ret_EPU,ningun_factor_seleccionado_disponible
2024-07-30,martes,Integra,True,True,2,2,100.0,ret_COPX | ret_EPU,,prediccion_disponible
2024-07-31,miercoles,Integra,True,True,2,2,100.0,ret_COPX | ret_EPU,,prediccion_disponible
2024-08-01,jueves,Integra,True,True,2,2,100.0,ret_COPX | ret_EPU,,prediccion_disponible
2024-08-02,viernes,Integra,True,True,2,2,100.0,ret_COPX | ret_EPU,,prediccion_disponible
2024-08-05,lunes,Integra,False,True,2,0,0.0,,ret_COPX | ret_EPU,ningun_factor_seleccionado_disponible
2024-08-06,martes,Integra,True,True,2,2,100.0,ret_COPX | ret_EPU,,prediccion_disponible
2024-08-07,miercoles,Integra,True,True,2,2,100.0,ret_COPX | ret_EPU,,prediccion_disponible
2024-08-08,jueves,Integra,True,True,2,2,100.0,ret_COPX | ret_EPU,,prediccion_disponible
2024-08-09,viernes,Integra,True,True,2,2,100.0,ret_COPX | ret_EPU,,prediccion_disponible
2024-08-12,lunes,Integra,False,True,2,0,0.0,,ret_COPX | ret_EPU,ningun_factor_seleccionado_disponible
2024-08-13,martes,Integra,True,True,2,2,100.0,ret_COPX | ret_EPU,,prediccion_disponible
2024-08-14,miercoles,Integra,True,True,2,2,100.0,ret_COPX | ret_EPU,,prediccion_disponible
2024-08-15,jueves,Integra,True,True,2,2,100.0,ret_COPX | ret_EPU,,prediccion_disponible
2024-08-16,viernes,Integra,True,True,2,2,100.0,ret_COPX | ret_EPU,,prediccion_disponible
2024-08-19,lunes,Integra,False,True,2,0,0.0,,ret_COPX | ret_EPU,ningun_factor_seleccionado_disponible
2024-08-20,martes,Integra,True,True,2,2,100.0,ret_COPX | ret_EPU,,prediccion_disponible
2024-08-21,miercoles,Integra,True,True,2,2,100.0,ret_COPX | ret_EPU,,prediccion_disponible
2024-08-22,jueves,Integra,True,True,2,2,100.0,ret_COPX | ret_EPU,,prediccion_disponible
2024-08-23,viernes,Integra,True,True,2,2,100.0,ret_COPX | ret_EPU,,prediccion_disponible
2024-08-26,lunes,Integra,False,True,2,0,0.0,,ret_COPX | ret_EPU,ningun_factor_seleccionado_disponible
2024-08-27,martes,Integra,True,True,2,2,100.0,ret_COPX | ret_EPU,,prediccion_disponible
2024-08-28,miercoles,Integra,True,True,2,2,100.0,ret_COPX | ret_EPU,,prediccion_disponible
2024-08-29,jueves,Integra,True,True,2,2,100.0,ret_COPX | ret_EPU,,prediccion_disponible
2024-08-30,viernes,Integra,True,True,2,2,100.0,ret_COPX | ret_EPU,,prediccion_disponible
2024-09-02,lunes,Integra,False,True,2,0,0.0,,ret_COPX | ret_EPU,ningun_factor_seleccionado_disponible
2024-09-03,martes,Integra,False,True,2,0,0.0,,ret_COPX | ret_EPU,ningun_factor_seleccionado_disponible
2024-09-04,miercoles,Integra,True,True,2,2,100.0,ret_COPX | ret_EPU,,prediccion_disponible
2024-09-05,jueves,Integra,True,True,2,2,100.0,ret_COPX | ret_EPU,,prediccion_disponible
2024-09-06,viernes,Integra,True,True,2,2,100.0,ret_COPX | ret_EPU,,prediccion_disponible
2024-09-09,lunes,Integra,False,True,2,0,0.0,,ret_COPX | ret_EPU,ningun_factor_seleccionado_disponible
2024-09-10,martes,Integra,True,True,2,2,100.0,ret_COPX | ret_EPU,,prediccion_disponible
2024-09-11,miercoles,Integra,True,True,2,2,100.0,ret_COPX | ret_EPU,,prediccion_disponible
2024-09-12,jueves,Integra,True,True,2,2,100.0,ret_COPX | ret_EPU,,prediccion_disponible
2024-09-13,viernes,Integra,True,True,2,2,100.0,ret_COPX | ret_EPU,,prediccion_disponible
2024-09-16,lunes,Integra,False,True,2,0,0.0,,ret_COPX | ret_EPU,ningun_factor_seleccionado_disponible
2024-09-17,martes,Integra,True,True,2,2,100.0,ret_COPX | ret_EPU,,prediccion_disponible
2024-09-18,miercoles,Integra,True,True,2,2,100.0,ret_COPX | ret_EPU,,prediccion_disponible
2024-09-19,jueves,Integra,True,True,2,2,100.0,ret_COPX | ret_EPU,,prediccion_disponible
2024-09-20,viernes,Integra,True,True,2,2,100.0,ret_COPX | ret_EPU,,prediccion_disponible
2024-09-23,lunes,Integra,False,True,2,0,0.0,,ret_COPX | ret_EPU,ningun_factor_seleccionado_disponible
2024-09-24,martes,Integra,True,True,2,2,100.0,ret_COPX | ret_EPU,,prediccion_disponible
2024-09-25,miercoles,Integra,True,True,2,2,100.0,ret_COPX | ret_EPU,,prediccion_disponible
2024-09-26,jueves,Integra,True,True,2,2,100.0,ret_COPX | ret_EPU,,prediccion_disponible
2024-09-27,viernes,Integra,True,True,2,2,100.0,ret_COPX | ret_EPU,,prediccion_disponible
2024-09-30,lunes,Integra,False,True,2,0,0.0,,ret_COPX | ret_EPU,ningun_factor_seleccionado_disponible
2024-10-01,martes,Integra,True,True,2,2,100.0,ret_COPX | ret_EPU,,prediccion_disponible
2024-10-02,miercoles,Integra,True,True,2,2,100.0,ret_COPX | ret_EPU,,prediccion_disponible
2024-10-03,jueves,Integra,True,True,2,2,100.0,ret_COPX | ret_EPU,,prediccion_disponible
2024-10-04,viernes,Integra,True,True,2,2,100.0,ret_COPX | ret_EPU,,prediccion_disponible
2024-10-07,lunes,Integra,False,True,2,0,0.0,,ret_COPX | ret_EPU,ningun_factor_seleccionado_disponible
2024-10-08,martes,Integra,True,True,2,2,100.0,ret_COPX | ret_EPU,,prediccion_disponible
2024-10-09,miercoles,Integra,True,True,2,2,100.0,ret_COPX | ret_EPU,,prediccion_disponible
2024-10-10,jueves,Integra,True,True,2,2,100.0,ret_COPX | ret_EPU,,prediccion_disponible
2024-10-11,viernes,Integra,True,True,2,2,100.0,ret_COPX | ret_EPU,,prediccion_disponible
2024-10-14,lunes,Integra,False,True,2,0,0.0,,ret_COPX | ret_EPU,ningun_factor_seleccionado_disponible
2024-10-15,martes,Integra,True,True,2,2,100.0,ret_COPX | ret_EPU,,prediccion_disponible
2024-10-16,miercoles,Integra,True,True,2,2,100.0,ret_COPX | ret_EPU,,prediccion_disponible
2024-10-17,jueves,Integra,True,True,2,2,100.0,ret_COPX | ret_EPU,,prediccion_disponible
2024-10-18,viernes,Integra,True,True,2,2,100.0,ret_COPX | ret_EPU,,prediccion_disponible
2024-10-21,lunes,Integra,False,True,2,0,0.0,,ret_COPX | ret_EPU,ningun_factor_seleccionado_disponible
2024-10-22,martes,Integra,True,True,2,2,100.0,ret_COPX | ret_EPU,,prediccion_disponible
2024-10-23,miercoles,Integra,True,True,2,2,100.0,ret_COPX | ret_EPU,,prediccion_disponible
2024-10-24,jueves,Integra,True,True,2,2,100.0,ret_COPX | ret_EPU,,prediccion_disponible
2024-10-25,viernes,Integra,True,True,2,2,100.0,ret_COPX | ret_EPU,,prediccion_disponible
2024-10-28,lunes,Integra,False,True,2,0,0.0,,ret_COPX | ret_EPU,ningun_factor_seleccionado_disponible
2024-10-29,martes,Integra,True,True,2,2,100.0,ret_COPX | ret_EPU,,prediccion_disponible
2024-10-30,miercoles,Integra,True,True,2,2,100.0,ret_COPX | ret_EPU,,prediccion_disponible
2024-10-31,jueves,Integra,True,True,2,2,100.0,ret_COPX | ret_EPU,,prediccion_disponible
2024-11-01,viernes,Integra,True,True,2,2,100.0,ret_COPX | ret_EPU,,prediccion_disponible
2024-11-04,lunes,Integra,False,True,2,0,0.0,,ret_COPX | ret_EPU,ningun_factor_seleccionado_disponible
2024-11-05,martes,Integra,True,True,2,2,100.0,ret_COPX | ret_EPU,,prediccion_disponible
2024-11-06,miercoles,Integra,True,True,2,2,100.0,ret_COPX | ret_EPU,,prediccion_disponible
2024-11-07,jueves,Integra,True,True,2,2,100.0,ret_COPX | ret_EPU,,prediccion_disponible
2024-11-08,viernes,Integra,True,True,2,2,100.0,ret_COPX | ret_EPU,,prediccion_disponible
2024-11-11,lunes,Integra,False,True,2,0,0.0,,ret_COPX | ret_EPU,ningun_factor_seleccionado_disponible
2024-11-12,martes,Integra,True,True,2,2,100.0,ret_COPX | ret_EPU,,prediccion_disponible
2024-11-13,miercoles,Integra,True,True,2,2,100.0,ret_COPX | ret_EPU,,prediccion_disponible
2024-11-14,jueves,Integra,True,True,2,2,100.0,ret_COPX | ret_EPU,,prediccion_disponible
2024-11-15,viernes,Integra,True,True,2,2,100.0,ret_COPX | ret_EPU,,prediccion_disponible
2024-11-18,lunes,Integra,False,True,2,0,0.0,,ret_COPX | ret_EPU,ningun_factor_seleccionado_disponible
2024-11-19,martes,Integra,True,True,2,2,100.0,ret_COPX | ret_EPU,,prediccion_disponible
2024-11-20,miercoles,Integra,True,True,2,2,100.0,ret_COPX | ret_EPU,,prediccion_disponible
2024-11-21,jueves,Integra,True,True,2,2,100.0,ret_COPX | ret_EPU,,prediccion_disponible
2024-11-22,viernes,Integra,True,True,2,2,100.0,ret_COPX | ret_EPU,,prediccion_disponible
2024-11-25,lunes,Integra,False,True,2,0,0.0,,ret_COPX | ret_EPU,ningun_factor_seleccionado_disponible
2024-11-26,martes,Integra,True,True,2,2,100.0,ret_COPX | ret_EPU,,prediccion_disponible
2024-11-27,miercoles,Integra,True,True,2,2,100.0,ret_COPX | ret_EPU,,prediccion_disponible
2024-11-28,jueves,Integra,False,True,2,0,0.0,,ret_COPX | ret_EPU,ningun_factor_seleccionado_disponible
2024-11-29,viernes,Integra,False,True,2,0,0.0,,ret_COPX | ret_EPU,ningun_factor_seleccionado_disponible
2024-12-02,lunes,Integra,False,True,2,0,0.0,,ret_COPX | ret_EPU,ningun_factor_seleccionado_disponible
2024-12-03,martes,Integra,True,True,2,2,100.0,ret_COPX | ret_EPU,,prediccion_disponible
2024-12-04,miercoles,Integra,True,True,2,2,100.0,ret_COPX | ret_EPU,,prediccion_disponible
2024-12-05,jueves,Integra,True,True,2,2,100.0,ret_COPX | ret_EPU,,prediccion_disponible
2024-12-06,viernes,Integra,True,True,2,2,100.0,ret_COPX | ret_EPU,,prediccion_disponible
2024-12-09,lunes,Integra,False,True,2,0,0.0,,ret_COPX | ret_EPU,ningun_factor_seleccionado_disponible
2024-12-10,martes,Integra,True,True,2,2,100.0,ret_COPX | ret_EPU,,prediccion_disponible
2024-12-11,miercoles,Integra,True,True,2,2,100.0,ret_COPX | ret_EPU,,prediccion_disponible
2024-12-12,jueves,Integra,True,True,2,2,100.0,ret_COPX | ret_EPU,,prediccion_disponible
2024-12-13,viernes,Integra,True,True,2,2,100.0,ret_COPX | ret_EPU,,prediccion_disponible
2024-12-16,lunes,Integra,False,True,2,0,0.0,,ret_COPX | ret_EPU,ningun_factor_seleccionado_disponible
2024-12-17,martes,Integra,True,True,2,2,100.0,ret_COPX | ret_EPU,,prediccion_disponible
2024-12-18,miercoles,Integra,True,True,2,2,100.0,ret_COPX | ret_EPU,,prediccion_disponible
2024-12-19,jueves,Integra,True,True,2,2,100.0,ret_COPX | ret_EPU,,prediccion_disponible
2024-12-20,viernes,Integra,True,True,2,2,100.0,ret_COPX | ret_EPU,,prediccion_disponible
2024-12-23,lunes,Integra,False,True,2,0,0.0,,ret_COPX | ret_EPU,ningun_factor_seleccionado_disponible
2024-12-24,martes,Integra,True,True,2,2,100.0,ret_COPX | ret_EPU,,prediccion_disponible
2024-12-26,jueves,Integra,False,True,2,0,0.0,,ret_COPX | ret_EPU,ningun_factor_seleccionado_disponible
2024-12-27,viernes,Integra,True,True,2,2,100.0,ret_COPX | ret_EPU,,prediccion_disponible
2024-12-30,lunes,Integra,False,True,2,0,0.0,,ret_COPX | ret_EPU,ningun_factor_seleccionado_disponible
2024-12-31,martes,Integra,True,True,2,2,100.0,ret_COPX | ret_EPU,,prediccion_disponible
2025-01-02,jueves,Integra,True,True,2,2,100.0,ret_COPX | ret_EPU,,prediccion_disponible
2025-01-03,viernes,Integra,True,True,2,2,100.0,ret_COPX | ret_EPU,,prediccion_disponible
2025-01-06,lunes,Integra,False,True,2,0,0.0,,ret_COPX | ret_EPU,ningun_factor_seleccionado_disponible
2025-01-07,martes,Integra,True,True,2,2,100.0,ret_COPX | ret_EPU,,prediccion_disponible
2025-01-08,miercoles,Integra,True,True,2,2,100.0,ret_COPX | ret_EPU,,prediccion_disponible
2025-01-09,jueves,Integra,False,True,2,0,0.0,,ret_COPX | ret_EPU,ningun_factor_seleccionado_disponible
2025-01-10,viernes,Integra,False,True,2,0,0.0,,ret_COPX | ret_EPU,ningun_factor_seleccionado_disponible
2025-01-13,lunes,Integra,False,True,2,0,0.0,,ret_COPX | ret_EPU,ningun_factor_seleccionado_disponible
2025-01-14,martes,Integra,True,True,2,2,100.0,ret_COPX | ret_EPU,,prediccion_disponible
2025-01-15,miercoles,Integra,True,True,2,2,100.0,ret_COPX | ret_EPU,,prediccion_disponible
2025-01-16,jueves,Integra,True,True,2,2,100.0,ret_COPX | ret_EPU,,prediccion_disponible
2025-01-17,viernes,Integra,True,True,2,2,100.0,ret_COPX | ret_EPU,,prediccion_disponible
2025-01-20,lunes,Integra,False,True,2,0,0.0,,ret_COPX | ret_EPU,ningun_factor_seleccionado_disponible
2025-01-21,martes,Integra,False,True,2,0,0.0,,ret_COPX | ret_EPU,ningun_factor_seleccionado_disponible
2025-01-22,miercoles,Integra,True,True,2,2,100.0,ret_COPX | ret_EPU,,prediccion_disponible
2025-01-23,jueves,Integra,True,True,2,2,100.0,ret_COPX | ret_EPU,,prediccion_disponible
2025-01-24,viernes,Integra,True,True,2,2,100.0,ret_COPX | ret_EPU,,prediccion_disponible
2025-01-27,lunes,Integra,False,True,2,0,0.0,,ret_COPX | ret_EPU,ningun_factor_seleccionado_disponible
2025-01-28,martes,Integra,True,True,2,2,100.0,ret_COPX | ret_EPU,,prediccion_disponible
2025-01-29,miercoles,Integra,True,True,2,2,100.0,ret_COPX | ret_EPU,,prediccion_disponible
2025-01-30,jueves,Integra,True,True,2,2,100.0,ret_COPX | ret_EPU,,prediccion_disponible
2025-01-31,viernes,Integra,True,True,2,2,100.0,ret_COPX | ret_EPU,,prediccion_disponible
2025-02-03,lunes,Integra,False,True,2,0,0.0,,ret_COPX | ret_EPU,ningun_factor_seleccionado_disponible
2025-02-04,martes,Integra,True,True,2,2,100.0,ret_COPX | ret_EPU,,prediccion_disponible
2025-02-05,miercoles,Integra,True,True,2,2,100.0,ret_COPX | ret_EPU,,prediccion_disponible
2025-02-06,jueves,Integra,True,True,2,2,100.0,ret_COPX | ret_EPU,,prediccion_disponible
2025-02-07,viernes,Integra,True,True,2,2,100.0,ret_COPX | ret_EPU,,prediccion_disponible
2025-02-10,lunes,Integra,False,True,2,0,0.0,,ret_COPX | ret_EPU,ningun_factor_seleccionado_disponible
2025-02-11,martes,Integra,True,True,2,2,100.0,ret_COPX | ret_EPU,,prediccion_disponible
2025-02-12,miercoles,Integra,True,True,2,2,100.0,ret_COPX | ret_EPU,,prediccion_disponible
2025-02-13,jueves,Integra,True,True,2,2,100.0,ret_COPX | ret_EPU,,prediccion_disponible
2025-02-14,viernes,Integra,True,True,2,2,100.0,ret_COPX | ret_EPU,,prediccion_disponible
2025-02-17,lunes,Integra,False,True,2,0,0.0,,ret_COPX | ret_EPU,ningun_factor_seleccionado_disponible
2025-02-18,martes,Integra,False,True,2,0,0.0,,ret_COPX | ret_EPU,ningun_factor_seleccionado_disponible
2025-02-19,miercoles,Integra,True,True,2,2,100.0,ret_COPX | ret_EPU,,prediccion_disponible
2025-02-20,jueves,Integra,True,True,2,2,100.0,ret_COPX | ret_EPU,,prediccion_disponible
2025-02-21,viernes,Integra,True,True,2,2,100.0,ret_COPX | ret_EPU,,prediccion_disponible
2025-02-24,lunes,Integra,False,True,2,0,0.0,,ret_COPX | ret_EPU,ningun_factor_seleccionado_disponible
2025-02-25,martes,Integra,True,True,2,2,100.0,ret_COPX | ret_EPU,,prediccion_disponible
2025-02-26,miercoles,Integra,True,True,2,2,100.0,ret_COPX | ret_EPU,,prediccion_disponible
2025-02-27,jueves,Integra,True,True,2,2,100.0,ret_COPX | ret_EPU,,prediccion_disponible
2025-02-28,viernes,Integra,True,True,2,2,100.0,ret_COPX | ret_EPU,,prediccion_disponible
2025-03-03,lunes,Integra,False,True,2,0,0.0,,ret_COPX | ret_EPU,ningun_factor_seleccionado_disponible
2025-03-04,martes,Integra,True,True,2,2,100.0,ret_COPX | ret_EPU,,prediccion_disponible
2025-03-05,miercoles,Integra,True,True,2,2,100.0,ret_COPX | ret_EPU,,prediccion_disponible
2025-03-06,jueves,Integra,True,True,2,2,100.0,ret_COPX | ret_EPU,,prediccion_disponible
2025-03-07,viernes,Integra,True,True,2,2,100.0,ret_COPX | ret_EPU,,prediccion_disponible
2025-03-10,lunes,Integra,False,True,2,0,0.0,,ret_COPX | ret_EPU,ningun_factor_seleccionado_disponible
2025-03-11,martes,Integra,True,True,2,2,100.0,ret_COPX | ret_EPU,,prediccion_disponible
2025-03-12,miercoles,Integra,True,True,2,2,100.0,ret_COPX | ret_EPU,,prediccion_disponible
2025-03-13,jueves,Integra,True,True,2,2,100.0,ret_COPX | ret_EPU,,prediccion_disponible
2025-03-14,viernes,Integra,True,True,2,2,100.0,ret_COPX | ret_EPU,,prediccion_disponible
2025-03-17,lunes,Integra,False,True,2,0,0.0,,ret_COPX | ret_EPU,ningun_factor_seleccionado_disponible
2025-03-18,martes,Integra,True,True,2,2,100.0,ret_COPX | ret_EPU,,prediccion_disponible
2025-03-19,miercoles,Integra,True,True,2,2,100.0,ret_COPX | ret_EPU,,prediccion_disponible
2025-03-20,jueves,Integra,True,True,2,2,100.0,ret_COPX | ret_EPU,,prediccion_disponible
2025-03-21,viernes,Integra,True,True,2,2,100.0,ret_COPX | ret_EPU,,prediccion_disponible
2025-03-24,lunes,Integra,False,True,2,0,0.0,,ret_COPX | ret_EPU,ningun_factor_seleccionado_disponible
2025-03-25,martes,Integra,True,True,2,2,100.0,ret_COPX | ret_EPU,,prediccion_disponible
2025-03-26,miercoles,Integra,True,True,2,2,100.0,ret_COPX | ret_EPU,,prediccion_disponible
2025-03-27,jueves,Integra,True,True,2,2,100.0,ret_COPX | ret_EPU,,prediccion_disponible
2025-03-28,viernes,Integra,True,True,2,2,100.0,ret_COPX | ret_EPU,,prediccion_disponible
2025-03-31,lunes,Integra,False,True,2,0,0.0,,ret_COPX | ret_EPU,ningun_factor_seleccionado_disponible
2025-04-01,martes,Integra,True,True,2,2,100.0,ret_COPX | ret_EPU,,prediccion_disponible
2025-04-02,miercoles,Integra,True,True,2,2,100.0,ret_COPX | ret_EPU,,prediccion_disponible
2025-04-03,jueves,Integra,True,True,2,2,100.0,ret_COPX | ret_EPU,,prediccion_disponible
2025-04-04,viernes,Integra,True,True,2,2,100.0,ret_COPX | ret_EPU,,prediccion_disponible
2025-04-07,lunes,Integra,False,True,2,0,0.0,,ret_COPX | ret_EPU,ningun_factor_seleccionado_disponible
2025-04-08,martes,Integra,True,True,2,2,100.0,ret_COPX | ret_EPU,,prediccion_disponible
2025-04-09,miercoles,Integra,True,True,2,2,100.0,ret_COPX | ret_EPU,,prediccion_disponible
2025-04-10,jueves,Integra,True,True,2,2,100.0,ret_COPX | ret_EPU,,prediccion_disponible
2025-04-11,viernes,Integra,True,True,2,2,100.0,ret_COPX | ret_EPU,,prediccion_disponible
2025-04-14,lunes,Integra,False,True,2,0,0.0,,ret_COPX | ret_EPU,ningun_factor_seleccionado_disponible
2025-04-15,martes,Integra,True,True,2,2,100.0,ret_COPX | ret_EPU,,prediccion_disponible
2025-04-16,miercoles,Integra,True,True,2,2,100.0,ret_COPX | ret_EPU,,prediccion_disponible
2025-04-17,jueves,Integra,True,True,2,2,100.0,ret_COPX | ret_EPU,,prediccion_disponible
2025-04-18,viernes,Integra,False,True,2,0,0.0,,ret_COPX | ret_EPU,ningun_factor_seleccionado_disponible
2025-04-21,lunes,Integra,False,True,2,0,0.0,,ret_COPX | ret_EPU,ningun_factor_seleccionado_disponible
2025-04-22,martes,Integra,True,True,2,2,100.0,ret_COPX | ret_EPU,,prediccion_disponible
2025-04-23,miercoles,Integra,True,True,2,2,100.0,ret_COPX | ret_EPU,,prediccion_disponible
2025-04-24,jueves,Integra,True,True,2,2,100.0,ret_COPX | ret_EPU,,prediccion_disponible
2025-04-25,viernes,Integra,True,True,2,2,100.0,ret_COPX | ret_EPU,,prediccion_disponible
2025-04-28,lunes,Integra,False,True,2,0,0.0,,ret_COPX | ret_EPU,ningun_factor_seleccionado_disponible
2025-04-29,martes,Integra,True,True,2,2,100.0,ret_COPX | ret_EPU,,prediccion_disponible
2025-04-30,miercoles,Integra,True,True,2,2,100.0,ret_COPX | ret_EPU,,prediccion_disponible
2025-05-01,jueves,Integra,True,True,2,2,100.0,ret_COPX | ret_EPU,,prediccion_disponible
2025-05-02,viernes,Integra,True,True,2,2,100.0,ret_COPX | ret_EPU,,prediccion_disponible
2025-05-05,lunes,Integra,False,True,2,0,0.0,,ret_COPX | ret_EPU,ningun_factor_seleccionado_disponible
2025-05-06,martes,Integra,True,True,2,2,100.0,ret_COPX | ret_EPU,,prediccion_disponible
2025-05-07,miercoles,Integra,True,True,2,2,100.0,ret_COPX | ret_EPU,,prediccion_disponible
2025-05-08,jueves,Integra,True,True,2,2,100.0,ret_COPX | ret_EPU,,prediccion_disponible
2025-05-09,viernes,Integra,True,True,2,2,100.0,ret_COPX | ret_EPU,,prediccion_disponible
2025-05-12,lunes,Integra,False,True,2,0,0.0,,ret_COPX | ret_EPU,ningun_factor_seleccionado_disponible
2025-05-13,martes,Integra,True,True,2,2,100.0,ret_COPX | ret_EPU,,prediccion_disponible
2025-05-14,miercoles,Integra,True,True,2,2,100.0,ret_COPX | ret_EPU,,prediccion_disponible
2025-05-15,jueves,Integra,True,True,2,2,100.0,ret_COPX | ret_EPU,,prediccion_disponible
2025-05-16,viernes,Integra,True,True,2,2,100.0,ret_COPX | ret_EPU,,prediccion_disponible
2025-05-19,lunes,Integra,False,True,2,0,0.0,,ret_COPX | ret_EPU,ningun_factor_seleccionado_disponible
2025-05-20,martes,Integra,True,True,2,2,100.0,ret_COPX | ret_EPU,,prediccion_disponible
2025-05-21,miercoles,Integra,True,True,2,2,100.0,ret_COPX | ret_EPU,,prediccion_disponible
2025-05-22,jueves,Integra,True,True,2,2,100.0,ret_COPX | ret_EPU,,prediccion_disponible
2025-05-23,viernes,Integra,True,True,2,2,100.0,ret_COPX | ret_EPU,,prediccion_disponible
2025-05-26,lunes,Integra,False,True,2,0,0.0,,ret_COPX | ret_EPU,ningun_factor_seleccionado_disponible
2025-05-27,martes,Integra,False,True,2,0,0.0,,ret_COPX | ret_EPU,ningun_factor_seleccionado_disponible
2025-05-28,miercoles,Integra,True,True,2,2,100.0,ret_COPX | ret_EPU,,prediccion_disponible
2025-05-29,jueves,Integra,True,True,2,2,100.0,ret_COPX | ret_EPU,,prediccion_disponible
2025-05-30,viernes,Integra,True,True,2,2,100.0,ret_COPX | ret_EPU,,prediccion_disponible
2025-06-02,lunes,Integra,False,True,2,0,0.0,,ret_COPX | ret_EPU,ningun_factor_seleccionado_disponible
2025-06-03,martes,Integra,True,True,2,2,100.0,ret_COPX | ret_EPU,,prediccion_disponible
2025-06-04,miercoles,Integra,True,True,2,2,100.0,ret_COPX | ret_EPU,,prediccion_disponible
2025-06-05,jueves,Integra,True,True,2,2,100.0,ret_COPX | ret_EPU,,prediccion_disponible
2025-06-06,viernes,Integra,True,True,2,2,100.0,ret_COPX | ret_EPU,,prediccion_disponible
2025-06-09,lunes,Integra,False,True,2,0,0.0,,ret_COPX | ret_EPU,ningun_factor_seleccionado_disponible
2025-06-10,martes,Integra,True,True,2,2,100.0,ret_COPX | ret_EPU,,prediccion_disponible
2025-06-11,miercoles,Integra,True,True,2,2,100.0,ret_COPX | ret_EPU,,prediccion_disponible
2025-06-12,jueves,Integra,True,True,2,2,100.0,ret_COPX | ret_EPU,,prediccion_disponible
2025-06-13,viernes,Integra,True,True,2,2,100.0,ret_COPX | ret_EPU,,prediccion_disponible
2025-06-16,lunes,Integra,False,True,2,0,0.0,,ret_COPX | ret_EPU,ningun_factor_seleccionado_disponible
2025-06-17,martes,Integra,True,True,2,2,100.0,ret_COPX | ret_EPU,,prediccion_disponible
2025-06-18,miercoles,Integra,True,True,2,2,100.0,ret_COPX | ret_EPU,,prediccion_disponible
2025-06-19,jueves,Integra,False,True,2,0,0.0,,ret_COPX | ret_EPU,ningun_factor_seleccionado_disponible
2025-06-20,viernes,Integra,False,True,2,0,0.0,,ret_COPX | ret_EPU,ningun_factor_seleccionado_disponible
2025-06-23,lunes,Integra,False,True,2,0,0.0,,ret_COPX | ret_EPU,ningun_factor_seleccionado_disponible
2025-06-24,martes,Integra,True,True,2,2,100.0,ret_COPX | ret_EPU,,prediccion_disponible
2025-06-25,miercoles,Integra,True,True,2,2,100.0,ret_COPX | ret_EPU,,prediccion_disponible
2025-06-26,jueves,Integra,True,True,2,2,100.0,ret_COPX | ret_EPU,,prediccion_disponible
2025-06-27,viernes,Integra,True,True,2,2,100.0,ret_COPX | ret_EPU,,prediccion_disponible
2025-06-30,lunes,Integra,False,True,2,0,0.0,,ret_COPX | ret_EPU,ningun_factor_seleccionado_disponible
2025-07-01,martes,Integra,True,True,2,2,100.0,ret_COPX | ret_EPU,,prediccion_disponible
2025-07-02,miercoles,Integra,True,True,2,2,100.0,ret_COPX | ret_EPU,,prediccion_disponible
2025-07-03,jueves,Integra,True,True,2,2,100.0,ret_COPX | ret_EPU,,prediccion_disponible
2025-07-04,viernes,Integra,False,True,2,0,0.0,,ret_COPX | ret_EPU,ningun_factor_seleccionado_disponible
2025-07-07,lunes,Integra,False,True,2,0,0.0,,ret_COPX | ret_EPU,ningun_factor_seleccionado_disponible
2025-07-08,martes,Integra,True,True,2,2,100.0,ret_COPX | ret_EPU,,prediccion_disponible
2025-07-09,miercoles,Integra,True,True,2,2,100.0,ret_COPX | ret_EPU,,prediccion_disponible
2025-07-10,jueves,Integra,True,True,2,2,100.0,ret_COPX | ret_EPU,,prediccion_disponible
2025-07-11,viernes,Integra,True,True,2,2,100.0,ret_COPX | ret_EPU,,prediccion_disponible
2025-07-14,lunes,Integra,False,True,2,0,0.0,,ret_COPX | ret_EPU,ningun_factor_seleccionado_disponible
2025-07-15,martes,Integra,True,True,2,2,100.0,ret_COPX | ret_EPU,,prediccion_disponible
2025-07-16,miercoles,Integra,True,True,2,2,100.0,ret_COPX | ret_EPU,,prediccion_disponible
2025-07-17,jueves,Integra,True,True,2,2,100.0,ret_COPX | ret_EPU,,prediccion_disponible
2025-07-18,viernes,Integra,True,True,2,2,100.0,ret_COPX | ret_EPU,,prediccion_disponible
2025-07-21,lunes,Integra,False,True,2,0,0.0,,ret_COPX | ret_EPU,ningun_factor_seleccionado_disponible
2025-07-22,martes,Integra,True,True,2,2,100.0,ret_COPX | ret_EPU,,prediccion_disponible
2025-07-23,miercoles,Integra,True,True,2,2,100.0,ret_COPX | ret_EPU,,prediccion_disponible
2025-07-24,jueves,Integra,True,True,2,2,100.0,ret_COPX | ret_EPU,,prediccion_disponible
2025-07-25,viernes,Integra,True,True,2,2,100.0,ret_COPX | ret_EPU,,prediccion_disponible
2025-07-28,lunes,Integra,False,True,2,0,0.0,,ret_COPX | ret_EPU,ningun_factor_seleccionado_disponible
2025-07-29,martes,Integra,True,True,2,2,100.0,ret_COPX | ret_EPU,,prediccion_disponible
2025-07-30,miercoles,Integra,True,True,2,2,100.0,ret_COPX | ret_EPU,,prediccion_disponible
2025-07-31,jueves,Integra,True,True,2,2,100.0,ret_COPX | ret_EPU,,prediccion_disponible
2025-08-01,viernes,Integra,True,True,2,2,100.0,ret_COPX | ret_EPU,,prediccion_disponible
2025-08-04,lunes,Integra,False,True,2,0,0.0,,ret_COPX | ret_EPU,ningun_factor_seleccionado_disponible
2025-08-05,martes,Integra,True,True,2,2,100.0,ret_COPX | ret_EPU,,prediccion_disponible
2025-08-06,miercoles,Integra,True,True,2,2,100.0,ret_COPX | ret_EPU,,prediccion_disponible
2025-08-07,jueves,Integra,True,True,2,2,100.0,ret_COPX | ret_EPU,,prediccion_disponible
2025-08-08,viernes,Integra,True,True,2,2,100.0,ret_COPX | ret_EPU,,prediccion_disponible
2025-08-11,lunes,Integra,False,True,2,0,0.0,,ret_COPX | ret_EPU,ningun_factor_seleccionado_disponible
2025-08-12,martes,Integra,True,True,2,2,100.0,ret_COPX | ret_EPU,,prediccion_disponible
2025-08-13,miercoles,Integra,True,True,2,2,100.0,ret_COPX | ret_EPU,,prediccion_disponible
2025-08-14,jueves,Integra,True,True,2,2,100.0,ret_COPX | ret_EPU,,prediccion_disponible
2025-08-15,viernes,Integra,True,True,2,2,100.0,ret_COPX | ret_EPU,,prediccion_disponible
2025-08-18,lunes,Integra,False,True,2,0,0.0,,ret_COPX | ret_EPU,ningun_factor_seleccionado_disponible
2025-08-19,martes,Integra,True,True,2,2,100.0,ret_COPX | ret_EPU,,prediccion_disponible
2025-08-20,miercoles,Integra,True,True,2,2,100.0,ret_COPX | ret_EPU,,prediccion_disponible
2025-08-21,jueves,Integra,True,True,2,2,100.0,ret_COPX | ret_EPU,,prediccion_disponible
2025-08-22,viernes,Integra,True,True,2,2,100.0,ret_COPX | ret_EPU,,prediccion_disponible
2025-08-25,lunes,Integra,False,True,2,0,0.0,,ret_COPX | ret_EPU,ningun_factor_seleccionado_disponible
2025-08-26,martes,Integra,True,True,2,2,100.0,ret_COPX | ret_EPU,,prediccion_disponible
2025-08-27,miercoles,Integra,True,True,2,2,100.0,ret_COPX | ret_EPU,,prediccion_disponible
2025-08-28,jueves,Integra,True,True,2,2,100.0,ret_COPX | ret_EPU,,prediccion_disponible
2025-08-29,viernes,Integra,True,True,2,2,100.0,ret_COPX | ret_EPU,,prediccion_disponible
2025-09-01,lunes,Integra,False,True,2,0,0.0,,ret_COPX | ret_EPU,ningun_factor_seleccionado_disponible
2025-09-02,martes,Integra,False,True,2,0,0.0,,ret_COPX | ret_EPU,ningun_factor_seleccionado_disponible
2025-09-03,miercoles,Integra,True,True,2,2,100.0,ret_COPX | ret_EPU,,prediccion_disponible
2025-09-04,jueves,Integra,True,True,2,2,100.0,ret_COPX | ret_EPU,,prediccion_disponible
2025-09-05,viernes,Integra,True,True,2,2,100.0,ret_COPX | ret_EPU,,prediccion_disponible
2025-09-08,lunes,Integra,False,True,2,0,0.0,,ret_COPX | ret_EPU,ningun_factor_seleccionado_disponible
2025-09-09,martes,Integra,True,True,2,2,100.0,ret_COPX | ret_EPU,,prediccion_disponible
2025-09-10,miercoles,Integra,True,True,2,2,100.0,ret_COPX | ret_EPU,,prediccion_disponible
2025-09-11,jueves,Integra,True,True,2,2,100.0,ret_COPX | ret_EPU,,prediccion_disponible
2025-09-12,viernes,Integra,True,True,2,2,100.0,ret_COPX | ret_EPU,,prediccion_disponible
2025-09-15,lunes,Integra,False,True,2,0,0.0,,ret_COPX | ret_EPU,ningun_factor_seleccionado_disponible
2025-09-16,martes,Integra,True,True,2,2,100.0,ret_COPX | ret_EPU,,prediccion_disponible
2025-09-17,miercoles,Integra,True,True,2,2,100.0,ret_COPX | ret_EPU,,prediccion_disponible
2025-09-18,jueves,Integra,True,True,2,2,100.0,ret_COPX | ret_EPU,,prediccion_disponible
2025-09-19,viernes,Integra,True,True,2,2,100.0,ret_COPX | ret_EPU,,prediccion_disponible
2025-09-22,lunes,Integra,False,True,2,0,0.0,,ret_COPX | ret_EPU,ningun_factor_seleccionado_disponible
2025-09-23,martes,Integra,True,True,2,2,100.0,ret_COPX | ret_EPU,,prediccion_disponible
2025-09-24,miercoles,Integra,True,True,2,2,100.0,ret_COPX | ret_EPU,,prediccion_disponible
2025-09-25,jueves,Integra,True,True,2,2,100.0,ret_COPX | ret_EPU,,prediccion_disponible
2025-09-26,viernes,Integra,True,True,2,2,100.0,ret_COPX | ret_EPU,,prediccion_disponible
2025-09-29,lunes,Integra,False,True,2,0,0.0,,ret_COPX | ret_EPU,ningun_factor_seleccionado_disponible
2025-09-30,martes,Integra,True,True,2,2,100.0,ret_COPX | ret_EPU,,prediccion_disponible
2025-10-01,miercoles,Integra,True,True,2,2,100.0,ret_COPX | ret_EPU,,prediccion_disponible
2025-10-02,jueves,Integra,True,True,2,2,100.0,ret_COPX | ret_EPU,,prediccion_disponible
2025-10-03,viernes,Integra,True,True,2,2,100.0,ret_COPX | ret_EPU,,prediccion_disponible
2025-10-06,lunes,Integra,False,True,2,0,0.0,,ret_COPX | ret_EPU,ningun_factor_seleccionado_disponible
2025-10-07,martes,Integra,True,True,2,2,100.0,ret_COPX | ret_EPU,,prediccion_disponible
2025-10-08,miercoles,Integra,True,True,2,2,100.0,ret_COPX | ret_EPU,,prediccion_disponible
2025-10-09,jueves,Integra,True,True,2,2,100.0,ret_COPX | ret_EPU,,prediccion_disponible
2025-10-10,viernes,Integra,True,True,2,2,100.0,ret_COPX | ret_EPU,,prediccion_disponible
2025-10-13,lunes,Integra,False,True,2,0,0.0,,ret_COPX | ret_EPU,ningun_factor_seleccionado_disponible
2025-10-14,martes,Integra,True,True,2,2,100.0,ret_COPX | ret_EPU,,prediccion_disponible
2025-10-15,miercoles,Integra,True,True,2,2,100.0,ret_COPX | ret_EPU,,prediccion_disponible
2025-10-16,jueves,Integra,True,True,2,2,100.0,ret_COPX | ret_EPU,,prediccion_disponible
2025-10-17,viernes,Integra,True,True,2,2,100.0,ret_COPX | ret_EPU,,prediccion_disponible
2025-10-20,lunes,Integra,False,True,2,0,0.0,,ret_COPX | ret_EPU,ningun_factor_seleccionado_disponible
2025-10-21,martes,Integra,True,True,2,2,100.0,ret_COPX | ret_EPU,,prediccion_disponible
2025-10-22,miercoles,Integra,True,True,2,2,100.0,ret_COPX | ret_EPU,,prediccion_disponible
2025-10-23,jueves,Integra,True,True,2,2,100.0,ret_COPX | ret_EPU,,prediccion_disponible
2025-10-24,viernes,Integra,True,True,2,2,100.0,ret_COPX | ret_EPU,,prediccion_disponible
2025-10-27,lunes,Integra,False,True,2,0,0.0,,ret_COPX | ret_EPU,ningun_factor_seleccionado_disponible
2025-10-28,martes,Integra,True,True,2,2,100.0,ret_COPX | ret_EPU,,prediccion_disponible
2025-10-29,miercoles,Integra,True,True,2,2,100.0,ret_COPX | ret_EPU,,prediccion_disponible
2025-10-30,jueves,Integra,True,True,2,2,100.0,ret_COPX | ret_EPU,,prediccion_disponible
2025-10-31,viernes,Integra,True,True,2,2,100.0,ret_COPX | ret_EPU,,prediccion_disponible
2025-11-03,lunes,Integra,False,True,2,0,0.0,,ret_COPX | ret_EPU,ningun_factor_seleccionado_disponible
2025-11-04,martes,Integra,True,True,2,2,100.0,ret_COPX | ret_EPU,,prediccion_disponible
2025-11-05,miercoles,Integra,True,True,2,2,100.0,ret_COPX | ret_EPU,,prediccion_disponible
2025-11-06,jueves,Integra,True,True,2,2,100.0,ret_COPX | ret_EPU,,prediccion_disponible
2025-11-07,viernes,Integra,True,True,2,2,100.0,ret_COPX | ret_EPU,,prediccion_disponible
2025-11-10,lunes,Integra,False,True,2,0,0.0,,ret_COPX | ret_EPU,ningun_factor_seleccionado_disponible
2025-11-11,martes,Integra,True,True,2,2,100.0,ret_COPX | ret_EPU,,prediccion_disponible
2025-11-12,miercoles,Integra,True,True,2,2,100.0,ret_COPX | ret_EPU,,prediccion_disponible
2025-11-13,jueves,Integra,True,True,2,2,100.0,ret_COPX | ret_EPU,,prediccion_disponible
2025-11-14,viernes,Integra,True,True,2,2,100.0,ret_COPX | ret_EPU,,prediccion_disponible
2025-11-17,lunes,Integra,False,True,2,0,0.0,,ret_COPX | ret_EPU,ningun_factor_seleccionado_disponible
2025-11-18,martes,Integra,True,True,2,2,100.0,ret_COPX | ret_EPU,,prediccion_disponible
2025-11-19,miercoles,Integra,True,True,2,2,100.0,ret_COPX | ret_EPU,,prediccion_disponible
2025-11-20,jueves,Integra,True,True,2,2,100.0,ret_COPX | ret_EPU,,prediccion_disponible
2025-11-21,viernes,Integra,True,True,2,2,100.0,ret_COPX | ret_EPU,,prediccion_disponible
2025-11-24,lunes,Integra,False,True,2,0,0.0,,ret_COPX | ret_EPU,ningun_factor_seleccionado_disponible
2025-11-25,martes,Integra,True,True,2,2,100.0,ret_COPX | ret_EPU,,prediccion_disponible
2025-11-26,miercoles,Integra,True,True,2,2,100.0,ret_COPX | ret_EPU,,prediccion_disponible
2025-11-27,jueves,Integra,False,True,2,0,0.0,,ret_COPX | ret_EPU,ningun_factor_seleccionado_disponible
2025-11-28,viernes,Integra,False,True,2,0,0.0,,ret_COPX | ret_EPU,ningun_factor_seleccionado_disponible
2025-12-01,lunes,Integra,False,True,2,0,0.0,,ret_COPX | ret_EPU,ningun_factor_seleccionado_disponible
2025-12-02,martes,Integra,True,True,2,2,100.0,ret_COPX | ret_EPU,,prediccion_disponible
2025-12-03,miercoles,Integra,True,True,2,2,100.0,ret_COPX | ret_EPU,,prediccion_disponible
2025-12-04,jueves,Integra,True,True,2,2,100.0,ret_COPX | ret_EPU,,prediccion_disponible
2025-12-05,viernes,Integra,True,True,2,2,100.0,ret_COPX | ret_EPU,,prediccion_disponible
2025-12-08,lunes,Integra,False,True,2,0,0.0,,ret_COPX | ret_EPU,ningun_factor_seleccionado_disponible
2025-12-09,martes,Integra,True,True,2,2,100.0,ret_COPX | ret_EPU,,prediccion_disponible
2025-12-10,miercoles,Integra,True,True,2,2,100.0,ret_COPX | ret_EPU,,prediccion_disponible
2025-12-11,jueves,Integra,True,True,2,2,100.0,ret_COPX | ret_EPU,,prediccion_disponible
2025-12-12,viernes,Integra,True,True,2,2,100.0,ret_COPX | ret_EPU,,prediccion_disponible
2025-12-15,lunes,Integra,False,True,2,0,0.0,,ret_COPX | ret_EPU,ningun_factor_seleccionado_disponible
2025-12-16,martes,Integra,True,True,2,2,100.0,ret_COPX | ret_EPU,,prediccion_disponible
2025-12-17,miercoles,Integra,True,True,2,2,100.0,ret_COPX | ret_EPU,,prediccion_disponible
2025-12-18,jueves,Integra,True,True,2,2,100.0,ret_COPX | ret_EPU,,prediccion_disponible
2025-12-19,viernes,Integra,True,True,2,2,100.0,ret_COPX | ret_EPU,,prediccion_disponible
2025-12-22,lunes,Integra,False,True,2,0,0.0,,ret_COPX | ret_EPU,ningun_factor_seleccionado_disponible
2025-12-23,martes,Integra,True,True,2,2,100.0,ret_COPX | ret_EPU,,prediccion_disponible
2025-12-24,miercoles,Integra,True,True,2,2,100.0,ret_COPX | ret_EPU,,prediccion_disponible
2025-12-26,viernes,Integra,False,True,2,0,0.0,,ret_COPX | ret_EPU,ningun_factor_seleccionado_disponible
2025-12-29,lunes,Integra,False,True,2,0,0.0,,ret_COPX | ret_EPU,ningun_factor_seleccionado_disponible
2025-12-30,martes,Integra,True,True,2,2,100.0,ret_COPX | ret_EPU,,prediccion_disponible
2025-12-31,miercoles,Integra,True,True,2,2,100.0,ret_COPX | ret_EPU,,prediccion_disponible
2026-01-02,viernes,Integra,False,True,2,0,0.0,,ret_COPX | ret_EPU,ningun_factor_seleccionado_disponible
2026-01-05,lunes,Integra,False,True,2,0,0.0,,ret_COPX | ret_EPU,ningun_factor_seleccionado_disponible
2026-01-06,martes,Integra,True,True,2,2,100.0,ret_COPX | ret_EPU,,prediccion_disponible
2026-01-07,miercoles,Integra,True,True,2,2,100.0,ret_COPX | ret_EPU,,prediccion_disponible
2026-01-08,jueves,Integra,True,True,2,2,100.0,ret_COPX | ret_EPU,,prediccion_disponible
2026-01-09,viernes,Integra,True,True,2,2,100.0,ret_COPX | ret_EPU,,prediccion_disponible
2026-01-12,lunes,Integra,False,True,2,0,0.0,,ret_COPX | ret_EPU,ningun_factor_seleccionado_disponible
2026-01-13,martes,Integra,True,True,2,2,100.0,ret_COPX | ret_EPU,,prediccion_disponible
2026-01-14,miercoles,Integra,True,True,2,2,100.0,ret_COPX | ret_EPU,,prediccion_disponible
2026-01-15,jueves,Integra,True,True,2,2,100.0,ret_COPX | ret_EPU,,prediccion_disponible
2026-01-16,viernes,Integra,True,True,2,2,100.0,ret_COPX | ret_EPU,,prediccion_disponible
2026-01-19,lunes,Integra,False,True,2,0,0.0,,ret_COPX | ret_EPU,ningun_factor_seleccionado_disponible
2026-01-20,martes,Integra,False,True,2,0,0.0,,ret_COPX | ret_EPU,ningun_factor_seleccionado_disponible
2026-01-21,miercoles,Integra,True,True,2,2,100.0,ret_COPX | ret_EPU,,prediccion_disponible
2026-01-22,jueves,Integra,True,True,2,2,100.0,ret_COPX | ret_EPU,,prediccion_disponible
2026-01-23,viernes,Integra,True,True,2,2,100.0,ret_COPX | ret_EPU,,prediccion_disponible
2026-01-26,lunes,Integra,False,True,2,0,0.0,,ret_COPX | ret_EPU,ningun_factor_seleccionado_disponible
2026-01-27,martes,Integra,True,True,2,2,100.0,ret_COPX | ret_EPU,,prediccion_disponible
2026-01-28,miercoles,Integra,True,True,2,2,100.0,ret_COPX | ret_EPU,,prediccion_disponible
2026-01-29,jueves,Integra,True,True,2,2,100.0,ret_COPX | ret_EPU,,prediccion_disponible
2026-01-30,viernes,Integra,True,True,2,2,100.0,ret_COPX | ret_EPU,,prediccion_disponible
2026-02-02,lunes,Integra,True,True,2,2,100.0,ret_COPX | ret_EPU,,prediccion_disponible
2026-02-03,martes,Integra,True,True,2,2,100.0,ret_COPX | ret_EPU,,prediccion_disponible
2026-02-04,miercoles,Integra,True,True,2,2,100.0,ret_COPX | ret_EPU,,prediccion_disponible
2026-02-05,jueves,Integra,True,True,2,2,100.0,ret_COPX | ret_EPU,,prediccion_disponible
2026-02-06,viernes,Integra,True,True,2,2,100.0,ret_COPX | ret_EPU,,prediccion_disponible
2026-02-09,lunes,Integra,False,True,2,0,0.0,,ret_COPX | ret_EPU,ningun_factor_seleccionado_disponible
2026-02-10,martes,Integra,True,True,2,2,100.0,ret_COPX | ret_EPU,,prediccion_disponible
2026-02-11,miercoles,Integra,True,True,2,2,100.0,ret_COPX | ret_EPU,,prediccion_disponible
2026-02-12,jueves,Integra,True,True,2,2,100.0,ret_COPX | ret_EPU,,prediccion_disponible
2026-02-13,viernes,Integra,True,True,2,2,100.0,ret_COPX | ret_EPU,,prediccion_disponible
2026-02-16,lunes,Integra,False,True,2,0,0.0,,ret_COPX | ret_EPU,ningun_factor_seleccionado_disponible
2026-02-17,martes,Integra,False,True,2,0,0.0,,ret_COPX | ret_EPU,ningun_factor_seleccionado_disponible
2026-02-18,miercoles,Integra,True,True,2,2,100.0,ret_COPX | ret_EPU,,prediccion_disponible
2026-02-19,jueves,Integra,True,True,2,2,100.0,ret_COPX | ret_EPU,,prediccion_disponible
2026-02-20,viernes,Integra,True,True,2,2,100.0,ret_COPX | ret_EPU,,prediccion_disponible
2026-02-23,lunes,Integra,False,True,2,0,0.0,,ret_COPX | ret_EPU,ningun_factor_seleccionado_disponible
2026-02-24,martes,Integra,True,True,2,2,100.0,ret_COPX | ret_EPU,,prediccion_disponible
2026-02-25,miercoles,Integra,True,True,2,2,100.0,ret_COPX | ret_EPU,,prediccion_disponible
2026-02-26,jueves,Integra,True,True,2,2,100.0,ret_COPX | ret_EPU,,prediccion_disponible
2026-02-27,viernes,Integra,True,True,2,2,100.0,ret_COPX | ret_EPU,,prediccion_disponible
2026-03-02,lunes,Integra,False,True,2,0,0.0,,ret_COPX | ret_EPU,ningun_factor_seleccionado_disponible
2026-03-03,martes,Integra,True,True,2,2,100.0,ret_COPX | ret_EPU,,prediccion_disponible
2026-03-04,miercoles,Integra,True,True,2,2,100.0,ret_COPX | ret_EPU,,prediccion_disponible
2026-03-05,jueves,Integra,True,True,2,2,100.0,ret_COPX | ret_EPU,,prediccion_disponible
2026-03-06,viernes,Integra,True,True,2,2,100.0,ret_COPX | ret_EPU,,prediccion_disponible
2026-03-09,lunes,Integra,False,True,2,0,0.0,,ret_COPX | ret_EPU,ningun_factor_seleccionado_disponible
2026-03-10,martes,Integra,True,True,2,2,100.0,ret_COPX | ret_EPU,,prediccion_disponible
2026-03-11,miercoles,Integra,True,True,2,2,100.0,ret_COPX | ret_EPU,,prediccion_disponible
2026-03-12,jueves,Integra,True,True,2,2,100.0,ret_COPX | ret_EPU,,prediccion_disponible
2026-03-13,viernes,Integra,True,True,2,2,100.0,ret_COPX | ret_EPU,,prediccion_disponible
2026-03-16,lunes,Integra,False,True,2,0,0.0,,ret_COPX | ret_EPU,ningun_factor_seleccionado_disponible
2026-03-17,martes,Integra,True,True,2,2,100.0,ret_COPX | ret_EPU,,prediccion_disponible
2026-03-18,miercoles,Integra,True,True,2,2,100.0,ret_COPX | ret_EPU,,prediccion_disponible
2026-03-19,jueves,Integra,True,True,2,2,100.0,ret_COPX | ret_EPU,,prediccion_disponible
2026-03-20,viernes,Integra,True,True,2,2,100.0,ret_COPX | ret_EPU,,prediccion_disponible
2026-03-23,lunes,Integra,False,True,2,0,0.0,,ret_COPX | ret_EPU,ningun_factor_seleccionado_disponible
2026-03-24,martes,Integra,True,True,2,2,100.0,ret_COPX | ret_EPU,,prediccion_disponible
2026-03-25,miercoles,Integra,True,True,2,2,100.0,ret_COPX | ret_EPU,,prediccion_disponible
2026-03-26,jueves,Integra,True,True,2,2,100.0,ret_COPX | ret_EPU,,prediccion_disponible
2026-03-27,viernes,Integra,True,True,2,2,100.0,ret_COPX | ret_EPU,,prediccion_disponible
2026-03-30,lunes,Integra,False,True,2,0,0.0,,ret_COPX | ret_EPU,ningun_factor_seleccionado_disponible
2026-03-31,martes,Integra,True,True,2,2,100.0,ret_COPX | ret_EPU,,prediccion_disponible
2026-04-01,miercoles,Integra,True,True,2,2,100.0,ret_COPX | ret_EPU,,prediccion_disponible
2026-04-02,jueves,Integra,True,True,2,2,100.0,ret_COPX | ret_EPU,,prediccion_disponible
2026-04-03,viernes,Integra,False,True,2,0,0.0,,ret_COPX | ret_EPU,ningun_factor_seleccionado_disponible
2026-04-06,lunes,Integra,False,True,2,0,0.0,,ret_COPX | ret_EPU,ningun_factor_seleccionado_disponible
2026-04-07,martes,Integra,True,True,2,2,100.0,ret_COPX | ret_EPU,,prediccion_disponible
2026-04-08,miercoles,Integra,True,True,2,2,100.0,ret_COPX | ret_EPU,,prediccion_disponible
2026-04-09,jueves,Integra,True,True,2,2,100.0,ret_COPX | ret_EPU,,prediccion_disponible
2026-04-10,viernes,Integra,True,True,2,2,100.0,ret_COPX | ret_EPU,,prediccion_disponible
2026-04-13,lunes,Integra,False,True,2,0,0.0,,ret_COPX | ret_EPU,ningun_factor_seleccionado_disponible
2026-04-14,martes,Integra,True,True,2,2,100.0,ret_COPX | ret_EPU,,prediccion_disponible
2026-04-15,miercoles,Integra,True,True,2,2,100.0,ret_COPX | ret_EPU,,prediccion_disponible
2026-04-16,jueves,Integra,True,True,2,2,100.0,ret_COPX | ret_EPU,,prediccion_disponible
2026-04-17,viernes,Integra,True,True,2,2,100.0,ret_COPX | ret_EPU,,prediccion_disponible
2026-04-20,lunes,Integra,False,True,2,0,0.0,,ret_COPX | ret_EPU,ningun_factor_seleccionado_disponible
2026-04-21,martes,Integra,True,True,2,2,100.0,ret_COPX | ret_EPU,,prediccion_disponible
2026-04-22,miercoles,Integra,True,True,2,2,100.0,ret_COPX | ret_EPU,,prediccion_disponible
2026-04-23,jueves,Integra,True,True,2,2,100.0,ret_COPX | ret_EPU,,prediccion_disponible
2026-04-24,viernes,Integra,True,True,2,2,100.0,ret_COPX | ret_EPU,,prediccion_disponible
2026-04-27,lunes,Integra,False,True,2,0,0.0,,ret_COPX | ret_EPU,ningun_factor_seleccionado_disponible
2026-04-28,martes,Integra,True,True,2,2,100.0,ret_COPX | ret_EPU,,prediccion_disponible
2026-04-29,miercoles,Integra,True,True,2,2,100.0,ret_COPX | ret_EPU,,prediccion_disponible
2026-04-30,jueves,Integra,True,True,2,2,100.0,ret_COPX | ret_EPU,,prediccion_disponible
2026-05-01,viernes,Integra,True,True,2,2,100.0,ret_COPX | ret_EPU,,prediccion_disponible
2026-05-04,lunes,Integra,False,True,2,0,0.0,,ret_COPX | ret_EPU,ningun_factor_seleccionado_disponible
2026-05-05,martes,Integra,True,True,2,2,100.0,ret_COPX | ret_EPU,,prediccion_disponible
2026-05-06,miercoles,Integra,True,True,2,2,100.0,ret_COPX | ret_EPU,,prediccion_disponible
2026-05-07,jueves,Integra,True,True,2,2,100.0,ret_COPX | ret_EPU,,prediccion_disponible
2026-05-08,viernes,Integra,True,True,2,2,100.0,ret_COPX | ret_EPU,,prediccion_disponible
2026-05-11,lunes,Integra,False,True,2,0,0.0,,ret_COPX | ret_EPU,ningun_factor_seleccionado_disponible
2026-05-12,martes,Integra,True,True,2,2,100.0,ret_COPX | ret_EPU,,prediccion_disponible
2026-05-13,miercoles,Integra,True,True,2,2,100.0,ret_COPX | ret_EPU,,prediccion_disponible
2026-05-14,jueves,Integra,True,True,2,2,100.0,ret_COPX | ret_EPU,,prediccion_disponible
2026-05-15,viernes,Integra,True,True,2,2,100.0,ret_COPX | ret_EPU,,prediccion_disponible
2026-05-18,lunes,Integra,False,True,2,0,0.0,,ret_COPX | ret_EPU,ningun_factor_seleccionado_disponible
2026-05-19,martes,Integra,True,True,2,2,100.0,ret_COPX | ret_EPU,,prediccion_disponible
2026-05-20,miercoles,Integra,True,True,2,2,100.0,ret_COPX | ret_EPU,,prediccion_disponible
2026-05-21,jueves,Integra,True,True,2,2,100.0,ret_COPX | ret_EPU,,prediccion_disponible
2026-05-22,viernes,Integra,True,True,2,2,100.0,ret_COPX | ret_EPU,,prediccion_disponible
2026-05-25,lunes,Integra,False,True,2,0,0.0,,ret_COPX | ret_EPU,ningun_factor_seleccionado_disponible
2026-05-26,martes,Integra,False,True,2,0,0.0,,ret_COPX | ret_EPU,ningun_factor_seleccionado_disponible
2026-05-27,miercoles,Integra,True,True,2,2,100.0,ret_COPX | ret_EPU,,prediccion_disponible
2026-05-28,jueves,Integra,True,True,2,2,100.0,ret_COPX | ret_EPU,,prediccion_disponible
2026-05-29,viernes,Integra,True,True,2,2,100.0,ret_COPX | ret_EPU,,prediccion_disponible
2026-06-22,lunes,Integra,False,True,2,0,0.0,,ret_COPX | ret_EPU,ningun_factor_seleccionado_disponible
2026-06-23,martes,Integra,True,True,2,2,100.0,ret_COPX | ret_EPU,,prediccion_disponible
2026-06-24,miercoles,Integra,True,True,2,2,100.0,ret_COPX | ret_EPU,,prediccion_disponible
2026-06-25,jueves,Integra,True,True,2,2,100.0,ret_COPX | ret_EPU,,prediccion_disponible
2026-06-26,viernes,Integra,True,True,2,2,100.0,ret_COPX | ret_EPU,,prediccion_disponible
2026-06-29,lunes,Integra,False,True,2,0,0.0,,ret_COPX | ret_EPU,ningun_factor_seleccionado_disponible
2026-06-30,martes,Integra,True,True,2,2,100.0,ret_COPX | ret_EPU,,prediccion_disponible
2024-02-26,lunes,Prima,True,True,4,4,100.0,ret_COPX | ret_EPU | ret_IDX_VIX | ret_XLB,,prediccion_disponible
2024-02-27,martes,Prima,True,True,4,4,100.0,ret_COPX | ret_EPU | ret_IDX_VIX | ret_XLB,,prediccion_disponible
2024-02-28,miercoles,Prima,True,True,4,4,100.0,ret_COPX | ret_EPU | ret_IDX_VIX | ret_XLB,,prediccion_disponible
2024-02-29,jueves,Prima,True,True,4,4,100.0,ret_COPX | ret_EPU | ret_IDX_VIX | ret_XLB,,prediccion_disponible
2024-03-01,viernes,Prima,True,True,4,4,100.0,ret_COPX | ret_EPU | ret_IDX_VIX | ret_XLB,,prediccion_disponible
2024-03-04,lunes,Prima,True,True,4,4,100.0,ret_COPX | ret_EPU | ret_IDX_VIX | ret_XLB,,prediccion_disponible
2024-03-05,martes,Prima,True,True,4,4,100.0,ret_COPX | ret_EPU | ret_IDX_VIX | ret_XLB,,prediccion_disponible
2024-03-06,miercoles,Prima,True,True,4,4,100.0,ret_COPX | ret_EPU | ret_IDX_VIX | ret_XLB,,prediccion_disponible
2024-03-07,jueves,Prima,True,True,4,4,100.0,ret_COPX | ret_EPU | ret_IDX_VIX | ret_XLB,,prediccion_disponible
2024-03-08,viernes,Prima,True,True,4,4,100.0,ret_COPX | ret_EPU | ret_IDX_VIX | ret_XLB,,prediccion_disponible
2024-03-11,lunes,Prima,True,True,4,4,100.0,ret_COPX | ret_EPU | ret_IDX_VIX | ret_XLB,,prediccion_disponible
2024-03-12,martes,Prima,True,True,4,4,100.0,ret_COPX | ret_EPU | ret_IDX_VIX | ret_XLB,,prediccion_disponible
2024-03-13,miercoles,Prima,True,True,4,4,100.0,ret_COPX | ret_EPU | ret_IDX_VIX | ret_XLB,,prediccion_disponible
2024-03-14,jueves,Prima,True,True,4,4,100.0,ret_COPX | ret_EPU | ret_IDX_VIX | ret_XLB,,prediccion_disponible
2024-03-15,viernes,Prima,True,True,4,4,100.0,ret_COPX | ret_EPU | ret_IDX_VIX | ret_XLB,,prediccion_disponible
2024-03-18,lunes,Prima,True,True,4,4,100.0,ret_COPX | ret_EPU | ret_IDX_VIX | ret_XLB,,prediccion_disponible
2024-03-19,martes,Prima,True,True,4,4,100.0,ret_COPX | ret_EPU | ret_IDX_VIX | ret_XLB,,prediccion_disponible
2024-03-20,miercoles,Prima,True,True,4,4,100.0,ret_COPX | ret_EPU | ret_IDX_VIX | ret_XLB,,prediccion_disponible
2024-03-21,jueves,Prima,True,True,4,4,100.0,ret_COPX | ret_EPU | ret_IDX_VIX | ret_XLB,,prediccion_disponible
2024-03-22,viernes,Prima,True,True,4,4,100.0,ret_COPX | ret_EPU | ret_IDX_VIX | ret_XLB,,prediccion_disponible
2024-03-25,lunes,Prima,True,True,4,4,100.0,ret_COPX | ret_EPU | ret_IDX_VIX | ret_XLB,,prediccion_disponible
2024-03-26,martes,Prima,True,True,4,4,100.0,ret_COPX | ret_EPU | ret_IDX_VIX | ret_XLB,,prediccion_disponible
2024-03-27,miercoles,Prima,True,True,4,4,100.0,ret_COPX | ret_EPU | ret_IDX_VIX | ret_XLB,,prediccion_disponible
2024-03-28,jueves,Prima,True,True,4,4,100.0,ret_COPX | ret_EPU | ret_IDX_VIX | ret_XLB,,prediccion_disponible
2024-03-29,viernes,Prima,False,True,4,0,0.0,,ret_COPX | ret_EPU | ret_IDX_VIX | ret_XLB,ningun_factor_seleccionado_disponible
2024-04-01,lunes,Prima,False,True,4,0,0.0,,ret_COPX | ret_EPU | ret_IDX_VIX | ret_XLB,ningun_factor_seleccionado_disponible
2024-04-02,martes,Prima,True,True,4,4,100.0,ret_COPX | ret_EPU | ret_IDX_VIX | ret_XLB,,prediccion_disponible
2024-04-03,miercoles,Prima,True,True,4,4,100.0,ret_COPX | ret_EPU | ret_IDX_VIX | ret_XLB,,prediccion_disponible
2024-04-04,jueves,Prima,True,True,4,4,100.0,ret_COPX | ret_EPU | ret_IDX_VIX | ret_XLB,,prediccion_disponible
2024-04-05,viernes,Prima,True,True,4,4,100.0,ret_COPX | ret_EPU | ret_IDX_VIX | ret_XLB,,prediccion_disponible
2024-04-08,lunes,Prima,True,True,4,4,100.0,ret_COPX | ret_EPU | ret_IDX_VIX | ret_XLB,,prediccion_disponible
2024-04-09,martes,Prima,True,True,4,4,100.0,ret_COPX | ret_EPU | ret_IDX_VIX | ret_XLB,,prediccion_disponible
2024-04-10,miercoles,Prima,True,True,4,4,100.0,ret_COPX | ret_EPU | ret_IDX_VIX | ret_XLB,,prediccion_disponible
2024-04-11,jueves,Prima,True,True,4,4,100.0,ret_COPX | ret_EPU | ret_IDX_VIX | ret_XLB,,prediccion_disponible
2024-04-12,viernes,Prima,True,True,4,4,100.0,ret_COPX | ret_EPU | ret_IDX_VIX | ret_XLB,,prediccion_disponible
2024-04-15,lunes,Prima,True,True,4,4,100.0,ret_COPX | ret_EPU | ret_IDX_VIX | ret_XLB,,prediccion_disponible
2024-04-16,martes,Prima,True,True,4,4,100.0,ret_COPX | ret_EPU | ret_IDX_VIX | ret_XLB,,prediccion_disponible
2024-04-17,miercoles,Prima,True,True,4,4,100.0,ret_COPX | ret_EPU | ret_IDX_VIX | ret_XLB,,prediccion_disponible
2024-04-18,jueves,Prima,True,True,4,4,100.0,ret_COPX | ret_EPU | ret_IDX_VIX | ret_XLB,,prediccion_disponible
2024-04-19,viernes,Prima,True,True,4,4,100.0,ret_COPX | ret_EPU | ret_IDX_VIX | ret_XLB,,prediccion_disponible
2024-04-22,lunes,Prima,True,True,4,4,100.0,ret_COPX | ret_EPU | ret_IDX_VIX | ret_XLB,,prediccion_disponible
2024-04-23,martes,Prima,True,True,4,4,100.0,ret_COPX | ret_EPU | ret_IDX_VIX | ret_XLB,,prediccion_disponible
2024-04-24,miercoles,Prima,True,True,4,4,100.0,ret_COPX | ret_EPU | ret_IDX_VIX | ret_XLB,,prediccion_disponible
2024-04-25,jueves,Prima,True,True,4,4,100.0,ret_COPX | ret_EPU | ret_IDX_VIX | ret_XLB,,prediccion_disponible
2024-04-26,viernes,Prima,True,True,4,4,100.0,ret_COPX | ret_EPU | ret_IDX_VIX | ret_XLB,,prediccion_disponible
2024-04-29,lunes,Prima,True,True,4,4,100.0,ret_COPX | ret_EPU | ret_IDX_VIX | ret_XLB,,prediccion_disponible
2024-04-30,martes,Prima,True,True,4,4,100.0,ret_COPX | ret_EPU | ret_IDX_VIX | ret_XLB,,prediccion_disponible
2024-05-01,miercoles,Prima,True,True,4,4,100.0,ret_COPX | ret_EPU | ret_IDX_VIX | ret_XLB,,prediccion_disponible
2024-05-02,jueves,Prima,True,True,4,4,100.0,ret_COPX | ret_EPU | ret_IDX_VIX | ret_XLB,,prediccion_disponible
2024-05-03,viernes,Prima,True,True,4,4,100.0,ret_COPX | ret_EPU | ret_IDX_VIX | ret_XLB,,prediccion_disponible
2024-05-06,lunes,Prima,True,True,4,4,100.0,ret_COPX | ret_EPU | ret_IDX_VIX | ret_XLB,,prediccion_disponible
2024-05-07,martes,Prima,True,True,4,4,100.0,ret_COPX | ret_EPU | ret_IDX_VIX | ret_XLB,,prediccion_disponible
2024-05-08,miercoles,Prima,True,True,4,4,100.0,ret_COPX | ret_EPU | ret_IDX_VIX | ret_XLB,,prediccion_disponible
2024-05-09,jueves,Prima,True,True,4,4,100.0,ret_COPX | ret_EPU | ret_IDX_VIX | ret_XLB,,prediccion_disponible
2024-05-10,viernes,Prima,True,True,4,4,100.0,ret_COPX | ret_EPU | ret_IDX_VIX | ret_XLB,,prediccion_disponible
2024-05-13,lunes,Prima,True,True,4,4,100.0,ret_COPX | ret_EPU | ret_IDX_VIX | ret_XLB,,prediccion_disponible
2024-05-14,martes,Prima,True,True,4,4,100.0,ret_COPX | ret_EPU | ret_IDX_VIX | ret_XLB,,prediccion_disponible
2024-05-15,miercoles,Prima,True,True,4,4,100.0,ret_COPX | ret_EPU | ret_IDX_VIX | ret_XLB,,prediccion_disponible
2024-05-16,jueves,Prima,True,True,4,4,100.0,ret_COPX | ret_EPU | ret_IDX_VIX | ret_XLB,,prediccion_disponible
2024-05-17,viernes,Prima,True,True,4,4,100.0,ret_COPX | ret_EPU | ret_IDX_VIX | ret_XLB,,prediccion_disponible
2024-05-20,lunes,Prima,True,True,4,4,100.0,ret_COPX | ret_EPU | ret_IDX_VIX | ret_XLB,,prediccion_disponible
2024-05-21,martes,Prima,True,True,4,4,100.0,ret_COPX | ret_EPU | ret_IDX_VIX | ret_XLB,,prediccion_disponible
2024-05-22,miercoles,Prima,True,True,4,4,100.0,ret_COPX | ret_EPU | ret_IDX_VIX | ret_XLB,,prediccion_disponible
2024-05-23,jueves,Prima,True,True,4,4,100.0,ret_COPX | ret_EPU | ret_IDX_VIX | ret_XLB,,prediccion_disponible
2024-05-24,viernes,Prima,True,True,4,4,100.0,ret_COPX | ret_EPU | ret_IDX_VIX | ret_XLB,,prediccion_disponible
2024-05-27,lunes,Prima,False,True,4,0,0.0,,ret_COPX | ret_EPU | ret_IDX_VIX | ret_XLB,ningun_factor_seleccionado_disponible
2024-05-28,martes,Prima,False,True,4,0,0.0,,ret_COPX | ret_EPU | ret_IDX_VIX | ret_XLB,ningun_factor_seleccionado_disponible
2024-05-29,miercoles,Prima,True,True,4,4,100.0,ret_COPX | ret_EPU | ret_IDX_VIX | ret_XLB,,prediccion_disponible
2024-05-30,jueves,Prima,True,True,4,4,100.0,ret_COPX | ret_EPU | ret_IDX_VIX | ret_XLB,,prediccion_disponible
2024-05-31,viernes,Prima,True,True,4,4,100.0,ret_COPX | ret_EPU | ret_IDX_VIX | ret_XLB,,prediccion_disponible
2024-06-03,lunes,Prima,True,True,4,4,100.0,ret_COPX | ret_EPU | ret_IDX_VIX | ret_XLB,,prediccion_disponible
2024-06-04,martes,Prima,True,True,4,4,100.0,ret_COPX | ret_EPU | ret_IDX_VIX | ret_XLB,,prediccion_disponible
2024-06-05,miercoles,Prima,True,True,4,4,100.0,ret_COPX | ret_EPU | ret_IDX_VIX | ret_XLB,,prediccion_disponible
2024-06-06,jueves,Prima,True,True,4,4,100.0,ret_COPX | ret_EPU | ret_IDX_VIX | ret_XLB,,prediccion_disponible
2024-06-07,viernes,Prima,True,True,4,4,100.0,ret_COPX | ret_EPU | ret_IDX_VIX | ret_XLB,,prediccion_disponible
2024-06-10,lunes,Prima,True,True,4,4,100.0,ret_COPX | ret_EPU | ret_IDX_VIX | ret_XLB,,prediccion_disponible
2024-06-11,martes,Prima,True,True,4,4,100.0,ret_COPX | ret_EPU | ret_IDX_VIX | ret_XLB,,prediccion_disponible
2024-06-12,miercoles,Prima,True,True,4,4,100.0,ret_COPX | ret_EPU | ret_IDX_VIX | ret_XLB,,prediccion_disponible
2024-06-13,jueves,Prima,True,True,4,4,100.0,ret_COPX | ret_EPU | ret_IDX_VIX | ret_XLB,,prediccion_disponible
2024-06-14,viernes,Prima,True,True,4,4,100.0,ret_COPX | ret_EPU | ret_IDX_VIX | ret_XLB,,prediccion_disponible
2024-06-17,lunes,Prima,True,True,4,4,100.0,ret_COPX | ret_EPU | ret_IDX_VIX | ret_XLB,,prediccion_disponible
2024-06-18,martes,Prima,True,True,4,4,100.0,ret_COPX | ret_EPU | ret_IDX_VIX | ret_XLB,,prediccion_disponible
2024-06-19,miercoles,Prima,False,True,4,0,0.0,,ret_COPX | ret_EPU | ret_IDX_VIX | ret_XLB,ningun_factor_seleccionado_disponible
2024-06-20,jueves,Prima,False,True,4,0,0.0,,ret_COPX | ret_EPU | ret_IDX_VIX | ret_XLB,ningun_factor_seleccionado_disponible
2024-06-21,viernes,Prima,True,True,4,4,100.0,ret_COPX | ret_EPU | ret_IDX_VIX | ret_XLB,,prediccion_disponible
2024-06-24,lunes,Prima,True,True,4,4,100.0,ret_COPX | ret_EPU | ret_IDX_VIX | ret_XLB,,prediccion_disponible
2024-06-25,martes,Prima,True,True,4,4,100.0,ret_COPX | ret_EPU | ret_IDX_VIX | ret_XLB,,prediccion_disponible
2024-06-26,miercoles,Prima,True,True,4,4,100.0,ret_COPX | ret_EPU | ret_IDX_VIX | ret_XLB,,prediccion_disponible
2024-06-27,jueves,Prima,True,True,4,4,100.0,ret_COPX | ret_EPU | ret_IDX_VIX | ret_XLB,,prediccion_disponible
2024-06-28,viernes,Prima,True,True,4,4,100.0,ret_COPX | ret_EPU | ret_IDX_VIX | ret_XLB,,prediccion_disponible
2024-07-01,lunes,Prima,True,True,4,4,100.0,ret_COPX | ret_EPU | ret_IDX_VIX | ret_XLB,,prediccion_disponible
2024-07-02,martes,Prima,True,True,4,4,100.0,ret_COPX | ret_EPU | ret_IDX_VIX | ret_XLB,,prediccion_disponible
2024-07-03,miercoles,Prima,True,True,4,4,100.0,ret_COPX | ret_EPU | ret_IDX_VIX | ret_XLB,,prediccion_disponible
2024-07-04,jueves,Prima,False,True,4,0,0.0,,ret_COPX | ret_EPU | ret_IDX_VIX | ret_XLB,ningun_factor_seleccionado_disponible
2024-07-05,viernes,Prima,False,True,4,0,0.0,,ret_COPX | ret_EPU | ret_IDX_VIX | ret_XLB,ningun_factor_seleccionado_disponible
2024-07-08,lunes,Prima,False,True,4,0,0.0,,ret_COPX | ret_EPU | ret_IDX_VIX | ret_XLB,ningun_factor_seleccionado_disponible
2024-07-09,martes,Prima,True,True,4,4,100.0,ret_COPX | ret_EPU | ret_IDX_VIX | ret_XLB,,prediccion_disponible
2024-07-10,miercoles,Prima,True,True,4,4,100.0,ret_COPX | ret_EPU | ret_IDX_VIX | ret_XLB,,prediccion_disponible
2024-07-11,jueves,Prima,True,True,4,4,100.0,ret_COPX | ret_EPU | ret_IDX_VIX | ret_XLB,,prediccion_disponible
2024-07-12,viernes,Prima,True,True,4,4,100.0,ret_COPX | ret_EPU | ret_IDX_VIX | ret_XLB,,prediccion_disponible
2024-07-15,lunes,Prima,False,True,4,0,0.0,,ret_COPX | ret_EPU | ret_IDX_VIX | ret_XLB,ningun_factor_seleccionado_disponible
2024-07-16,martes,Prima,True,True,4,4,100.0,ret_COPX | ret_EPU | ret_IDX_VIX | ret_XLB,,prediccion_disponible
2024-07-17,miercoles,Prima,True,True,4,4,100.0,ret_COPX | ret_EPU | ret_IDX_VIX | ret_XLB,,prediccion_disponible
2024-07-18,jueves,Prima,True,True,4,4,100.0,ret_COPX | ret_EPU | ret_IDX_VIX | ret_XLB,,prediccion_disponible
2024-07-19,viernes,Prima,True,True,4,4,100.0,ret_COPX | ret_EPU | ret_IDX_VIX | ret_XLB,,prediccion_disponible
2024-07-22,lunes,Prima,False,True,4,0,0.0,,ret_COPX | ret_EPU | ret_IDX_VIX | ret_XLB,ningun_factor_seleccionado_disponible
2024-07-23,martes,Prima,True,True,4,4,100.0,ret_COPX | ret_EPU | ret_IDX_VIX | ret_XLB,,prediccion_disponible
2024-07-24,miercoles,Prima,True,True,4,4,100.0,ret_COPX | ret_EPU | ret_IDX_VIX | ret_XLB,,prediccion_disponible
2024-07-25,jueves,Prima,True,True,4,4,100.0,ret_COPX | ret_EPU | ret_IDX_VIX | ret_XLB,,prediccion_disponible
2024-07-26,viernes,Prima,True,True,4,4,100.0,ret_COPX | ret_EPU | ret_IDX_VIX | ret_XLB,,prediccion_disponible
2024-07-29,lunes,Prima,False,True,4,0,0.0,,ret_COPX | ret_EPU | ret_IDX_VIX | ret_XLB,ningun_factor_seleccionado_disponible
2024-07-30,martes,Prima,True,True,4,4,100.0,ret_COPX | ret_EPU | ret_IDX_VIX | ret_XLB,,prediccion_disponible
2024-07-31,miercoles,Prima,True,True,4,4,100.0,ret_COPX | ret_EPU | ret_IDX_VIX | ret_XLB,,prediccion_disponible
2024-08-01,jueves,Prima,True,True,4,4,100.0,ret_COPX | ret_EPU | ret_IDX_VIX | ret_XLB,,prediccion_disponible
2024-08-02,viernes,Prima,True,True,4,4,100.0,ret_COPX | ret_EPU | ret_IDX_VIX | ret_XLB,,prediccion_disponible
2024-08-05,lunes,Prima,False,True,4,0,0.0,,ret_COPX | ret_EPU | ret_IDX_VIX | ret_XLB,ningun_factor_seleccionado_disponible
2024-08-06,martes,Prima,True,True,4,4,100.0,ret_COPX | ret_EPU | ret_IDX_VIX | ret_XLB,,prediccion_disponible
2024-08-07,miercoles,Prima,True,True,4,4,100.0,ret_COPX | ret_EPU | ret_IDX_VIX | ret_XLB,,prediccion_disponible
2024-08-08,jueves,Prima,True,True,4,4,100.0,ret_COPX | ret_EPU | ret_IDX_VIX | ret_XLB,,prediccion_disponible
2024-08-09,viernes,Prima,True,True,4,4,100.0,ret_COPX | ret_EPU | ret_IDX_VIX | ret_XLB,,prediccion_disponible
2024-08-12,lunes,Prima,False,True,4,0,0.0,,ret_COPX | ret_EPU | ret_IDX_VIX | ret_XLB,ningun_factor_seleccionado_disponible
2024-08-13,martes,Prima,True,True,4,4,100.0,ret_COPX | ret_EPU | ret_IDX_VIX | ret_XLB,,prediccion_disponible
2024-08-14,miercoles,Prima,True,True,4,4,100.0,ret_COPX | ret_EPU | ret_IDX_VIX | ret_XLB,,prediccion_disponible
2024-08-15,jueves,Prima,True,True,4,4,100.0,ret_COPX | ret_EPU | ret_IDX_VIX | ret_XLB,,prediccion_disponible
2024-08-16,viernes,Prima,True,True,4,4,100.0,ret_COPX | ret_EPU | ret_IDX_VIX | ret_XLB,,prediccion_disponible
2024-08-19,lunes,Prima,False,True,4,0,0.0,,ret_COPX | ret_EPU | ret_IDX_VIX | ret_XLB,ningun_factor_seleccionado_disponible
2024-08-20,martes,Prima,True,True,4,4,100.0,ret_COPX | ret_EPU | ret_IDX_VIX | ret_XLB,,prediccion_disponible
2024-08-21,miercoles,Prima,True,True,4,4,100.0,ret_COPX | ret_EPU | ret_IDX_VIX | ret_XLB,,prediccion_disponible
2024-08-22,jueves,Prima,True,True,4,4,100.0,ret_COPX | ret_EPU | ret_IDX_VIX | ret_XLB,,prediccion_disponible
2024-08-23,viernes,Prima,True,True,4,4,100.0,ret_COPX | ret_EPU | ret_IDX_VIX | ret_XLB,,prediccion_disponible
2024-08-26,lunes,Prima,False,True,4,0,0.0,,ret_COPX | ret_EPU | ret_IDX_VIX | ret_XLB,ningun_factor_seleccionado_disponible
2024-08-27,martes,Prima,True,True,4,4,100.0,ret_COPX | ret_EPU | ret_IDX_VIX | ret_XLB,,prediccion_disponible
2024-08-28,miercoles,Prima,True,True,4,4,100.0,ret_COPX | ret_EPU | ret_IDX_VIX | ret_XLB,,prediccion_disponible
2024-08-29,jueves,Prima,True,True,4,4,100.0,ret_COPX | ret_EPU | ret_IDX_VIX | ret_XLB,,prediccion_disponible
2024-08-30,viernes,Prima,True,True,4,4,100.0,ret_COPX | ret_EPU | ret_IDX_VIX | ret_XLB,,prediccion_disponible
2024-09-02,lunes,Prima,False,True,4,0,0.0,,ret_COPX | ret_EPU | ret_IDX_VIX | ret_XLB,ningun_factor_seleccionado_disponible
2024-09-03,martes,Prima,False,True,4,1,25.0,ret_IDX_VIX,ret_COPX | ret_EPU | ret_XLB,faltan_factores_seleccionados
2024-09-04,miercoles,Prima,True,True,4,4,100.0,ret_COPX | ret_EPU | ret_IDX_VIX | ret_XLB,,prediccion_disponible
2024-09-05,jueves,Prima,True,True,4,4,100.0,ret_COPX | ret_EPU | ret_IDX_VIX | ret_XLB,,prediccion_disponible
2024-09-06,viernes,Prima,True,True,4,4,100.0,ret_COPX | ret_EPU | ret_IDX_VIX | ret_XLB,,prediccion_disponible
2024-09-09,lunes,Prima,False,True,4,0,0.0,,ret_COPX | ret_EPU | ret_IDX_VIX | ret_XLB,ningun_factor_seleccionado_disponible
2024-09-10,martes,Prima,True,True,4,4,100.0,ret_COPX | ret_EPU | ret_IDX_VIX | ret_XLB,,prediccion_disponible
2024-09-11,miercoles,Prima,True,True,4,4,100.0,ret_COPX | ret_EPU | ret_IDX_VIX | ret_XLB,,prediccion_disponible
2024-09-12,jueves,Prima,True,True,4,4,100.0,ret_COPX | ret_EPU | ret_IDX_VIX | ret_XLB,,prediccion_disponible
2024-09-13,viernes,Prima,True,True,4,4,100.0,ret_COPX | ret_EPU | ret_IDX_VIX | ret_XLB,,prediccion_disponible
2024-09-16,lunes,Prima,False,True,4,0,0.0,,ret_COPX | ret_EPU | ret_IDX_VIX | ret_XLB,ningun_factor_seleccionado_disponible
2024-09-17,martes,Prima,True,True,4,4,100.0,ret_COPX | ret_EPU | ret_IDX_VIX | ret_XLB,,prediccion_disponible
2024-09-18,miercoles,Prima,True,True,4,4,100.0,ret_COPX | ret_EPU | ret_IDX_VIX | ret_XLB,,prediccion_disponible
2024-09-19,jueves,Prima,True,True,4,4,100.0,ret_COPX | ret_EPU | ret_IDX_VIX | ret_XLB,,prediccion_disponible
2024-09-20,viernes,Prima,True,True,4,4,100.0,ret_COPX | ret_EPU | ret_IDX_VIX | ret_XLB,,prediccion_disponible
2024-09-23,lunes,Prima,False,True,4,0,0.0,,ret_COPX | ret_EPU | ret_IDX_VIX | ret_XLB,ningun_factor_seleccionado_disponible
2024-09-24,martes,Prima,True,True,4,4,100.0,ret_COPX | ret_EPU | ret_IDX_VIX | ret_XLB,,prediccion_disponible
2024-09-25,miercoles,Prima,True,True,4,4,100.0,ret_COPX | ret_EPU | ret_IDX_VIX | ret_XLB,,prediccion_disponible
2024-09-26,jueves,Prima,True,True,4,4,100.0,ret_COPX | ret_EPU | ret_IDX_VIX | ret_XLB,,prediccion_disponible
2024-09-27,viernes,Prima,True,True,4,4,100.0,ret_COPX | ret_EPU | ret_IDX_VIX | ret_XLB,,prediccion_disponible
2024-09-30,lunes,Prima,False,True,4,0,0.0,,ret_COPX | ret_EPU | ret_IDX_VIX | ret_XLB,ningun_factor_seleccionado_disponible
2024-10-01,martes,Prima,True,True,4,4,100.0,ret_COPX | ret_EPU | ret_IDX_VIX | ret_XLB,,prediccion_disponible
2024-10-02,miercoles,Prima,True,True,4,4,100.0,ret_COPX | ret_EPU | ret_IDX_VIX | ret_XLB,,prediccion_disponible
2024-10-03,jueves,Prima,True,True,4,4,100.0,ret_COPX | ret_EPU | ret_IDX_VIX | ret_XLB,,prediccion_disponible
2024-10-04,viernes,Prima,True,True,4,4,100.0,ret_COPX | ret_EPU | ret_IDX_VIX | ret_XLB,,prediccion_disponible
2024-10-07,lunes,Prima,False,True,4,0,0.0,,ret_COPX | ret_EPU | ret_IDX_VIX | ret_XLB,ningun_factor_seleccionado_disponible
2024-10-08,martes,Prima,True,True,4,4,100.0,ret_COPX | ret_EPU | ret_IDX_VIX | ret_XLB,,prediccion_disponible
2024-10-09,miercoles,Prima,True,True,4,4,100.0,ret_COPX | ret_EPU | ret_IDX_VIX | ret_XLB,,prediccion_disponible
2024-10-10,jueves,Prima,True,True,4,4,100.0,ret_COPX | ret_EPU | ret_IDX_VIX | ret_XLB,,prediccion_disponible
2024-10-11,viernes,Prima,True,True,4,4,100.0,ret_COPX | ret_EPU | ret_IDX_VIX | ret_XLB,,prediccion_disponible
2024-10-14,lunes,Prima,False,True,4,0,0.0,,ret_COPX | ret_EPU | ret_IDX_VIX | ret_XLB,ningun_factor_seleccionado_disponible
2024-10-15,martes,Prima,True,True,4,4,100.0,ret_COPX | ret_EPU | ret_IDX_VIX | ret_XLB,,prediccion_disponible
2024-10-16,miercoles,Prima,True,True,4,4,100.0,ret_COPX | ret_EPU | ret_IDX_VIX | ret_XLB,,prediccion_disponible
2024-10-17,jueves,Prima,True,True,4,4,100.0,ret_COPX | ret_EPU | ret_IDX_VIX | ret_XLB,,prediccion_disponible
2024-10-18,viernes,Prima,True,True,4,4,100.0,ret_COPX | ret_EPU | ret_IDX_VIX | ret_XLB,,prediccion_disponible
2024-10-21,lunes,Prima,False,True,4,0,0.0,,ret_COPX | ret_EPU | ret_IDX_VIX | ret_XLB,ningun_factor_seleccionado_disponible
2024-10-22,martes,Prima,True,True,4,4,100.0,ret_COPX | ret_EPU | ret_IDX_VIX | ret_XLB,,prediccion_disponible
2024-10-23,miercoles,Prima,True,True,4,4,100.0,ret_COPX | ret_EPU | ret_IDX_VIX | ret_XLB,,prediccion_disponible
2024-10-24,jueves,Prima,True,True,4,4,100.0,ret_COPX | ret_EPU | ret_IDX_VIX | ret_XLB,,prediccion_disponible
2024-10-25,viernes,Prima,True,True,4,4,100.0,ret_COPX | ret_EPU | ret_IDX_VIX | ret_XLB,,prediccion_disponible
2024-10-28,lunes,Prima,False,True,4,0,0.0,,ret_COPX | ret_EPU | ret_IDX_VIX | ret_XLB,ningun_factor_seleccionado_disponible
2024-10-29,martes,Prima,True,True,4,4,100.0,ret_COPX | ret_EPU | ret_IDX_VIX | ret_XLB,,prediccion_disponible
2024-10-30,miercoles,Prima,True,True,4,4,100.0,ret_COPX | ret_EPU | ret_IDX_VIX | ret_XLB,,prediccion_disponible
2024-10-31,jueves,Prima,True,True,4,4,100.0,ret_COPX | ret_EPU | ret_IDX_VIX | ret_XLB,,prediccion_disponible
2024-11-01,viernes,Prima,True,True,4,4,100.0,ret_COPX | ret_EPU | ret_IDX_VIX | ret_XLB,,prediccion_disponible
2024-11-04,lunes,Prima,False,True,4,0,0.0,,ret_COPX | ret_EPU | ret_IDX_VIX | ret_XLB,ningun_factor_seleccionado_disponible
2024-11-05,martes,Prima,True,True,4,4,100.0,ret_COPX | ret_EPU | ret_IDX_VIX | ret_XLB,,prediccion_disponible
2024-11-06,miercoles,Prima,True,True,4,4,100.0,ret_COPX | ret_EPU | ret_IDX_VIX | ret_XLB,,prediccion_disponible
2024-11-07,jueves,Prima,True,True,4,4,100.0,ret_COPX | ret_EPU | ret_IDX_VIX | ret_XLB,,prediccion_disponible
2024-11-08,viernes,Prima,True,True,4,4,100.0,ret_COPX | ret_EPU | ret_IDX_VIX | ret_XLB,,prediccion_disponible
2024-11-11,lunes,Prima,False,True,4,0,0.0,,ret_COPX | ret_EPU | ret_IDX_VIX | ret_XLB,ningun_factor_seleccionado_disponible
2024-11-12,martes,Prima,True,True,4,4,100.0,ret_COPX | ret_EPU | ret_IDX_VIX | ret_XLB,,prediccion_disponible
2024-11-13,miercoles,Prima,True,True,4,4,100.0,ret_COPX | ret_EPU | ret_IDX_VIX | ret_XLB,,prediccion_disponible
2024-11-14,jueves,Prima,True,True,4,4,100.0,ret_COPX | ret_EPU | ret_IDX_VIX | ret_XLB,,prediccion_disponible
2024-11-15,viernes,Prima,True,True,4,4,100.0,ret_COPX | ret_EPU | ret_IDX_VIX | ret_XLB,,prediccion_disponible
2024-11-18,lunes,Prima,False,True,4,0,0.0,,ret_COPX | ret_EPU | ret_IDX_VIX | ret_XLB,ningun_factor_seleccionado_disponible
2024-11-19,martes,Prima,True,True,4,4,100.0,ret_COPX | ret_EPU | ret_IDX_VIX | ret_XLB,,prediccion_disponible
2024-11-20,miercoles,Prima,True,True,4,4,100.0,ret_COPX | ret_EPU | ret_IDX_VIX | ret_XLB,,prediccion_disponible
2024-11-21,jueves,Prima,True,True,4,4,100.0,ret_COPX | ret_EPU | ret_IDX_VIX | ret_XLB,,prediccion_disponible
2024-11-22,viernes,Prima,True,True,4,4,100.0,ret_COPX | ret_EPU | ret_IDX_VIX | ret_XLB,,prediccion_disponible
2024-11-25,lunes,Prima,False,True,4,0,0.0,,ret_COPX | ret_EPU | ret_IDX_VIX | ret_XLB,ningun_factor_seleccionado_disponible
2024-11-26,martes,Prima,True,True,4,4,100.0,ret_COPX | ret_EPU | ret_IDX_VIX | ret_XLB,,prediccion_disponible
2024-11-27,miercoles,Prima,True,True,4,4,100.0,ret_COPX | ret_EPU | ret_IDX_VIX | ret_XLB,,prediccion_disponible
2024-11-28,jueves,Prima,False,True,4,1,25.0,ret_IDX_VIX,ret_COPX | ret_EPU | ret_XLB,faltan_factores_seleccionados
2024-11-29,viernes,Prima,False,True,4,1,25.0,ret_IDX_VIX,ret_COPX | ret_EPU | ret_XLB,faltan_factores_seleccionados
2024-12-02,lunes,Prima,False,True,4,0,0.0,,ret_COPX | ret_EPU | ret_IDX_VIX | ret_XLB,ningun_factor_seleccionado_disponible
2024-12-03,martes,Prima,True,True,4,4,100.0,ret_COPX | ret_EPU | ret_IDX_VIX | ret_XLB,,prediccion_disponible
2024-12-04,miercoles,Prima,True,True,4,4,100.0,ret_COPX | ret_EPU | ret_IDX_VIX | ret_XLB,,prediccion_disponible
2024-12-05,jueves,Prima,True,True,4,4,100.0,ret_COPX | ret_EPU | ret_IDX_VIX | ret_XLB,,prediccion_disponible
2024-12-06,viernes,Prima,True,True,4,4,100.0,ret_COPX | ret_EPU | ret_IDX_VIX | ret_XLB,,prediccion_disponible
2024-12-09,lunes,Prima,False,True,4,0,0.0,,ret_COPX | ret_EPU | ret_IDX_VIX | ret_XLB,ningun_factor_seleccionado_disponible
2024-12-10,martes,Prima,True,True,4,4,100.0,ret_COPX | ret_EPU | ret_IDX_VIX | ret_XLB,,prediccion_disponible
2024-12-11,miercoles,Prima,True,True,4,4,100.0,ret_COPX | ret_EPU | ret_IDX_VIX | ret_XLB,,prediccion_disponible
2024-12-12,jueves,Prima,True,True,4,4,100.0,ret_COPX | ret_EPU | ret_IDX_VIX | ret_XLB,,prediccion_disponible
2024-12-13,viernes,Prima,True,True,4,4,100.0,ret_COPX | ret_EPU | ret_IDX_VIX | ret_XLB,,prediccion_disponible
2024-12-16,lunes,Prima,False,True,4,0,0.0,,ret_COPX | ret_EPU | ret_IDX_VIX | ret_XLB,ningun_factor_seleccionado_disponible
2024-12-17,martes,Prima,True,True,4,4,100.0,ret_COPX | ret_EPU | ret_IDX_VIX | ret_XLB,,prediccion_disponible
2024-12-18,miercoles,Prima,True,True,4,4,100.0,ret_COPX | ret_EPU | ret_IDX_VIX | ret_XLB,,prediccion_disponible
2024-12-19,jueves,Prima,True,True,4,4,100.0,ret_COPX | ret_EPU | ret_IDX_VIX | ret_XLB,,prediccion_disponible
2024-12-20,viernes,Prima,True,True,4,4,100.0,ret_COPX | ret_EPU | ret_IDX_VIX | ret_XLB,,prediccion_disponible
2024-12-23,lunes,Prima,False,True,4,0,0.0,,ret_COPX | ret_EPU | ret_IDX_VIX | ret_XLB,ningun_factor_seleccionado_disponible
2024-12-24,martes,Prima,True,True,4,4,100.0,ret_COPX | ret_EPU | ret_IDX_VIX | ret_XLB,,prediccion_disponible
2024-12-26,jueves,Prima,False,True,4,0,0.0,,ret_COPX | ret_EPU | ret_IDX_VIX | ret_XLB,ningun_factor_seleccionado_disponible
2024-12-27,viernes,Prima,True,True,4,4,100.0,ret_COPX | ret_EPU | ret_IDX_VIX | ret_XLB,,prediccion_disponible
2024-12-30,lunes,Prima,False,True,4,0,0.0,,ret_COPX | ret_EPU | ret_IDX_VIX | ret_XLB,ningun_factor_seleccionado_disponible
2024-12-31,martes,Prima,True,True,4,4,100.0,ret_COPX | ret_EPU | ret_IDX_VIX | ret_XLB,,prediccion_disponible
2025-01-02,jueves,Prima,True,True,4,4,100.0,ret_COPX | ret_EPU | ret_IDX_VIX | ret_XLB,,prediccion_disponible
2025-01-03,viernes,Prima,True,True,4,4,100.0,ret_COPX | ret_EPU | ret_IDX_VIX | ret_XLB,,prediccion_disponible
2025-01-06,lunes,Prima,False,True,4,0,0.0,,ret_COPX | ret_EPU | ret_IDX_VIX | ret_XLB,ningun_factor_seleccionado_disponible
2025-01-07,martes,Prima,True,True,4,4,100.0,ret_COPX | ret_EPU | ret_IDX_VIX | ret_XLB,,prediccion_disponible
2025-01-08,miercoles,Prima,True,True,4,4,100.0,ret_COPX | ret_EPU | ret_IDX_VIX | ret_XLB,,prediccion_disponible
2025-01-09,jueves,Prima,False,True,4,1,25.0,ret_IDX_VIX,ret_COPX | ret_EPU | ret_XLB,faltan_factores_seleccionados
2025-01-10,viernes,Prima,False,True,4,1,25.0,ret_IDX_VIX,ret_COPX | ret_EPU | ret_XLB,faltan_factores_seleccionados
2025-01-13,lunes,Prima,False,True,4,0,0.0,,ret_COPX | ret_EPU | ret_IDX_VIX | ret_XLB,ningun_factor_seleccionado_disponible
2025-01-14,martes,Prima,True,True,4,4,100.0,ret_COPX | ret_EPU | ret_IDX_VIX | ret_XLB,,prediccion_disponible
2025-01-15,miercoles,Prima,True,True,4,4,100.0,ret_COPX | ret_EPU | ret_IDX_VIX | ret_XLB,,prediccion_disponible
2025-01-16,jueves,Prima,True,True,4,4,100.0,ret_COPX | ret_EPU | ret_IDX_VIX | ret_XLB,,prediccion_disponible
2025-01-17,viernes,Prima,True,True,4,4,100.0,ret_COPX | ret_EPU | ret_IDX_VIX | ret_XLB,,prediccion_disponible
2025-01-20,lunes,Prima,False,True,4,0,0.0,,ret_COPX | ret_EPU | ret_IDX_VIX | ret_XLB,ningun_factor_seleccionado_disponible
2025-01-21,martes,Prima,False,True,4,1,25.0,ret_IDX_VIX,ret_COPX | ret_EPU | ret_XLB,faltan_factores_seleccionados
2025-01-22,miercoles,Prima,True,True,4,4,100.0,ret_COPX | ret_EPU | ret_IDX_VIX | ret_XLB,,prediccion_disponible
2025-01-23,jueves,Prima,True,True,4,4,100.0,ret_COPX | ret_EPU | ret_IDX_VIX | ret_XLB,,prediccion_disponible
2025-01-24,viernes,Prima,True,True,4,4,100.0,ret_COPX | ret_EPU | ret_IDX_VIX | ret_XLB,,prediccion_disponible
2025-01-27,lunes,Prima,False,True,4,0,0.0,,ret_COPX | ret_EPU | ret_IDX_VIX | ret_XLB,ningun_factor_seleccionado_disponible
2025-01-28,martes,Prima,True,True,4,4,100.0,ret_COPX | ret_EPU | ret_IDX_VIX | ret_XLB,,prediccion_disponible
2025-01-29,miercoles,Prima,True,True,4,4,100.0,ret_COPX | ret_EPU | ret_IDX_VIX | ret_XLB,,prediccion_disponible
2025-01-30,jueves,Prima,True,True,4,4,100.0,ret_COPX | ret_EPU | ret_IDX_VIX | ret_XLB,,prediccion_disponible
2025-01-31,viernes,Prima,True,True,4,4,100.0,ret_COPX | ret_EPU | ret_IDX_VIX | ret_XLB,,prediccion_disponible
2025-02-03,lunes,Prima,False,True,4,0,0.0,,ret_COPX | ret_EPU | ret_IDX_VIX | ret_XLB,ningun_factor_seleccionado_disponible
2025-02-04,martes,Prima,True,True,4,4,100.0,ret_COPX | ret_EPU | ret_IDX_VIX | ret_XLB,,prediccion_disponible
2025-02-05,miercoles,Prima,True,True,4,4,100.0,ret_COPX | ret_EPU | ret_IDX_VIX | ret_XLB,,prediccion_disponible
2025-02-06,jueves,Prima,True,True,4,4,100.0,ret_COPX | ret_EPU | ret_IDX_VIX | ret_XLB,,prediccion_disponible
2025-02-07,viernes,Prima,True,True,4,4,100.0,ret_COPX | ret_EPU | ret_IDX_VIX | ret_XLB,,prediccion_disponible
2025-02-10,lunes,Prima,False,True,4,0,0.0,,ret_COPX | ret_EPU | ret_IDX_VIX | ret_XLB,ningun_factor_seleccionado_disponible
2025-02-11,martes,Prima,True,True,4,4,100.0,ret_COPX | ret_EPU | ret_IDX_VIX | ret_XLB,,prediccion_disponible
2025-02-12,miercoles,Prima,True,True,4,4,100.0,ret_COPX | ret_EPU | ret_IDX_VIX | ret_XLB,,prediccion_disponible
2025-02-13,jueves,Prima,True,True,4,4,100.0,ret_COPX | ret_EPU | ret_IDX_VIX | ret_XLB,,prediccion_disponible
2025-02-14,viernes,Prima,True,True,4,4,100.0,ret_COPX | ret_EPU | ret_IDX_VIX | ret_XLB,,prediccion_disponible
2025-02-17,lunes,Prima,False,True,4,0,0.0,,ret_COPX | ret_EPU | ret_IDX_VIX | ret_XLB,ningun_factor_seleccionado_disponible
2025-02-18,martes,Prima,False,True,4,1,25.0,ret_IDX_VIX,ret_COPX | ret_EPU | ret_XLB,faltan_factores_seleccionados
2025-02-19,miercoles,Prima,True,True,4,4,100.0,ret_COPX | ret_EPU | ret_IDX_VIX | ret_XLB,,prediccion_disponible
2025-02-20,jueves,Prima,True,True,4,4,100.0,ret_COPX | ret_EPU | ret_IDX_VIX | ret_XLB,,prediccion_disponible
2025-02-21,viernes,Prima,True,True,4,4,100.0,ret_COPX | ret_EPU | ret_IDX_VIX | ret_XLB,,prediccion_disponible
2025-02-24,lunes,Prima,False,True,4,0,0.0,,ret_COPX | ret_EPU | ret_IDX_VIX | ret_XLB,ningun_factor_seleccionado_disponible
2025-02-25,martes,Prima,True,True,4,4,100.0,ret_COPX | ret_EPU | ret_IDX_VIX | ret_XLB,,prediccion_disponible
2025-02-26,miercoles,Prima,True,True,4,4,100.0,ret_COPX | ret_EPU | ret_IDX_VIX | ret_XLB,,prediccion_disponible
2025-02-27,jueves,Prima,True,True,4,4,100.0,ret_COPX | ret_EPU | ret_IDX_VIX | ret_XLB,,prediccion_disponible
2025-02-28,viernes,Prima,True,True,4,4,100.0,ret_COPX | ret_EPU | ret_IDX_VIX | ret_XLB,,prediccion_disponible
2025-03-03,lunes,Prima,False,True,4,0,0.0,,ret_COPX | ret_EPU | ret_IDX_VIX | ret_XLB,ningun_factor_seleccionado_disponible
2025-03-04,martes,Prima,True,True,4,4,100.0,ret_COPX | ret_EPU | ret_IDX_VIX | ret_XLB,,prediccion_disponible
2025-03-05,miercoles,Prima,True,True,4,4,100.0,ret_COPX | ret_EPU | ret_IDX_VIX | ret_XLB,,prediccion_disponible
2025-03-06,jueves,Prima,True,True,4,4,100.0,ret_COPX | ret_EPU | ret_IDX_VIX | ret_XLB,,prediccion_disponible
2025-03-07,viernes,Prima,True,True,4,4,100.0,ret_COPX | ret_EPU | ret_IDX_VIX | ret_XLB,,prediccion_disponible
2025-03-10,lunes,Prima,False,True,4,0,0.0,,ret_COPX | ret_EPU | ret_IDX_VIX | ret_XLB,ningun_factor_seleccionado_disponible
2025-03-11,martes,Prima,True,True,4,4,100.0,ret_COPX | ret_EPU | ret_IDX_VIX | ret_XLB,,prediccion_disponible
2025-03-12,miercoles,Prima,True,True,4,4,100.0,ret_COPX | ret_EPU | ret_IDX_VIX | ret_XLB,,prediccion_disponible
2025-03-13,jueves,Prima,True,True,4,4,100.0,ret_COPX | ret_EPU | ret_IDX_VIX | ret_XLB,,prediccion_disponible
2025-03-14,viernes,Prima,True,True,4,4,100.0,ret_COPX | ret_EPU | ret_IDX_VIX | ret_XLB,,prediccion_disponible
2025-03-17,lunes,Prima,False,True,4,0,0.0,,ret_COPX | ret_EPU | ret_IDX_VIX | ret_XLB,ningun_factor_seleccionado_disponible
2025-03-18,martes,Prima,True,True,4,4,100.0,ret_COPX | ret_EPU | ret_IDX_VIX | ret_XLB,,prediccion_disponible
2025-03-19,miercoles,Prima,True,True,4,4,100.0,ret_COPX | ret_EPU | ret_IDX_VIX | ret_XLB,,prediccion_disponible
2025-03-20,jueves,Prima,True,True,4,4,100.0,ret_COPX | ret_EPU | ret_IDX_VIX | ret_XLB,,prediccion_disponible
2025-03-21,viernes,Prima,True,True,4,4,100.0,ret_COPX | ret_EPU | ret_IDX_VIX | ret_XLB,,prediccion_disponible
2025-03-24,lunes,Prima,False,True,4,0,0.0,,ret_COPX | ret_EPU | ret_IDX_VIX | ret_XLB,ningun_factor_seleccionado_disponible
2025-03-25,martes,Prima,True,True,4,4,100.0,ret_COPX | ret_EPU | ret_IDX_VIX | ret_XLB,,prediccion_disponible
2025-03-26,miercoles,Prima,True,True,4,4,100.0,ret_COPX | ret_EPU | ret_IDX_VIX | ret_XLB,,prediccion_disponible
2025-03-27,jueves,Prima,True,True,4,4,100.0,ret_COPX | ret_EPU | ret_IDX_VIX | ret_XLB,,prediccion_disponible
2025-03-28,viernes,Prima,True,True,4,4,100.0,ret_COPX | ret_EPU | ret_IDX_VIX | ret_XLB,,prediccion_disponible
2025-03-31,lunes,Prima,False,True,4,0,0.0,,ret_COPX | ret_EPU | ret_IDX_VIX | ret_XLB,ningun_factor_seleccionado_disponible
2025-04-01,martes,Prima,True,True,4,4,100.0,ret_COPX | ret_EPU | ret_IDX_VIX | ret_XLB,,prediccion_disponible
2025-04-02,miercoles,Prima,True,True,4,4,100.0,ret_COPX | ret_EPU | ret_IDX_VIX | ret_XLB,,prediccion_disponible
2025-04-03,jueves,Prima,True,True,4,4,100.0,ret_COPX | ret_EPU | ret_IDX_VIX | ret_XLB,,prediccion_disponible
2025-04-04,viernes,Prima,True,True,4,4,100.0,ret_COPX | ret_EPU | ret_IDX_VIX | ret_XLB,,prediccion_disponible
2025-04-07,lunes,Prima,False,True,4,0,0.0,,ret_COPX | ret_EPU | ret_IDX_VIX | ret_XLB,ningun_factor_seleccionado_disponible
2025-04-08,martes,Prima,True,True,4,4,100.0,ret_COPX | ret_EPU | ret_IDX_VIX | ret_XLB,,prediccion_disponible
2025-04-09,miercoles,Prima,True,True,4,4,100.0,ret_COPX | ret_EPU | ret_IDX_VIX | ret_XLB,,prediccion_disponible
2025-04-10,jueves,Prima,True,True,4,4,100.0,ret_COPX | ret_EPU | ret_IDX_VIX | ret_XLB,,prediccion_disponible
2025-04-11,viernes,Prima,True,True,4,4,100.0,ret_COPX | ret_EPU | ret_IDX_VIX | ret_XLB,,prediccion_disponible
2025-04-14,lunes,Prima,False,True,4,0,0.0,,ret_COPX | ret_EPU | ret_IDX_VIX | ret_XLB,ningun_factor_seleccionado_disponible
2025-04-15,martes,Prima,True,True,4,4,100.0,ret_COPX | ret_EPU | ret_IDX_VIX | ret_XLB,,prediccion_disponible
2025-04-16,miercoles,Prima,True,True,4,4,100.0,ret_COPX | ret_EPU | ret_IDX_VIX | ret_XLB,,prediccion_disponible
2025-04-17,jueves,Prima,True,True,4,4,100.0,ret_COPX | ret_EPU | ret_IDX_VIX | ret_XLB,,prediccion_disponible
2025-04-18,viernes,Prima,False,True,4,0,0.0,,ret_COPX | ret_EPU | ret_IDX_VIX | ret_XLB,ningun_factor_seleccionado_disponible
2025-04-21,lunes,Prima,False,True,4,0,0.0,,ret_COPX | ret_EPU | ret_IDX_VIX | ret_XLB,ningun_factor_seleccionado_disponible
2025-04-22,martes,Prima,True,True,4,4,100.0,ret_COPX | ret_EPU | ret_IDX_VIX | ret_XLB,,prediccion_disponible
2025-04-23,miercoles,Prima,True,True,4,4,100.0,ret_COPX | ret_EPU | ret_IDX_VIX | ret_XLB,,prediccion_disponible
2025-04-24,jueves,Prima,True,True,4,4,100.0,ret_COPX | ret_EPU | ret_IDX_VIX | ret_XLB,,prediccion_disponible
2025-04-25,viernes,Prima,True,True,4,4,100.0,ret_COPX | ret_EPU | ret_IDX_VIX | ret_XLB,,prediccion_disponible
2025-04-28,lunes,Prima,False,True,4,0,0.0,,ret_COPX | ret_EPU | ret_IDX_VIX | ret_XLB,ningun_factor_seleccionado_disponible
2025-04-29,martes,Prima,True,True,4,4,100.0,ret_COPX | ret_EPU | ret_IDX_VIX | ret_XLB,,prediccion_disponible
2025-04-30,miercoles,Prima,True,True,4,4,100.0,ret_COPX | ret_EPU | ret_IDX_VIX | ret_XLB,,prediccion_disponible
2025-05-01,jueves,Prima,True,True,4,4,100.0,ret_COPX | ret_EPU | ret_IDX_VIX | ret_XLB,,prediccion_disponible
2025-05-02,viernes,Prima,True,True,4,4,100.0,ret_COPX | ret_EPU | ret_IDX_VIX | ret_XLB,,prediccion_disponible
2025-05-05,lunes,Prima,False,True,4,0,0.0,,ret_COPX | ret_EPU | ret_IDX_VIX | ret_XLB,ningun_factor_seleccionado_disponible
2025-05-06,martes,Prima,True,True,4,4,100.0,ret_COPX | ret_EPU | ret_IDX_VIX | ret_XLB,,prediccion_disponible
2025-05-07,miercoles,Prima,True,True,4,4,100.0,ret_COPX | ret_EPU | ret_IDX_VIX | ret_XLB,,prediccion_disponible
2025-05-08,jueves,Prima,True,True,4,4,100.0,ret_COPX | ret_EPU | ret_IDX_VIX | ret_XLB,,prediccion_disponible
2025-05-09,viernes,Prima,True,True,4,4,100.0,ret_COPX | ret_EPU | ret_IDX_VIX | ret_XLB,,prediccion_disponible
2025-05-12,lunes,Prima,False,True,4,0,0.0,,ret_COPX | ret_EPU | ret_IDX_VIX | ret_XLB,ningun_factor_seleccionado_disponible
2025-05-13,martes,Prima,True,True,4,4,100.0,ret_COPX | ret_EPU | ret_IDX_VIX | ret_XLB,,prediccion_disponible
2025-05-14,miercoles,Prima,True,True,4,4,100.0,ret_COPX | ret_EPU | ret_IDX_VIX | ret_XLB,,prediccion_disponible
2025-05-15,jueves,Prima,True,True,4,4,100.0,ret_COPX | ret_EPU | ret_IDX_VIX | ret_XLB,,prediccion_disponible
2025-05-16,viernes,Prima,True,True,4,4,100.0,ret_COPX | ret_EPU | ret_IDX_VIX | ret_XLB,,prediccion_disponible
2025-05-19,lunes,Prima,False,True,4,0,0.0,,ret_COPX | ret_EPU | ret_IDX_VIX | ret_XLB,ningun_factor_seleccionado_disponible
2025-05-20,martes,Prima,True,True,4,4,100.0,ret_COPX | ret_EPU | ret_IDX_VIX | ret_XLB,,prediccion_disponible
2025-05-21,miercoles,Prima,True,True,4,4,100.0,ret_COPX | ret_EPU | ret_IDX_VIX | ret_XLB,,prediccion_disponible
2025-05-22,jueves,Prima,True,True,4,4,100.0,ret_COPX | ret_EPU | ret_IDX_VIX | ret_XLB,,prediccion_disponible
2025-05-23,viernes,Prima,True,True,4,4,100.0,ret_COPX | ret_EPU | ret_IDX_VIX | ret_XLB,,prediccion_disponible
2025-05-26,lunes,Prima,False,True,4,0,0.0,,ret_COPX | ret_EPU | ret_IDX_VIX | ret_XLB,ningun_factor_seleccionado_disponible
2025-05-27,martes,Prima,False,True,4,1,25.0,ret_IDX_VIX,ret_COPX | ret_EPU | ret_XLB,faltan_factores_seleccionados
2025-05-28,miercoles,Prima,True,True,4,4,100.0,ret_COPX | ret_EPU | ret_IDX_VIX | ret_XLB,,prediccion_disponible
2025-05-29,jueves,Prima,True,True,4,4,100.0,ret_COPX | ret_EPU | ret_IDX_VIX | ret_XLB,,prediccion_disponible
2025-05-30,viernes,Prima,True,True,4,4,100.0,ret_COPX | ret_EPU | ret_IDX_VIX | ret_XLB,,prediccion_disponible
2025-06-02,lunes,Prima,False,True,4,0,0.0,,ret_COPX | ret_EPU | ret_IDX_VIX | ret_XLB,ningun_factor_seleccionado_disponible
2025-06-03,martes,Prima,True,True,4,4,100.0,ret_COPX | ret_EPU | ret_IDX_VIX | ret_XLB,,prediccion_disponible
2025-06-04,miercoles,Prima,True,True,4,4,100.0,ret_COPX | ret_EPU | ret_IDX_VIX | ret_XLB,,prediccion_disponible
2025-06-05,jueves,Prima,True,True,4,4,100.0,ret_COPX | ret_EPU | ret_IDX_VIX | ret_XLB,,prediccion_disponible
2025-06-06,viernes,Prima,True,True,4,4,100.0,ret_COPX | ret_EPU | ret_IDX_VIX | ret_XLB,,prediccion_disponible
2025-06-09,lunes,Prima,False,True,4,0,0.0,,ret_COPX | ret_EPU | ret_IDX_VIX | ret_XLB,ningun_factor_seleccionado_disponible
2025-06-10,martes,Prima,True,True,4,4,100.0,ret_COPX | ret_EPU | ret_IDX_VIX | ret_XLB,,prediccion_disponible
2025-06-11,miercoles,Prima,True,True,4,4,100.0,ret_COPX | ret_EPU | ret_IDX_VIX | ret_XLB,,prediccion_disponible
2025-06-12,jueves,Prima,True,True,4,4,100.0,ret_COPX | ret_EPU | ret_IDX_VIX | ret_XLB,,prediccion_disponible
2025-06-13,viernes,Prima,True,True,4,4,100.0,ret_COPX | ret_EPU | ret_IDX_VIX | ret_XLB,,prediccion_disponible
2025-06-16,lunes,Prima,False,True,4,0,0.0,,ret_COPX | ret_EPU | ret_IDX_VIX | ret_XLB,ningun_factor_seleccionado_disponible
2025-06-17,martes,Prima,True,True,4,4,100.0,ret_COPX | ret_EPU | ret_IDX_VIX | ret_XLB,,prediccion_disponible
2025-06-18,miercoles,Prima,True,True,4,4,100.0,ret_COPX | ret_EPU | ret_IDX_VIX | ret_XLB,,prediccion_disponible
2025-06-19,jueves,Prima,False,True,4,1,25.0,ret_IDX_VIX,ret_COPX | ret_EPU | ret_XLB,faltan_factores_seleccionados
2025-06-20,viernes,Prima,False,True,4,1,25.0,ret_IDX_VIX,ret_COPX | ret_EPU | ret_XLB,faltan_factores_seleccionados
2025-06-23,lunes,Prima,False,True,4,0,0.0,,ret_COPX | ret_EPU | ret_IDX_VIX | ret_XLB,ningun_factor_seleccionado_disponible
2025-06-24,martes,Prima,True,True,4,4,100.0,ret_COPX | ret_EPU | ret_IDX_VIX | ret_XLB,,prediccion_disponible
2025-06-25,miercoles,Prima,True,True,4,4,100.0,ret_COPX | ret_EPU | ret_IDX_VIX | ret_XLB,,prediccion_disponible
2025-06-26,jueves,Prima,True,True,4,4,100.0,ret_COPX | ret_EPU | ret_IDX_VIX | ret_XLB,,prediccion_disponible
2025-06-27,viernes,Prima,True,True,4,4,100.0,ret_COPX | ret_EPU | ret_IDX_VIX | ret_XLB,,prediccion_disponible
2025-06-30,lunes,Prima,False,True,4,0,0.0,,ret_COPX | ret_EPU | ret_IDX_VIX | ret_XLB,ningun_factor_seleccionado_disponible
2025-07-01,martes,Prima,True,True,4,4,100.0,ret_COPX | ret_EPU | ret_IDX_VIX | ret_XLB,,prediccion_disponible
2025-07-02,miercoles,Prima,True,True,4,4,100.0,ret_COPX | ret_EPU | ret_IDX_VIX | ret_XLB,,prediccion_disponible
2025-07-03,jueves,Prima,True,True,4,4,100.0,ret_COPX | ret_EPU | ret_IDX_VIX | ret_XLB,,prediccion_disponible
2025-07-04,viernes,Prima,False,True,4,1,25.0,ret_IDX_VIX,ret_COPX | ret_EPU | ret_XLB,faltan_factores_seleccionados
2025-07-07,lunes,Prima,False,True,4,0,0.0,,ret_COPX | ret_EPU | ret_IDX_VIX | ret_XLB,ningun_factor_seleccionado_disponible
2025-07-08,martes,Prima,True,True,4,4,100.0,ret_COPX | ret_EPU | ret_IDX_VIX | ret_XLB,,prediccion_disponible
2025-07-09,miercoles,Prima,True,True,4,4,100.0,ret_COPX | ret_EPU | ret_IDX_VIX | ret_XLB,,prediccion_disponible
2025-07-10,jueves,Prima,True,True,4,4,100.0,ret_COPX | ret_EPU | ret_IDX_VIX | ret_XLB,,prediccion_disponible
2025-07-11,viernes,Prima,True,True,4,4,100.0,ret_COPX | ret_EPU | ret_IDX_VIX | ret_XLB,,prediccion_disponible
2025-07-14,lunes,Prima,False,True,4,0,0.0,,ret_COPX | ret_EPU | ret_IDX_VIX | ret_XLB,ningun_factor_seleccionado_disponible
2025-07-15,martes,Prima,True,True,4,4,100.0,ret_COPX | ret_EPU | ret_IDX_VIX | ret_XLB,,prediccion_disponible
2025-07-16,miercoles,Prima,True,True,4,4,100.0,ret_COPX | ret_EPU | ret_IDX_VIX | ret_XLB,,prediccion_disponible
2025-07-17,jueves,Prima,True,True,4,4,100.0,ret_COPX | ret_EPU | ret_IDX_VIX | ret_XLB,,prediccion_disponible
2025-07-18,viernes,Prima,True,True,4,4,100.0,ret_COPX | ret_EPU | ret_IDX_VIX | ret_XLB,,prediccion_disponible
2025-07-21,lunes,Prima,False,True,4,0,0.0,,ret_COPX | ret_EPU | ret_IDX_VIX | ret_XLB,ningun_factor_seleccionado_disponible
2025-07-22,martes,Prima,True,True,4,4,100.0,ret_COPX | ret_EPU | ret_IDX_VIX | ret_XLB,,prediccion_disponible
2025-07-23,miercoles,Prima,True,True,4,4,100.0,ret_COPX | ret_EPU | ret_IDX_VIX | ret_XLB,,prediccion_disponible
2025-07-24,jueves,Prima,True,True,4,4,100.0,ret_COPX | ret_EPU | ret_IDX_VIX | ret_XLB,,prediccion_disponible
2025-07-25,viernes,Prima,True,True,4,4,100.0,ret_COPX | ret_EPU | ret_IDX_VIX | ret_XLB,,prediccion_disponible
2025-07-28,lunes,Prima,False,True,4,0,0.0,,ret_COPX | ret_EPU | ret_IDX_VIX | ret_XLB,ningun_factor_seleccionado_disponible
2025-07-29,martes,Prima,True,True,4,4,100.0,ret_COPX | ret_EPU | ret_IDX_VIX | ret_XLB,,prediccion_disponible
2025-07-30,miercoles,Prima,True,True,4,4,100.0,ret_COPX | ret_EPU | ret_IDX_VIX | ret_XLB,,prediccion_disponible
2025-07-31,jueves,Prima,True,True,4,4,100.0,ret_COPX | ret_EPU | ret_IDX_VIX | ret_XLB,,prediccion_disponible
2025-08-01,viernes,Prima,True,True,4,4,100.0,ret_COPX | ret_EPU | ret_IDX_VIX | ret_XLB,,prediccion_disponible
2025-08-04,lunes,Prima,False,True,4,0,0.0,,ret_COPX | ret_EPU | ret_IDX_VIX | ret_XLB,ningun_factor_seleccionado_disponible
2025-08-05,martes,Prima,True,True,4,4,100.0,ret_COPX | ret_EPU | ret_IDX_VIX | ret_XLB,,prediccion_disponible
2025-08-06,miercoles,Prima,True,True,4,4,100.0,ret_COPX | ret_EPU | ret_IDX_VIX | ret_XLB,,prediccion_disponible
2025-08-07,jueves,Prima,True,True,4,4,100.0,ret_COPX | ret_EPU | ret_IDX_VIX | ret_XLB,,prediccion_disponible
2025-08-08,viernes,Prima,True,True,4,4,100.0,ret_COPX | ret_EPU | ret_IDX_VIX | ret_XLB,,prediccion_disponible
2025-08-11,lunes,Prima,False,True,4,0,0.0,,ret_COPX | ret_EPU | ret_IDX_VIX | ret_XLB,ningun_factor_seleccionado_disponible
2025-08-12,martes,Prima,True,True,4,4,100.0,ret_COPX | ret_EPU | ret_IDX_VIX | ret_XLB,,prediccion_disponible
2025-08-13,miercoles,Prima,True,True,4,4,100.0,ret_COPX | ret_EPU | ret_IDX_VIX | ret_XLB,,prediccion_disponible
2025-08-14,jueves,Prima,True,True,4,4,100.0,ret_COPX | ret_EPU | ret_IDX_VIX | ret_XLB,,prediccion_disponible
2025-08-15,viernes,Prima,True,True,4,4,100.0,ret_COPX | ret_EPU | ret_IDX_VIX | ret_XLB,,prediccion_disponible
2025-08-18,lunes,Prima,False,True,4,0,0.0,,ret_COPX | ret_EPU | ret_IDX_VIX | ret_XLB,ningun_factor_seleccionado_disponible
2025-08-19,martes,Prima,True,True,4,4,100.0,ret_COPX | ret_EPU | ret_IDX_VIX | ret_XLB,,prediccion_disponible
2025-08-20,miercoles,Prima,True,True,4,4,100.0,ret_COPX | ret_EPU | ret_IDX_VIX | ret_XLB,,prediccion_disponible
2025-08-21,jueves,Prima,True,True,4,4,100.0,ret_COPX | ret_EPU | ret_IDX_VIX | ret_XLB,,prediccion_disponible
2025-08-22,viernes,Prima,True,True,4,4,100.0,ret_COPX | ret_EPU | ret_IDX_VIX | ret_XLB,,prediccion_disponible
2025-08-25,lunes,Prima,False,True,4,0,0.0,,ret_COPX | ret_EPU | ret_IDX_VIX | ret_XLB,ningun_factor_seleccionado_disponible
2025-08-26,martes,Prima,True,True,4,4,100.0,ret_COPX | ret_EPU | ret_IDX_VIX | ret_XLB,,prediccion_disponible
2025-08-27,miercoles,Prima,True,True,4,4,100.0,ret_COPX | ret_EPU | ret_IDX_VIX | ret_XLB,,prediccion_disponible
2025-08-28,jueves,Prima,True,True,4,4,100.0,ret_COPX | ret_EPU | ret_IDX_VIX | ret_XLB,,prediccion_disponible
2025-08-29,viernes,Prima,True,True,4,4,100.0,ret_COPX | ret_EPU | ret_IDX_VIX | ret_XLB,,prediccion_disponible
2025-09-01,lunes,Prima,False,True,4,0,0.0,,ret_COPX | ret_EPU | ret_IDX_VIX | ret_XLB,ningun_factor_seleccionado_disponible
2025-09-02,martes,Prima,False,True,4,1,25.0,ret_IDX_VIX,ret_COPX | ret_EPU | ret_XLB,faltan_factores_seleccionados
2025-09-03,miercoles,Prima,True,True,4,4,100.0,ret_COPX | ret_EPU | ret_IDX_VIX | ret_XLB,,prediccion_disponible
2025-09-04,jueves,Prima,True,True,4,4,100.0,ret_COPX | ret_EPU | ret_IDX_VIX | ret_XLB,,prediccion_disponible
2025-09-05,viernes,Prima,True,True,4,4,100.0,ret_COPX | ret_EPU | ret_IDX_VIX | ret_XLB,,prediccion_disponible
2025-09-08,lunes,Prima,False,True,4,0,0.0,,ret_COPX | ret_EPU | ret_IDX_VIX | ret_XLB,ningun_factor_seleccionado_disponible
2025-09-09,martes,Prima,True,True,4,4,100.0,ret_COPX | ret_EPU | ret_IDX_VIX | ret_XLB,,prediccion_disponible
2025-09-10,miercoles,Prima,True,True,4,4,100.0,ret_COPX | ret_EPU | ret_IDX_VIX | ret_XLB,,prediccion_disponible
2025-09-11,jueves,Prima,True,True,4,4,100.0,ret_COPX | ret_EPU | ret_IDX_VIX | ret_XLB,,prediccion_disponible
2025-09-12,viernes,Prima,True,True,4,4,100.0,ret_COPX | ret_EPU | ret_IDX_VIX | ret_XLB,,prediccion_disponible
2025-09-15,lunes,Prima,False,True,4,0,0.0,,ret_COPX | ret_EPU | ret_IDX_VIX | ret_XLB,ningun_factor_seleccionado_disponible
2025-09-16,martes,Prima,True,True,4,4,100.0,ret_COPX | ret_EPU | ret_IDX_VIX | ret_XLB,,prediccion_disponible
2025-09-17,miercoles,Prima,True,True,4,4,100.0,ret_COPX | ret_EPU | ret_IDX_VIX | ret_XLB,,prediccion_disponible
2025-09-18,jueves,Prima,True,True,4,4,100.0,ret_COPX | ret_EPU | ret_IDX_VIX | ret_XLB,,prediccion_disponible
2025-09-19,viernes,Prima,True,True,4,4,100.0,ret_COPX | ret_EPU | ret_IDX_VIX | ret_XLB,,prediccion_disponible
2025-09-22,lunes,Prima,False,True,4,0,0.0,,ret_COPX | ret_EPU | ret_IDX_VIX | ret_XLB,ningun_factor_seleccionado_disponible
2025-09-23,martes,Prima,True,True,4,4,100.0,ret_COPX | ret_EPU | ret_IDX_VIX | ret_XLB,,prediccion_disponible
2025-09-24,miercoles,Prima,True,True,4,4,100.0,ret_COPX | ret_EPU | ret_IDX_VIX | ret_XLB,,prediccion_disponible
2025-09-25,jueves,Prima,True,True,4,4,100.0,ret_COPX | ret_EPU | ret_IDX_VIX | ret_XLB,,prediccion_disponible
2025-09-26,viernes,Prima,True,True,4,4,100.0,ret_COPX | ret_EPU | ret_IDX_VIX | ret_XLB,,prediccion_disponible
2025-09-29,lunes,Prima,False,True,4,0,0.0,,ret_COPX | ret_EPU | ret_IDX_VIX | ret_XLB,ningun_factor_seleccionado_disponible
2025-09-30,martes,Prima,True,True,4,4,100.0,ret_COPX | ret_EPU | ret_IDX_VIX | ret_XLB,,prediccion_disponible
2025-10-01,miercoles,Prima,True,True,4,4,100.0,ret_COPX | ret_EPU | ret_IDX_VIX | ret_XLB,,prediccion_disponible
2025-10-02,jueves,Prima,True,True,4,4,100.0,ret_COPX | ret_EPU | ret_IDX_VIX | ret_XLB,,prediccion_disponible
2025-10-03,viernes,Prima,True,True,4,4,100.0,ret_COPX | ret_EPU | ret_IDX_VIX | ret_XLB,,prediccion_disponible
2025-10-06,lunes,Prima,False,True,4,0,0.0,,ret_COPX | ret_EPU | ret_IDX_VIX | ret_XLB,ningun_factor_seleccionado_disponible
2025-10-07,martes,Prima,True,True,4,4,100.0,ret_COPX | ret_EPU | ret_IDX_VIX | ret_XLB,,prediccion_disponible
2025-10-08,miercoles,Prima,True,True,4,4,100.0,ret_COPX | ret_EPU | ret_IDX_VIX | ret_XLB,,prediccion_disponible
2025-10-09,jueves,Prima,True,True,4,4,100.0,ret_COPX | ret_EPU | ret_IDX_VIX | ret_XLB,,prediccion_disponible
2025-10-10,viernes,Prima,True,True,4,4,100.0,ret_COPX | ret_EPU | ret_IDX_VIX | ret_XLB,,prediccion_disponible
2025-10-13,lunes,Prima,False,True,4,0,0.0,,ret_COPX | ret_EPU | ret_IDX_VIX | ret_XLB,ningun_factor_seleccionado_disponible
2025-10-14,martes,Prima,True,True,4,4,100.0,ret_COPX | ret_EPU | ret_IDX_VIX | ret_XLB,,prediccion_disponible
2025-10-15,miercoles,Prima,True,True,4,4,100.0,ret_COPX | ret_EPU | ret_IDX_VIX | ret_XLB,,prediccion_disponible
2025-10-16,jueves,Prima,True,True,4,4,100.0,ret_COPX | ret_EPU | ret_IDX_VIX | ret_XLB,,prediccion_disponible
2025-10-17,viernes,Prima,True,True,4,4,100.0,ret_COPX | ret_EPU | ret_IDX_VIX | ret_XLB,,prediccion_disponible
2025-10-20,lunes,Prima,False,True,4,0,0.0,,ret_COPX | ret_EPU | ret_IDX_VIX | ret_XLB,ningun_factor_seleccionado_disponible
2025-10-21,martes,Prima,True,True,4,4,100.0,ret_COPX | ret_EPU | ret_IDX_VIX | ret_XLB,,prediccion_disponible
2025-10-22,miercoles,Prima,True,True,4,4,100.0,ret_COPX | ret_EPU | ret_IDX_VIX | ret_XLB,,prediccion_disponible
2025-10-23,jueves,Prima,True,True,4,4,100.0,ret_COPX | ret_EPU | ret_IDX_VIX | ret_XLB,,prediccion_disponible
2025-10-24,viernes,Prima,True,True,4,4,100.0,ret_COPX | ret_EPU | ret_IDX_VIX | ret_XLB,,prediccion_disponible
2025-10-27,lunes,Prima,False,True,4,0,0.0,,ret_COPX | ret_EPU | ret_IDX_VIX | ret_XLB,ningun_factor_seleccionado_disponible
2025-10-28,martes,Prima,True,True,4,4,100.0,ret_COPX | ret_EPU | ret_IDX_VIX | ret_XLB,,prediccion_disponible
2025-10-29,miercoles,Prima,True,True,4,4,100.0,ret_COPX | ret_EPU | ret_IDX_VIX | ret_XLB,,prediccion_disponible
2025-10-30,jueves,Prima,True,True,4,4,100.0,ret_COPX | ret_EPU | ret_IDX_VIX | ret_XLB,,prediccion_disponible
2025-10-31,viernes,Prima,True,True,4,4,100.0,ret_COPX | ret_EPU | ret_IDX_VIX | ret_XLB,,prediccion_disponible
2025-11-03,lunes,Prima,False,True,4,0,0.0,,ret_COPX | ret_EPU | ret_IDX_VIX | ret_XLB,ningun_factor_seleccionado_disponible
2025-11-04,martes,Prima,True,True,4,4,100.0,ret_COPX | ret_EPU | ret_IDX_VIX | ret_XLB,,prediccion_disponible
2025-11-05,miercoles,Prima,True,True,4,4,100.0,ret_COPX | ret_EPU | ret_IDX_VIX | ret_XLB,,prediccion_disponible
2025-11-06,jueves,Prima,True,True,4,4,100.0,ret_COPX | ret_EPU | ret_IDX_VIX | ret_XLB,,prediccion_disponible
2025-11-07,viernes,Prima,True,True,4,4,100.0,ret_COPX | ret_EPU | ret_IDX_VIX | ret_XLB,,prediccion_disponible
2025-11-10,lunes,Prima,False,True,4,0,0.0,,ret_COPX | ret_EPU | ret_IDX_VIX | ret_XLB,ningun_factor_seleccionado_disponible
2025-11-11,martes,Prima,True,True,4,4,100.0,ret_COPX | ret_EPU | ret_IDX_VIX | ret_XLB,,prediccion_disponible
2025-11-12,miercoles,Prima,True,True,4,4,100.0,ret_COPX | ret_EPU | ret_IDX_VIX | ret_XLB,,prediccion_disponible
2025-11-13,jueves,Prima,True,True,4,4,100.0,ret_COPX | ret_EPU | ret_IDX_VIX | ret_XLB,,prediccion_disponible
2025-11-14,viernes,Prima,True,True,4,4,100.0,ret_COPX | ret_EPU | ret_IDX_VIX | ret_XLB,,prediccion_disponible
2025-11-17,lunes,Prima,False,True,4,0,0.0,,ret_COPX | ret_EPU | ret_IDX_VIX | ret_XLB,ningun_factor_seleccionado_disponible
2025-11-18,martes,Prima,True,True,4,4,100.0,ret_COPX | ret_EPU | ret_IDX_VIX | ret_XLB,,prediccion_disponible
2025-11-19,miercoles,Prima,True,True,4,4,100.0,ret_COPX | ret_EPU | ret_IDX_VIX | ret_XLB,,prediccion_disponible
2025-11-20,jueves,Prima,True,True,4,4,100.0,ret_COPX | ret_EPU | ret_IDX_VIX | ret_XLB,,prediccion_disponible
2025-11-21,viernes,Prima,True,True,4,4,100.0,ret_COPX | ret_EPU | ret_IDX_VIX | ret_XLB,,prediccion_disponible
2025-11-24,lunes,Prima,False,True,4,0,0.0,,ret_COPX | ret_EPU | ret_IDX_VIX | ret_XLB,ningun_factor_seleccionado_disponible
2025-11-25,martes,Prima,True,True,4,4,100.0,ret_COPX | ret_EPU | ret_IDX_VIX | ret_XLB,,prediccion_disponible
2025-11-26,miercoles,Prima,True,True,4,4,100.0,ret_COPX | ret_EPU | ret_IDX_VIX | ret_XLB,,prediccion_disponible
2025-11-27,jueves,Prima,False,True,4,1,25.0,ret_IDX_VIX,ret_COPX | ret_EPU | ret_XLB,faltan_factores_seleccionados
2025-11-28,viernes,Prima,False,True,4,1,25.0,ret_IDX_VIX,ret_COPX | ret_EPU | ret_XLB,faltan_factores_seleccionados
2025-12-01,lunes,Prima,False,True,4,0,0.0,,ret_COPX | ret_EPU | ret_IDX_VIX | ret_XLB,ningun_factor_seleccionado_disponible
2025-12-02,martes,Prima,True,True,4,4,100.0,ret_COPX | ret_EPU | ret_IDX_VIX | ret_XLB,,prediccion_disponible
2025-12-03,miercoles,Prima,True,True,4,4,100.0,ret_COPX | ret_EPU | ret_IDX_VIX | ret_XLB,,prediccion_disponible
2025-12-04,jueves,Prima,True,True,4,4,100.0,ret_COPX | ret_EPU | ret_IDX_VIX | ret_XLB,,prediccion_disponible
2025-12-05,viernes,Prima,True,True,4,4,100.0,ret_COPX | ret_EPU | ret_IDX_VIX | ret_XLB,,prediccion_disponible
2025-12-08,lunes,Prima,False,True,4,0,0.0,,ret_COPX | ret_EPU | ret_IDX_VIX | ret_XLB,ningun_factor_seleccionado_disponible
2025-12-09,martes,Prima,True,True,4,4,100.0,ret_COPX | ret_EPU | ret_IDX_VIX | ret_XLB,,prediccion_disponible
2025-12-10,miercoles,Prima,True,True,4,4,100.0,ret_COPX | ret_EPU | ret_IDX_VIX | ret_XLB,,prediccion_disponible
2025-12-11,jueves,Prima,True,True,4,4,100.0,ret_COPX | ret_EPU | ret_IDX_VIX | ret_XLB,,prediccion_disponible
2025-12-12,viernes,Prima,True,True,4,4,100.0,ret_COPX | ret_EPU | ret_IDX_VIX | ret_XLB,,prediccion_disponible
2025-12-15,lunes,Prima,False,True,4,0,0.0,,ret_COPX | ret_EPU | ret_IDX_VIX | ret_XLB,ningun_factor_seleccionado_disponible
2025-12-16,martes,Prima,True,True,4,4,100.0,ret_COPX | ret_EPU | ret_IDX_VIX | ret_XLB,,prediccion_disponible
2025-12-17,miercoles,Prima,True,True,4,4,100.0,ret_COPX | ret_EPU | ret_IDX_VIX | ret_XLB,,prediccion_disponible
2025-12-18,jueves,Prima,True,True,4,4,100.0,ret_COPX | ret_EPU | ret_IDX_VIX | ret_XLB,,prediccion_disponible
2025-12-19,viernes,Prima,True,True,4,4,100.0,ret_COPX | ret_EPU | ret_IDX_VIX | ret_XLB,,prediccion_disponible
2025-12-22,lunes,Prima,False,True,4,0,0.0,,ret_COPX | ret_EPU | ret_IDX_VIX | ret_XLB,ningun_factor_seleccionado_disponible
2025-12-23,martes,Prima,True,True,4,4,100.0,ret_COPX | ret_EPU | ret_IDX_VIX | ret_XLB,,prediccion_disponible
2025-12-24,miercoles,Prima,True,True,4,4,100.0,ret_COPX | ret_EPU | ret_IDX_VIX | ret_XLB,,prediccion_disponible
2025-12-26,viernes,Prima,False,True,4,0,0.0,,ret_COPX | ret_EPU | ret_IDX_VIX | ret_XLB,ningun_factor_seleccionado_disponible
2025-12-29,lunes,Prima,False,True,4,0,0.0,,ret_COPX | ret_EPU | ret_IDX_VIX | ret_XLB,ningun_factor_seleccionado_disponible
2025-12-30,martes,Prima,True,True,4,4,100.0,ret_COPX | ret_EPU | ret_IDX_VIX | ret_XLB,,prediccion_disponible
2025-12-31,miercoles,Prima,True,True,4,4,100.0,ret_COPX | ret_EPU | ret_IDX_VIX | ret_XLB,,prediccion_disponible
2026-01-02,viernes,Prima,False,True,4,0,0.0,,ret_COPX | ret_EPU | ret_IDX_VIX | ret_XLB,ningun_factor_seleccionado_disponible
2026-01-05,lunes,Prima,False,True,4,0,0.0,,ret_COPX | ret_EPU | ret_IDX_VIX | ret_XLB,ningun_factor_seleccionado_disponible
2026-01-06,martes,Prima,True,True,4,4,100.0,ret_COPX | ret_EPU | ret_IDX_VIX | ret_XLB,,prediccion_disponible
2026-01-07,miercoles,Prima,True,True,4,4,100.0,ret_COPX | ret_EPU | ret_IDX_VIX | ret_XLB,,prediccion_disponible
2026-01-08,jueves,Prima,True,True,4,4,100.0,ret_COPX | ret_EPU | ret_IDX_VIX | ret_XLB,,prediccion_disponible
2026-01-09,viernes,Prima,True,True,4,4,100.0,ret_COPX | ret_EPU | ret_IDX_VIX | ret_XLB,,prediccion_disponible
2026-01-12,lunes,Prima,False,True,4,0,0.0,,ret_COPX | ret_EPU | ret_IDX_VIX | ret_XLB,ningun_factor_seleccionado_disponible
2026-01-13,martes,Prima,True,True,4,4,100.0,ret_COPX | ret_EPU | ret_IDX_VIX | ret_XLB,,prediccion_disponible
2026-01-14,miercoles,Prima,True,True,4,4,100.0,ret_COPX | ret_EPU | ret_IDX_VIX | ret_XLB,,prediccion_disponible
2026-01-15,jueves,Prima,True,True,4,4,100.0,ret_COPX | ret_EPU | ret_IDX_VIX | ret_XLB,,prediccion_disponible
2026-01-16,viernes,Prima,True,True,4,4,100.0,ret_COPX | ret_EPU | ret_IDX_VIX | ret_XLB,,prediccion_disponible
2026-01-19,lunes,Prima,False,True,4,0,0.0,,ret_COPX | ret_EPU | ret_IDX_VIX | ret_XLB,ningun_factor_seleccionado_disponible
2026-01-20,martes,Prima,False,True,4,1,25.0,ret_IDX_VIX,ret_COPX | ret_EPU | ret_XLB,faltan_factores_seleccionados
2026-01-21,miercoles,Prima,True,True,4,4,100.0,ret_COPX | ret_EPU | ret_IDX_VIX | ret_XLB,,prediccion_disponible
2026-01-22,jueves,Prima,True,True,4,4,100.0,ret_COPX | ret_EPU | ret_IDX_VIX | ret_XLB,,prediccion_disponible
2026-01-23,viernes,Prima,True,True,4,4,100.0,ret_COPX | ret_EPU | ret_IDX_VIX | ret_XLB,,prediccion_disponible
2026-01-26,lunes,Prima,False,True,4,0,0.0,,ret_COPX | ret_EPU | ret_IDX_VIX | ret_XLB,ningun_factor_seleccionado_disponible
2026-01-27,martes,Prima,True,True,4,4,100.0,ret_COPX | ret_EPU | ret_IDX_VIX | ret_XLB,,prediccion_disponible
2026-01-28,miercoles,Prima,True,True,4,4,100.0,ret_COPX | ret_EPU | ret_IDX_VIX | ret_XLB,,prediccion_disponible
2026-01-29,jueves,Prima,True,True,4,4,100.0,ret_COPX | ret_EPU | ret_IDX_VIX | ret_XLB,,prediccion_disponible
2026-01-30,viernes,Prima,True,True,4,4,100.0,ret_COPX | ret_EPU | ret_IDX_VIX | ret_XLB,,prediccion_disponible
2026-02-02,lunes,Prima,True,True,4,4,100.0,ret_COPX | ret_EPU | ret_IDX_VIX | ret_XLB,,prediccion_disponible
2026-02-03,martes,Prima,True,True,4,4,100.0,ret_COPX | ret_EPU | ret_IDX_VIX | ret_XLB,,prediccion_disponible
2026-02-04,miercoles,Prima,True,True,4,4,100.0,ret_COPX | ret_EPU | ret_IDX_VIX | ret_XLB,,prediccion_disponible
2026-02-05,jueves,Prima,True,True,4,4,100.0,ret_COPX | ret_EPU | ret_IDX_VIX | ret_XLB,,prediccion_disponible
2026-02-06,viernes,Prima,True,True,4,4,100.0,ret_COPX | ret_EPU | ret_IDX_VIX | ret_XLB,,prediccion_disponible
2026-02-09,lunes,Prima,False,True,4,0,0.0,,ret_COPX | ret_EPU | ret_IDX_VIX | ret_XLB,ningun_factor_seleccionado_disponible
2026-02-10,martes,Prima,True,True,4,4,100.0,ret_COPX | ret_EPU | ret_IDX_VIX | ret_XLB,,prediccion_disponible
2026-02-11,miercoles,Prima,True,True,4,4,100.0,ret_COPX | ret_EPU | ret_IDX_VIX | ret_XLB,,prediccion_disponible
2026-02-12,jueves,Prima,True,True,4,4,100.0,ret_COPX | ret_EPU | ret_IDX_VIX | ret_XLB,,prediccion_disponible
2026-02-13,viernes,Prima,True,True,4,4,100.0,ret_COPX | ret_EPU | ret_IDX_VIX | ret_XLB,,prediccion_disponible
2026-02-16,lunes,Prima,False,True,4,0,0.0,,ret_COPX | ret_EPU | ret_IDX_VIX | ret_XLB,ningun_factor_seleccionado_disponible
2026-02-17,martes,Prima,False,True,4,1,25.0,ret_IDX_VIX,ret_COPX | ret_EPU | ret_XLB,faltan_factores_seleccionados
2026-02-18,miercoles,Prima,True,True,4,4,100.0,ret_COPX | ret_EPU | ret_IDX_VIX | ret_XLB,,prediccion_disponible
2026-02-19,jueves,Prima,True,True,4,4,100.0,ret_COPX | ret_EPU | ret_IDX_VIX | ret_XLB,,prediccion_disponible
2026-02-20,viernes,Prima,True,True,4,4,100.0,ret_COPX | ret_EPU | ret_IDX_VIX | ret_XLB,,prediccion_disponible
2026-02-23,lunes,Prima,False,True,4,0,0.0,,ret_COPX | ret_EPU | ret_IDX_VIX | ret_XLB,ningun_factor_seleccionado_disponible
2026-02-24,martes,Prima,True,True,4,4,100.0,ret_COPX | ret_EPU | ret_IDX_VIX | ret_XLB,,prediccion_disponible
2026-02-25,miercoles,Prima,True,True,4,4,100.0,ret_COPX | ret_EPU | ret_IDX_VIX | ret_XLB,,prediccion_disponible
2026-02-26,jueves,Prima,True,True,4,4,100.0,ret_COPX | ret_EPU | ret_IDX_VIX | ret_XLB,,prediccion_disponible
2026-02-27,viernes,Prima,True,True,4,4,100.0,ret_COPX | ret_EPU | ret_IDX_VIX | ret_XLB,,prediccion_disponible
2026-03-02,lunes,Prima,False,True,4,0,0.0,,ret_COPX | ret_EPU | ret_IDX_VIX | ret_XLB,ningun_factor_seleccionado_disponible
2026-03-03,martes,Prima,True,True,4,4,100.0,ret_COPX | ret_EPU | ret_IDX_VIX | ret_XLB,,prediccion_disponible
2026-03-04,miercoles,Prima,True,True,4,4,100.0,ret_COPX | ret_EPU | ret_IDX_VIX | ret_XLB,,prediccion_disponible
2026-03-05,jueves,Prima,True,True,4,4,100.0,ret_COPX | ret_EPU | ret_IDX_VIX | ret_XLB,,prediccion_disponible
2026-03-06,viernes,Prima,True,True,4,4,100.0,ret_COPX | ret_EPU | ret_IDX_VIX | ret_XLB,,prediccion_disponible
2026-03-09,lunes,Prima,False,True,4,0,0.0,,ret_COPX | ret_EPU | ret_IDX_VIX | ret_XLB,ningun_factor_seleccionado_disponible
2026-03-10,martes,Prima,True,True,4,4,100.0,ret_COPX | ret_EPU | ret_IDX_VIX | ret_XLB,,prediccion_disponible
2026-03-11,miercoles,Prima,True,True,4,4,100.0,ret_COPX | ret_EPU | ret_IDX_VIX | ret_XLB,,prediccion_disponible
2026-03-12,jueves,Prima,True,True,4,4,100.0,ret_COPX | ret_EPU | ret_IDX_VIX | ret_XLB,,prediccion_disponible
2026-03-13,viernes,Prima,True,True,4,4,100.0,ret_COPX | ret_EPU | ret_IDX_VIX | ret_XLB,,prediccion_disponible
2026-03-16,lunes,Prima,False,True,4,0,0.0,,ret_COPX | ret_EPU | ret_IDX_VIX | ret_XLB,ningun_factor_seleccionado_disponible
2026-03-17,martes,Prima,True,True,4,4,100.0,ret_COPX | ret_EPU | ret_IDX_VIX | ret_XLB,,prediccion_disponible
2026-03-18,miercoles,Prima,True,True,4,4,100.0,ret_COPX | ret_EPU | ret_IDX_VIX | ret_XLB,,prediccion_disponible
2026-03-19,jueves,Prima,True,True,4,4,100.0,ret_COPX | ret_EPU | ret_IDX_VIX | ret_XLB,,prediccion_disponible
2026-03-20,viernes,Prima,True,True,4,4,100.0,ret_COPX | ret_EPU | ret_IDX_VIX | ret_XLB,,prediccion_disponible
2026-03-23,lunes,Prima,False,True,4,0,0.0,,ret_COPX | ret_EPU | ret_IDX_VIX | ret_XLB,ningun_factor_seleccionado_disponible
2026-03-24,martes,Prima,True,True,4,4,100.0,ret_COPX | ret_EPU | ret_IDX_VIX | ret_XLB,,prediccion_disponible
2026-03-25,miercoles,Prima,True,True,4,4,100.0,ret_COPX | ret_EPU | ret_IDX_VIX | ret_XLB,,prediccion_disponible
2026-03-26,jueves,Prima,True,True,4,4,100.0,ret_COPX | ret_EPU | ret_IDX_VIX | ret_XLB,,prediccion_disponible
2026-03-27,viernes,Prima,True,True,4,4,100.0,ret_COPX | ret_EPU | ret_IDX_VIX | ret_XLB,,prediccion_disponible
2026-03-30,lunes,Prima,False,True,4,0,0.0,,ret_COPX | ret_EPU | ret_IDX_VIX | ret_XLB,ningun_factor_seleccionado_disponible
2026-03-31,martes,Prima,True,True,4,4,100.0,ret_COPX | ret_EPU | ret_IDX_VIX | ret_XLB,,prediccion_disponible
2026-04-01,miercoles,Prima,True,True,4,4,100.0,ret_COPX | ret_EPU | ret_IDX_VIX | ret_XLB,,prediccion_disponible
2026-04-02,jueves,Prima,True,True,4,4,100.0,ret_COPX | ret_EPU | ret_IDX_VIX | ret_XLB,,prediccion_disponible
2026-04-03,viernes,Prima,False,True,4,0,0.0,,ret_COPX | ret_EPU | ret_IDX_VIX | ret_XLB,ningun_factor_seleccionado_disponible
2026-04-06,lunes,Prima,False,True,4,0,0.0,,ret_COPX | ret_EPU | ret_IDX_VIX | ret_XLB,ningun_factor_seleccionado_disponible
2026-04-07,martes,Prima,True,True,4,4,100.0,ret_COPX | ret_EPU | ret_IDX_VIX | ret_XLB,,prediccion_disponible
2026-04-08,miercoles,Prima,True,True,4,4,100.0,ret_COPX | ret_EPU | ret_IDX_VIX | ret_XLB,,prediccion_disponible
2026-04-09,jueves,Prima,True,True,4,4,100.0,ret_COPX | ret_EPU | ret_IDX_VIX | ret_XLB,,prediccion_disponible
2026-04-10,viernes,Prima,True,True,4,4,100.0,ret_COPX | ret_EPU | ret_IDX_VIX | ret_XLB,,prediccion_disponible
2026-04-13,lunes,Prima,False,True,4,0,0.0,,ret_COPX | ret_EPU | ret_IDX_VIX | ret_XLB,ningun_factor_seleccionado_disponible
2026-04-14,martes,Prima,True,True,4,4,100.0,ret_COPX | ret_EPU | ret_IDX_VIX | ret_XLB,,prediccion_disponible
2026-04-15,miercoles,Prima,True,True,4,4,100.0,ret_COPX | ret_EPU | ret_IDX_VIX | ret_XLB,,prediccion_disponible
2026-04-16,jueves,Prima,True,True,4,4,100.0,ret_COPX | ret_EPU | ret_IDX_VIX | ret_XLB,,prediccion_disponible
2026-04-17,viernes,Prima,True,True,4,4,100.0,ret_COPX | ret_EPU | ret_IDX_VIX | ret_XLB,,prediccion_disponible
2026-04-20,lunes,Prima,False,True,4,0,0.0,,ret_COPX | ret_EPU | ret_IDX_VIX | ret_XLB,ningun_factor_seleccionado_disponible
2026-04-21,martes,Prima,True,True,4,4,100.0,ret_COPX | ret_EPU | ret_IDX_VIX | ret_XLB,,prediccion_disponible
2026-04-22,miercoles,Prima,True,True,4,4,100.0,ret_COPX | ret_EPU | ret_IDX_VIX | ret_XLB,,prediccion_disponible
2026-04-23,jueves,Prima,True,True,4,4,100.0,ret_COPX | ret_EPU | ret_IDX_VIX | ret_XLB,,prediccion_disponible
2026-04-24,viernes,Prima,True,True,4,4,100.0,ret_COPX | ret_EPU | ret_IDX_VIX | ret_XLB,,prediccion_disponible
2026-04-27,lunes,Prima,False,True,4,0,0.0,,ret_COPX | ret_EPU | ret_IDX_VIX | ret_XLB,ningun_factor_seleccionado_disponible
2026-04-28,martes,Prima,True,True,4,4,100.0,ret_COPX | ret_EPU | ret_IDX_VIX | ret_XLB,,prediccion_disponible
2026-04-29,miercoles,Prima,True,True,4,4,100.0,ret_COPX | ret_EPU | ret_IDX_VIX | ret_XLB,,prediccion_disponible
2026-04-30,jueves,Prima,True,True,4,4,100.0,ret_COPX | ret_EPU | ret_IDX_VIX | ret_XLB,,prediccion_disponible
2026-05-01,viernes,Prima,True,True,4,4,100.0,ret_COPX | ret_EPU | ret_IDX_VIX | ret_XLB,,prediccion_disponible
2026-05-04,lunes,Prima,False,True,4,0,0.0,,ret_COPX | ret_EPU | ret_IDX_VIX | ret_XLB,ningun_factor_seleccionado_disponible
2026-05-05,martes,Prima,True,True,4,4,100.0,ret_COPX | ret_EPU | ret_IDX_VIX | ret_XLB,,prediccion_disponible
2026-05-06,miercoles,Prima,True,True,4,4,100.0,ret_COPX | ret_EPU | ret_IDX_VIX | ret_XLB,,prediccion_disponible
2026-05-07,jueves,Prima,True,True,4,4,100.0,ret_COPX | ret_EPU | ret_IDX_VIX | ret_XLB,,prediccion_disponible
2026-05-08,viernes,Prima,True,True,4,4,100.0,ret_COPX | ret_EPU | ret_IDX_VIX | ret_XLB,,prediccion_disponible
2026-05-11,lunes,Prima,False,True,4,0,0.0,,ret_COPX | ret_EPU | ret_IDX_VIX | ret_XLB,ningun_factor_seleccionado_disponible
2026-05-12,martes,Prima,True,True,4,4,100.0,ret_COPX | ret_EPU | ret_IDX_VIX | ret_XLB,,prediccion_disponible
2026-05-13,miercoles,Prima,True,True,4,4,100.0,ret_COPX | ret_EPU | ret_IDX_VIX | ret_XLB,,prediccion_disponible
2026-05-14,jueves,Prima,True,True,4,4,100.0,ret_COPX | ret_EPU | ret_IDX_VIX | ret_XLB,,prediccion_disponible
2026-05-15,viernes,Prima,True,True,4,4,100.0,ret_COPX | ret_EPU | ret_IDX_VIX | ret_XLB,,prediccion_disponible
2026-05-18,lunes,Prima,False,True,4,0,0.0,,ret_COPX | ret_EPU | ret_IDX_VIX | ret_XLB,ningun_factor_seleccionado_disponible
2026-05-19,martes,Prima,True,True,4,4,100.0,ret_COPX | ret_EPU | ret_IDX_VIX | ret_XLB,,prediccion_disponible
2026-05-20,miercoles,Prima,True,True,4,4,100.0,ret_COPX | ret_EPU | ret_IDX_VIX | ret_XLB,,prediccion_disponible
2026-05-21,jueves,Prima,True,True,4,4,100.0,ret_COPX | ret_EPU | ret_IDX_VIX | ret_XLB,,prediccion_disponible
2026-05-22,viernes,Prima,True,True,4,4,100.0,ret_COPX | ret_EPU | ret_IDX_VIX | ret_XLB,,prediccion_disponible
2026-05-25,lunes,Prima,False,True,4,0,0.0,,ret_COPX | ret_EPU | ret_IDX_VIX | ret_XLB,ningun_factor_seleccionado_disponible
2026-05-26,martes,Prima,False,True,4,1,25.0,ret_IDX_VIX,ret_COPX | ret_EPU | ret_XLB,faltan_factores_seleccionados
2026-05-27,miercoles,Prima,True,True,4,4,100.0,ret_COPX | ret_EPU | ret_IDX_VIX | ret_XLB,,prediccion_disponible
2026-05-28,jueves,Prima,True,True,4,4,100.0,ret_COPX | ret_EPU | ret_IDX_VIX | ret_XLB,,prediccion_disponible
2026-05-29,viernes,Prima,True,True,4,4,100.0,ret_COPX | ret_EPU | ret_IDX_VIX | ret_XLB,,prediccion_disponible
2026-06-22,lunes,Prima,False,True,4,0,0.0,,ret_COPX | ret_EPU | ret_IDX_VIX | ret_XLB,ningun_factor_seleccionado_disponible
2026-06-23,martes,Prima,True,True,4,4,100.0,ret_COPX | ret_EPU | ret_IDX_VIX | ret_XLB,,prediccion_disponible
2026-06-24,miercoles,Prima,True,True,4,4,100.0,ret_COPX | ret_EPU | ret_IDX_VIX | ret_XLB,,prediccion_disponible
2026-06-25,jueves,Prima,True,True,4,4,100.0,ret_COPX | ret_EPU | ret_IDX_VIX | ret_XLB,,prediccion_disponible
2026-06-26,viernes,Prima,True,True,4,4,100.0,ret_COPX | ret_EPU | ret_IDX_VIX | ret_XLB,,prediccion_disponible
2026-06-29,lunes,Prima,False,True,4,0,0.0,,ret_COPX | ret_EPU | ret_IDX_VIX | ret_XLB,ningun_factor_seleccionado_disponible
2026-06-30,martes,Prima,True,True,4,4,100.0,ret_COPX | ret_EPU | ret_IDX_VIX | ret_XLB,,prediccion_disponible
2024-02-26,lunes,Profuturo,True,True,2,2,100.0,ret_COPX | ret_EPU,,prediccion_disponible
2024-02-27,martes,Profuturo,True,True,2,2,100.0,ret_COPX | ret_EPU,,prediccion_disponible
2024-02-28,miercoles,Profuturo,True,True,2,2,100.0,ret_COPX | ret_EPU,,prediccion_disponible
2024-02-29,jueves,Profuturo,True,True,2,2,100.0,ret_COPX | ret_EPU,,prediccion_disponible
2024-03-01,viernes,Profuturo,True,True,2,2,100.0,ret_COPX | ret_EPU,,prediccion_disponible
2024-03-04,lunes,Profuturo,True,True,2,2,100.0,ret_COPX | ret_EPU,,prediccion_disponible
2024-03-05,martes,Profuturo,True,True,2,2,100.0,ret_COPX | ret_EPU,,prediccion_disponible
2024-03-06,miercoles,Profuturo,True,True,2,2,100.0,ret_COPX | ret_EPU,,prediccion_disponible
2024-03-07,jueves,Profuturo,True,True,2,2,100.0,ret_COPX | ret_EPU,,prediccion_disponible
2024-03-08,viernes,Profuturo,True,True,2,2,100.0,ret_COPX | ret_EPU,,prediccion_disponible
2024-03-11,lunes,Profuturo,True,True,2,2,100.0,ret_COPX | ret_EPU,,prediccion_disponible
2024-03-12,martes,Profuturo,True,True,2,2,100.0,ret_COPX | ret_EPU,,prediccion_disponible
2024-03-13,miercoles,Profuturo,True,True,2,2,100.0,ret_COPX | ret_EPU,,prediccion_disponible
2024-03-14,jueves,Profuturo,True,True,2,2,100.0,ret_COPX | ret_EPU,,prediccion_disponible
2024-03-15,viernes,Profuturo,True,True,2,2,100.0,ret_COPX | ret_EPU,,prediccion_disponible
2024-03-18,lunes,Profuturo,True,True,2,2,100.0,ret_COPX | ret_EPU,,prediccion_disponible
2024-03-19,martes,Profuturo,True,True,2,2,100.0,ret_COPX | ret_EPU,,prediccion_disponible
2024-03-20,miercoles,Profuturo,True,True,2,2,100.0,ret_COPX | ret_EPU,,prediccion_disponible
2024-03-21,jueves,Profuturo,True,True,2,2,100.0,ret_COPX | ret_EPU,,prediccion_disponible
2024-03-22,viernes,Profuturo,True,True,2,2,100.0,ret_COPX | ret_EPU,,prediccion_disponible
2024-03-25,lunes,Profuturo,True,True,2,2,100.0,ret_COPX | ret_EPU,,prediccion_disponible
2024-03-26,martes,Profuturo,True,True,2,2,100.0,ret_COPX | ret_EPU,,prediccion_disponible
2024-03-27,miercoles,Profuturo,True,True,2,2,100.0,ret_COPX | ret_EPU,,prediccion_disponible
2024-03-28,jueves,Profuturo,True,True,2,2,100.0,ret_COPX | ret_EPU,,prediccion_disponible
2024-03-29,viernes,Profuturo,False,True,2,0,0.0,,ret_COPX | ret_EPU,ningun_factor_seleccionado_disponible
2024-04-01,lunes,Profuturo,False,True,2,0,0.0,,ret_COPX | ret_EPU,ningun_factor_seleccionado_disponible
2024-04-02,martes,Profuturo,True,True,2,2,100.0,ret_COPX | ret_EPU,,prediccion_disponible
2024-04-03,miercoles,Profuturo,True,True,2,2,100.0,ret_COPX | ret_EPU,,prediccion_disponible
2024-04-04,jueves,Profuturo,True,True,2,2,100.0,ret_COPX | ret_EPU,,prediccion_disponible
2024-04-05,viernes,Profuturo,True,True,2,2,100.0,ret_COPX | ret_EPU,,prediccion_disponible
2024-04-08,lunes,Profuturo,True,True,2,2,100.0,ret_COPX | ret_EPU,,prediccion_disponible
2024-04-09,martes,Profuturo,True,True,2,2,100.0,ret_COPX | ret_EPU,,prediccion_disponible
2024-04-10,miercoles,Profuturo,True,True,2,2,100.0,ret_COPX | ret_EPU,,prediccion_disponible
2024-04-11,jueves,Profuturo,True,True,2,2,100.0,ret_COPX | ret_EPU,,prediccion_disponible
2024-04-12,viernes,Profuturo,True,True,2,2,100.0,ret_COPX | ret_EPU,,prediccion_disponible
2024-04-15,lunes,Profuturo,True,True,2,2,100.0,ret_COPX | ret_EPU,,prediccion_disponible
2024-04-16,martes,Profuturo,True,True,2,2,100.0,ret_COPX | ret_EPU,,prediccion_disponible
2024-04-17,miercoles,Profuturo,True,True,2,2,100.0,ret_COPX | ret_EPU,,prediccion_disponible
2024-04-18,jueves,Profuturo,True,True,2,2,100.0,ret_COPX | ret_EPU,,prediccion_disponible
2024-04-19,viernes,Profuturo,True,True,2,2,100.0,ret_COPX | ret_EPU,,prediccion_disponible
2024-04-22,lunes,Profuturo,True,True,2,2,100.0,ret_COPX | ret_EPU,,prediccion_disponible
2024-04-23,martes,Profuturo,True,True,2,2,100.0,ret_COPX | ret_EPU,,prediccion_disponible
2024-04-24,miercoles,Profuturo,True,True,2,2,100.0,ret_COPX | ret_EPU,,prediccion_disponible
2024-04-25,jueves,Profuturo,True,True,2,2,100.0,ret_COPX | ret_EPU,,prediccion_disponible
2024-04-26,viernes,Profuturo,True,True,2,2,100.0,ret_COPX | ret_EPU,,prediccion_disponible
2024-04-29,lunes,Profuturo,True,True,2,2,100.0,ret_COPX | ret_EPU,,prediccion_disponible
2024-04-30,martes,Profuturo,True,True,2,2,100.0,ret_COPX | ret_EPU,,prediccion_disponible
2024-05-01,miercoles,Profuturo,True,True,2,2,100.0,ret_COPX | ret_EPU,,prediccion_disponible
2024-05-02,jueves,Profuturo,True,True,2,2,100.0,ret_COPX | ret_EPU,,prediccion_disponible
2024-05-03,viernes,Profuturo,True,True,2,2,100.0,ret_COPX | ret_EPU,,prediccion_disponible
2024-05-06,lunes,Profuturo,True,True,2,2,100.0,ret_COPX | ret_EPU,,prediccion_disponible
2024-05-07,martes,Profuturo,True,True,2,2,100.0,ret_COPX | ret_EPU,,prediccion_disponible
2024-05-08,miercoles,Profuturo,True,True,2,2,100.0,ret_COPX | ret_EPU,,prediccion_disponible
2024-05-09,jueves,Profuturo,True,True,2,2,100.0,ret_COPX | ret_EPU,,prediccion_disponible
2024-05-10,viernes,Profuturo,True,True,2,2,100.0,ret_COPX | ret_EPU,,prediccion_disponible
2024-05-13,lunes,Profuturo,True,True,2,2,100.0,ret_COPX | ret_EPU,,prediccion_disponible
2024-05-14,martes,Profuturo,True,True,2,2,100.0,ret_COPX | ret_EPU,,prediccion_disponible
2024-05-15,miercoles,Profuturo,True,True,2,2,100.0,ret_COPX | ret_EPU,,prediccion_disponible
2024-05-16,jueves,Profuturo,True,True,2,2,100.0,ret_COPX | ret_EPU,,prediccion_disponible
2024-05-17,viernes,Profuturo,True,True,2,2,100.0,ret_COPX | ret_EPU,,prediccion_disponible
2024-05-20,lunes,Profuturo,True,True,2,2,100.0,ret_COPX | ret_EPU,,prediccion_disponible
2024-05-21,martes,Profuturo,True,True,2,2,100.0,ret_COPX | ret_EPU,,prediccion_disponible
2024-05-22,miercoles,Profuturo,True,True,2,2,100.0,ret_COPX | ret_EPU,,prediccion_disponible
2024-05-23,jueves,Profuturo,True,True,2,2,100.0,ret_COPX | ret_EPU,,prediccion_disponible
2024-05-24,viernes,Profuturo,True,True,2,2,100.0,ret_COPX | ret_EPU,,prediccion_disponible
2024-05-27,lunes,Profuturo,False,True,2,0,0.0,,ret_COPX | ret_EPU,ningun_factor_seleccionado_disponible
2024-05-28,martes,Profuturo,False,True,2,0,0.0,,ret_COPX | ret_EPU,ningun_factor_seleccionado_disponible
2024-05-29,miercoles,Profuturo,True,True,2,2,100.0,ret_COPX | ret_EPU,,prediccion_disponible
2024-05-30,jueves,Profuturo,True,True,2,2,100.0,ret_COPX | ret_EPU,,prediccion_disponible
2024-05-31,viernes,Profuturo,True,True,2,2,100.0,ret_COPX | ret_EPU,,prediccion_disponible
2024-06-03,lunes,Profuturo,True,True,2,2,100.0,ret_COPX | ret_EPU,,prediccion_disponible
2024-06-04,martes,Profuturo,True,True,2,2,100.0,ret_COPX | ret_EPU,,prediccion_disponible
2024-06-05,miercoles,Profuturo,True,True,2,2,100.0,ret_COPX | ret_EPU,,prediccion_disponible
2024-06-06,jueves,Profuturo,True,True,2,2,100.0,ret_COPX | ret_EPU,,prediccion_disponible
2024-06-07,viernes,Profuturo,True,True,2,2,100.0,ret_COPX | ret_EPU,,prediccion_disponible
2024-06-10,lunes,Profuturo,True,True,2,2,100.0,ret_COPX | ret_EPU,,prediccion_disponible
2024-06-11,martes,Profuturo,True,True,2,2,100.0,ret_COPX | ret_EPU,,prediccion_disponible
2024-06-12,miercoles,Profuturo,True,True,2,2,100.0,ret_COPX | ret_EPU,,prediccion_disponible
2024-06-13,jueves,Profuturo,True,True,2,2,100.0,ret_COPX | ret_EPU,,prediccion_disponible
2024-06-14,viernes,Profuturo,True,True,2,2,100.0,ret_COPX | ret_EPU,,prediccion_disponible
2024-06-17,lunes,Profuturo,True,True,2,2,100.0,ret_COPX | ret_EPU,,prediccion_disponible
2024-06-18,martes,Profuturo,True,True,2,2,100.0,ret_COPX | ret_EPU,,prediccion_disponible
2024-06-19,miercoles,Profuturo,False,True,2,0,0.0,,ret_COPX | ret_EPU,ningun_factor_seleccionado_disponible
2024-06-20,jueves,Profuturo,False,True,2,0,0.0,,ret_COPX | ret_EPU,ningun_factor_seleccionado_disponible
2024-06-21,viernes,Profuturo,True,True,2,2,100.0,ret_COPX | ret_EPU,,prediccion_disponible
2024-06-24,lunes,Profuturo,True,True,2,2,100.0,ret_COPX | ret_EPU,,prediccion_disponible
2024-06-25,martes,Profuturo,True,True,2,2,100.0,ret_COPX | ret_EPU,,prediccion_disponible
2024-06-26,miercoles,Profuturo,True,True,2,2,100.0,ret_COPX | ret_EPU,,prediccion_disponible
2024-06-27,jueves,Profuturo,True,True,2,2,100.0,ret_COPX | ret_EPU,,prediccion_disponible
2024-06-28,viernes,Profuturo,True,True,2,2,100.0,ret_COPX | ret_EPU,,prediccion_disponible
2024-07-01,lunes,Profuturo,True,True,2,2,100.0,ret_COPX | ret_EPU,,prediccion_disponible
2024-07-02,martes,Profuturo,True,True,2,2,100.0,ret_COPX | ret_EPU,,prediccion_disponible
2024-07-03,miercoles,Profuturo,True,True,2,2,100.0,ret_COPX | ret_EPU,,prediccion_disponible
2024-07-04,jueves,Profuturo,False,True,2,0,0.0,,ret_COPX | ret_EPU,ningun_factor_seleccionado_disponible
2024-07-05,viernes,Profuturo,False,True,2,0,0.0,,ret_COPX | ret_EPU,ningun_factor_seleccionado_disponible
2024-07-08,lunes,Profuturo,False,True,2,0,0.0,,ret_COPX | ret_EPU,ningun_factor_seleccionado_disponible
2024-07-09,martes,Profuturo,True,True,2,2,100.0,ret_COPX | ret_EPU,,prediccion_disponible
2024-07-10,miercoles,Profuturo,True,True,2,2,100.0,ret_COPX | ret_EPU,,prediccion_disponible
2024-07-11,jueves,Profuturo,True,True,2,2,100.0,ret_COPX | ret_EPU,,prediccion_disponible
2024-07-12,viernes,Profuturo,True,True,2,2,100.0,ret_COPX | ret_EPU,,prediccion_disponible
2024-07-15,lunes,Profuturo,False,True,2,0,0.0,,ret_COPX | ret_EPU,ningun_factor_seleccionado_disponible
2024-07-16,martes,Profuturo,True,True,2,2,100.0,ret_COPX | ret_EPU,,prediccion_disponible
2024-07-17,miercoles,Profuturo,True,True,2,2,100.0,ret_COPX | ret_EPU,,prediccion_disponible
2024-07-18,jueves,Profuturo,True,True,2,2,100.0,ret_COPX | ret_EPU,,prediccion_disponible
2024-07-19,viernes,Profuturo,True,True,2,2,100.0,ret_COPX | ret_EPU,,prediccion_disponible
2024-07-22,lunes,Profuturo,False,True,2,0,0.0,,ret_COPX | ret_EPU,ningun_factor_seleccionado_disponible
2024-07-23,martes,Profuturo,True,True,2,2,100.0,ret_COPX | ret_EPU,,prediccion_disponible
2024-07-24,miercoles,Profuturo,True,True,2,2,100.0,ret_COPX | ret_EPU,,prediccion_disponible
2024-07-25,jueves,Profuturo,True,True,2,2,100.0,ret_COPX | ret_EPU,,prediccion_disponible
2024-07-26,viernes,Profuturo,True,True,2,2,100.0,ret_COPX | ret_EPU,,prediccion_disponible
2024-07-29,lunes,Profuturo,False,True,2,0,0.0,,ret_COPX | ret_EPU,ningun_factor_seleccionado_disponible
2024-07-30,martes,Profuturo,True,True,2,2,100.0,ret_COPX | ret_EPU,,prediccion_disponible
2024-07-31,miercoles,Profuturo,True,True,2,2,100.0,ret_COPX | ret_EPU,,prediccion_disponible
2024-08-01,jueves,Profuturo,True,True,2,2,100.0,ret_COPX | ret_EPU,,prediccion_disponible
2024-08-02,viernes,Profuturo,True,True,2,2,100.0,ret_COPX | ret_EPU,,prediccion_disponible
2024-08-05,lunes,Profuturo,False,True,2,0,0.0,,ret_COPX | ret_EPU,ningun_factor_seleccionado_disponible
2024-08-06,martes,Profuturo,True,True,2,2,100.0,ret_COPX | ret_EPU,,prediccion_disponible
2024-08-07,miercoles,Profuturo,True,True,2,2,100.0,ret_COPX | ret_EPU,,prediccion_disponible
2024-08-08,jueves,Profuturo,True,True,2,2,100.0,ret_COPX | ret_EPU,,prediccion_disponible
2024-08-09,viernes,Profuturo,True,True,2,2,100.0,ret_COPX | ret_EPU,,prediccion_disponible
2024-08-12,lunes,Profuturo,False,True,2,0,0.0,,ret_COPX | ret_EPU,ningun_factor_seleccionado_disponible
2024-08-13,martes,Profuturo,True,True,2,2,100.0,ret_COPX | ret_EPU,,prediccion_disponible
2024-08-14,miercoles,Profuturo,True,True,2,2,100.0,ret_COPX | ret_EPU,,prediccion_disponible
2024-08-15,jueves,Profuturo,True,True,2,2,100.0,ret_COPX | ret_EPU,,prediccion_disponible
2024-08-16,viernes,Profuturo,True,True,2,2,100.0,ret_COPX | ret_EPU,,prediccion_disponible
2024-08-19,lunes,Profuturo,False,True,2,0,0.0,,ret_COPX | ret_EPU,ningun_factor_seleccionado_disponible
2024-08-20,martes,Profuturo,True,True,2,2,100.0,ret_COPX | ret_EPU,,prediccion_disponible
2024-08-21,miercoles,Profuturo,True,True,2,2,100.0,ret_COPX | ret_EPU,,prediccion_disponible
2024-08-22,jueves,Profuturo,True,True,2,2,100.0,ret_COPX | ret_EPU,,prediccion_disponible
2024-08-23,viernes,Profuturo,True,True,2,2,100.0,ret_COPX | ret_EPU,,prediccion_disponible
2024-08-26,lunes,Profuturo,False,True,2,0,0.0,,ret_COPX | ret_EPU,ningun_factor_seleccionado_disponible
2024-08-27,martes,Profuturo,True,True,2,2,100.0,ret_COPX | ret_EPU,,prediccion_disponible
2024-08-28,miercoles,Profuturo,True,True,2,2,100.0,ret_COPX | ret_EPU,,prediccion_disponible
2024-08-29,jueves,Profuturo,True,True,2,2,100.0,ret_COPX | ret_EPU,,prediccion_disponible
2024-08-30,viernes,Profuturo,True,True,2,2,100.0,ret_COPX | ret_EPU,,prediccion_disponible
2024-09-02,lunes,Profuturo,False,True,2,0,0.0,,ret_COPX | ret_EPU,ningun_factor_seleccionado_disponible
2024-09-03,martes,Profuturo,False,True,2,0,0.0,,ret_COPX | ret_EPU,ningun_factor_seleccionado_disponible
2024-09-04,miercoles,Profuturo,True,True,2,2,100.0,ret_COPX | ret_EPU,,prediccion_disponible
2024-09-05,jueves,Profuturo,True,True,2,2,100.0,ret_COPX | ret_EPU,,prediccion_disponible
2024-09-06,viernes,Profuturo,True,True,2,2,100.0,ret_COPX | ret_EPU,,prediccion_disponible
2024-09-09,lunes,Profuturo,False,True,2,0,0.0,,ret_COPX | ret_EPU,ningun_factor_seleccionado_disponible
2024-09-10,martes,Profuturo,True,True,2,2,100.0,ret_COPX | ret_EPU,,prediccion_disponible
2024-09-11,miercoles,Profuturo,True,True,2,2,100.0,ret_COPX | ret_EPU,,prediccion_disponible
2024-09-12,jueves,Profuturo,True,True,2,2,100.0,ret_COPX | ret_EPU,,prediccion_disponible
2024-09-13,viernes,Profuturo,True,True,2,2,100.0,ret_COPX | ret_EPU,,prediccion_disponible
2024-09-16,lunes,Profuturo,False,True,2,0,0.0,,ret_COPX | ret_EPU,ningun_factor_seleccionado_disponible
2024-09-17,martes,Profuturo,True,True,2,2,100.0,ret_COPX | ret_EPU,,prediccion_disponible
2024-09-18,miercoles,Profuturo,True,True,2,2,100.0,ret_COPX | ret_EPU,,prediccion_disponible
2024-09-19,jueves,Profuturo,True,True,2,2,100.0,ret_COPX | ret_EPU,,prediccion_disponible
2024-09-20,viernes,Profuturo,True,True,2,2,100.0,ret_COPX | ret_EPU,,prediccion_disponible
2024-09-23,lunes,Profuturo,False,True,2,0,0.0,,ret_COPX | ret_EPU,ningun_factor_seleccionado_disponible
2024-09-24,martes,Profuturo,True,True,2,2,100.0,ret_COPX | ret_EPU,,prediccion_disponible
2024-09-25,miercoles,Profuturo,True,True,2,2,100.0,ret_COPX | ret_EPU,,prediccion_disponible
2024-09-26,jueves,Profuturo,True,True,2,2,100.0,ret_COPX | ret_EPU,,prediccion_disponible
2024-09-27,viernes,Profuturo,True,True,2,2,100.0,ret_COPX | ret_EPU,,prediccion_disponible
2024-09-30,lunes,Profuturo,False,True,2,0,0.0,,ret_COPX | ret_EPU,ningun_factor_seleccionado_disponible
2024-10-01,martes,Profuturo,True,True,2,2,100.0,ret_COPX | ret_EPU,,prediccion_disponible
2024-10-02,miercoles,Profuturo,True,True,2,2,100.0,ret_COPX | ret_EPU,,prediccion_disponible
2024-10-03,jueves,Profuturo,True,True,2,2,100.0,ret_COPX | ret_EPU,,prediccion_disponible
2024-10-04,viernes,Profuturo,True,True,2,2,100.0,ret_COPX | ret_EPU,,prediccion_disponible
2024-10-07,lunes,Profuturo,False,True,2,0,0.0,,ret_COPX | ret_EPU,ningun_factor_seleccionado_disponible
2024-10-08,martes,Profuturo,True,True,2,2,100.0,ret_COPX | ret_EPU,,prediccion_disponible
2024-10-09,miercoles,Profuturo,True,True,2,2,100.0,ret_COPX | ret_EPU,,prediccion_disponible
2024-10-10,jueves,Profuturo,True,True,2,2,100.0,ret_COPX | ret_EPU,,prediccion_disponible
2024-10-11,viernes,Profuturo,True,True,2,2,100.0,ret_COPX | ret_EPU,,prediccion_disponible
2024-10-14,lunes,Profuturo,False,True,2,0,0.0,,ret_COPX | ret_EPU,ningun_factor_seleccionado_disponible
2024-10-15,martes,Profuturo,True,True,2,2,100.0,ret_COPX | ret_EPU,,prediccion_disponible
2024-10-16,miercoles,Profuturo,True,True,2,2,100.0,ret_COPX | ret_EPU,,prediccion_disponible
2024-10-17,jueves,Profuturo,True,True,2,2,100.0,ret_COPX | ret_EPU,,prediccion_disponible
2024-10-18,viernes,Profuturo,True,True,2,2,100.0,ret_COPX | ret_EPU,,prediccion_disponible
2024-10-21,lunes,Profuturo,False,True,2,0,0.0,,ret_COPX | ret_EPU,ningun_factor_seleccionado_disponible
2024-10-22,martes,Profuturo,True,True,2,2,100.0,ret_COPX | ret_EPU,,prediccion_disponible
2024-10-23,miercoles,Profuturo,True,True,2,2,100.0,ret_COPX | ret_EPU,,prediccion_disponible
2024-10-24,jueves,Profuturo,True,True,2,2,100.0,ret_COPX | ret_EPU,,prediccion_disponible
2024-10-25,viernes,Profuturo,True,True,2,2,100.0,ret_COPX | ret_EPU,,prediccion_disponible
2024-10-28,lunes,Profuturo,False,True,2,0,0.0,,ret_COPX | ret_EPU,ningun_factor_seleccionado_disponible
2024-10-29,martes,Profuturo,True,True,2,2,100.0,ret_COPX | ret_EPU,,prediccion_disponible
2024-10-30,miercoles,Profuturo,True,True,2,2,100.0,ret_COPX | ret_EPU,,prediccion_disponible
2024-10-31,jueves,Profuturo,True,True,2,2,100.0,ret_COPX | ret_EPU,,prediccion_disponible
2024-11-01,viernes,Profuturo,True,True,2,2,100.0,ret_COPX | ret_EPU,,prediccion_disponible
2024-11-04,lunes,Profuturo,False,True,2,0,0.0,,ret_COPX | ret_EPU,ningun_factor_seleccionado_disponible
2024-11-05,martes,Profuturo,True,True,2,2,100.0,ret_COPX | ret_EPU,,prediccion_disponible
2024-11-06,miercoles,Profuturo,True,True,2,2,100.0,ret_COPX | ret_EPU,,prediccion_disponible
2024-11-07,jueves,Profuturo,True,True,2,2,100.0,ret_COPX | ret_EPU,,prediccion_disponible
2024-11-08,viernes,Profuturo,True,True,2,2,100.0,ret_COPX | ret_EPU,,prediccion_disponible
2024-11-11,lunes,Profuturo,False,True,2,0,0.0,,ret_COPX | ret_EPU,ningun_factor_seleccionado_disponible
2024-11-12,martes,Profuturo,True,True,2,2,100.0,ret_COPX | ret_EPU,,prediccion_disponible
2024-11-13,miercoles,Profuturo,True,True,2,2,100.0,ret_COPX | ret_EPU,,prediccion_disponible
2024-11-14,jueves,Profuturo,True,True,2,2,100.0,ret_COPX | ret_EPU,,prediccion_disponible
2024-11-15,viernes,Profuturo,True,True,2,2,100.0,ret_COPX | ret_EPU,,prediccion_disponible
2024-11-18,lunes,Profuturo,False,True,2,0,0.0,,ret_COPX | ret_EPU,ningun_factor_seleccionado_disponible
2024-11-19,martes,Profuturo,True,True,2,2,100.0,ret_COPX | ret_EPU,,prediccion_disponible
2024-11-20,miercoles,Profuturo,True,True,2,2,100.0,ret_COPX | ret_EPU,,prediccion_disponible
2024-11-21,jueves,Profuturo,True,True,2,2,100.0,ret_COPX | ret_EPU,,prediccion_disponible
2024-11-22,viernes,Profuturo,True,True,2,2,100.0,ret_COPX | ret_EPU,,prediccion_disponible
2024-11-25,lunes,Profuturo,False,True,2,0,0.0,,ret_COPX | ret_EPU,ningun_factor_seleccionado_disponible
2024-11-26,martes,Profuturo,True,True,2,2,100.0,ret_COPX | ret_EPU,,prediccion_disponible
2024-11-27,miercoles,Profuturo,True,True,2,2,100.0,ret_COPX | ret_EPU,,prediccion_disponible
2024-11-28,jueves,Profuturo,False,True,2,0,0.0,,ret_COPX | ret_EPU,ningun_factor_seleccionado_disponible
2024-11-29,viernes,Profuturo,False,True,2,0,0.0,,ret_COPX | ret_EPU,ningun_factor_seleccionado_disponible
2024-12-02,lunes,Profuturo,False,True,2,0,0.0,,ret_COPX | ret_EPU,ningun_factor_seleccionado_disponible
2024-12-03,martes,Profuturo,True,True,2,2,100.0,ret_COPX | ret_EPU,,prediccion_disponible
2024-12-04,miercoles,Profuturo,True,True,2,2,100.0,ret_COPX | ret_EPU,,prediccion_disponible
2024-12-05,jueves,Profuturo,True,True,2,2,100.0,ret_COPX | ret_EPU,,prediccion_disponible
2024-12-06,viernes,Profuturo,True,True,2,2,100.0,ret_COPX | ret_EPU,,prediccion_disponible
2024-12-09,lunes,Profuturo,False,True,2,0,0.0,,ret_COPX | ret_EPU,ningun_factor_seleccionado_disponible
2024-12-10,martes,Profuturo,True,True,2,2,100.0,ret_COPX | ret_EPU,,prediccion_disponible
2024-12-11,miercoles,Profuturo,True,True,2,2,100.0,ret_COPX | ret_EPU,,prediccion_disponible
2024-12-12,jueves,Profuturo,True,True,2,2,100.0,ret_COPX | ret_EPU,,prediccion_disponible
2024-12-13,viernes,Profuturo,True,True,2,2,100.0,ret_COPX | ret_EPU,,prediccion_disponible
2024-12-16,lunes,Profuturo,False,True,2,0,0.0,,ret_COPX | ret_EPU,ningun_factor_seleccionado_disponible
2024-12-17,martes,Profuturo,True,True,2,2,100.0,ret_COPX | ret_EPU,,prediccion_disponible
2024-12-18,miercoles,Profuturo,True,True,2,2,100.0,ret_COPX | ret_EPU,,prediccion_disponible
2024-12-19,jueves,Profuturo,True,True,2,2,100.0,ret_COPX | ret_EPU,,prediccion_disponible
2024-12-20,viernes,Profuturo,True,True,2,2,100.0,ret_COPX | ret_EPU,,prediccion_disponible
2024-12-23,lunes,Profuturo,False,True,2,0,0.0,,ret_COPX | ret_EPU,ningun_factor_seleccionado_disponible
2024-12-24,martes,Profuturo,True,True,2,2,100.0,ret_COPX | ret_EPU,,prediccion_disponible
2024-12-26,jueves,Profuturo,False,True,2,0,0.0,,ret_COPX | ret_EPU,ningun_factor_seleccionado_disponible
2024-12-27,viernes,Profuturo,True,True,2,2,100.0,ret_COPX | ret_EPU,,prediccion_disponible
2024-12-30,lunes,Profuturo,False,True,2,0,0.0,,ret_COPX | ret_EPU,ningun_factor_seleccionado_disponible
2024-12-31,martes,Profuturo,True,True,2,2,100.0,ret_COPX | ret_EPU,,prediccion_disponible
2025-01-02,jueves,Profuturo,True,True,2,2,100.0,ret_COPX | ret_EPU,,prediccion_disponible
2025-01-03,viernes,Profuturo,True,True,2,2,100.0,ret_COPX | ret_EPU,,prediccion_disponible
2025-01-06,lunes,Profuturo,False,True,2,0,0.0,,ret_COPX | ret_EPU,ningun_factor_seleccionado_disponible
2025-01-07,martes,Profuturo,True,True,2,2,100.0,ret_COPX | ret_EPU,,prediccion_disponible
2025-01-08,miercoles,Profuturo,True,True,2,2,100.0,ret_COPX | ret_EPU,,prediccion_disponible
2025-01-09,jueves,Profuturo,False,True,2,0,0.0,,ret_COPX | ret_EPU,ningun_factor_seleccionado_disponible
2025-01-10,viernes,Profuturo,False,True,2,0,0.0,,ret_COPX | ret_EPU,ningun_factor_seleccionado_disponible
2025-01-13,lunes,Profuturo,False,True,2,0,0.0,,ret_COPX | ret_EPU,ningun_factor_seleccionado_disponible
2025-01-14,martes,Profuturo,True,True,2,2,100.0,ret_COPX | ret_EPU,,prediccion_disponible
2025-01-15,miercoles,Profuturo,True,True,2,2,100.0,ret_COPX | ret_EPU,,prediccion_disponible
2025-01-16,jueves,Profuturo,True,True,2,2,100.0,ret_COPX | ret_EPU,,prediccion_disponible
2025-01-17,viernes,Profuturo,True,True,2,2,100.0,ret_COPX | ret_EPU,,prediccion_disponible
2025-01-20,lunes,Profuturo,False,True,2,0,0.0,,ret_COPX | ret_EPU,ningun_factor_seleccionado_disponible
2025-01-21,martes,Profuturo,False,True,2,0,0.0,,ret_COPX | ret_EPU,ningun_factor_seleccionado_disponible
2025-01-22,miercoles,Profuturo,True,True,2,2,100.0,ret_COPX | ret_EPU,,prediccion_disponible
2025-01-23,jueves,Profuturo,True,True,2,2,100.0,ret_COPX | ret_EPU,,prediccion_disponible
2025-01-24,viernes,Profuturo,True,True,2,2,100.0,ret_COPX | ret_EPU,,prediccion_disponible
2025-01-27,lunes,Profuturo,False,True,2,0,0.0,,ret_COPX | ret_EPU,ningun_factor_seleccionado_disponible
2025-01-28,martes,Profuturo,True,True,2,2,100.0,ret_COPX | ret_EPU,,prediccion_disponible
2025-01-29,miercoles,Profuturo,True,True,2,2,100.0,ret_COPX | ret_EPU,,prediccion_disponible
2025-01-30,jueves,Profuturo,True,True,2,2,100.0,ret_COPX | ret_EPU,,prediccion_disponible
2025-01-31,viernes,Profuturo,True,True,2,2,100.0,ret_COPX | ret_EPU,,prediccion_disponible
2025-02-03,lunes,Profuturo,False,True,2,0,0.0,,ret_COPX | ret_EPU,ningun_factor_seleccionado_disponible
2025-02-04,martes,Profuturo,True,True,2,2,100.0,ret_COPX | ret_EPU,,prediccion_disponible
2025-02-05,miercoles,Profuturo,True,True,2,2,100.0,ret_COPX | ret_EPU,,prediccion_disponible
2025-02-06,jueves,Profuturo,True,True,2,2,100.0,ret_COPX | ret_EPU,,prediccion_disponible
2025-02-07,viernes,Profuturo,True,True,2,2,100.0,ret_COPX | ret_EPU,,prediccion_disponible
2025-02-10,lunes,Profuturo,False,True,2,0,0.0,,ret_COPX | ret_EPU,ningun_factor_seleccionado_disponible
2025-02-11,martes,Profuturo,True,True,2,2,100.0,ret_COPX | ret_EPU,,prediccion_disponible
2025-02-12,miercoles,Profuturo,True,True,2,2,100.0,ret_COPX | ret_EPU,,prediccion_disponible
2025-02-13,jueves,Profuturo,True,True,2,2,100.0,ret_COPX | ret_EPU,,prediccion_disponible
2025-02-14,viernes,Profuturo,True,True,2,2,100.0,ret_COPX | ret_EPU,,prediccion_disponible
2025-02-17,lunes,Profuturo,False,True,2,0,0.0,,ret_COPX | ret_EPU,ningun_factor_seleccionado_disponible
2025-02-18,martes,Profuturo,False,True,2,0,0.0,,ret_COPX | ret_EPU,ningun_factor_seleccionado_disponible
2025-02-19,miercoles,Profuturo,True,True,2,2,100.0,ret_COPX | ret_EPU,,prediccion_disponible
2025-02-20,jueves,Profuturo,True,True,2,2,100.0,ret_COPX | ret_EPU,,prediccion_disponible
2025-02-21,viernes,Profuturo,True,True,2,2,100.0,ret_COPX | ret_EPU,,prediccion_disponible
2025-02-24,lunes,Profuturo,False,True,2,0,0.0,,ret_COPX | ret_EPU,ningun_factor_seleccionado_disponible
2025-02-25,martes,Profuturo,True,True,2,2,100.0,ret_COPX | ret_EPU,,prediccion_disponible
2025-02-26,miercoles,Profuturo,True,True,2,2,100.0,ret_COPX | ret_EPU,,prediccion_disponible
2025-02-27,jueves,Profuturo,True,True,2,2,100.0,ret_COPX | ret_EPU,,prediccion_disponible
2025-02-28,viernes,Profuturo,True,True,2,2,100.0,ret_COPX | ret_EPU,,prediccion_disponible
2025-03-03,lunes,Profuturo,False,True,2,0,0.0,,ret_COPX | ret_EPU,ningun_factor_seleccionado_disponible
2025-03-04,martes,Profuturo,True,True,2,2,100.0,ret_COPX | ret_EPU,,prediccion_disponible
2025-03-05,miercoles,Profuturo,True,True,2,2,100.0,ret_COPX | ret_EPU,,prediccion_disponible
2025-03-06,jueves,Profuturo,True,True,2,2,100.0,ret_COPX | ret_EPU,,prediccion_disponible
2025-03-07,viernes,Profuturo,True,True,2,2,100.0,ret_COPX | ret_EPU,,prediccion_disponible
2025-03-10,lunes,Profuturo,False,True,2,0,0.0,,ret_COPX | ret_EPU,ningun_factor_seleccionado_disponible
2025-03-11,martes,Profuturo,True,True,2,2,100.0,ret_COPX | ret_EPU,,prediccion_disponible
2025-03-12,miercoles,Profuturo,True,True,2,2,100.0,ret_COPX | ret_EPU,,prediccion_disponible
2025-03-13,jueves,Profuturo,True,True,2,2,100.0,ret_COPX | ret_EPU,,prediccion_disponible
2025-03-14,viernes,Profuturo,True,True,2,2,100.0,ret_COPX | ret_EPU,,prediccion_disponible
2025-03-17,lunes,Profuturo,False,True,2,0,0.0,,ret_COPX | ret_EPU,ningun_factor_seleccionado_disponible
2025-03-18,martes,Profuturo,True,True,2,2,100.0,ret_COPX | ret_EPU,,prediccion_disponible
2025-03-19,miercoles,Profuturo,True,True,2,2,100.0,ret_COPX | ret_EPU,,prediccion_disponible
2025-03-20,jueves,Profuturo,True,True,2,2,100.0,ret_COPX | ret_EPU,,prediccion_disponible
2025-03-21,viernes,Profuturo,True,True,2,2,100.0,ret_COPX | ret_EPU,,prediccion_disponible
2025-03-24,lunes,Profuturo,False,True,2,0,0.0,,ret_COPX | ret_EPU,ningun_factor_seleccionado_disponible
2025-03-25,martes,Profuturo,True,True,2,2,100.0,ret_COPX | ret_EPU,,prediccion_disponible
2025-03-26,miercoles,Profuturo,True,True,2,2,100.0,ret_COPX | ret_EPU,,prediccion_disponible
2025-03-27,jueves,Profuturo,True,True,2,2,100.0,ret_COPX | ret_EPU,,prediccion_disponible
2025-03-28,viernes,Profuturo,True,True,2,2,100.0,ret_COPX | ret_EPU,,prediccion_disponible
2025-03-31,lunes,Profuturo,False,True,2,0,0.0,,ret_COPX | ret_EPU,ningun_factor_seleccionado_disponible
2025-04-01,martes,Profuturo,True,True,2,2,100.0,ret_COPX | ret_EPU,,prediccion_disponible
2025-04-02,miercoles,Profuturo,True,True,2,2,100.0,ret_COPX | ret_EPU,,prediccion_disponible
2025-04-03,jueves,Profuturo,True,True,2,2,100.0,ret_COPX | ret_EPU,,prediccion_disponible
2025-04-04,viernes,Profuturo,True,True,2,2,100.0,ret_COPX | ret_EPU,,prediccion_disponible
2025-04-07,lunes,Profuturo,False,True,2,0,0.0,,ret_COPX | ret_EPU,ningun_factor_seleccionado_disponible
2025-04-08,martes,Profuturo,True,True,2,2,100.0,ret_COPX | ret_EPU,,prediccion_disponible
2025-04-09,miercoles,Profuturo,True,True,2,2,100.0,ret_COPX | ret_EPU,,prediccion_disponible
2025-04-10,jueves,Profuturo,True,True,2,2,100.0,ret_COPX | ret_EPU,,prediccion_disponible
2025-04-11,viernes,Profuturo,True,True,2,2,100.0,ret_COPX | ret_EPU,,prediccion_disponible
2025-04-14,lunes,Profuturo,False,True,2,0,0.0,,ret_COPX | ret_EPU,ningun_factor_seleccionado_disponible
2025-04-15,martes,Profuturo,True,True,2,2,100.0,ret_COPX | ret_EPU,,prediccion_disponible
2025-04-16,miercoles,Profuturo,True,True,2,2,100.0,ret_COPX | ret_EPU,,prediccion_disponible
2025-04-17,jueves,Profuturo,True,True,2,2,100.0,ret_COPX | ret_EPU,,prediccion_disponible
2025-04-18,viernes,Profuturo,False,True,2,0,0.0,,ret_COPX | ret_EPU,ningun_factor_seleccionado_disponible
2025-04-21,lunes,Profuturo,False,True,2,0,0.0,,ret_COPX | ret_EPU,ningun_factor_seleccionado_disponible
2025-04-22,martes,Profuturo,True,True,2,2,100.0,ret_COPX | ret_EPU,,prediccion_disponible
2025-04-23,miercoles,Profuturo,True,True,2,2,100.0,ret_COPX | ret_EPU,,prediccion_disponible
2025-04-24,jueves,Profuturo,True,True,2,2,100.0,ret_COPX | ret_EPU,,prediccion_disponible
2025-04-25,viernes,Profuturo,True,True,2,2,100.0,ret_COPX | ret_EPU,,prediccion_disponible
2025-04-28,lunes,Profuturo,False,True,2,0,0.0,,ret_COPX | ret_EPU,ningun_factor_seleccionado_disponible
2025-04-29,martes,Profuturo,True,True,2,2,100.0,ret_COPX | ret_EPU,,prediccion_disponible
2025-04-30,miercoles,Profuturo,True,True,2,2,100.0,ret_COPX | ret_EPU,,prediccion_disponible
2025-05-01,jueves,Profuturo,True,True,2,2,100.0,ret_COPX | ret_EPU,,prediccion_disponible
2025-05-02,viernes,Profuturo,True,True,2,2,100.0,ret_COPX | ret_EPU,,prediccion_disponible
2025-05-05,lunes,Profuturo,False,True,2,0,0.0,,ret_COPX | ret_EPU,ningun_factor_seleccionado_disponible
2025-05-06,martes,Profuturo,True,True,2,2,100.0,ret_COPX | ret_EPU,,prediccion_disponible
2025-05-07,miercoles,Profuturo,True,True,2,2,100.0,ret_COPX | ret_EPU,,prediccion_disponible
2025-05-08,jueves,Profuturo,True,True,2,2,100.0,ret_COPX | ret_EPU,,prediccion_disponible
2025-05-09,viernes,Profuturo,True,True,2,2,100.0,ret_COPX | ret_EPU,,prediccion_disponible
2025-05-12,lunes,Profuturo,False,True,2,0,0.0,,ret_COPX | ret_EPU,ningun_factor_seleccionado_disponible
2025-05-13,martes,Profuturo,True,True,2,2,100.0,ret_COPX | ret_EPU,,prediccion_disponible
2025-05-14,miercoles,Profuturo,True,True,2,2,100.0,ret_COPX | ret_EPU,,prediccion_disponible
2025-05-15,jueves,Profuturo,True,True,2,2,100.0,ret_COPX | ret_EPU,,prediccion_disponible
2025-05-16,viernes,Profuturo,True,True,2,2,100.0,ret_COPX | ret_EPU,,prediccion_disponible
2025-05-19,lunes,Profuturo,False,True,2,0,0.0,,ret_COPX | ret_EPU,ningun_factor_seleccionado_disponible
2025-05-20,martes,Profuturo,True,True,2,2,100.0,ret_COPX | ret_EPU,,prediccion_disponible
2025-05-21,miercoles,Profuturo,True,True,2,2,100.0,ret_COPX | ret_EPU,,prediccion_disponible
2025-05-22,jueves,Profuturo,True,True,2,2,100.0,ret_COPX | ret_EPU,,prediccion_disponible
2025-05-23,viernes,Profuturo,True,True,2,2,100.0,ret_COPX | ret_EPU,,prediccion_disponible
2025-05-26,lunes,Profuturo,False,True,2,0,0.0,,ret_COPX | ret_EPU,ningun_factor_seleccionado_disponible
2025-05-27,martes,Profuturo,False,True,2,0,0.0,,ret_COPX | ret_EPU,ningun_factor_seleccionado_disponible
2025-05-28,miercoles,Profuturo,True,True,2,2,100.0,ret_COPX | ret_EPU,,prediccion_disponible
2025-05-29,jueves,Profuturo,True,True,2,2,100.0,ret_COPX | ret_EPU,,prediccion_disponible
2025-05-30,viernes,Profuturo,True,True,2,2,100.0,ret_COPX | ret_EPU,,prediccion_disponible
2025-06-02,lunes,Profuturo,False,True,2,0,0.0,,ret_COPX | ret_EPU,ningun_factor_seleccionado_disponible
2025-06-03,martes,Profuturo,True,True,2,2,100.0,ret_COPX | ret_EPU,,prediccion_disponible
2025-06-04,miercoles,Profuturo,True,True,2,2,100.0,ret_COPX | ret_EPU,,prediccion_disponible
2025-06-05,jueves,Profuturo,True,True,2,2,100.0,ret_COPX | ret_EPU,,prediccion_disponible
2025-06-06,viernes,Profuturo,True,True,2,2,100.0,ret_COPX | ret_EPU,,prediccion_disponible
2025-06-09,lunes,Profuturo,False,True,2,0,0.0,,ret_COPX | ret_EPU,ningun_factor_seleccionado_disponible
2025-06-10,martes,Profuturo,True,True,2,2,100.0,ret_COPX | ret_EPU,,prediccion_disponible
2025-06-11,miercoles,Profuturo,True,True,2,2,100.0,ret_COPX | ret_EPU,,prediccion_disponible
2025-06-12,jueves,Profuturo,True,True,2,2,100.0,ret_COPX | ret_EPU,,prediccion_disponible
2025-06-13,viernes,Profuturo,True,True,2,2,100.0,ret_COPX | ret_EPU,,prediccion_disponible
2025-06-16,lunes,Profuturo,False,True,2,0,0.0,,ret_COPX | ret_EPU,ningun_factor_seleccionado_disponible
2025-06-17,martes,Profuturo,True,True,2,2,100.0,ret_COPX | ret_EPU,,prediccion_disponible
2025-06-18,miercoles,Profuturo,True,True,2,2,100.0,ret_COPX | ret_EPU,,prediccion_disponible
2025-06-19,jueves,Profuturo,False,True,2,0,0.0,,ret_COPX | ret_EPU,ningun_factor_seleccionado_disponible
2025-06-20,viernes,Profuturo,False,True,2,0,0.0,,ret_COPX | ret_EPU,ningun_factor_seleccionado_disponible
2025-06-23,lunes,Profuturo,False,True,2,0,0.0,,ret_COPX | ret_EPU,ningun_factor_seleccionado_disponible
2025-06-24,martes,Profuturo,True,True,2,2,100.0,ret_COPX | ret_EPU,,prediccion_disponible
2025-06-25,miercoles,Profuturo,True,True,2,2,100.0,ret_COPX | ret_EPU,,prediccion_disponible
2025-06-26,jueves,Profuturo,True,True,2,2,100.0,ret_COPX | ret_EPU,,prediccion_disponible
2025-06-27,viernes,Profuturo,True,True,2,2,100.0,ret_COPX | ret_EPU,,prediccion_disponible
2025-06-30,lunes,Profuturo,False,True,2,0,0.0,,ret_COPX | ret_EPU,ningun_factor_seleccionado_disponible
2025-07-01,martes,Profuturo,True,True,2,2,100.0,ret_COPX | ret_EPU,,prediccion_disponible
2025-07-02,miercoles,Profuturo,True,True,2,2,100.0,ret_COPX | ret_EPU,,prediccion_disponible
2025-07-03,jueves,Profuturo,True,True,2,2,100.0,ret_COPX | ret_EPU,,prediccion_disponible
2025-07-04,viernes,Profuturo,False,True,2,0,0.0,,ret_COPX | ret_EPU,ningun_factor_seleccionado_disponible
2025-07-07,lunes,Profuturo,False,True,2,0,0.0,,ret_COPX | ret_EPU,ningun_factor_seleccionado_disponible
2025-07-08,martes,Profuturo,True,True,2,2,100.0,ret_COPX | ret_EPU,,prediccion_disponible
2025-07-09,miercoles,Profuturo,True,True,2,2,100.0,ret_COPX | ret_EPU,,prediccion_disponible
2025-07-10,jueves,Profuturo,True,True,2,2,100.0,ret_COPX | ret_EPU,,prediccion_disponible
2025-07-11,viernes,Profuturo,True,True,2,2,100.0,ret_COPX | ret_EPU,,prediccion_disponible
2025-07-14,lunes,Profuturo,False,True,2,0,0.0,,ret_COPX | ret_EPU,ningun_factor_seleccionado_disponible
2025-07-15,martes,Profuturo,True,True,2,2,100.0,ret_COPX | ret_EPU,,prediccion_disponible
2025-07-16,miercoles,Profuturo,True,True,2,2,100.0,ret_COPX | ret_EPU,,prediccion_disponible
2025-07-17,jueves,Profuturo,True,True,2,2,100.0,ret_COPX | ret_EPU,,prediccion_disponible
2025-07-18,viernes,Profuturo,True,True,2,2,100.0,ret_COPX | ret_EPU,,prediccion_disponible
2025-07-21,lunes,Profuturo,False,True,2,0,0.0,,ret_COPX | ret_EPU,ningun_factor_seleccionado_disponible
2025-07-22,martes,Profuturo,True,True,2,2,100.0,ret_COPX | ret_EPU,,prediccion_disponible
2025-07-23,miercoles,Profuturo,True,True,2,2,100.0,ret_COPX | ret_EPU,,prediccion_disponible
2025-07-24,jueves,Profuturo,True,True,2,2,100.0,ret_COPX | ret_EPU,,prediccion_disponible
2025-07-25,viernes,Profuturo,True,True,2,2,100.0,ret_COPX | ret_EPU,,prediccion_disponible
2025-07-28,lunes,Profuturo,False,True,2,0,0.0,,ret_COPX | ret_EPU,ningun_factor_seleccionado_disponible
2025-07-29,martes,Profuturo,True,True,2,2,100.0,ret_COPX | ret_EPU,,prediccion_disponible
2025-07-30,miercoles,Profuturo,True,True,2,2,100.0,ret_COPX | ret_EPU,,prediccion_disponible
2025-07-31,jueves,Profuturo,True,True,2,2,100.0,ret_COPX | ret_EPU,,prediccion_disponible
2025-08-01,viernes,Profuturo,True,True,2,2,100.0,ret_COPX | ret_EPU,,prediccion_disponible
2025-08-04,lunes,Profuturo,False,True,2,0,0.0,,ret_COPX | ret_EPU,ningun_factor_seleccionado_disponible
2025-08-05,martes,Profuturo,True,True,2,2,100.0,ret_COPX | ret_EPU,,prediccion_disponible
2025-08-06,miercoles,Profuturo,True,True,2,2,100.0,ret_COPX | ret_EPU,,prediccion_disponible
2025-08-07,jueves,Profuturo,True,True,2,2,100.0,ret_COPX | ret_EPU,,prediccion_disponible
2025-08-08,viernes,Profuturo,True,True,2,2,100.0,ret_COPX | ret_EPU,,prediccion_disponible
2025-08-11,lunes,Profuturo,False,True,2,0,0.0,,ret_COPX | ret_EPU,ningun_factor_seleccionado_disponible
2025-08-12,martes,Profuturo,True,True,2,2,100.0,ret_COPX | ret_EPU,,prediccion_disponible
2025-08-13,miercoles,Profuturo,True,True,2,2,100.0,ret_COPX | ret_EPU,,prediccion_disponible
2025-08-14,jueves,Profuturo,True,True,2,2,100.0,ret_COPX | ret_EPU,,prediccion_disponible
2025-08-15,viernes,Profuturo,True,True,2,2,100.0,ret_COPX | ret_EPU,,prediccion_disponible
2025-08-18,lunes,Profuturo,False,True,2,0,0.0,,ret_COPX | ret_EPU,ningun_factor_seleccionado_disponible
2025-08-19,martes,Profuturo,True,True,2,2,100.0,ret_COPX | ret_EPU,,prediccion_disponible
2025-08-20,miercoles,Profuturo,True,True,2,2,100.0,ret_COPX | ret_EPU,,prediccion_disponible
2025-08-21,jueves,Profuturo,True,True,2,2,100.0,ret_COPX | ret_EPU,,prediccion_disponible
2025-08-22,viernes,Profuturo,True,True,2,2,100.0,ret_COPX | ret_EPU,,prediccion_disponible
2025-08-25,lunes,Profuturo,False,True,2,0,0.0,,ret_COPX | ret_EPU,ningun_factor_seleccionado_disponible
2025-08-26,martes,Profuturo,True,True,2,2,100.0,ret_COPX | ret_EPU,,prediccion_disponible
2025-08-27,miercoles,Profuturo,True,True,2,2,100.0,ret_COPX | ret_EPU,,prediccion_disponible
2025-08-28,jueves,Profuturo,True,True,2,2,100.0,ret_COPX | ret_EPU,,prediccion_disponible
2025-08-29,viernes,Profuturo,True,True,2,2,100.0,ret_COPX | ret_EPU,,prediccion_disponible
2025-09-01,lunes,Profuturo,False,True,2,0,0.0,,ret_COPX | ret_EPU,ningun_factor_seleccionado_disponible
2025-09-02,martes,Profuturo,False,True,2,0,0.0,,ret_COPX | ret_EPU,ningun_factor_seleccionado_disponible
2025-09-03,miercoles,Profuturo,True,True,2,2,100.0,ret_COPX | ret_EPU,,prediccion_disponible
2025-09-04,jueves,Profuturo,True,True,2,2,100.0,ret_COPX | ret_EPU,,prediccion_disponible
2025-09-05,viernes,Profuturo,True,True,2,2,100.0,ret_COPX | ret_EPU,,prediccion_disponible
2025-09-08,lunes,Profuturo,False,True,2,0,0.0,,ret_COPX | ret_EPU,ningun_factor_seleccionado_disponible
2025-09-09,martes,Profuturo,True,True,2,2,100.0,ret_COPX | ret_EPU,,prediccion_disponible
2025-09-10,miercoles,Profuturo,True,True,2,2,100.0,ret_COPX | ret_EPU,,prediccion_disponible
2025-09-11,jueves,Profuturo,True,True,2,2,100.0,ret_COPX | ret_EPU,,prediccion_disponible
2025-09-12,viernes,Profuturo,True,True,2,2,100.0,ret_COPX | ret_EPU,,prediccion_disponible
2025-09-15,lunes,Profuturo,False,True,2,0,0.0,,ret_COPX | ret_EPU,ningun_factor_seleccionado_disponible
2025-09-16,martes,Profuturo,True,True,2,2,100.0,ret_COPX | ret_EPU,,prediccion_disponible
2025-09-17,miercoles,Profuturo,True,True,2,2,100.0,ret_COPX | ret_EPU,,prediccion_disponible
2025-09-18,jueves,Profuturo,True,True,2,2,100.0,ret_COPX | ret_EPU,,prediccion_disponible
2025-09-19,viernes,Profuturo,True,True,2,2,100.0,ret_COPX | ret_EPU,,prediccion_disponible
2025-09-22,lunes,Profuturo,False,True,2,0,0.0,,ret_COPX | ret_EPU,ningun_factor_seleccionado_disponible
2025-09-23,martes,Profuturo,True,True,2,2,100.0,ret_COPX | ret_EPU,,prediccion_disponible
2025-09-24,miercoles,Profuturo,True,True,2,2,100.0,ret_COPX | ret_EPU,,prediccion_disponible
2025-09-25,jueves,Profuturo,True,True,2,2,100.0,ret_COPX | ret_EPU,,prediccion_disponible
2025-09-26,viernes,Profuturo,True,True,2,2,100.0,ret_COPX | ret_EPU,,prediccion_disponible
2025-09-29,lunes,Profuturo,False,True,2,0,0.0,,ret_COPX | ret_EPU,ningun_factor_seleccionado_disponible
2025-09-30,martes,Profuturo,True,True,2,2,100.0,ret_COPX | ret_EPU,,prediccion_disponible
2025-10-01,miercoles,Profuturo,True,True,2,2,100.0,ret_COPX | ret_EPU,,prediccion_disponible
2025-10-02,jueves,Profuturo,True,True,2,2,100.0,ret_COPX | ret_EPU,,prediccion_disponible
2025-10-03,viernes,Profuturo,True,True,2,2,100.0,ret_COPX | ret_EPU,,prediccion_disponible
2025-10-06,lunes,Profuturo,False,True,2,0,0.0,,ret_COPX | ret_EPU,ningun_factor_seleccionado_disponible
2025-10-07,martes,Profuturo,True,True,2,2,100.0,ret_COPX | ret_EPU,,prediccion_disponible
2025-10-08,miercoles,Profuturo,True,True,2,2,100.0,ret_COPX | ret_EPU,,prediccion_disponible
2025-10-09,jueves,Profuturo,True,True,2,2,100.0,ret_COPX | ret_EPU,,prediccion_disponible
2025-10-10,viernes,Profuturo,True,True,2,2,100.0,ret_COPX | ret_EPU,,prediccion_disponible
2025-10-13,lunes,Profuturo,False,True,2,0,0.0,,ret_COPX | ret_EPU,ningun_factor_seleccionado_disponible
2025-10-14,martes,Profuturo,True,True,2,2,100.0,ret_COPX | ret_EPU,,prediccion_disponible
2025-10-15,miercoles,Profuturo,True,True,2,2,100.0,ret_COPX | ret_EPU,,prediccion_disponible
2025-10-16,jueves,Profuturo,True,True,2,2,100.0,ret_COPX | ret_EPU,,prediccion_disponible
2025-10-17,viernes,Profuturo,True,True,2,2,100.0,ret_COPX | ret_EPU,,prediccion_disponible
2025-10-20,lunes,Profuturo,False,True,2,0,0.0,,ret_COPX | ret_EPU,ningun_factor_seleccionado_disponible
2025-10-21,martes,Profuturo,True,True,2,2,100.0,ret_COPX | ret_EPU,,prediccion_disponible
2025-10-22,miercoles,Profuturo,True,True,2,2,100.0,ret_COPX | ret_EPU,,prediccion_disponible
2025-10-23,jueves,Profuturo,True,True,2,2,100.0,ret_COPX | ret_EPU,,prediccion_disponible
2025-10-24,viernes,Profuturo,True,True,2,2,100.0,ret_COPX | ret_EPU,,prediccion_disponible
2025-10-27,lunes,Profuturo,False,True,2,0,0.0,,ret_COPX | ret_EPU,ningun_factor_seleccionado_disponible
2025-10-28,martes,Profuturo,True,True,2,2,100.0,ret_COPX | ret_EPU,,prediccion_disponible
2025-10-29,miercoles,Profuturo,True,True,2,2,100.0,ret_COPX | ret_EPU,,prediccion_disponible
2025-10-30,jueves,Profuturo,True,True,2,2,100.0,ret_COPX | ret_EPU,,prediccion_disponible
2025-10-31,viernes,Profuturo,True,True,2,2,100.0,ret_COPX | ret_EPU,,prediccion_disponible
2025-11-03,lunes,Profuturo,False,True,2,0,0.0,,ret_COPX | ret_EPU,ningun_factor_seleccionado_disponible
2025-11-04,martes,Profuturo,True,True,2,2,100.0,ret_COPX | ret_EPU,,prediccion_disponible
2025-11-05,miercoles,Profuturo,True,True,2,2,100.0,ret_COPX | ret_EPU,,prediccion_disponible
2025-11-06,jueves,Profuturo,True,True,2,2,100.0,ret_COPX | ret_EPU,,prediccion_disponible
2025-11-07,viernes,Profuturo,True,True,2,2,100.0,ret_COPX | ret_EPU,,prediccion_disponible
2025-11-10,lunes,Profuturo,False,True,2,0,0.0,,ret_COPX | ret_EPU,ningun_factor_seleccionado_disponible
2025-11-11,martes,Profuturo,True,True,2,2,100.0,ret_COPX | ret_EPU,,prediccion_disponible
2025-11-12,miercoles,Profuturo,True,True,2,2,100.0,ret_COPX | ret_EPU,,prediccion_disponible
2025-11-13,jueves,Profuturo,True,True,2,2,100.0,ret_COPX | ret_EPU,,prediccion_disponible
2025-11-14,viernes,Profuturo,True,True,2,2,100.0,ret_COPX | ret_EPU,,prediccion_disponible
2025-11-17,lunes,Profuturo,False,True,2,0,0.0,,ret_COPX | ret_EPU,ningun_factor_seleccionado_disponible
2025-11-18,martes,Profuturo,True,True,2,2,100.0,ret_COPX | ret_EPU,,prediccion_disponible
2025-11-19,miercoles,Profuturo,True,True,2,2,100.0,ret_COPX | ret_EPU,,prediccion_disponible
2025-11-20,jueves,Profuturo,True,True,2,2,100.0,ret_COPX | ret_EPU,,prediccion_disponible
2025-11-21,viernes,Profuturo,True,True,2,2,100.0,ret_COPX | ret_EPU,,prediccion_disponible
2025-11-24,lunes,Profuturo,False,True,2,0,0.0,,ret_COPX | ret_EPU,ningun_factor_seleccionado_disponible
2025-11-25,martes,Profuturo,True,True,2,2,100.0,ret_COPX | ret_EPU,,prediccion_disponible
2025-11-26,miercoles,Profuturo,True,True,2,2,100.0,ret_COPX | ret_EPU,,prediccion_disponible
2025-11-27,jueves,Profuturo,False,True,2,0,0.0,,ret_COPX | ret_EPU,ningun_factor_seleccionado_disponible
2025-11-28,viernes,Profuturo,False,True,2,0,0.0,,ret_COPX | ret_EPU,ningun_factor_seleccionado_disponible
2025-12-01,lunes,Profuturo,False,True,2,0,0.0,,ret_COPX | ret_EPU,ningun_factor_seleccionado_disponible
2025-12-02,martes,Profuturo,True,True,2,2,100.0,ret_COPX | ret_EPU,,prediccion_disponible
2025-12-03,miercoles,Profuturo,True,True,2,2,100.0,ret_COPX | ret_EPU,,prediccion_disponible
2025-12-04,jueves,Profuturo,True,True,2,2,100.0,ret_COPX | ret_EPU,,prediccion_disponible
2025-12-05,viernes,Profuturo,True,True,2,2,100.0,ret_COPX | ret_EPU,,prediccion_disponible
2025-12-08,lunes,Profuturo,False,True,2,0,0.0,,ret_COPX | ret_EPU,ningun_factor_seleccionado_disponible
2025-12-09,martes,Profuturo,True,True,2,2,100.0,ret_COPX | ret_EPU,,prediccion_disponible
2025-12-10,miercoles,Profuturo,True,True,2,2,100.0,ret_COPX | ret_EPU,,prediccion_disponible
2025-12-11,jueves,Profuturo,True,True,2,2,100.0,ret_COPX | ret_EPU,,prediccion_disponible
2025-12-12,viernes,Profuturo,True,True,2,2,100.0,ret_COPX | ret_EPU,,prediccion_disponible
2025-12-15,lunes,Profuturo,False,True,2,0,0.0,,ret_COPX | ret_EPU,ningun_factor_seleccionado_disponible
2025-12-16,martes,Profuturo,True,True,2,2,100.0,ret_COPX | ret_EPU,,prediccion_disponible
2025-12-17,miercoles,Profuturo,True,True,2,2,100.0,ret_COPX | ret_EPU,,prediccion_disponible
2025-12-18,jueves,Profuturo,True,True,2,2,100.0,ret_COPX | ret_EPU,,prediccion_disponible
2025-12-19,viernes,Profuturo,True,True,2,2,100.0,ret_COPX | ret_EPU,,prediccion_disponible
2025-12-22,lunes,Profuturo,False,True,2,0,0.0,,ret_COPX | ret_EPU,ningun_factor_seleccionado_disponible
2025-12-23,martes,Profuturo,True,True,2,2,100.0,ret_COPX | ret_EPU,,prediccion_disponible
2025-12-24,miercoles,Profuturo,True,True,2,2,100.0,ret_COPX | ret_EPU,,prediccion_disponible
2025-12-26,viernes,Profuturo,False,True,2,0,0.0,,ret_COPX | ret_EPU,ningun_factor_seleccionado_disponible
2025-12-29,lunes,Profuturo,False,True,2,0,0.0,,ret_COPX | ret_EPU,ningun_factor_seleccionado_disponible
2025-12-30,martes,Profuturo,True,True,2,2,100.0,ret_COPX | ret_EPU,,prediccion_disponible
2025-12-31,miercoles,Profuturo,True,True,2,2,100.0,ret_COPX | ret_EPU,,prediccion_disponible
2026-01-02,viernes,Profuturo,False,True,2,0,0.0,,ret_COPX | ret_EPU,ningun_factor_seleccionado_disponible
2026-01-05,lunes,Profuturo,False,True,2,0,0.0,,ret_COPX | ret_EPU,ningun_factor_seleccionado_disponible
2026-01-06,martes,Profuturo,True,True,2,2,100.0,ret_COPX | ret_EPU,,prediccion_disponible
2026-01-07,miercoles,Profuturo,True,True,2,2,100.0,ret_COPX | ret_EPU,,prediccion_disponible
2026-01-08,jueves,Profuturo,True,True,2,2,100.0,ret_COPX | ret_EPU,,prediccion_disponible
2026-01-09,viernes,Profuturo,True,True,2,2,100.0,ret_COPX | ret_EPU,,prediccion_disponible
2026-01-12,lunes,Profuturo,False,True,2,0,0.0,,ret_COPX | ret_EPU,ningun_factor_seleccionado_disponible
2026-01-13,martes,Profuturo,True,True,2,2,100.0,ret_COPX | ret_EPU,,prediccion_disponible
2026-01-14,miercoles,Profuturo,True,True,2,2,100.0,ret_COPX | ret_EPU,,prediccion_disponible
2026-01-15,jueves,Profuturo,True,True,2,2,100.0,ret_COPX | ret_EPU,,prediccion_disponible
2026-01-16,viernes,Profuturo,True,True,2,2,100.0,ret_COPX | ret_EPU,,prediccion_disponible
2026-01-19,lunes,Profuturo,False,True,2,0,0.0,,ret_COPX | ret_EPU,ningun_factor_seleccionado_disponible
2026-01-20,martes,Profuturo,False,True,2,0,0.0,,ret_COPX | ret_EPU,ningun_factor_seleccionado_disponible
2026-01-21,miercoles,Profuturo,True,True,2,2,100.0,ret_COPX | ret_EPU,,prediccion_disponible
2026-01-22,jueves,Profuturo,True,True,2,2,100.0,ret_COPX | ret_EPU,,prediccion_disponible
2026-01-23,viernes,Profuturo,True,True,2,2,100.0,ret_COPX | ret_EPU,,prediccion_disponible
2026-01-26,lunes,Profuturo,False,True,2,0,0.0,,ret_COPX | ret_EPU,ningun_factor_seleccionado_disponible
2026-01-27,martes,Profuturo,True,True,2,2,100.0,ret_COPX | ret_EPU,,prediccion_disponible
2026-01-28,miercoles,Profuturo,True,True,2,2,100.0,ret_COPX | ret_EPU,,prediccion_disponible
2026-01-29,jueves,Profuturo,True,True,2,2,100.0,ret_COPX | ret_EPU,,prediccion_disponible
2026-01-30,viernes,Profuturo,True,True,2,2,100.0,ret_COPX | ret_EPU,,prediccion_disponible
2026-02-02,lunes,Profuturo,True,True,2,2,100.0,ret_COPX | ret_EPU,,prediccion_disponible
2026-02-03,martes,Profuturo,True,True,2,2,100.0,ret_COPX | ret_EPU,,prediccion_disponible
2026-02-04,miercoles,Profuturo,True,True,2,2,100.0,ret_COPX | ret_EPU,,prediccion_disponible
2026-02-05,jueves,Profuturo,True,True,2,2,100.0,ret_COPX | ret_EPU,,prediccion_disponible
2026-02-06,viernes,Profuturo,True,True,2,2,100.0,ret_COPX | ret_EPU,,prediccion_disponible
2026-02-09,lunes,Profuturo,False,True,2,0,0.0,,ret_COPX | ret_EPU,ningun_factor_seleccionado_disponible
2026-02-10,martes,Profuturo,True,True,2,2,100.0,ret_COPX | ret_EPU,,prediccion_disponible
2026-02-11,miercoles,Profuturo,True,True,2,2,100.0,ret_COPX | ret_EPU,,prediccion_disponible
2026-02-12,jueves,Profuturo,True,True,2,2,100.0,ret_COPX | ret_EPU,,prediccion_disponible
2026-02-13,viernes,Profuturo,True,True,2,2,100.0,ret_COPX | ret_EPU,,prediccion_disponible
2026-02-16,lunes,Profuturo,False,True,2,0,0.0,,ret_COPX | ret_EPU,ningun_factor_seleccionado_disponible
2026-02-17,martes,Profuturo,False,True,2,0,0.0,,ret_COPX | ret_EPU,ningun_factor_seleccionado_disponible
2026-02-18,miercoles,Profuturo,True,True,2,2,100.0,ret_COPX | ret_EPU,,prediccion_disponible
2026-02-19,jueves,Profuturo,True,True,2,2,100.0,ret_COPX | ret_EPU,,prediccion_disponible
2026-02-20,viernes,Profuturo,True,True,2,2,100.0,ret_COPX | ret_EPU,,prediccion_disponible
2026-02-23,lunes,Profuturo,False,True,2,0,0.0,,ret_COPX | ret_EPU,ningun_factor_seleccionado_disponible
2026-02-24,martes,Profuturo,True,True,2,2,100.0,ret_COPX | ret_EPU,,prediccion_disponible
2026-02-25,miercoles,Profuturo,True,True,2,2,100.0,ret_COPX | ret_EPU,,prediccion_disponible
2026-02-26,jueves,Profuturo,True,True,2,2,100.0,ret_COPX | ret_EPU,,prediccion_disponible
2026-02-27,viernes,Profuturo,True,True,2,2,100.0,ret_COPX | ret_EPU,,prediccion_disponible
2026-03-02,lunes,Profuturo,False,True,2,0,0.0,,ret_COPX | ret_EPU,ningun_factor_seleccionado_disponible
2026-03-03,martes,Profuturo,True,True,2,2,100.0,ret_COPX | ret_EPU,,prediccion_disponible
2026-03-04,miercoles,Profuturo,True,True,2,2,100.0,ret_COPX | ret_EPU,,prediccion_disponible
2026-03-05,jueves,Profuturo,True,True,2,2,100.0,ret_COPX | ret_EPU,,prediccion_disponible
2026-03-06,viernes,Profuturo,True,True,2,2,100.0,ret_COPX | ret_EPU,,prediccion_disponible
2026-03-09,lunes,Profuturo,False,True,2,0,0.0,,ret_COPX | ret_EPU,ningun_factor_seleccionado_disponible
2026-03-10,martes,Profuturo,True,True,2,2,100.0,ret_COPX | ret_EPU,,prediccion_disponible
2026-03-11,miercoles,Profuturo,True,True,2,2,100.0,ret_COPX | ret_EPU,,prediccion_disponible
2026-03-12,jueves,Profuturo,True,True,2,2,100.0,ret_COPX | ret_EPU,,prediccion_disponible
2026-03-13,viernes,Profuturo,True,True,2,2,100.0,ret_COPX | ret_EPU,,prediccion_disponible
2026-03-16,lunes,Profuturo,False,True,2,0,0.0,,ret_COPX | ret_EPU,ningun_factor_seleccionado_disponible
2026-03-17,martes,Profuturo,True,True,2,2,100.0,ret_COPX | ret_EPU,,prediccion_disponible
2026-03-18,miercoles,Profuturo,True,True,2,2,100.0,ret_COPX | ret_EPU,,prediccion_disponible
2026-03-19,jueves,Profuturo,True,True,2,2,100.0,ret_COPX | ret_EPU,,prediccion_disponible
2026-03-20,viernes,Profuturo,True,True,2,2,100.0,ret_COPX | ret_EPU,,prediccion_disponible
2026-03-23,lunes,Profuturo,False,True,2,0,0.0,,ret_COPX | ret_EPU,ningun_factor_seleccionado_disponible
2026-03-24,martes,Profuturo,True,True,2,2,100.0,ret_COPX | ret_EPU,,prediccion_disponible
2026-03-25,miercoles,Profuturo,True,True,2,2,100.0,ret_COPX | ret_EPU,,prediccion_disponible
2026-03-26,jueves,Profuturo,True,True,2,2,100.0,ret_COPX | ret_EPU,,prediccion_disponible
2026-03-27,viernes,Profuturo,True,True,2,2,100.0,ret_COPX | ret_EPU,,prediccion_disponible
2026-03-30,lunes,Profuturo,False,True,2,0,0.0,,ret_COPX | ret_EPU,ningun_factor_seleccionado_disponible
2026-03-31,martes,Profuturo,True,True,2,2,100.0,ret_COPX | ret_EPU,,prediccion_disponible
2026-04-01,miercoles,Profuturo,True,True,2,2,100.0,ret_COPX | ret_EPU,,prediccion_disponible
2026-04-02,jueves,Profuturo,True,True,2,2,100.0,ret_COPX | ret_EPU,,prediccion_disponible
2026-04-03,viernes,Profuturo,False,True,2,0,0.0,,ret_COPX | ret_EPU,ningun_factor_seleccionado_disponible
2026-04-06,lunes,Profuturo,False,True,2,0,0.0,,ret_COPX | ret_EPU,ningun_factor_seleccionado_disponible
2026-04-07,martes,Profuturo,True,True,2,2,100.0,ret_COPX | ret_EPU,,prediccion_disponible
2026-04-08,miercoles,Profuturo,True,True,2,2,100.0,ret_COPX | ret_EPU,,prediccion_disponible
2026-04-09,jueves,Profuturo,True,True,2,2,100.0,ret_COPX | ret_EPU,,prediccion_disponible
2026-04-10,viernes,Profuturo,True,True,2,2,100.0,ret_COPX | ret_EPU,,prediccion_disponible
2026-04-13,lunes,Profuturo,False,True,2,0,0.0,,ret_COPX | ret_EPU,ningun_factor_seleccionado_disponible
2026-04-14,martes,Profuturo,True,True,2,2,100.0,ret_COPX | ret_EPU,,prediccion_disponible
2026-04-15,miercoles,Profuturo,True,True,2,2,100.0,ret_COPX | ret_EPU,,prediccion_disponible
2026-04-16,jueves,Profuturo,True,True,2,2,100.0,ret_COPX | ret_EPU,,prediccion_disponible
2026-04-17,viernes,Profuturo,True,True,2,2,100.0,ret_COPX | ret_EPU,,prediccion_disponible
2026-04-20,lunes,Profuturo,False,True,2,0,0.0,,ret_COPX | ret_EPU,ningun_factor_seleccionado_disponible
2026-04-21,martes,Profuturo,True,True,2,2,100.0,ret_COPX | ret_EPU,,prediccion_disponible
2026-04-22,miercoles,Profuturo,True,True,2,2,100.0,ret_COPX | ret_EPU,,prediccion_disponible
2026-04-23,jueves,Profuturo,True,True,2,2,100.0,ret_COPX | ret_EPU,,prediccion_disponible
2026-04-24,viernes,Profuturo,True,True,2,2,100.0,ret_COPX | ret_EPU,,prediccion_disponible
2026-04-27,lunes,Profuturo,False,True,2,0,0.0,,ret_COPX | ret_EPU,ningun_factor_seleccionado_disponible
2026-04-28,martes,Profuturo,True,True,2,2,100.0,ret_COPX | ret_EPU,,prediccion_disponible
2026-04-29,miercoles,Profuturo,True,True,2,2,100.0,ret_COPX | ret_EPU,,prediccion_disponible
2026-04-30,jueves,Profuturo,True,True,2,2,100.0,ret_COPX | ret_EPU,,prediccion_disponible
2026-05-01,viernes,Profuturo,True,True,2,2,100.0,ret_COPX | ret_EPU,,prediccion_disponible
2026-05-04,lunes,Profuturo,False,True,2,0,0.0,,ret_COPX | ret_EPU,ningun_factor_seleccionado_disponible
2026-05-05,martes,Profuturo,True,True,2,2,100.0,ret_COPX | ret_EPU,,prediccion_disponible
2026-05-06,miercoles,Profuturo,True,True,2,2,100.0,ret_COPX | ret_EPU,,prediccion_disponible
2026-05-07,jueves,Profuturo,True,True,2,2,100.0,ret_COPX | ret_EPU,,prediccion_disponible
2026-05-08,viernes,Profuturo,True,True,2,2,100.0,ret_COPX | ret_EPU,,prediccion_disponible
2026-05-11,lunes,Profuturo,False,True,2,0,0.0,,ret_COPX | ret_EPU,ningun_factor_seleccionado_disponible
2026-05-12,martes,Profuturo,True,True,2,2,100.0,ret_COPX | ret_EPU,,prediccion_disponible
2026-05-13,miercoles,Profuturo,True,True,2,2,100.0,ret_COPX | ret_EPU,,prediccion_disponible
2026-05-14,jueves,Profuturo,True,True,2,2,100.0,ret_COPX | ret_EPU,,prediccion_disponible
2026-05-15,viernes,Profuturo,True,True,2,2,100.0,ret_COPX | ret_EPU,,prediccion_disponible
2026-05-18,lunes,Profuturo,False,True,2,0,0.0,,ret_COPX | ret_EPU,ningun_factor_seleccionado_disponible
2026-05-19,martes,Profuturo,True,True,2,2,100.0,ret_COPX | ret_EPU,,prediccion_disponible
2026-05-20,miercoles,Profuturo,True,True,2,2,100.0,ret_COPX | ret_EPU,,prediccion_disponible
2026-05-21,jueves,Profuturo,True,True,2,2,100.0,ret_COPX | ret_EPU,,prediccion_disponible
2026-05-22,viernes,Profuturo,True,True,2,2,100.0,ret_COPX | ret_EPU,,prediccion_disponible
2026-05-25,lunes,Profuturo,False,True,2,0,0.0,,ret_COPX | ret_EPU,ningun_factor_seleccionado_disponible
2026-05-26,martes,Profuturo,False,True,2,0,0.0,,ret_COPX | ret_EPU,ningun_factor_seleccionado_disponible
2026-05-27,miercoles,Profuturo,True,True,2,2,100.0,ret_COPX | ret_EPU,,prediccion_disponible
2026-05-28,jueves,Profuturo,True,True,2,2,100.0,ret_COPX | ret_EPU,,prediccion_disponible
2026-05-29,viernes,Profuturo,True,True,2,2,100.0,ret_COPX | ret_EPU,,prediccion_disponible
2026-06-22,lunes,Profuturo,False,True,2,0,0.0,,ret_COPX | ret_EPU,ningun_factor_seleccionado_disponible
2026-06-23,martes,Profuturo,True,True,2,2,100.0,ret_COPX | ret_EPU,,prediccion_disponible
2026-06-24,miercoles,Profuturo,True,True,2,2,100.0,ret_COPX | ret_EPU,,prediccion_disponible
2026-06-25,jueves,Profuturo,True,True,2,2,100.0,ret_COPX | ret_EPU,,prediccion_disponible
2026-06-26,viernes,Profuturo,True,True,2,2,100.0,ret_COPX | ret_EPU,,prediccion_disponible
2026-06-29,lunes,Profuturo,False,True,2,0,0.0,,ret_COPX | ret_EPU,ningun_factor_seleccionado_disponible
2026-06-30,martes,Profuturo,True,True,2,2,100.0,ret_COPX | ret_EPU,,prediccion_disponible
