fecha,apertura,maximo,minimo,cierre_ajustado,volumen,ticker
2014-12-18,18.533378248183485,18.809995431863953,18.468637602454855,18.621660232543945,922600,ILF
2014-12-19,18.72283889829569,18.931135177612305,18.580007455796032,18.931135177612305,502100,ILF
2014-12-22,18.824007093426818,18.919229168877038,18.74664050508225,18.90137481689453,519200,ILF
2014-12-23,18.87161851166544,18.960889140939617,18.734738544959068,18.925180435180664,634800,ILF
2014-12-24,18.883522607639268,18.984695010107284,18.794253107843556,18.954938888549805,161700,ILF
2014-12-26,19.0144530819449,19.085868230793753,18.87757196559183,18.889474868774414,182200,ILF
2014-12-29,18.88947405897542,19.09181999903473,18.84781503474564,18.954938888549805,500600,ILF
2014-12-30,19.062060118302025,19.157281061996226,18.93708305537458,18.98469352722168,555900,ILF
2014-12-31,18.954940985590618,19.050160812133655,18.794255187107222,18.931135177612305,474300,ILF
2015-01-02,18.704986387864547,18.746645418285432,18.341955748270948,18.413372039794922,568600,ILF
2015-01-05,18.056287552746156,18.151508490080996,17.859894227602663,17.889650344848633,558200,ILF
2015-01-06,18.044384919758222,18.264584050066944,17.925359313883696,18.181264877319336,702900,ILF
2015-01-07,18.532395839161193,18.69308162779658,18.443126334960425,18.61571502685547,518700,ILF
2015-01-08,18.699034658140253,18.996600454014462,18.699034658140253,18.91328239440918,406000,ILF
2015-01-09,18.913280338620453,18.943036460924144,18.77044890834078,18.871620178222656,384700,ILF
2015-01-12,18.57405266623849,18.65142039314243,18.41931948267701,18.484783172607422,421300,ILF
2015-01-13,18.758549634179584,18.841867700846304,18.425275097265647,18.58000946044922,631500,ILF
2015-01-14,18.419321563919304,18.65142250061035,18.377661402735875,18.65142250061035,271200,ILF
2015-01-15,18.80020374789727,18.82400841709136,18.35385513305664,18.35385513305664,314800,ILF
2015-01-16,18.562147621094198,18.83590750456153,18.532390371724052,18.8299560546875,539600,ILF
2015-01-20,18.57405348464808,18.663324117335787,18.443124963895087,18.60976219177246,581600,ILF
2015-01-21,18.704982707096786,19.10371971130371,18.68712835394831,19.10371971130371,948400,ILF
2015-01-22,19.33582626912991,19.50246238708496,19.175140468138892,19.50246238708496,708700,ILF
2015-01-23,19.29416354460737,19.29416354460737,19.05015970265741,19.05611228942871,796700,ILF
2015-01-26,18.972792854177253,19.115624286496693,18.86567013128016,19.050159454345703,433000,ILF
2015-01-27,18.812105945812622,19.163233600485754,18.770446924940078,19.14537811279297,225300,ILF
2015-01-28,18.966842282780785,19.020403075947716,18.633567810058594,18.633567810058594,600300,ILF
2015-01-29,18.68117954330472,18.752595830869403,18.419322470855438,18.550251007080078,313900,ILF
2015-01-30,17.93726253954618,18.12175411661803,17.895603517343897,17.9134578704834,709900,ILF
2015-02-02,17.877750023096446,18.21697478164302,17.877750023096446,18.211023330688477,685200,ILF
2015-02-03,18.466926109104996,18.71092987060547,18.40741274737057,18.71092987060547,649200,ILF
2015-02-04,18.347896317657664,18.66926773621279,18.30623731194632,18.520484924316406,280100,ILF
2015-02-05,18.45503114895274,18.770451307250557,18.45503114895274,18.740694046020508,287200,ILF
2015-02-06,18.443128165774567,18.51454445729854,18.371713009374037,18.413372039794922,391200,ILF
2015-02-09,18.347904336373094,18.699032016714224,18.336001433789907,18.67522621154785,530100,ILF
2015-02-10,18.484785731771492,18.50859153876799,18.205074310302734,18.205074310302734,259800,ILF
2015-02-11,17.961070737732843,18.0146326691673,17.687309628720776,17.830141067504883,760600,ILF
2015-02-12,18.139606688878803,18.55024771548307,18.12175347149808,18.544296264648438,825400,ILF
2015-02-13,18.603809465093043,18.818057152657353,18.597858014313683,18.806154251098633,625900,ILF
2015-02-17,18.770449342543213,18.88352351801155,18.550250172982953,18.85376739501953,551800,ILF
2015-02-18,18.824012002354795,18.91328265042419,18.704986363468006,18.77640151977539,507300,ILF
2015-02-19,18.585960721009773,18.77045234547021,18.520497012929678,18.60381507873535,255100,ILF
2015-02-20,18.472882456139235,18.66927580734263,18.401466176100154,18.6633243560791,212700,ILF
2015-02-23,18.657376682683513,18.66332813515213,18.484787966464076,18.585960388183594,263000,ILF
2015-02-24,18.639518167438588,18.996597290039062,18.502638196564096,18.996597290039062,710200,ILF
2015-02-25,18.704982474976216,18.800203420339987,18.62761474741615,18.764495849609375,409900,ILF
2015-02-26,18.699027133378067,18.800199508666992,18.61570910730118,18.800199508666992,328700,ILF
2015-02-27,18.8656675856634,19.091818174329642,18.84186178259404,18.91922950744629,279000,ILF
2015-03-02,18.81805883207229,18.81805883207229,18.443125345373865,18.514541625976562,677300,ILF
2015-03-03,18.50858941173731,18.591907456403337,18.455027487273945,18.466930389404297,464900,ILF
2015-03-04,18.24077843817483,18.252681339423432,17.9610670695714,18.10984992980957,754000,ILF
2015-03-05,18.056291741085424,18.080096413379312,17.877752725949453,17.907508850097656,636900,ILF
2015-03-06,17.687306484019057,17.687306484019057,17.43735122680664,17.43735122680664,829500,ILF
2015-03-09,17.342131815622203,17.395693742262456,17.056468963623047,17.056468963623047,700100,ILF
2015-03-10,17.020761828451043,17.032664731371142,16.842221690019443,16.848173141479492,448200,ILF
2015-03-11,16.84817185807739,17.044565200805664,16.794609934140297,17.044565200805664,839500,ILF
2015-03-12,17.300474622018644,17.31832897782884,16.97910416329881,17.092178344726562,669100,ILF
2015-03-13,16.74699888633728,16.82436661164538,16.50299507905451,16.68748664855957,1085000,ILF
2015-03-16,16.877931887534327,16.90173656035097,16.705343185339217,16.818418502807617,660700,ILF
2015-03-17,16.711291890292912,17.050516651812362,16.687487221389322,17.044565200805664,514200,ILF
2015-03-18,17.03266524194964,17.63969855246853,16.877930904719857,17.633747100830078,973000,ILF
2015-03-19,17.371890910136045,17.371890910136045,17.032666095606015,17.092178344726562,1005300,ILF
2015-03-20,17.52067492454147,17.705165405894373,17.401648148435655,17.598041534423828,765900,ILF
2015-03-23,17.699210551460826,17.83013907191157,17.609941054102443,17.8182373046875,837700,ILF
2015-03-24,17.967019740269976,17.967019740269976,17.75872349476728,17.836090087890625,989400,ILF
2015-03-25,17.984876854082543,18.002731211035453,17.598041534423828,17.598041534423828,393700,ILF
2015-03-26,17.568280043192676,17.568280043192676,17.24095707641692,17.26476287841797,650800,ILF
2015-03-27,17.199300003683796,17.240959026775137,17.09217615280707,17.151689529418945,256100,ILF
2015-03-30,17.223105103409285,17.44330311219996,17.193347848759736,17.419498443603516,349200,ILF
2015-03-31,17.39569720011575,17.52662688465021,17.294524778031622,17.467113494873047,267200,ILF
2015-04-01,17.74681702666254,18.020578043345335,17.705158012957614,18.002723693847656,749200,ILF
2015-04-02,18.14556243052688,18.37171307522723,18.032487108176706,18.300296783447266,976900,ILF
2015-04-06,18.5323941255487,18.716885703644238,18.38956270500982,18.591907501220703,415700,ILF
2015-04-07,18.57405386883499,18.645470149437685,18.490735820734574,18.514541625976562,636300,ILF
2015-04-08,18.853767976825264,18.91923281157587,18.71688799064069,18.7347412109375,428600,ILF
2015-04-09,18.79425403525701,18.82996160991265,18.591909220336152,18.61571502685547,429000,ILF
2015-04-10,18.526447661505628,18.639522992208267,18.51454589126603,18.62166976928711,317900,ILF
2015-04-13,18.472884668549366,18.687131264079387,18.365760803222656,18.365760803222656,558700,ILF
2015-04-14,18.52644068041101,18.657370319821705,18.419317977879217,18.627613067626953,632300,ILF
2015-04-15,18.68712830949525,18.978742599487305,18.669275091512468,18.978742599487305,492700,ILF
2015-04-16,18.937083015750396,19.12157458700467,18.812105953084455,19.097768783569336,1588100,ILF
2015-04-17,18.81805369470284,18.948982182420202,18.67522117249104,18.71092987060547,420700,ILF
2015-04-20,18.716888385136336,18.77045031740242,18.627617741277273,18.6395206451416,179500,ILF
2015-04-21,18.722836598467865,18.81805868356106,18.645470002288516,18.6633243560791,248400,ILF
2015-04-22,18.716889014537138,18.93113561568264,18.681180301743364,18.91328239440918,332100,ILF
2015-04-23,18.818059124365234,19.29416275024414,18.74664284265326,19.29416275024414,382600,ILF
2015-04-24,19.347726079169817,19.615535736083984,19.347726079169817,19.615535736083984,488900,ILF
2015-04-27,19.680998240097306,19.746463067394465,19.532215367238848,19.53816795349121,2158000,ILF
2015-04-28,19.70480273834147,19.79407109399088,19.526263756796336,19.544116973876953,361300,ILF
2015-04-29,19.44889190541496,19.538162512367926,19.29415648939593,19.36557388305664,290500,ILF
2015-04-30,19.222746952460113,19.30606499903217,19.014451836029973,19.16323471069336,425900,ILF
2015-05-01,19.216794967651367,19.353674928025846,19.056109204538817,19.216794967651367,529400,ILF
2015-05-04,19.157284016287324,19.228701437756207,19.121577575799606,19.210845947265625,478200,ILF
2015-05-05,19.234649516261413,19.561971380709476,19.222746614068296,19.383432388305664,258300,ILF
2015-05-06,19.556020965208848,19.60958288968204,19.151331373688365,19.181087493896484,821000,ILF
2015-05-07,19.2227461362779,19.288210961589648,19.07991585400355,19.276308059692383,318800,ILF
2015-05-08,19.573878192841352,19.60958690655362,19.377485943041176,19.58578109741211,539100,ILF
2015-05-11,19.57982619425966,19.627435531144698,19.276307874412804,19.300113677978516,508400,ILF
2015-05-12,19.264408111572266,19.42509390645338,19.198943276222913,19.264408111572266,204500,ILF
2015-05-13,19.34772290142234,19.42509062743408,19.109671677900142,19.14537811279297,275400,ILF
2015-05-14,19.335826874496902,19.538171711311705,19.276312351759074,19.508413314819336,387300,ILF
2015-05-15,19.526263991775675,19.669094270632076,19.34177242215261,19.645288467407227,921400,ILF
2015-05-18,19.627437853413674,19.639340756604852,19.21084532270909,19.252504348754883,378300,ILF
2015-05-19,19.210842112835863,19.21679469856018,18.96088799832507,18.972789764404297,450000,ILF
2015-05-20,19.00254926491485,19.091819899367813,18.88947396036483,18.990646362304688,640500,ILF
2015-05-21,18.84186244204623,18.871618561801206,18.71688537692749,18.764495849609375,538800,ILF
2015-05-22,18.68117907247706,18.69903342769909,18.419322006627446,18.443126678466797,653600,ILF
2015-05-26,18.335997285633706,18.335997285633706,18.01462693445422,18.020578384399414,515400,ILF
2015-05-27,17.859897211139344,18.19317054748535,17.842042856735283,18.19317054748535,581000,ILF
2015-05-28,18.014630552028695,18.115802951167748,17.871799130030606,18.091997146606445,572400,ILF
2015-05-29,18.014635680765775,18.06819762115446,17.770631790161133,17.770631790161133,714100,ILF
2015-06-01,17.842042161166138,17.961068915639697,17.728967993051842,17.794431686401367,375300,ILF
2015-06-02,18.032483207421773,18.246730901292537,17.943213713350023,18.211023330688477,563100,ILF
2015-06-03,18.121751565094026,18.169362031639302,17.937260013998397,17.955114364624023,372800,ILF
2015-06-04,17.83608994429062,17.97297104659637,17.717064330049663,17.7468204498291,259200,ILF
2015-06-05,17.639701126747287,17.80038693906547,17.5325772518685,17.669458389282227,447400,ILF
2015-06-08,17.812290384113957,17.907511356865687,17.746825539675818,17.788484573364258,467100,ILF
2015-06-09,17.836093251189304,17.913460993157333,17.752775192260742,17.752775192260742,229200,ILF
2015-06-10,18.062244606277094,18.282442666499993,18.008682670520503,18.03843879699707,440400,ILF
2015-06-11,17.967020078029332,18.091997146606445,17.85394477660963,18.091997146606445,200900,ILF
2015-06-12,17.98487325304481,18.014630508674824,17.86584763589447,17.96702003479004,177900,ILF
2015-06-15,17.830136823780325,17.89560164331312,17.728965571954156,17.80038070678711,377400,ILF
2015-06-16,17.901553698451504,18.169363300929465,17.901553698451504,18.10984992980957,365100,ILF
2015-06-17,18.03248561494817,18.270539144419757,17.93131320545975,18.205074310302734,398200,ILF
2015-06-18,18.34195099542621,18.44907483739206,18.24077860413881,18.437171936035156,507900,ILF
2015-06-19,18.22887990445718,18.31219909803707,18.10390281677246,18.10390281677246,469100,ILF
2015-06-22,18.3955143421843,18.478832387894045,18.276487589636176,18.330049514770508,282000,ILF
2015-06-23,18.30029596660669,18.395516927980786,18.30029596660669,18.365760803222656,241300,ILF
2015-06-24,18.360947428837424,18.403045715368556,18.174510521210575,18.216609954833984,391400,ILF
2015-06-25,18.192553298505096,18.26472260969911,17.98206071687253,17.994089126586914,325400,ILF
2015-06-26,18.024156906547546,18.168494365048645,18.018142702390147,18.1624813079834,184400,ILF
2015-06-29,17.807653148967024,17.970032089777785,17.71744122429271,17.72345542907715,769900,ILF
2015-06-30,17.964016388966733,18.054227153275697,17.765552248650177,17.921916961669922,400600,ILF
2015-07-01,17.903879196918318,18.054230884200955,17.639259906115026,17.66331672668457,608900,ILF
2015-07-02,17.71744087773689,17.98807435228165,17.71744087773689,17.97003173828125,416400,ILF
2015-07-06,17.615202527611444,17.66932807446927,17.410724160931725,17.49492073059082,843600,ILF
2015-07-07,17.31450013361456,17.458837609715566,17.025824034320248,17.422752380371094,1170800,ILF
2015-07-08,17.14009085229659,17.272399912589183,17.02582325876212,17.031837463378906,921600,ILF
2015-07-09,17.326526406336825,17.41072412290425,17.200231552124023,17.200231552124023,516700,ILF
2015-07-10,17.452822347653708,17.633243895078206,17.392681449481465,17.627229690551758,817100,ILF
2015-07-13,17.675344250713405,17.849752761139342,17.573105055968767,17.843738555908203,355900,ILF
2015-07-14,17.81366771689281,17.970032456106715,17.72345579037948,17.91590690612793,320300,ILF
2015-07-15,17.795624403604656,17.81968007519622,17.681356809041024,17.729469299316406,517200,ILF
2015-07-16,17.825694279867175,17.8617795078929,17.669328399699115,17.729469299316406,457400,ILF
2015-07-17,17.705417128163262,17.705417128163262,17.404713717718675,17.440797805786133,427800,ILF
2015-07-20,17.344573607356427,17.386671903228393,17.218277572648002,17.29646110534668,547300,ILF
2015-07-21,17.332541181096396,17.416737753341526,17.29044289497383,17.320512771606445,222400,ILF
2015-07-22,17.146104919568014,17.17016059075023,16.851415778259444,16.869457244873047,616900,ILF
2015-07-23,16.689036676076114,16.785261660639257,16.436445804824782,16.46050262451172,835800,ILF
2015-07-24,16.322178821099616,16.322178821099616,16.027489651374026,16.099658966064453,736400,ILF
2015-07-27,16.003427273197392,16.04552554450783,15.847061446121595,15.859089851379395,847000,ILF
2015-07-28,15.991405376610098,16.135742857174975,15.768884377139875,16.123714447021484,713800,ILF
2015-07-29,16.153783418305178,16.41238846825956,16.105670930901493,16.346233367919922,427800,ILF
2015-07-30,16.25602360816646,16.316163360841205,15.973361723389228,16.087629318237305,413300,ILF
2015-07-31,16.292110248641727,16.382321038918004,16.25001195631896,16.316165924072266,523600,ILF
2015-08-03,16.087630363653346,16.207912171003574,16.081616158576605,16.123714447021484,490200,ILF
2015-08-04,16.14777078884187,16.213924748541146,15.991404902756901,16.11168670654297,709400,ILF
2015-08-05,16.153784576266947,16.20189706711951,15.937277793884277,15.937277793884277,373000,ILF
2015-08-06,15.829024074991574,15.937277463941786,15.804968403609438,15.871122360229492,582800,ILF
2015-08-07,15.786923355134173,15.883148320007626,15.702726797642919,15.732796669006348,289000,ILF
2015-08-10,15.792940541999032,16.14175639232714,15.762869517863336,16.1357421875,449100,ILF
2015-08-11,15.865105215316797,15.865105215316797,15.564401922670147,15.648599624633789,619600,ILF
2015-08-12,15.546362687477394,15.642587663148682,15.402025223970464,15.570418357849121,704200,ILF
2015-08-13,15.546364291481996,15.546364291481996,15.257689334683938,15.263702392578125,531300,ILF
2015-08-14,15.31181440589673,15.371955306786123,15.251674652099611,15.25167465209961,370300,ILF
2015-08-17,15.167477315060058,15.335871612384569,15.143421642352157,15.227618217468262,445200,ILF
2015-08-18,15.101320851963544,15.389995759168373,15.017123143709718,15.293770790100098,512100,ILF
2015-08-19,15.107337879809268,15.137407758104281,14.836704386784842,14.926915168762207,720600,ILF
2015-08-20,14.818664527416495,14.938946357150314,14.75251055344618,14.890833854675293,516000,ILF
2015-08-21,14.638237993584944,14.680336275667589,14.379632949829102,14.379632949829102,727900,ILF
2015-08-24,13.53165025084686,14.193197825862258,13.194862832456044,13.904522895812988,1606900,ILF
2015-08-25,14.415715426903661,14.457814851403391,13.856408266511577,13.874449729919434,931300,ILF
2015-08-26,14.060888507038287,14.337536192722554,13.85641127904419,14.331521987915039,1257000,ILF
2015-08-27,14.481872236802309,15.047194814870375,14.481872236802309,15.041180610656738,1776300,ILF
2015-08-28,14.866775035903004,15.083281841548144,14.776564249248324,14.854747772216797,1385500,ILF
2015-08-31,14.343549578288545,14.752506305103452,14.283408680740669,14.734463691711426,820300,ILF
2015-09-01,14.295439984683082,14.475861566772242,14.151102489593265,14.181172370910645,1531200,ILF
2015-09-02,14.361591244194827,14.391662266932817,14.078930513011084,14.325507164001465,979100,ILF
2015-09-03,14.235296617276381,14.584112456961249,14.22326820798912,14.523971557617188,879700,ILF
2015-09-04,14.289423238827844,14.367605604610329,13.99473409535195,14.006762504577637,869100,ILF
2015-09-08,14.325509564240912,14.36760785603544,14.175157866636212,14.241312980651855,513600,ILF
2015-09-09,14.457816888956248,14.554041864332646,14.157113554131955,14.169140815734863,540800,ILF
2015-09-10,13.814314720497116,14.181173260462009,13.54969653644647,14.072919845581055,1267000,ILF
2015-09-11,14.042846061841017,14.084944345469845,13.93459267702849,13.964662551879883,299200,ILF
2015-09-14,14.018787597843689,14.241308545723394,13.898506965472333,14.235294342041016,390600,ILF
2015-09-15,14.127043520571316,14.301452017573412,14.121029315803078,14.295437812805176,345500,ILF
2015-09-16,14.475858635220105,14.734463691711426,14.475858635220105,14.734463691711426,997300,ILF
2015-09-17,14.505928474946735,14.9208982253031,14.475857455078227,14.60816764831543,887500,ILF
2015-09-18,14.439776811329235,14.505931923675961,14.121030807495117,14.121030807495117,708700,ILF
2015-09-21,14.151101316262752,14.187185400270204,13.988721217590696,14.054876327514648,545600,ILF
2015-09-22,13.730114602553712,13.79025550060307,13.57976293097643,13.736128807067871,740900,ILF
2015-09-23,13.65193543091584,13.669976901585562,13.297105311239784,13.30913257598877,783900,ILF
2015-09-24,12.978355381115618,13.55570635804465,12.930242895295876,13.549692153930664,1659600,ILF
2015-09-25,13.669980110398424,13.68200852506338,13.41137493056568,13.447460174560547,1276000,ILF
2015-09-28,13.315141441472809,13.321155644981369,13.002410888671875,13.002410888671875,1474200,ILF
2015-09-29,13.026469360735724,13.261017612617083,12.9963994838097,13.188849449157715,1307100,ILF
2015-09-30,13.543677381855147,13.603818273380819,13.423395598803806,13.597804069519043,1132500,ILF
2015-10-01,13.651932336474832,13.724100496980565,13.45948123191101,13.603819847106934,1091600,ILF
2015-10-02,13.465499038611018,14.030821800231934,13.405359271132387,14.030821800231934,1179400,ILF
2015-10-05,14.133060341240846,14.3916654586792,14.133060341240846,14.3916654586792,537300,ILF
2015-10-06,14.415716840873651,14.59012531820336,14.397675375696192,14.475857734680176,577900,ILF
2015-10-07,14.680339143025897,14.975028322255136,14.517959040054976,14.692367553710938,625900,ILF
2015-10-08,14.650268239831124,14.950971603393555,14.632225625064152,14.950971603393555,522400,ILF
2015-10-09,15.041181374304385,15.203561455040202,14.962997862649857,15.065237045288086,1550400,ILF
2015-10-12,15.155449019208831,15.155449019208831,14.878801345825195,14.878801345825195,841100,ILF
2015-10-13,14.638237605323878,14.680335886289917,14.385646772435521,14.40368938446045,912400,ILF
2015-10-14,14.463829994201662,14.590125991734844,14.361590814138491,14.46382999420166,431800,ILF
2015-10-15,14.554043285631016,14.638239860534668,14.301452413827755,14.638239860534668,347900,ILF
2015-10-16,14.60215674230717,14.638240827207023,14.421734023623154,14.566071510314941,2737800,ILF
2015-10-19,14.457819938659668,14.481875614031928,14.307468239532637,14.457819938659668,842500,ILF
2015-10-20,14.469843620111366,14.481872028365515,14.271379472286487,14.343548774719238,255900,ILF
2015-10-21,14.295436666605099,14.295436666605099,14.145085000731067,14.15109920501709,283500,ILF
2015-10-22,14.373618608586252,14.560054347642353,14.373618608586252,14.529984474182129,350800,ILF
2015-10-23,14.608171851197486,14.728452524000833,14.54803094124959,14.584115028381348,205200,ILF
2015-10-26,14.698380199277512,14.710407461593855,14.415718313636704,14.445789337158203,218500,ILF
2015-10-27,14.421733337541243,14.421733337541243,14.307466882945619,14.355579376220703,146600,ILF
2015-10-28,14.3916644676158,14.63222695084389,14.247326977678947,14.33753776550293,276500,ILF
2015-10-29,14.217256828495879,14.355581268601728,14.205229563910892,14.22928524017334,157000,ILF
2015-10-30,14.259351251188026,14.265365455394038,14.151099016756298,14.247323989868164,191900,ILF
2015-11-02,14.289423548850644,14.481873512268066,14.283409344107318,14.481873512268066,347300,ILF
2015-11-03,14.451805960411118,14.95698776919327,14.451805960411118,14.932930946350098,462700,ILF
2015-11-04,14.97502482261724,14.993067434428275,14.620194819978344,14.668307304382324,220400,ILF
2015-11-05,14.698382625061026,14.764536593541692,14.590129216702277,14.65628433227539,106900,ILF
2015-11-06,14.397676275479416,14.54802794584589,14.247324605112942,14.493901252746582,269900,ILF
2015-11-09,14.361591008430512,14.40970349692924,14.102987099682483,14.127042770385742,416600,ILF
2015-11-10,14.115014548038987,14.337535527219178,14.006762307805293,14.271380424499512,401200,ILF
2015-11-11,14.481877352034136,14.481877352034136,14.265370512238167,14.409708023071289,178100,ILF
2015-11-12,14.13907370717208,14.325509490050498,14.13305950164795,14.13305950164795,201400,ILF
2015-11-13,14.169140912727501,14.17515511711622,13.93459267702849,13.964662551879883,225100,ILF
2015-11-16,13.982705680484061,14.181169844258855,13.87445229168104,14.175155639648438,226500,ILF
2015-11-17,14.193196916561556,14.259350866860336,14.127041819170643,14.199211120605469,292100,ILF
2015-11-18,14.289421996262874,14.493900346949776,14.241309510636082,14.475857734680176,281100,ILF
2015-11-19,14.5239691448378,14.69837760925293,14.517954941193272,14.69837760925293,319200,ILF
2015-11-20,14.818662539881014,14.969014233336276,14.752508574783525,14.854747772216797,188500,ILF
2015-11-23,14.728451989623542,14.78257869190358,14.608171321184216,14.614184379577637,2046200,ILF
2015-11-24,14.5780981967017,14.764533951574014,14.554042525311194,14.710407257080078,344000,ILF
2015-11-25,14.433760264220687,14.481872752551068,14.283408594801722,14.313478469848633,921400,ILF
2015-11-27,14.343553638327975,14.355582050660717,14.024807594065564,14.030821800231934,219500,ILF
2015-11-30,13.898509175916146,14.000748360592736,13.748157501220705,13.748157501220703,595000,ILF
2015-12-01,13.826338816961565,13.910535381325122,13.772212126415804,13.880465507507324,328100,ILF
2015-12-02,13.904523907108489,13.958649456723675,13.66396030081203,13.814311981201172,286600,ILF
2015-12-03,14.127044168597603,14.13305837364172,13.928579990511007,13.988720893859863,321300,ILF
2015-12-04,13.874454586861413,13.976693787966928,13.796272208177161,13.910538673400879,182200,ILF
2015-12-07,13.922564561881762,13.946621379943998,13.663959503173828,13.663959503173828,271200,ILF
2015-12-08,13.483538387111164,13.57976336825174,13.327172505984663,13.525636672973633,539500,ILF
2015-12-09,13.69403212960335,13.946623013379293,13.69403212960335,13.796271324157715,645100,ILF
2015-12-10,13.64591780062666,13.700044493238007,13.4594809051466,13.465495109558105,354300,ILF
2015-12-11,13.35724651471318,13.35724651471318,13.17081069946289,13.17081069946289,473000,ILF
2015-12-14,13.134723998464754,13.170808083615967,12.990386510767516,13.12870979309082,517700,ILF
2015-12-15,13.38129997253418,13.441440875986506,13.297103395956318,13.38129997253418,535300,ILF
2015-12-16,13.273045386400257,13.669973707689387,13.200877226397992,13.663959503173828,534200,ILF
2015-12-17,13.74815493978684,13.778224810286678,13.501578330993654,13.501578330993652,408200,ILF
2015-12-18,13.423397073977792,13.501580585680827,13.110665321350098,13.110665321350098,645000,ILF
2015-12-21,13.240702193378684,13.350078287035306,13.028024330877667,13.07663631439209,1040100,ILF
2015-12-22,13.082716585766455,13.192092709759118,13.070563296766794,13.131328582763672,355200,ILF
2015-12-23,13.240704198950223,13.410845587521493,13.192091049071248,13.404768943786621,324600,ILF
2015-12-24,13.380466823100996,13.44730760264312,13.331854820251465,13.331854820251465,177800,ILF
2015-12-28,13.350079536437988,13.39261604011997,13.271085490459598,13.350079536437988,337800,ILF
2015-12-29,13.462011269515202,13.486475926183612,13.296870462273445,13.33968448638916,1190000,ILF
2015-12-30,13.278518162657559,13.278518162657559,12.966587151096762,12.978818893432617,1500700,ILF
2015-12-31,12.942121789217397,13.070565004321672,12.942121789217397,12.960471153259277,319500,ILF
2016-01-04,12.789215055320595,12.79533151054324,12.605726065019416,12.642423629760742,622900,ILF
2016-01-05,12.734167557080907,12.770865120185848,12.61184195786627,12.715819358825684,161100,ILF
2016-01-06,12.532330591258349,12.59961043652751,12.428353178839929,12.44058609008789,340800,ILF
2016-01-07,12.15311756180416,12.244862047019518,11.932929864011765,11.945162773132324,892900,ILF
2016-01-08,12.091955484411212,12.189816434720905,11.822837287762283,11.828953742980957,295000,ILF
2016-01-11,11.97574639968862,12.067490904212018,11.743326910456368,11.804489135742188,347400,ILF
2016-01-12,11.945163750204726,11.994094224094885,11.731092489462332,11.877883911132812,351700,ILF
2016-01-13,11.981859589891132,12.024673602560153,11.65769451789171,11.706624984741211,450300,ILF
2016-01-14,11.731092952157628,11.975745331257954,11.62711554521567,11.963512420654297,240600,ILF
2016-01-15,11.547603375093827,11.57818565314487,11.357997917555862,11.504789352416992,530100,ILF
2016-01-19,11.608768327214566,11.645467065815696,11.376348815714637,11.474209785461426,288100,ILF
2016-01-20,11.229553703190382,11.388578018877181,10.991016646362983,11.315181732177734,473300,ILF
2016-01-21,11.235673530411601,11.382464981280675,11.156160765402467,11.162277221679688,214100,ILF
2016-01-22,11.486440816533918,11.620999336242676,11.48032436110244,11.620999336242676,347200,ILF
2016-01-25,11.535369800535973,11.547601543221363,11.345763206481934,11.345763206481934,246000,ILF
2016-01-26,11.413042770967502,11.614881102932738,11.37022875609524,11.6087646484375,229700,ILF
2016-01-27,11.614880505222688,11.841184643523105,11.596531142681243,11.706624984741211,875000,ILF
2016-01-28,11.951280158665467,11.969628357181161,11.773906462383671,11.902348518371582,218200,ILF
2016-01-29,12.110301000403355,12.550676345825195,12.085836351543415,12.550676345825195,664900,ILF
2016-02-01,12.318259381003909,12.587377597019733,12.232631334969406,12.562912940979004,767900,ILF
2016-02-02,12.263210376331125,12.299909104088501,11.914580628797093,11.932929992675781,872300,ILF
2016-02-03,12.20816544275513,12.44058609008789,11.939048394867738,12.44058609008789,1060000,ILF
2016-02-04,12.587376906253066,12.936006693512542,12.587376906253066,12.752517700195312,1302800,ILF
2016-02-05,12.67912100689931,12.67912100689931,12.428352179454002,12.465049743652344,381700,ILF
2016-02-08,12.293795389821586,12.354958783123125,12.10418992052204,12.183701515197754,573400,ILF
2016-02-09,12.030791717700032,12.140885574959452,11.865650931810904,11.96962833404541,340100,ILF
2016-02-10,12.061370015351212,12.23874366995358,12.012439553149564,12.116416931152344,484500,ILF
2016-02-11,11.810603904985127,11.902348396407021,11.62099846716728,11.743325233459473,433800,ILF
2016-02-12,11.945164427319373,12.073606491088867,11.896233950655576,12.073606491088867,359700,ILF
2016-02-16,12.238747907733144,12.26321256400796,12.104189381735042,12.189817428588867,682500,ILF
2016-02-17,12.342724196633812,12.764750269904926,12.342724196633812,12.654656410217285,576600,ILF
2016-02-18,12.691355223583479,12.691355223583479,12.428353458801062,12.458935737609863,292700,ILF
2016-02-19,12.416118344855558,12.550678014556226,12.36107141935882,12.507863998413086,248700,ILF
2016-02-22,12.87484502332148,13.003288269042969,12.81979808466866,13.003288269042969,732600,ILF
2016-02-23,12.887078181923506,12.911544006945613,12.679123335614591,12.685239791870117,339600,ILF
2016-02-24,12.416119279527479,12.703586838005009,12.30602658684079,12.679121017456055,494800,ILF
2016-02-25,12.74640046698072,12.770865120185848,12.599609047966457,12.715819358825684,425300,ILF
2016-02-26,12.844262614469978,12.856495525514083,12.544563293457031,12.544563293457031,544400,ILF
2016-02-29,12.752517700195314,12.874843306875276,12.697470768881232,12.752517700195312,231300,ILF
2016-03-01,12.948239092487373,13.290752410888674,12.893192163348564,13.290752410888672,460200,ILF
2016-03-02,13.205123916481828,13.59045124053955,13.205123916481828,13.59045124053955,682100,ILF
2016-03-03,13.737240361874361,14.171499252319336,13.669961702736288,14.171499252319336,1193900,ILF
2016-03-04,14.770900666501781,14.86264515926872,14.514015386797642,14.691389083862305,1084500,ILF
2016-03-07,14.569063799290376,14.77701862625445,14.52624977607918,14.685274124145508,1119900,ILF
2016-03-08,14.642457632295313,14.642457632295313,14.391688824398306,14.477316856384277,960100,ILF
2016-03-09,14.746434788590028,14.752551243145971,14.538480000065663,14.605758666992188,568200,ILF
2016-03-10,14.66692360292472,14.862645503114061,14.354991387025002,14.789250373840332,992700,ILF
2016-03-11,14.887111414121861,15.064483949770029,14.862645593152704,15.01555347442627,808900,ILF
2016-03-14,14.917691315826874,14.99108760619676,14.740318794540872,14.7586669921875,852000,ILF
2016-03-15,14.336643475689934,14.410038606436446,14.079758184888,14.098106384277344,1491600,ILF
2016-03-16,13.951310548047694,14.422266960144043,13.835101433318101,14.422266960144043,1430000,ILF
2016-03-17,15.058366469720932,15.394763292930078,14.832062325067852,15.345832824707031,2075700,ILF
2016-03-18,15.370295398002808,15.474272774747028,15.284667381834943,15.382528305053711,879400,ILF
2016-03-21,15.351954778619055,15.492629779330288,15.278558466694394,15.44981575012207,597500,ILF
2016-03-22,15.284670378030915,15.492625172283944,15.27243746858204,15.413113594055176,601000,ILF
2016-03-23,15.192929326387985,15.192929326387985,14.874880608354069,14.911578178405762,1112900,ILF
2016-03-24,14.70973431504145,14.887107976324252,14.642455656101667,14.87487506866455,1284900,ILF
2016-03-28,15.192929460595556,15.327487996370204,15.08283558287324,15.303023338317871,1036800,ILF
2016-03-29,15.205161848823705,15.49262827894983,15.033904581981405,15.455930709838867,788900,ILF
2016-03-30,15.627181891255804,15.810672012244414,15.52320450600722,15.572134971618652,785500,ILF
2016-03-31,15.65776427185216,15.68834537560219,15.309134556086786,15.388646125793457,1008000,ILF
2016-04-01,15.229622687909348,15.566020681306771,15.058366630596272,15.5476713180542,1171000,ILF
2016-04-04,15.413113523039497,15.413113523039497,15.021668588640306,15.052250862121582,1159100,ILF
2016-04-05,14.880994560948773,14.984971964098133,14.758667792563225,14.838180541992188,1171900,ILF
2016-04-06,14.746430811192905,14.83817527159795,14.593522988319794,14.752547264099121,707300,ILF
2016-04-07,14.605760150990083,14.70362226723389,14.43450407240114,14.495667457580566,860300,ILF
2016-04-08,14.972739149003731,15.119530572041667,14.929925129775317,15.064483642578125,1112700,ILF
2016-04-11,15.333597843444327,15.535436143407315,15.333597843444327,15.382528305053711,1212300,ILF
2016-04-12,15.45592854404326,15.90241926654432,15.400881614793045,15.865721702575684,1567100,ILF
2016-04-13,16.079794623893424,16.208236694335938,16.018631233237375,16.208236694335938,1751400,ILF
2016-04-14,16.183765510139736,16.269394695329147,15.926881454354271,16.000276565551758,961300,ILF
2016-04-15,15.96358435754569,16.024747748428705,15.877955143671606,15.969700813293457,970900,ILF
2016-04-18,15.725047621465166,16.006398759539675,15.676117140921079,15.786211013793945,634500,ILF
2016-04-19,15.957467233774105,16.30609703063965,15.957467233774105,16.30609703063965,901300,ILF
2016-04-20,16.177654323762482,16.336677493864467,16.092025116867696,16.257165908813477,498400,ILF
2016-04-21,16.257163046497787,16.324442875799242,15.994161350058663,16.018627166748047,1085200,ILF
2016-04-22,15.994163146581757,16.140954563423158,15.926884476317664,15.963582038879395,625700,ILF
2016-04-25,16.036977563106994,16.036977563106994,15.71893006866611,15.755627632141113,736700,ILF
2016-04-26,15.926884389411914,16.128722732291813,15.816790535732974,16.12260627746582,569600,ILF
2016-04-27,16.15318873856692,16.520167892716458,16.15318873856692,16.51405143737793,2080600,ILF
2016-04-28,16.403958011352753,16.666959764940902,16.355027533935978,16.45288848876953,825700,ILF
2016-04-29,16.624145356630272,16.752587419390952,16.38560943059211,16.593563079833984,1177100,ILF
2016-05-02,16.465116430673955,16.465116430673955,16.251045219108317,16.31832504272461,1845500,ILF
2016-05-03,16.01862954379788,16.01862954379788,15.688347969045882,15.7189302444458,1612300,ILF
2016-05-04,15.68223110278231,15.792324958146347,15.55990550417354,15.712813377380371,1016000,ILF
2016-05-05,15.90241810749672,15.920767471440907,15.437578053593946,15.517090797424316,1101000,ILF
2016-05-06,15.437577819528887,15.676113714214427,15.315252228205663,15.645532608032227,726700,ILF
2016-05-09,15.504860342148378,15.517093253380656,14.825948934486986,15.296905517578125,2154100,ILF
2016-05-10,15.596603696580875,15.939117019741671,15.566022587343042,15.933000564575195,1027000,ILF
2016-05-11,16.08590885964578,16.098141770294852,15.847372934961724,15.939117431640625,555900,ILF
2016-05-12,15.933000893556601,16.079793487393854,15.676115604233255,15.926885604858398,1299400,ILF
2016-05-13,15.87183408774178,15.87183408774178,15.37641185152826,15.382528305053711,1119200,ILF
2016-05-16,15.492624394890884,15.706695633126625,15.480391486055836,15.5476713180542,2506500,ILF
2016-05-17,15.45592758502647,15.486508692003735,15.247972791116608,15.370298385620117,697100,ILF
2016-05-18,15.144000187947572,15.315257474376786,14.954394698161714,14.984975814819336,1887900,ILF
2016-05-19,14.81371361496113,14.83206297882646,14.617991733442036,14.807597160339355,1645900,ILF
2016-05-20,14.972738983660406,15.125646860127349,14.880994491099143,14.929924964904785,591900,ILF
2016-05-23,14.673039436340332,14.807597945369773,14.593527855230777,14.673039436340332,836000,ILF
2016-05-24,14.868756369534928,14.942152637815429,14.697500354537274,14.752547264099121,1137700,ILF
2016-05-25,14.917689376602892,15.033899668500775,14.783130889443557,14.825944900512695,766300,ILF
2016-05-26,14.917690277099608,15.040017030333585,14.844295158434724,14.91769027709961,1566200,ILF
2016-05-27,14.78924931124623,14.844296237543729,14.709736565885636,14.73420238494873,1345600,ILF
2016-05-31,14.72197044356501,14.825947848232008,14.42838759506803,14.452852249145508,1630200,ILF
2016-06-01,14.342760269699903,14.630226677335195,14.275480426098083,14.624110221862793,1355700,ILF
2016-06-02,14.483431416548552,14.764781294326156,14.471198508837972,14.715850830078125,1342300,ILF
2016-06-03,14.960505035864637,15.095064704442663,14.887109913544291,15.088948249816895,1544800,ILF
2016-06-06,15.076716680454163,15.23574101507354,15.058368481540665,15.162345886230469,1781500,ILF
2016-06-07,15.113414739850182,15.413115219990829,15.113414739850182,15.394765853881836,1938300,ILF
2016-06-08,15.7372828914263,15.920773095907997,15.676119489932402,15.914656639099121,2224000,ILF
2016-06-09,15.780092795307393,15.780092795307393,15.553789785541435,15.602720260620117,1177000,ILF
2016-06-10,15.327485740409239,15.327485740409239,14.972739501402938,14.9910888671875,1503500,ILF
2016-06-13,14.758665200609585,14.936038866958372,14.740317005190274,14.813712120056152,1238100,ILF
2016-06-14,14.764784544916676,14.887111315765155,14.471201694793777,14.575179100036621,2151900,ILF
2016-06-15,14.630225630687695,14.887110909177983,14.617992720618036,14.783133506774902,2380900,ILF
2016-06-16,14.581297764309157,14.887113571166994,14.458970974928135,14.887113571166992,1937800,ILF
2016-06-17,15.076717918989676,15.162347131800324,14.984973417101857,15.070601463317871,1392000,ILF
2016-06-20,15.364182556607611,15.523205707204353,15.351949647609581,15.37641429901123,1317100,ILF
2016-06-21,15.433649561598566,15.470571839670924,15.199806902156219,15.41518783569336,2659400,ILF
2016-06-22,15.470570689135235,15.618260964179102,15.427494505631353,15.445956230163574,2019200,ILF
2016-06-23,15.735180419426111,15.950562477111816,15.618258529755964,15.950562477111816,1895300,ILF
2016-06-24,15.095189128858873,15.359800093335563,14.941344971640028,15.058265686035156,6550000,ILF
2016-06-27,15.03364852761061,15.076724696087135,14.436732553757162,14.707498550415039,2229700,ILF
2016-06-28,15.08288216156224,15.347494314635973,15.08288216156224,15.31672477722168,1979100,ILF
2016-06-29,15.605952042110587,15.919794270889817,15.58749032027494,15.88902473449707,2311000,ILF
2016-06-30,15.90133132888291,16.227481347192473,15.876715701657565,16.178251266479492,1956400,ILF
2016-07-01,16.233633353922638,16.319786871618884,16.12901929037107,16.31363296508789,1744200,ILF
2016-07-05,15.987479238453641,16.061324925891856,15.710560551469444,15.796712875366211,1800900,ILF
2016-07-06,15.655180166939282,15.704410245267425,15.40902977529856,15.692102432250977,3668500,ILF
2016-07-07,15.772102102970758,15.907485709265192,15.587489588235476,15.605951309204102,2053000,ILF
2016-07-08,16.012103256227174,16.221331444336062,15.950565346711974,16.215177536010742,2084800,ILF
2016-07-11,16.307484457439273,16.43056028133026,16.307484457439273,16.369022369384766,2462800,ILF
2016-07-12,16.701322501340027,16.787476033555865,16.535171691952172,16.572093963623047,2465400,ILF
2016-07-13,16.58439834313619,16.64593505859375,16.375170224115177,16.64593505859375,1659700,ILF
2016-07-14,16.95362916365113,17.045936616070648,16.85516897655912,16.910552978515625,1419600,ILF
2016-07-15,16.84900647461749,16.935159974685472,16.78746976937418,16.879776000976562,1190100,ILF
2016-07-18,16.87362695889397,17.193623082830676,16.830550783313598,17.175161361694336,840900,ILF
2016-07-19,17.09516592945152,17.119780388232197,16.95978229807495,17.11362648010254,1164100,ILF
2016-07-20,17.10746784734304,17.26131198688295,17.01516159836662,17.212081909179688,1662300,ILF
2016-07-21,17.169008381107062,17.2551619106545,16.984395854732785,17.076702117919922,1270200,ILF
2016-07-22,17.107473643213577,17.267471743389635,17.03978299702458,17.255165100097656,749400,ILF
2016-07-25,17.138241261435816,17.20593190002423,16.94747481384281,16.990550994873047,1205400,ILF
2016-07-26,17.002853518093467,17.125929297284774,16.990546879164434,17.045930862426758,519200,ILF
2016-07-27,17.045932649753425,17.193622896026266,16.86747286858765,17.00285530090332,1052500,ILF
2016-07-28,16.904397794271965,16.904397794271965,16.713631342896253,16.79978370666504,1094700,ILF
2016-07-29,16.94131906687183,17.1566999486413,16.84285889985214,17.11977767944336,1499700,ILF
2016-08-01,17.05208980211022,17.076705436403802,16.812093236438017,16.830554962158203,1762400,ILF
2016-08-02,16.9536236507597,17.015161541116136,16.584398656096344,16.725934982299805,1359100,ILF
2016-08-03,16.670553620906258,17.076702117919922,16.5720934503416,17.076702117919922,1531200,ILF
2016-08-04,17.101314634293406,17.384387279701578,17.101314634293406,17.298234939575195,1141700,ILF
2016-08-05,17.396695670527183,17.49515582644115,17.230543717270752,17.476694107055664,2306900,ILF
2016-08-08,17.458236444655945,17.6551567890055,17.458236444655945,17.575157165527344,1016600,ILF
2016-08-09,17.63053974052962,17.852075696966875,17.624385833546615,17.759769439697266,821600,ILF
2016-08-10,17.852075197777925,17.876689651283925,17.569001353163806,17.642847061157227,1395400,ILF
2016-08-11,17.735153758908183,18.07361159953835,17.735153758908183,18.048995971679688,2243000,ILF
2016-08-12,17.993612719411676,18.165918600263463,17.864384189076176,17.91361427307129,1741600,ILF
2016-08-15,18.0613060504253,18.270534218509354,18.0613060504253,18.190534591674805,1250100,ILF
2016-08-16,18.190530395636056,18.270530004016965,18.10437805467595,18.11668586730957,1016500,ILF
2016-08-17,17.913613539670266,18.06130378560902,17.772076026958437,18.048995971679688,1439500,ILF
2016-08-18,18.042845573810936,18.153613573242353,17.907463115471405,18.036691665649414,787200,ILF
2016-08-19,17.91361555457431,18.042844094154553,17.790539748913048,18.024383544921875,1265400,ILF
2016-08-22,17.925920854153933,17.925920854153933,17.661309887146285,17.716693878173828,1630500,ILF
2016-08-23,17.86438200372618,17.96899606613558,17.54438591003418,17.54438591003418,1437400,ILF
2016-08-24,17.470539102906756,17.661306670024427,17.41515512196776,17.538230895996094,1868400,ILF
2016-08-25,17.581308175079368,17.605923800934587,17.495155832061382,17.54438591003418,1564300,ILF
2016-08-26,17.63669432842312,17.895152562999126,17.181315757739263,17.292083740234375,2142200,ILF
2016-08-29,17.29823963826563,17.63669635818591,16.916705562843532,17.618234634399414,839000,ILF
2016-08-30,17.538235328846223,17.624387688198823,17.378237251664345,17.495159149169922,777000,ILF
2016-08-31,17.513615982885756,17.5259237955359,17.175159351170198,17.33515739440918,2803100,ILF
2016-09-01,17.267468292534012,17.421312453449737,17.169008123446975,17.396697998046875,912600,ILF
2016-09-02,17.618231503409266,17.772075653076172,17.569001422465366,17.772075653076172,1278600,ILF
2016-09-06,17.765926559522715,18.067461013793945,17.716696468493492,18.067461013793945,3895800,ILF
2016-09-07,17.993613211820087,18.042843297162417,17.852076863178116,17.962844848632812,4356900,ILF
2016-09-08,18.042844417119813,18.11669013658598,17.839770155760228,17.901308059692383,1519200,ILF
2016-09-09,17.538235939928498,17.544389847773513,17.052087783813477,17.052087783813477,2795300,ILF
2016-09-12,16.922858664717985,17.390545081391462,16.76901449503873,17.35977554321289,2224400,ILF
2016-09-13,17.045934470709092,17.076702835151156,16.52286405902896,16.60901641845703,3034400,ILF
2016-09-14,16.572096976322904,16.787479085410798,16.516712971879215,16.578250885009766,2458300,ILF
2016-09-15,16.664402951890658,16.898245608989466,16.504404850196508,16.830554962158203,2047100,ILF
2016-09-16,16.695167476651385,16.70132138380773,16.47978659486816,16.633630752563477,1594400,ILF
2016-09-19,16.775169508619133,16.916705872358094,16.62747923683874,16.682863235473633,1063800,ILF
2016-09-20,16.84901299318514,16.885936439101016,16.76286063352384,16.805936813354492,774900,ILF
2016-09-21,16.984399658425268,17.310548606310764,16.855169922031745,17.27362632751465,1807400,ILF
2016-09-22,17.51361637208899,17.692076138269076,17.390541764065354,17.476694107055664,1164900,ILF
2016-09-23,17.409008370571772,17.452084554159434,17.199780187084883,17.21824073791504,740400,ILF
2016-09-26,17.16285559447071,17.212085682967782,17.015165328979492,17.015165328979492,750300,ILF
2016-09-27,17.10746755533204,17.33515739440918,16.972085137393336,17.33515739440918,1219200,ILF
2016-09-28,17.341316119898057,17.630542755126953,17.18131803219549,17.630542755126953,1194100,ILF
2016-09-29,17.599768665152343,17.661306551754418,17.16285072664142,17.2059268951416,1820600,ILF
2016-09-30,17.384393657698684,17.427469843565692,17.23670337455264,17.255165100097656,1370100,ILF
2016-10-03,17.359774305625283,17.655155982392312,17.249007497292652,17.649002075195312,1136900,ILF
2016-10-04,17.593620935815213,17.6674654866727,17.39054666035017,17.482852935791016,4898500,ILF
2016-10-05,17.64284743536351,17.821306041714692,17.593617353569623,17.78438377380371,1259700,ILF
2016-10-06,17.710543022792425,17.87054111624919,17.673619573253028,17.852079391479492,1127700,ILF
2016-10-07,18.0059205338449,18.018228348278125,17.70438612265761,17.91361427307129,1400900,ILF
2016-10-10,18.07976379250508,18.325915368785232,18.07976379250508,18.288991928100586,1641900,ILF
2016-10-11,18.227454638326677,18.227454638326677,18.01822650926764,18.110532760620117,1106100,ILF
2016-10-12,18.061306620007375,18.153612891487693,17.92592299301418,18.018230438232422,2387000,ILF
2016-10-13,17.87669246942364,18.135150727538246,17.729002203892136,18.098228454589844,2539900,ILF
2016-10-14,18.25207521377792,18.362843222054156,18.10438492732229,18.184383392333984,1155100,ILF
2016-10-17,18.215150386677102,18.38745510989499,18.159766390289093,18.36284065246582,694800,ILF
2016-10-18,18.63360947981962,18.84899041566555,18.54130202304214,18.818222045898438,2339600,ILF
2016-10-19,18.898216059446707,18.972061772724317,18.805909798153035,18.928985595703125,1253300,ILF
2016-10-20,18.848984452798724,19.095136028017983,18.812062186010913,19.070520401000977,1152700,ILF
2016-10-21,18.898217209806674,19.15052272751631,18.879756660666896,19.132061004638672,1907000,ILF
2016-10-24,19.341291137446877,19.421289597249515,19.181293044103608,19.26129150390625,1624100,ILF
2016-10-25,19.19359766970279,19.35359573644663,19.09513750151239,19.285903930664062,785000,ILF
2016-10-26,19.095138549804688,19.2489827177652,19.002831110038095,19.095138549804688,882000,ILF
2016-10-27,19.27974853813207,19.328978618434604,19.07052040341187,19.138212203979492,889700,ILF
2016-10-28,19.082830064285037,19.218212504788635,18.79360346122552,18.941293716430664,1808600,ILF
2016-10-31,19.13821460649381,19.193598600504004,19.015138803418314,19.119752883911133,1331100,ILF
2016-11-01,19.088981964502743,19.132058137691057,18.35668349908834,18.541296005249023,1602000,ILF
2016-11-02,18.41206914187782,18.50437540326125,18.08591909966938,18.239763259887695,4012600,ILF
2016-11-03,18.418222861917602,18.602835382807918,18.15976462842849,18.20284080505371,4993300,ILF
2016-11-04,18.15976462842849,18.479760760126968,18.07976500863498,18.20284080505371,2668700,ILF
2016-11-07,18.848986151778718,19.10744439006528,18.848986151778718,19.10129165649414,2100300,ILF
2016-11-08,19.0212924529119,19.482824947577324,18.928986188726384,19.37205696105957,2087700,ILF
2016-11-09,18.295145236904517,18.855137824536868,18.14130109362667,18.53514289855957,9638200,ILF
2016-11-10,17.84591903782308,17.98745535539156,17.156696820607454,17.2059268951416,13135600,ILF
2016-11-11,16.861321918115657,16.959782099561806,16.319790920161825,16.812091827392578,4684900,ILF
2016-11-14,16.584401644461156,16.77516808257669,16.393634032607775,16.732091903686523,2578100,ILF
2016-11-15,16.935165279365066,17.230545782511044,16.89824183616848,17.095163345336914,2069600,ILF
2016-11-16,16.855161079357515,17.058235266805045,16.824392725459013,16.96592903137207,1595600,ILF
2016-11-17,16.92901212583463,17.132086377505452,16.71363005921701,16.75670623779297,1849900,ILF
2016-11-18,16.885931597074112,16.935161670440728,16.627473418465005,16.70747184753418,1361100,ILF
2016-11-21,17.00900769193651,17.212081909179688,17.00900769193651,17.212081909179688,1146200,ILF
2016-11-22,17.519772812486043,17.5382345345417,17.1936239390008,17.365928649902344,1449700,ILF
2016-11-23,17.027468932943933,17.310541578352105,17.002853307914908,17.298234939575195,1293000,ILF
2016-11-25,17.07670119722493,17.138239093944463,17.052085569042017,17.10746955871582,665200,ILF
2016-11-28,17.19977814923387,17.470543035058018,17.156700797012096,17.378236770629883,1019400,ILF
2016-11-29,17.193627044169652,17.2613176897897,17.058243405453513,17.08285903930664,1103900,ILF
2016-11-30,17.365925560929806,17.50130915111424,17.236697050740236,17.298234939575195,2283400,ILF
2016-12-01,17.064396652768203,17.125934561278743,16.62132582422065,16.66440200805664,2841400,ILF
2016-12-02,16.71363164594643,16.922859824953985,16.652093739108096,16.812091827392578,1749600,ILF
2016-12-05,16.861316097536175,17.06439029838425,16.855162191602894,17.039775848388672,880900,ILF
2016-12-06,17.027473787879824,17.32285433002249,16.984397605534593,17.23670196533203,1680800,ILF
2016-12-07,17.384387857603528,17.54438590439813,17.298235514613218,17.476694107055664,1464900,ILF
2016-12-08,17.4213110391175,17.519771200211146,17.304390331404864,17.445926666259766,1911000,ILF
2016-12-09,17.421310122636854,17.642846060312095,17.402849576989013,17.476694107055664,1413900,ILF
2016-12-12,17.482851164005883,17.556696881117507,17.27977690912123,17.322853088378906,1198800,ILF
2016-12-13,17.43977497816731,17.556696874492488,17.261315179895306,17.390544891357422,1005700,ILF
2016-12-14,17.32285559796012,17.372085691920606,16.78747847285712,16.818246841430664,1896500,ILF
2016-12-15,16.76900915464767,16.95362162997448,16.66439510563248,16.88593101501465,1105600,ILF
2016-12-16,16.85516554150305,16.91670343932873,16.58440066905049,16.633630752563477,1602300,ILF
2016-12-19,16.73209073625787,16.750551283786862,16.387478981705026,16.393632888793945,1514300,ILF
2016-12-20,16.559785842895508,16.60901592879414,16.48594130091648,16.559785842895508,3372200,ILF
2016-12-21,16.75055134739759,16.75055134739759,16.553631014755446,16.590553283691406,764700,ILF
2016-12-22,16.512807921883287,16.606101573710223,16.43817442395541,16.59366226196289,1229000,ILF
2016-12-23,16.774028640961035,16.87354076893173,16.724272576975686,16.848663330078125,1003200,ILF
2016-12-27,16.935733377915906,16.997928744303415,16.879757666794937,16.923294067382812,837500,ILF
2016-12-28,17.010372849361318,17.172080373036376,16.997933535322094,17.15342140197754,940000,ILF
2016-12-29,17.259153013994162,17.39598190812601,17.215616601601223,17.32756805419922,1274400,ILF
2016-12-30,17.37110465255082,17.37110465255082,17.10366533209893,17.15342140197754,960700,ILF
2017-01-03,17.4457359754055,17.7131752623032,17.4457359754055,17.626102447509766,1951200,ILF
2017-01-04,17.682079215965615,17.744274595768427,17.570127769576192,17.70073699951172,2213200,ILF
2017-01-05,17.762933234871443,17.961957510803945,17.744275450426684,17.905982971191406,965700,ILF
2017-01-06,17.83756982609926,17.893545557935507,17.6758622881588,17.725618362426758,641300,ILF
2017-01-09,17.794032265563978,17.825129365128074,17.650982523245535,17.669641494750977,760400,ILF
2017-01-10,17.825127933630025,17.89354297071074,17.738055112820543,17.806468963623047,1776600,ILF
2017-01-11,17.650978193481635,18.117441690189985,17.57634469832399,18.111223220825195,2559500,ILF
2017-01-12,18.229395327710282,18.335127113891453,18.167199950025214,18.24183464050293,1147100,ILF
2017-01-13,18.111227866569013,18.25427642421316,18.061471794941557,18.179641723632812,1491000,ILF
2017-01-17,18.098786826155248,18.353786817213432,18.073908199574838,18.285371780395508,1140700,ILF
2017-01-18,18.204520352585703,18.335129595753404,18.129885652005356,18.179641723632812,1880100,ILF
2017-01-19,18.31646953925386,18.31646953925386,18.129883404077013,18.24805450439453,1146200,ILF
2017-01-20,18.39732270742865,18.540371247387956,18.28537126353765,18.52793312072754,2070500,ILF
2017-01-23,18.664762398444687,18.975738110808752,18.62122598851823,18.963298797607422,2870100,ILF
2017-01-24,18.944640555382907,19.081470633296163,18.944640555382907,19.0068359375,1389600,ILF
2017-01-25,19.14366431829478,19.292932510375977,19.056590316538806,19.292932510375977,1699800,ILF
2017-01-26,19.10634560430476,19.187199946487596,18.988175698465373,19.069028854370117,2321500,ILF
2017-01-27,19.131227805681657,19.1996428485861,19.075252077174074,19.162324905395508,1180000,ILF
2017-01-30,19.006833318804883,19.013052974787495,18.789150104525806,18.863784790039062,1722900,ILF
2017-01-31,18.932203334266656,19.00061719022001,18.78915359266607,18.832691192626953,1698700,ILF
2017-02-01,18.963298797607422,19.01927452073521,18.83268956782805,18.963298797607422,1281000,ILF
2017-02-02,19.03171549898324,19.087691227008232,18.957080799523816,19.05659294128418,1057900,ILF
2017-02-03,19.168543834923252,19.230739218268226,19.05659238215796,19.11878776550293,1480700,ILF
2017-02-06,19.025495818769087,19.06903223245167,18.807812564077878,18.832691192626953,1391200,ILF
2017-02-07,18.91976147817572,18.963297886009308,18.795370724698486,18.814029693603516,683400,ILF
2017-02-08,18.807809232271424,19.100125948269305,18.75805317026587,19.069028854370117,1118900,ILF
2017-02-09,19.069033392628583,19.187204512869727,19.05659407759723,19.11256980895996,1600600,ILF
2017-02-10,19.292931500142494,19.5852482127102,19.292931500142494,19.541711807250977,987500,ILF
2017-02-13,19.603913691081203,19.697206188944676,19.53549863905137,19.666109085083008,1233200,ILF
2017-02-14,19.653665920579485,19.771837027415604,19.44842199095793,19.76561737060547,1178200,ILF
2017-02-15,19.802933715385716,20.08281233465886,19.765616961575372,20.07659149169922,1001300,ILF
2017-02-16,20.169885855015167,20.207203796397696,19.883787569140395,19.89622688293457,1390000,ILF
2017-02-17,19.74696061627675,19.846472763850205,19.666107441227705,19.796716690063477,973400,ILF
2017-02-21,20.132568069251498,20.281837463378906,20.051716087799157,20.281837463378906,2088800,ILF
2017-02-22,20.256956100463867,20.294274037096113,20.1325653509126,20.256956100463867,820800,ILF
2017-02-23,20.524400393089422,20.55549749493123,20.082815378288096,20.132570266723633,1509300,ILF
2017-02-24,19.802938002864206,19.827815448697844,19.65988942705498,19.666109085083008,2308000,ILF
2017-02-27,19.690979738898136,19.846467577130927,19.6723207712501,19.734516143798828,1971000,ILF
2017-02-28,19.709643420461443,19.709643420461443,19.355131254307224,19.380008697509766,1377700,ILF
2017-03-01,19.547936477326857,19.908667125454258,19.547936477326857,19.902448654174805,3031100,ILF
2017-03-02,19.635005090924803,19.7096397793011,19.280492990263173,19.286712646484375,1576700,ILF
2017-03-03,19.59147263389779,19.79671658546844,19.45464372827681,19.771839141845703,1509400,ILF
2017-03-06,19.740737629518655,19.765616255355457,19.58524977687316,19.61012840270996,1220800,ILF
2017-03-07,19.753179847097055,19.778057290313857,19.535496584127902,19.560375213623047,772500,ILF
2017-03-08,19.324029031000368,19.35512731151651,19.031712311817216,19.07524871826172,2950500,ILF
2017-03-09,19.025495045578428,19.087690428145212,18.789152829080294,18.8886661529541,2672400,ILF
2017-03-10,19.199643827901085,19.27427734553248,19.01927731878153,19.11256980895996,1542500,ILF
2017-03-13,19.1872022109554,19.2991536602499,19.149885456616644,19.280494689941406,1107300,ILF
2017-03-14,19.162323799653617,19.193422083851285,18.98195849642011,19.0068359375,1032300,ILF
2017-03-15,19.09391079784,19.73452005924171,19.00061712736787,19.715862274169922,1917700,ILF
2017-03-16,19.796712694999332,19.827809789986116,19.641224847509147,19.690980911254883,2640300,ILF
2017-03-17,19.74074506527353,19.778061831806685,19.47330566818226,19.523061752319336,1824000,ILF
2017-03-20,19.47951458837663,19.858905262196643,19.429758531668924,19.82158851623535,1704900,ILF
2017-03-21,19.79049315064665,19.834029558385566,19.292932510375977,19.292932510375977,1855500,ILF
2017-03-22,19.236958760444026,19.523055861334182,19.137446622197164,19.41732406616211,1883800,ILF
2017-03-23,19.268056309297545,19.467080590444645,19.224519896081404,19.330251693725586,4862500,ILF
2017-03-24,19.40488744214741,19.622569520005257,19.373789155111748,19.58525276184082,1593900,ILF
2017-03-27,19.29915563878287,19.616351048876478,19.187204178011203,19.58525276184082,1357900,ILF
2017-03-28,19.597688440016398,19.784273382493367,19.591468783763414,19.690980911254883,2261900,ILF
2017-03-29,19.746957272547043,20.04549366471658,19.69720120718545,20.03305435180664,1343200,ILF
2017-03-30,19.989519610710442,20.026837552553857,19.802934646606445,19.802934646606445,1620400,ILF
2017-03-31,19.684765379003814,19.865131889293117,19.5728139155523,19.722082138061523,1493700,ILF
2017-04-03,19.84647060749469,19.945982744255968,19.75317812756577,19.89000701904297,1780300,ILF
2017-04-04,19.784275561103268,20.101470947265625,19.759398119630006,20.101470947265625,1318100,ILF
2017-04-05,20.24452119947568,20.319154716446384,19.846472612222954,19.87135124206543,6703000,ILF
2017-04-06,19.80293311742093,19.93354234495241,19.572810572269717,19.635005950927734,1320100,ILF
2017-04-07,19.734519086554783,20.00195839799947,19.697202331972203,19.76561737060547,1395200,ILF
2017-04-10,19.80915333263688,19.927324436792343,19.67854291514332,19.852689743041992,1043300,ILF
2017-04-11,19.852690193390906,19.877567634353213,19.442202334147794,19.76561737060547,1403500,ILF
2017-04-12,19.734517973059454,19.734517973059454,19.510616271919098,19.61012840270996,1640900,ILF
2017-04-13,19.659884138913785,19.7282979862631,19.299152374267578,19.299152374267578,1625700,ILF
2017-04-17,19.541712258135092,19.877565383911133,19.504395507777335,19.877565383911133,996500,ILF
2017-04-18,19.746960249709,19.902448125690963,19.635008789197453,19.684764862060547,1408000,ILF
2017-04-19,19.72208080989456,19.740739781306033,19.32403224334287,19.336471557617188,846800,ILF
2017-04-20,19.498180437729694,19.529277539295652,19.274277510363973,19.39866828918457,1091800,ILF
2017-04-21,19.41732239578149,19.43598136495198,19.30537213959302,19.32402992248535,666400,ILF
2017-04-24,19.753178615997662,19.834031784261096,19.672324261455955,19.70342254638672,967300,ILF
2017-04-25,19.485739092300307,19.72829978082095,19.454641993974473,19.697202682495117,786000,ILF
2017-04-26,19.55415435431834,19.641227179642577,19.305374006050325,19.42354393005371,915600,ILF
2017-04-27,19.58525201888466,19.58525201888466,19.255617306481305,19.36134910583496,774400,ILF
2017-04-28,19.292934448901786,19.52927548020802,19.2804951350756,19.516836166381836,1392300,ILF
2017-05-01,19.529276471270432,19.759399043619986,19.47952039971895,19.64744758605957,1500300,ILF
2017-05-02,19.678545727206256,19.94598507080127,19.67232606964842,19.902448654174805,1945200,ILF
2017-05-03,19.827815241075875,19.852693872927475,19.622571273414007,19.659889221191406,777300,ILF
2017-05-04,19.504396959339307,19.510616615908166,19.205859375425067,19.2618350982666,1299600,ILF
2017-05-05,19.311593767318783,19.58525276184082,19.311593767318783,19.58525276184082,870500,ILF
2017-05-08,19.47330056235981,19.529276290622235,19.31159303474373,19.36134910583496,783500,ILF
2017-05-09,19.448419656920535,19.65988321797413,19.4111017205383,19.57280921936035,927800,ILF
2017-05-10,19.84025126361281,19.995740314317942,19.815373822169207,19.921104431152344,787900,ILF
2017-05-11,20.008176653052878,20.06415237746304,19.877567420281324,20.039276123046875,638800,ILF
2017-05-12,20.163666708778894,20.35647252998006,20.163666708778894,20.35025405883789,1959700,ILF
2017-05-15,20.487081483185055,20.611472257255016,20.455984382806736,20.586593627929688,1178700,ILF
2017-05-16,20.673664655846984,20.704761749945735,20.56171321904652,20.655004501342773,1125300,ILF
2017-05-17,20.449765459234623,20.49330187331222,20.11391108844463,20.12635040283203,2210100,ILF
2017-05-18,18.03659356480573,18.86378901532672,17.414642062571048,18.011714935302734,5983700,ILF
2017-05-19,18.720734037621984,18.9881732817174,18.646099360973842,18.93219757080078,2441600,ILF
2017-05-22,18.770494495523906,18.826470219568467,18.46573843476919,18.670982360839844,3044700,ILF
2017-05-23,18.807811387220163,18.96951890383576,18.789152416975902,18.8762264251709,2368600,ILF
2017-05-24,19.0379341851726,19.280494870057836,18.950860175864424,19.106348037719727,2229400,ILF
2017-05-25,19.156105227051572,19.243179241455202,18.882447428292487,18.93842315673828,1792200,ILF
2017-05-26,19.062809794223355,19.280493017156555,19.01927338689234,19.18720054626465,1096800,ILF
2017-05-30,19.093907894495235,19.17476105216146,19.044151831405685,19.08146858215332,831900,ILF
2017-05-31,19.093904963224368,19.106343087378686,18.845123499691102,18.851343154907227,1328400,ILF
2017-06-01,18.96951967402366,19.06903181347693,18.77671505211773,18.82025146484375,864400,ILF
2017-06-02,18.919758176006667,18.957074921025484,18.75805069922122,18.851343154907227,670700,ILF
2017-06-05,18.838907144683414,18.963296704129977,18.77049211590706,18.85756492614746,608500,ILF
2017-06-06,18.938422291060924,19.0939101549078,18.901104349617327,19.0130558013916,771200,ILF
2017-06-07,19.069028327272292,19.180979760259802,18.913540489518095,19.03171157836914,600200,ILF
2017-06-08,18.975738839580576,19.031714564858138,18.87622670270452,19.0068359375,798800,ILF
2017-06-09,19.031715999813517,19.05037378546064,18.826472053746873,18.87000846862793,764000,ILF
2017-06-12,18.81402791654536,18.85134466455256,18.615003678802918,18.73939323425293,668000,ILF
2017-06-13,18.758056493258028,18.84512932062319,18.677203323030135,18.832691192626953,459000,ILF
2017-06-14,19.01927281621835,19.168541002422227,18.851345661884704,18.96951675415039,1800000,ILF
2017-06-15,18.726954452562673,18.78293016575006,18.590124404203284,18.776710510253906,849400,ILF
2017-06-16,18.789153286017957,18.851348670097284,18.720739431181148,18.845129013061523,679600,ILF
2017-06-19,18.826468040421474,18.98817553713513,18.826468040421474,18.863784790039062,707600,ILF
2017-06-20,18.794666406479006,18.794666406479006,18.411357879638672,18.411357879638672,1083500,ILF
2017-06-21,18.48048061398517,18.581020365555425,18.367373093836537,18.3862247467041,604900,ILF
2017-06-22,18.42392321523175,18.58101669585075,18.40507276461548,18.49932861328125,533700,ILF
2017-06-23,18.549596786499023,18.612434412718358,18.43020541653509,18.549596786499023,1523000,ILF
2017-06-26,18.78209782950398,18.964326858520508,18.738111842783642,18.964326858520508,743000,ILF
2017-06-27,18.85750493300344,18.926626460378227,18.675275887571136,18.719263076782227,678000,ILF
2017-06-28,18.857501795250496,19.01459527785152,18.74439429601325,19.00202751159668,718500,ILF
2017-06-29,18.98946160667184,19.027164909132,18.706694029390263,18.870071411132812,710400,ILF
2017-06-30,18.945475171024675,19.090000898119783,18.945475171024675,19.027164459228516,421000,ILF
2017-07-03,19.171690234261995,19.240811755449123,19.108852596685356,19.159122467041016,451900,ILF
2017-07-05,19.14655325355873,19.259660752947298,18.9454737873249,19.196823120117188,455300,ILF
2017-07-06,19.121420104155323,19.152838323252723,18.932907193986225,18.97689437866211,1884000,ILF
2017-07-07,19.133986842432883,19.17168894302829,18.951757825586775,19.115135192871094,419900,ILF
2017-07-10,19.203105934157303,19.473306901314157,19.203105934157303,19.460739135742188,1021300,ILF
2017-07-11,19.44189036456619,19.686955821738575,19.416754831252,19.66810417175293,670500,ILF
2017-07-12,19.93202198589226,20.126817581873784,19.78121237624254,20.120534896850586,954500,ILF
2017-07-13,20.18965721130371,20.20222497890078,20.11425060572129,20.18965721130371,1206700,ILF
2017-07-14,20.302764934827007,20.447290668119056,20.296479852434494,20.434722900390625,1178500,ILF
2017-07-17,20.441004296908353,20.441004296908353,20.340464558476604,20.390735626220703,1292300,ILF
2017-07-18,20.415867902587,20.503839860046135,20.35931415892669,20.497554779052734,558700,ILF
2017-07-19,20.554112100277187,20.62323362089925,20.459857442475137,20.5101261138916,1042800,ILF
2017-07-20,20.604384338379194,20.616952106210853,20.491276824950884,20.54783058166504,648200,ILF
2017-07-21,20.566677149608346,20.59809536472393,20.428434126632375,20.441001892089844,934100,ILF
2017-07-24,20.44100508616218,20.49127615584731,20.371883563873396,20.4849910736084,587900,ILF
2017-07-25,20.560400009155273,20.717493524146846,20.5101289337707,20.560400009155273,503000,ILF
2017-07-26,20.54153892752727,20.63579595758149,20.472419822150805,20.60437774658203,586900,ILF
2017-07-27,20.667219860897262,20.67978762816972,20.41587170661762,20.47242546081543,639100,ILF
2017-07-28,20.478708805071783,20.59181631710799,20.397019513699725,20.58553123474121,383100,ILF
2017-07-31,20.69235764058566,20.736343632283535,20.560399665492024,20.72377586364746,684600,ILF
2017-08-01,20.74890953589164,20.931138569149812,20.736341768385227,20.855731964111328,586500,ILF
2017-08-02,20.774044630307777,21.031677866083733,20.730058643496502,20.98769187927246,822300,ILF
2017-08-03,21.01282754483779,21.01282754483779,20.887154651431917,20.968841552734375,384600,ILF
2017-08-04,20.98769287003866,21.00654332326008,20.818031599876047,20.937421798706055,556600,ILF
2017-08-07,20.9437041687933,21.125930786132812,20.92485132095684,21.125930786132812,481100,ILF
2017-08-08,21.094513488679098,21.30187804452523,21.044244818721992,21.17620277404785,667300,ILF
2017-08-09,20.949991098134852,20.993977090238268,20.84945134517608,20.968841552734375,899000,ILF
2017-08-10,20.91228319042641,20.91228319042641,20.629516845425147,20.64208221435547,1459300,ILF
2017-08-11,20.629520820358934,20.84316569212759,20.54154644150177,20.75519371032715,735400,ILF
2017-08-14,20.792892763845852,21.075661502567574,20.767757232169203,20.912282943725586,671100,ILF
2017-08-15,20.95627229285591,21.100800424691105,20.906003618481748,21.069379806518555,427700,ILF
2017-08-16,21.17620674508521,21.3081647251563,21.09451744439779,21.28931427001953,1146300,ILF
2017-08-17,21.151069436519787,21.20134050875262,20.906003952026367,20.906003952026367,952000,ILF
2017-08-18,21.06309392275602,21.314442050573692,20.912283128420416,21.283023834228516,1339500,ILF
2017-08-21,21.37099963572929,21.440121162332392,21.195055674962628,21.25789451599121,595800,ILF
2017-08-22,21.502958918881482,21.634916882801317,21.427552313450235,21.458972930908203,910000,ILF
2017-08-23,21.452686782871478,21.722887779602374,21.427551248976407,21.685184478759766,802000,ILF
2017-08-24,21.766873448405274,21.89883140384806,21.697751929728653,21.823427200317383,1371300,ILF
2017-08-25,21.861134201211602,21.94910618639848,21.76059444713277,21.817148208618164,1276800,ILF
2017-08-28,21.82342751812621,21.82342751812621,21.660051341921143,21.685184478759766,488400,ILF
2017-08-29,21.51552464037463,21.76059009207959,21.45268580849109,21.735454559326172,1043300,ILF
2017-08-30,21.697752249618148,21.722887783517752,21.60978027802599,21.660051345825195,437600,ILF
2017-08-31,21.760587007179264,21.792005220138847,21.616061309920386,21.6977481842041,747200,ILF
2017-09-01,21.942820509045852,22.125049557457846,21.886269146149115,21.993091583251953,1007500,ILF
2017-09-05,22.18788268262977,22.24443642800995,21.779438699655568,21.86741065979004,2893300,ILF
2017-09-06,22.04964430793127,22.351263547836012,22.030793854517423,22.300994873046875,720200,ILF
2017-09-07,22.42666435453386,22.495785869301923,22.351260155267,22.401531219482422,818500,ILF
2017-09-08,22.35754728732145,22.39524819188444,22.112479422379536,22.150182723999023,574700,ILF
2017-09-11,22.351259297614714,22.571189202477445,22.3386915320431,22.458084106445312,1064400,ILF
2017-09-12,22.307278338684327,22.59004713506491,22.282142801882337,22.39525032043457,2051800,ILF
2017-09-13,22.332414002770665,22.439236439202876,22.275860243172218,22.376399993896484,468000,ILF
2017-09-14,22.26329160866381,22.451803334306668,22.200455165801742,22.432952880859375,301200,ILF
2017-09-15,22.420387951112815,22.627750156453317,22.370116872813938,22.615184783935547,372500,ILF
2017-09-18,22.60260987986553,22.72828274183029,22.52720328621924,22.590042114257812,1468900,ILF
2017-09-19,22.59632769945832,22.627745918982995,22.414098670336116,22.51464080810547,655600,ILF
2017-09-20,22.634029388427734,22.671732687404848,22.3638284050659,22.634029388427734,835700,ILF
2017-09-21,22.621467438012235,22.665453432932704,22.44552345833036,22.508359909057617,2757800,ILF
2017-09-22,22.48321754956167,22.684297007358893,22.4769348652176,22.57747459411621,1773700,ILF
2017-09-25,22.54605655967806,22.558624325523528,22.15018032524266,22.175315856933594,620700,ILF
2017-09-26,22.187884855487813,22.282139508981043,22.093627804938215,22.112478256225586,515300,ILF
2017-09-27,22.04335796975429,22.04964065416561,21.672617266024012,21.792007446289062,1294000,ILF
2017-09-28,21.773158405631072,21.86741306024056,21.71031957216835,21.84227752685547,868000,ILF
2017-09-29,21.986808027001793,22.106198227929255,21.93025426928738,22.049644470214844,774400,ILF
2017-10-02,21.94281890141427,22.093629715926735,21.923968448496428,22.08734703063965,990300,ILF
2017-10-03,22.162754667473433,22.621467470194432,22.112483589174555,22.615184783935547,1763100,ILF
2017-10-04,22.615177645473242,22.75341827304572,22.564906583042383,22.590042114257812,704000,ILF
2017-10-05,22.784835552990334,22.910510806851054,22.514636993215504,22.539770126342773,5363500,ILF
2017-10-06,22.31355986957239,22.34498048747714,22.137615915177456,22.332412719726562,4985600,ILF
2017-10-09,22.19417108596286,22.225589308813298,21.961673360401516,21.993091583251953,764500,ILF
2017-10-10,22.300990008550833,22.376394202815007,22.200450283846568,22.269569396972656,667100,ILF
2017-10-11,22.34498048747714,22.357548255227723,22.20673743927735,22.332412719726562,665600,ILF
2017-10-12,22.275854724124375,22.300990254842066,22.21301589733014,22.231868743896484,1581100,ILF
2017-10-13,22.45180080719373,22.533490091365017,22.36382883826606,22.47693634033203,1761200,ILF
2017-10-16,22.476938326002248,22.52092431435192,22.29470929023556,22.35126304626465,1469200,ILF
2017-10-17,22.31355759318386,22.407814643168983,22.099910357333084,22.363828659057617,5359100,ILF
2017-10-18,22.401528259062754,22.41409362639979,22.181595977769316,22.344974517822266,2617000,ILF
2017-10-19,22.194170785054204,22.275860081003202,22.093631035061872,22.26329231262207,607200,ILF
2017-10-20,22.344979393373574,22.40153314695378,22.162750365497747,22.16903305053711,559800,ILF
2017-10-23,22.09990775878533,22.137611053757432,21.760587692260742,21.760587692260742,611600,ILF
2017-10-24,21.779445306428833,21.942821510944842,21.67262286444853,21.917688369750977,979700,ILF
2017-10-25,22.068491416202818,22.068491416202818,21.641196958509575,21.88626480102539,1239700,ILF
2017-10-26,21.92397172438035,21.974242802414878,21.502962232597394,21.509244918823242,2667000,ILF
2017-10-27,21.628632547027212,21.82342935553008,21.48410681054701,21.810861587524414,2279900,ILF
2017-10-30,21.62863137758961,21.697752899355127,21.26417571335759,21.35843276977539,1255800,ILF
2017-10-31,21.38356677247441,21.433837843812764,21.232758352572578,21.32701301574707,1112500,ILF
2017-11-01,21.377279456871392,21.55322337433381,21.220185988549638,21.23275375366211,3053000,ILF
2017-11-02,21.19505592243977,21.289312986554865,21.05681286761942,21.24532699584961,1131300,ILF
2017-11-03,21.301880295434497,21.333298517109615,20.78032870681226,21.037961959838867,2136700,ILF
2017-11-06,21.16992208797121,21.521812438964844,21.119653407576067,21.521812438964844,1012200,ILF
2017-11-07,21.40241722425314,21.408699908938047,21.025391422637426,21.094512939453125,1433000,ILF
2017-11-08,21.245324276234285,21.433835983276367,21.125931690697723,21.433835983276367,1702700,ILF
2017-11-09,21.17620277404785,21.314443414222197,21.05681018841896,21.17620277404785,684900,ILF
2017-11-10,20.98769232945997,21.031678317214748,20.811745981384316,20.830598831176758,844800,ILF
2017-11-13,20.704924412500386,20.88086837082207,20.6546533403761,20.799179077148438,1935100,ILF
2017-11-14,20.767763439437367,20.786616292357895,20.340468861445363,20.365604400634766,1249600,ILF
2017-11-15,20.208508857191426,20.441006578821433,20.107969107536015,20.38445281982422,1915300,ILF
2017-11-16,20.673505944708154,20.887153204578293,20.610667105301278,20.81174659729004,2303300,ILF
2017-11-17,20.84316682091485,21.226475388423935,20.84316682091485,21.1824893951416,2243100,ILF
2017-11-20,21.069379190641502,21.163636248290697,20.868299704909344,21.088232040405273,1291200,ILF
2017-11-21,21.226471005475,21.509239758943107,21.182485021275113,21.333295822143555,1504400,ILF
2017-11-22,21.402421070326536,21.528093963059188,21.364717764272672,21.484107971191406,1467700,ILF
2017-11-24,21.465255318295128,21.484105770863074,21.364715576171875,21.364715576171875,749000,ILF
2017-11-27,21.270461381706273,21.295596919883852,21.132220715843296,21.1824893951416,499000,ILF
2017-11-28,21.320731364893284,21.490392643307693,21.201341160256504,21.383567810058594,488300,ILF
2017-11-29,21.239038727388117,21.239038727388117,20.937419523340687,20.94370460510254,761000,ILF
2017-11-30,20.78661245145736,20.84316380859866,20.466140378650945,20.47242546081543,1621600,ILF
2017-12-01,20.598101444793553,20.723776739408418,20.51012945768021,20.66722297668457,715100,ILF
2017-12-04,20.906003039176866,21.00654278219586,20.742624458610653,20.830598831176758,796200,ILF
2017-12-05,20.993975343398716,21.012825796429755,20.629519668144617,20.69235610961914,802200,ILF
2017-12-06,20.692358764499062,20.736344758586057,20.441008172238895,20.65465545654297,658400,ILF
2017-12-07,20.114252045148795,20.403305926453708,20.01371349276229,20.346752166748047,677700,ILF
2017-12-08,20.55411259589718,20.5980985833434,20.39073641353359,20.4849910736084,2438400,ILF
2017-12-11,20.541544207471027,20.635801261752825,20.503843303403478,20.528976440429688,1185800,ILF
2017-12-12,20.32789969799315,20.874586851120707,20.183373953149466,20.836883544921875,1083400,ILF
2017-12-13,20.836879740338524,20.912283941911436,20.535260536990535,20.579246520996094,648500,ILF
2017-12-14,20.466142115499462,20.560399179513723,20.38445281982422,20.38445281982422,1384500,ILF
2017-12-15,20.616950687757416,20.623233372712686,20.472424963221687,20.522693634033203,515300,ILF
2017-12-18,20.981405314879645,21.201337630455253,20.931136646527953,21.11336326599121,2453900,ILF
2017-12-19,21.06309861984557,21.107084611948984,20.85573403102366,20.968841552734375,436500,ILF
2017-12-20,21.03167330968687,21.1510634770156,20.981402251618363,21.05052375793457,666100,ILF
2017-12-21,21.079673255224623,21.377463216921683,21.079673255224623,21.219064712524414,699500,ILF
2017-12-22,21.238069339362436,21.301427767113363,21.124022235835497,21.19371795654297,457800,ILF
2017-12-26,21.206390199229652,21.33944434815073,21.20005290625107,21.301427841186523,309400,ILF
2017-12-27,21.453492222153017,21.466164391595957,21.3267729446928,21.339445114135742,883000,ILF
2017-12-28,21.49862348113253,21.562040278980636,21.454231238799704,21.536672592163086,1264200,ILF
2017-12-29,21.593750654876466,21.79668732960478,21.581066810306446,21.669851303100586,687400,ILF
2018-01-02,22.05669870116039,22.354762981726072,22.024990301337535,22.329395294189453,1738500,ILF
2018-01-03,22.449890187112373,22.58306691543423,22.361103282368678,22.570383071899414,584600,ILF
2018-01-04,22.747954622939318,22.84308225064136,22.62111859240195,22.646486282348633,1395000,ILF
2018-01-05,22.627460613143942,22.893814086914062,22.564043810587993,22.893814086914062,577300,ILF
2018-01-08,22.824057823283084,22.906499187287103,22.792347001070375,22.81771469116211,2488700,ILF
2018-01-09,22.811374562239543,22.811374562239543,22.63380314624741,22.652830123901367,1066800,ILF
2018-01-10,22.583070104664486,22.652830044359717,22.456234070600082,22.506969451904297,961700,ILF
2018-01-11,22.545017509926005,22.912841749519384,22.519649820465215,22.887474060058594,651100,ILF
2018-01-12,22.881133433112105,23.04601857683363,22.805030364444296,23.033334732055664,1724200,ILF
2018-01-16,23.17285401189109,23.19187856897275,23.039677273927524,23.090410232543945,794600,ILF
2018-01-17,23.21090586145449,23.53433788513493,23.13480520496343,23.470918655395508,1466000,ILF
2018-01-18,23.50262522163305,23.629458819739554,23.45823297845661,23.604093551635742,3452200,ILF
2018-01-19,23.711900052485433,23.743608448613635,23.55969878339184,23.730924606323242,885200,ILF
2018-01-22,23.63580583011671,23.85142636915814,23.572386601459694,23.845083236694336,1427800,ILF
2018-01-23,23.51531217174141,23.59141282449765,23.3631084470328,23.502628326416016,2641300,ILF
2018-01-24,24.009970722121587,24.682197608995903,23.978262317509888,24.599756240844727,1425600,ILF
2018-01-25,24.758296843095014,25.075385678424013,24.625120112863836,24.69487762451172,2289100,ILF
2018-01-26,24.70756930850971,25.05636665421388,24.618784793515548,25.050025939941406,1215800,ILF
2018-01-29,24.80268970471739,24.85342266165273,24.53633381842023,24.555360794067383,1854000,ILF
2018-01-30,24.4031601635405,24.517312355041163,24.231931876289508,24.441211700439453,2081500,ILF
2018-01-31,24.878786549686996,25.01196326289598,24.549013912791768,24.67584991455078,1966800,ILF
2018-02-01,24.707562344153526,25.05001887905651,24.675853943335675,24.885133743286133,2045800,ILF
2018-02-02,24.44120947086173,24.44120947086173,24.060701394171524,24.07338523864746,1363500,ILF
2018-02-05,23.933869154848974,24.20656335947136,23.07772774779226,23.172855377197266,2734300,ILF
2018-02-06,23.10943971039106,24.10509872960627,23.052363607796714,23.997289657592773,2371700,ILF
2018-02-07,23.914842879117476,24.06070347440759,23.344084343529587,23.369449615478516,1337300,ILF
2018-02-08,23.597752882584803,23.74361347098415,22.62746172448665,22.646486282348633,2414100,ILF
2018-02-09,22.976256688237463,23.14114423714723,22.335738306138595,23.007965087890625,2311400,ILF
2018-02-12,23.236270267425304,23.47725846796361,23.020649755195436,23.26797866821289,1119100,ILF
2018-02-13,23.223586568043853,23.375790279647365,23.128461365088093,23.34408187866211,2814600,ILF
2018-02-14,23.21090615887897,24.003628396807844,23.03968028437906,23.95923614501953,2054900,ILF
2018-02-15,24.2065614335212,24.282664498668645,23.997284052355507,24.15582847595215,1187100,ILF
2018-02-16,24.06070343757335,24.403160009919528,24.00362734218232,24.149490356445312,581400,ILF
2018-02-20,23.990942126702596,24.428523842791503,23.971915151779914,24.244611740112305,1743600,ILF
2018-02-21,24.422185780669704,24.60609792152308,24.136807708748055,24.14314842224121,786700,ILF
2018-02-22,24.39682329956334,24.60610073753612,24.39682329956334,24.466583251953125,753800,ILF
2018-02-23,24.644145255630715,24.656829099649382,24.3968163452564,24.637802124023438,1706700,ILF
2018-02-26,24.853424128220677,24.872451104990585,24.59341135819485,24.783666610717773,2187200,ILF
2018-02-27,24.732930224454556,24.758297912984098,24.314373040500854,24.327056884765625,1528600,ILF
2018-02-28,24.460235268010237,24.460235268010237,23.864109062595887,23.876792907714844,1538300,ILF
2018-03-01,23.95923358390176,24.130461859294535,23.59775247558235,23.883132934570312,1164000,ILF
2018-03-02,23.648492943486378,23.965581872996694,23.40750467968351,23.952898025512695,1026700,ILF
2018-03-05,23.75629837939182,24.143147201209587,23.68019772534123,24.13680648803711,2343700,ILF
2018-03-06,24.42218142435417,24.52364975651929,24.29534782354467,24.346080780029297,1004300,ILF
2018-03-07,24.086065849115,24.162166486556703,23.800685434714037,24.016305923461914,3312800,ILF
2018-03-08,24.073383944195857,24.073383944195857,23.749954394636507,23.933866500854492,1174400,ILF
2018-03-09,24.212907264409644,24.38413555128563,24.187539573199235,24.308034896850586,2660200,ILF
2018-03-12,24.33974330916331,24.45389550045101,24.308034904738104,24.415843963623047,1425100,ILF
2018-03-13,24.50462959674953,24.53633800264089,24.19388383213941,24.263641357421875,2481300,ILF
2018-03-14,24.428526432113795,24.472918679645783,24.10509443529954,24.225589752197266,2047700,ILF
2018-03-15,24.02899273913736,24.124120362105558,23.680195486913874,23.74361228942871,1110000,ILF
2018-03-16,23.673858598543852,23.845084476832405,23.635807059370652,23.64849090576172,900200,ILF
2018-03-19,23.426522549486748,23.534334012705937,23.255294286159227,23.350421905517578,906300,ILF
2018-03-20,23.39481414943258,23.45189023720842,23.242612861494244,23.350421905517578,1139200,ILF
2018-03-21,23.451888791725075,23.87678906768843,23.4455480797834,23.864105224609375,6166500,ILF
2018-03-22,23.540678593462857,23.66751463371826,23.331401183358256,23.363109588623047,1397000,ILF
2018-03-23,23.413843063477387,23.572387512452817,23.217249495033485,23.255298614501953,1247200,ILF
2018-03-26,23.667515443703476,23.699223850053436,23.274325882732033,23.635807037353516,1333900,ILF
2018-03-27,23.56604490162547,23.63580484062966,23.134803841596042,23.172855377197266,5407700,ILF
2018-03-28,23.103094142281854,23.26797928224611,22.957233559453016,23.223587036132812,2106900,ILF
2018-03-29,23.38847753789025,23.921186977468103,23.337742153551275,23.826059341430664,742900,ILF
2018-04-02,23.730930191254917,23.84508237953792,23.32505681922474,23.451892852783203,1564400,ILF
2018-04-03,23.686535520952003,23.73727089686724,23.40749821100583,23.559701919555664,4194200,ILF
2018-04-04,23.103096958055012,23.673857933640942,23.01431245500748,23.66751480102539,2265600,ILF
2018-04-05,23.997286966274963,24.124123004392782,23.826058677695336,23.845083236694336,803600,ILF
2018-04-06,23.623118008185678,23.756294737155034,23.344080706650484,23.55335807800293,5259000,ILF
2018-04-09,23.597755835529323,23.635807375210998,23.103097915649414,23.103097915649414,964900,ILF
2018-04-10,23.35042647641701,23.616782411242664,23.204565872258613,23.597755432128906,2388300,ILF
2018-04-11,23.559704037329233,23.946550427074957,23.559704037329233,23.876792907714844,653000,ILF
2018-04-12,24.003629062229987,24.003629062229987,23.819719336521366,23.8324031829834,916100,ILF
2018-04-13,23.857766907665738,23.86411004008308,23.502628906572706,23.540678024291992,655400,ILF
2018-04-16,23.654831348381393,23.667515194627157,23.20456569304007,23.28066635131836,703600,ILF
2018-04-17,23.439211025412174,23.64849086168016,23.337742673669123,23.623123168945312,750800,ILF
2018-04-18,23.908503293832542,24.187540652004024,23.851427195661522,24.130464553833008,1153900,ILF
2018-04-19,23.9909482807081,24.04802196252893,23.756300743639187,23.908504486083984,804000,ILF
2018-04-20,23.788007799318567,23.788007799318567,23.591414233027614,23.718250274658203,1031400,ILF
2018-04-23,23.48359799811867,23.540674084341095,23.312369739451402,23.382129669189453,2457700,ILF
2018-04-24,23.534334012705937,23.648486188257618,23.22358588610506,23.350421905517578,710300,ILF
2018-04-25,23.03333414210299,23.115777921450135,22.843081313698473,23.090410232543945,1333800,ILF
2018-04-26,23.16017103793065,23.496284461384906,23.109435658211332,23.483600616455078,1925800,ILF
2018-04-27,23.597750370656197,23.68019414460894,23.477257485029735,23.578725814819336,2647300,ILF
2018-04-30,23.521650712905412,23.585067514480585,23.255294824058677,23.26797866821289,724400,ILF
2018-05-01,23.147489365884855,23.217249309949338,22.69088058233281,22.938209533691406,1647600,ILF
2018-05-02,22.89381835287799,22.92552917926081,22.50062878153428,22.532337188720703,1756500,ILF
2018-05-03,22.5133080423388,22.583067975456828,22.12645926355403,22.297687530517578,2134100,ILF
2018-05-04,22.177196490928413,22.40550086593353,22.15182880055093,22.272321701049805,1441800,ILF
2018-05-07,22.221585979410023,22.272318934667478,21.948889389713248,21.999622344970703,1367000,ILF
2018-05-08,21.99962555604625,22.031336379305973,21.745955904341614,21.94889259338379,3990500,ILF
2018-05-09,21.942546430726747,22.113774692058264,21.872788919099087,22.088409423828125,2475500,ILF
2018-05-10,22.430862758587647,22.86844688450408,22.430862758587647,22.78600311279297,1616400,ILF
2018-05-11,22.779660935426435,22.912840085827483,22.46257209777832,22.46257209777832,1891200,ILF
2018-05-14,22.564043516908562,22.665511851195,22.24695466986395,22.34842300415039,3317400,ILF
2018-05-15,21.872789522380767,22.17085139067141,21.739610369319106,22.139142990112305,1167400,ILF
2018-05-16,22.272322989348194,22.380134470090578,22.20890617893238,22.316715240478516,700700,ILF
2018-05-17,22.08206778444022,22.132803162720293,21.574726097619433,21.669851303100586,3803700,ILF
2018-05-18,21.283004736788797,21.409838342945005,21.01664884162963,21.270320892333984,3364900,ILF
2018-05-21,21.574727766754794,21.650828420866464,21.168854385897646,21.232271194458008,2385400,ILF
2018-05-22,21.352763707763827,21.733271809753344,21.295690032621337,21.606435775756836,2533900,ILF
2018-05-23,21.441549157404854,21.5176498049155,21.23226935275562,21.365446090698242,903500,ILF
2018-05-24,21.06104270730113,21.086410398161636,20.743953829133286,20.91518211364746,5438400,ILF
2018-05-25,20.95957357811573,20.95957357811573,20.64248471182292,20.6678524017334,4829700,ILF
2018-05-29,20.033672834896617,20.21124301921784,19.78000200700767,19.837078094482422,3319600,ILF
2018-05-30,19.900500037079553,20.103437961433237,19.716589092931763,20.008310317993164,1467700,ILF
2018-05-31,19.976603139013456,20.05270501652819,19.887818623244854,19.906843185424805,1116000,ILF
2018-06-01,20.122457395357568,20.293685658403852,19.627799581576646,19.97025489807129,4854700,ILF
2018-06-04,20.198561377573373,20.312712355370277,20.07172534500163,20.281003952026367,1223200,ILF
2018-06-05,20.090752635810084,20.185879062651225,19.646827697753906,19.646827697753906,1708800,ILF
2018-06-06,19.665854724195004,19.80537341184153,19.481942572226277,19.56438636779785,1290900,ILF
2018-06-07,19.329741617664208,19.374133876016856,18.46091859379531,18.911184310913086,4611900,ILF
2018-06-08,19.272662612412812,19.596093429816545,18.866789214697448,19.488283157348633,1901500,ILF
2018-06-11,19.507306883640606,19.640483624720254,19.25997795900811,19.317052841186523,619500,ILF
2018-06-12,19.355101297612656,19.583404418815867,19.329733612146843,19.431201934814453,622400,ILF
2018-06-13,19.431204400932536,19.551698502992057,19.038014903093224,19.259977340698242,1741900,ILF
2018-06-14,19.393155759626865,19.41218152779114,18.923864364624023,18.923864364624023,1539500,ILF
2018-06-15,18.885817824539426,18.968260417251724,18.651171475191884,18.911184310913086,883100,ILF
2018-06-18,18.65116889239398,18.87313136301836,18.57506823421303,18.797029495239258,713400,ILF
2018-06-19,18.533099796388914,19.139684898159725,18.507288319088914,18.958999633789062,1515200,ILF
2018-06-20,19.32681913925848,19.34617743532192,18.98480821593471,19.088056564331055,895400,ILF
2018-06-21,19.02998089716207,19.088058252122465,18.707329472189873,18.72023582458496,1510900,ILF
2018-06-22,18.92673616152924,18.991266705035997,18.726692584394275,18.900924682617188,1741300,ILF
2018-06-25,18.946093780021133,18.99126478666767,18.61698914911657,18.913827896118164,1515100,ILF
2018-06-26,19.017076379931826,19.068700563676458,18.765408638028955,18.952547073364258,1218800,ILF
2018-06-27,18.86220866009719,19.023534429473628,18.520198816742617,18.533103942871094,1270000,ILF
2018-06-28,18.752502892118407,19.029983350294977,18.629896221012494,18.958999633789062,925900,ILF
2018-06-29,19.139682033732488,19.275196269433962,18.984809500657576,19.094511032104492,2905000,ILF
2018-07-02,18.836397218873365,18.90737972060051,18.726695646220932,18.868661880493164,621700,ILF
2018-07-03,19.17839978586392,19.430068728112325,19.1009641350317,19.339725494384766,1491200,ILF
2018-07-05,19.391353269330125,19.55913218501597,19.242933885352627,19.520414352416992,1389800,ILF
2018-07-06,19.468789662480606,19.881783148382908,19.410712299673385,19.875329971313477,1382000,ILF
2018-07-09,19.991482515999962,20.075372577933106,19.810798501037876,20.02374839782715,1413600,ILF
2018-07-10,20.09473363194076,20.12699951819279,19.965673779385767,20.120546340942383,819900,ILF
2018-07-11,19.93985812193451,19.985029125190337,19.643019397214786,19.66883087158203,1014100,ILF
2018-07-12,19.93340627197952,20.075373698307033,19.862423789633375,19.959218978881836,953200,ILF
2018-07-13,19.946311016930544,20.107636729607638,19.836609483077417,20.094730377197266,1969600,ILF
2018-07-16,20.10118226100439,20.13990008492864,19.94630973448995,20.088275909423828,467600,ILF
2018-07-17,20.04956200839812,20.449650369954803,20.01084417689833,20.423837661743164,1122200,ILF
2018-07-18,20.39802478046824,20.527084620190955,20.275416886536714,20.352853775024414,1829300,ILF
2018-07-19,19.97212946299467,20.152813525409744,19.86242789760643,20.11409568786621,1318700,ILF
2018-07-20,20.59806896813688,20.77875422630933,20.585162614520783,20.643239974975586,1743600,ILF
2018-07-23,20.533536355435437,20.617426414643194,20.46255264853926,20.559349060058594,1250200,ILF
2018-07-24,20.88200155397006,21.101404631249952,20.836830549380238,21.011062622070312,2585600,ILF
2018-07-25,21.19819956815003,21.475680015848152,21.15948296907092,21.456321716308594,1770800,ILF
2018-07-26,21.404695605862685,21.49504007792451,21.127217628824422,21.146575927734375,935100,ILF
2018-07-27,21.398238457557717,21.53375144025049,21.24981912485117,21.385332107543945,721000,ILF
2018-07-30,21.52730543013396,21.533757376102066,21.391792410086573,21.456321716308594,686700,ILF
2018-07-31,21.29499546917766,21.378885534526212,21.133669745926316,21.243370056152344,1210500,ILF
2018-08-01,21.153027520612596,21.288542995627054,20.998156208646243,21.004608154296875,2128400,ILF
2018-08-02,20.836830549380238,21.069139979633672,20.740034132896266,21.011062622070312,7863600,ILF
2018-08-03,21.230467022794244,21.695083450628786,21.230467022794244,21.598289489746094,1014100,ILF
2018-08-06,21.475683049413753,21.553121181781055,21.398247378682044,21.404699325561523,1200600,ILF
2018-08-07,21.475679728156795,21.72734746534063,21.26273105116863,21.32080841064453,2344500,ILF
2018-08-08,21.43696528156233,21.4821362921742,21.082046681561266,21.127220153808594,900700,ILF
2018-08-09,21.036876765872883,21.075595831970638,20.688415017535416,20.746492385864258,1479300,ILF
2018-08-10,20.210888702657044,20.28187242279441,19.907596751664382,19.991485595703125,4518700,ILF
2018-08-13,19.81080139017203,19.99148543148441,19.65592759645039,19.907596588134766,6410300,ILF
2018-08-14,20.185076098633495,20.35930695435643,20.068921374273096,20.339948654174805,1670900,ILF
2018-08-15,19.836610620340885,19.97212486678399,19.578489711422566,19.752721786499023,3492500,ILF
2018-08-16,20.02375024001727,20.068921247913536,19.681739246089233,19.720457077026367,3121800,ILF
2018-08-17,19.552676159885607,19.68819040047061,19.430069502710516,19.66883087158203,1284800,ILF
2018-08-20,19.559129833450367,19.6365667201559,19.507505652585863,19.597848892211914,648500,ILF
2018-08-21,19.513957676842217,19.668830210291265,19.359085143393173,19.37844467163086,1357900,ILF
2018-08-22,19.236479882450404,19.73336343094463,19.230026705491273,19.720457077026367,1777000,ILF
2018-08-23,19.65592727306297,19.72691099144939,19.184856414794922,19.184856414794922,2550800,ILF
2018-08-24,19.55912879908296,19.58494150355891,19.255836906395515,19.442974090576172,1781400,ILF
2018-08-27,19.655928150265115,19.978579639776896,19.655928150265115,19.881784439086914,2976800,ILF
2018-08-28,19.823708917053438,19.907599001390192,19.481699094071196,19.533323287963867,1494800,ILF
2018-08-29,19.64302091530641,19.8237049422937,19.52041301783816,19.778533935546875,1992200,ILF
2018-08-30,19.565586512771326,19.66883489298507,19.062250966933764,19.171951293945312,2684300,ILF
2018-08-31,19.210662867730672,19.526861062674314,19.133225997360846,19.475236892700195,1290700,ILF
2018-09-04,18.875108179338028,18.965450183599756,18.610534111870827,18.64925193786621,2313800,ILF
2018-09-05,18.546006927763344,18.82994057486979,18.494382740181962,18.72669219970703,1970700,ILF
2018-09-06,18.81703543105109,19.0493449055241,18.681522391487032,19.0106258392334,1610000,ILF
2018-09-07,19.120325873608873,19.249386955980967,18.94609501246956,19.184856414794922,1396500,ILF
2018-09-10,19.133230536667313,19.171948365629277,18.93318698440998,18.99126434326172,1314400,ILF
2018-09-11,18.62989812313806,18.70088061607367,18.52019656407271,18.66216278076172,1682700,ILF
2018-09-12,18.888012858785423,19.133227376128673,18.78476451139696,19.017072677612305,1262400,ILF
2018-09-13,19.036438550093866,19.210670655948626,18.978361181475613,19.0106258392334,1367700,ILF
2018-09-14,19.159041742698715,19.236477394558072,18.913825973236587,19.165494918823242,774400,ILF
2018-09-17,19.15258860943365,19.48169320761613,19.15258860943365,19.46233367919922,1107300,ILF
2018-09-18,19.539773713106392,19.78498829184398,19.520414181567492,19.73336410522461,1655200,ILF
2018-09-19,19.772085292535753,20.030207500250096,19.733367453705764,19.82370948791504,604900,ILF
2018-09-20,20.02374968881909,20.146356355214603,19.84306443139014,20.030202865600586,3542700,ILF
2018-09-21,20.043110331706135,20.410932835532247,19.991486142236113,20.23670196533203,4447800,ILF
2018-09-24,20.15281111423713,20.230248010877173,19.823706457447972,19.88823699951172,1387000,ILF
2018-09-25,19.688193700343135,20.05601619515296,19.662380990831977,20.010845184326172,1168900,ILF
2018-09-26,20.133451459750553,20.404478733544728,20.081827275733453,20.1463565826416,2134800,ILF
2018-09-27,20.327040015860664,20.610973617853976,20.28832218903079,20.449647903442383,1286900,ILF
2018-09-28,20.262512823944736,20.54644647274082,20.223794990732728,20.256059646606445,1441900,ILF
2018-10-01,20.320587891980544,20.45610213912962,20.20443317465779,20.352853775024414,1461200,ILF
2018-10-02,20.79811242778066,20.978796454282936,20.66259940790395,20.86264419555664,7458000,ILF
2018-10-03,21.47567756416058,21.759612387047724,21.043325846233277,21.217557907104492,2032600,ILF
2018-10-04,21.1207640522641,21.1207640522641,20.65614516706708,20.95943832397461,1432700,ILF
2018-10-05,21.165937152413974,21.224014518807035,20.843285663927066,21.030424118041992,2731100,ILF
2018-10-08,21.940297465566438,22.037093880215618,21.656365090435973,21.93384552001953,2436300,ILF
2018-10-09,21.882223014013608,22.243593553490125,21.688632620650814,22.114532470703125,2354600,ILF
2018-10-10,21.791879232333415,21.875769298606432,21.32080841064453,21.32080841064453,1246100,ILF
2018-10-11,21.46922742981932,21.656365858573366,21.04977956697544,21.17884063720703,2536600,ILF
2018-10-12,21.572477455401785,21.669273880940484,21.353074357598047,21.611196517944336,2294900,ILF
2018-10-15,21.520851809408796,21.7725220208012,21.417603438697295,21.53375816345215,874700,ILF
2018-10-16,21.92094207734033,22.114532470703125,21.84995835872571,22.114532470703125,2178200,ILF
2018-10-17,22.050000752439857,22.321029273119198,21.940300431865527,22.14679718017578,1044500,ILF
2018-10-18,21.972559580823305,22.004824228104496,21.39178854485748,21.424053192138672,2165300,ILF
2018-10-19,21.630556451243823,21.811240500144475,21.365982324652638,21.501495361328125,908300,ILF
2018-10-22,21.759617975361593,21.856411948503183,21.62410247434642,21.707992553710938,1237600,ILF
2018-10-23,21.28854153954426,21.5531156025561,21.101403127219186,21.475677490234375,1361200,ILF
2018-10-24,21.54666135939747,21.60473871326249,20.71422010787719,20.720674514770508,924700,ILF
2018-10-25,20.978794085743036,21.391789967975704,20.89490648955816,21.217557907104492,1233200,ILF
2018-10-26,21.172390322336863,21.630554818397933,20.99815823334842,21.611196517944336,1623300,ILF
2018-10-29,21.940298256353987,22.004827560689193,20.43674257213655,20.630332946777344,5228500,ILF
2018-10-30,20.688411635941264,21.243370056152344,20.662598929428608,21.243370056152344,3557200,ILF
2018-10-31,21.256277088353247,21.314354449044185,20.940080039196694,21.230466842651367,1073100,ILF
2018-11-01,21.507948032461705,21.901580755538145,21.320809590281456,21.86931610107422,1649900,ILF
2018-11-02,22.056453588249344,22.301669382501387,21.727347726715106,22.01773452758789,1502400,ILF
2018-11-05,21.920941463729942,22.140344559835693,21.91448705587179,22.13389015197754,1494800,ILF
2018-11-06,21.920941517524778,22.037096242903182,21.71444477499324,21.86931610107422,908700,ILF
2018-11-07,21.933849732188126,21.98547269138228,21.559572816079385,21.837053298950195,1074700,ILF
2018-11-08,21.66281744660566,21.772520216063175,20.94653085720262,21.011062622070312,2489900,ILF
2018-11-09,20.99170309353764,21.062686808239697,20.501273959941564,20.998157501220703,2204900,ILF
2018-11-12,20.952985622541313,20.972343921514838,20.604521471206777,20.630332946777344,1484900,ILF
2018-11-13,20.35930468887446,20.48836575287311,20.08827743913131,20.185073852539062,1335300,ILF
2018-11-14,20.410930249354337,20.546444498803833,20.217339871075175,20.507726669311523,2476000,ILF
2018-11-15,20.501276158282785,20.9852533977277,20.501276158282785,20.869098663330078,1180900,ILF
2018-11-16,20.791658134408735,21.26272890863018,20.759391023346133,21.217557907104492,1899300,ILF
2018-11-19,20.998156943492454,21.14012190749059,20.843283164471057,21.023969650268555,2038500,ILF
2018-11-20,20.72712994233604,20.74649070463377,20.281871795654297,20.281871795654297,1670700,ILF
2018-11-21,20.66905274356577,20.759394762891134,20.59807025587486,20.649694442749023,1625300,ILF
2018-11-23,20.28832553329789,20.40448026375164,20.152811270829275,20.256059646606445,1245200,ILF
2018-11-26,20.08182788604274,20.172169903113847,19.468789605243344,19.559131622314453,1063700,ILF
2018-11-27,19.720456210930106,20.191528261716602,19.707551088396272,20.172168731689453,987500,ILF
2018-11-28,20.288323809004364,20.688412154250912,19.965672354418242,20.62388038635254,2033800,ILF
2018-11-29,20.714225929794424,20.869099737508126,20.623883900976292,20.78520965576172,1206900,ILF
2018-11-30,20.78520251809101,20.83682792347922,20.58515899548133,20.72712516784668,2596800,ILF
2018-12-03,21.211102828574855,21.35307023552294,20.843280421150165,20.94007682800293,1734300,ILF
2018-12-04,20.927172739497212,21.011062803732965,20.45610192924824,20.546443939208984,1058900,ILF
2018-12-06,19.959216618992624,20.617425797366607,19.862421441188793,20.5658016204834,1233100,ILF
2018-12-07,20.63678672678569,20.882002521372797,20.2818706192941,20.327041625976562,1170500,ILF
2018-12-10,19.99148515096128,20.08828034756577,19.71400468476209,19.784988403320312,1065900,ILF
2018-12-11,20.094731764680507,20.1269976479343,19.675285128921985,19.85597038269043,680300,ILF
2018-12-12,20.256054972244648,20.423833851869713,20.107635620166977,20.159259796142578,1919900,ILF
2018-12-13,20.13990290675695,20.281870332399503,20.075373601447726,20.1915283203125,836300,ILF
2018-12-14,19.946315816880823,20.21734312863199,19.90759798115003,19.978580474853516,696400,ILF
2018-12-17,20.010841951682625,20.120543487747877,19.636566339957216,19.707550048828125,1058800,ILF
2018-12-18,19.819555214064287,19.98329905960421,19.760607329728604,19.82610511779785,852900,ILF
2018-12-19,19.97019298765433,20.297680576004055,19.452763247680085,19.57065773010254,2314200,ILF
2018-12-20,19.930899571928617,20.04224542844701,19.603411905611726,19.78680419921875,972700,ILF
2018-12-21,19.79990130263716,19.90469724161065,19.478963583372586,19.505163192749023,1459800,ILF
2018-12-24,19.44621364198898,19.649255600061796,19.295568399612993,19.3021183013916,458000,ILF
2018-12-26,19.230075017515485,19.780254364013672,19.158027335463082,19.780254364013672,850600,ILF
2018-12-27,19.55101130143644,19.930896893339103,19.452765264598295,19.917797088623047,1018700,ILF
2018-12-28,20.1011904998985,20.23218479856368,19.95709514732084,20.10774040222168,1236500,ILF
2018-12-31,20.173240525048392,20.27803648237854,20.074994471209674,20.18634033203125,1151800,ILF
2019-01-02,20.34353150015299,21.162251835460207,20.310783236417823,21.15570068359375,1671200,ILF
2019-01-03,21.2277500925388,21.240849898806694,20.906812334573083,21.116405487060547,835100,ILF
2019-01-04,21.214651462391966,21.777930670476287,21.18190319417298,21.653486251831055,1768300,ILF
2019-01-07,21.771377856140237,21.817225922592645,21.594534243309983,21.620731353759766,1368600,ILF
2019-01-08,21.68623226884141,21.948220885929448,21.627284392753428,21.92202377319336,838200,ILF
2019-01-09,22.24295823395809,22.432901650500572,22.216758625083493,22.406702041625977,982900,ILF
2019-01-10,22.295359802286978,22.49840054614094,22.144715783174124,22.426355361938477,895200,ILF
2019-01-11,22.210208551680278,22.354303892742735,22.157811835814332,22.301904678344727,476300,ILF
2019-01-14,22.2233106819608,22.563898115609632,22.13816319891551,22.439451217651367,522000,ILF
2019-01-15,22.465649128500253,22.524596997145288,22.210209197215814,22.36085319519043,931200,ILF
2019-01-16,22.28225967849571,22.459103306721758,22.269159872864247,22.393604278564453,1033700,ILF
2019-01-17,22.157815734010395,22.675244325294912,22.157815734010395,22.590099334716797,899400,ILF
2019-01-18,22.760391591728425,22.819339468454057,22.583547961551528,22.6686954498291,2379700,ILF
2019-01-22,22.452553236836057,22.55080053454124,22.059569043080476,22.11851692199707,862700,ILF
2019-01-23,22.43945453156909,22.5508016410004,22.203665502866254,22.54425048828125,579200,ILF
2019-01-24,22.550799057926678,22.714542877691738,22.478751377464867,22.6097469329834,1779700,ILF
2019-01-25,22.825887067689543,23.03547895335854,22.544247502847007,22.649045944213867,1365900,ILF
2019-01-28,22.07266603403103,22.236409843632845,21.97441874885704,22.085765838623047,1559400,ILF
2019-01-29,22.465649912327702,22.511497978592136,22.347754170924247,22.406702041625977,606700,ILF
2019-01-30,22.576996929538083,22.79968860720501,22.328105643079237,22.773488998413086,1503400,ILF
2019-01-31,23.074777710128387,23.343317462133744,23.02238098947315,23.186124801635742,3284200,ILF
2019-02-01,23.048579359065617,23.21887433219148,22.917586301008708,23.127178192138672,3037800,ILF
2019-02-04,22.924138413068704,23.30402533463816,22.799693989726713,23.27127456665039,1394600,ILF
2019-02-05,23.205772188393627,23.356416188805657,23.11407605758041,23.28436851501465,1024300,ILF
2019-02-06,22.819340191796275,22.897936530411023,22.465652920231076,22.48530387878418,1498400,ILF
2019-02-07,22.43290021580768,22.53769614607163,22.098863968882608,22.301904678344727,1494700,ILF
2019-02-08,22.387051498351177,22.459099166777253,21.954767986326708,22.242956161499023,861100,ILF
2019-02-11,22.262608935770505,22.262608935770505,21.889270759899432,22.013717651367188,852100,ILF
2019-02-12,22.347756307308007,22.629395883303317,22.295359583082057,22.50495147705078,1837000,ILF
2019-02-13,22.42635424184226,22.50495057429463,22.131614871980428,22.17091178894043,1741100,ILF
2019-02-14,21.987517026221713,22.799687364788497,21.974417222539596,22.707988739013672,1160300,ILF
2019-02-15,22.75384281631338,22.858638763427734,22.58354784066976,22.858638763427734,824600,ILF
2019-02-19,22.734186562166133,22.937229755505726,22.72763791010506,22.819334030151367,665800,ILF
2019-02-20,22.773490127719477,23.055129689868245,22.70799110249166,22.727642059326172,1030000,ILF
2019-02-21,22.59009537043515,22.73418821302911,22.43944887824046,22.721088409423828,604300,ILF
2019-02-22,22.891387311517704,23.068230942934992,22.852087893914142,23.0092830657959,598300,ILF
2019-02-25,23.15337284528429,23.15337284528429,22.865184650224986,22.878284454345703,533700,ILF
2019-02-26,22.897934094348336,22.956881966671197,22.78658950136754,22.88483428955078,1425000,ILF
2019-02-27,22.83243791902364,22.891385792250453,22.721090825803067,22.79313850402832,1701200,ILF
2019-02-28,22.66869449670626,22.66869449670626,22.242959571751218,22.282258987426758,983100,ILF
2019-03-01,22.13816296267871,22.190562182003525,21.915471277612834,22.046466827392578,1756500,ILF
2019-03-04,22.039919440230168,22.085767510506777,21.771379672096128,21.987520217895508,1239900,ILF
2019-03-05,22.00716719870382,22.223310228516528,21.92202221592815,22.125062942504883,3149400,ILF
2019-03-06,22.05301912175502,22.15126642494469,21.601087023854507,21.653486251831055,1011300,ILF
2019-03-07,21.673130270380756,21.686230074689625,21.345642658255652,21.4700870513916,1225200,ILF
2019-03-08,21.384942952937617,21.660031359169842,21.33254373354159,21.627283096313477,959200,ILF
2019-03-11,21.889275804722246,22.328110604638283,21.889275804722246,22.308462142944336,1004200,ILF
2019-03-12,22.373954047774692,22.550797661997958,22.29535771874177,22.380502700805664,516600,ILF
2019-03-13,22.34120631889469,22.701442208971905,22.295358250986627,22.62939453125,575000,ILF
2019-03-14,22.49839903755102,22.590097672131122,22.22985928261152,22.387054443359375,1243000,ILF
2019-03-15,22.432901922627188,22.766938194967594,22.432901922627188,22.681793212890625,1019300,ILF
2019-03-18,22.701442494225923,23.081329345703125,22.701442494225923,23.081329345703125,1529700,ILF
2019-03-19,23.127179141617468,23.277823163393492,22.963435313791457,23.035480499267578,2528800,ILF
2019-03-20,23.00272815787611,23.264719235392192,22.806236099005094,23.061676025390625,2765400,ILF
2019-03-21,22.930684069751095,22.96343483345726,22.321559341629538,22.6686954498291,2819800,ILF
2019-03-22,22.066114405518004,22.12506227564181,21.43733878988553,21.4700870513916,2733200,ILF
2019-03-25,21.555233443158173,21.797573564321148,21.522485183303512,21.692777633666992,949600,ILF
2019-03-26,21.922022375970364,22.039918120632127,21.75172741211124,21.994070053100586,2598600,ILF
2019-03-27,21.48318859210345,21.614184147247794,21.129501342773438,21.129501342773438,2972800,ILF
2019-03-28,21.12950387958533,21.679683278420296,21.07710715035627,21.542139053344727,3212600,ILF
2019-03-29,21.738626213004604,21.961317883245435,21.67312969174112,21.76482582092285,1885300,ILF
2019-04-01,22.125065440049724,22.315008881896418,22.08576852003493,22.131616592407227,2075600,ILF
2019-04-02,22.229858175784976,22.25605778436052,21.849973845568304,22.013717651367188,1052700,ILF
2019-04-03,22.19711168235052,22.31500743179879,21.810676169943946,21.8499755859375,2112000,ILF
2019-04-04,21.830327710635775,22.36085609879929,21.77137983433622,22.328107833862305,1611800,ILF
2019-04-05,22.295359948205043,22.62284760021088,22.28880879598673,22.590099334716797,2077000,ILF
2019-04-08,22.590098992788917,22.89793568201283,22.55079957567136,22.858638763427734,728100,ILF
2019-04-09,22.75384129344142,22.75384129344142,22.498398847072274,22.642494201660156,1962800,ILF
2019-04-10,22.747291564941406,22.85208751159851,22.629395812635607,22.747291564941406,1935500,ILF
2019-04-11,22.590096287241987,22.64249300525754,22.16436139765437,22.334653854370117,3614900,ILF
2019-04-12,22.19711154536809,22.321558445980166,21.79757623009594,21.863075256347656,1662300,ILF
2019-04-15,22.072669985574816,22.072669985574816,21.817229996631188,21.89582633972168,1783000,ILF
2019-04-16,21.81067416773474,22.13161312255574,21.81067416773474,22.0399169921875,2324700,ILF
2019-04-17,22.157814491573284,22.216759867037936,21.633832278918774,21.876174926757812,2561600,ILF
2019-04-18,21.941670032409643,22.229858231871194,21.810674487733593,22.06611442565918,925400,ILF
2019-04-22,22.039917394059497,22.131613526099706,21.90237069746697,22.00061798095703,662100,ILF
2019-04-23,22.05957053622095,22.197114763492067,21.96132323186573,22.157817840576172,654000,ILF
2019-04-24,22.026816380367915,22.026816380367915,21.54868479060007,21.692777633666992,1552900,ILF
2019-04-25,21.66003297409709,22.00062042996784,21.496289149074563,21.94822120666504,3073300,ILF
2019-04-26,21.974419150087105,22.131614309529255,21.889271667950425,22.046466827392578,1533200,ILF
2019-04-29,22.144715795518056,22.177464060816064,21.89582448189472,21.94822120666504,608700,ILF
2019-04-30,21.987519170453538,22.02026743358642,21.69277980519297,21.967870712280273,776900,ILF
2019-05-01,22.00716785395338,22.09886648960958,21.568335626708567,21.587984085083008,2175100,ILF
2019-05-02,21.620731298766295,21.666581863634313,21.50283805571156,21.568334579467773,1119600,ILF
2019-05-03,21.73862961679925,21.86307652463052,21.725529810788984,21.804128646850586,1110200,ILF
2019-05-06,21.33909558158901,21.51593670649068,21.2932450138551,21.443891525268555,1375900,ILF
2019-05-07,21.136052815015088,21.1884495387474,20.860963144456267,21.16225242614746,1158700,ILF
2019-05-08,21.463542029252764,21.594537595968315,21.38494568863648,21.43079376220703,876600,ILF
2019-05-09,21.09675452839242,21.26704951134248,20.87406406816963,21.116405487060547,786700,ILF
2019-05-10,21.13605345350698,21.293246127984922,20.775816285151883,21.221200942993164,885900,ILF
2019-05-13,20.710320560603403,20.788916900903935,20.507277308083367,20.553125381469727,4490700,ILF
2019-05-14,20.677570410847903,20.788916263917198,20.55967465474321,20.6710205078125,967900,ILF
2019-05-15,20.26493540295814,20.625171305295616,20.245285694929002,20.481077194213867,759600,ILF
2019-05-16,20.38283077365425,20.50727517439326,20.114289765980054,20.160139083862305,1347100,ILF
2019-05-17,19.96364649293251,20.179788288159028,19.780254211689538,19.8523006439209,4678800,ILF
2019-05-20,19.89815215084475,20.19289158127005,19.819555802242295,20.1208438873291,2878900,ILF
2019-05-21,20.21908844176619,20.690670216918708,20.10119268566149,20.6710205078125,2856500,ILF
2019-05-22,20.795465113880446,20.83476328083655,20.644821099493548,20.651371002197266,2299400,ILF
2019-05-23,20.461428531030297,20.64482206753516,20.297684703557966,20.5007266998291,1176400,ILF
2019-05-24,20.703766545832472,20.736514806243207,20.48107487709451,20.579320907592773,857800,ILF
2019-05-28,20.716865784617987,20.91335910136982,20.598971293686205,20.815113067626953,6278900,ILF
2019-05-29,20.834764649365948,21.129502794795872,20.71686889148746,21.116405487060547,1969300,ILF
2019-05-30,21.168799602766665,21.46353896111149,21.168799602766665,21.299795150756836,1938900,ILF
2019-05-31,21.09675227312668,21.424239899217557,20.959208069816263,21.208099365234375,1280700,ILF
2019-06-03,21.339096525074268,21.489740544615902,21.234298078228793,21.35219383239746,3144300,ILF
2019-06-04,21.515937950330482,21.692781583987895,21.470089878478472,21.6796817779541,848000,ILF
2019-06-05,21.725527148540273,21.73207830000889,21.260495335557213,21.339094161987305,897000,ILF
2019-06-06,21.50283805571156,21.686230321054733,21.32599444333112,21.568334579467773,1397700,ILF
2019-06-07,21.601085757671115,21.849977078905113,21.594537103824262,21.712432861328125,936100,ILF
2019-06-10,21.712433180494738,21.8172291333128,21.620734535562907,21.738630294799805,1070400,ILF
2019-06-11,21.948220098215085,22.17091178894043,21.9220229864192,22.17091178894043,2160100,ILF
2019-06-12,22.118515264701536,22.269159277638142,21.88272376670254,21.91547203063965,1336000,ILF
2019-06-13,22.105413972850503,22.210209909521247,21.935121512710126,22.053014755249023,2674700,ILF
2019-06-14,21.9285729087636,21.9285729087636,21.561785838538942,21.640384674072266,1534000,ILF
2019-06-17,21.693555671564983,21.81318945570249,21.573921887427478,21.600507736206055,823200,ILF
2019-06-18,21.88630134372362,22.165445176221684,21.866363222935565,22.072397232055664,1179000,ILF
2019-06-19,22.065744171015428,22.331594983096682,21.91952457638321,22.271778106689453,1000800,ILF
2019-06-20,22.643975000855125,22.85665669016496,22.570865194773795,22.67720603942871,1421000,ILF
2019-06-21,22.597452406912186,22.810134109089148,22.58415948360539,22.730379104614258,1201200,ILF
2019-06-24,22.723732760113332,22.84336654179936,22.650625480519455,22.796842575073242,630600,ILF
2019-06-25,22.697145555436524,22.75696243602292,22.36483011559333,22.417999267578125,859100,ILF
2019-06-26,22.637329013155018,22.67056005056284,22.424647331306186,22.590805053710938,851700,ILF
2019-06-27,22.437942496996754,22.57751694042236,22.211967844981704,22.431297302246094,739200,ILF
2019-06-28,22.584162127230858,22.63068609656764,22.364835205409772,22.424652099609375,2944500,ILF
2019-07-01,22.86330608121189,22.869951275263407,22.497757024230612,22.530990600585938,3362400,ILF
2019-07-02,22.577513022821343,22.63068217769935,22.271780874651302,22.391414642333984,885300,ILF
2019-07-03,22.351538062785757,22.617388903777258,22.351538062785757,22.544279098510742,872700,ILF
2019-07-05,22.790191332862598,22.962994229793456,22.643971741745084,22.9497013092041,1119600,ILF
2019-07-08,23.01616868223253,23.16238575558245,22.96299699347571,23.062692642211914,1462400,ILF
2019-07-09,22.903180639773325,23.20226505751732,22.869949601216376,23.009521484375,2573300,ILF
2019-07-10,23.22884699066039,23.44817383649315,23.22884699066039,23.288663864135742,906000,ILF
2019-07-11,23.28202186529006,23.361779406459856,23.122511853682308,23.29531478881836,1841100,ILF
2019-07-12,23.368421204298656,23.395007047491408,23.135801414775944,23.1889705657959,2579400,ILF
2019-07-15,23.20226523186383,23.29531315466876,23.08263146386728,23.102569580078125,2773300,ILF
2019-07-16,23.10921773934028,23.20226566387771,22.943060006847496,22.98958396911621,838400,ILF
2019-07-17,23.11586161873998,23.14909519164155,22.949703895694718,22.96964454650879,830800,ILF
2019-07-18,22.969644213317384,23.16238524237615,22.943058369528035,23.129154205322266,760200,ILF
2019-07-19,23.069341262982487,23.12915815403793,22.810135580197567,22.843366622924805,846700,ILF
2019-07-22,22.9629992520044,23.02946386948756,22.8500132053319,22.90983009338379,646100,ILF
2019-07-23,22.85665737345275,22.95635302751959,22.624037561117856,22.697147369384766,1434700,ILF
2019-07-24,22.77025672683945,22.936414475251595,22.743673413971692,22.796842575073242,348500,ILF
2019-07-25,22.710437265321747,22.743670839535177,22.358183689877958,22.437938690185547,674800,ILF
2019-07-26,22.55757313969595,22.610744831750928,22.324953325369986,22.4578800201416,625000,ILF
2019-07-29,22.39141807534859,22.544282905187718,22.24520097549201,22.53763771057129,588500,ILF
2019-07-30,22.391416300303728,22.431295070939353,22.21861336494787,22.25184440612793,638300,ILF
2019-07-31,22.331598216030887,22.358184061697457,21.740077094461505,21.9527587890625,1268700,ILF
2019-08-01,21.979344654846052,22.18538115590188,21.56062645899457,21.62044334411621,3147700,ILF
2019-08-02,21.620442295377103,21.680259177597215,21.248249347538604,21.40111541748047,1250200,ILF
2019-08-05,20.769714604571202,20.882701902727383,20.47063020719227,20.57032585144043,1539200,ILF
2019-08-06,20.882701963610224,20.95581176488995,20.65008090582427,20.92922592163086,1802700,ILF
2019-08-07,20.643439193698452,21.15520538501452,20.497220825186606,21.14191246032715,3713700,ILF
2019-08-08,21.301421997432982,21.600506439826848,21.288129073841482,21.58721351623535,1243700,ILF
2019-08-09,21.440990967845007,21.62708933737884,21.261541594566026,21.381174087524414,525800,ILF
2019-08-12,20.769718700965807,20.856120172981292,20.59691448925181,20.709901809692383,729200,ILF
2019-08-13,20.616854534672925,21.23496158580328,20.550391179168454,21.095388412475586,1210800,ILF
2019-08-14,20.530447562807677,20.650081324533783,20.151608162463546,20.158254623413086,1052400,ILF
2019-08-15,20.238014148099513,20.271245190518965,19.845881762671556,20.198135375976562,713700,ILF
2019-08-16,20.350999144608515,20.463986450696652,20.23801183852038,20.324413299560547,1270800,ILF
2019-08-19,20.497215587843623,20.510508509134453,19.985449527291387,20.012035369873047,976700,ILF
2019-08-20,19.978807682008195,20.271245679549672,19.87246682248094,20.11173439025879,1211700,ILF
2019-08-21,20.35100201591949,20.53045142458023,20.20478238289135,20.510513305664062,854400,ILF
2019-08-22,20.37758145095576,20.537092700417944,20.13166875008258,20.144960403442383,1017600,ILF
2019-08-23,20.018684870345687,20.224720110908915,19.540149772672468,19.586673736572266,1261800,ILF
2019-08-26,19.679723248966596,19.712954290092174,19.280944417044836,19.407224655151367,912900,ILF
2019-08-27,19.526857367610017,19.759478460965763,19.34740796890287,19.520212173461914,915300,ILF
2019-08-28,19.513562686800903,19.732890822496078,19.43380642487412,19.599964141845703,1005700,ILF
2019-08-29,19.70630831954329,20.085147775623135,19.686370201444134,20.038623809814453,664700,ILF
2019-08-30,20.23800808238123,20.377579939930175,20.178191209808073,20.344348907470703,2809500,ILF
2019-09-03,20.06520495962307,20.17154579019744,19.839230377731855,19.91898536682129,1032800,ILF
2019-09-04,20.304475497132877,20.49721908569336,20.277890917697306,20.49721908569336,730000,ILF
2019-09-05,20.82953249633324,21.048860642509243,20.74312976947682,20.76306915283203,2350000,ILF
2019-09-06,21.02892310966312,21.208373772602883,20.96910622201653,21.068801879882812,670600,ILF
2019-09-09,21.161853177382444,21.407765961139052,21.115329205735687,21.175146102905273,731100,ILF
2019-09-10,21.06215999212108,21.314719253277808,20.949172653994413,21.148561477661133,669800,ILF
2019-09-11,21.36123770720602,21.427702321496014,21.208372897387722,21.288127899169922,965700,ILF
2019-09-12,21.500811226027515,21.560628115745576,21.354594134223582,21.480873107910156,918200,ILF
2019-09-13,21.527394197865842,21.640382767957096,21.281481477595207,21.308067321777344,2487100,ILF
2019-09-16,21.208372289817397,21.460932746152523,21.14190894511432,21.301420211791992,576600,ILF
2019-09-17,21.18178760768849,21.58056640625,21.14190884045434,21.58056640625,1068800,ILF
2019-09-18,21.55397953527972,21.59385830061531,21.228310557802494,21.381174087524414,517400,ILF
2019-09-19,21.50080924557511,21.553980936145035,21.09538524644243,21.102031707763672,688600,ILF
2019-09-20,21.115325448295064,21.234959221345584,20.989045213665857,21.20172691345215,1019800,ILF
2019-09-23,21.03557151928987,21.161851767980053,21.022278594652363,21.095388412475586,491900,ILF
2019-09-24,21.13526297565681,21.13526297565681,20.836179819058103,20.88270378112793,751100,ILF
2019-09-25,20.72983990218388,21.07544703635821,20.643437167878087,21.04886245727539,1105700,ILF
2019-09-26,21.14191501451448,21.168500867101095,20.995696628337768,21.148561477661133,863200,ILF
2019-09-27,21.188435771576025,21.28813016827165,21.008986364597117,21.128620147705078,722100,ILF
2019-09-30,21.108679874885997,21.108679874885997,20.955815055193018,20.989046096801758,798400,ILF
2019-10-01,20.882702344865447,20.96245860841606,20.76306858338093,20.796300888061523,768300,ILF
2019-10-02,20.576968766257597,20.63014044673356,20.2978250498546,20.390872955322266,714500,ILF
2019-10-03,20.390877829667183,20.663376418832843,20.29118344030854,20.623498916625977,565300,ILF
2019-10-04,20.683319159408185,21.141913678396214,20.683319159408185,21.10868263244629,3108000,ILF
2019-10-07,21.00233514317631,21.08209013538653,20.6168493003396,20.63678741455078,967700,ILF
2019-10-08,20.670020621117857,20.756422077735674,20.43075309866421,20.444046020507812,735300,ILF
2019-10-09,20.616851853749758,20.736485624564548,20.490571621480488,20.643436431884766,553100,ILF
2019-10-10,20.603559297375597,20.969105810094575,20.603559297375597,20.84282684326172,822900,ILF
2019-10-11,21.09538437136873,21.40111524104917,21.035567489641746,21.308067321777344,2742200,ILF
2019-10-14,21.228316008507043,21.274838711311748,21.17514557542337,21.241607666015625,1274100,ILF
2019-10-15,21.24825465791454,21.328010943368373,21.15520671462103,21.175146102905273,406900,ILF
2019-10-16,21.035570065694905,21.36123909071113,20.995692562221056,21.347946166992188,905600,ILF
2019-10-17,21.50081336101745,21.534046941667725,21.21502307559861,21.234962463378906,401000,ILF
2019-10-18,21.334650119569698,21.48751745227256,21.29477388961729,21.374528884887695,280200,ILF
2019-10-21,21.268190112706,21.474226617154542,21.18843384200287,21.467578887939453,3140700,ILF
2019-10-22,21.54069063618211,21.93282302809913,21.53404544173466,21.846420288085938,5673300,ILF
2019-10-23,21.786603254515214,22.145504601122326,21.786603254515214,22.125566482543945,1989800,ILF
2019-10-24,22.245202730106556,22.271786046035185,22.025873259972652,22.072397232055664,1319700,ILF
2019-10-25,22.22525855903751,22.35818525912367,22.152151282587752,22.25184440612793,1096700,ILF
2019-10-28,22.378124390850616,22.524344021108103,22.358186272312246,22.464527130126953,522000,ILF
2019-10-29,22.331600099171613,22.43129576114533,22.251845090812246,22.278430938720703,1542200,ILF
2019-10-30,22.145503635688616,22.318309107054606,21.899590887600336,22.298368453979492,750700,ILF
2019-10-31,22.185381212983636,22.185381212983636,21.81318697845071,21.992637634277344,435600,ILF
2019-11-01,22.37147782166088,22.53763556024581,22.251844047050454,22.404708862304688,358600,ILF
2019-11-04,22.56422270367808,22.63733251851563,22.384772031449376,22.411357879638672,1734600,ILF
2019-11-05,22.444587632296788,22.53763556024581,22.344891974999474,22.404708862304688,2790600,ILF
2019-11-06,22.019226851040145,22.298370668150636,21.93282410677758,22.105627059936523,947800,ILF
2019-11-07,22.138858441574204,22.36483307195331,22.10562486490433,22.298368453979492,463600,ILF
2019-11-08,21.999282935871094,22.025868781760725,21.647029351613856,21.706846237182617,1379300,ILF
2019-11-11,21.633737802481274,21.793250352582795,21.57392091311395,21.766664505004883,1216200,ILF
2019-11-12,21.447639901846202,21.454285095426155,21.29477509584997,21.341299057006836,1479900,ILF
2019-11-13,21.042216116391725,21.155203430429022,20.969106305049078,21.115325927734375,1182000,ILF
2019-11-14,21.068800582500117,21.21501892791958,21.00233723724295,21.05550765991211,1072000,ILF
2019-11-15,21.31471551641512,21.580568924939378,21.31471551641512,21.567276000976562,825300,ILF
2019-11-18,21.48087196134239,21.5141030015529,21.20172691345215,21.20172691345215,827000,ILF
2019-11-19,21.20837635220963,21.20837635220963,20.98904816005591,21.082096099853516,522100,ILF
2019-11-20,21.008982363273624,21.161847160271495,20.929226100497505,21.022274017333984,400200,ILF
2019-11-21,21.102030832414265,21.321360243868412,21.002336452096902,21.308067321777344,576500,ILF
2019-11-22,21.454285441027245,21.560626287579623,21.421054401860708,21.527395248413086,573000,ILF
2019-11-25,21.4476424248968,21.547335552518145,21.32136344909668,21.32136344909668,1622600,ILF
2019-11-26,21.082095212366276,21.082095212366276,20.769719093564955,20.935876846313477,3100700,ILF
2019-11-27,20.90264337436819,21.022275877594456,20.709899795084986,20.995691299438477,456300,ILF
2019-11-29,21.048861637710914,21.115324984354547,20.922581405856302,20.949167251586914,775700,ILF
2019-12-02,21.14190920800824,21.181787975935684,21.05550774619786,21.102031707763672,764600,ILF
2019-12-03,21.068799243435016,21.082090897495377,20.93587256136908,21.022274017333984,508000,ILF
2019-12-04,21.19507892641882,21.440991648716764,21.19507892641882,21.40111541748047,682000,ILF
2019-12-05,21.44763971750188,21.673614327763975,21.44763971750188,21.58056640625,870300,ILF
2019-12-06,21.700203031099154,21.79325096487009,21.640386140051255,21.753372192382812,608200,ILF
2019-12-09,21.686910179309415,21.866360853051955,21.686910179309415,21.793251037597656,771700,ILF
2019-12-10,21.77330778227242,21.80654135650188,21.680259859307718,21.76001739501953,1406900,ILF
2019-12-11,21.92617555524487,22.005930557157,21.866358669969326,21.992637634277344,732400,ILF
2019-12-12,22.05245526782171,22.42464951498368,22.05245526782171,22.404708862304688,611500,ILF
2019-12-13,22.305015740373257,22.59745244755102,22.265136970381153,22.404708862304688,868800,ILF
2019-12-16,22.600766891210828,22.722458333044134,22.49935649669192,22.526399612426758,505700,ILF
2019-12-17,22.526397233378702,22.668369707532467,22.47231358659435,22.6278076171875,1166800,ILF
2019-12-18,22.708937570568743,22.959079952443695,22.66837289554569,22.938798904418945,1547300,ILF
2019-12-19,22.830626397064123,23.019923034171253,22.830626397064123,22.965839385986328,1873800,ILF
2019-12-20,22.94555313321741,23.0063988423147,22.823861715022833,22.837383270263672,1420600,ILF
2019-12-23,22.89147186279297,22.93879602155222,22.803583034108684,22.89147186279297,1506900,ILF
2019-12-24,22.891473407045773,22.95231912655134,22.877951849491936,22.90499496459961,141800,ILF
2019-12-26,22.992880764773375,23.222742080688477,22.992880764773375,23.222742080688477,859700,ILF
2019-12-27,23.17542021340288,23.24978749634946,23.04696927493291,23.087533950805664,563900,ILF
2019-12-30,23.16866045057336,23.209225125968125,22.898234439222076,22.91851806640625,1845300,ILF
2019-12-31,22.88471004524905,22.999641988473563,22.837385885972267,22.965839385986328,690600,ILF
2020-01-02,23.128094018719167,23.547254562377933,23.0537267422967,23.54725456237793,791600,ILF
2020-01-03,23.229505934708847,23.412043103643175,23.182181770056268,23.310632705688477,609900,ILF
2020-01-06,22.99964264034601,23.283587604054482,22.986121083173227,23.121334075927734,532100,ILF
2020-01-07,22.979360985278312,23.161895554841657,22.938796314834644,23.060487747192383,759600,ILF
2020-01-08,22.965841238115768,23.195702564129196,22.904995517142403,22.992881774902344,608900,ILF
2020-01-09,22.932038268370516,22.932038268370516,22.708938989240156,22.79006576538086,579200,ILF
2020-01-10,22.925276825456336,23.019925152720493,22.648091333194095,22.695415496826172,970600,ILF
2020-01-13,22.688655471304596,22.83738744821745,22.65485028753158,22.82386589050293,801200,ILF
2020-01-14,22.76978529243815,22.79006634224325,22.61429122632689,22.756263732910156,394000,ILF
2020-01-15,22.621050693638505,22.627812762882527,22.316822052001953,22.316822052001953,472200,ILF
2020-01-16,22.485837783148693,22.499359342726507,22.32358422616249,22.47907829284668,930400,ILF
2020-01-17,22.6886547499502,22.871191904832553,22.607525406242473,22.850908279418945,780600,ILF
2020-01-21,22.614286928466736,22.621046417459198,22.22893158156418,22.23569107055664,874600,ILF
2020-01-22,22.45203305893275,22.526400340119178,22.40470889435476,22.499357223510742,774300,ILF
2020-01-23,22.397951618110852,22.668375073998508,22.255976531372998,22.641334533691406,1147100,ILF
2020-01-24,22.587246454734274,22.627811130350445,22.30330146234183,22.364147186279297,876900,ILF
2020-01-27,21.721886539261227,21.816534866569473,21.546110153198242,21.546110153198242,943400,ILF
2020-01-28,21.78273376103831,22.03287615457539,21.694844917210915,21.992311477661133,664200,ILF
2020-01-29,21.97878842847712,21.97878842847712,21.701602935791016,21.701602935791016,479100,ILF
2020-01-30,21.37709513437628,21.70160350986431,21.268923956564556,21.667800903320312,797600,ILF
2020-01-31,21.323011287796888,21.390616504364804,21.10667021052426,21.160755157470703,1118300,ILF
2020-02-03,21.37709414067559,21.674561964484962,21.370333361783707,21.525827407836914,1218100,ILF
2020-02-04,21.796253204345703,21.93822569130447,21.775969578370574,21.796253204345703,1048300,ILF
2020-02-05,22.181606675593216,22.21540927736511,21.890899658203125,21.890899658203125,1464200,ILF
2020-02-06,22.080200151178055,22.080200151178055,21.620477465590437,21.640758514404297,1972800,ILF
2020-02-07,21.471745267533265,21.53259099601185,21.34329303080216,21.4447021484375,4027000,ILF
2020-02-10,21.302724319185746,21.377091588631643,21.214835493570313,21.370330810546875,421000,ILF
2020-02-11,21.65428206095843,21.84358132350065,21.634001010282933,21.7083683013916,1246200,ILF
2020-02-12,21.769212900460587,22.032876861427884,21.769212900460587,21.870620727539062,2691700,ILF
2020-02-13,21.701602747097997,21.762448468328024,21.56639103618763,21.600194931030273,1310900,ILF
2020-02-14,21.809771322852523,21.809771322852523,21.573150520586914,21.661039352416992,401500,ILF
2020-02-18,21.437940443974984,21.519068508276074,21.323011061235928,21.431180953979492,4060500,ILF
2020-02-19,21.552868907513698,21.64075645280377,21.49202447738162,21.633996963500977,791600,ILF
2020-02-20,21.44470210133239,21.532590948713683,21.214840747470845,21.25540542602539,2238500,ILF
2020-02-21,21.005260467529297,21.133712696240288,20.890329797521954,21.005260467529297,1025900,ILF
2020-02-24,20.119620311629255,20.18722682005382,19.937083125728993,20.072296142578125,1577600,ILF
2020-02-25,20.335957394048528,20.335957394048528,19.65989497896781,19.75454330444336,6661000,ILF
2020-02-26,19.90327674924473,20.045249229527535,19.45707568337498,19.48411750793457,2131200,ILF
2020-02-27,19.024399323890275,19.50440439431452,18.835102639345745,18.862144470214844,2691700,ILF
2020-02-28,18.415939417620123,18.929746990676897,18.206360436993897,18.91622543334961,3571100,ILF
2020-03-02,18.9635482618913,19.53144073486328,18.88918228079047,19.53144073486328,1773100,ILF
2020-03-03,19.4367964595042,19.923560984883473,19.051441049059754,19.20017433166504,2417500,ILF
2020-03-04,19.490880798442227,19.544965744018555,19.179892683750044,19.544965744018555,953500,ILF
2020-03-05,19.037918238164018,19.064961354761593,18.341573459617717,18.578195571899414,1425000,ILF
2020-03-06,17.888611413332473,18.104952475727792,17.651990592642967,17.854808807373047,1839200,ILF
2020-03-09,15.907749041086626,16.414795850804158,15.326334953308104,15.326334953308105,1693700,ILF
2020-03-10,16.130849856396942,16.63113589563939,15.725212143920519,16.597332000732422,1616200,ILF
2020-03-11,16.137614134127293,16.1916990882177,14.744924309697007,15.204647064208984,1680600,ILF
2020-03-12,13.392794602319801,13.987730183986598,12.65588654812201,13.06828498840332,1497800,ILF
2020-03-13,14.968024011850368,15.150561204552675,13.656463631179648,14.846332550048828,2774000,ILF
2020-03-16,12.561240600850246,13.440121293244895,11.925741520026232,12.175885200500488,2824500,ILF
2020-03-17,12.777577598379427,13.325187716877911,12.317855014163792,13.0344820022583,1568400,ILF
2020-03-18,11.763484775556197,12.290813879202053,11.195592291471925,11.445735931396484,2002500,ILF
2020-03-19,11.283480031205347,11.959542324204097,10.884603175177165,11.777005195617676,1226900,ILF
2020-03-20,12.277294549824163,12.365183394452645,11.344328893568601,11.391653060913086,1466000,ILF
2020-03-23,11.019815464091383,11.161789223935811,10.506008583254966,10.573615074157715,2784800,ILF
2020-03-24,11.432214946839204,11.885176801109314,11.425454168180048,11.783767700195312,1330000,ILF
2020-03-25,11.844612782245596,12.960115411338489,11.736442908484262,12.588281631469727,2717500,ILF
2020-03-26,12.892507710408104,13.298145343766103,12.791098624440227,13.115608215332031,6343000,ILF
2020-03-27,12.311097843995073,12.520678153178766,12.087997264450271,12.142082214355469,2523400,ILF
2020-03-30,12.2232091990086,12.26377258546531,11.952784473485872,12.22996997833252,4222600,ILF
2020-03-31,12.2232086874615,12.635607182553843,12.162362965579458,12.344900131225586,1625000,ILF
2020-04-01,11.817571216374716,11.891938497880261,11.580949102982622,11.749964714050293,1694700,ILF
2020-04-02,11.87165498188825,12.392223321778902,11.79728899725148,12.033909797668457,4385900,ILF
2020-04-03,11.912219600773124,11.973064028123385,11.405172820123337,11.567427635192871,2959800,ILF
2020-04-06,12.29757764558011,12.527439006393715,12.108279675060988,12.317858695983887,2911400,ILF
2020-04-07,13.189979534464596,13.2440644829045,12.608565371620463,12.642369270324707,5710700,ILF
2020-04-08,12.649128010427225,13.115611468986087,12.608564623874614,13.088569641113281,4152500,ILF
2020-04-09,13.338711323436092,13.60237654579321,13.068286611583558,13.210260391235352,1066700,ILF
2020-04-13,13.054766525429645,13.162936422365865,12.797863342577845,13.142655372619629,807100,ILF
2020-04-14,13.440121598303339,13.575334610734675,13.24406414871344,13.250824928283691,1418200,ILF
2020-04-15,12.85870873320688,12.980400186437048,12.63560816544719,12.797863006591797,3252500,ILF
2020-04-16,12.824902587130968,12.865467257421157,12.507153740110903,12.534196853637695,1057300,ILF
2020-04-17,12.933074951171875,12.980400408951315,12.703214889391818,12.933074951171875,1505500,ILF
2020-04-20,12.628848248778361,12.709975030150432,12.453071836489622,12.574763298034668,799800,ILF
2020-04-21,12.270533900978304,12.31109728920752,12.074476449964697,12.16236400604248,1057300,ILF
2020-04-22,12.39898623998026,12.500395356157215,12.338140512376713,12.432788848876953,712300,ILF
2020-04-23,12.426028006271636,12.574762579432354,12.162364047649442,12.196167945861816,1274800,ILF
2020-04-24,11.952783169567944,12.013628887358806,11.384890663177673,11.560667037963867,3135500,ILF
2020-04-27,11.898698886536266,12.074475271015931,11.756725107365993,12.027151107788086,6380000,ILF
2020-04-28,12.52067651510962,12.770818892137651,12.385463513292967,12.764058113098145,2728500,ILF
2020-04-29,12.987159220015698,13.514488402315077,12.987159220015698,13.50772762298584,2638400,ILF
2020-04-30,13.15617533725183,13.176457676014177,12.878989821600692,12.939835548400879,1410600,ILF
2020-05-01,12.628846050454753,12.635606829306722,12.2840540659246,12.405745506286621,1366800,ILF
2020-05-04,12.263770343068915,12.615323066711426,12.236728520204567,12.615323066711426,2412300,ILF
2020-05-05,12.764058856453921,13.000680978670134,12.628847136249533,12.67617130279541,1314800,ILF
2020-05-06,12.581521887977681,12.628846050454753,12.331378228401672,12.405745506286621,1164200,ILF
2020-05-07,12.358423773064358,12.500396288402642,12.202928407877277,12.290817260742188,1833000,ILF
2020-05-08,12.507152807903925,12.872227076385466,12.507152807903925,12.858705520629883,2438200,ILF
2020-05-11,12.69645278841474,12.77757955719162,12.540957450866697,12.5409574508667,7324600,ILF
2020-05-12,12.70997488594845,12.791102955887016,12.223210334777832,12.223210334777832,2766300,ILF
2020-05-13,12.34489911926193,12.365181454722231,11.864894162594606,11.939261436462402,3461900,ILF
2020-05-14,11.722924223702966,12.243492674634206,11.526865473552139,12.223210334777832,3874200,ILF
2020-05-15,12.209686034956295,12.426025786928799,12.060952777846857,12.074474334716797,1700600,ILF
2020-05-18,12.601802074770681,12.926312990078538,12.595041296380245,12.906030654907227,4970500,ILF
2020-05-19,12.878989499066396,12.926314954993348,12.581522941589355,12.581522941589355,1866900,ILF
2020-05-20,12.872230723884845,12.960118282227052,12.791102655849281,12.91279411315918,1678900,ILF
2020-05-21,13.068284317185423,13.277863270889526,13.020960162105773,13.18997573852539,1529200,ILF
2020-05-22,13.02772357026423,13.196739180808956,12.899271345193943,13.149415016174316,1800900,ILF
2020-05-26,13.960689500097988,14.062098610902773,13.75787127848842,13.818717002868652,2536200,ILF
2020-05-27,14.136465332500647,14.258156776428223,13.85927983888195,14.258156776428223,2136100,ILF
2020-05-28,14.204072412841093,14.258157357960727,13.859280404145876,13.86604118347168,1912100,ILF
2020-05-29,13.845758845494265,13.967450294385143,13.548292292079685,13.86604118347168,3225200,ILF
2020-06-01,13.953928166609284,14.346044325105497,13.913364781795677,14.258156776428223,1162900,ILF
2020-06-02,14.569143936827679,14.98830318450928,14.528580554628386,14.988303184509277,2219300,ILF
2020-06-03,15.603519984022167,15.76577480365744,15.49535010426532,15.583237648010254,2911400,ILF
2020-06-04,15.502111307606164,15.691407957622966,15.312813368102645,15.65084457397461,2233400,ILF
2020-06-05,16.441836907690348,16.651415884847182,16.259299755253753,16.36071014404297,4282800,ILF
2020-06-08,16.522969574498433,17.057058334350586,16.374234983802957,17.057058334350586,2991600,ILF
2020-06-09,16.563531510378947,16.705504018657052,16.421559002100842,16.57705307006836,2768100,ILF
2020-06-10,16.685221790672724,16.698743349407547,16.06324427322589,16.083526611328125,2609200,ILF
2020-06-11,15.211406966029983,15.42774676989561,14.724642407332324,14.832812309265137,4439900,ILF
2020-06-12,15.461549351990621,15.637324460530369,15.015346932700474,15.441267013549805,3903600,ILF
2020-06-15,14.79947697694798,15.387898600936989,14.64895109163774,15.175793647766113,2691800,ILF
2020-06-16,15.70263688997292,15.764215960524062,15.114215240274639,15.305794715881348,2716400,ILF
2020-06-17,15.353689542865803,15.49737317346045,15.21684687132272,15.3605318069458,1444200,ILF
2020-06-18,15.080003545576867,15.285266221194826,14.977370902739622,15.038949966430664,2708900,ILF
2020-06-19,15.292108850320856,15.326318862066396,15.059477116371964,15.23052978515625,2794200,ILF
2020-06-22,15.435792073379757,15.470003389284098,15.107371270867652,15.155265808105469,1825900,ILF
2020-06-23,15.470004528012886,15.66842495475051,15.442635473274809,15.490530014038086,1474700,ILF
2020-06-24,15.312635394752185,15.312635394752185,14.785794130268897,14.881583213806152,2078900,ILF
2020-06-25,15.011583897135749,15.168952053040023,14.81316215749508,15.121057510375977,1188900,ILF
2020-06-26,14.833687085966858,14.881581622614432,14.518949508666992,14.518949508666992,1801500,ILF
2020-06-29,14.696844622769206,14.854212760925293,14.532634221428731,14.854212760925293,1184900,ILF
2020-06-30,14.751581541997336,14.874739670251438,14.614740192292544,14.758423805236816,929400,ILF
2020-07-01,14.854213904691917,15.155266982844513,14.854213904691917,15.080004692077637,970000,ILF
2020-07-02,15.353687307067366,15.57947676871417,15.203160129284,15.237371444702148,2229200,ILF
2020-07-06,15.682109099676213,15.777898178866735,15.504214163302153,15.600003242492676,1339300,ILF
2020-07-07,15.545266007636336,15.627371862539523,15.278424263000488,15.278424263000488,1466900,ILF
2020-07-08,15.565794529881197,15.620531337565355,15.353689563233635,15.606846809387207,1131900,ILF
2020-07-09,15.76421249504384,15.76421249504384,15.264737776482008,15.326316833496094,1350800,ILF
2020-07-10,15.230528546963937,15.490528008166493,15.203159495769883,15.476844787597656,704700,ILF
2020-07-13,15.538425039089386,15.654740915294727,15.216846466064453,15.216846466064453,6195900,ILF
2020-07-14,15.155265721393773,15.634213701088127,15.073161173749645,15.620529174804688,2476800,ILF
2020-07-15,15.832635657696262,15.921583782193647,15.59316294949957,15.73000431060791,1613600,ILF
2020-07-16,15.627373060730612,15.688952130372355,15.524741713003836,15.565793991088867,941600,ILF
2020-07-17,15.695791961089501,15.695791961089501,15.552107052523093,15.593160629272461,1132900,ILF
2020-07-20,15.593160847573538,15.839475786377157,15.53158178661558,15.812108039855957,955300,ILF
2020-07-21,16.113161469447675,16.33210998975925,16.113161469447675,16.188425064086914,1716900,ILF
2020-07-22,16.332109711875027,16.503162384033203,16.270530645495818,16.503162384033203,1002000,ILF
2020-07-23,16.414213758761086,16.42105602204033,16.01737162376291,16.044740676879883,1261500,ILF
2020-07-24,15.969476273792298,16.188423467481563,15.832633625222398,16.12684440612793,1203500,ILF
2020-07-27,16.250005287311325,16.660531997680664,16.16789942322608,16.660531997680664,2629200,ILF
2020-07-28,16.448425677881986,16.633161573077782,16.448425677881986,16.516845703125,1243600,ILF
2020-07-29,16.70158446692932,16.749479011094582,16.55790083443353,16.69474220275879,1156900,ILF
2020-07-30,16.55105977050263,16.57842752414094,16.263691179643377,16.434743881225586,1573000,ILF
2020-07-31,16.386843501364957,16.386843501364957,15.976316902671984,15.996842384338379,2234200,ILF
2020-08-03,15.907899542418212,15.948951820990692,15.743689123099884,15.784741401672363,2424700,ILF
2020-08-04,15.593159721053086,15.771053323159556,15.470001608034671,15.65473747253418,1638600,ILF
2020-08-05,15.948952579263034,16.09263751864064,15.757374400130852,15.935269355773926,1780700,ILF
2020-08-06,15.85316235254738,15.9557936990105,15.771056492359861,15.894214630126953,1031800,ILF
2020-08-07,15.634215354919434,15.791583508741072,15.55210949356166,15.634215354919434,1087000,ILF
2020-08-10,15.784737693797451,15.873685799010165,15.517895988215512,15.688948631286621,1528200,ILF
2020-08-11,15.8257883403343,15.92157869805321,15.620525711702859,15.627367973327637,3876500,ILF
2020-08-12,15.716319655169071,15.77789872392694,15.490530171399671,15.647899627685547,1103500,ILF
2020-08-13,15.79842059886316,15.90105191317888,15.579473446982165,15.627367973327637,898800,ILF
2020-08-14,15.661579734927214,15.798422372731698,15.606842940811044,15.65473747253418,1102000,ILF
2020-08-17,15.682108540870487,15.68895080414433,15.271581879637885,15.374213218688965,1137100,ILF
2020-08-18,15.682109578077013,15.784740923916077,15.565793704785175,15.695794105529785,2187700,ILF
2020-08-19,15.743687901122538,15.750530164524944,15.428950309753418,15.428950309753418,1794100,ILF
2020-08-20,15.1142140234126,15.449477099960633,15.018424945835536,15.428950309753418,1698200,ILF
2020-08-21,15.34000338877593,15.34000338877593,15.148423929927342,15.23052978515625,1230200,ILF
2020-08-24,15.435793430655094,15.47000474956765,15.319477556409158,15.415267944335938,1235500,ILF
2020-08-25,15.442635473274809,15.490530014038084,15.278425059931422,15.490530014038086,1100700,ILF
2020-08-26,15.497371396533804,15.524740449715662,15.04579245925942,15.141581535339355,1160600,ILF
2020-08-27,15.333161443380602,15.333161443380602,15.038950638166135,15.168951034545898,692100,ILF
2020-08-28,15.401583290437,15.709477327954191,15.38105649925784,15.695794105529785,1592200,ILF
2020-08-31,15.45632087509206,15.470005403235309,15.107373237609863,15.107373237609863,1160200,ILF
2020-09-01,15.415266786799037,15.730003066990651,15.408424523530314,15.67526626586914,1408400,ILF
2020-09-02,15.736845330259376,15.736845330259376,15.497371335967165,15.67526626586914,902800,ILF
2020-09-03,15.716317444435996,15.921581413098265,15.504212518010354,15.593160629272461,1219000,ILF
2020-09-04,15.682108529137865,15.812108921187056,15.34684545914008,15.67526626586914,1778100,ILF
2020-09-08,15.285265278153572,15.428948881215772,15.141580370063188,15.223686218261719,1110200,ILF
2020-09-09,15.538422779090782,15.620528628893705,15.449475971413472,15.579476356506348,1748700,ILF
2020-09-10,15.593164032095144,15.668426329170076,15.19632053375244,15.196320533752441,1702700,ILF
2020-09-11,15.40158056934474,15.435790576904212,15.196316608903494,15.298949241638184,1278200,ILF
2020-09-14,15.46315884863892,15.702632804585757,15.394737531935814,15.682106018066406,1024800,ILF
2020-09-15,15.743688166306784,15.812109496455012,15.586320020485692,15.600003242492676,963400,ILF
2020-09-16,15.682106873393312,15.818949514263139,15.606843290412092,15.661580085754395,864600,ILF
2020-09-17,15.394737876399818,15.716316375563387,15.33315882049197,15.688948631286621,498800,ILF
2020-09-18,15.579479309648798,15.620531589817752,15.141583536075611,15.162110328674316,1470500,ILF
2020-09-21,14.874739550478452,14.89526634003161,14.573686495506784,14.854212760925293,1561700,ILF
2020-09-22,14.922635620778642,15.01158374628525,14.69000386872376,14.785794258117676,764600,ILF
2020-09-23,14.648952322364513,14.683162338481962,14.23158333958363,14.245267868041992,1691500,ILF
2020-09-24,14.272635377246372,14.76526660307083,14.163161771507603,14.621582984924316,1490000,ILF
2020-09-25,14.34789505954421,14.566843536282507,14.252105998178013,14.539474487304688,2422700,ILF
2020-09-28,14.778952038759588,14.854214331689947,14.224741712501768,14.300004005432129,1583000,ILF
2020-09-29,14.279477558948399,14.42316117627197,14.115265846252441,14.115265846252441,1235900,ILF
2020-09-30,14.23842078641883,14.49842151904587,14.23842078641883,14.409473419189453,1925200,ILF
2020-10-01,14.395791360322988,14.395791360322988,14.163159656608514,14.334212303161621,1995400,ILF
2020-10-02,14.211054648080545,14.450528621999315,14.19737012270732,14.238422393798828,2349200,ILF
2020-10-05,14.430002809876973,14.744739084578553,14.382108272859623,14.724213600158691,704800,ILF
2020-10-06,14.826846153690052,14.96368881784712,14.47789853461506,14.525793075561523,1202700,ILF
2020-10-07,14.676318733186422,14.737897795118087,14.512107031349833,14.601055145263672,860300,ILF
2020-10-08,14.642107287553172,15.127897515676104,14.635265024618684,15.114212989807129,1722900,ILF
2020-10-09,15.162108995941022,15.408425265360723,15.100529928586097,15.27158260345459,2168500,ILF
2020-10-12,15.346843620843497,15.353685883292632,15.230527769264459,15.326316833496094,852200,ILF
2020-10-13,15.168950334467205,15.257897145761968,14.97737088048768,15.155265808105469,1414300,ILF
2020-10-14,15.230530451972415,15.31263500576769,15.134741370868475,15.175793647766113,724800,ILF
2020-10-15,14.956845513950949,15.168950454117873,14.874739660161152,15.059476852416992,1848200,ILF
2020-10-16,15.066320710033194,15.086846196881531,14.936320304870605,14.936320304870605,2040900,ILF
2020-10-19,15.073161536810236,15.27158195258636,14.98421341885368,15.02526569366455,1420600,ILF
2020-10-20,15.189475944201261,15.463159925036889,15.155264630954207,15.353686332702637,1910900,ILF
2020-10-21,15.346845854124012,15.647898920554702,15.32631906378954,15.449477195739746,1342700,ILF
2020-10-22,15.538423802204225,15.750530051065969,15.497371527113819,15.709476470947266,1965500,ILF
2020-10-23,15.791583251434995,15.791583251434995,15.634215100177492,15.647899627685547,1263800,ILF
2020-10-26,15.620529901413631,15.634214428333623,15.333161361235353,15.517898559570312,1585700,ILF
2020-10-27,15.511058165707022,15.511058165707022,15.182637310211481,15.196320533752441,1247400,ILF
2020-10-28,14.861054633644805,14.861054633644805,14.484739303588867,14.484739303588867,3128800,ILF
2020-10-29,14.409476543097606,14.628423751706267,14.197371597886503,14.58052921295166,5156900,ILF
2020-10-30,14.491582741912211,14.55316180891975,14.293161013770506,14.402634620666504,2223500,ILF
2020-11-02,14.553161525386132,14.58052927406277,14.388951118241383,14.532634735107422,3486600,ILF
2020-11-03,14.833690014021775,14.881584560123358,14.648952789034091,14.772110939025879,2468600,ILF
2020-11-04,14.984212622246782,15.182634332502483,14.799475437876625,14.997897148132324,750600,ILF
2020-11-05,15.531584504811518,15.80526854306222,15.435794112652445,15.791584014892578,1358100,ILF
2020-11-06,15.818953644227818,16.19526904732492,15.750532305929667,16.154216766357422,4470300,ILF
2020-11-09,16.94105553074733,17.132634978940377,16.633160222049256,16.742633819580078,3664900,ILF
2020-11-10,16.776846074627873,17.11210914898273,16.776846074627873,17.04368782043457,2483800,ILF
2020-11-11,17.002634632800437,17.132635019562105,16.947897833905245,17.11210823059082,3047200,ILF
2020-11-12,17.00263431190476,17.00263431190476,16.489476342561726,16.57158088684082,2163300,ILF
2020-11-13,16.61263569400653,16.94105650549555,16.61263569400653,16.927371978759766,3677600,ILF
2020-11-16,17.21474230186283,17.399479516885698,17.153163230188543,17.392637252807617,4790700,ILF
2020-11-17,17.337900520245398,17.78947951112554,17.290005976519993,17.775794982910156,1719400,ILF
2020-11-18,17.775792809515124,17.93316094966577,17.584214658037222,17.604740142822266,1670600,ILF
2020-11-19,17.65947960904899,17.803164549369956,17.49526918084537,17.75527000427246,1198500,ILF
2020-11-20,17.659478988791673,17.659478988791673,17.461058551067133,17.508953094482422,1037400,ILF
2020-11-23,17.727895034297145,17.741579558340387,17.550000136819143,17.714210510253906,1295200,ILF
2020-11-24,17.99474025184673,18.38474143328339,17.99474025184673,18.377899169921875,3070900,ILF
2020-11-25,18.32316215237036,18.49421481930987,18.261583087869877,18.453161239624023,2170600,ILF
2020-11-27,18.43947400522444,18.53526306025555,18.371052692333077,18.418947219848633,1024200,ILF
2020-11-30,18.350528767635055,18.350528767635055,17.96052891989331,18.0015811920166,1641100,ILF
2020-12-01,18.446319471410483,18.966319749465896,18.446319471410483,18.911582946777344,4162500,ILF
2020-12-02,18.747373888400734,19.068953769247422,18.692637081771487,19.055269241333008,3090800,ILF
2020-12-03,19.23316111122721,19.534212846996162,19.219476585502747,19.315265655517578,2023800,ILF
2020-12-04,19.458949821398434,19.684739267104373,19.458949821398434,19.650527954101562,2538000,ILF
2020-12-07,19.78737131851774,19.78737131851774,19.404213734093776,19.547897338867188,1840100,ILF
2020-12-08,19.60263554008075,19.807899525203343,19.45210966168015,19.575267791748047,1063400,ILF
2020-12-09,19.595790073441492,19.65736912840919,19.15105346925218,19.335790634155273,1077900,ILF
2020-12-10,19.363158726477796,20.115790619050127,19.301579670401907,20.10210609436035,3413300,ILF
2020-12-11,19.883160435544845,19.992634031354303,19.75316135616374,19.91737174987793,2741300,ILF
2020-12-14,19.992675420637593,20.075574510192617,19.64035099588556,19.71634292602539,1238800,ILF
2020-12-15,19.90286482930682,20.137747758995868,19.81305727038202,20.096298217773438,702300,ILF
2020-12-16,20.061757708506025,20.358814299425124,19.909773857053672,20.351905822753906,2241500,ILF
2020-12-17,20.559155410479367,20.704229462244385,20.50388891680834,20.607513427734375,6862800,ILF
2020-12-18,20.57297263998107,20.66968867579174,20.29663885025259,20.40717315673828,2814700,ILF
2020-12-21,19.792333246863997,20.123932235512463,19.757792179667916,19.916683197021484,2033900,ILF
2020-12-22,19.95122138959849,20.047938735595302,19.76469780889427,19.87523078918457,2129400,ILF
2020-12-23,20.01339603593685,20.15847139378546,19.97885497426944,20.08247947692871,877200,ILF
2020-12-24,20.123933367834866,20.172292709350586,19.971950818900293,20.172292709350586,491200,ILF
2020-12-28,20.15847223937713,20.199921778648125,19.94431474921039,20.137746810913086,829800,ILF
2020-12-29,20.37953776016427,20.4209872985291,20.179195909029634,20.35881233215332,1085000,ILF
2020-12-30,20.393354475068836,20.538428516487574,20.351903619528866,20.386445999145508,401200,ILF
2020-12-31,20.441714632448935,20.441714632448935,20.248281239282946,20.275915145874023,1352900,ILF
2021-01-04,20.669689213405906,20.794039158486605,20.172290750740313,20.26209831237793,1085900,ILF
2021-01-05,19.992671997032986,20.53151993983854,19.96503809347524,20.48316192626953,1869600,ILF
2021-01-06,20.49007368569546,21.035831509505243,20.49007368569546,20.711139678955078,1929300,ILF
2021-01-07,20.89075345699806,20.987469487269628,20.704228554911097,20.966745376586914,2651600,ILF
2021-01-08,21.201626884915342,21.243076421183446,20.91838597137879,21.146360397338867,2994900,ILF
2021-01-11,20.65586947401768,20.787127878083194,20.51079543609555,20.61441993713379,1510300,ILF
2021-01-12,20.724954709048532,21.15327101947134,20.66968821586402,21.118728637695312,3575000,ILF
2021-01-13,20.9667480571973,21.04964714584103,20.62133211331483,20.711139678955078,6334300,ILF
2021-01-14,20.918387637237185,21.325978509693993,20.81476181182907,21.256895065307617,1200700,ILF
2021-01-15,20.724955362697834,20.773313381052315,20.448622888059965,20.46934700012207,1110100,ILF
2021-01-19,20.71804386005815,20.71804386005815,20.310453025378354,20.44171142578125,1290200,ILF
2021-01-20,20.655871005403256,20.683504910479254,20.331180526702983,20.420988082885742,855800,ILF
2021-01-21,20.441712436392255,20.448620912297844,19.999580519690802,20.068662643432617,2400000,ILF
2021-01-22,19.654166406256174,19.73706548929973,19.47454996945224,19.674890518188477,6493700,ILF
2021-01-25,19.591988884768853,19.619621469633927,19.17748957053678,19.426189422607422,13041500,ILF
2021-01-26,19.819965102140916,19.854506165759833,19.57126522758193,19.612714767456055,5324300,ILF
2021-01-27,19.357110687826143,19.522910190277617,18.990969296376655,19.156768798828125,1692900,ILF
2021-01-28,19.2189430044578,19.578175904158773,19.2189430044578,19.495275497436523,965400,ILF
2021-01-29,19.177488331644298,19.239663290645368,18.74226361863679,18.762989044189453,1252900,ILF
2021-02-01,19.14294586160934,19.322562262545276,18.880430394184145,19.27420425415039,1897200,ILF
2021-02-02,19.695616117611166,19.743974136079757,19.495274249490237,19.571266174316406,1865500,ILF
2021-02-03,19.743969048514717,19.813052478950286,19.529811600055606,19.647253036499023,1196400,ILF
2021-02-04,19.64034679955641,19.667979384285058,19.44000496023153,19.522905349731445,2390900,ILF
2021-02-05,19.83377881643176,20.096295618080898,19.82687165850251,19.93740463256836,1039700,ILF
2021-02-08,19.85450733545655,20.110115701329505,19.792332363153864,19.951223373413086,1681500,ILF
2021-02-09,19.681799841986294,20.089390751191853,19.619624868198514,20.047941207885742,668000,ILF
2021-02-10,20.006487600653497,20.110113421180007,19.840688132530943,19.992671966552734,2157900,ILF
2021-02-11,20.199920972291668,20.234463351686184,19.875230511925462,19.992671966552734,1076200,ILF
2021-02-12,19.83378132323331,20.186105716720036,19.778514829215222,20.103206634521484,2271500,ILF
2021-02-16,20.262098132739965,20.441714572079967,20.13774818876172,20.28282356262207,903800,ILF
2021-02-17,20.16538221441757,20.27591520579416,20.03412379303642,20.269006729125977,823200,ILF
2021-02-18,20.151562105113822,20.20682859214675,19.840687292018,19.93740463256836,652800,ILF
2021-02-19,19.923588525420744,20.172288386433095,19.88904746368327,19.992671966552734,406200,ILF
2021-02-22,18.7837197182147,19.232760189402846,18.762994286871024,18.901161193847656,1879500,ILF
2021-02-23,19.04623116887094,19.481455909994565,18.81134826806133,19.426189422607422,1349000,ILF
2021-02-24,19.34329072311953,19.661072723952508,19.32256529441677,19.6196231842041,1100100,ILF
2021-02-25,19.529815879286545,19.55744846692132,18.63864219847957,18.69390869140625,2323300,ILF
2021-02-26,18.84589218138753,18.85970781611698,18.307042897225834,18.327768325805664,2064500,ILF
2021-03-01,18.562649125129344,18.832073077602324,18.500474164149896,18.521198272705078,1516800,ILF
2021-03-02,18.272502996636657,18.89425139936671,18.189602594699295,18.749176025390625,1478100,ILF
2021-03-03,18.47975125493672,18.859708230311817,18.16887640769736,18.687000274658203,1863000,ILF
2021-03-04,18.970242478383167,19.129134809573138,18.334678424252164,18.52811050415039,1333600,ILF
2021-03-05,18.832075000295895,18.901158443732584,18.40375870511409,18.84589195251465,990900,ILF
2021-03-08,18.597192841305095,18.790626227281564,18.15506089353847,18.182693481445312,4224300,ILF
2021-03-09,18.251776243219243,18.61100909613623,18.085976769024576,18.431392669677734,1752700,ILF
2021-03-10,18.700814489077153,18.984055389462895,18.507382450369,18.956422805786133,813000,ILF
2021-03-11,19.28111498344017,19.61271392347798,19.198215907259247,19.55744743347168,1006900,ILF
2021-03-12,19.22585165247699,19.336384650651517,19.163676676296657,19.308752059936523,968100,ILF
2021-03-15,19.22585081877818,19.267300361881915,19.06005132870602,19.25348472595215,1459000,ILF
2021-03-16,19.35710778999064,19.37783190115877,19.039324469622418,19.11531639099121,1462700,ILF
2021-03-17,18.956425656760803,19.474549525779118,18.87352525794873,19.405466079711914,1443500,ILF
2021-03-18,19.281117853274772,19.49527536921763,19.080777291304294,19.108409881591797,1324600,ILF
2021-03-19,19.274208905948413,19.47455078068729,19.07386834886676,19.32947540283203,1046200,ILF
2021-03-22,19.08768142459244,19.232756782988577,18.956424335635273,19.170581817626953,422500,ILF
2021-03-23,19.046231934652674,19.225848355296883,18.742265582973474,18.75608253479004,344200,ILF
2021-03-24,18.769899313132004,18.9356987804273,18.452116012573242,18.452116012573242,2041500,ILF
2021-03-25,18.35539759712686,18.63863848159991,18.23795615837046,18.59718894958496,3515300,ILF
2021-03-26,18.749176025390625,18.838984903960863,18.396851623056918,18.749176025390625,472200,ILF
2021-03-29,18.54192319846279,18.73535655158433,18.417573279860147,18.66627311706543,1385500,ILF
2021-03-30,18.638642688973,18.90115952552595,18.617918577115827,18.873525619506836,668500,ILF
2021-03-31,18.894251358754346,19.136042769756646,18.894251358754346,19.073867797851562,366500,ILF
2021-04-01,19.09459328242621,19.205126280944608,18.866618808274858,18.901161193847656,803900,ILF
2021-04-05,19.26039272028505,19.308752059936523,19.17749363048279,19.308752059936523,537000,ILF
2021-04-06,19.329474038574997,19.52290742284391,19.315657085914975,19.419282913208008,609900,ILF
2021-04-07,19.39855705847086,19.522906994367645,19.253483011696012,19.315656661987305,1178200,ILF
2021-04-08,19.495269226009402,19.730152098896237,19.384736264375224,19.647253036499023,1306100,ILF
2021-04-09,19.405468286062273,19.474551739984083,19.267301378218654,19.288026809692383,736300,ILF
2021-04-12,19.35710774374165,19.38474033111884,19.129133297837075,19.205123901367188,706200,ILF
2021-04-13,19.10840870399342,19.433099196391026,19.080776115408835,19.260391235351562,889800,ILF
2021-04-14,19.315657762043617,19.743974085897246,19.308750603128956,19.661073684692383,597000,ILF
2021-04-15,19.944312670645754,19.95121982842349,19.771604737749353,19.833778381347656,2629600,ILF
2021-04-16,19.785423886491653,20.04103225236461,19.709433278521743,19.951223373413086,1901600,ILF
2021-04-19,19.923590724610975,20.08248173439321,19.861415752494935,19.958131790161133,1254500,ILF
2021-04-20,19.958130387340045,19.958130387340045,19.681797929390118,19.73015594482422,995300,ILF
2021-04-21,19.640347993789423,19.882139383737915,19.550539123232266,19.861413955688477,701800,ILF
2021-04-22,19.99267147434657,19.99267147434657,19.737063143748216,19.895954132080078,1521400,ILF
2021-04-23,19.99267423338634,20.061757682351235,19.826874746464906,19.951223373413086,690800,ILF
2021-04-26,20.096294286315423,20.186101827671084,20.006485427302866,20.110111236572266,2500300,ILF
2021-04-27,20.08247866690842,20.248278128007193,19.916679205809643,19.93740463256836,1534800,ILF
2021-04-28,20.137747425714686,20.365721875150808,20.110114837909435,20.303546905517578,1488300,ILF
2021-04-29,20.331183080444006,20.36572414847049,20.01339972043977,20.17919921875,1304700,ILF
2021-04-30,19.916681194850305,20.02721417995487,19.585082239536604,19.605806350708008,2092200,ILF
2021-05-03,19.6887064648498,19.88904832100263,19.661072560143026,19.723247528076172,1023400,ILF
2021-05-04,19.56435858788246,19.654167469973622,19.41237604897227,19.536725997924805,1175700,ILF
2021-05-05,19.75778857087468,19.96503757151128,19.737063143748216,19.895954132080078,843200,ILF
2021-05-06,20.054848344641805,20.303546905517578,20.034122915545016,20.303546905517578,1478000,ILF
2021-05-07,20.50389028252978,20.766405815538487,20.46244073892993,20.75259017944336,2017700,ILF
2021-05-10,20.870028250683223,21.042736202380993,20.821670235032983,20.856212615966797,1931700,ILF
2021-05-11,20.483162880373442,20.946020245269146,20.483162880373442,20.93220329284668,2919600,ILF
2021-05-12,20.64896390559346,20.849305777777875,20.24137300215232,20.248281478881836,2289800,ILF
2021-05-13,20.24137283132885,20.572973123261217,20.16538222325987,20.351905822753906,1901400,ILF
2021-05-14,20.593696072014673,20.759495549784113,20.566063484548327,20.738771438598633,2799400,ILF
2021-05-17,20.517705409360765,20.8009463477779,20.43480501188538,20.74567985534668,1111700,ILF
2021-05-18,20.863119419790916,20.959835443338754,20.76640207858608,20.828577041625977,1153500,ILF
2021-05-19,20.517706336133728,20.635147802561967,20.317364468485536,20.46934700012207,2375600,ILF
2021-05-20,20.52461320686257,20.600605130442418,20.427897171511603,20.586788177490234,3566300,ILF
2021-05-21,20.524613665781345,20.58678863779921,20.213740123349215,20.36572265625,3300400,ILF
2021-05-24,20.46934700012207,20.517706336133728,20.386447916559298,20.46934700012207,1783000,ILF
2021-05-25,20.57297244331332,20.600605031427712,20.165381556783068,20.19301414489746,4116700,ILF
2021-05-26,20.269006450131055,20.517706336133728,20.269006450131055,20.46934700012207,1709000,ILF
2021-05-27,20.586789369729487,20.759497338662307,20.572973733634356,20.75259017944336,1409000,ILF
2021-05-28,20.849301835384292,21.18780922517911,20.82166793369151,21.160175323486328,1571600,ILF
2021-06-01,21.781927406059054,21.857918009021056,21.623035088613914,21.747385025024414,1487900,ILF
2021-06-02,21.671396281401083,22.203335818402273,21.643762374202467,22.154977798461914,2090200,ILF
2021-06-03,21.96154421560156,22.002993755905365,21.830285800706196,21.940818786621094,1326400,ILF
2021-06-04,22.168793635860666,22.306960529582597,22.02371826568692,22.300050735473633,1200300,ILF
2021-06-07,22.217150298061412,22.46585016452668,22.168792283505848,22.38985824584961,921800,ILF
2021-06-08,22.258601731026502,22.410582937004758,22.11352504828632,22.23787498474121,877200,ILF
2021-06-09,22.230968703117895,22.29314367379791,22.11352592058261,22.12043571472168,2141800,ILF
2021-06-10,22.21691094437435,22.34274506294743,22.06311146601031,22.174964904785156,3059800,ILF
2021-06-11,22.140008172863585,22.1679708620284,21.902319314671715,22.063108444213867,804400,ILF
2021-06-14,22.24487382355036,22.377698949833334,22.12602937718263,22.195938110351562,2027800,ILF
2021-06-15,22.153990364828577,22.167971042826014,21.8533837868167,22.14699935913086,891400,ILF
2021-06-16,22.11903729764835,22.22390105901445,21.678614566823562,21.89533042907715,1178300,ILF
2021-06-17,22.014170271787957,22.077087982107344,21.601710318982136,21.699583053588867,1801000,ILF
2021-06-18,21.7485229781386,21.790467682031977,21.461898390304018,21.608705520629883,1187100,ILF
2021-06-21,21.713565617926932,21.916300776228095,21.615694208207998,21.881345748901367,760500,ILF
2021-06-22,21.720558862333657,22.07709217742979,21.615696436340226,22.049129486083984,799200,ILF
2021-06-23,22.153991711574406,22.363716561663168,22.063109965377354,22.091073989868164,1182500,ILF
2021-06-24,22.342743259525633,22.62237816728985,22.26584485994873,22.566450119018555,1237400,ILF
2021-06-25,22.629368482376467,22.67830419260508,22.153992059157037,22.251863479614258,1634700,ILF
2021-06-28,22.293805130171084,22.314778145995707,22.007180580890832,22.202924728393555,1228000,ILF
2021-06-29,22.15399301670982,22.230891421793626,22.00019353974589,22.223901748657227,999600,ILF
2021-06-30,21.986211005041927,22.112045111852527,21.881347249269364,22.035146713256836,1535000,ILF
2021-07-01,22.119036375176744,22.147000399280966,21.61569594188329,21.678613662719727,1321300,ILF
2021-07-02,21.930283916491845,22.04213734290153,21.65764002289497,21.993200302124023,719000,ILF
2021-07-06,21.580742542169826,21.62268724550539,21.13332748413086,21.13332748413086,1135700,ILF
2021-07-07,21.280134971744033,21.36402437457489,20.93059268202011,21.231199264526367,1506200,ILF
2021-07-08,20.776795178101786,20.958557345885893,20.574061324333684,20.853694915771484,1377900,ILF
2021-07-09,21.098373774622804,21.273144927383566,20.979529337409563,21.196245193481445,1199700,ILF
2021-07-12,21.119343539438077,21.41295910271696,21.063416828975335,21.38499641418457,967700,ILF
2021-07-13,21.30809783935547,21.37101555870262,21.18226240066117,21.30809783935547,1406500,ILF
2021-07-14,21.72055531291299,21.755510338130755,21.47587546998012,21.566757202148438,857600,ILF
2021-07-15,21.510834327637355,21.664632465803077,21.28712745997881,21.44092559814453,1693300,ILF
2021-07-16,21.517821709530086,21.566757411913045,21.168279454339913,21.210224151611328,1459000,ILF
2021-07-19,20.76980155162094,20.818738590672737,20.434241284225045,20.532114028930664,1343600,ILF
2021-07-20,20.364333093140957,20.88864652465064,20.301416708085963,20.76980209350586,1478200,ILF
2021-07-21,20.755820992395943,21.182261667956016,20.755820992395943,21.112354278564453,1390500,ILF
2021-07-22,21.133328071809707,21.16828310339311,20.916612209585068,21.063419342041016,477300,ILF
2021-07-23,21.1542995723016,21.189253267977907,20.853692989252483,20.979528427124023,1712600,ILF
2021-07-26,20.90263183068005,21.343055929267223,20.86767812976282,21.294118881225586,1460100,ILF
2021-07-27,21.14730873478572,21.210226454222216,20.951564570605736,21.11934471130371,868600,ILF
2021-07-28,21.259162842333836,21.650649849825623,21.231200151354887,21.57375144958496,1739000,ILF
2021-07-29,21.671621886420578,21.797457323620897,21.587731150487695,21.727548599243164,1133400,ILF
2021-07-30,21.4409212243529,21.594719331144926,20.734845733966054,20.76280975341797,1171300,ILF
2021-08-02,21.23120105944198,21.38499919989953,20.888648413162393,20.895639419555664,5258500,ILF
2021-08-03,20.72086746885015,21.112355811538507,20.49716060639857,21.070409774780273,1752800,ILF
2021-08-04,21.056427996123986,21.056427996123986,20.588041277306083,20.76980209350586,1677800,ILF
2021-08-05,21.070408284465564,21.21721673593942,20.741839020154337,20.797765731811523,1534500,ILF
2021-08-06,20.90263062759833,20.965548352346605,20.71387745335351,20.853694915771484,1310800,ILF
2021-08-09,20.83971158107337,20.92360231988294,20.609013716094626,20.783784866333008,821500,ILF
2021-08-10,20.77679497766633,21.042447887018074,20.71387725352503,20.895639419555664,722200,ILF
2021-08-11,20.88864705804969,21.063418206349095,20.776793629809912,21.014482498168945,1151200,ILF
2021-08-12,20.874665468356426,20.9375831856696,20.699894327686057,20.734848022460938,1615800,ILF
2021-08-13,20.741840338672716,20.93758450861494,20.643968920400642,20.86767578125,853700,ILF
2021-08-16,20.741839060348063,20.741839060348063,20.462205501520252,20.483177185058594,580800,ILF
2021-08-17,20.28743323553867,20.511140070195264,20.056735395624326,20.371322631835938,817100,ILF
2021-08-18,20.21053604702097,20.378316194065647,19.979838178159778,19.993820190429688,1476200,ILF
2021-08-19,19.574372646910472,19.749143831257886,19.441546173454906,19.6442813873291,2025000,ILF
2021-08-20,19.41357762563203,19.77011089424131,19.378622599259796,19.74913787841797,2387700,ILF
2021-08-23,19.847011940037884,19.930902681153864,19.74214951369148,19.888957977294922,885100,ILF
2021-08-24,20.18257683310099,20.574063910320547,20.14063078906445,20.476192474365234,1582200,ILF
2021-08-25,20.42725120142796,20.6859130859375,20.308406768015146,20.6859130859375,1283800,ILF
2021-08-26,20.47618811630007,20.574059531424844,20.25947093509803,20.29442596435547,1202500,ILF
2021-08-27,20.406278750211214,20.797765731811523,20.357343044185924,20.797765731811523,1592600,ILF
2021-08-30,20.741839601377272,20.825730337912812,20.567068455876417,20.72785758972168,1298100,ILF
2021-08-31,20.881657250793317,20.97253766062757,20.602022348599856,20.6859130859375,1186300,ILF
2021-09-01,20.727857222384817,20.825729968841458,20.588041108500754,20.629985809326172,844800,ILF
2021-09-02,20.51813204034797,20.66493915747096,20.294425195171243,20.343360900878906,1686700,ILF
2021-09-03,20.378313261578647,20.46919499485689,20.224515148935787,20.27345085144043,946400,ILF
2021-09-07,20.34336109762152,20.622994656796795,20.266461368824075,20.301416397094727,856900,ILF
2021-09-08,20.01479317351484,20.056739213045017,19.413581274295428,19.42057228088379,1225300,ILF
2021-09-09,19.497467022129555,19.895944988987598,19.301724208036717,19.74913787841797,2255600,ILF
2021-09-10,19.958864831713996,20.028773558516455,19.686222263922264,19.707195281982422,886800,ILF
2021-09-13,19.958863262213722,20.09168969935355,19.88196486883631,19.93090057373047,1306800,ILF
2021-09-14,20.04275691095859,20.04275691095859,19.735159292495357,19.7771053314209,1221700,ILF
2021-09-15,19.74913711331402,19.840017511565183,19.67223739167221,19.798072814941406,636800,ILF
2021-09-16,19.57436828437329,19.616312985916927,19.378624121506267,19.588350296020508,596900,ILF
2021-09-17,19.406585895746893,19.406585895746893,19.05704364546341,19.11297035217285,899500,ILF
2021-09-20,18.74245741571086,18.756439427475033,18.316016724087763,18.588659286499023,1550800,ILF
2021-09-21,18.7005119173521,18.924218762458988,18.553704800274943,18.82634735107422,2360200,ILF
2021-09-22,19.112973966040805,19.399598558796214,19.071029261427313,19.154918670654297,1338300,ILF
2021-09-23,19.168900640905456,19.483489258305777,19.168900640905456,19.343671798706055,1786600,ILF
2021-09-24,19.08500995496322,19.224827414976843,19.078020282020844,19.09200096130371,976200,ILF
2021-09-27,19.085008985317717,19.315706849240527,19.015101592260784,19.18987274169922,1286300,ILF
2021-09-28,19.064038593760177,19.07102960021964,18.511761084045965,18.553707122802734,910100,ILF
2021-09-29,18.644586000157695,18.805375135251616,18.490787870945862,18.588659286499023,808800,ILF
2021-09-30,18.70051425825701,18.812367694812117,18.49777907112704,18.553707122802734,1769800,ILF
2021-10-01,18.805374319416615,19.00810948100779,18.672547880215433,18.95218276977539,913000,ILF
2021-10-04,18.609633654119698,18.84033153137168,18.490789212299095,18.532733917236328,1211800,ILF
2021-10-05,18.52574331468137,18.6935234714858,18.434862896436613,18.441852569580078,531900,ILF
2021-10-06,18.18319199453089,18.483798608829805,18.029393850809704,18.441852569580078,968900,ILF
2021-10-07,18.50477029505651,18.644587759092612,18.42787188989499,18.441852569580078,1889700,ILF
2021-10-08,18.7005106035588,18.770419321092803,18.532730481515923,18.567684173583984,2523500,ILF
2021-10-11,18.609633495320697,18.70750491713847,18.38592529296875,18.38592529296875,587200,ILF
2021-10-12,18.441851809696278,18.553706576355157,18.39990710557301,18.43486213684082,951200,ILF
2021-10-13,18.469818825844634,18.651581017678787,18.330001344926572,18.609636306762695,1002700,ILF
2021-10-14,18.6725496413118,18.707504672502555,18.55370653545753,18.616622924804688,1513700,ILF
2021-10-15,18.644586662743034,19.1059824001735,18.644586662743034,19.09899139404297,1222000,ILF
2021-10-18,18.805376596385,18.99412976967295,18.67954114752637,18.92422103881836,651900,ILF
2021-10-19,18.756437894397248,18.756437894397248,18.40689562925127,18.49777603149414,1108100,ILF
2021-10-20,18.56069297320039,18.79838181027637,18.469812574740924,18.67254638671875,665400,ILF
2021-10-21,18.281061008332042,18.316016036430128,17.833647315860414,18.078327178955078,1094000,ILF
2021-10-22,17.931519305967683,18.120272463590023,17.51905929489577,18.008419036865234,1267800,ILF
2021-10-25,18.225134805974438,18.56069508470355,18.20416312192763,18.50476837158203,1324400,ILF
2021-10-26,18.364951135952648,18.44184952843326,18.225133694973092,18.32999610900879,3773000,ILF
2021-10-27,18.469818245713274,18.469818245713274,18.036385135199943,18.09231185913086,2749900,ILF
2021-10-28,18.02939282839545,18.120273241486544,17.868602353852623,17.959484100341797,1498700,ILF
2021-10-29,17.854618654300037,17.903554355639187,17.51905708309272,17.533039093017578,1698000,ILF
2021-11-01,17.595957555474634,17.763737681542104,17.58896655021375,17.735774993896484,852900,ILF
2021-11-02,17.547024172549325,17.59595988244909,17.386235030479206,17.45614242553711,707700,ILF
2021-11-03,17.54702355334387,17.812675112024525,17.3932240894884,17.71480369567871,1500400,ILF
2021-11-04,17.67285865683366,17.693830340852298,17.34428805096285,17.428178787231445,1905000,ILF
2021-11-05,17.630913727934892,17.784713198508364,17.574987011380387,17.665868759155273,929100,ILF
2021-11-08,17.65887602670347,17.86860085993212,17.65887602670347,17.742765426635742,832000,ILF
2021-11-09,18.022399146161693,18.036379822978013,17.770728295897573,17.88258171081543,952100,ILF
2021-11-10,17.96647379542379,18.05036319624807,17.700820914884947,17.76373863220215,1091800,ILF
2021-11-11,18.162216382604036,18.288051815596347,18.078326982874476,18.120271682739258,950500,ILF
2021-11-12,17.959480857788233,18.071334269119905,17.87559013259056,17.952489852905273,1243500,ILF
2021-11-15,17.96647684807226,17.980457528319747,17.86161307912774,17.875595092773438,1721900,ILF
2021-11-16,17.756748620390077,17.784712644495272,17.505079070433627,17.54702377319336,1323300,ILF
2021-11-17,17.547021309462874,17.547021309462874,17.148543355699502,17.17650604248047,1838500,ILF
2021-11-18,17.07863600372629,17.085627009329784,16.81298312438546,16.86890983581543,3464500,ILF
2021-11-19,17.00872824869309,17.071645969305855,16.833957098857198,16.8409481048584,1467900,ILF
2021-11-22,17.134562319327657,17.239424734161652,16.9388181671457,16.95979118347168,1461900,ILF
2021-11-23,16.931827522456203,17.155535701172496,16.778029399649355,17.120580673217773,1572100,ILF
2021-11-24,17.029701210798834,17.190490348104554,16.924837454523058,17.155536651611328,832100,ILF
2021-11-26,16.729096792186567,16.771041500102534,16.526361592695977,16.736087799072266,918000,ILF
2021-11-29,16.903869680125354,16.938823384703937,16.61025402811083,16.778034210205078,1250000,ILF
2021-11-30,16.826964588178235,16.85492860968248,16.42848661552824,16.631221771240234,1375400,ILF
2021-12-01,17.015718926454,17.1555363769848,16.491405487060547,16.491405487060547,1771500,ILF
2021-12-02,16.743078855190358,17.20447464381739,16.743078855190358,17.190492630004883,1923900,ILF
2021-12-03,17.421186669546273,17.449149357585785,16.93881796693381,17.064653396606445,983600,ILF
2021-12-06,17.19748151795892,17.358270656796808,17.078637081992206,17.295352935791016,740900,ILF
2021-12-07,17.526050929476703,17.64489536631001,17.526050929476703,17.62392234802246,1051600,ILF
2021-12-08,17.658876774304527,17.82665691467013,17.658876774304527,17.819665908813477,865400,ILF
2021-12-09,17.57498818856376,17.60295221541311,17.470125754675074,17.526052474975586,2521600,ILF
2021-12-10,17.61693096397328,17.651884657658975,17.49808653868481,17.58197593688965,1345400,ILF
2021-12-13,17.648447421446505,17.70072925129167,17.230202754424617,17.252609252929688,11742900,ILF
2021-12-14,17.26007961788087,17.431858514732003,17.125643463985433,17.140581130981445,7133900,ILF
2021-12-15,17.103238546794135,17.237674713134766,16.871710385059973,17.237674713134766,1968300,ILF
2021-12-16,17.37957903665018,17.596169521568306,17.327298623895267,17.514015197753906,2122700,ILF
2021-12-17,17.372111746183087,17.58123484031676,17.282487155973072,17.454267501831055,1519600,ILF
2021-12-20,17.125642910601652,17.125642910601652,16.856770611498895,16.93145751953125,1888700,ILF
2021-12-21,17.04348701770297,17.118173925070945,16.998675443095888,17.073362350463867,1296600,ILF
2021-12-22,16.983737307902565,17.26754726315984,16.93145690154839,17.26007843017578,1922000,ILF
2021-12-23,17.177924793067508,17.33476603131465,17.14804945747696,17.27501678466797,1193500,ILF
2021-12-27,17.394516565991143,17.521482467651367,17.267549239796523,17.521482467651367,1264300,ILF
2021-12-28,17.454266815875908,17.558827646566222,17.40945381026479,17.439329147338867,758000,ILF
2021-12-29,17.446798481385002,17.476672394780365,17.200332641601562,17.200332641601562,569200,ILF
2021-12-30,17.409450729317793,17.618573778224437,17.409450729317793,17.55882453918457,1072100,ILF
2021-12-31,17.566295470685514,17.64098238454136,17.499077390668692,17.521482467651367,562500,ILF
2022-01-03,17.401981353759766,17.506543587219845,17.39451394558007,17.401981353759766,856600,ILF
2022-01-04,17.33476326232519,17.53641747174667,17.304889356040995,17.349700927734375,897200,ILF
2022-01-05,17.342234462162487,17.499077121298868,17.036019402148153,17.058425903320312,1211900,ILF
2022-01-06,17.20779802382161,17.3347639109479,17.13311111851526,17.26007843017578,1107100,ILF
2022-01-07,17.304889936717295,17.61110496520996,17.304889936717295,17.61110496520996,721600,ILF
2022-01-10,17.536416266898254,17.566291595664026,17.289950502716945,17.41691780090332,888800,ILF
2022-01-11,17.536418985646264,17.939727439306402,17.47666974338561,17.93225860595703,2813700,ILF
2022-01-12,18.11897646923675,18.43266036979945,18.11897646923675,18.417722702026367,1186400,ILF
2022-01-13,18.4102523054187,18.552157288148823,18.365440730437612,18.425189971923828,1069800,ILF
2022-01-14,18.305691524104596,18.589500065575564,18.290753857570785,18.52975082397461,2811500,ILF
2022-01-18,18.522280916456815,18.596967820259906,18.30569046241547,18.402782440185547,2384200,ILF
2022-01-19,18.79115360340172,18.821028935377463,18.64177979259149,18.70153045654297,1957100,ILF
2022-01-20,18.977870154647395,19.037619394064638,18.694061623549036,18.70153045654297,4367500,ILF
2022-01-21,18.79862486478877,18.87331177984189,18.537221374370063,18.567096710205078,5411200,ILF
2022-01-24,18.298223168026933,18.343034744262695,17.84263429860467,18.343034744262695,2541700,ILF
2022-01-25,18.34303565292019,18.731406464960347,18.104038668444524,18.664188385009766,1179800,ILF
2022-01-26,18.955463883198853,19.11230652888569,18.626843774726503,18.768747329711914,2949300,ILF
2022-01-27,19.119776428851136,19.17952567231959,18.701531724571968,18.843435287475586,4088100,ILF
2022-01-28,18.962931833423802,18.962931833423802,18.619374074779323,18.791152954101562,1591200,ILF
2022-01-31,18.82102939234603,19.082431430809343,18.791154059644928,19.022682189941406,5688100,ILF
2022-02-01,19.089901542265107,19.418523101310758,19.089901542265107,19.40358543395996,1487400,ILF
2022-02-02,19.321429498710838,19.321429498710838,19.045088373940942,19.25421142578125,3057200,ILF
2022-02-03,19.03761914675563,19.127243716984346,18.910651836576577,18.955463409423828,1981000,ILF
2022-02-04,18.83596750979147,19.067497087677236,18.761282019670293,18.97040367126465,972400,ILF
2022-02-07,18.985341857423112,19.231807685341256,18.96293535505439,19.127246856689453,1766100,ILF
2022-02-08,19.052557244782857,19.366241110898383,18.992808004786294,19.35877227783203,1807600,ILF
2022-02-09,19.284084884546342,19.58283107698221,19.284084884546342,19.493207931518555,1956900,ILF
2022-02-10,19.530551397885237,19.903984508454876,19.51561373157423,19.612707138061523,2818000,ILF
2022-02-11,19.76954788586901,20.16538748639728,19.6873935722003,19.799423217773438,1773300,ILF
2022-02-14,19.874112022758787,19.89651709929457,19.65752011935045,19.74714469909668,3228800,ILF
2022-02-15,19.881580741477652,20.068297309046045,19.82929890594964,20.04589080810547,2392200,ILF
2022-02-16,20.128044191916505,20.39691504898305,20.120575359146017,20.28488540649414,2039200,ILF
2022-02-17,20.135514079238686,20.135514079238686,19.642582451970352,19.74714469909668,2708400,ILF
2022-02-18,19.85917364714471,19.903985223152535,19.64258175146065,19.6799259185791,1674400,ILF
2022-02-22,19.866642685781525,20.00854767322881,19.739675365335913,19.881580352783203,1915900,ILF
2022-02-23,20.135514109118667,20.135514109118667,19.814362807176167,19.85170555114746,6193400,ILF
2022-02-24,19.01521412432554,19.485740661621094,18.9031844712428,19.485740661621094,4004700,ILF
2022-02-25,19.351304235795528,19.881580008908767,19.351304235795528,19.87411117553711,3167300,ILF
2022-02-28,19.6425820171424,20.120577390983613,19.59777044052846,20.090702056884766,4769700,ILF
2022-03-01,20.06082727341325,20.553758868296043,19.933859958092874,20.113107681274414,4601400,ILF
2022-03-02,20.277418308959124,20.449197203777672,20.068296671626737,20.37451171875,3950600,ILF
2022-03-03,20.66578589559453,20.830095931533307,20.546287428632862,20.7404727935791,1587600,ILF
2022-03-04,20.426791649308193,20.576164040396776,20.225137425577614,20.561227798461914,5033100,ILF
2022-03-07,20.583633251432904,20.583633251432904,19.851704675422134,19.87411117553711,2528800,ILF
2022-03-08,20.02348152948185,20.240073401591776,19.806891081906084,20.068294525146484,2490800,ILF
2022-03-09,20.449197952748822,20.6359145212253,20.299825552688258,20.59857177734375,2795000,ILF
2022-03-10,20.277419037054614,20.598571762528675,20.240076293199923,20.54629135131836,1841600,ILF
2022-03-11,20.650849994913866,20.733005732167356,20.21019882615568,20.240074157714844,2948500,ILF
2022-03-14,20.26248196441479,20.26248196441479,19.709801076844528,19.769550323486328,2681400,ILF
2022-03-15,19.51561424369739,19.627645319435583,19.32889768351281,19.53055191040039,5263200,ILF
2022-03-16,19.836770158043407,20.060830921162996,19.597773150343475,20.01601791381836,7126400,ILF
2022-03-17,20.083232107053075,20.56869628743495,20.053358199149077,20.55375862121582,1737300,ILF
2022-03-18,20.426791940842573,21.039222029475305,20.411854274160238,21.02428436279297,1787800,ILF
2022-03-21,21.285687919284985,21.53962255579359,21.26328141916918,21.47240447998047,1874900,ILF
2022-03-22,21.711402549570597,21.78608946253903,21.57696639113428,21.703933715820312,5479500,ILF
2022-03-23,21.71140221619526,22.084835350769062,21.71140221619526,21.935462951660156,2034000,ILF
2022-03-24,22.002676626083183,22.32382930625711,21.935459981532844,22.316360473632812,3123800,ILF
2022-03-25,22.420926374565003,22.48814445464837,22.32383295909596,22.458269119262695,1822600,ILF
2022-03-28,22.30889306554268,22.37610971009302,22.077363527791984,22.316360473632812,2335700,ILF
2022-03-29,22.532953302271252,22.6449829473211,22.383579492515302,22.637514114379883,3630300,ILF
2022-03-30,22.67486017395319,22.719671750811045,22.480674774856677,22.585235595703125,2718200,ILF
2022-03-31,22.697261810302734,22.83916677747006,22.659919072669606,22.697261810302734,2387000,ILF
2022-04-01,23.048290824553273,23.24247620275151,22.92132351667497,23.122976303100586,4811700,ILF
2022-04-04,23.324631593427355,23.332100426534552,23.16032153867181,23.24994468688965,2337800,ILF
2022-04-05,23.130447080403012,23.220071656542256,22.585235063781017,22.615110397338867,2358700,ILF
2022-04-06,22.428392230703427,22.53295304160246,22.159519946066812,22.331298828125,3087500,ILF
2022-04-07,22.24914590368181,22.488142871807675,22.129645995084584,22.413455963134766,1624800,ILF
2022-04-08,22.323832918150288,22.376113330444927,22.054962022844364,22.301427841186523,1590100,ILF
2022-04-11,22.219270362181394,22.308894936655864,22.069896546235366,22.211801528930664,1428600,ILF
2022-04-12,22.61510958880798,22.622578421930417,22.069896167144034,22.09977149963379,1595200,ILF
2022-04-13,22.114709545739746,22.301426103405134,22.077365379486096,22.211801528930664,2495500,ILF
2022-04-14,22.092303145141024,22.114709644993777,21.830899678329406,21.913055419921875,1683300,ILF
2022-04-18,21.987741833213835,22.129645388817014,21.942928834517218,22.0474910736084,1038700,ILF
2022-04-19,21.875712352864173,22.077365150404322,21.77861894614644,21.957866668701172,1939000,ILF
2022-04-20,21.97280466166159,21.97280466166159,21.718870028134223,21.913055419921875,1513900,ILF
2022-04-21,21.905585709959546,21.927992208915573,21.136313006880062,21.240875244140625,5187900,ILF
2022-04-22,21.196061719057248,21.196061719057248,20.538820102570053,20.62844467163086,4471700,ILF
2022-04-25,20.195264472626015,20.299825293788295,19.76954950532026,20.187795639038086,5934500,ILF
2022-04-26,19.911454198056095,19.911454198056095,19.470802994667576,19.485740661621094,5088800,ILF
2022-04-27,19.63511296832704,19.836765758515902,19.50067682517832,19.650049209594727,4059700,ILF
2022-04-28,19.679923209802624,19.93385781311885,19.328895209876837,19.85917091369629,2186600,ILF
2022-04-29,20.25501179063067,20.344634936094327,19.470801432885537,19.493207931518555,3918100,ILF
2022-05-02,19.34383332769818,19.37370865798053,18.813559035993897,19.082429885864258,5724300,ILF
2022-05-03,19.26167995445224,19.41105233951981,19.186993049651345,19.351303100585938,3146500,ILF
2022-05-04,19.17952585588612,19.881580541760528,19.015214366374508,19.844236373901367,3205000,ILF
2022-05-05,19.530553226321434,19.530553226321434,18.79862460297054,19.112308502197266,3502000,ILF
2022-05-06,18.89571640043673,19.239275631562798,18.611907839536396,18.910654067993164,3796700,ILF
2022-05-09,18.552154596087536,18.589497332397347,18.193659199190694,18.253408432006836,3096600,ILF
2022-05-10,18.45506419094633,18.529751100194442,18.081631069240082,18.32809829711914,7552300,ILF
2022-05-11,18.514814581975084,18.873310031580818,18.462532749106746,18.52975082397461,5413800,ILF
2022-05-12,18.447597036141712,18.835966405418315,18.231005138792963,18.686594009399414,3325700,ILF
2022-05-13,18.78368422255955,19.231804217386067,18.746341483213257,19.186992645263672,2375000,ILF
2022-05-16,19.224338053355247,19.582833529169545,19.216869219542318,19.463335037231445,1792700,ILF
2022-05-17,19.889048477317257,20.060828804948212,19.762081152303622,20.001079559326172,2496800,ILF
2022-05-18,19.791958193259745,19.874113947271486,19.358775769030157,19.455867767333984,1991600,ILF
2022-05-19,19.57536186324389,20.060826019107914,19.57536186324389,19.88904571533203,2466000,ILF
2022-05-20,20.180327366769486,20.367043938058174,20.00854846307215,20.262481689453125,1769500,ILF
2022-05-23,20.59856974396241,20.88237827323547,20.538820504929443,20.792755126953125,2178800,ILF
2022-05-24,20.628443158869295,20.75541045808283,20.277415165702056,20.7404727935791,1594900,ILF
2022-05-25,20.486541115435926,20.957066218102433,20.441729540071094,20.815162658691406,2916700,ILF
2022-05-26,20.80769529403497,21.293158097599722,20.733008380132457,21.211002349853516,1574100,ILF
2022-05-27,21.18112524092676,21.591901068566955,21.17365640821077,21.524682998657227,9999000,ILF
2022-05-31,21.62177877086532,21.62177877086532,21.106440653214165,21.233407974243164,5298500,ILF
2022-06-01,21.255814092854767,21.330501007335194,20.949599025565977,21.0690975189209,4336100,ILF
2022-06-02,21.255811505204818,21.337967243585215,21.061627545543534,21.293155670166016,2921900,ILF
2022-06-03,21.121376059008476,21.255810774645578,21.039220323451758,21.173656463623047,2108100,ILF
2022-06-06,21.345435795306425,21.382778535241318,20.92719112499192,20.934659957885742,1089300,ILF
2022-06-07,20.62097624280011,20.800223959899025,20.523882839037643,20.792755126953125,3176600,ILF
2022-06-08,20.74794608496735,20.822631574469185,20.32223110232113,20.359575271606445,4284400,ILF
2022-06-09,20.287977656383596,20.287977656383596,19.875526428222656,19.875526428222656,1589000,ILF
2022-06-10,19.354124693852622,19.447509262105758,19.20626406241072,19.338560104370117,4126100,ILF
2022-06-13,18.653734652236807,18.731556122178173,18.295757968556046,18.521438598632812,5806600,ILF
2022-06-14,18.622603227058676,18.66151321207998,18.280189718452217,18.396921157836914,2697900,ILF
2022-06-15,18.607044412228827,18.93389343450462,18.36579916474375,18.770469665527344,3205200,ILF
2022-06-16,18.225718063477256,18.303539530299208,17.83661221368852,18.05451202392578,5690900,ILF
2022-06-17,18.03116455964586,18.101203729104725,17.70431559694481,17.984472274780273,3403000,ILF
2022-06-21,18.132330054480065,18.202369218648,17.92999634057366,18.007816314697266,1824600,ILF
2022-06-22,17.7120989950021,18.015601092013412,17.64984211653001,17.751008987426758,2310000,ILF
2022-06-23,17.836612916391015,17.852177507232803,17.299646406918,17.34634017944336,3315300,ILF
2022-06-24,17.393031897548727,17.680969397078538,17.29186354471423,17.6031494140625,2802900,ILF
2022-06-27,17.766571203516637,18.054510155665962,17.70431433336555,17.96890640258789,2364600,ILF
2022-06-28,18.202370719150466,18.33466676411555,17.789919478740067,17.85995864868164,5341100,ILF
2022-06-29,18.070073375610978,18.070073375610978,17.688749857954996,17.844392776489258,2007900,ILF
2022-06-30,17.509760564290847,17.73544263514902,17.330772256981753,17.540889739990234,2417300,ILF
2022-07-01,17.284078836554603,17.478631735575636,17.042833657378353,17.4475040435791,1805600,ILF
2022-07-05,16.996146357151783,17.097313241183798,16.778246512047335,17.08953094482422,1988200,ILF
2022-07-06,17.035054039090202,17.112875507786633,16.6615127705326,16.941669464111328,1867300,ILF
2022-07-07,17.284078527953984,17.556452878584455,17.284078527953984,17.455286026000977,1795100,ILF
2022-07-08,17.564237986876382,17.572020282063743,17.354120469780703,17.517545700073242,2797800,ILF
2022-07-11,17.066180004968427,17.128436871331946,16.894972509228165,16.926101684570312,1719600,ILF
2022-07-12,16.661510355490005,16.91832012593958,16.62260036894222,16.78602409362793,1649800,ILF
2022-07-13,16.645947920454738,17.066182954272275,16.62260251923445,16.863847732543945,1692800,ILF
2022-07-14,16.50587104121847,16.50587104121847,16.147894337063747,16.34244728088379,3512800,ILF
2022-07-15,16.350225508704817,16.684856726308098,16.31909633296461,16.677074432373047,2763700,ILF
2022-07-18,16.910540383757596,17.12844020054293,16.715987453016744,16.770462036132812,1089600,ILF
2022-07-19,16.941669725780304,17.066183483889322,16.887195142147746,17.01949119567871,1213100,ILF
2022-07-20,16.996144757294346,17.042837046735393,16.793809523954994,16.887195587158203,1490600,ILF
2022-07-21,16.770461317247527,16.957233428955078,16.607037574904673,16.957233428955078,1576000,ILF
2022-07-22,17.167349742260097,17.198478922835495,16.824937661856875,16.90275764465332,2215800,ILF
2022-07-25,17.167346506856727,17.431938554597792,17.112871935437227,17.38524627685547,3155000,ILF
2022-07-26,17.45528668790857,17.564235838563807,17.26073378498372,17.35411834716797,3402300,ILF
2022-07-27,17.494195112063093,17.774351742232025,17.34633598775902,17.758787155151367,1602900,ILF
2022-07-28,18.000033561899052,18.249062519441903,17.73544298484126,18.22571563720703,1814900,ILF
2022-07-29,18.17902355641003,18.451396430532963,18.163458968082764,18.34244728088379,1079500,ILF
2022-08-01,18.21793576836296,18.443617873714516,18.0000359581257,18.05451202392578,1601500,ILF
2022-08-02,17.968907808892542,18.046729273752177,17.76657259398588,17.85995864868164,1210300,ILF
2022-08-03,17.867738099946624,17.937777264559795,17.665404384753984,17.883302688598633,662400,ILF
2022-08-04,18.101203174771456,18.334666076270768,18.101203174771456,18.241281509399414,948400,ILF
2022-08-05,18.054512185356607,18.52922031700508,18.054512185356607,18.451398849487305,1411000,ILF
2022-08-08,18.778249153278633,19.06618815815617,18.778249153278633,19.035058975219727,1322000,ILF
2022-08-09,19.15957170797534,19.19069940250517,18.941671908982723,19.097314834594727,952900,ILF
2022-08-10,19.494203596027447,19.642064243016744,19.447511306991235,19.540897369384766,1744600,ILF
2022-08-11,19.76657611915143,19.7821407087869,19.385252579008228,19.455291748046875,2617500,ILF
2022-08-12,19.649843151403683,20.163462695229356,19.610933164634194,20.101205825805664,2139900,ILF
2022-08-15,19.83661468382419,20.163463634606046,19.71988323375658,20.07785987854004,1230300,ILF
2022-08-16,20.031166076660156,20.140115223886863,19.906652341452265,20.031166076660156,1947300,ILF
2022-08-17,19.727665797812783,19.95334640645012,19.642062040577446,19.875526428222656,1033100,ILF
2022-08-18,19.9144368536025,19.9144368536025,19.587587891195668,19.74323081970215,1476200,ILF
2022-08-19,19.447510205481414,19.478639385956466,19.21404728920262,19.315214157104492,1070300,ILF
2022-08-22,19.144003439286564,19.30742714388211,18.988360543587387,19.252952575683594,1010900,ILF
2022-08-23,19.43194514806343,19.859962463378906,19.43194514806343,19.859962463378906,1260300,ILF
2022-08-24,19.789923996009794,20.046733800589415,19.743231709082874,19.80548858642578,1232100,ILF
2022-08-25,19.86774486761298,20.01560401916504,19.782141107214738,20.01560401916504,572000,ILF
2022-08-26,20.09342664076424,20.147901224399043,19.69653848015499,19.828834533691406,1676600,ILF
2022-08-29,19.805487260361186,20.101207036859993,19.735448092499716,19.875526428222656,1186400,ILF
2022-08-30,19.852177405020857,19.852177405020857,19.252954137583757,19.34634017944336,1254700,ILF
2022-08-31,19.112880270119202,19.33078009568019,18.910545035881384,18.91832733154297,2062400,ILF
2022-09-01,18.840504271043443,18.957237211805804,18.55256677744282,18.91054344177246,4110800,ILF
2022-09-02,19.214044152662712,19.517546191145055,19.13622269849984,19.34634017944336,1767700,ILF
2022-09-06,19.206263685844796,19.252955969055897,18.871632440136594,18.97279930114746,1602900,ILF
2022-09-07,18.840503793656495,19.206264228044933,18.66929776083531,19.128442764282227,1122400,ILF
2022-09-08,19.112875923182855,19.291865714048505,18.965016792204466,19.221826553344727,1097600,ILF
2022-09-09,19.45528924401881,19.789920456507257,19.45528924401881,19.751008987426758,907700,ILF
2022-09-12,20.04673221880153,20.179028258256515,19.984475346371006,20.124553680419922,1000300,ILF
2022-09-13,19.579804595390453,19.84439666973256,19.330777109967507,19.393033981323242,1669500,ILF
2022-09-14,19.408598882655912,19.57202261597496,19.330777421128353,19.385251998901367,951300,ILF
2022-09-15,19.268518553600224,19.408596872981153,19.06618336830785,19.144004821777344,1155400,ILF
2022-09-16,18.786028683982146,18.988363890324802,18.71598951700504,18.97279930114746,1072400,ILF
2022-09-19,18.856068288149036,19.61871536367009,18.68486225619154,19.579805374145508,869200,ILF
2022-09-20,19.470857362446395,19.774359454706733,19.354125902678653,19.719884872436523,1843000,ILF
2022-09-21,19.719885714291166,19.953348643793333,19.45529360255079,19.540897369384766,1084700,ILF
2022-09-22,19.634281291290154,19.922220280086428,19.447510657065973,19.83661651611328,748200,ILF
2022-09-23,19.307432169506814,19.322996759992247,18.809377148541355,18.98058319091797,1943600,ILF
2022-09-26,18.607040450900584,18.708208796718964,18.147895458207135,18.241281509399414,1304000,ILF
2022-09-27,18.37357625605292,18.536999978734567,18.14011188666665,18.22571563720703,943800,ILF
2022-09-28,18.287971362649316,18.568127994676793,18.18680451459536,18.498088836669922,881800,ILF
2022-09-29,18.25684581800523,18.319104179118735,17.961126024321228,18.295757293701172,1392200,ILF
2022-09-30,18.155678746485357,18.6848629354548,18.155678746485357,18.45918083190918,703500,ILF
2022-10-03,19.144006046968215,19.922217662826103,19.058402294241173,19.891088485717773,1286300,ILF
2022-10-04,20.26463064704803,20.358015207231936,19.90665254148753,20.147897720336914,2322100,ILF
2022-10-05,19.98447500162784,20.2257201925944,19.789922093098472,20.085641860961914,1337000,ILF
2022-10-06,20.038951511984777,20.26463362012783,20.023386921563663,20.13233757019043,747700,ILF
2022-10-07,19.961129877780255,20.140118213167703,19.805488427829836,19.88330841064453,946700,ILF
2022-10-10,19.99225945346063,20.093426323711665,19.774359638038554,19.83661651611328,926100,ILF
2022-10-11,19.69653745595894,19.898872673453514,19.470856837732573,19.564241409301758,1743800,ILF
2022-10-12,19.494199549652212,19.501981843596408,19.268518962553703,19.37746810913086,1093000,ILF
2022-10-13,18.93388858278804,19.782139364088387,18.92610628849931,19.52532958984375,1976600,ILF
2022-10-14,19.579806243153246,19.579806243153246,18.9261082967448,18.988365173339844,885900,ILF
2022-10-17,19.221829195296056,19.5642412676655,19.214046900334797,19.361906051635742,600200,ILF
2022-10-18,19.673190098673267,19.751010072467842,19.361904266211557,19.649843215942383,953400,ILF
2022-10-19,19.53311069785904,19.758791281242857,19.393032377810783,19.751008987426758,662700,ILF
2022-10-20,19.859962882881316,20.124554978862854,19.805488301530005,20.007822036743164,1116800,ILF
2022-10-21,20.046733185998722,20.879419451552078,20.015604006121105,20.754905700683594,852700,ILF
2022-10-24,20.163464670967635,20.21793925151101,19.688755067396528,19.735448837280273,2266100,ILF
2022-10-25,19.548678830398572,19.945565496744685,19.509767354261964,19.719884872436523,1253600,ILF
2022-10-26,19.525330560431264,19.821050336498665,19.47085598202313,19.548677444458008,647400,ILF
2022-10-27,19.603153903729922,20.140118928976776,19.548679320095115,19.828834533691406,775100,ILF
2022-10-28,19.58758723774307,19.735447866459417,19.43972660902672,19.712100982666016,2655400,ILF
2022-10-31,19.39303087247998,20.171242381834197,19.39303087247998,20.155677795410156,883500,ILF
2022-11-01,20.365798907836535,20.71599474351403,20.140116817217496,20.45140266418457,1601900,ILF
2022-11-02,20.435840082530902,20.55257154445046,19.930002757998768,19.95334815979004,968300,ILF
2022-11-03,19.914437505895133,20.50587857554291,19.87552751465451,20.381364822387695,866600,ILF
2022-11-04,21.01949532200888,21.29186967664282,20.902763879828854,21.0117130279541,1583100,ILF
2022-11-07,20.902766126075157,20.996150696126115,20.28019589367788,20.311325073242188,680300,ILF
2022-11-08,20.443618975598145,20.70821103688598,20.311322944954227,20.56035041809082,1038400,ILF
2022-11-09,20.326888059309212,20.5136586689966,19.828831615821976,19.891088485717773,1946100,ILF
2022-11-10,19.774359260073155,19.852180727259356,19.136225900924163,19.276304244995117,1692800,ILF
2022-11-11,19.50976381641074,19.984473348947446,19.46307153783491,19.751008987426758,1866600,ILF
2022-11-14,19.797707177463206,20.155683867129504,19.680975712759896,19.867746353149414,779400,ILF
2022-11-15,20.295761179014004,20.389147236586364,19.867745335583184,19.930002212524414,725200,ILF
2022-11-16,19.805485370136882,19.852177649481263,19.291865844386294,19.37746810913086,974500,ILF
2022-11-17,18.879415915882422,19.198482592375125,18.778247564221214,19.15957260131836,1273300,ILF
2022-11-18,19.40081714529122,19.40081714529122,19.066185890136254,19.128442764282227,233100,ILF
2022-11-21,19.330776526402378,19.40859798432797,18.980580707897648,19.322994232177734,626000,ILF
2022-11-22,19.307430656278456,19.447508991026552,19.120660038054638,19.260738372802734,373100,ILF
2022-11-23,19.21405039777491,19.424166462691336,19.159575807451343,19.416385650634766,344200,ILF
2022-11-25,19.548679854109576,19.572025256693035,19.24517626163454,19.330780029296875,202900,ILF
2022-11-28,19.291868209838867,19.424162770148975,19.175135270683626,19.291868209838867,1190900,ILF
2022-11-29,19.688754410801952,19.891089620587575,19.595369842790706,19.70431900024414,850100,ILF
2022-11-30,19.88330582033875,20.3891445486621,19.78992125939842,20.35023307800293,1415500,ILF
2022-12-01,20.342451599755652,20.59147908467886,20.077859525944525,20.171245574951172,679200,ILF
2022-12-02,20.24128306629114,20.47474594301465,20.15567931880949,20.20237159729004,779500,ILF
2022-12-05,19.93778390975687,20.007821595434454,19.50198429991668,19.533113479614258,887700,ILF
2022-12-06,19.649844765734066,19.821050799634417,19.603152480910513,19.74323081970215,879900,ILF
2022-12-07,19.751011013867846,19.844397064921626,19.618714974062197,19.626497268676758,852800,ILF
2022-12-08,19.66540893951933,19.80548727534827,19.447509141083103,19.46307373046875,879200,ILF
2022-12-09,19.455292500600176,19.548678557704307,19.315214157104492,19.315214157104492,918000,ILF
2022-12-12,18.98058131859898,19.073967367978558,18.661514666726838,19.02727508544922,891700,ILF
2022-12-13,19.40889520906104,19.40889520906104,18.753245512653326,18.77846336364746,1536700,ILF
2022-12-14,18.62716239499488,18.744842511607615,18.324554548537744,18.59354019165039,2945400,ILF
2022-12-15,18.58513088688448,18.694405032128113,18.39179724026719,18.467449188232422,1918200,ILF
2022-12-16,18.39179694529364,18.475854842048086,18.282522801802575,18.37498664855957,980400,ILF
2022-12-19,18.48426307443223,18.72803084479274,18.400205167298562,18.677595138549805,749500,ILF
2022-12-20,19.047448338413094,19.350056152783917,19.030636436887786,19.173534393310547,757700,ILF
2022-12-21,19.31643162776252,19.383677628079187,19.165127726232242,19.358461380004883,2965800,ILF
2022-12-22,19.425707380321548,19.55179343050641,19.139911478157938,19.358461380004883,393100,ILF
2022-12-23,19.58541875915709,19.829186551308247,19.568608458844647,19.795562744140625,670400,ILF
2022-12-27,19.333242696343966,19.518168788435766,19.165126901154295,19.37527084350586,590700,ILF
2022-12-28,19.577012159130778,19.64425816246085,19.400490398344846,19.49295425415039,465400,ILF
2022-12-29,19.728315532194618,19.7535333860353,19.375273594781433,19.408897399902344,2023200,ILF
2022-12-30,19.33324564584543,19.492955515314026,19.156725476910104,19.240781784057617,319900,ILF
2023-01-03,18.912956312647832,19.03904236741125,18.34136448756442,18.383394241333008,692300,ILF
2023-01-04,18.459045483936627,18.70281325776534,18.290931270548676,18.669189453125,1122500,ILF
2023-01-05,18.828896295699252,19.20715602081832,18.80368004953864,19.18193817138672,521100,ILF
2023-01-06,19.518171699336303,19.854403339860546,19.40889753845582,19.829185485839844,928100,ILF
2023-01-09,19.677880787297855,19.988894561458125,19.635852635535947,19.904836654663086,894500,ILF
2023-01-10,20.005704431082023,20.308312247744794,19.93005247691633,20.2326602935791,802300,ILF
2023-01-11,20.375557367218114,20.6949770716775,20.358745466294756,20.68657112121582,1644800,ILF
2023-01-12,20.67816689423598,21.098454832723412,20.535268931019402,20.955556869506836,1167400,ILF
2023-01-13,20.762223426226235,20.989177679478136,20.762223426226235,20.888309478759766,659100,ILF
2023-01-17,20.694977162036757,20.905121114682952,20.686571211538375,20.89671516418457,788300,ILF
2023-01-18,21.199323236421733,21.26656924307153,20.73700714111328,20.73700714111328,1695700,ILF
2023-01-19,20.74541177698578,20.896715683172182,20.53526781912048,20.829469680786133,1120800,ILF
2023-01-20,20.71178824889806,20.91352625873225,20.627731947253867,20.871498107910156,539700,ILF
2023-01-23,20.938745232813094,21.15729515599165,20.804253219052637,20.94715118408203,555700,ILF
2023-01-24,21.08164111718902,21.25816286987234,20.93874316626294,21.21613311767578,919600,ILF
2023-01-25,21.216137296607855,21.577585220336914,21.123673426833975,21.577585220336914,695000,ILF
2023-01-26,21.619610942941435,21.670046649832003,21.426278876341332,21.64482879638672,476100,ILF
2023-01-27,21.510336096357722,21.510336096357722,21.199322326901378,21.241352081298828,529400,ILF
2023-01-30,21.224539574785883,21.291785576634556,21.090047571088537,21.098453521728516,793300,ILF
2023-01-31,21.367439277872027,21.41787338256836,21.24135321449555,21.41787338256836,562800,ILF
2023-02-01,21.375843048095703,21.443089048586398,20.980771392350636,21.375843048095703,1102100,ILF
2023-02-02,21.594393321955167,21.602799272569985,20.888309503021894,20.989177703857422,782100,ILF
2023-02-03,20.678166161572438,20.879904172505928,20.409182146994457,20.49323844909668,681700,ILF
2023-02-06,20.182223795427007,20.39236773131866,20.04773180471803,20.350337982177734,782900,ILF
2023-02-07,20.308310051405478,20.409179847141083,20.081354213453622,20.190629959106445,399900,ILF
2023-02-08,20.316715842404864,20.493235979472665,20.165411951620467,20.4091796875,380100,ILF
2023-02-09,20.409184506159608,20.57729873306813,20.072952845799804,20.11498260498047,901200,ILF
2023-02-10,20.165413749476272,20.23265975101235,20.005703894601407,20.199037551879883,957900,ILF
2023-02-13,20.27468961491818,20.53526767188694,20.27468961491818,20.51004981994629,749900,ILF
2023-02-14,20.552078709482885,20.753816706716606,20.32512286136829,20.42599105834961,1064300,ILF
2023-02-15,20.38396325315145,20.59410720421487,20.241065302297482,20.577295303344727,1504300,ILF
2023-02-16,20.425993358313427,20.837876952723608,20.358747351663627,20.73700714111328,716500,ILF
2023-02-17,20.67816681173174,20.821064774378165,20.535268849085313,20.694978713989258,272900,ILF
2023-02-21,20.594105774419265,20.8378735102988,20.341933691959266,20.4091796875,813900,ILF
2023-02-22,20.36715263664391,20.459616493989387,20.232660627743883,20.38396453857422,420100,ILF
2023-02-23,20.678165105294458,20.711787303763625,20.36715135228131,20.577295303344727,421500,ILF
2023-02-24,20.17382265973245,20.291502778867383,19.94686677002533,20.06454849243164,424400,ILF
2023-02-27,20.106576653144337,20.266286531488106,20.00570683438212,20.11498260498047,331900,ILF
2023-02-28,20.182223903279237,20.215846099500656,19.938456166772163,19.980485916137695,429100,ILF
2023-03-01,20.081354000759774,20.367149881834106,19.96367390970717,20.350337982177734,636400,ILF
2023-03-02,20.14019885239597,20.291502778867383,19.963678673693572,20.06454849243164,337000,ILF
2023-03-03,20.182226525224173,20.409182391469677,20.14860272136356,20.38396453857422,308500,ILF
2023-03-06,20.28309205956585,20.526859795644484,20.207441717382856,20.459613800048828,359500,ILF
2023-03-07,20.367153893296585,20.375559844780383,20.014111947333525,20.081357955932617,244200,ILF
2023-03-08,20.341935104247213,20.720193254198694,20.341935104247213,20.577295303344727,1516800,ILF
2023-03-09,20.60251357352386,20.711787724859224,20.215847862004818,20.24947166442871,1503600,ILF
2023-03-10,20.022518087813616,20.14860415471815,19.69469399320757,19.761940002441406,1339900,ILF
2023-03-13,19.4173005939388,19.66947268345226,19.232372898575953,19.37527084350586,1138700,ILF
2023-03-14,19.686286313315453,19.778750169121,19.450924500024605,19.49295425415039,1027800,ILF
2023-03-15,19.114692922728658,19.114692922728658,18.753245083113725,19.00541877746582,679800,ILF
2023-03-16,18.89614291146766,19.425706544025388,18.89614291146766,19.37527084350586,456100,ILF
2023-03-17,19.24918600506311,19.291215758129983,18.938173848723974,19.02223014831543,385800,ILF
2023-03-20,19.013824992552966,19.16512728734728,18.93817304352027,18.997013092041016,753400,ILF
2023-03-21,19.21556553322188,19.308027791738404,19.106289768696048,19.240781784057617,263000,ILF
2023-03-22,19.358461823683566,19.543387927974962,19.123100015545393,19.131505966186523,496900,ILF
2023-03-23,19.308025408355586,19.3416492096811,18.660783265550343,18.77846336364746,301000,ILF
2023-03-24,18.719623656335102,19.022229857433505,18.610347903303385,18.929767608642578,462600,ILF
2023-03-27,19.11469655127889,19.274406427692565,19.064262444142965,19.22397232055664,438100,ILF
2023-03-28,19.392086350886647,19.644260090579102,19.358464147557125,19.54339027404785,599800,ILF
2023-03-29,19.6694742624916,19.93005232301051,19.568606059897068,19.86280632019043,248600,ILF
2023-03-30,20.274688386637386,20.283092733503963,19.93005084407863,20.173818588256836,389600,ILF
2023-03-31,20.27469247847052,20.37556069393721,19.980490577361813,20.06454849243164,323500,ILF
2023-04-03,19.97208541927201,20.05614333768252,19.8712155965251,19.9888973236084,330100,ILF
2023-04-04,20.056140566239907,20.081356815988567,19.795560894848172,19.904836654663086,580800,ILF
2023-04-05,19.85440029968533,19.904834396732806,19.593820657852778,19.753530502319336,851400,ILF
2023-04-06,19.761936171526045,19.778748071393295,19.577010082799344,19.711502075195312,468100,ILF
2023-04-10,19.72831273731522,19.93845667973632,19.719906787225852,19.913240432739258,1726700,ILF
2023-04-11,20.37555816225913,20.753817931438608,20.37555816225913,20.711788177490234,554300,ILF
2023-04-12,21.022803142231197,21.15729515599165,20.846281372126054,20.94715118408203,1072400,ILF
2023-04-13,20.980770972929893,21.157292722733622,20.947148774992236,21.064828872680664,660200,ILF
2023-04-14,20.79584623501341,21.090048101730385,20.79584623501341,21.081642150878906,643000,ILF
2023-04-17,21.09004672358722,21.140480822129252,20.947148774992236,21.064828872680664,469600,ILF
2023-04-18,20.91352632974051,21.11526594353086,20.85468627708132,21.031208038330078,652400,ILF
2023-04-19,20.76222265701023,20.76222265701023,20.42599105834961,20.42599105834961,406500,ILF
2023-04-20,20.417588674684637,20.6865726968618,20.383964870276873,20.535268783569336,616400,ILF
2023-04-21,20.375559101386916,20.48483486341813,20.123386979158543,20.266284942626953,717100,ILF
2023-04-24,20.299910431747282,20.510054435395332,20.24107036724927,20.434402465820312,537100,ILF
2023-04-25,20.333529554952037,20.333529554952037,20.114979649141997,20.199037551879883,241900,ILF
2023-04-26,20.299906224850528,20.33353002803644,20.07295036315918,20.07295036315918,326600,ILF
2023-04-27,20.207442763799722,20.45120890923048,20.1654130123316,20.42599105834961,624700,ILF
2023-04-28,20.32512378895475,20.66975975036621,20.32512378895475,20.66975975036621,842500,ILF
2023-05-01,20.644541569539143,20.762223273875225,20.4932376663007,20.568889617919922,258600,ILF
2023-05-02,20.510050246724383,20.510050246724383,20.098168276083502,20.182226181030273,382200,ILF
2023-05-03,20.241068727969495,20.451212714598444,20.15701081266364,20.27469253540039,488800,ILF
2023-05-04,20.39237016365742,20.48483401952527,20.072950445170957,20.28309440612793,917300,ILF
2023-05-05,20.48483426051728,20.989178490130385,20.468022358657855,20.91352653503418,1156400,ILF
2023-05-08,21.04802072902087,21.1909170889662,20.947150918344537,20.955556869506836,489500,ILF
2023-05-09,20.87990363850174,21.22453959877461,20.863091737202783,21.199321746826172,881200,ILF
2023-05-10,21.34221951094741,21.375843313245394,21.17410530927091,21.3674373626709,406300,ILF
2023-05-11,21.157293395841627,21.417871450415195,21.03961329440927,21.31700325012207,538800,ILF
2023-05-12,21.308598957405053,21.53555483062892,21.308598957405053,21.426279067993164,623500,ILF
2023-05-15,21.560770642511887,21.76250865796183,21.426278632211925,21.75410270690918,458900,ILF
2023-05-16,21.770915051805144,21.90540706484049,21.417873116769545,21.426279067993164,490600,ILF
2023-05-17,21.54395897696818,21.65323473858131,21.401061014046487,21.59439468383789,873800,ILF
2023-05-18,21.37584554685875,21.55236571755476,21.317005489960078,21.51874351501465,708500,ILF
2023-05-19,21.518740999547322,21.619609198647808,21.33381329574457,21.375843048095703,342400,ILF
2023-05-22,21.46830762649253,21.46830762649253,21.18251171391785,21.190916061401367,267700,ILF
2023-05-23,21.22453846981148,21.443088365259495,21.11526432372301,21.123668670654297,941000,ILF
2023-05-24,21.224540701145582,21.266568853304705,21.081642739224844,21.17410659790039,744400,ILF
2023-05-25,21.266569111499276,21.266569111499276,21.064831092798,21.115266799926758,840800,ILF
2023-05-26,21.367436846369372,21.552362944726493,21.29178489629803,21.434682846069336,811900,ILF
2023-05-30,21.28338121848317,21.28338121848317,20.837877024128385,20.94715118408203,959300,ILF
2023-05-31,20.78744013132613,20.846280183582675,20.535268020720594,20.711788177490234,691400,ILF
2023-06-01,20.770627104672073,21.258162604438,20.770627104672073,21.224538803100586,1030600,ILF
2023-06-02,21.72047996520996,21.770914066999016,21.653233961734156,21.72047996520996,1693200,ILF
2023-06-05,21.829755259492376,21.947436974173282,21.70366919680044,21.897001266479492,425900,ILF
2023-06-06,21.896999273736977,22.334099081010475,21.896999273736977,22.325693130493164,685200,ILF
2023-06-07,22.496038739979827,22.641561122102576,22.384756053977267,22.478918075561523,1090700,ILF
2023-06-08,22.521720840509253,22.650122573815818,22.427560440199976,22.615882873535156,1069000,ILF
2023-06-09,22.658683932848955,22.983970080182704,22.650123599212098,22.924049377441406,897200,ILF
2023-06-12,22.90692726119596,22.932608260482084,22.718604831247497,22.898366928100586,496400,ILF
2023-06-13,23.043890629208903,23.043890629208903,22.84700785502461,22.93260955810547,685800,ILF
2023-06-14,23.112371736198426,23.480457917676258,23.052451033672583,23.446216583251953,1281200,ILF
2023-06-15,23.52325759797723,23.617419633506287,23.41197652821107,23.557498931884766,460200,ILF
2023-06-16,23.41197482501329,23.591736916800343,23.33493346204268,23.454774856567383,645000,ILF
2023-06-20,23.574619187129482,23.58317788774023,23.35205541876737,23.489017486572266,2247000,ILF
2023-06-21,23.540376156944873,23.788620907394765,23.471895127978787,23.737258911132812,699500,ILF
2023-06-22,23.583176278123002,23.583176278123002,23.34349349218177,23.471895217895508,1643700,ILF
2023-06-23,23.249334488519555,23.343496528224,23.15517244881511,23.240774154663086,902000,ILF
2023-06-26,23.275012391233233,23.42909511470153,23.180850364065602,23.292131423950195,597400,ILF
2023-06-27,23.377733118401085,23.377733118401085,23.138050333198418,23.292131423950195,1105900,ILF
2023-06-28,23.13805177296803,23.13805177296803,22.958288040163676,22.966848373413086,2171900,ILF
2023-06-29,23.00109221709437,23.223654375006294,22.975411214542934,23.20653533935547,1764300,ILF
2023-06-30,23.403415004918,23.403415004918,23.19797191006739,23.257892608642578,891000,ILF
2023-07-03,23.420536861687957,23.60029896655252,23.420536861687957,23.557498931884766,694000,ILF
2023-07-05,23.33493392989575,23.44621499379745,23.223651233277472,23.352054595947266,910700,ILF
2023-07-06,23.05245049167117,23.112371192788178,22.521721249589596,22.684364318847656,1325100,ILF
2023-07-07,22.898367854036493,23.275014361880373,22.84700748610399,23.12093162536621,1677200,ILF
2023-07-10,23.04389119277182,23.112372230367946,22.949729153808377,22.992530822753906,1164500,ILF
2023-07-11,22.744284411566948,23.086689575016877,22.607322346186976,23.069570541381836,1791700,ILF
2023-07-12,23.4633393968037,23.56606177675659,23.240775600836475,23.266456604003906,824900,ILF
2023-07-13,23.480459866597357,23.720142696594845,23.454778863647558,23.6259822845459,1548100,ILF
2023-07-14,23.583177934695104,23.583177934695104,23.36917449923429,23.394855499267578,761000,ILF
2023-07-17,23.17229489931952,23.446219072934372,22.983972438138526,23.429100036621094,1107700,ILF
2023-07-18,23.38629486089737,23.557498260119683,23.30925349451899,23.411975860595703,1387200,ILF
2023-07-19,23.45477455240927,23.548936579867053,23.34349349218177,23.471895217895508,768600,ILF
2023-07-20,23.57462245794359,23.591741494256873,23.36061899321738,23.429100036621094,804800,ILF
2023-07-21,23.668777882166722,23.814300272809227,23.608857185910963,23.737258911132812,636600,ILF
2023-07-24,23.839982017082484,24.190947505607745,23.74581998703834,24.062545776367188,1346900,ILF
2023-07-25,24.21663210762225,24.32791318746331,24.156709767858956,24.242311477661133,1856100,ILF
2023-07-26,24.225185473966118,24.447749217349113,24.139585415732736,24.404949188232422,983000,ILF
2023-07-27,24.379269709354364,24.379269709354364,23.88278183018621,23.891342163085938,1739900,ILF
2023-07-28,24.105346374657053,24.24230844009242,24.028305008760082,24.122467041015625,1069100,ILF
2023-07-31,24.24230863961195,24.422072372423244,24.24230863961195,24.370710372924805,1209400,ILF
2023-08-01,24.062545862520373,24.165266593193973,23.822861436421015,23.874221801757812,1445500,ILF
2023-08-02,23.771500906988756,23.788621572888363,23.42053541962963,23.531816482543945,1086900,ILF
2023-08-03,23.36061839853681,23.480459813263348,23.138054604961233,23.189414978027344,1905700,ILF
2023-08-04,23.317812004117425,23.557496417740154,23.14661025100104,23.223649978637695,1177600,ILF
2023-08-07,23.215096288752548,23.215096288752548,23.001092826636427,23.17229461669922,993100,ILF
2023-08-08,22.85556857606602,23.12093239067027,22.710046168176582,23.0781307220459,531600,ILF
2023-08-09,23.001088213318575,23.061008909458128,22.898365853710402,23.035327911376953,624500,ILF
2023-08-10,23.257892973100144,23.446215404818453,23.06101020820601,23.069570541381836,754000,ILF
2023-08-11,23.018209264509228,23.112371299680962,22.76996612548828,22.76996612548828,1018500,ILF
2023-08-14,22.598762835177478,22.641564502613768,22.359080028400925,22.504602432250977,1814500,ILF
2023-08-15,22.461800708324002,22.47892137525546,22.299157637908475,22.324838638305664,528900,ILF
2023-08-16,22.427560132795946,22.633003229813855,22.273477401853363,22.28203773498535,1170800,ILF
2023-08-17,22.47892043418058,22.504601433502636,22.085153274825334,22.10227394104004,594200,ILF
2023-08-18,22.0423569863686,22.247800117694165,21.905394898818223,22.196439743041992,692800,ILF
2023-08-21,22.136517030413057,22.19643773420375,21.999554955258123,22.110836029052734,409000,ILF
2023-08-22,22.418997382813878,22.50459907218898,22.290595665109432,22.478918075561523,641500,ILF
2023-08-23,22.67580468294038,23.129492571050566,22.65868401560414,23.08669090270996,871200,ILF
2023-08-24,22.992532133113365,23.086692544726343,22.727166668677892,22.75284767150879,1296800,ILF
2023-08-25,22.735723813932935,22.76996514623794,22.45323935328298,22.641563415527344,1116700,ILF
2023-08-28,22.65868367899725,22.872687119371022,22.573083609021083,22.847007751464844,891200,ILF
2023-08-29,22.864127951602526,23.18085377789994,22.735726207374785,23.14661407470703,771400,ILF
2023-08-30,23.163731707977156,23.180852374895778,23.009648971142905,23.026769638061523,754200,ILF
2023-08-31,22.855567415400778,22.855567415400778,22.333398513717537,22.35051918029785,1022600,ILF
2023-09-01,22.69292320093618,22.812764595505794,22.54740080779456,22.658681869506836,740500,ILF
2023-09-05,22.410441847655772,22.419002181697298,22.23067809821721,22.256359100341797,620000,ILF
2023-09-06,22.187878292011433,22.393321412999335,22.050916211352835,22.076597213745117,1009300,ILF
2023-09-07,21.913951087129643,21.982432117947813,21.62290629797328,21.68282699584961,3163300,ILF
2023-09-08,21.871149947675836,21.931072279707816,21.768429215339932,21.836910247802734,918900,ILF
2023-09-11,22.230676450800452,22.35907981919121,22.16219541625982,22.333398818969727,1616300,ILF
2023-09-12,22.2049975394149,22.410440647256866,22.2049975394149,22.30771827697754,1651100,ILF
2023-09-13,22.43611641451576,22.658680153804458,22.43611641451576,22.478918075561523,762200,ILF
2023-09-14,22.701484208886267,22.864125639862614,22.64156350981955,22.8042049407959,766000,ILF
2023-09-15,22.812764289280747,22.847005620250457,22.650121232607678,22.67580223083496,365000,ILF
2023-09-18,22.761405227515745,22.812765594191642,22.615882828003517,22.710044860839844,1011800,ILF
2023-09-19,22.752847112610404,22.804207484293766,22.658685070593588,22.69292640686035,1162400,ILF
2023-09-20,22.864124307552537,23.069569024833566,22.77852424685469,22.787084579467773,1060700,ILF
2023-09-21,22.32483932102701,22.350520322209555,22.11083587598928,22.119396209716797,1546700,ILF
2023-09-22,22.282037824603954,22.367637890834917,22.08515342720956,22.093713760375977,1253000,ILF
2023-09-25,21.931073152050605,22.008112888008608,21.854031783375934,21.879711151123047,554100,ILF
2023-09-26,21.742747471485995,21.802668168749854,21.485944016721874,21.51162338256836,1202500,ILF
2023-09-27,21.56298731016656,21.648589013657123,21.23770116344576,21.434585571289062,729700,ILF
2023-09-28,21.400341519125828,21.819788016974716,21.400341519125828,21.72562599182129,878700,ILF
2023-09-29,22.02523355498446,22.05091455544824,21.81979044942423,21.879711151123047,1512400,ILF
2023-10-02,21.78555003182618,21.802669065522448,21.374662201500062,21.477384567260742,1804000,ILF
2023-10-03,21.26338412494128,21.434587547708563,20.775456492586414,20.809696197509766,2088400,ILF
2023-10-04,20.886734741175374,20.980896774195884,20.655610641606827,20.861055374145508,1428900,ILF
2023-10-05,20.775451849433587,20.869612241466314,20.510086440179727,20.6727294921875,1508200,ILF
2023-10-06,20.41592697683746,21.032256250200458,20.287525248976404,20.895294189453125,1385700,ILF
2023-10-09,20.775452753175983,21.032256208387558,20.68985105719994,20.989456176757812,922300,ILF
2023-10-10,21.229140058337713,21.58866589375921,21.203460691125443,21.554426193237305,1652500,ILF
2023-10-11,21.631468381137736,21.70850975113124,21.511625342971904,21.691389083862305,1320900,ILF
2023-10-12,21.76842642409206,21.76842642409206,21.186336906438125,21.348979949951172,873800,ILF
2023-10-13,21.59722868170557,21.6742700575318,21.33186484981345,21.357545852661133,1266400,ILF
2023-10-16,21.503063876812888,21.742746656888546,21.443141549077488,21.72562599182129,678600,ILF
2023-10-17,21.47738405428963,21.879709909083445,21.47738405428963,21.674266815185547,663800,ILF
2023-10-18,21.554426612518235,21.554426612518235,21.26338180519572,21.271942138671875,688600,ILF
2023-10-19,21.220579564677337,21.52874337420222,21.203458899504707,21.289060592651367,1509800,ILF
2023-10-20,21.194902475838294,21.237702513946875,20.97233868569672,21.100740432739258,1547800,ILF
2023-10-23,20.920975602203644,21.186339396064415,20.801132572140244,20.963775634765625,1161000,ILF
2023-10-24,21.083619708907705,21.323304166748475,21.01513866848417,21.194902420043945,1130100,ILF
2023-10-25,21.160658200038068,21.263380563034406,21.023696137853996,21.066497802734375,1430300,ILF
2023-10-26,21.100739090947535,21.503066607538173,21.066499389181324,21.434585571289062,1824300,ILF
2023-10-27,21.7170675807071,21.742746945932875,21.24625908139759,21.280500411987305,942000,ILF
2023-10-30,21.554428134427805,21.605788506194493,21.10930055853843,21.203462600708008,999900,ILF
2023-10-31,21.16921862961354,21.263380660063483,21.040816899819617,21.22913932800293,806700,ILF
2023-11-01,21.357543618044087,21.845471192080996,21.340422951270284,21.802669525146484,1483500,ILF
2023-11-02,22.016673117167628,22.478921327025226,22.008112783720264,22.41900062561035,2941700,ILF
2023-11-03,22.52172195911975,22.889808143539543,22.52172195911975,22.73572540283203,1698700,ILF
2023-11-06,22.787086227212,22.85556726035207,22.633003494467687,22.710044860839844,1223200,ILF
2023-11-07,22.838447774209275,22.864127142516057,22.598763329473506,22.73572540283203,762700,ILF
2023-11-08,22.73572490554027,22.761405906002047,22.453240431327426,22.504602432250977,657400,ILF
2023-11-09,22.60732206203803,22.761404791833,22.32483760165278,22.367637634277344,561200,ILF
2023-11-10,22.513163209904214,22.75284767150879,22.46180283695924,22.75284767150879,1052400,ILF
2023-11-13,22.56452147350923,22.74428356536365,22.52171980922255,22.658681869506836,1308400,ILF
2023-11-14,23.275013024916095,23.583176847526204,23.24077169311688,23.531816482543945,1241500,ILF
2023-11-15,23.600297927856445,23.711580625441496,23.437654864387227,23.600297927856445,1130500,ILF
2023-11-16,23.57462021142446,23.643101248302344,23.317815098594867,23.523258209228516,1188200,ILF
2023-11-17,23.49757894272885,23.745822090218752,23.46333760778309,23.60886001586914,1279400,ILF
2023-11-20,23.83998365255904,24.079666461526447,23.754381949620676,23.985506057739258,1348300,ILF
2023-11-21,23.925584733917532,23.925584733917532,23.68590029846038,23.745820999145508,731500,ILF
2023-11-22,23.891343246985734,23.891343246985734,23.660219146357218,23.75438117980957,650700,ILF
2023-11-24,23.82286060551955,23.925582965326942,23.72013824571216,23.737258911132812,518400,ILF
2023-11-27,23.737262064515477,23.805743102578948,23.53181895032507,23.591739654541016,751100,ILF
2023-11-28,23.608860046878736,23.959825566950187,23.608860046878736,23.865663528442383,894400,ILF
2023-11-29,23.8228634097923,23.88278411310154,23.694461669455833,23.703022003173828,769500,ILF
2023-11-30,23.76294084644568,23.968383941446373,23.557497751444984,23.959823608398438,1304400,ILF
2023-12-01,23.98550664881562,24.370711872455878,23.87422394243839,24.302230834960938,2849400,ILF
2023-12-04,24.096783951027145,24.139585613210436,23.711578787676324,23.780059814453125,1168000,ILF
2023-12-05,23.745822121408242,23.94270489945482,23.591739379383366,23.865663528442383,922100,ILF
2023-12-06,24.08822763790837,24.10534830563841,23.771503448486328,23.771503448486328,1202400,ILF
2023-12-07,23.917024506881074,23.951264207689064,23.737260771310034,23.831422805786133,2143600,ILF
2023-12-08,23.788622255108965,24.096786086556733,23.771501588718365,24.028305053710938,553500,ILF
2023-12-11,23.882783126269413,23.94270382710274,23.805741758707523,23.92558479309082,854800,ILF
2023-12-12,23.88278156683549,23.88278156683549,23.66877814485181,23.814300537109375,892800,ILF
2023-12-13,23.899902981865328,24.559033934095126,23.771501251192188,24.49055290222168,1676200,ILF
2023-12-14,24.77303920238374,25.064084017637423,24.721677200127175,25.01272201538086,2423400,ILF
2023-12-15,25.03840339594874,25.03840339594874,24.773039577801935,24.824399948120117,797800,ILF
2023-12-18,24.94423929180602,25.209604720705325,24.87575825947769,25.183923721313477,1076100,ILF
2023-12-19,25.415048599243164,25.543450334717765,25.338007231415073,25.415048599243164,938000,ILF
2023-12-20,25.31807874457557,25.38860257522929,24.894935760653258,24.912567138671875,1144300,ILF
2023-12-21,25.291631857155544,25.40623244463009,25.15058420422349,25.335708618164062,967700,ILF
2023-12-22,25.50320212910488,25.582541640300413,25.41504692984089,25.467939376831055,681100,ILF
2023-12-26,25.688328483102016,25.86463889500562,25.635436032099214,25.79411506652832,683600,ILF
2023-12-27,25.84700782800256,25.891086272218278,25.776483998678135,25.855823516845703,871500,ILF
2023-12-28,25.785298989641227,25.89108557147511,25.69714378501644,25.723590850830078,921500,ILF
2023-12-29,25.79411205759643,25.79411205759643,25.556093533718084,25.617801666259766,1212200,ILF
2024-01-02,25.406233971221678,25.56491301065999,25.168215412064207,25.265186309814453,1222100,ILF
2024-01-03,25.212291402893104,25.33570767425548,25.13295189089712,25.150583267211914,1340100,ILF
2024-01-04,24.974275512699737,25.132954553502287,24.921383059572477,24.9654598236084,917700,ILF
2024-01-05,25.106505604407683,25.370971213062898,25.08887422754654,25.2916316986084,1377200,ILF
2024-01-08,25.18584527674618,25.3709713721074,25.15058420422349,25.335708618164062,1352100,ILF
2024-01-09,25.14176785024092,25.14176785024092,24.877302246928178,24.886117935180664,895900,ILF
2024-01-10,24.886119689515464,24.93019813388518,24.789150474743543,24.868488311767578,1575000,ILF
2024-01-11,25.009534687439345,25.053611445163014,24.72743772117805,25.018348693847656,745300,ILF
2024-01-12,25.23873655321758,25.335707440634188,25.106504594917123,25.124135971069336,376600,ILF
2024-01-16,24.85085704900071,24.912565185807896,24.533498995225887,24.559946060180664,712600,ILF
2024-01-17,24.304298781407265,24.427715068418287,24.26022201645213,24.348377227783203,1203200,ILF
2024-01-18,24.321928177940134,24.366004939303412,24.180880523872844,24.33955955505371,1397300,ILF
2024-01-19,24.304297420462103,24.498239210814653,24.224957902848914,24.462976455688477,1342000,ILF
2024-01-22,24.339559756577454,24.445344657293454,23.942862175340757,24.039833068847656,1575200,ILF
2024-01-23,24.07509394710203,24.383636320964523,24.07509394710203,24.366004943847656,740700,ILF
2024-01-24,24.780332116755876,24.780332116755876,24.374818879336345,24.383634567260742,887700,ILF
2024-01-25,24.54231697324106,24.639287872368268,24.392453620690276,24.63047218322754,2182400,ILF
2024-01-26,24.630469619687943,24.939011981817146,24.630469619687943,24.85085678100586,669200,ILF
2024-01-29,24.842042227843123,24.842042227843123,24.56876260612023,24.736255645751953,2580300,ILF
2024-01-30,24.498240135957186,24.674548873983994,24.401269237118935,24.648101806640625,1802000,ILF
2024-01-31,24.700993477665396,24.947826022568158,24.515867387567717,24.533498764038086,1396200,ILF
2024-02-01,24.736255214063537,25.0095365124379,24.70980983006777,24.983089447021484,2230700,ILF
2024-02-02,24.67454750679072,24.78033408888189,24.595207990577514,24.736255645751953,1402400,ILF
2024-02-05,24.621654433520135,24.75388639672308,24.3483748187113,24.612838745117188,659100,ILF
2024-02-06,24.93019815337408,25.22992484963955,24.894935397850738,25.19466209411621,1410800,ILF
2024-02-07,25.053612147881054,25.1682127300293,24.965456948540552,25.124135971069336,2361700,ILF
2024-02-08,25.05361331639051,25.05361331639051,24.63047035752527,24.66573143005371,852600,ILF
2024-02-09,24.74507133437794,24.833226539217137,24.648100440912756,24.736255645751953,785800,ILF
2024-02-12,24.66573092591278,25.035981427707508,24.66573092591278,24.903749465942383,1074100,ILF
2024-02-13,24.665731706891005,24.683363084063444,24.251404431862813,24.374820709228516,1043700,ILF
2024-02-14,24.621654669037994,24.80677908300879,24.586391915088896,24.66573143005371,1417900,ILF
2024-02-15,24.692177761333383,24.903749234475267,24.683362073108228,24.877302169799805,727500,ILF
2024-02-16,24.894934473389636,25.088874577303947,24.833226334936022,25.009536743164062,1811000,ILF
2024-02-20,25.25636824545762,25.265183933644057,25.088873532756505,25.18584442138672,783500,ILF
2024-02-21,25.212293241975875,25.229924619576767,25.044798517608793,25.168214797973633,968900,ILF
2024-02-22,25.274000915443935,25.274000915443935,25.071245121039905,25.08887481689453,1800800,ILF
2024-02-23,24.930197976611144,25.027167190771326,24.753887563086,24.824411392211914,1304200,ILF
2024-02-26,24.842041098319793,24.921380610925574,24.762701585714012,24.877302169799805,1436200,ILF
2024-02-27,25.15939973988313,25.370971217996058,25.080060225413202,25.318077087402344,1189300,ILF
2024-02-28,25.062428254100585,25.22110727927678,24.789148644864138,24.85085678100586,1275500,ILF
2024-02-29,24.771518630602493,24.87730353225666,24.71862617977541,24.76270294189453,1415400,ILF
2024-03-01,24.912567291306953,25.062430642541884,24.727441183818733,24.930198669433594,923500,ILF
2024-03-04,24.903752594973998,24.903752594973998,24.762704927179847,24.79796600341797,970300,ILF
2024-03-05,24.762702321993075,24.80677908300879,24.63047035752527,24.66573143005371,1253500,ILF
2024-03-06,24.921380842556562,25.000720355899766,24.824409952599183,24.903749465942383,1074500,ILF
2024-03-07,24.92138298037027,24.99190681145608,24.859674838347786,24.930198669433594,975800,ILF
2024-03-08,24.46297622151419,24.621655255221594,24.392452393357644,24.410083770751953,1369300,ILF
2024-03-11,24.26022042983513,24.542315742508915,24.26022042983513,24.4365291595459,2058000,ILF
2024-03-12,24.595207137294754,24.639285578895475,24.42771242205325,24.58639144897461,1455800,ILF
2024-03-13,24.58639110220836,24.947825911133503,24.58639110220836,24.842041015625,1180500,ILF
2024-03-14,24.859673836261432,24.903750598380554,24.656916358819668,24.76270294189453,1593200,ILF
2024-03-15,24.68336264809097,24.762702162544915,24.559946372905124,24.621654510498047,1363400,ILF
2024-03-18,24.780333461931924,24.824410222526026,24.454159716705398,24.612838745117188,1386500,ILF
2024-03-19,24.53349821654208,24.621653415506028,24.427711641501222,24.445343017578125,831300,ILF
2024-03-20,24.53350003407107,25.1329534137309,24.445344828576268,25.10650634765625,788900,ILF
2024-03-21,25.17702923868539,25.17702923868539,24.939012378555248,24.947826385498047,666800,ILF
2024-03-22,24.877303300926396,24.886118989552383,24.692178884042697,24.736255645751953,592600,ILF
2024-03-25,24.73625587577064,24.87730353225666,24.71862617977541,24.76270294189453,330300,ILF
2024-03-26,24.806778262841767,24.89493346337925,24.69217767913746,24.842041015625,498900,ILF
2024-03-27,24.859673171252837,25.018350519489392,24.745070902535677,24.983089447021484,643800,ILF
2024-03-28,24.930197537712772,25.141769021365782,24.930197537712772,25.071245193481445,414700,ILF
2024-04-01,25.10650631663652,25.14176907135915,24.656916282447128,24.753887176513672,557000,ILF
2024-04-02,24.859674838347786,24.99190681145608,24.771519629135337,24.930198669433594,1036400,ILF
2024-04-03,24.78914722117097,25.106503571876313,24.683360649988852,24.956640243530273,1204500,ILF
2024-04-04,25.177028921830257,25.46793990847985,24.86848655867569,24.886117935180664,1208700,ILF
2024-04-05,24.97427344545319,24.97427344545319,24.780333345759455,24.9213809967041,800100,ILF
2024-04-08,25.035981783251778,25.370971217996058,25.035981783251778,25.318077087402344,430200,ILF
2024-04-09,25.441497728843093,25.60899078246992,25.318079759187594,25.45912742614746,2039000,ILF
2024-04-10,25.115322941623724,25.19466246128675,24.84204330801816,24.912567138671875,1574000,ILF
2024-04-11,24.93019813388518,24.965459207960226,24.762703408121713,24.868488311767578,693100,ILF
2024-04-12,24.683363084063444,24.771518288504947,24.295481193373227,24.374820709228516,1273400,ILF
2024-04-15,24.321930077961895,24.3483771456983,23.96931091524717,24.01338768005371,1230600,ILF
2024-04-16,23.590242149294813,23.75773686411462,23.449194499368858,23.537349700927734,1309800,ILF
2024-04-17,23.722474508456074,23.881153537637022,23.45801058076826,23.634319305419922,1664600,ILF
2024-04-18,23.722476190120357,23.854708163338067,23.440380865543705,23.58142852783203,870400,ILF
2024-04-19,23.607877116781395,23.91641784703732,23.581430047864796,23.863525390625,1429700,ILF
2024-04-22,23.792998835752027,24.08390983490433,23.72247500812179,24.0662784576416,564300,ILF
2024-04-23,23.907602099378252,24.348376460726946,23.907602099378252,24.233774185180664,1267400,ILF
2024-04-24,24.21614187873258,24.21614187873258,23.907601182754625,24.07509422302246,547400,ILF
2024-04-25,23.69602590510042,24.07509207655769,23.687211898647472,24.022199630737305,1022900,ILF
2024-04-26,24.242589356293887,24.559947427740003,24.242589356293887,24.471792221069336,588000,ILF
2024-04-29,24.595207909833267,24.727439875947614,24.58639222123622,24.70099449157715,1086300,ILF
2024-04-30,24.515866946176317,24.54231401040571,24.13680076599121,24.13680076599121,770700,ILF
2024-05-01,24.260223084576882,24.507055669466432,24.039835887256423,24.198514938354492,1397900,ILF
2024-05-02,24.604024577982994,24.639287333775087,24.45416122870809,24.542316436767578,1116300,ILF
2024-05-03,24.983090969325595,24.991906658334905,24.77151947736444,24.912567138671875,671600,ILF
2024-05-06,24.894934711128155,25.124137571445154,24.894934711128155,25.08887481689453,665600,ILF
2024-05-07,25.115320904798377,25.29163130784447,25.115320904798377,25.221107482910156,902500,ILF
2024-05-08,24.9566436900445,25.229925002746597,24.947828001110167,25.21229362487793,785800,ILF
2024-05-09,24.89493531862023,25.212293391637353,24.81559580036595,25.159400939941406,942700,ILF
2024-05-10,25.300447977014386,25.379787493318986,25.062429428100586,25.062429428100586,733200,ILF
2024-05-13,25.238738160893313,25.37978749767512,25.035982366489282,25.08887481689453,2293600,ILF
2024-05-14,25.071245350865468,25.17703025264569,25.062429662147,25.11532211303711,656200,ILF
2024-05-15,24.983089988270855,25.185845783260735,24.815595266512798,25.071245193481445,764100,ILF
2024-05-16,25.08887618468519,25.150586008513063,24.930198824818692,24.974275588989258,738700,ILF
2024-05-17,25.027166907273127,25.150584867910982,24.947827390227612,25.11532211303711,848500,ILF
2024-05-20,25.035982443043793,25.229924230823883,24.94782723781836,25.09769058227539,413400,ILF
2024-05-21,25.08887618468519,25.13295463027653,24.921383135700427,24.974275588989258,404700,ILF
2024-05-22,24.736256240771144,24.824411447730874,24.4365295459605,24.50705337524414,1333400,ILF
2024-05-23,24.595211270416925,24.65691941760711,24.260223465061248,24.29548454284668,903600,ILF
2024-05-24,24.401268913290977,24.418900291285905,24.224958496183202,24.233774185180664,634000,ILF
2024-05-28,24.39244993800094,24.507050516686814,24.25140229588578,24.32192611694336,876900,ILF
2024-05-29,23.94286315555217,23.98693991908488,23.792999805551926,23.881155014038086,1384600,ILF
2024-05-30,23.8018159530694,24.05746589446212,23.8018159530694,23.960494995117188,802500,ILF
2024-05-31,23.81944473916298,23.925229634735267,23.65195002618282,23.854705810546875,1391400,ILF
2024-06-03,23.669581457713637,23.669581457713637,23.03486535711919,23.167098999023438,1991700,ILF
2024-06-04,22.990789490268998,23.04368194023239,22.858557524650184,22.999605178833008,2758100,ILF
2024-06-05,23.14065026974428,23.316960658653382,23.06131076287723,23.219989776611328,818300,ILF
2024-06-06,23.387487339000888,23.66958265062871,23.290516445096067,23.40511703491211,2724500,ILF
2024-06-07,23.19354680943009,23.255254952018724,22.558832323834533,22.602909088134766,1006700,ILF
2024-06-10,22.347258861666727,22.594091410295476,22.347258861666727,22.567646026611328,3035700,ILF
2024-06-11,22.515157170614486,22.54230629432166,22.34321789863495,22.424663543701172,1824100,ILF
2024-06-12,22.397514814588124,22.46086104496558,22.008385998206226,22.080781936645508,1858600,ILF
2024-06-13,22.144128167022966,22.20747612345575,21.926940351705113,22.080781936645508,1346500,ILF
2024-06-14,22.062683241956606,22.126031200460822,21.827397728876747,21.981239318847656,1957800,ILF
2024-06-17,21.854545127894603,21.981239318847656,21.773099478730277,21.981239318847656,1265300,ILF
2024-06-18,22.02648604338562,22.352268638694106,22.02648604338562,22.144128799438477,1435200,ILF
2024-06-20,22.171279909877196,22.47896311609871,22.171279909877196,22.307022094726562,1033300,ILF
2024-06-21,22.297970598571975,22.46991160616427,22.297970598571975,22.41561508178711,1377000,ILF
2024-06-24,22.551359249458745,22.804745929045666,22.533259831047776,22.578508377075195,1022700,ILF
2024-06-25,22.587553744114178,22.587553744114178,22.370365926504082,22.48801040649414,627600,ILF
2024-06-26,22.189378056099052,22.38846646739471,22.162228930263332,22.3703670501709,641400,ILF
2024-06-27,22.39751431568581,22.50610908395346,22.26177214989271,22.451810836791992,1246500,ILF
2024-06-28,22.370367784237583,22.524209383577332,22.26177472944216,22.406566619873047,1373500,ILF
2024-07-01,22.44276169542336,22.57850559069814,22.28892011002656,22.297969818115234,599500,ILF
2024-07-02,22.316072391656988,22.45181458008177,22.153181075125023,22.288923263549805,530600,ILF
2024-07-03,22.578505216188336,22.86808896600126,22.56945550824977,22.7775936126709,613700,ILF
2024-07-05,22.940483651891075,22.976680755615234,22.67804731415628,22.976680755615234,828300,ILF
2024-07-08,22.84094061295251,23.121474664293483,22.84094061295251,23.085277557373047,1316100,ILF
2024-07-09,23.1395729543964,23.447256115491854,23.094326141434532,23.392959594726562,728800,ILF
2024-07-10,23.546801802172453,23.646345138549805,23.537752094128088,23.646345138549805,1118000,ILF
2024-07-11,23.82733655887296,23.82733655887296,23.64634584469149,23.736841201782227,4736300,ILF
2024-07-12,23.754941407128275,24.071674304434403,23.709694590108295,23.9902286529541,3962100,ILF
2024-07-15,23.890681663600372,24.017375847970758,23.74588978951018,23.85448455810547,1416700,ILF
2024-07-16,23.91782948875785,24.00832483666503,23.791137037320922,23.972126007080078,853300,ILF
2024-07-17,23.64634719379179,23.854487044792144,23.637299211016334,23.700645446777344,950500,ILF
2024-07-18,23.48345608982999,23.528702904994375,23.030981033964714,23.085277557373047,1864300,ILF
2024-07-19,23.293415745118246,23.365811685251618,23.076227924718133,23.1124267578125,3476600,ILF
2024-07-22,23.15767534197838,23.320566651234437,23.09432910528002,23.193872451782227,584000,ILF
2024-07-23,22.976682692624813,23.058128340439318,22.90428675301807,22.922386169433594,716800,ILF
2024-07-24,22.714249126448887,22.813792469302356,22.53325840589733,22.587554931640625,890700,ILF
2024-07-25,22.460861897758846,22.60565378013487,22.37941624816541,22.41561508178711,916700,ILF
2024-07-26,22.56040565440183,22.614702175626768,22.433713196191885,22.53325653076172,1287400,ILF
2024-07-29,22.551355258761337,22.569454673969425,22.270821227256928,22.388463973999023,1072200,ILF
2024-07-30,22.21652486037033,22.325119634746923,22.116981520418452,22.252723693847656,672400,ILF
2024-07-31,22.352268743362153,22.623753090020244,22.334169326636847,22.44276237487793,1108800,ILF
2024-08-01,22.469910811902235,22.62375239724572,21.881693594784913,21.97218894958496,2485200,ILF
2024-08-02,21.736902145636197,21.76404954437215,21.41111955236185,21.574010848999023,1484900,ILF
2024-08-05,20.370429517891555,21.32062655187196,20.370429517891555,21.17583465576172,6408700,ILF
2024-08-06,21.41112148332607,21.872646290068936,21.3296758276623,21.655458450317383,1940300,ILF
2024-08-07,22.03553385286839,22.12602920221766,21.863592861710302,21.95408821105957,1379400,ILF
2024-08-08,22.216524948978538,22.50611043978597,22.04458566744163,22.41561508178711,2066900,ILF
2024-08-09,22.5875532460726,22.904286120374312,22.53325672438111,22.859039306640625,1543700,ILF
2024-08-12,23.03098168106608,23.0943279144982,22.886189797205404,22.958585739135742,1047300,ILF
2024-08-13,23.067179362742845,23.28436719393587,23.04907994529623,23.266267776489258,1445500,ILF
2024-08-14,23.248168960639315,23.465356781327483,23.248168960639315,23.3839111328125,962600,ILF
2024-08-15,23.50155396376846,23.890682791019866,23.50155396376846,23.736841201782227,1947300,ILF
2024-08-16,23.92688483902748,23.92688483902748,23.70969698846218,23.809240341186523,644200,ILF
2024-08-19,23.881632727394603,24.279811257036528,23.872583019214634,24.162168502807617,3927900,ILF
2024-08-20,24.017376996350947,24.062623811896856,23.818286865416063,23.872583389282227,1188200,ILF
2024-08-21,23.935932041952896,24.035475384252916,23.745891613824817,23.82733726501465,692000,ILF
2024-08-22,23.58299956738463,23.61014869227647,23.302465514390384,23.329614639282227,1173700,ILF
2024-08-23,23.610148887330993,23.899732651014908,23.546802654782063,23.791139602661133,1135800,ILF
2024-08-26,23.7639898348451,24.035474174442598,23.7639898348451,23.917831420898438,973000,ILF
2024-08-27,23.863535392131407,23.899732499334476,23.709693802893764,23.736841201782227,682100,ILF
2024-08-28,23.61014816635186,23.718741211389545,23.48345570512278,23.56490135192871,569400,ILF
2024-08-29,23.284367235338646,23.40201172289538,23.202921582739506,23.347713470458984,1150400,ILF
2024-08-30,23.076229875743557,23.501555844230218,23.076229875743557,23.46535873413086,1889200,ILF
2024-09-03,23.392960763793518,23.392960763793518,23.012881647331398,23.030981063842773,1213200,ILF
2024-09-04,23.06717821644454,23.356761976978024,23.06717821644454,23.1124267578125,1024800,ILF
2024-09-05,23.157674830569036,23.311516427462852,23.130525704274085,23.239120483398438,930500,ILF
2024-09-06,23.31151696665989,23.38391291239883,22.777596219564405,22.868091583251953,918700,ILF
2024-09-09,22.913335772142837,23.085276770808747,22.913335772142837,22.967632293701172,517300,ILF
2024-09-10,23.02193052796952,23.02193052796952,22.506109258326095,22.6418514251709,867300,ILF
2024-09-11,22.88619038163854,22.985733725550112,22.614704297925414,22.940486907958984,2036500,ILF
2024-09-12,22.985731957895958,23.202919772530958,22.84094008147262,23.18482208251953,1081800,ILF
2024-09-13,23.257217982891685,23.628247381379733,23.211969442798438,23.429157257080078,981800,ILF
2024-09-16,23.64634582977136,23.709693787933666,23.546802490484193,23.601099014282227,663300,ILF
2024-09-17,23.52870314906101,23.664445322017592,23.50155402404754,23.62824821472168,311400,ILF
2024-09-18,23.619197874447554,23.917831337384193,23.474405997027084,23.56490135192871,749900,ILF
2024-09-19,23.872585401367573,23.881635110450578,23.628250160348514,23.70969581604004,216400,ILF
2024-09-20,23.46535723703604,23.54680288713274,23.067178695013897,23.121475219726562,412800,ILF
2024-09-23,23.021931401131944,23.1938706801641,23.01288169285835,23.1124267578125,291800,ILF
2024-09-24,23.67349566035734,23.82733725408362,23.62824884351949,23.69159507751465,748300,ILF
2024-09-25,23.69159232602205,23.745888845132672,23.474404523524356,23.492502212524414,796000,ILF
2024-09-26,23.78209033037137,23.926882214868314,23.691594971046925,23.71874237060547,571000,ILF
2024-09-27,23.800190080946194,23.908784866743883,23.610151363369695,23.637300491333008,534600,ILF
2024-09-30,23.691594947724315,23.691594947724315,23.402011179015496,23.44725799560547,380700,ILF
2024-10-01,23.555852771898984,23.555852771898984,23.284366694192908,23.44725799560547,506900,ILF
2024-10-02,23.79113818070895,23.863534117302958,23.61014747619629,23.61014747619629,557500,ILF
2024-10-03,23.311515222687664,23.329614639282227,23.085277693421737,23.329614639282227,1062600,ILF
2024-10-04,23.356763883067114,23.592051139215638,23.356763883067114,23.573951721191406,479600,ILF
2024-10-07,23.492503487155307,23.70969302749226,23.356761318986198,23.429157257080078,522800,ILF
2024-10-08,23.19387062012255,23.27531626831868,23.067178156730957,23.221019744873047,330600,ILF
2024-10-09,22.913336461225832,23.07622775685484,22.8861890626579,22.922386169433594,481900,ILF
2024-10-10,23.003831879530082,23.148623759135585,22.877139416389106,23.13957405090332,438800,ILF
2024-10-11,22.940484992360137,23.15767280556154,22.9314352843865,23.130523681640625,1051900,ILF
2024-10-14,23.130525089725392,23.411060875820052,23.067178856108992,23.31151580810547,431700,ILF
2024-10-15,23.07622706287314,23.14862300030269,22.8590392505845,22.967632293701172,618600,ILF
2024-10-16,22.8590392505845,23.05812764700193,22.849989542648895,22.967632293701172,311500,ILF
2024-10-17,22.859041288201865,22.922387523342387,22.750446509349935,22.88619041442871,462600,ILF
2024-10-18,23.08527942046877,23.112428547391684,22.859041874277647,22.868091583251953,551200,ILF
2024-10-21,22.79569310514138,22.86808904283786,22.74139485732754,22.80474281311035,324500,ILF
2024-10-22,22.804744059659935,22.859040584386417,22.650902467888734,22.79569435119629,780700,ILF
2024-10-23,22.668999396585043,22.82284098318379,22.605653165524735,22.813791275024414,430500,ILF
2024-10-24,22.732348161580916,22.91333715303459,22.69614932765694,22.877140045166016,364600,ILF
2024-10-25,23.030981593084913,23.030981593084913,22.7594955173417,22.79569435119629,218400,ILF
2024-10-28,22.80474149232886,23.030979000284283,22.80474149232886,22.976680755615234,355600,ILF
2024-10-29,22.976681988317722,23.07622704949638,22.6418514251709,22.6418514251709,632100,ILF
2024-10-30,22.52420682288168,22.587553051986653,22.442761178016635,22.53325653076172,342500,ILF
2024-10-31,22.388464613727976,22.451810842711104,22.25272244789909,22.26177215576172,1436600,ILF
2024-11-01,22.31607112279283,22.31607112279283,21.85454632754584,21.890745162963867,1474700,ILF
2024-11-04,22.171278044579058,22.433714409123514,22.171278044579058,22.252723693847656,1833700,ILF
2024-11-05,22.361314851186894,22.43371251201924,22.14412704685555,22.388463973999023,812800,ILF
2024-11-06,21.999336465165072,22.6418519342238,21.782148648119332,22.596603393554688,2776900,ILF
2024-11-07,22.82284098318379,22.994781986101298,22.705198229222557,22.813791275024414,548200,ILF
2024-11-08,22.62375245282879,22.62375245282879,22.05363465048185,22.37941551208496,493700,ILF
2024-11-11,22.135077365058148,22.361314877257296,22.126029383498793,22.33416748046875,416700,ILF
2024-11-12,22.261772693453207,22.288920091641508,22.02648546150775,22.162227630615234,1162600,ILF
2024-11-13,22.17127790948313,22.17127790948313,21.908841546537772,22.008386611938477,382400,ILF
2024-11-14,21.836443002296694,21.94503776306272,21.754999089291132,21.917888641357422,1305900,ILF
2024-11-15,21.89979225181775,22.017435000741095,21.755000379578895,21.800247192382812,697400,ILF
2024-11-18,21.80929684630945,21.97218813368982,21.800247138559957,21.90884017944336,1124600,ILF
2024-11-19,21.755000934821677,21.954089332717526,21.755000934821677,21.836444854736328,1567500,ILF
2024-11-20,21.764048388363452,21.872643155705287,21.67355476264307,21.74595069885254,1551600,ILF
2024-11-21,21.619259648920668,21.755003559283242,21.528766010086315,21.60116195678711,2807500,ILF
2024-11-22,21.637356532480624,21.89979288731356,21.592109718363716,21.86359405517578,704200,ILF
2024-11-25,22.116981446853327,22.116981446853327,21.818347975880233,21.89979362487793,982100,ILF
2024-11-26,21.682602667409203,21.872643078069054,21.673554685713498,21.718801498413086,904200,ILF
2024-11-27,21.700702500403803,21.80024756152433,21.284426292182147,21.32062339782715,768600,ILF
2024-11-29,20.813853640257584,21.184883067064696,20.641912626890367,20.967695236206055,2403700,ILF
2024-12-02,20.696208317952802,20.84100018727364,20.605712968113473,20.822900772094727,3072200,ILF
2024-12-03,20.795752940540822,20.958644235154537,20.768605542142094,20.89529800415039,1039900,ILF
2024-12-04,20.976745531917146,21.09438829632017,20.895299877309093,20.949596405029297,897200,ILF
2024-12-05,21.26632873735711,21.356824098471847,21.221081919827466,21.239179611206055,1319900,ILF
2024-12-06,21.28442682438197,21.28442682438197,20.850051189448955,20.89529800415039,1244200,ILF
2024-12-09,21.139634980707186,21.4111193214713,21.139634980707186,21.16678237915039,1145600,ILF
2024-12-10,21.30252568718268,21.32062337695982,21.157732086578495,21.18488121032715,972500,ILF
2024-12-11,21.275379295864813,21.67355786504061,21.0581914561477,21.519716262817383,2421700,ILF
2024-12-12,21.45636683770119,21.45636683770119,20.985794080063055,21.121536254882812,1302500,ILF
2024-12-13,21.12153498805584,21.139634403894345,20.976743113458365,20.994842529296875,962600,ILF
2024-12-16,20.904348865343298,20.93149626523942,20.578566258146356,20.587615966796875,1589900,ILF
2024-12-17,20.478346956945774,20.789195761203633,20.412409604021093,20.67616081237793,1452400,ILF
2024-12-18,20.487766088781022,20.506605845118063,19.649416695021248,19.734193801879883,1649200,ILF
2024-12-19,19.997942370313186,20.120398984741062,19.79071044921875,19.79071044921875,5317200,ILF
2024-12-20,19.950845055553476,20.158076979529937,19.913165543926116,20.045042037963867,1528400,ILF
2024-12-23,19.884908986845364,19.95084633977959,19.72477464543733,19.818971633911133,1485800,ILF
2024-12-24,19.781292883247108,19.969686867465118,19.781292883247108,19.94142723083496,367500,ILF
2024-12-26,19.818972242687224,19.99794454996099,19.7907126062796,19.90374755859375,557500,ILF
2024-12-27,19.790711840107786,19.950846180235246,19.762452204794197,19.781291961669922,714100,ILF
2024-12-30,19.762452046153204,19.800131559602185,19.65883697748468,19.74361228942871,1876700,ILF
2024-12-31,19.65883641392788,19.771871357718293,19.621156901559047,19.696514129638672,563400,ILF
2025-01-02,19.7812904278647,19.99794222516245,19.630575977861223,19.89432716369629,1191400,ILF
2025-01-03,19.9414255201732,19.9414255201732,19.63057673054017,19.658836364746094,617400,ILF
2025-01-06,19.88490944290751,20.214596215140052,19.88490944290751,20.00736427307129,1050800,ILF
2025-01-07,20.205176839403716,20.37472925569969,20.167497326899248,20.233434677124023,1355100,ILF
2025-01-08,20.092141589029985,20.10156146785489,19.94142712114785,20.082721710205078,935600,ILF
2025-01-10,20.00736303092865,20.063880503137074,19.856648573934155,19.913166046142578,1507500,ILF
2025-01-13,19.743612549023435,19.997943878173828,19.734194467195447,19.997943878173828,1542600,ILF
2025-01-14,20.07330060051137,20.22401505915189,20.026203005932985,20.129819869995117,485600,ILF
2025-01-15,20.36531032105759,20.68557718063825,20.337050687863133,20.610219955444336,1326800,ILF
2025-01-16,20.610222647920125,20.610222647920125,20.27111598857632,20.374731063842773,1986300,ILF
2025-01-17,20.393569429710684,20.647900754351646,20.3841495513916,20.3841495513916,2007200,ILF
2025-01-21,20.516026873362865,20.732678693409635,20.516026873362865,20.685579299926758,753600,ILF
2025-01-22,20.798615273694423,21.12830382917397,20.798615273694423,20.921070098876953,1981900,ILF
2025-01-23,20.977589377106355,21.203661067525257,20.90223214696672,21.062366485595703,1298500,ILF
2025-01-24,21.213082078291237,21.316697152353203,21.15656280517578,21.15656280517578,674300,ILF
2025-01-27,21.015267040018557,21.250758608183986,20.977589323374293,21.2413387298584,792000,ILF
2025-01-28,21.23191993513931,21.335534999924796,21.194240423102386,21.2978572845459,1196000,ILF
2025-01-29,21.354376150710376,21.354376150710376,21.22250144328376,21.28843879699707,1298900,ILF
2025-01-30,21.486250744484433,21.966653771843596,21.457992905418568,21.78767967224121,989400,ILF
2025-01-31,21.797098616838714,21.994912465114364,21.580446808879046,21.627544403076172,806300,ILF
2025-02-03,21.24133738262867,21.815937347438958,21.15656027973345,21.75,2257200,ILF
2025-02-04,21.75000282763292,21.98549441147766,21.655805834763385,21.910137176513672,1242400,ILF
2025-02-05,21.77825927734375,21.863034582195837,21.740579767046874,21.77825927734375,609100,ILF
2025-02-06,21.928975496616435,22.239824295043945,21.928975496616435,22.239824295043945,2768400,ILF
2025-02-07,22.230405194068364,22.268082912068394,21.928976263435544,22.00433349609375,4120900,ILF
2025-02-10,22.183304866267274,22.23982413587365,22.042010285567486,22.202144622802734,1463300,ILF
2025-02-11,22.26808135788378,22.33401870727539,22.107947025079284,22.33401870727539,1216400,ILF
2025-02-12,22.145628334434928,22.18330605286317,21.966654231090807,22.117368698120117,1144500,ILF
2025-02-13,22.013751069088954,22.249242621063274,21.93839384432349,22.211563110351562,791400,ILF
2025-02-14,22.465896860208954,22.767325792042634,22.465896860208954,22.72022819519043,1476900,ILF
2025-02-18,22.691969321136057,22.92746090662177,22.691969321136057,22.842683792114258,2176700,ILF
2025-02-19,22.710808313625908,22.739066153070407,22.57893180847168,22.57893180847168,1876700,ILF
2025-02-20,22.65428770653995,22.83326179799458,22.65428770653995,22.767324447631836,586500,ILF
2025-02-21,22.484736258657716,22.484736258657716,22.060850707122338,22.107948303222656,780600,ILF
2025-02-24,22.155047072154122,22.2021446669283,21.872456113534838,21.88187599182129,599500,ILF
2025-02-25,21.92897605895996,22.01375316949221,21.834779069851002,21.92897605895996,563400,ILF
2025-02-26,21.900714306150164,21.985491408487253,21.778259489806565,21.85361671447754,1227200,ILF
2025-02-27,21.731162570495105,21.731162570495105,21.514510749533077,21.542770385742188,1125700,ILF
2025-02-28,21.373215333279155,21.410893050105912,20.996429181721133,21.10004425048828,1645800,ILF
2025-03-03,21.354376779642298,21.636965960067368,20.892813493396986,21.015268325805664,1351500,ILF
2025-03-04,20.949331283569336,21.147145150152895,20.48776799041866,20.949331283569336,1119000,ILF
2025-03-05,21.052945242741032,21.48624883879569,21.052945242741032,21.429731369018555,3536300,ILF
2025-03-06,21.439150942280406,21.63696298202005,21.34495396288431,21.495668411254883,1106600,ILF
2025-03-07,21.45799158294351,21.684063264828097,21.31669520968988,21.618125915527344,654400,ILF
2025-03-10,21.486250806163323,21.486250806163323,20.921070666667884,21.109464645385742,851900,ILF
2025-03-11,21.1565617796104,21.288438280495555,20.958749723269804,21.27901840209961,7040400,ILF
2025-03-12,21.279016758075294,21.439151085118162,21.203659533387942,21.392051696777344,1043600,ILF
2025-03-13,21.373213454668306,21.759419450651745,21.373213454668306,21.599285125732422,568400,ILF
2025-03-14,21.85361781799896,22.494153361717764,21.85361781799896,22.409378051757812,1045300,ILF
2025-03-17,22.531835124928154,23.012238178196938,22.531835124928154,22.88036346435547,1001100,ILF
2025-03-18,22.95572157968629,22.95572157968629,22.673130586354958,22.86152458190918,666600,ILF
2025-03-19,22.927460436060567,23.12527250141275,22.805003807992687,23.012237548828125,572600,ILF
2025-03-20,22.86152039379334,22.86152039379334,22.72964390240118,22.748483657836914,1423500,ILF
2025-03-21,22.654288734061744,22.795585115999838,22.541253784501027,22.786165237426758,462400,ILF
2025-03-24,22.805002784426023,22.805002784426023,22.560093132598997,22.63545036315918,286000,ILF
2025-03-25,22.701389200154473,23.012238021129285,22.701389200154473,22.842683792114258,1122100,ILF
2025-03-26,22.852101654781624,22.852101654781624,22.55067273942175,22.62602996826172,449800,ILF
2025-03-27,22.57893078449569,22.739065121832173,22.494153676690605,22.701387405395508,1916300,ILF
2025-03-28,22.512992078837655,22.607189059249453,22.220983056553244,22.39053726196289,446400,ILF
2025-03-31,22.202145497634245,22.27750273008731,21.95723404299726,22.183305740356445,379300,ILF
2025-04-01,22.202147324077448,22.588353396752613,22.19272744466363,22.503576278686523,484100,ILF
2025-04-02,22.437634811890398,22.569509506225586,22.30576011755521,22.569509506225586,468500,ILF
2025-04-03,22.588352405158727,22.98397833988034,22.588352405158727,22.66370964050293,2066400,ILF
2025-04-04,21.778261283517978,21.825358879069675,20.892812473212828,21.137723922729492,2295900,ILF
2025-04-07,20.431250381997483,21.382636599335633,20.224016637697996,20.5537052154541,5632900,ILF
2025-04-08,21.081203133266243,21.17540011424125,19.950844751540075,20.110979080200195,1155800,ILF
2025-04-09,19.922586027979268,21.552187225625204,19.75303181381346,21.448572158813477,3658200,ILF
2025-04-10,21.1942403945171,21.213080150510148,20.440668121375253,20.798614501953125,2086000,ILF
2025-04-11,20.883392289256953,21.363795302820254,20.798615181177663,21.20366096496582,1887800,ILF
2025-04-14,21.571026722102264,21.73116105614517,21.30727732249609,21.552186965942383,1671600,ILF
2025-04-15,21.66522230903015,21.759419287096648,21.542767495204245,21.56160545349121,1113900,ILF
2025-04-16,21.495668269414644,21.787677286623552,21.495668269414644,21.599285125732422,948300,ILF
2025-04-17,21.778261999803245,22.25866323953686,21.712322848540786,22.07969093322754,564400,ILF
2025-04-21,22.192723285447254,22.202143163095663,21.815937162800722,22.032588958740234,2163000,ILF
2025-04-22,22.249244379001222,22.68254800647396,22.220984743734615,22.673128128051758,4964100,ILF
2025-04-23,23.097012015558906,23.275984302757525,22.91803793170232,22.927457809448242,3250400,ILF
2025-04-24,23.21946788820894,23.426701614721573,23.087593187088576,23.304244995117188,843800,ILF
2025-04-25,23.360762882628585,23.473799626067617,23.27598577421383,23.454959869384766,780700,ILF
2025-04-28,23.5585778196957,23.699872408009586,23.492640464926428,23.652774810791016,1010700,ILF
2025-04-29,23.65277429446327,23.860006233022666,23.596255023044968,23.643354415893555,5576600,ILF
2025-04-30,23.37018276097001,23.492639382750472,23.153530949091454,23.454959869384766,2932300,ILF
2025-05-01,23.549154674347168,23.549154674347168,23.153528803951822,23.341922760009766,1205600,ILF
2025-05-02,23.709291194629028,23.709291194629028,23.341924922603816,23.454959869384766,863000,ILF
2025-05-05,23.492642091204065,23.492642091204065,23.181793256731737,23.219470977783203,1435100,ILF
2025-05-06,23.172370658093296,23.436120064478192,23.07817367153094,23.417282104492188,1375400,ILF
2025-05-07,23.436117941380818,23.436117941380818,23.27598361772894,23.341922760009766,1364800,ILF
2025-05-08,23.81290765589164,24.048399220459427,23.775228143164927,23.80348777770996,1728200,ILF
2025-05-09,24.010720642959804,24.095497753238956,23.93536341122924,23.963623046875,1333600,ILF
2025-05-12,24.255632617684157,24.255632617684157,23.822328975065137,23.97304344177246,902800,ILF
2025-05-13,24.142595949777856,24.594741148064738,24.09549835252168,24.54764175415039,4727900,ILF
2025-05-14,24.58532126928187,24.641838745320914,24.41576704450656,24.54764175415039,2474800,ILF
2025-05-15,24.632417781666636,24.632417781666636,24.349828617259146,24.49112319946289,1959700,ILF
2025-05-16,24.274472051064986,24.406346758508512,24.076658193241556,24.396926879882812,864700,ILF
2025-05-19,24.22737164163377,24.641837300487666,24.22737164163377,24.51938247680664,2689100,ILF
2025-05-20,24.585320345619806,24.585320345619806,24.387506491927688,24.5288028717041,870200,ILF
2025-05-21,24.444026173854194,24.444026173854194,24.14259544902895,24.180274963378906,1239500,ILF
2025-05-22,24.133176126967342,24.40634540533463,24.0107195082808,24.086076736450195,2258100,ILF
2025-05-23,23.66219476803905,24.24621288078212,23.549158019018165,24.227373123168945,2248500,ILF
2025-05-27,24.34982753987259,24.641836569727793,24.34982753987259,24.43460464477539,1663600,ILF
2025-05-28,24.321569596277676,24.406346707072174,24.09549789971173,24.217952728271484,1783500,ILF
2025-05-29,24.274472517201886,24.387507469564596,24.161435768181004,24.227373123168945,1626000,ILF
2025-05-30,24.104917215943523,24.104917215943523,23.728131063790798,23.812908172607422,1319100,ILF
2025-06-02,23.94478117202739,24.086075744443402,23.78464684418045,23.888263702392578,4012300,ILF
2025-06-03,23.86942661843529,24.029560964204517,23.68103263635685,24.01072120666504,1522500,ILF
2025-06-04,24.114335377589793,24.274469705436733,23.888263702392578,23.888263702392578,949600,ILF
2025-06-05,24.095496047292144,24.24621050008278,24.010718943015164,24.038978576660156,3259200,ILF
2025-06-06,24.076657017862214,24.189693759194228,23.88826484451959,24.123756408691406,845300,ILF
2025-06-09,24.06723780615999,24.123757076720143,23.878845627600462,24.029560089111328,1063600,ILF
2025-06-10,24.15201445459026,24.312148791472907,24.104916860013393,24.199113845825195,1404800,ILF
2025-06-11,24.25563269851412,24.641838745320914,24.170855586126468,24.54764175415039,2788700,ILF
2025-06-12,24.45344368599091,24.575900308116754,24.39692621244103,24.49112319946289,1591400,ILF
2025-06-13,24.29331077936356,24.4346053594482,24.152014402620853,24.37808609008789,2442500,ILF
2025-06-16,24.566091456302175,24.884255053318633,24.566091456302175,24.749277114868164,1796300,ILF
2025-06-17,24.66250640024355,24.787842801494335,24.450397936997383,24.49860382080078,945300,ILF
2025-06-18,24.585375882796164,24.64322331114756,24.479320731704785,24.49860382080078,1080900,ILF
2025-06-20,24.508246278674648,24.517887823581948,24.180441107573095,24.199724197387695,2201900,ILF
2025-06-23,24.19008019405519,24.19008019405519,23.92012248089644,24.141874313354492,1452900,ILF
2025-06-24,24.363623390086403,24.691428515538163,24.325057215827886,24.63357925415039,608200,ILF
2025-06-25,24.585375538288424,24.614300171527102,24.42147296114237,24.460039138793945,817400,ILF
2025-06-26,24.672145871355653,24.893895860514046,24.5660907291771,24.864973068237305,1258900,ILF
2025-06-27,24.85533131721689,24.961384619574567,24.76855926323743,24.84568977355957,6035400,ILF
2025-06-30,24.874614774656063,25.29883353856999,24.836050435538386,25.269908905029297,1135400,ILF
2025-07-01,25.289190808744422,25.414529042609537,25.231343383310943,25.337398529052734,4032200,ILF
2025-07-02,25.28919106875947,25.588073420934528,25.212060554409636,25.55914878845215,1068600,ILF
2025-07-03,25.665203232954084,25.84838705018678,25.626637057366278,25.684484481811523,1601300,ILF
2025-07-07,25.510940284439183,25.530223372168763,25.192776692646962,25.2891902923584,2156900,ILF
2025-07-08,25.269907720621095,25.404887498547875,25.15421286975414,25.337398529052734,1415900,ILF
2025-07-09,25.33739911353539,25.33739911353539,24.990310875054902,25.009593963623047,973200,ILF
2025-07-10,24.778201539903147,24.81676587673685,24.64322176364401,24.72999382019043,1748200,ILF
2025-07-11,24.58537452217995,24.62394069823759,24.411830407793545,24.55644989013672,2738500,ILF
2025-07-14,24.488962678144954,24.488962678144954,24.296137300830296,24.344343185424805,1446200,ILF
2025-07-15,24.4407547748093,24.508243743241852,24.161155518232757,24.334699630737305,1675200,ILF
2025-07-16,24.33470103699081,24.527528248458175,24.21900618125965,24.479320526123047,893600,ILF
2025-07-17,24.363623390086403,24.64322079771502,24.363623390086403,24.63357925415039,2000000,ILF
2025-07-18,24.643221725025782,24.672146356808085,24.132232769427056,24.141874313354492,3130500,ILF
2025-07-21,24.267211811089915,24.440755931809864,24.219005928195063,24.257570266723633,1796100,ILF
2025-07-22,24.334700782717327,24.431114387443582,24.24792872235735,24.257570266723633,2909800,ILF
2025-07-23,24.276852288509723,24.768559995960604,24.276852288509723,24.72999382019043,2194100,ILF
2025-07-24,24.604657713695435,24.652863595033747,24.460038230743994,24.566091537475586,2007800,ILF
2025-07-25,24.55645114607802,24.623941957630713,24.421473200845803,24.488962173461914,1848600,ILF
2025-07-28,24.334701079293716,24.353984168261288,23.97797312807651,24.09366798400879,2456600,ILF
2025-07-29,24.055104199984505,24.40219061472554,24.055104199984505,24.344343185424805,2725000,ILF
2025-07-30,24.23828812704598,24.344343280291127,23.97797377470995,24.161157608032227,3142600,ILF
2025-07-31,23.920124703153004,24.141876556212516,23.79478829832514,23.987613677978516,1631400,ILF
2025-08-01,24.209364526588608,24.315417837369974,23.852634738678834,23.881559371948242,2983400,ILF
2025-08-04,24.16115493981721,24.247926993992166,23.987610831467286,24.08402442932129,1247500,ILF
2025-08-05,24.141875309679158,24.353983768026925,24.10330913237781,24.247928619384766,1112700,ILF
2025-08-06,24.460039481545383,24.720353828594945,24.460039481545383,24.49860382080078,1223300,ILF
2025-08-07,24.59501852915945,25.009595768612737,24.59501852915945,24.999954223632812,1584000,ILF
2025-08-08,24.999951142127976,25.06744010973204,24.864973206919853,24.884254455566406,1219700,ILF
2025-08-11,24.8938969436681,24.913180031982577,24.758919003339802,24.787841796875,279700,ILF
2025-08-12,24.99995153658591,25.34703976281065,24.99995153658591,25.308473587036133,1018400,ILF
2025-08-13,25.26026844324149,25.327757413879457,25.163854839928735,25.192777633666992,1521600,ILF
2025-08-14,25.019234645502728,25.125287951098837,24.84569053224449,24.922821044921875,3409100,ILF
2025-08-15,25.154213261041832,25.44345223164499,25.134930172618546,25.183137893676758,888500,ILF
2025-08-18,25.24098441197091,25.36632080434026,25.144570812259474,25.2891902923584,1124900,ILF
2025-08-19,24.99031065028794,25.028874988140842,24.78784190001651,24.797483444213867,3721100,ILF
2025-08-20,24.864973620147953,25.038515894469718,24.807124356437555,24.922821044921875,2228000,ILF
2025-08-21,24.903538918013012,25.038516860672942,24.855333035330624,25.019235610961914,3036300,ILF
2025-08-22,25.144573598694528,25.78090085279456,25.09636771296503,25.771259307861328,1328500,ILF
2025-08-25,25.809823370689596,25.95444285495316,25.742334400629034,25.75197410583496,1191100,ILF
2025-08-26,25.694125575898372,25.73269175081103,25.443450955775408,25.63627815246582,2397600,ILF
2025-08-27,25.520583818816597,25.8773136138916,25.41453050590506,25.8773136138916,1111900,ILF
2025-08-28,26.012292456009202,26.29189174271039,25.944803480305236,26.166553497314453,1333500,ILF
2025-08-29,26.166551245498233,26.243681759513233,26.08942073148323,26.127986907958984,1141500,ILF
2025-09-02,25.69412587031278,26.079778429176148,25.63627844621739,26.05085563659668,2753700,ILF
2025-09-03,26.05085723521961,26.234041062585582,25.93516054099259,26.02193260192871,2000600,ILF
2025-09-04,26.06049669129916,26.19547462463379,25.896594126991502,26.19547462463379,1307900,ILF
2025-09-05,26.52328159641727,26.72574851048914,26.262965416379256,26.378662109375,2734900,ILF
2025-09-08,26.41722699700326,26.494357514291902,26.214760078721802,26.43651008605957,1653400,ILF
2025-09-09,26.503998955709278,26.619695650660425,26.417226894230062,26.426868438720703,1262300,ILF
2025-09-10,26.542563382759255,26.783596462315575,26.542563382759255,26.638975143432617,5831500,ILF
2025-09-11,26.610051788462005,27.082476393736396,26.610051788462005,26.966779708862305,2644300,ILF
2025-09-12,26.928218943962225,27.072838440029525,26.85108842346389,26.9378604888916,2248400,ILF
2025-09-15,27.10176166765369,27.44884807240663,27.10176166765369,27.381359100341797,1627900,ILF
2025-09-16,27.477772171423453,27.525978053693443,27.30422805295304,27.516338348388672,1721200,ILF
2025-09-17,27.574186119118835,27.873066638584177,27.477772514438755,27.554903030395508,3059800,ILF
2025-09-18,27.62239209039882,27.67059981236143,27.342794658761925,27.37171745300293,892700,ILF
2025-09-19,27.41028299512642,27.545260935619442,27.342794024879908,27.497055053710938,817800,ILF
2025-09-22,27.323511380377056,27.574186016033497,27.178891893365872,27.54526138305664,1889400,ILF
2025-09-23,27.670599686493365,28.03696917705986,27.61275042040138,27.940555572509766,2574800,ILF
2025-09-24,27.834502005288453,28.027327373669905,27.709163768850797,27.71880531311035,894600,ILF
2025-09-25,27.670598546640644,27.73808751536463,27.39099928885674,27.439205169677734,1484700,ILF
2025-09-26,27.51633923941811,27.62239255163359,27.458489972097016,27.612751007080078,1256300,ILF
2025-09-29,27.88270843981369,27.959838956481004,27.776653289794922,27.776653289794922,708500,ILF
2025-09-30,27.950196255387063,27.950196255387063,27.680238538754654,27.853782653808594,2017500,ILF
2025-10-01,27.969480962619592,28.008045302121538,27.381359613987946,27.429567337036133,1735900,ILF
2025-10-02,27.49705493040877,27.53561926797534,27.014988757739346,27.294586181640625,2058100,ILF
2025-10-03,27.381358859769456,27.419925037145703,27.246380916825707,27.352436065673828,1266500,ILF
2025-10-06,27.41028190097875,27.43920469339472,27.07283522427967,27.198171615600586,1433400,ILF
2025-10-07,27.005346375657684,27.09211843116063,26.77395484062865,26.822160720825195,1977800,ILF
2025-10-08,27.00534739915581,27.121042251586914,26.918575340364217,27.121042251586914,1283400,ILF
2025-10-09,27.236738784400444,27.29458621027925,26.908933639526367,26.908933639526367,1963100,ILF
2025-10-10,26.899293177449042,26.928217811020232,26.18583543312233,26.243682861328125,4008800,ILF
2025-10-13,26.658258748002265,26.83180286287739,26.503997721210265,26.687183380126953,1764900,ILF
2025-10-14,26.465432973631575,26.82216090295579,26.369019373647355,26.648616790771484,2077200,ILF
2025-10-15,26.831801775622885,27.063193306434645,26.793237439955803,26.966779708862305,4965100,ILF
2025-10-16,27.034271997095917,27.34279405509896,26.986064276197617,27.11140251159668,1981700,ILF
2025-10-17,27.005346462222576,27.25602108570834,26.88964977486897,27.21745491027832,773700,ILF
2025-10-20,27.458489117541266,27.660957868990725,27.41028323521053,27.525978088378906,1327400,ILF
2025-10-21,27.41028190097875,27.419923444762887,27.178890366968755,27.198171615600586,1160800,ILF
2025-10-22,27.275305035429362,27.429566064151782,27.121042167770426,27.304227828979492,1305900,ILF
2025-10-23,27.593470712345134,27.786296093282324,27.497057102408213,27.709165573120117,1006400,ILF
2025-10-24,27.911633267495077,27.950197606628944,27.574186565124958,27.60310935974121,828400,ILF
2025-10-27,27.979121543497257,28.027327425948403,27.834502057207278,27.92127227783203,898600,ILF
2025-10-28,27.921272737809566,28.181588920781927,27.863425310127898,28.16230583190918,1219200,ILF
2025-10-29,28.364773657186294,28.586523655142507,28.326207480705296,28.45154571533203,2201700,ILF
2025-10-30,28.27800233467304,28.412980277994873,28.220154907383193,28.33584976196289,762300,ILF
2025-10-31,28.412980587423252,28.43226367637539,28.239438303663768,28.364774703979492,1359500,ILF
2025-11-03,28.528676574286155,28.66365451572859,28.412979882380828,28.490110397338867,3291400,ILF
2025-11-04,28.200871871979338,28.364774448724372,28.036969295234304,28.143024444580078,1581000,ILF
2025-11-05,28.34549033833883,28.93361165233378,28.34549033833883,28.817914962768555,3003600,ILF
2025-11-06,29.039668581831073,29.0685913767968,28.77935239351986,28.798635482788086,1781400,ILF
2025-11-07,28.750427509251068,29.16500473022461,28.59616647432183,29.16500473022461,4059200,ILF
2025-11-10,29.4638836989633,29.47352524300409,29.299981128142846,29.396394729614258,2160400,ILF
2025-11-11,29.73384360957041,30.109854660227345,29.7242020648181,30.003801345825195,4476400,ILF
2025-11-12,30.00379981600864,30.061647242636376,29.65671157836914,29.65671157836914,6840500,ILF
2025-11-13,29.73384110153567,29.936308007446303,29.30962236289983,29.367469787597656,2311500,ILF
2025-11-14,29.299981539440378,29.724200288507657,29.12643742214301,29.434961318969727,3057700,ILF
2025-11-17,29.434959662875038,29.483165542106985,29.01074093767551,29.078229904174805,1695700,ILF
2025-11-18,28.99145964926582,29.24213428248589,28.89504604588325,29.06859016418457,1529600,ILF
2025-11-19,28.98181810503391,29.22285119402207,28.923970678578982,29.06859016418457,2210500,ILF
2025-11-20,29.309621732240288,29.38675224315659,28.519033535614113,28.528675079345703,1835900,ILF
2025-11-21,28.499752504879865,28.827557659664812,28.335849927487388,28.740785598754883,4494800,ILF
2025-11-24,28.80827417441489,28.933612411309753,28.750426747583095,28.89504623413086,2861200,ILF
2025-11-25,28.895045961780905,29.30962316786371,28.788992653411636,29.25177574157715,1735700,ILF
2025-11-26,29.58922242023991,29.936308816746507,29.56029778764081,29.83025550842285,2928500,ILF
2025-11-28,29.93630886991282,30.109852987942592,29.839897105617638,30.03272247314453,1194000,ILF
2025-12-01,29.907384561605568,30.14841763800999,29.868818386691373,29.878459930419922,4470600,ILF
2025-12-02,30.167701777363185,30.399093318107283,30.10021096891005,30.370168685913086,2440300,ILF
2025-12-03,30.52442981684158,30.58227724249013,30.34124415686192,30.379810333251953,4158200,ILF
2025-12-04,30.746180542406663,30.852235691054357,30.620844144043836,30.842594146728516,2906100,ILF
2025-12-05,30.81367029065334,30.900442352837132,29.521734580338602,29.560298919677734,4026000,ILF
2025-12-08,29.88810256838466,29.98451617026352,29.473525367561095,29.59886360168457,4329700,ILF
2025-12-09,29.232493467911087,29.80133171923654,29.213210378965954,29.724201202392578,2875100,ILF
2025-12-10,29.695276225810336,29.85917880207674,29.49280931103589,29.685636520385742,1902400,ILF
2025-12-11,29.830255681165124,30.389452375430302,29.830255681165124,30.235191345214844,1987600,ILF
2025-12-12,30.514789430622383,30.534072519549095,29.9941589021572,30.30268096923828,3739900,ILF
2025-12-15,30.572636044693258,30.678691192030655,30.370169133161713,30.41837501525879,3171600,ILF
2025-12-16,30.19276560902023,30.19276560902023,29.70230484008789,29.70230484008789,5265100,ILF
2025-12-17,29.53554791832649,29.57478380669581,29.09413248067577,29.29031753540039,3005800,ILF
2025-12-18,29.358981373106683,29.663066520232512,29.280507726398106,29.594402313232422,4958300,ILF
2025-12-19,29.83963285718375,29.9671518321768,29.574783596475893,29.623830795288086,2838700,ILF
2025-12-22,29.643448380241107,29.790588108579346,29.555165291621908,29.741540908813477,4039600,ILF
2025-12-23,29.97696041011397,30.241809663207526,29.82001312034578,30.202573776245117,2007000,ILF
2025-12-24,30.31047572864507,30.31047572864507,30.07505477954593,30.192766189575195,1288000,ILF
2025-12-26,30.261431133552204,30.34971422547669,30.13391028034598,30.33990478515625,1983800,ILF
2025-12-29,30.09467286796214,30.17314651559732,29.937725572691775,30.035818099975586,3123900,ILF
2025-12-30,30.402144201947905,30.44163934902245,30.234285589406447,30.263906478881836,1732800,ILF
2025-12-31,30.263906734519914,30.27378099220247,29.987435052696565,30.06642723083496,1241200,ILF
2026-01-02,30.51075686549135,30.51075686549135,30.263906078742515,30.441638946533203,2841900,ILF
2026-01-05,30.5305050027109,31.15256814896021,30.461387084607868,31.073575973510742,5802700,ILF
2026-01-06,31.468539265730037,31.6067732209495,31.31055302883996,31.35992431640625,4732300,ILF
2026-01-07,31.162442319505978,31.162442319505978,30.876096390545005,31.063701629638672,2522800,ILF
2026-01-08,31.01433208971124,31.280931386181674,30.915591400279002,31.27105712890625,2040400,ILF
2026-01-09,31.44879159000154,31.626522580017276,31.3204281222255,31.45866584777832,2851600,ILF
2026-01-12,31.48828532431287,31.65614581566096,31.468538692967815,31.517908096313477,2654700,ILF
2026-01-13,31.606774213231944,31.606774213231944,31.300681637321542,31.478412628173828,3209300,ILF
2026-01-14,31.557403581487215,32.05110515353793,31.527782692490277,32.0116081237793,2707100,ILF
2026-01-15,32.16959658982163,32.37695034832504,31.95236669044999,32.05110549926758,2773600,ILF
2026-01-16,31.922746144630946,32.09060287475586,31.73513713255704,32.09060287475586,3774600,ILF
2026-01-20,31.991863609879864,32.61392488323654,31.97211509485589,32.485565185546875,4439100,ILF
2026-01-21,32.94964236410191,33.43347156937839,32.89040058520889,33.4235954284668,5515700,ILF
2026-01-22,33.70007231249821,34.183897771778064,33.66057528045454,34.04566192626953,7544400,ILF
2026-01-23,34.11477652080141,34.64797510143938,33.91729514649358,34.54923629760742,7732200,ILF
2026-01-26,34.67759704589844,34.93432397031435,34.5689820983874,34.67759704589844,7241300,ILF
2026-01-27,35.309535518410165,35.75386769593027,35.28979076975963,35.704498291015625,6139900,ILF
2026-01-28,36.05008760325106,36.13895403804313,35.645252459563615,36.11920928955078,5738000,ILF
2026-01-29,36.58328692396044,36.82026534356593,35.487268795742956,36.208072662353516,6788000,ILF
2026-01-30,35.75386869096997,35.86248364479147,34.73684460817646,34.91457748413086,5436700,ILF
2026-02-02,34.81583335504412,35.30953492924105,34.736843061827535,35.181175231933594,3870400,ILF
2026-02-03,35.99084669600982,36.47467214531495,35.80323768099238,36.227821350097656,5063100,ILF
2026-02-04,36.168577668215605,36.168577668215605,34.70722148936217,35.10218048095703,7235600,ILF
2026-02-05,35.01331513359003,35.29966295385364,34.53936206900411,34.77634048461914,4018600,ILF
2026-02-06,35.27991365063331,35.6057584939952,34.94419643321987,35.58600997924805,3518500,ILF
2026-02-09,35.72424772428177,36.375933679175624,35.65512980229638,36.26731872558594,3698300,ILF
2026-02-10,36.17845013868731,36.247568056566884,35.97109638504859,36.01059341430664,3699100,ILF
2026-02-11,36.5536658024734,36.76101956416221,36.18832768426299,36.63265609741211,4462700,ILF
2026-02-12,36.79063891260037,36.8301359417371,35.80323578404632,36.00071716308594,4377300,ILF
2026-02-13,35.67487821267081,35.82298643078285,35.033064634252625,35.80323791503906,4817600,ILF
2026-02-17,35.60575838337806,35.704497190162996,35.082432160814555,35.576133728027344,4386700,ILF
2026-02-18,35.83286175710902,36.13895432756632,35.44777512547298,35.704498291015625,12260400,ILF
2026-02-19,35.61563048370385,36.04021412957558,35.43789761954155,35.9908447265625,3471700,ILF
2026-02-20,35.91185211345173,36.612911224365234,35.852610334109855,36.612911224365234,4054900,ILF
2026-02-23,36.37593099285474,36.78076612029152,35.911850322386734,35.95134735107422,4706800,ILF
2026-02-24,36.14883025145865,36.612910941486604,35.901979461723634,36.58328628540039,5717300,ILF
2026-02-25,36.849884033203125,36.94862283826723,36.51416682268362,36.849884033203125,3719100,ILF
2026-02-26,36.543790994595014,36.543790994595014,35.872360279867124,36.3364372253418,3387300,ILF
2026-02-27,36.06983525416633,36.45492187349075,35.951347932830515,36.02046585083008,6196600,ILF
2026-03-02,35.349033352864716,35.97109841553912,35.25029454079002,35.80323791503906,4210300,ILF
2026-03-03,33.97654054332403,34.37150329024884,33.05825535837117,34.08515548706055,6350600,ILF
2026-03-04,34.61835578582259,34.95407300739943,34.38137737256196,34.73684310913086,5436800,ILF
2026-03-05,34.24314056444843,34.410997287160875,33.39397327705989,33.719818115234375,4916800,ILF
2026-03-06,33.12737493927677,33.69019443361693,33.01875999008058,33.38410186767578,5024900,ILF
2026-03-09,33.176745430550845,34.11477920740196,32.8904013702305,33.966670989990234,5240000,ILF
2026-03-10,34.1740253266627,34.90470158474322,33.91729838555224,34.489994049072266,5567300,ILF
2026-03-11,34.43074850112887,34.76646573951957,34.154276810681566,34.489994049072266,2495100,ILF
2026-03-12,33.92717178995562,33.92717178995562,33.078004504490735,33.26560974121094,4023000,ILF
2026-03-13,33.46309042970333,33.62107477491183,32.63367167569771,32.73241424560547,3266400,ILF
2026-03-16,33.354475967030616,33.808684261867235,33.2853580504206,33.69019317626953,3764900,ILF
2026-03-17,34.02591132185958,34.19377181442033,33.70007024410904,33.79880905151367,1810000,ILF
2026-03-18,33.56183369038723,33.86792624679157,33.22611647907888,33.26560974121094,1354200,ILF
2026-03-19,32.564555734720706,33.56183503472017,32.416447520844,33.4235954284668,7528400,ILF
2026-03-20,32.9298948281545,32.979268000892404,32.04123421853592,32.17947006225586,3043500,ILF
2026-03-23,32.81140663274937,33.73956424936241,32.75216108701674,33.4334716796875,2541800,ILF
2026-03-24,32.87065297686028,33.6309538823303,32.87065297686028,33.53221130371094,3432000,ILF
2026-03-25,34.10490642914667,34.48999306316019,33.946922072457944,34.37150573730469,3402200,ILF
2026-03-26,33.92717140602041,34.31225801561901,33.640823600600555,33.67044448852539,1972300,ILF
2026-03-27,33.38410244704257,33.927173435804185,33.34460541635049,33.45322036743164,1767500,ILF
2026-03-30,33.80868727659899,34.01604104491884,33.35447894126046,33.59145736694336,3058900,ILF
2026-03-31,34.035786831585625,35.092307871133066,34.02591069104182,35.07255935668945,5332400,ILF
2026-04-01,35.30953533807649,35.51689286428962,35.112057719426474,35.23054504394531,5062600,ILF
2026-04-02,34.66772503393633,35.63537966432719,34.628228004129994,35.17129898071289,2083200,ILF
2026-04-06,35.25029373168945,35.56626244304911,35.1021817503328,35.25029373168945,2043900,ILF
2026-04-07,35.082432484716946,35.17129891830148,34.766463780115075,35.16142654418945,2738900,ILF
2026-04-08,36.84001490703227,36.86963579783397,36.04021695558755,36.32656478881836,3336000,ILF
2026-04-09,36.36605861508747,36.96837135260884,36.36605861508747,36.849884033203125,3423700,ILF
2026-04-10,37.29421656498817,37.541067346779215,37.17572924438879,37.34358596801758,4355300,ILF
2026-04-13,37.225100829021734,37.610187468521,37.06711647008244,37.60031509399414,7591600,ILF
2026-04-14,37.80766898346768,37.93602868596101,37.511448780310715,37.620059967041016,4556000,ILF
2026-04-15,37.58056378889357,37.66943021961611,37.244846580235524,37.27446746826172,3542400,ILF
2026-04-16,37.45220190557568,37.511447450764884,37.11648468279172,37.462074279785156,3306700,ILF
2026-04-17,38.01502057204531,38.01502057204531,37.27446822323923,37.36333465576172,4368700,ILF
2026-04-20,37.333713829598885,37.41270412161546,37.086863046250514,37.373207092285156,3296300,ILF
2026-04-21,37.38308549290389,37.590439259457355,36.73139953613281,36.73139953613281,2285300,ILF
2026-04-22,37.22510154326306,37.22510154326306,36.69190290912083,36.78076934814453,2262100,ILF
2026-04-23,36.76101715809965,36.90912913055132,36.14882828747764,36.346309661865234,2359000,ILF
2026-04-24,36.346309724642005,36.50429407109616,36.010592517596436,36.35618209838867,2698100,ILF
2026-04-27,36.56353782288492,36.63265574277874,36.10933327311291,36.138954162597656,2114300,ILF
2026-04-28,35.8131111088512,35.98096782889259,35.51689093036151,35.9019775390625,3133700,ILF
2026-04-29,35.655128529274535,35.7044979336951,35.17129932600707,35.21079635620117,2528200,ILF
2026-04-30,35.53664008294623,36.069834907149705,35.41814899610635,35.9809684753418,3750200,ILF
2026-05-01,35.990846460103185,36.0402158654942,35.645253089077684,35.743995666503906,2200700,ILF
2026-05-04,35.82298608466948,35.9019801468814,35.27991509021724,35.30953598022461,3839600,ILF
2026-05-05,35.793366226786794,36.15870435844118,35.66500275531308,35.882232666015625,4399400,ILF
2026-05-06,36.50429523860686,36.50429523860686,36.05996307291731,36.49441909790039,4376100,ILF
2026-05-07,36.306814648793456,36.336435538270266,35.655128713794674,35.684749603271484,4943800,ILF
2026-05-08,36.21794681933913,36.287064736553425,35.94147515048194,35.97109603881836,1922500,ILF
2026-05-11,35.990846695888116,36.188328085390125,35.69462649495721,35.773616790771484,2099800,ILF
2026-05-12,35.41814896981503,35.62550648830889,35.270040761341114,35.526763916015625,1942900,ILF
2026-05-13,35.44777552438667,35.70449869281837,34.79608957890478,34.845458984375,5909800,ILF
2026-05-14,34.983695640351314,35.2601673307329,34.79609038854157,34.94419860839844,1894600,ILF
2026-05-15,33.96667139560849,34.13452813067511,33.75931386212514,34.01604080200195,4021600,ILF
2026-05-18,34.174024521021764,34.4109991739202,34.055537194572544,34.39125442504883,3424900,ILF
2026-05-19,33.749440742095594,34.11477886131125,33.68032282134247,33.92717361450195,2634100,ILF
2026-05-20,34.144401470666615,34.72696569161669,34.07527978741353,34.58872985839844,4103400,ILF
2026-05-21,34.39125391660292,34.993566681024205,34.272762825261296,34.78621292114258,1447200,ILF
2026-05-22,34.63810603560863,34.63810603560863,34.213522358624964,34.489994049072266,1251300,ILF
2026-05-26,34.71709609233216,34.95407451581945,34.539363216377765,34.91457748413086,2058700,ILF
2026-05-27,34.756592547870916,35.08243363728977,34.68747462688376,34.845458984375,1314700,ILF
2026-05-28,34.71709390194924,34.89482676669005,34.48999163403465,34.6578483581543,1138300,ILF
2026-05-29,34.450497078876495,34.58873292434799,34.22339479465271,34.4998664855957,3410100,ILF
2026-06-01,34.381377358079305,34.460371418014276,34.21352063068364,34.28263854980469,3699600,ILF
2026-06-02,34.243143419710606,34.66772709880752,34.223394903631174,34.509742736816406,1416500,ILF
2026-06-03,34.02591324557023,34.04566176149648,33.53221164734671,33.57170867919922,5410600,ILF
2026-06-04,33.63095457081566,33.729693384812144,33.50259109930478,33.6112060546875,1242400,ILF
2026-06-05,33.17674638213636,33.2952374794374,32.66330002707584,32.72254180908203,3632300,ILF
2026-06-08,32.89039938630978,32.89039938630978,32.28808287855836,32.376949310302734,6401600,ILF
2026-06-09,32.85090214787244,33.08787678658338,32.327579701295484,32.80153274536133,2437400,ILF
2026-06-10,32.594177994872915,32.969392265765805,32.594177994872915,32.68304443359375,2543600,ILF
2026-06-11,32.86077699959287,34.055537723659334,32.86077699959287,34.00616455078125,3022700,ILF
2026-06-12,34.12465523869714,34.568983656146166,34.12465523869714,34.4109992980957,1658800,ILF
2026-06-15,34.970001220703125,35.189998626708984,34.31999969482422,34.40999984741211,1896500,ILF
2026-06-16,34.2599983215332,34.540000915527344,34.20000076293945,34.29999923706055,1512300,ILF
2026-06-17,34.529998779296875,34.970001220703125,34.0,34.06999969482422,1688800,ILF
2026-06-18,34.150001525878906,34.15999984741211,33.790000915527344,33.900001525878906,2631600,ILF
2026-06-22,34.13999938964844,34.27000045776367,33.95000076293945,33.9900016784668,1515700,ILF
2026-06-23,33.25,33.7400016784668,33.15999984741211,33.52000045776367,1365400,ILF
2026-06-24,33.38999938964844,33.40999984741211,33.11000061035156,33.15999984741211,2182800,ILF
2026-06-25,33.5,33.75,33.13999938964844,33.560001373291016,3025900,ILF
2026-06-26,33.310001373291016,33.9900016784668,33.310001373291016,33.810001373291016,900300,ILF
2026-06-29,33.79999923706055,33.93000030517578,33.58000183105469,33.84000015258789,1192200,ILF
2026-06-30,33.630001068115234,33.869998931884766,33.58000183105469,33.75,1602800,ILF
2026-07-01,33.33000183105469,33.84000015258789,33.25,33.540000915527344,1683100,ILF
2026-07-02,33.84000015258789,34.20000076293945,33.560001373291016,33.689998626708984,1341500,ILF
