fecha,apertura,maximo,minimo,cierre_ajustado,volumen,ticker
2014-12-18,17.98232411246092,18.182611104742502,17.930075692941223,18.173904418945312,21318600,XLK
2014-12-19,18.250940087394692,18.29033067163175,18.172158918920573,18.194042205810547,23388800,XLK
2014-12-22,18.264073135142038,18.41288185119629,18.233436193859227,18.41288185119629,12214000,XLK
2014-12-23,18.491660267386944,18.52229720408541,18.45226968169065,18.461023330688477,13398800,XLK
2014-12-24,18.50478199539606,18.50478199539606,18.439132160359076,18.44350814819336,5311200,XLK
2014-12-26,18.478522719454844,18.5573038571273,18.469769074203782,18.522289276123047,4557000,XLK
2014-12-29,18.45226505711852,18.50478526835483,18.412874481294438,18.430381774902344,9276600,XLK
2014-12-30,18.395368585352625,18.42162952775977,18.281574507430065,18.299081802368164,11006800,XLK
2014-12-31,18.360359908125396,18.382243197061456,18.080249802732816,18.097755432128906,11910600,XLK
2015-01-02,18.211543240987606,18.255309799718106,17.970823828795467,18.062734603881836,16990400,XLK
2015-01-05,17.997083143847487,17.997083143847487,17.73448045159484,17.78700065612793,14389400,XLK
2015-01-06,17.839522807335904,17.839522807335904,17.489385289595788,17.57254409790039,17491200,XLK
2015-01-07,17.708222225549797,17.765120096430543,17.594428153375762,17.72135353088379,13069200,XLK
2015-01-08,17.865788458275958,18.15027620559903,17.83952751142545,18.110885620117188,28423400,XLK
2015-01-09,18.16340560913086,18.20717218372738,17.922686109674395,18.053987503051758,18339800,XLK
2015-01-12,18.045227618102132,18.088995847160923,17.782624922098275,17.84389877319336,11257400,XLK
2015-01-13,17.992712627735834,18.215924817075084,17.7038489105739,17.830774307250977,23358400,XLK
2015-01-14,17.686341688766426,17.808889426994124,17.568169939937835,17.7301082611084,17661400,XLK
2015-01-15,17.804507134761938,17.84827369161046,17.489382582773793,17.502513885498047,18655400,XLK
2015-01-16,17.44561278818298,17.690708132386693,17.436859144520444,17.673202514648438,37643000,XLK
2015-01-20,17.7782532406034,17.861412068975547,17.598807615109315,17.822021484375,24031600,XLK
2015-01-21,17.743239219822673,17.92706082355209,17.655704407271088,17.852657318115234,27838200,XLK
2015-01-22,17.9007976782752,18.159024401199517,17.751989029986824,18.145893096923828,17624400,XLK
2015-01-23,18.141515731811523,18.224672861172674,18.080241881799388,18.141515731811523,12957600,XLK
2015-01-26,18.119628108298453,18.16777064348929,18.010210068199036,18.067106246948242,19467000,XLK
2015-01-27,17.769503601361897,17.769503601361897,17.46751016434107,17.54629135131836,21584000,XLK
2015-01-28,17.861411395138667,17.918307605513608,17.515649795532227,17.515649795532227,26094400,XLK
2015-01-29,17.524400659496084,17.716975885464326,17.358084705040014,17.681962966918945,33635200,XLK
2015-01-30,17.63382871265663,17.721363562890794,17.428122065044608,17.463136672973633,26012600,XLK
2015-02-02,17.52440446144665,17.66445950518828,17.239916714703316,17.642576217651367,31247200,XLK
2015-02-03,17.695090133567913,17.861406064816876,17.646945916396856,17.84389877319336,19767400,XLK
2015-02-04,17.813264032136356,18.010216913085745,17.813264032136356,17.87891387939453,11778800,XLK
2015-02-05,17.953320072295842,18.053984512865558,17.896422199073818,18.045230865478516,10183600,XLK
2015-02-06,18.071497311167487,18.15465448228796,17.935818239729635,17.988338470458984,9580600,XLK
2015-02-09,17.940189090404033,18.049607170153884,17.92268179694308,17.962072372436523,14331400,XLK
2015-02-10,18.084624609227134,18.250940599515737,18.018973077127267,18.22905731201172,22491400,XLK
2015-02-11,18.25531356502292,18.329718733716064,18.202793349796163,18.299081802368164,12500000,XLK
2015-02-12,18.439141074629948,18.561688828280175,18.412880126167217,18.548559188842773,13538400,XLK
2015-02-13,18.59231809618915,18.679852885363374,18.5573051822718,18.666723251342773,8631600,XLK
2015-02-17,18.68423353697702,18.706118491923352,18.62733732896198,18.675479888916016,10680600,XLK
2015-02-18,18.675474428967117,18.71048901097429,18.622954225543527,18.692981719970703,7499600,XLK
2015-02-19,18.679851522362405,18.77613995038696,18.644836941412706,18.75863265991211,6250800,XLK
2015-02-20,18.75863480923395,18.881182517424904,18.662346370176884,18.854923248291016,13867000,XLK
2015-02-23,18.876810899243505,18.88118688858313,18.771768789627885,18.868057250976562,8094000,XLK
2015-02-24,18.85492405003118,18.951210823595197,18.758635606879782,18.924951553344727,9311000,XLK
2015-02-25,18.87243353479236,18.894316821007326,18.767393093125435,18.80678367614746,11734800,XLK
2015-02-26,18.863676027056417,18.951210823595197,18.8111558169681,18.924951553344727,15118800,XLK
2015-02-27,18.92057638551758,18.95996696566514,18.841795225222462,18.859302520751953,12112000,XLK
2015-03-02,18.9249548010261,19.021241591113743,18.863679264222394,19.00811195373535,13689000,XLK
2015-03-03,18.990599785903953,18.990599785903953,18.798024585541746,18.881181716918945,17224200,XLK
2015-03-04,18.833042951770334,18.841796600173865,18.70611922388844,18.80678367614746,11765400,XLK
2015-03-05,18.850548372283917,18.850548372283917,18.71924699847551,18.784896850585938,15408600,XLK
2015-03-06,18.776146597870707,18.802405873292667,18.52229580487372,18.552932739257812,16153400,XLK
2015-03-09,18.58795027601252,18.71925168267706,18.561689326844423,18.640470504760742,12498600,XLK
2015-03-10,18.53542749306021,18.53980515250662,18.259695053100586,18.259695053100586,17595800,XLK
2015-03-11,18.303454002498903,18.303454002498903,18.128384428532357,18.141515731811523,23040400,XLK
2015-03-12,18.08900306562428,18.27282469226403,18.07149576701443,18.259695053100586,24669800,XLK
2015-03-13,18.233436345507172,18.277202927821456,18.05836667707385,18.159032821655273,30375400,XLK
2015-03-16,18.25531761720108,18.386619019207036,18.19842140040418,18.373489379882812,17278800,XLK
2015-03-17,18.329722508793626,18.430386971038615,18.299085571135926,18.377866744995117,19067400,XLK
2015-03-18,18.355982192118717,18.692990183378686,18.281578676047406,18.62734031677246,31710800,XLK
2015-03-19,18.601074784697456,18.666726304713745,18.561684206605182,18.574813842773438,17984800,XLK
2015-03-20,18.68599469021539,18.78707112903738,18.65523236867917,18.69478416442871,38592200,XLK
2015-03-23,18.699178063324975,18.78707112903738,18.690388589111656,18.69478416442871,7506200,XLK
2015-03-24,18.707970662940287,18.76070584060949,18.633262634277344,18.633262634277344,14234800,XLK
2015-03-25,18.611292199641504,18.64645011009987,18.154251098632812,18.154251098632812,16348600,XLK
2015-03-26,18.05317483488042,18.25972169379876,17.991648490848327,18.167434692382812,18004800,XLK
2015-03-27,18.171830714736334,18.228961488368732,18.083939280128533,18.180620193481445,15818600,XLK
2015-03-30,18.316851145628043,18.413533717172438,18.281693237276865,18.400348663330078,13210800,XLK
2015-03-31,18.343216649037394,18.378372875355765,18.211376190185547,18.211376190185547,15927200,XLK
2015-04-01,18.228956615590963,18.24653556838216,18.05756601692981,18.18501091003418,20855600,XLK
2015-04-02,18.21577810846189,18.255329924604066,18.145463954922658,18.180620193481445,10938600,XLK
2015-04-06,18.053168301123712,18.391553850514548,18.0355893520481,18.35639762878418,14689400,XLK
2015-04-07,18.35640055840485,18.466266493030385,18.312453178701965,18.316848754882812,9368600,XLK
2015-04-08,18.31684310864313,18.431102907807357,18.281685215718383,18.373973846435547,14407000,XLK
2015-04-09,18.37397980840564,18.453083416733175,18.277297247911726,18.422319412231445,14580200,XLK
2015-04-10,18.4399026728051,18.51021682147806,18.38277357954813,18.492639541625977,8632600,XLK
2015-04-13,18.527790617699512,18.60689422247867,18.435503637597524,18.439897537231445,7774400,XLK
2015-04-14,18.44868335625388,18.470656202910448,18.29487175323717,18.38276481628418,11702600,XLK
2015-04-15,18.431106695513805,18.58491999403826,18.413529421859796,18.545368194580078,25166200,XLK
2015-04-16,18.470668375485374,18.53658863531871,18.426722653211048,18.47945785522461,18228600,XLK
2015-04-17,18.32564198537492,18.365193797000316,18.167434738873318,18.224565505981445,20318800,XLK
2015-04-20,18.308059689117258,18.558553891561875,18.29927021297976,18.53658103942871,9691600,XLK
2015-04-21,18.646449312365846,18.65084321277444,18.50582102939163,18.527793884277344,10002800,XLK
2015-04-22,18.558549639295627,18.73433576892589,18.497024996851266,18.71675682067871,12190200,XLK
2015-04-23,18.672817729747194,18.866181199582964,18.628870343588133,18.791471481323242,11799600,XLK
2015-04-24,18.940885993124663,18.976043896022453,18.848599012649583,18.954071044921875,12457600,XLK
2015-04-27,19.024388188853553,19.08591285225265,18.967257425802384,19.00680923461914,18501400,XLK
2015-04-28,19.02439267463834,19.138652551260805,18.874974881257124,19.06833839416504,18299600,XLK
2015-04-29,18.976041793823242,19.090301612740998,18.857386399319676,18.976041793823242,17142200,XLK
2015-04-30,18.87936688472293,18.936497655501753,18.637662098780865,18.712371826171875,17305200,XLK
2015-05-01,18.82662761080063,18.949676927572927,18.773892428815532,18.940887451171875,21096800,XLK
2015-05-04,18.984832094222202,19.055146218865136,18.949674193690253,18.958463668823242,15397600,XLK
2015-05-05,18.91012295841506,18.940885284088523,18.650839301723703,18.664024353027344,16209800,XLK
2015-05-06,18.734338747615144,18.76949497327844,18.395951483948085,18.505817413330078,19747800,XLK
2015-05-07,18.53657943773446,18.70797001655338,18.497027636743862,18.64204978942871,11280600,XLK
2015-05-08,18.83101831994019,18.92330696830263,18.80025599595968,18.91012191772461,19638400,XLK
2015-05-11,18.89693973250784,18.91891258295911,18.795863279295183,18.81344223022461,12093000,XLK
2015-05-12,18.712371826171875,18.795869355447405,18.549768992141505,18.712371826171875,15301000,XLK
2015-05-13,18.791471481323242,18.901337432088845,18.75191967199077,18.791471481323242,18613000,XLK
2015-05-14,18.940884652610215,19.103487427372894,18.923307378826408,19.094697952270508,13952400,XLK
2015-05-15,19.13425097025178,19.15182992157576,18.98922713646056,19.033174514770508,16936400,XLK
2015-05-18,19.00681375310547,19.160625448168837,18.980445315485287,19.125469207763672,6786600,XLK
2015-05-19,19.147437783467563,19.169410638357242,19.055150787078095,19.077123641967773,9130800,XLK
2015-05-20,19.09030532836914,19.191381793044187,19.01999119309862,19.09030532836914,22021800,XLK
2015-05-21,19.06393549871368,19.195774271516044,19.041962649316776,19.17380142211914,7426200,XLK
2015-05-22,19.11228203166177,19.20896293089245,19.11228203166177,19.160621643066406,7937000,XLK
2015-05-26,19.103490427729266,19.116673804242915,18.82662778599401,18.883758544921875,15848800,XLK
2015-05-27,18.954069004470412,19.25290444124695,18.940883954092605,19.23971939086914,25174200,XLK
2015-05-28,19.178193854554234,19.235324599753202,19.143037633492362,19.200166702270508,9329600,XLK
2015-05-29,19.20016612040057,19.208955594504875,19.011196618209954,19.059537887573242,15476800,XLK
2015-06-01,19.16940706138787,19.178196536987915,18.99362257865008,19.11227798461914,13872600,XLK
2015-06-02,19.04196677960543,19.160620527369428,18.949678109847092,19.072729110717773,11275600,XLK
2015-06-03,19.103488509019094,19.217748338977604,19.077120082218947,19.11227798461914,11314600,XLK
2015-06-04,19.006810881226937,19.116676840077957,18.89255102164733,18.93649673461914,16694600,XLK
2015-06-05,18.914525111942364,18.954076926765588,18.79147409003589,18.87497329711914,15455000,XLK
2015-06-08,18.870571157346173,18.874966733254393,18.62886645144566,18.664024353027344,16759000,XLK
2015-06-09,18.633266001992105,18.690395089616946,18.497031618934624,18.620080947875977,15413400,XLK
2015-06-10,18.664023325880564,18.949673716616818,18.664023325880564,18.91012191772461,17929600,XLK
2015-06-11,18.976045553911614,19.02438683640899,18.892548041866018,18.918914794921875,11289400,XLK
2015-06-12,18.82663042242896,18.857392756216175,18.734343421067305,18.751920700073242,12317600,XLK
2015-06-15,18.62886578309863,18.664023683418954,18.497027009739323,18.63765525817871,18358200,XLK
2015-06-16,18.62887284657349,18.7826862041646,18.598110510339588,18.760711669921875,18346600,XLK
2015-06-17,18.773894401946347,18.844208544123543,18.65963287314504,18.769498825073242,22047800,XLK
2015-06-18,18.760710529888907,18.967259068983708,18.756316629160324,18.93649673461914,17926400,XLK
2015-06-19,18.898089416036047,18.942232841515743,18.778900146484375,18.778900146484375,26869600,XLK
2015-06-22,18.937820275668756,18.990792726122752,18.88926149443433,18.93340492248535,10876000,XLK
2015-06-23,18.973128981248518,18.977544333105428,18.902498507207987,18.94664192199707,7986600,XLK
2015-06-24,18.902501805670767,19.01286204586453,18.85835838317871,18.85835838317871,9693600,XLK
2015-06-25,18.959891042849197,18.973133733810403,18.80980103742175,18.8142147064209,9827600,XLK
2015-06-26,18.800970744918672,18.823042456350365,18.602321974106175,18.65529441833496,20348600,XLK
2015-06-29,18.456648200329877,18.56700844664716,18.25358406729364,18.257999420166016,26214800,XLK
2015-06-30,18.39484715897054,18.40367618176484,18.227100777770517,18.275659561157227,22765800,XLK
2015-07-01,18.438991232960976,18.478720991312578,18.31980195790617,18.399261474609375,16299000,XLK
2015-07-02,18.45222847813521,18.487544556896797,18.35511262946749,18.425743103027344,10321400,XLK
2015-07-06,18.297733640816215,18.434579301902993,18.249174851154148,18.350706100463867,15018000,XLK
2015-07-07,18.386016750201946,18.403673108878532,18.03286263325209,18.377187728881836,39319800,XLK
2015-07-08,18.22709343814148,18.26682318273564,18.068174459764844,18.077003479003906,32320000,XLK
2015-07-09,18.28447897137109,18.33303773370148,18.006372451782227,18.006372451782227,17987600,XLK
2015-07-10,18.235929765344903,18.355119046891932,18.191784651458647,18.293315887451172,13496600,XLK
2015-07-13,18.408091770380874,18.584667176631655,18.40367641694534,18.57142448425293,14143000,XLK
2015-07-14,18.57583466202025,18.69060855990633,18.567005641573093,18.64204978942871,12252800,XLK
2015-07-15,18.63321902275378,18.70384949574836,18.593489276446626,18.64646339416504,13077000,XLK
2015-07-16,18.792147322329626,18.893678572335695,18.756832910310365,18.884849548339844,10413200,XLK
2015-07-17,19.04817285922509,19.176189422607422,19.02168580268228,19.176189422607422,15550000,XLK
2015-07-20,19.24241272371572,19.339530279890802,19.176195901966576,19.277727127075195,18619000,XLK
2015-07-21,19.180614255495428,19.251244757227603,19.13205546981131,19.14971351623535,11950400,XLK
2015-07-22,18.774489034441327,18.93340809640772,18.761246340598838,18.84070587158203,17182600,XLK
2015-07-23,18.893672272615156,18.968718109575267,18.756826656218287,18.80097007751465,12645200,XLK
2015-07-24,18.893677279867948,18.920164350043585,18.686201124032866,18.699443817138672,19492200,XLK
2015-07-27,18.549348639417314,18.668537896183143,18.505203534709477,18.53169059753418,17307200,XLK
2015-07-28,18.6111552671839,18.734758226742166,18.48313695394768,18.699443817138672,15775000,XLK
2015-07-29,18.69944277790189,18.86277549166425,18.63322594812486,18.82304573059082,16752600,XLK
2015-07-30,18.743582790357564,18.889259115715873,18.65529426140983,18.85835838317871,13616400,XLK
2015-07-31,18.88043731054964,18.911338054897108,18.761248003510453,18.79656410217285,21824000,XLK
2015-08-03,18.787730291094245,18.818631027569353,18.580252474220938,18.695026397705078,18396600,XLK
2015-08-04,18.677371104498985,18.69502746637703,18.518452059849018,18.584667205810547,14765400,XLK
2015-08-05,18.703850247023645,18.89808531853303,18.664120499120667,18.76565170288086,20785600,XLK
2015-08-06,18.76565803116926,18.84070388427721,18.514036770918025,18.58025360107422,13019800,XLK
2015-08-07,18.536106396377733,18.619979571397142,18.465475911107806,18.59349250793457,15825000,XLK
2015-08-10,18.677373378311852,18.906922950311543,18.677373378311852,18.884849548339844,11144000,XLK
2015-08-11,18.83187305493952,18.858360121254105,18.54935108343911,18.602323532104492,54689000,XLK
2015-08-12,18.46547490855485,18.72150977227098,18.293311531340866,18.686195373535156,20071400,XLK
2015-08-13,18.699435569510094,18.756823354263673,18.59790437123117,18.63321876525879,13287800,XLK
2015-08-14,18.58466257460158,18.743581579649693,18.571419885502074,18.725923538208008,11906000,XLK
2015-08-17,18.655297756435342,18.836288516902755,18.593496279782656,18.83187484741211,11183400,XLK
2015-08-18,18.787724866884254,18.814210242522694,18.71267903999418,18.734750747680664,9383800,XLK
2015-08-19,18.677371387202147,18.770073603329802,18.505207963582833,18.611154556274414,18455200,XLK
2015-08-20,18.412500388606464,18.49195988900794,18.156465530395508,18.156465530395508,27453800,XLK
2015-08-21,17.962234661168715,18.099081984842076,17.463407516479492,17.463407516479492,47332800,XLK
2015-08-24,16.33772821266853,17.485475650482265,13.825929906545896,16.774755477905273,72207800,XLK
2015-08-25,17.423679138892826,17.454579878308,16.62467021581643,16.6423282623291,37210800,XLK
2015-08-26,16.973407676540322,17.50755091038885,16.827731330601342,17.481063842773438,68776800,XLK
2015-08-27,17.719439920924106,17.891601626433616,17.494305771557123,17.887187957763672,40211000,XLK
2015-08-28,17.80773239793385,17.95340707182859,17.768002635241828,17.92250633239746,27672200,XLK
2015-08-31,17.77682857568613,17.9534039583907,17.71502710754135,17.759170532226562,22100600,XLK
2015-09-01,17.383941862122683,17.534031824676955,17.105833643632614,17.189706802368164,42578000,XLK
2015-09-02,17.445746742997585,17.62232211461256,17.277998708594296,17.604665756225586,25370200,XLK
2015-09-03,17.701775903867613,17.843036829120265,17.564930329758326,17.617902755737305,22062200,XLK
2015-09-04,17.383948904567163,17.472237450771114,17.264759619786425,17.3486328125,27561000,XLK
2015-09-08,17.679713601997182,17.847461671428192,17.635570170866686,17.834218978881836,18909200,XLK
2015-09-09,17.94899288985091,18.037281435975768,17.5605242972799,17.60025405883789,19304600,XLK
2015-09-10,17.573771972486476,17.87836574562932,17.56494294782033,17.77683448791504,28048800,XLK
2015-09-11,17.65321884829193,17.860694885253906,17.64880349714375,17.860694885253906,13719400,XLK
2015-09-14,17.93575194890173,17.953408312679837,17.77241753323233,17.81656265258789,14890800,XLK
2015-09-15,17.87394463904751,18.09466511198038,17.82538586556811,18.046106338500977,17612000,XLK
2015-09-16,18.024035104894185,18.13880901291208,18.001961709846007,18.121150970458984,15436200,XLK
2015-09-17,18.04610209702731,18.27565153700086,17.935741886499436,17.997543334960938,33565200,XLK
2015-09-18,17.78603193196867,17.950101059796065,17.723951812874862,17.76386070251465,36230200,XLK
2015-09-21,17.794897426365694,17.994441837159552,17.777159769504895,17.94122886657715,13921200,XLK
2015-09-22,17.6530002101335,17.72394914865532,17.528838299053213,17.63969612121582,24576400,XLK
2015-09-23,17.70178176313218,17.750559490776702,17.58649033633693,17.684045791625977,11356400,XLK
2015-09-24,17.484501311060495,17.7328235192705,17.391381117315486,17.684045791625977,22056400,XLK
2015-09-25,17.84811288916307,17.87028411965819,17.573185909599346,17.653003692626953,21657800,XLK
2015-09-28,17.577623359369614,17.60422985677107,17.24061618340199,17.24948501586914,25166600,XLK
2015-09-29,17.293819894872733,17.40911128322054,17.049933029538312,17.17409324645996,26206800,XLK
2015-09-30,17.382511989072796,17.542147570800278,17.333734262260887,17.515541076660156,24933600,XLK
2015-10-01,17.51553950986739,17.577619632417885,17.289390250353954,17.5244083404541,27036000,XLK
2015-10-02,17.32042782077073,17.772727966308594,17.258346015591773,17.772727966308594,29834000,XLK
2015-10-05,17.883585714164447,18.167381484611887,17.848110397080408,18.123037338256836,17137800,XLK
2015-10-06,18.0609589174775,18.18511915579473,18.05652534820462,18.14521026611328,19715800,XLK
2015-10-07,18.24276788558372,18.304848012160544,18.012183350043674,18.22946548461914,30437800,XLK
2015-10-08,18.158509006864502,18.34918456898941,18.069822423529867,18.313709259033203,30749600,XLK
2015-10-09,18.366929119107755,18.406838015688297,18.29154658754266,18.393535614013672,22753000,XLK
2015-10-12,18.433442388401375,18.446744788544528,18.335886943200975,18.41570472717285,12687400,XLK
2015-10-13,18.318144800102978,18.48664745031718,18.313709540512342,18.375789642333984,17903600,XLK
2015-10-14,18.32258102198971,18.451176503849467,18.29154096658303,18.34031867980957,25512200,XLK
2015-10-15,18.415702812302662,18.584207193339537,18.406833982610582,18.57533836364746,16843800,XLK
2015-10-16,18.62411744795397,18.62411744795397,18.499957206265666,18.610815048217773,14972600,XLK
2015-10-19,18.570910549190096,18.6817684173584,18.517697554548395,18.6817684173584,14184200,XLK
2015-10-20,18.606379577996016,18.686197358628313,18.55760185743668,18.632986068725586,11857800,XLK
2015-10-21,18.67289759125881,18.72167531869408,18.468919541581005,18.491090774536133,18834400,XLK
2015-10-22,18.62412116137136,18.94782592142743,18.62412116137136,18.907917022705078,28472000,XLK
2015-10-23,19.377955623237817,19.510984726241738,19.315875487939778,19.43560218811035,33383400,XLK
2015-10-26,19.417856961123594,19.417856961123594,19.289261478625942,19.360210418701172,16576200,XLK
2015-10-27,19.315868783004994,19.36908006742447,19.227182181268383,19.249353408813477,15358000,XLK
2015-10-28,19.33803798731983,19.537582397460938,19.280391448488828,19.537582397460938,29559200,XLK
2015-10-29,19.42229677626163,19.510983402767366,19.364650215299392,19.484376907348633,15218000,XLK
2015-10-30,19.51541351740393,19.519848778300076,19.351344386931004,19.35577964782715,18679000,XLK
2015-11-02,19.391250819766142,19.53758396277894,19.342473105428542,19.528715133666992,27486600,XLK
2015-11-03,19.466633872415844,19.701651909563694,19.43115855806201,19.63070297241211,13758000,XLK
2015-11-04,19.675045218381545,19.706085272339035,19.604096281970705,19.652873992919922,14597200,XLK
2015-11-05,19.670614309167007,19.76816974425389,19.55532121469046,19.595230102539062,13457600,XLK
2015-11-06,19.57305656911438,19.670611992712924,19.50210763146711,19.6617431640625,13737800,XLK
2015-11-09,19.604098394599145,19.604098394599145,19.37794916402997,19.4710693359375,20292400,XLK
2015-11-10,19.36021355189173,19.364647121308124,19.262658109166694,19.34247589111328,34546600,XLK
2015-11-11,19.38681778876984,19.48437152859494,19.30256475564732,19.33360481262207,16402200,XLK
2015-11-12,19.24048643157441,19.333606611161304,19.16066865148382,19.165103912353516,16068000,XLK
2015-11-13,19.098583513551944,19.12518999711001,18.783747736783273,18.78818130493164,30089800,XLK
2015-11-16,18.75714679221972,19.080851492431236,18.748277961748062,19.076417922973633,18158400,XLK
2015-11-17,19.116324010531134,19.2271818378327,19.040939808356843,19.080848693847656,18788800,XLK
2015-11-18,19.169535163745568,19.386817248064965,19.147363936747148,19.36907958984375,20333600,XLK
2015-11-19,19.386820440907552,19.55088957758408,19.382385179843702,19.4577693939209,18735000,XLK
2015-11-20,19.537578870019132,19.608527792864606,19.515405957240876,19.599658966064453,14576400,XLK
2015-11-23,19.61297243120412,19.621841263010364,19.413427944455385,19.484376907348633,14454200,XLK
2015-11-24,19.3380409553711,19.550887795004535,19.293696806558103,19.488807678222656,22606800,XLK
2015-11-25,19.493246721531555,19.49768198343655,19.42229775506278,19.426733016967773,13153200,XLK
2015-11-27,19.448898108086603,19.50654465374394,19.41785805078409,19.4710693359375,7601400,XLK
2015-11-30,19.497679432467287,19.555324297235934,19.426730475281083,19.493244171142578,34051200,XLK
2015-12-01,19.573053784688344,19.670609194408833,19.533144907216858,19.666173934936523,15558000,XLK
2015-12-02,19.6883501219376,19.76373262993893,19.519845756652785,19.542016983032227,19394200,XLK
2015-12-03,19.595233654229528,19.652880211916404,19.196146394964106,19.28926658630371,23708600,XLK
2015-12-04,19.346911831265786,19.799212047655786,19.30700293889148,19.763736724853516,25680400,XLK
2015-12-07,19.741558121963045,19.759295776740565,19.573053784688344,19.666173934936523,25629800,XLK
2015-12-08,19.497676366801837,19.670614317029482,19.44002981954052,19.617403030395508,22756600,XLK
2015-12-09,19.53315014436302,19.679483298177985,19.236051959184245,19.329172134399414,32507800,XLK
2015-12-10,19.38239097595215,19.52872418680216,19.32474609733576,19.38239097595215,18146800,XLK
2015-12-11,19.169538391545032,19.21831611408855,18.965560362323476,18.978862762451172,33920600,XLK
2015-12-14,18.974422146350932,19.129622395391884,18.77931132863563,19.12518882751465,42068400,XLK
2015-12-15,19.271529898767167,19.342478861218993,19.18284327281321,19.209449768066406,34043800,XLK
2015-12-16,19.329171447824244,19.50654465374394,19.13406227455758,19.4710693359375,36347600,XLK
2015-12-17,19.55088872175378,19.55088872175378,19.16066865148382,19.165103912353516,24217200,XLK
2015-12-18,19.109849360806194,19.149958719844506,18.76223434912305,18.79343032836914,45627800,XLK
2015-12-21,18.94940221526521,18.99842492897724,18.824618362218214,18.98505401611328,22326600,XLK
2015-12-22,19.05636143539184,19.154406873710645,18.967231073341306,19.123210906982422,18965200,XLK
2015-12-23,19.225711444084304,19.301474288977122,19.163319513027055,19.283647537231445,16090600,XLK
2015-12-24,19.297018996667823,19.323759127398173,19.252453812170064,19.274736404418945,4865600,XLK
2015-12-28,19.203429794519568,19.27473510494036,19.096470978862026,19.26136589050293,14354400,XLK
2015-12-29,19.377240964525658,19.573330189538606,19.337131611676067,19.524309158325195,13618400,XLK
2015-12-30,19.51539471064275,19.51539471064275,19.359413146972656,19.359413146972656,14393000,XLK
2015-12-31,19.292565150984252,19.305934367703934,19.087562561035156,19.087562561035156,17669000,XLK
2016-01-04,18.744400008381653,18.842443737443414,18.54385331248995,18.837987899780273,43277200,XLK
2016-01-05,18.895924029940495,18.94048920687684,18.704290709019656,18.788965225219727,32134400,XLK
2016-01-06,18.512655287105712,18.682004300286504,18.44580582923538,18.557220458984375,27716800,XLK
2016-01-07,18.17841446248643,18.41461297335734,18.000150344814255,18.009063720703125,33681400,XLK
2016-01-08,18.165039735439688,18.227433353564177,17.844166771060774,17.8664493560791,38466200,XLK
2016-01-11,17.99123797660783,18.062543287659963,17.75949529067523,17.982324600219727,38270200,XLK
2016-01-12,18.173955183821437,18.23634710901504,17.964496820678985,18.196239471435547,31683200,XLK
2016-01-13,18.329939280511855,18.329939280511855,17.67482057353339,17.706016540527344,43924600,XLK
2016-01-14,17.78177732534716,18.17841317399892,17.567859719282,18.040258407592773,39591200,XLK
2016-01-15,17.451992610959696,17.701562066191652,17.318295356391904,17.532211303710938,40355600,XLK
2016-01-19,17.737217048615086,17.768413023595855,17.39405962377349,17.55004119873047,39317600,XLK
2016-01-20,17.251441243424274,17.58568514005506,16.948393307808175,17.41187858581543,59263600,XLK
2016-01-21,17.509925842285156,17.763951094357697,17.291552392231146,17.509925842285156,44271400,XLK
2016-01-22,17.84417111901721,18.000150952204223,17.81743099044829,17.995695114135742,22496400,XLK
2016-01-25,17.897658143723977,18.05363805070717,17.755047457324064,17.786243438720703,20961200,XLK
2016-01-26,17.857537876792176,18.000148476103547,17.746123239826886,17.960039138793945,22947400,XLK
2016-01-27,17.812968611802482,17.919925686700243,17.509920732838737,17.590139389038086,36044800,XLK
2016-01-28,17.848628372676036,17.884281880262307,17.60351645820526,17.817432403564453,35133600,XLK
2016-01-29,17.96449333269053,18.392325050995183,17.92883983947241,18.378955841064453,32226600,XLK
2016-02-01,18.30319780061228,18.530484629137323,18.289828587188186,18.44580841064453,29594600,XLK
2016-02-02,18.392333828783173,18.396789667535934,18.058089820579088,18.116025924682617,27902400,XLK
2016-02-03,18.231897178331305,18.24081055625423,17.81297861627184,18.09374237060547,43012400,XLK
2016-02-04,18.058091787154574,18.231898418340243,17.919936970032392,18.111570358276367,36405800,XLK
2016-02-05,18.04026282661321,18.071458797628328,17.532212212877944,17.603517532348633,47554800,XLK
2016-02-08,17.309377967608047,17.398510016679325,17.050895195306577,17.3494873046875,49642800,XLK
2016-02-09,17.14002665418816,17.514379887355325,17.113288230424175,17.269268035888672,49510600,XLK
2016-02-10,17.416342838959046,17.61688789422676,17.287101407746455,17.2960147857666,33950000,XLK
2016-02-11,17.082092600321506,17.37176963037596,17.046439101208854,17.26035499572754,49254600,XLK
2016-02-12,17.39851342796187,17.514383924436263,17.300467984754697,17.501014709472656,21786800,XLK
2016-02-16,17.697100845903268,17.817428859996628,17.59905711964579,17.812973022460938,20586600,XLK
2016-02-17,17.915471008552245,18.21406137033624,17.893188424845587,18.178409576416016,22257400,XLK
2016-02-18,18.240813993147565,18.263096592126814,18.071463180809292,18.10711669921875,23156800,XLK
2016-02-19,18.040262794321322,18.173960055582928,17.995697607251756,18.120481491088867,17158600,XLK
2016-02-22,18.28537453284413,18.387875822078776,18.25863610090207,18.36113739013672,13181400,XLK
2016-02-23,18.285372845237756,18.30319959825578,18.035805103196378,18.071456909179688,16379000,XLK
2016-02-24,17.87536230320485,18.245257965821747,17.781774428331534,18.209606170654297,20288800,XLK
2016-02-25,18.27199838781318,18.44580492973768,18.129387804692964,18.436891555786133,18806800,XLK
2016-02-26,18.539396684694264,18.557223436326808,18.347763354775932,18.38787269592285,19545200,XLK
2016-02-29,18.370045386494077,18.54385194341743,18.258630752563477,18.258630752563477,27203800,XLK
2016-03-01,18.414613232796736,18.802335739135742,18.38787310475339,18.802335739135742,24608400,XLK
2016-03-02,18.735485966845886,18.85581398010254,18.704290004155546,18.85581398010254,17496200,XLK
2016-03-03,18.864727355164415,18.869183192669123,18.708745841660253,18.85581398010254,15767800,XLK
2016-03-04,18.860269572636373,18.998424334222324,18.78450843567315,18.904834747314453,15771800,XLK
2016-03-07,18.7978786006175,18.873639741419794,18.65081045663301,18.788965225219727,31627000,XLK
2016-03-08,18.677549633222448,18.829073607175783,18.60624433371808,18.673093795776367,23401000,XLK
2016-03-09,18.699829407377244,18.83798414815606,18.699829407377244,18.833526611328125,24321200,XLK
2016-03-10,18.91375190430776,18.998428133201624,18.58396546561908,18.81570816040039,25856800,XLK
2016-03-11,19.00288544376962,19.10984427274475,18.958320256727514,19.10538673400879,17640200,XLK
2016-03-14,19.047447589343413,19.163318066840752,19.038534214143237,19.12766456604004,20121800,XLK
2016-03-15,19.051908338088424,19.216801571666416,19.04299496059057,19.198976516723633,12642200,XLK
2016-03-16,19.109837408655043,19.452994665789422,19.105379871520196,19.421798706054688,29513800,XLK
2016-03-17,19.38615182965485,19.555502597514916,19.36386923652789,19.49311065673828,18734200,XLK
2016-03-18,19.56925029964009,19.582688804789203,19.43935727994005,19.524459838867188,18828800,XLK
2016-03-21,19.479674029188526,19.60060864387981,19.47071559316566,19.591651916503906,16007000,XLK
2016-03-22,19.502061762614176,19.672266855631023,19.502061762614176,19.59612274169922,26225800,XLK
2016-03-23,19.569256332722336,19.591653278660182,19.44384163697638,19.484153747558594,21350200,XLK
2016-03-24,19.39904754682197,19.537899017333984,19.37217224189379,19.537899017333984,13486400,XLK
2016-03-28,19.55581388120737,19.582689183378623,19.45279445252079,19.48862648010254,12816000,XLK
2016-03-29,19.45279332993873,19.80664376586388,19.430398100411697,19.79320526123047,20163000,XLK
2016-03-30,19.896225648767672,20.008203510479277,19.864871984180148,19.909664154052734,21976600,XLK
2016-03-31,19.882792954806586,19.967897240801896,19.83352241210339,19.869356155395508,29189800,XLK
2016-04-01,19.73049203284471,20.030593486402243,19.712575171124207,20.021635055541992,19309800,XLK
2016-04-04,19.990285862416147,20.035076318065816,19.90518160457687,19.945493698120117,15292400,XLK
2016-04-05,19.81560248355598,19.864871305763362,19.71258135069066,19.752893447875977,21452200,XLK
2016-04-06,19.75737173401588,19.945493698120117,19.685705979788594,19.945493698120117,22277000,XLK
2016-04-07,19.802167914639025,19.842480019836838,19.582692226398475,19.658836364746094,21261800,XLK
2016-04-08,19.761855809441208,19.838001656435683,19.591650661847638,19.658836364746094,17525600,XLK
2016-04-11,19.743936623772463,19.86039284358646,19.605083465576172,19.605083465576172,16277200,XLK
2016-04-12,19.640918913074934,19.757376861823616,19.50654580260452,19.739459991455078,19184000,XLK
2016-04-13,19.85591269473205,19.9723689040689,19.833515758364733,19.941015243530273,15753200,XLK
2016-04-14,19.91414727502218,19.999251563791706,19.86935680309389,19.936542510986328,13005400,XLK
2016-04-15,19.90966405646498,19.963412951402056,19.820081425805473,19.860393524169922,12921800,XLK
2016-04-18,19.802162189665548,19.945493698120117,19.770808528981508,19.945493698120117,14225800,XLK
2016-04-19,19.98133058447944,20.003725815840337,19.721541116482484,19.833518981933594,12942000,XLK
2016-04-20,19.851437469449397,19.963415344032775,19.793208496244947,19.87383270263672,13755600,XLK
2016-04-21,19.842483820071717,19.887276005896144,19.75290115707004,19.80217170715332,22555800,XLK
2016-04-22,19.48863097007368,19.58717205875782,19.35425784555248,19.457277297973633,29848800,XLK
2016-04-25,19.403521072015074,19.47070846325999,19.35425054625498,19.461750030517578,18715000,XLK
2016-04-26,19.484145341548164,19.52893579680583,19.304980103224818,19.36768913269043,14734800,XLK
2016-04-27,19.12134046100405,19.300505736415097,19.049674692568967,19.27811050415039,25559200,XLK
2016-04-28,19.30946592495174,19.376651627848418,18.9735322845278,19.036239624023438,45339200,XLK
2016-04-29,18.928746926486028,18.960102316176684,18.731666401550655,18.870519638061523,23792400,XLK
2016-05-02,18.910825705181672,19.03176202563313,18.830201491547363,19.00936508178711,25105400,XLK
2016-05-03,18.87946891419659,18.91978101435186,18.771969410900322,18.83467674255371,25062400,XLK
2016-05-04,18.749573702487048,18.83019790074683,18.722698400184925,18.776447296142578,22491400,XLK
2016-05-05,18.830202107879387,18.87499257974363,18.74061945550392,18.785409927368164,27119800,XLK
2016-05-06,18.70478747426081,18.924264907836914,18.70478747426081,18.924264907836914,18459800,XLK
2016-05-09,18.933223344783606,19.013847568656693,18.910828106740446,18.924264907836914,15082400,XLK
2016-05-10,18.982488432043613,19.170610427856445,18.960093200443985,19.170610427856445,27840400,XLK
2016-05-11,19.121344022526312,19.228843549525035,19.031763076782227,19.031763076782227,14304200,XLK
2016-05-12,19.103420802282244,19.103420802282244,18.85706817943665,18.978004455566406,18673000,XLK
2016-05-13,18.973528952478745,19.08998517556956,18.883946322368438,18.906341552734375,21842600,XLK
2016-05-16,18.924259462967267,19.215402599702344,18.924259462967267,19.170610427856445,12788400,XLK
2016-05-17,19.112377526161815,19.206440213360267,18.919777207117715,18.978004455566406,19880200,XLK
2016-05-18,18.928737358943568,19.16165152085738,18.90186376514552,19.01384162902832,21807000,XLK
2016-05-19,18.96905299923288,18.99144994310755,18.79884784458445,18.910825729370117,17269600,XLK
2016-05-20,19.013840867920067,19.18404769262973,19.00040236291237,19.13925552368164,11746000,XLK
2016-05-23,19.130301485860517,19.210925699847248,19.085511015266523,19.10342788696289,16855400,XLK
2016-05-24,19.179565379393804,19.49310369079285,19.179565379393804,19.461750030517578,18923000,XLK
2016-05-25,19.54237385488581,19.658830061089247,19.51549855715595,19.59612274169922,19629400,XLK
2016-05-26,19.596129025248796,19.690190034494744,19.55581692005098,19.658836364746094,13034200,XLK
2016-05-27,19.654354094814707,19.779768748881693,19.63195886496653,19.752893447875977,15576000,XLK
2016-05-31,19.770810031703437,19.820080561850798,19.676749042502014,19.79320526123047,24742800,XLK
2016-06-01,19.726029199615194,19.797694994264905,19.694675521246403,19.743946075439453,13771000,XLK
2016-06-02,19.663311581625734,19.72601890563965,19.56477052466305,19.72601890563965,15529000,XLK
2016-06-03,19.69914741498276,19.726022719890985,19.573732742704575,19.681230545043945,16609400,XLK
2016-06-06,19.694666765959123,19.788727759250573,19.676749898099832,19.71706199645996,17271200,XLK
2016-06-07,19.779763038958052,19.842470347889513,19.775284677739815,19.797679901123047,8818800,XLK
2016-06-08,19.79320717184778,19.86935300996575,19.761853505754104,19.83799934387207,16317000,XLK
2016-06-09,19.757373335024212,19.86487112075288,19.743936538969756,19.84247589111328,25839000,XLK
2016-06-10,19.6901912689209,19.75737868467835,19.62300556181041,19.6901912689209,16565200,XLK
2016-06-13,19.515505038203383,19.631962991728503,19.466234496992513,19.470714569091797,23566200,XLK
2016-06-14,19.425922191089512,19.54685850682042,19.376651650386528,19.515504837036133,16841200,XLK
2016-06-15,19.546864163016398,19.587176279924986,19.44384468839386,19.46623992919922,14156200,XLK
2016-06-16,19.36769643898933,19.537901600093985,19.26019691371277,19.506547927856445,19192600,XLK
2016-06-17,19.46648935708305,19.51149789424381,19.290953658404202,19.3764705657959,22930400,XLK
2016-06-20,19.54750014816684,19.628516863970876,19.45298121871717,19.457481384277344,13712000,XLK
2016-06-21,19.515997283949662,19.637522379111285,19.49799318460007,19.592512130737305,11487800,XLK
2016-06-22,19.597014300014052,19.669028981497835,19.502495352497615,19.524999618530273,12990400,XLK
2016-06-23,19.651024850307866,19.808556429248796,19.57901016893981,19.79055404663086,19526800,XLK
2016-06-24,19.09290840951751,19.416975310861446,18.98938741980271,19.029895782470703,47246000,XLK
2016-06-27,18.890366126882657,18.890366126882657,18.570799428613135,18.647315979003906,36818000,XLK
2016-06-28,18.85436210112051,19.016395568847656,18.822855784280843,19.016395568847656,26489400,XLK
2016-06-29,19.14692267885901,19.340462463012642,19.142420795339813,19.308956146240234,21008400,XLK
2016-06-30,19.353962751067908,19.529498417584072,19.30895422215388,19.520496368408203,26710600,XLK
2016-07-01,19.53399966883149,19.624016723747967,19.506993522177392,19.565505981445312,14949400,XLK
2016-07-05,19.461990459053677,19.488994896324538,19.362969610485194,19.42148208618164,17361400,XLK
2016-07-06,19.358463548846405,19.561005369499185,19.290950753272394,19.55650520324707,15701600,XLK
2016-07-07,19.53850110430785,19.646523980977793,19.484490524455566,19.55650520324707,12332200,XLK
2016-07-08,19.651020258652323,19.87606629996395,19.62851599791417,19.862564086914062,25496000,XLK
2016-07-11,19.92558459377482,20.024605440590395,19.907580491269126,19.979595184326172,11663600,XLK
2016-07-12,20.11461639779509,20.168628688874836,20.05160377516724,20.14162254333496,32085600,XLK
2016-07-13,20.200140005268285,20.21364222290113,20.13262548317282,20.146127700805664,21218800,XLK
2016-07-14,20.25865109535767,20.321665451608265,20.21364255785861,20.276655197143555,30976600,XLK
2016-07-15,20.344166530291552,20.344166530291552,20.2001371725203,20.258647918701172,9729600,XLK
2016-07-18,20.290155765169636,20.416181022827843,20.2541475675728,20.3936767578125,8214400,XLK
2016-07-19,20.357667286262632,20.39817564754144,20.317158924983826,20.348665237426758,8915800,XLK
2016-07-20,20.506200410797906,20.65022977154561,20.479194261795683,20.614221572875977,10769800,XLK
2016-07-21,20.618723837882765,20.645728270419475,20.456690374800708,20.506200790405273,10946800,XLK
2016-07-22,20.492696572526505,20.62772560119629,20.44768804094686,20.62772560119629,9414600,XLK
2016-07-25,20.591711682649862,20.64122208381434,20.53770111636359,20.6007137298584,8489600,XLK
2016-07-26,20.623222892703367,20.70873978606925,20.54670804868632,20.645727157592773,18115400,XLK
2016-07-27,20.870775416301488,20.870775416301488,20.71774399534774,20.81676483154297,21820200,XLK
2016-07-28,20.843770886366208,20.893279587270175,20.74925021726739,20.83026695251465,12658600,XLK
2016-07-29,20.92028436626925,20.95629256489166,20.843769519644752,20.906782150268555,21179400,XLK
2016-08-01,20.90678395940802,20.9878006963537,20.870775757669694,20.94729232788086,15683400,XLK
2016-08-02,20.906783619029728,20.951792153504304,20.690739563013803,20.789758682250977,22224400,XLK
2016-08-03,20.77175737098379,20.861774444580078,20.7672554871246,20.861774444580078,15961800,XLK
2016-08-04,20.866275399531222,20.983298620176225,20.848271298827207,20.97429656982422,16752400,XLK
2016-08-05,21.041808707725675,21.18583806312721,21.019304442875185,21.176836013793945,12126200,XLK
2016-08-08,21.199348649461143,21.253360966788144,21.127333943324505,21.172344207763672,10439200,XLK
2016-08-09,21.172335754554464,21.271354862854473,21.172335754554464,21.217344284057617,29836800,XLK
2016-08-10,21.226348530668343,21.23535058089392,21.122827528522485,21.14983367919922,7112400,XLK
2016-08-11,21.21734682658069,21.284861345891184,21.194842559132375,21.226348876953125,10518600,XLK
2016-08-12,21.2218405348491,21.2218405348491,21.15882620651739,21.20383644104004,6937400,XLK
2016-08-15,21.230846948001705,21.347871874326522,21.217344732258603,21.307363510131836,16561400,XLK
2016-08-16,21.271357064830706,21.271357064830706,21.14983367919922,21.14983367919922,9078000,XLK
2016-08-17,21.158833376596974,21.16783542655202,21.01930589470739,21.140830993652344,10575000,XLK
2016-08-18,21.13632974537809,21.1723379462804,21.073317110764574,21.14983367919922,7086400,XLK
2016-08-19,21.091321115658076,21.181339900540483,21.04181069812448,21.1633358001709,9576200,XLK
2016-08-22,21.104823332452508,21.18584006715012,21.068816848678853,21.1633358001709,9257400,XLK
2016-08-23,21.22634878091002,21.28936141626641,21.22184861422694,21.239850997924805,16630600,XLK
2016-08-24,21.230854449998372,21.239856502663137,21.073322820779897,21.122833251953125,13648800,XLK
2016-08-25,21.08682230379367,21.194845204781323,21.050815814774964,21.16783905029297,11825400,XLK
2016-08-26,21.15433174894346,21.329867418528746,21.06431297257616,21.176836013793945,24227200,XLK
2016-08-29,21.167835678015525,21.289360778404138,21.167835678015525,21.257854461669922,13964800,XLK
2016-08-30,21.217348834840966,21.262359090963447,21.113827821207828,21.185842514038086,11436400,XLK
2016-08-31,21.158834012459273,21.181339996505976,21.08231916099015,21.14983367919922,22322400,XLK
2016-09-01,21.145329606673364,21.235348382645018,21.050810664537536,21.217344284057617,18479200,XLK
2016-09-02,21.3208649947318,21.37037540671252,21.217344004665446,21.31186294555664,13814400,XLK
2016-09-06,21.3253666952937,21.419885635375977,21.298360547999348,21.419885635375977,30214800,XLK
2016-09-07,21.419893059662005,21.478405540597958,21.361380578726056,21.47390365600586,23170000,XLK
2016-09-08,21.397383565201178,21.401883731729033,21.24435214877195,21.298362731933594,16605200,XLK
2016-09-09,21.104823671965036,21.18134024128393,20.776256561279297,20.776256561279297,33618400,XLK
2016-09-12,20.67274092051064,21.16784179831098,20.641234594666944,21.122833251953125,38020600,XLK
2016-09-13,21.041807994963516,21.118322836256407,20.884276429380925,20.96979331970215,34717600,XLK
2016-09-14,20.9742945701216,21.199340656569106,20.969794403857417,21.068815231323242,34217400,XLK
2016-09-15,21.113821673764072,21.455890935870396,21.068813147711865,21.41538429260254,32572600,XLK
2016-09-16,21.422618572339903,21.422618572339903,21.241836297204756,21.336746215820312,31766200,XLK
2016-09-19,21.39098174070774,21.494930944553328,21.237317325443055,21.296070098876953,14242600,XLK
2016-09-20,21.368383299029894,21.409059225576478,21.25539480574134,21.282512664794922,10002200,XLK
2016-09-21,21.363867633498273,21.535610651082028,21.282515768541117,21.522050857543945,24095200,XLK
2016-09-22,21.64859744475369,21.680234087054973,21.598882228546618,21.65311622619629,20997000,XLK
2016-09-23,21.64859411946382,21.64859411946382,21.42713593330379,21.463293075561523,23973000,XLK
2016-09-26,21.37290336047436,21.40905878106086,21.29607029011828,21.336746215820312,19240800,XLK
2016-09-27,21.363865568213804,21.580803279105172,21.30963157150788,21.57176399230957,17569000,XLK
2016-09-28,21.589844659455146,21.621481304273697,21.476856149655237,21.612442016601562,18096800,XLK
2016-09-29,21.585320128648064,21.639555844567724,21.418097648064563,21.48137092590332,22813800,XLK
2016-09-30,21.53108136569864,21.66214839735992,21.51300279773147,21.5943546295166,18510600,XLK
2016-10-03,21.53560074976195,21.58531422298561,21.481365048680978,21.53108024597168,12462800,XLK
2016-10-04,21.603405736972466,21.639562892695494,21.377428685907756,21.454261779785156,17804400,XLK
2016-10-05,21.51300167894469,21.580795443262385,21.490404332194473,21.53108024597168,18015200,XLK
2016-10-06,21.5491700853649,21.603404090748626,21.454260144926394,21.580806732177734,10011800,XLK
2016-10-07,21.598883940700297,21.62600007964079,21.418101635447098,21.522050857543945,12147800,XLK
2016-10-10,21.63503692993373,21.720909291085253,21.62147886199092,21.671194076538086,13315600,XLK
2016-10-11,21.671196787481634,21.698312926759332,21.332231253967535,21.427141189575195,17454600,XLK
2016-10-12,21.44521450443266,21.522045845629187,21.336744801726894,21.463293075561523,11040800,XLK
2016-10-13,21.32319232341398,21.395504902812394,21.146930518884584,21.32771110534668,19338400,XLK
2016-10-14,21.41357812205728,21.553682739806256,21.390980769910747,21.4090576171875,18896600,XLK
2016-10-17,21.409050050257687,21.454246462643745,21.35029730025608,21.363855361938477,10150200,XLK
2016-10-18,21.522046850809307,21.57628256672897,21.454254792011007,21.48137092590332,10117800,XLK
2016-10-19,21.46781685559512,21.544648214683633,21.427140923116543,21.522050857543945,10070000,XLK
2016-10-20,21.467819307453805,21.476858596155633,21.31867362997568,21.422624588012695,12296000,XLK
2016-10-21,21.454254792011007,21.494930716916993,21.395500295131797,21.48137092590332,16153800,XLK
2016-10-24,21.59436597924731,21.702835719993544,21.576289125846305,21.68927764892578,10786200,XLK
2016-10-25,21.720911744599324,21.720911744599324,21.57176608411088,21.612442016601562,8724800,XLK
2016-10-26,21.431657257315443,21.60792076063767,21.42261969474597,21.49041175842285,12559400,XLK
2016-10-27,21.585319120512786,21.589839625328718,21.436175218868225,21.463293075561523,17642200,XLK
2016-10-28,21.522042828872028,21.662149149380806,21.38645701254554,21.440690994262695,20837800,XLK
2016-10-31,21.49492897321373,21.526565609566696,21.43165397644043,21.43165397644043,11760000,XLK
2016-11-01,21.476850615489163,21.49944796681268,21.10172803206268,21.246353149414062,18130600,XLK
2016-11-02,21.246358955609193,21.30963397030116,21.061057865609524,21.11077308654785,16334600,XLK
2016-11-03,21.052019376415586,21.09721408942665,20.898354938483074,20.907392501831055,20251400,XLK
2016-11-04,20.88931346673995,21.038457383335192,20.817000899043066,20.871234893798828,16308000,XLK
2016-11-07,21.178563646962967,21.33222806817019,21.128848433621275,21.32318878173828,26452000,XLK
2016-11-08,21.282516033201276,21.51753234332586,21.259918675780572,21.427141189575195,19560000,XLK
2016-11-09,21.101731036844626,21.436177745885377,20.988742540070643,21.400020599365234,54258800,XLK
2016-11-10,21.5220458128986,21.5220458128986,20.76276306731527,21.056533813476562,79031000,XLK
2016-11-11,20.939027648719353,21.16500462714766,20.939027648719353,21.119808197021484,28183200,XLK
2016-11-14,21.13789093421463,21.15144900389029,20.699494957977812,20.798925399780273,37942000,XLK
2016-11-15,20.93903251030252,21.16500954119773,20.929993222178563,21.092695236206055,34741600,XLK
2016-11-16,21.042981112577355,21.300594782220447,21.015863249010973,21.28703498840332,20248400,XLK
2016-11-17,21.305115558956953,21.440701441348317,21.26443962183274,21.422624588012695,17048200,XLK
2016-11-18,21.472333078966646,21.517529511928707,21.363865087992963,21.404541015625,17646000,XLK
2016-11-21,21.48137646629423,21.63956142575707,21.449739819215253,21.621482849121094,17951000,XLK
2016-11-22,21.693796431259024,21.72543307979583,21.639562422919926,21.68927764892578,16977600,XLK
2016-11-23,21.675709928754113,21.675709928754113,21.526566029334326,21.603397369384766,16233600,XLK
2016-11-25,21.616960989476866,21.69831112462134,21.594361909865256,21.69379234313965,6219000,XLK
2016-11-28,21.67571114238997,21.811296983290607,21.662153075520163,21.711868286132812,14975600,XLK
2016-11-29,21.698302148293973,21.829369169922504,21.64858867629036,21.725419998168945,11856800,XLK
2016-11-30,21.757061822602132,21.757061822602132,21.46329280378138,21.467811584472656,23633200,XLK
2016-12-01,21.440699236874835,21.49493496350944,20.966147835263104,21.02490234375,43731200,XLK
2016-12-02,21.00681472996028,21.151439823958135,20.957099530635933,21.10172462463379,20105400,XLK
2016-12-05,21.219240293482628,21.35934492775957,21.133367931501112,21.305110931396484,18010000,XLK
2016-12-06,21.354829152307765,21.404544374333312,21.268958502306845,21.36838722229004,18509600,XLK
2016-12-07,21.354829075752225,21.793225060331828,21.34127100581855,21.775146484375,19945800,XLK
2016-12-08,21.78417770691471,21.924282308537627,21.72542321884241,21.82937240600586,19354200,XLK
2016-12-09,21.910729105182025,21.98756217956543,21.87457368270038,21.98756217956543,24615000,XLK
2016-12-12,21.919767379760742,21.969482591936785,21.85197359514477,21.919767379760742,19170200,XLK
2016-12-13,22.014675199472716,22.303925434656204,22.001117133469553,22.195457458496094,27934000,XLK
2016-12-14,22.20901486032901,22.294887206627394,22.073429032149928,22.118623733520508,35830000,XLK
2016-12-15,22.145745064463807,22.331046127673144,22.109587918438756,22.21805763244629,23140000,XLK
2016-12-16,22.279793316070375,22.284332039154254,22.02558153147046,22.057357788085938,21131400,XLK
2016-12-19,22.075518891641604,22.288873536663555,22.057360533693597,22.21624183654785,13254000,XLK
2016-12-20,22.27525557044549,22.33426936776987,22.24347930996536,22.29795265197754,11413000,XLK
2016-12-21,22.28886509558882,22.29794427112443,22.20715424744404,22.25255012512207,9247400,XLK
2016-12-22,22.252549196095284,22.26616709299232,22.13906210415172,22.2071533203125,22210400,XLK
2016-12-23,22.184468220202522,22.23440284467322,22.143612775787997,22.2298641204834,12717400,XLK
2016-12-27,22.25256455958195,22.425065543302466,22.243485378156997,22.320655822753906,13681400,XLK
2016-12-28,22.34788489912116,22.379661156229655,22.11183146654652,22.12091064453125,15555200,XLK
2016-12-29,22.120911586602176,22.184464103525702,22.07097697139763,22.125452041625977,9593000,XLK
2016-12-30,22.175381390353085,22.175381390353085,21.884854655483977,21.95294761657715,17003200,XLK
2017-01-03,22.09367251656404,22.22531799628902,22.01650210328283,22.148147583007812,27881200,XLK
2017-01-04,22.166310653037453,22.257098986401317,22.15269101769171,22.225322723388672,14446200,XLK
2017-01-05,22.20262103686757,22.316108161720027,22.175383503499585,22.261634826660156,11005800,XLK
2017-01-06,22.261636614885166,22.456834623845275,22.19808409693094,22.425058364868164,17501200,XLK
2017-01-09,22.43867723294118,22.493150574722208,22.406900972595892,22.42051887512207,16627000,XLK
2017-01-10,22.425058364868164,22.502228784762224,22.347886213297862,22.425058364868164,15471600,XLK
2017-01-11,22.38420512914273,22.529468536376953,22.35696759090766,22.529468536376953,15173000,XLK
2017-01-12,22.443210777017466,22.502224560471973,22.261632435760713,22.474987030029297,13725400,XLK
2017-01-13,22.474984516219486,22.583932894128477,22.474984516219486,22.54307746887207,9665800,XLK
2017-01-17,22.484066777852,22.520383486031204,22.40689637048513,22.456830978393555,9651600,XLK
2017-01-18,22.520386707451273,22.547622510805652,22.46137291405644,22.515846252441406,12315400,XLK
2017-01-19,22.51584608234294,22.597556955141197,22.44321438781962,22.48406982421875,14500000,XLK
2017-01-20,22.58394087303408,22.665651752415346,22.54762415700848,22.606637954711914,17510800,XLK
2017-01-23,22.583938939151718,22.656570633307066,22.488610165262106,22.647491455078125,23955200,XLK
2017-01-24,22.62933261908172,22.824530617677063,22.620255172721322,22.78821563720703,13021800,XLK
2017-01-25,22.91078427081371,23.006113052368164,22.89262591289582,23.006113052368164,18395600,XLK
2017-01-26,23.001574173033443,23.01973253219548,22.879009577880797,22.942562103271484,14253000,XLK
2017-01-27,23.024268905524853,23.074203518528616,22.98341347049233,23.033348083496094,12046000,XLK
2017-01-30,22.956181424298705,22.956181424298705,22.74282502016159,22.84723472595215,16893200,XLK
2017-01-31,22.77459928448547,22.79729809868416,22.6338763338414,22.733745574951172,19115600,XLK
2017-02-01,22.942559084150453,22.978874066019223,22.779137336550455,22.90624237060547,23362200,XLK
2017-02-02,22.838148488294,22.90170099796972,22.742817992104406,22.8608455657959,17197800,XLK
2017-02-03,22.947098116881293,23.04242689370779,22.942559393465086,23.010650634765625,13667200,XLK
2017-02-06,22.978871310168362,23.028805919465963,22.91985925524939,23.024267196655273,13453000,XLK
2017-02-07,23.069668544658104,23.14230025400794,23.051510184401508,23.115062713623047,20106200,XLK
2017-02-08,23.11505506073064,23.192227200432878,23.051502552549955,23.15591049194336,12706200,XLK
2017-02-09,23.155912543491468,23.287558025915427,23.155912543491468,23.228544235229492,9739200,XLK
2017-02-10,23.283018680732642,23.332953292157693,23.22400489162339,23.2966365814209,8355800,XLK
2017-02-13,23.337499941277926,23.42829001727887,23.305723674429096,23.401052474975586,13159400,XLK
2017-02-14,23.37380822763616,23.47821617126465,23.30571526229426,23.47821617126465,12467600,XLK
2017-02-15,23.460062526368482,23.57354967027248,23.43736544392296,23.555391311645508,11895000,XLK
2017-02-16,23.587160483580863,23.67341179529539,23.555384231373154,23.6098575592041,14123000,XLK
2017-02-17,23.58262361774335,23.691570281982422,23.546306908546324,23.691570281982422,14175400,XLK
2017-02-21,23.741506720162523,23.823217590474236,23.705191739844064,23.814138412475586,15237400,XLK
2017-02-22,23.79144073904493,23.85953370649588,23.741506127137708,23.84137535095215,13769600,XLK
2017-02-23,23.873150663509136,23.891309018334994,23.732426011122783,23.836833953857422,13405400,XLK
2017-02-24,23.696109855325023,23.900387007772192,23.682490224044585,23.891307830810547,15544200,XLK
2017-02-27,23.886774263197392,23.886774263197392,23.823221737819228,23.877695083618164,15951200,XLK
2017-02-28,23.836841457806656,23.859540274322686,23.727894757906636,23.764209747314453,15243000,XLK
2017-03-01,23.90946888563909,24.131904433246923,23.854995545446336,24.100128173828125,18190600,XLK
2017-03-02,24.077434080630137,24.081972804677598,23.92763021191677,23.94124984741211,14340200,XLK
2017-03-03,23.923088213115573,23.99571990966797,23.873153597046503,23.99571990966797,15714000,XLK
2017-03-06,23.89585147156362,24.000259430597293,23.854996032665547,23.95940399169922,13430400,XLK
2017-03-07,23.941247365714975,24.059273227155906,23.923089008054433,23.95940399169922,13960800,XLK
2017-03-08,23.986642837524414,24.05927454045496,23.954866575722075,23.986642837524414,11361800,XLK
2017-03-09,23.991178887067303,24.018416422008755,23.86407385402627,23.982101440429688,15300400,XLK
2017-03-10,24.09559306384624,24.159145592214507,24.009341719623723,24.109210968017578,14709000,XLK
2017-03-13,24.109207521118055,24.159142138175817,24.08651044018533,24.13190460205078,14922400,XLK
2017-03-14,24.11374379722036,24.11374379722036,23.98663877155654,24.077428817749023,14479800,XLK
2017-03-15,24.113743691824038,24.281705882632643,24.04111200152273,24.2408504486084,17867200,XLK
2017-03-16,24.331639332992186,24.34071851095215,24.227231383966785,24.25446891784668,21956000,XLK
2017-03-17,24.34788611308953,24.38434096205862,24.297759174704492,24.306873321533203,13790800,XLK
2017-03-20,24.311435931886063,24.384347387382316,24.26131071863869,24.32966423034668,9083600,XLK
2017-03-21,24.393454873839556,24.45269595848248,23.965100407092116,23.974214553833008,29811000,XLK
2017-03-22,23.978774654579492,24.161054142326236,23.946876004975714,24.124597549438477,22766600,XLK
2017-03-23,24.08814299737733,24.16105444572239,24.02434569736866,24.060800552368164,22718800,XLK
2017-03-24,24.142826383881165,24.224851981360455,23.997003485772662,24.079029083251953,26281800,XLK
2017-03-27,23.878523032939277,24.129156030416638,23.84662438262467,24.079029083251953,13690000,XLK
2017-03-28,24.056243613537948,24.306876600931908,24.01523081644832,24.252193450927734,16907800,XLK
2017-03-29,24.243082124944593,24.30687943043361,24.188398968574894,24.293209075927734,11410200,XLK
2017-03-30,24.274976433345387,24.370672374452795,24.25674813836896,24.338773727416992,17508400,XLK
2017-03-31,24.315993579552927,24.375234679655385,24.265866628569785,24.293209075927734,12207000,XLK
2017-04-03,24.315994636738015,24.352449496454028,24.124600973603556,24.270423889160156,26035800,XLK
2017-04-04,24.170168155813972,24.28864860534668,24.16105400764284,24.28864860534668,15041600,XLK
2017-04-05,24.31143119126079,24.475482368724638,24.165608308703128,24.18839454650879,20955800,XLK
2017-04-06,24.215735702277417,24.265862645031607,24.13371011201527,24.192951202392578,13870200,XLK
2017-04-07,24.15649499614801,24.243078530771918,24.0926977001173,24.17928123474121,12938800,XLK
2017-04-10,24.192951953422405,24.25219304563875,24.083583916895755,24.133710861206055,9687200,XLK
2017-04-11,24.092695145022557,24.129151732228607,23.846620134764724,24.04256820678711,16914200,XLK
2017-04-12,24.019785845490752,24.047128288327375,23.91497575546924,23.960546493530273,17368400,XLK
2017-04-13,23.933204329290465,24.092697568495907,23.864849090576172,23.864849090576172,19533200,XLK
2017-04-17,23.937755255097873,24.092692255449613,23.937755255097873,24.08357810974121,14132000,XLK
2017-04-18,24.019787987662227,24.124598087031085,23.983333132308136,24.079029083251953,12487200,XLK
2017-04-19,24.115483704040447,24.202067244063112,24.015231549032272,24.060800552368164,14521000,XLK
2017-04-20,24.12460203637866,24.320551913730064,24.08814717505668,24.279539108276367,15163800,XLK
2017-04-21,24.288645535915776,24.29320347859835,24.183835452711932,24.22940444946289,15233000,XLK
2017-04-24,24.493710251899778,24.534723045576328,24.43902710644633,24.516494750976562,16210000,XLK
2017-04-25,24.61674821103478,24.69421585423733,24.57573541806113,24.64409065246582,20089600,XLK
2017-04-26,24.644093161377747,24.703332516323847,24.5939662161572,24.616750717163086,16294400,XLK
2017-04-27,24.68054818346638,24.73523133392226,24.657763682305266,24.717004776000977,17183400,XLK
2017-04-28,24.794475942734067,24.830932540437118,24.721564485674225,24.780805587768555,22836800,XLK
2017-05-01,24.87194016686535,24.999534755576136,24.826369429221575,24.967636108398438,15126000,XLK
2017-05-02,25.017763589011693,25.058776384600733,24.9311800547982,25.022319793701172,15070200,XLK
2017-05-03,24.940294735835515,24.994977885008247,24.862827086036315,24.97675132751465,14309000,XLK
2017-05-04,24.985870968447202,24.999541324159246,24.876502907711778,24.958528518676758,15159800,XLK
2017-05-05,24.999532790708486,25.058773875816325,24.940291705600647,25.049659729003906,13651600,XLK
2017-05-08,25.067891166776853,25.172703006361072,25.022322162185006,25.15903091430664,12140200,XLK
2017-05-09,25.186373207748606,25.259284657662267,25.140802465086264,25.190929412841797,15388600,XLK
2017-05-10,25.218271571752506,25.304853374307545,25.163588419525432,25.2866268157959,10604000,XLK
2017-05-11,25.209155502237884,25.2683965933379,25.10890161550646,25.254724502563477,18196000,XLK
2017-05-12,25.277514420079086,25.332197576097823,25.250171972896624,25.318527221679688,9307600,XLK
2017-05-15,25.35041727912048,25.45978355407715,25.3367451909917,25.45978355407715,19898600,XLK
2017-05-16,25.51903077195865,25.578271865844727,25.432448971929787,25.578271865844727,18122200,XLK
2017-05-17,25.37775980169875,25.40054603743504,24.867379759098085,24.88105010986328,37090000,XLK
2017-05-18,24.817260045917283,25.12257796253251,24.776247243337515,25.026880264282227,33644400,XLK
2017-05-19,25.163590547455687,25.25017235733242,25.136248099856935,25.172704696655273,20438200,XLK
2017-05-22,25.231942304382795,25.405107650441092,25.227386099272934,25.37320899963379,21020600,XLK
2017-05-23,25.478012825688786,25.505355264652113,25.350418253884595,25.418771743774414,13221000,XLK
2017-05-24,25.487133324517078,25.528146124011418,25.427892227837237,25.523588180541992,18643800,XLK
2017-05-25,25.60561007098265,25.76054709792719,25.55548486850146,25.70586395263672,12227000,XLK
2017-05-26,25.683077930904368,25.724090722027075,25.628394788856003,25.69219207763672,72564400,XLK
2017-05-30,25.701307306656176,25.82890188959064,25.66940866092256,25.801559448242188,11850600,XLK
2017-05-31,25.89725427660848,25.90636668437698,25.67396204267641,25.760543823242188,28492200,XLK
2017-06-01,25.815239852699023,25.824352264404297,25.664858984366393,25.824352264404297,16872400,XLK
2017-06-02,25.920044862359514,26.065867757753843,25.83801926640695,26.061309814453125,16982000,XLK
2017-06-05,26.06130685664666,26.152446590510795,26.029408210546087,26.08409309387207,13531600,XLK
2017-06-06,26.052196437855024,26.166120686902868,26.00207122848468,26.03396987915039,15370400,XLK
2017-06-07,26.093207260995033,26.1615625005856,25.979283020574726,26.11599349975586,17407400,XLK
2017-06-08,26.16156158149428,26.193460228623643,26.02940905004639,26.17523193359375,14204800,XLK
2017-06-09,26.21169617655103,26.257265189084425,25.163593243165305,25.52815055847168,70285000,XLK
2017-06-12,25.263841403940447,25.418778455619194,24.95852524411987,25.377765655517578,71412800,XLK
2017-06-13,25.50079843576265,25.642065102389477,25.37320385838728,25.560039520263672,36586800,XLK
2017-06-14,25.660294439844357,25.66485064421639,25.227382013977042,25.437002182006836,32361200,XLK
2017-06-15,25.149914730408003,25.359536654266236,25.04054843289984,25.32308006286621,29501000,XLK
2017-06-16,25.324460122882066,25.333610995674093,25.173475085189953,25.27870750427246,43222600,XLK
2017-06-19,25.470863345265613,25.6721789986743,25.457137912660485,25.65387725830078,19858400,XLK
2017-06-20,25.644727867118654,25.65845504586549,25.447988510131836,25.447988510131836,21915400,XLK
2017-06-21,25.534917390445315,25.60354629332171,25.457135872765537,25.589820861816406,24586400,XLK
2017-06-22,25.667599312550777,25.685901050515437,25.516614337716845,25.598970413208008,17585600,XLK
2017-06-23,25.576093542858615,25.823160018470585,25.534915506031663,25.759105682373047,32847200,XLK
2017-06-26,25.896368173276382,25.951273392199905,25.594396450596832,25.621849060058594,19455800,XLK
2017-06-27,25.484586236962176,25.530338834850816,25.200916290283203,25.200916290283203,25791000,XLK
2017-06-28,25.29699550758946,25.539487396120713,25.127707070926533,25.516611099243164,25952000,XLK
2017-06-29,25.397659332144666,25.397659332144666,24.857771928352868,25.059085845947266,41946800,XLK
2017-06-30,25.1643139679822,25.205492006107434,25.013327246406394,25.036205291748047,30743800,XLK
2017-07-03,25.141440167376967,25.18719277190905,24.834892131892047,24.86234474182129,33105200,XLK
2017-07-05,24.953853742664865,25.159743970643973,24.87149765147322,25.10941505432129,29618800,XLK
2017-07-06,24.88979471361098,25.017903389002203,24.82116406873722,24.880643844604492,25514800,XLK
2017-07-07,24.972150519253493,25.251244166858946,24.953848781438445,25.168888092041016,17636400,XLK
2017-07-10,25.173464427533332,25.41138178334767,25.136860951861994,25.35190200805664,11188400,XLK
2017-07-11,25.324454668458333,25.447988806517905,25.22837314286205,25.406810760498047,13713000,XLK
2017-07-12,25.58067335446171,25.75911096888245,25.566947921152458,25.736234664916992,33103800,XLK
2017-07-13,25.772836533492697,25.87806892142362,25.727082183077076,25.786561965942383,16250200,XLK
2017-07-14,25.896369791211963,26.042780226788775,25.85976805499279,26.015329360961914,13379200,XLK
2017-07-17,26.03820110586674,26.093104573258803,25.969570462614342,26.019899368286133,19674200,XLK
2017-07-18,25.969576026347493,26.138864517211914,25.905521676442095,26.138864517211914,19840400,XLK
2017-07-19,26.180036400191472,26.294419639625588,26.157158356024873,26.271541595458984,13347200,XLK
2017-07-20,26.344753996229926,26.353903121370294,26.175465510181706,26.326452255249023,20745800,XLK
2017-07-21,26.21206797115073,26.298998619398834,26.18461536074869,26.294424057006836,11610000,XLK
2017-07-24,26.280697022254877,26.381354848927188,26.22579354650181,26.358478546142578,10756200,XLK
2017-07-25,26.27611645007931,26.363047078918445,26.19376038261082,26.308143615722656,13760600,XLK
2017-07-26,26.449983887806273,26.4545584499439,26.321873458403815,26.40880584716797,21205200,XLK
2017-07-27,26.596389851862384,26.628417017505726,25.98329565256895,26.308143615722656,46094400,XLK
2017-07-28,26.17546638013262,26.331027692940257,26.15259007582123,26.280698776245117,20586200,XLK
2017-07-31,26.321868863719654,26.38134863322565,26.125129564495655,26.1525821685791,21965600,XLK
2017-08-01,26.2852783203125,26.308154627440203,26.189196783165936,26.2852783203125,16614400,XLK
2017-08-02,26.55521789172026,26.559792454137174,26.19376637353335,26.358478546142578,25147800,XLK
2017-08-03,26.395079394705544,26.395079394705544,26.22121810310389,26.29899787902832,21375600,XLK
2017-08-04,26.35390223837564,26.440834632447192,26.298998762622574,26.358478546142578,9513800,XLK
2017-08-07,26.395079688625597,26.518613815307617,26.385928818647297,26.518613815307617,15366000,XLK
2017-08-08,26.48200798034668,26.687898159603943,26.408802777205178,26.48200798034668,20921400,XLK
2017-08-09,26.31272330974319,26.4865863466854,26.29899787760432,26.468284606933594,13945600,XLK
2017-08-10,26.326452416053975,26.35390328234292,25.932973709311582,25.946699142456055,29823800,XLK
2017-08-11,25.98787396393376,26.212065901137212,25.955846793668965,26.125133514404297,29936200,XLK
2017-08-14,26.36305105614268,26.57809212534668,26.308147584663956,26.541488647460938,19517000,XLK
2017-08-15,26.59639548216049,26.642148086950925,26.500312219540575,26.58266830444336,14105200,XLK
2017-08-16,26.623846501364735,26.75653149951683,26.573519333943256,26.660449981689453,18111800,XLK
2017-08-17,26.55979409964747,26.600972145350962,26.138864517211914,26.138864517211914,25937800,XLK
2017-08-18,26.138862751389006,26.29442405294316,26.010752314882634,26.11141014099121,33393000,XLK
2017-08-21,26.12971702009368,26.157167890540123,25.928401328284497,26.102264404296875,15957200,XLK
2017-08-22,26.23951491141642,26.509459431267693,26.22121491923564,26.491159439086914,16922400,XLK
2017-08-23,26.344750616801456,26.500310159134145,26.335599747484853,26.427104949951172,17847400,XLK
2017-08-24,26.49116250846538,26.518613372592004,26.27154512335265,26.40423011779785,16187800,XLK
2017-08-25,26.49116516520735,26.56894494849976,26.344754724015644,26.399658203125,16666200,XLK
2017-08-28,26.46370712007515,26.50030885018381,26.376776483886033,26.449981689453125,11986600,XLK
2017-08-29,26.234946734683927,26.60097284762812,26.202919558885696,26.56437110900879,17379600,XLK
2017-08-30,26.591820491106457,26.774834410029726,26.532342451003963,26.756532669067383,15308000,XLK
2017-08-31,26.82058657977045,26.962422451890824,26.788559406283596,26.916669845581055,18851600,XLK
2017-09-01,26.985294326987287,27.008170626388363,26.86176021580174,26.893787384033203,12026200,XLK
2017-09-05,26.816013782996638,26.866342700461356,26.47743853982045,26.65587615966797,23803400,XLK
2017-09-06,26.738234762499125,26.774838249672932,26.56437343447454,26.678756713867188,18227400,XLK
2017-09-07,26.765679573244178,26.82515934988267,26.669598065454952,26.770254135131836,15387600,XLK
2017-09-08,26.7290777014797,26.765681180177825,26.532340112202036,26.550640106201172,12518400,XLK
2017-09-11,26.761101381714965,26.953264371230112,26.761101381714965,26.925811767578125,14074600,XLK
2017-09-12,27.00359931833288,27.040201052714824,26.86633976003813,26.9898738861084,15723400,XLK
2017-09-13,26.95784261303923,26.96241892028082,26.848035674138565,26.95326805114746,16256600,XLK
2017-09-14,26.85261213070925,26.985297124480276,26.802284964949504,26.86176300048828,15253400,XLK
2017-09-15,26.83834898973854,26.994466057875588,26.792431174647913,26.971508026123047,26247600,XLK
2017-09-18,27.012828182205702,27.0954767308945,26.8934436366609,26.994461059570312,20824000,XLK
2017-09-19,27.035784371981357,27.168941623073657,26.96690854257302,27.113842010498047,11232200,XLK
2017-09-20,27.109251357465556,27.118434918244215,26.815384418888986,27.003643035888672,17901600,XLK
2017-09-21,26.994462264049893,26.994462264049893,26.769469380690378,26.856712341308594,16209200,XLK
2017-09-22,26.76947358455156,26.90722352892502,26.755699115589884,26.87049102783203,9649600,XLK
2017-09-25,26.783247054692215,26.783247054692215,26.434278696424183,26.55366325378418,27146200,XLK
2017-09-26,26.696001504320083,26.760284682096035,26.567435148768176,26.65008544921875,18106600,XLK
2017-09-27,26.769473363309153,27.00364984323565,26.728148205180098,26.92099952697754,15271000,XLK
2017-09-28,26.852120919378642,26.966912818872352,26.797021298065566,26.95313835144043,11178400,XLK
2017-09-29,26.999054650389706,27.159764362059434,26.96691305837284,27.136804580688477,24857400,XLK
2017-10-02,27.20568561016113,27.26537790025612,27.04497761942738,27.17813491821289,15143800,XLK
2017-10-03,27.20108741608126,27.256187033629388,27.168944074960823,27.242412567138672,12932000,XLK
2017-10-04,27.196494115890015,27.26536994988409,27.10466025442632,27.224044799804688,13299200,XLK
2017-10-05,27.306699895962385,27.49036589956264,27.29292367579286,27.485774993896484,12845400,XLK
2017-10-06,27.393940577065763,27.540874077687857,27.384757014328695,27.527099609375,11852800,XLK
2017-10-09,27.568426937059154,27.655668162553766,27.550059810138514,27.595975875854492,13898400,XLK
2017-10-10,27.68321981563057,27.706177849286934,27.4811849156489,27.62352752685547,10945800,XLK
2017-10-11,27.58678855981215,27.724538481061593,27.58678855981215,27.715354919433594,9961800,XLK
2017-10-12,27.6510713094893,27.779637667110794,27.614337063548728,27.6464786529541,12212800,XLK
2017-10-13,27.747496700278734,27.830147003914202,27.747496700278734,27.779638290405273,11900000,XLK
2017-10-16,27.848515604213787,27.885248101341347,27.78423066896613,27.880657196044922,16612800,XLK
2017-10-17,27.871473633866685,27.880657196044922,27.788823325847943,27.880657196044922,10263400,XLK
2017-10-18,27.963307774368996,27.986265804243814,27.862290341017303,27.94953155517578,12182600,XLK
2017-10-19,27.83014030114296,27.89901436986096,27.683206852642716,27.866872787475586,13745200,XLK
2017-10-20,28.036772262807894,28.087279223830453,27.99085445517112,28.055137634277344,14814800,XLK
2017-10-23,28.101058811163,28.124016841941366,27.889842125465258,27.92198371887207,14109800,XLK
2017-10-24,27.977085836194316,28.045961686252664,27.88525195331173,28.000043869018555,16071600,XLK
2017-10-25,27.93575576691896,28.01840607182938,27.664846823398204,27.848514556884766,18451800,XLK
2017-10-26,28.00922057405868,28.08268731205838,27.944937397257096,27.96330451965332,18872800,XLK
2017-10-27,28.413292371628852,28.79440057944346,28.413292371628852,28.71634292602539,29078400,XLK
2017-10-30,28.413294437697672,28.890827458547328,28.413294437697672,28.780628204345703,17149400,XLK
2017-10-31,28.890823924653333,28.964292420581916,28.776032027142946,28.904600143432617,20222600,XLK
2017-11-01,29.042350153466437,29.07908440153614,28.75766673726766,28.909191131591797,19101400,XLK
2017-11-02,28.909187878800584,28.950513027436518,28.70256213562092,28.922964096069336,20449200,XLK
2017-11-03,29.074490346052098,29.18009867679397,28.904598835866057,29.152549743652344,15319400,XLK
2017-11-06,29.134182811486788,29.226016676259857,29.11581568821512,29.216833114624023,12000400,XLK
2017-11-07,29.248980835617814,29.25816439917867,29.111230885376226,29.230613708496094,11551200,XLK
2017-11-08,29.230611459678403,29.395910336299874,29.152553802794838,29.391321182250977,18201000,XLK
2017-11-09,29.166326201362736,29.207651355481655,28.863275655019134,29.157142639160156,20490800,XLK
2017-11-10,29.120408390349834,29.180100668873912,29.051534301208562,29.157142639160156,11966400,XLK
2017-11-13,29.046945125441013,29.184696823403165,29.042354219582222,29.14796257019043,8600600,XLK
2017-11-14,29.060721249145974,29.120411783038943,28.927562209072875,29.08827018737793,14741600,XLK
2017-11-15,28.945918509343272,28.98724365282048,28.79439239939853,28.872451782226562,16985000,XLK
2017-11-16,29.083677840375202,29.336219687305835,29.083677840375202,29.276527404785156,15282200,XLK
2017-11-17,29.23520369656701,29.258163480541096,29.069904812418493,29.08827018737793,16604200,XLK
2017-11-20,29.157145910580354,29.221429101625578,29.115820751824767,29.198471069335938,13159800,XLK
2017-11-21,29.313254156318774,29.524472543909347,29.290296130941666,29.506105422973633,16348000,XLK
2017-11-22,29.506105391067866,29.515287199940737,29.400495321594253,29.451004028320312,24231600,XLK
2017-11-24,29.496921763745004,29.630080770612732,29.487739954347717,29.61630630493164,8678200,XLK
2017-11-27,29.565797595320767,29.653040548861423,29.515288885709893,29.61630630493164,13778200,XLK
2017-11-28,29.66222169922617,29.740279338464944,29.542837160692006,29.712730407714844,22623200,XLK
2017-11-29,29.662226742616784,29.666819399579424,28.8540925241484,29.05612564086914,67280400,XLK
2017-11-30,29.1846946585678,29.39132043859853,29.07908631579331,29.313261032104492,42095000,XLK
2017-12-01,29.13418088112517,29.30866503747457,28.739296514874777,29.16172981262207,38423600,XLK
2017-12-04,29.34540327418495,29.35917774262967,28.665835389405917,28.69338607788086,33611000,XLK
2017-12-05,28.64287942625387,29.03317124077573,28.518903946543414,28.70256996154785,27854200,XLK
2017-12-06,28.587772748584754,28.950515557019084,28.51889866256369,28.886232376098633,26524200,XLK
2017-12-07,29.010209901473225,29.12040914759904,28.886234435892604,29.065309524536133,23371000,XLK
2017-12-08,29.25815579325836,29.34539699404714,29.134180349031066,29.203054428100586,20118000,XLK
2017-12-11,29.189290263760075,29.455608367919922,29.170923135558898,29.455608367919922,22843200,XLK
2017-12-12,29.437233137522096,29.55202502980594,29.32703215023209,29.446414947509766,16794000,XLK
2017-12-13,29.547440505754317,29.597949232514683,29.418874111517564,29.455608367919922,20712200,XLK
2017-12-14,29.492335606528716,29.584167722511367,29.405092644125723,29.418867111206055,21892000,XLK
2017-12-15,29.51012126782415,29.79586789576155,29.436380599543966,29.75438690185547,42610400,XLK
2017-12-18,29.96639470591449,30.049353187467375,29.915701176963193,30.017091751098633,21521600,XLK
2017-12-19,29.957178655234717,29.975614264047415,29.759000255789232,29.83274269104004,23953600,XLK
2017-12-20,29.96178404074543,29.96178404074543,29.68064720100534,29.823518753051758,17930400,XLK
2017-12-21,29.874213321722966,29.924910355271777,29.73594804545675,29.76360321044922,31883800,XLK
2017-12-22,29.712905350497227,29.772818426555805,29.666818098434323,29.745166778564453,10971000,XLK
2017-12-26,29.56081526538664,29.57925087008889,29.440987351054073,29.54698944091797,12438200,XLK
2017-12-27,29.551596781690005,29.634555237885944,29.528551398656553,29.579248428344727,10693200,XLK
2017-12-28,29.666822690901597,29.685258297827005,29.57925443706403,29.62995147705078,19316000,XLK
2017-12-29,29.64838992380463,29.657605970033835,29.450211525664866,29.473255157470703,13386400,XLK
2018-01-02,29.593077599573537,29.837343215942383,29.519338694741514,29.837343215942383,27445600,XLK
2018-01-03,29.892649304016118,30.104653485066265,29.860387874643965,30.086217880249023,22663600,XLK
2018-01-04,30.2060503352349,30.316660458092766,30.136917689861576,30.238311767578125,21493200,XLK
2018-01-05,30.3950076132807,30.583969933340665,30.335094532307465,30.556318283081055,19356000,XLK
2018-01-08,30.542484364846366,30.726836876826603,30.524052278256875,30.671533584594727,13467800,XLK
2018-01-09,30.731452622035835,30.740668667119557,30.542490293611888,30.59318733215332,21212800,XLK
2018-01-10,30.427273640325588,30.496406292649997,30.339708895865247,30.48719024658203,20815600,XLK
2018-01-11,30.556318555676864,30.6254476819426,30.482576132683725,30.611621856689453,15775600,XLK
2018-01-12,30.574750697179482,30.832845661862038,30.533273221349514,30.791364669799805,16308600,XLK
2018-01-16,30.980322020328394,31.090932121023855,30.593181393546725,30.671533584594727,36443600,XLK
2018-01-17,30.846671067484586,31.160069329010135,30.74527699519217,31.132417678833008,29376200,XLK
2018-01-18,31.132410335736825,31.27067207024334,31.10475517585041,31.187713623046875,29845800,XLK
2018-01-19,31.24763298034668,31.298330009036427,31.08632233475293,31.24763298034668,23894400,XLK
2018-01-22,31.224606059785433,31.55644007423591,31.160083169890484,31.551830291748047,18004200,XLK
2018-01-23,31.6532151480984,31.754609235763184,31.58869227708131,31.690086364746094,20460200,XLK
2018-01-24,31.773053618065507,31.828356942076045,31.339825493403083,31.445829391479492,37019000,XLK
2018-01-25,31.643989983150846,31.671641629551818,31.31215616141222,31.390504837036133,25951800,XLK
2018-01-26,31.60712116657749,31.88825798034668,31.537988529116998,31.88825798034668,20097200,XLK
2018-01-29,31.796084492997593,31.796084492997593,31.556428634018395,31.5979061126709,55179800,XLK
2018-01-30,31.3398083241026,31.49650567793185,31.229198220444786,31.312156677246094,29662400,XLK
2018-01-31,31.496513650468593,31.597907736250157,31.339816256975407,31.547210693359375,30135800,XLK
2018-02-01,31.431990260751768,31.796085600839323,31.427383996007112,31.574865341186523,32650000,XLK
2018-02-02,31.2199997441947,31.247654925959125,30.634683887654532,30.639293670654297,43929400,XLK
2018-02-05,30.31204720516747,30.888146656899064,29.344200829504793,29.358028411865234,98559600,XLK
2018-02-06,28.96168075856056,30.25214358209735,28.795763783312758,30.201446533203125,90269400,XLK
2018-02-07,30.127700713057514,30.436489201112707,29.814302444458008,29.814302444458008,47425200,XLK
2018-02-08,29.897269214776372,29.952572531735186,28.569935106149078,28.579151153564453,55628600,XLK
2018-02-09,29.040022650519965,29.491686202988454,28.099829608253923,29.279680252075195,72700400,XLK
2018-02-12,29.593076237365885,29.98943294176069,29.376464038867052,29.80508041381836,35629600,XLK
2018-02-13,29.634558617417905,29.95256313890784,29.54699037138262,29.87882423400879,19084000,XLK
2018-02-14,29.712905864668347,30.477964107601032,29.694470260277775,30.42726707458496,32117600,XLK
2018-02-15,30.717627451214746,31.007980346679688,30.35814190933459,31.007980346679688,24305000,XLK
2018-02-16,30.915805822808203,31.293726971406194,30.883544389985172,30.96189308166504,20334200,XLK
2018-02-20,30.805187576002712,31.233805700124886,30.772926148003492,30.989540100097656,33835200,XLK
2018-02-21,31.109372716091958,31.372073945045223,30.786758405529095,30.791364669799805,29102400,XLK
2018-02-22,30.897358710134686,31.109362834913767,30.740657868896403,30.82822608947754,21958800,XLK
2018-02-23,31.08172181785712,31.473468780517578,31.007979392953697,31.473468780517578,20772400,XLK
2018-02-26,31.607120650688074,31.96660614013672,31.607120650688074,31.96660614013672,21594400,XLK
2018-02-27,31.98042964383873,32.12791094973859,31.64398956298828,31.64398956298828,25581200,XLK
2018-02-28,31.82374541724492,31.957397439007803,31.4135627561892,31.418169021606445,30464000,XLK
2018-03-01,31.49190838995191,31.611734571303582,30.662323585494484,30.89737319946289,42973600,XLK
2018-03-02,30.54709730614369,31.256852265174533,30.464138842978212,31.19232940673828,38392200,XLK
2018-03-05,31.044854111501134,31.616343904115276,30.975721459404667,31.510343551635742,21777800,XLK
2018-03-06,31.69008906219049,31.731566547275126,31.44121360298353,31.57947540283203,20303800,XLK
2018-03-07,31.344427435411845,31.78687149799312,31.344427435411845,31.754610061645508,22219600,XLK
2018-03-08,31.851398183788383,31.920530846018877,31.694697248317038,31.89287567138672,15248000,XLK
2018-03-09,32.11870283351438,32.49662399291992,32.07722183799426,32.49662399291992,24685000,XLK
2018-03-12,32.593405051114395,32.72706055368542,32.50583680413249,32.59801483154297,27012400,XLK
2018-03-13,32.76392921817511,32.879149118674356,32.114090807800146,32.224700927734375,27618800,XLK
2018-03-14,32.38600315215438,32.41365831509974,32.03573723967639,32.197044372558594,27762800,XLK
2018-03-15,32.206261244480494,32.40443958889965,32.05877993116149,32.21548080444336,23002800,XLK
2018-03-16,32.270043603275056,32.38562398362026,32.14059061441246,32.18220138549805,24404600,XLK
2018-03-19,31.88169172559006,31.932547375175545,31.285296539096617,31.544198989868164,39736800,XLK
2018-03-20,31.46560972516201,31.650539086817354,31.35465351906248,31.53033447265625,18765600,XLK
2018-03-21,31.460982941658976,31.756868451981248,31.257560330599844,31.340778350830078,21867000,XLK
2018-03-22,30.961672638740453,31.141977748662875,30.508595998914075,30.531713485717773,42390200,XLK
2018-03-23,30.513212870081425,30.59180666275646,29.704150407617146,29.718019485473633,41901600,XLK
2018-03-26,30.323664776666018,30.887697557719147,29.902954055750794,30.84609031677246,50251600,XLK
2018-03-27,31.035637547250243,31.054130828445803,29.625559246607683,29.856719970703125,59497200,XLK
2018-03-28,29.787377937874865,30.147988186515985,29.4822457820362,29.657928466796875,53622000,XLK
2018-03-29,29.87059966315048,30.545588794072447,29.66255634843755,30.245079040527344,35368200,XLK
2018-04-02,30.124870758039798,30.258940889630814,29.195603551559614,29.52385139465332,52034200,XLK
2018-04-03,29.745766038882444,29.884463911068725,29.315808631401765,29.815114974975586,36101400,XLK
2018-04-04,29.26957341447275,30.314419179025332,29.204846926098565,30.231201171875,36298400,XLK
2018-04-05,30.508598666193457,30.55483011660948,30.15261261803317,30.356035232543945,32738200,XLK
2018-04-06,30.041655419412557,30.319047639796242,29.482245011972584,29.611696243286133,40477800,XLK
2018-04-09,29.828980938587385,30.425376083071026,29.805866980461488,29.842853546142578,21859400,XLK
2018-04-10,30.3144112327762,30.702763006757614,30.14797526210303,30.57793426513672,31297800,XLK
2018-04-11,30.388391536229356,30.67040438565847,30.34678077009531,30.39763641357422,17315600,XLK
2018-04-12,30.587197487021676,30.896952099704837,30.545586710576945,30.76287841796875,21256000,XLK
2018-04-13,30.975540180576907,30.989409261076588,30.513218685344416,30.661161422729492,22421600,XLK
2018-04-16,30.873820844342077,31.012518667672946,30.69351579035125,30.89693832397461,19477400,XLK
2018-04-17,31.169714699888193,31.571935674904058,31.11423837728816,31.470224380493164,30445600,XLK
2018-04-18,31.437856676164174,31.50720559486692,31.19745108885817,31.387001037597656,19764400,XLK
2018-04-19,31.188214529072653,31.22057689979272,30.929315563312084,31.040271759033203,25811600,XLK
2018-04-20,30.94780974325898,30.97092370744933,30.48086392891268,30.610313415527344,32477000,XLK
2018-04-23,30.72588806059081,30.81373027886209,30.35603295774501,30.499351501464844,37920600,XLK
2018-04-24,30.67502936722098,30.72588501199183,29.7503864109989,29.96767807006836,34847600,XLK
2018-04-25,30.01390681202035,30.074010856196193,29.58857193696235,29.972299575805664,30581600,XLK
2018-04-26,30.346788711382718,30.638050041608164,30.221963434781465,30.51784896850586,33086800,XLK
2018-04-27,30.82296862262784,30.84608610481917,30.300546681089802,30.462358474731445,26313000,XLK
2018-04-30,30.540959183747844,30.730512704372227,30.226580401839946,30.263566970825195,17372200,XLK
2018-05-01,30.221951405470595,30.661155327740918,30.147978287866284,30.642662048339844,18547800,XLK
2018-05-02,30.836850017103007,30.95243041975667,30.55483355244936,30.610313415527344,26587400,XLK
2018-05-03,30.471609916193184,30.79523353573827,30.203462615865593,30.67965316772461,31090800,XLK
2018-05-04,30.564073892970548,31.317656649570992,30.52708732734729,31.26218032836914,21682600,XLK
2018-05-07,31.410133411711378,31.627425147293582,31.359277749033236,31.47947883605957,26914800,XLK
2018-05-08,31.428617536280175,31.576560277141056,31.285295470872352,31.548818588256836,30294800,XLK
2018-05-09,31.62742113713807,31.937175750732422,31.525709824678135,31.937175750732422,28826600,XLK
2018-05-10,32.085112724424384,32.37637399888496,32.05275036059543,32.3532600402832,23132600,XLK
2018-05-11,32.32090615029625,32.4318623514811,32.20070154145947,32.30703353881836,17521200,XLK
2018-05-14,32.4133548341163,32.55667334469873,32.270036323533866,32.302398681640625,20261800,XLK
2018-05-15,32.075862480518175,32.10360416737641,31.830832664540033,31.997268676757812,28525200,XLK
2018-05-16,32.0481201667423,32.21455615738627,31.97415057491857,32.14058303833008,13361000,XLK
2018-05-17,32.025009454433324,32.24230112854977,31.844704347662905,31.974157333374023,21600200,XLK
2018-05-18,31.867820329162143,32.011138861818566,31.812340480763027,31.8400821685791,15765800,XLK
2018-05-21,32.13133886591638,32.27465737818664,31.955657995158255,32.117469787597656,22578400,XLK
2018-05-22,32.274666183724754,32.32090116037825,32.00189816308334,32.07124710083008,14782000,XLK
2018-05-23,31.807728869869514,32.30703353881836,31.80310466604355,32.30703353881836,29387600,XLK
2018-05-24,32.297772945031724,32.33475950317681,31.946407697117973,32.27003479003906,22401400,XLK
2018-05-25,32.29316826010128,32.36251721672687,32.16834295996278,32.2469367980957,18782800,XLK
2018-05-29,32.08511618293273,32.2515522226315,31.858579611711303,32.07124710083008,58660800,XLK
2018-05-30,32.23306391377314,32.348644318783954,32.140597473424066,32.30703353881836,19930400,XLK
2018-05-31,32.307028144185345,32.52894403673353,32.24230341036576,32.31627655029297,30568000,XLK
2018-06-01,32.53356746459795,32.8710602075823,32.478087610974484,32.86643600463867,25445800,XLK
2018-06-04,32.949654277274746,33.16232528753252,32.917291910884806,33.12996292114258,19866000,XLK
2018-06-05,33.21317472788818,33.30564114384096,33.1207118391685,33.245540618896484,34549600,XLK
2018-06-06,33.30101776695554,33.46282958984375,33.12996106585936,33.46282958984375,35379000,XLK
2018-06-07,33.44432972228728,33.44432972228728,32.95427014737602,33.194679260253906,39047200,XLK
2018-06-08,32.945024160527176,33.1992988158001,32.875675244640966,33.139198303222656,19809600,XLK
2018-06-11,33.15768470296751,33.28250990387773,33.08371160077504,33.176177978515625,14647000,XLK
2018-06-12,33.236297570291185,33.365747046255,33.18081771177797,33.338008880615234,15626800,XLK
2018-06-13,33.338006651351414,33.48594940359359,33.15307732924033,33.16694641113281,29278000,XLK
2018-06-14,33.29638593023519,33.48593939875396,33.245533820900704,33.4027214050293,22654800,XLK
2018-06-15,33.2844202929296,33.32617844687936,33.07564014236045,33.275142669677734,33641200,XLK
2018-06-18,33.04315123626573,33.335444049609166,32.941079718668746,33.31224822998047,16580400,XLK
2018-06-19,32.90396301770484,33.15450123841532,32.71837875720907,33.14058303833008,25913400,XLK
2018-06-20,33.219467442903934,33.36793419807844,33.17307224561065,33.21018981933594,22931200,XLK
2018-06-21,33.34009244708193,33.35865123097175,32.8761334690148,32.95500564575195,29634200,XLK
2018-06-22,33.03852229660325,33.04780345950488,32.71375238957629,32.84830093383789,31385800,XLK
2018-06-25,32.58384651801886,32.61632351080595,31.883267342495344,32.166282653808594,36055400,XLK
2018-06-26,32.268351945410686,32.50960908347884,32.18947622013562,32.29618835449219,27719000,XLK
2018-06-27,32.398254091637796,32.54672081296546,31.846141812454043,31.855422973632812,44109200,XLK
2018-06-28,31.8136619672371,32.35185599598653,31.8136619672371,32.24514389038086,35598000,XLK
2018-06-29,32.37041343182611,32.50960252862213,32.21266909253467,32.23122787475586,20019200,XLK
2018-07-02,31.95285952549922,32.52816772896686,31.906460790928445,32.51888656616211,25091200,XLK
2018-07-03,32.61632215095623,32.63951797927893,32.11060495323977,32.13380432128906,12722800,XLK
2018-07-05,32.33330277067521,32.60703687253073,32.24050884991611,32.588478088378906,27320000,XLK
2018-07-06,32.60703802167537,33.0199612493588,32.528165841045116,32.96892547607422,25603800,XLK
2018-07-09,33.14522413746825,33.228736879013255,32.973558074368675,33.21945571899414,17455200,XLK
2018-07-10,33.224100623168226,33.391126127996856,33.224100623168226,33.29833221435547,22986200,XLK
2018-07-11,33.061717930439364,33.298334461812026,33.01068215942343,33.168426513671875,25949800,XLK
2018-07-12,33.31225324389297,33.71125821470449,33.27513567923008,33.69269943237305,23706600,XLK
2018-07-13,33.697325575835166,33.73908370750826,33.54422186563288,33.65557098388672,18516800,XLK
2018-07-16,33.66486336357418,33.73445792039542,33.511759586238874,33.57671356201172,13332000,XLK
2018-07-17,33.33545250119288,33.88292424733005,33.31689371694954,33.82725143432617,14903200,XLK
2018-07-18,33.81797111964208,33.82261170075073,33.65094559699334,33.771575927734375,14164000,XLK
2018-07-19,33.68806132348965,33.817969269615055,33.59063036389559,33.650943756103516,14910000,XLK
2018-07-20,33.78085935569062,33.84581334346944,33.618474386243584,33.66023254394531,14439600,XLK
2018-07-23,33.59062919136757,33.85044507454915,33.45608066908399,33.831886291503906,25151000,XLK
2018-07-24,34.170582453963235,34.305130994227284,33.87828600659684,34.01747512817383,21557200,XLK
2018-07-25,34.02676434087511,34.44432830810547,33.97573208795636,34.44432830810547,30466200,XLK
2018-07-26,33.85508806434578,34.0267506252093,33.794771130225136,33.915401458740234,25094400,XLK
2018-07-27,33.95715992648438,33.980355752364304,33.12667290189688,33.335453033447266,63550200,XLK
2018-07-30,33.31689177305136,33.3679275418113,32.625593914020214,32.815818786621094,35695400,XLK
2018-07-31,32.91787938094922,33.11738183039786,32.723017511178504,32.903961181640625,29954000,XLK
2018-08-01,33.14059525837126,33.3076208004328,33.01996491360978,33.20090866088867,29322800,XLK
2018-08-02,32.89469805230322,33.66023120902417,32.89469805230322,33.618473052978516,26209800,XLK
2018-08-03,33.62774462901978,33.73909378051758,33.47463733338174,33.73909378051758,14491400,XLK
2018-08-06,33.72517442254757,33.93859509715214,33.646298717370954,33.92003631591797,15000400,XLK
2018-08-07,34.04067583742801,34.170583801502126,33.98964006015225,34.04995346069336,20545400,XLK
2018-08-08,34.03139298469431,34.20769967552072,33.94324317900747,34.14274215698242,14197200,XLK
2018-08-09,34.1752169548308,34.28656610844534,34.128818229409454,34.15665817260742,23446200,XLK
2018-08-10,33.90147809306328,34.04530422534002,33.78548836323349,33.88291931152344,23138400,XLK
2018-08-13,33.93396356543871,34.19377949254609,33.82725496954526,33.83653259277344,24128800,XLK
2018-08-14,33.95251678345341,34.08706530641868,33.762291911070335,34.04530715942383,18359000,XLK
2018-08-15,33.831884150144795,33.95715504283981,33.47463733338174,33.73909378051758,35584400,XLK
2018-08-16,33.99892243556805,34.09171637982437,33.813338086782444,33.8875732421875,18208800,XLK
2018-08-17,33.78547993401033,34.03137753354379,33.674130812277674,33.9385871887207,18048200,XLK
2018-08-20,34.01748122441931,34.02675884898143,33.75302467781111,33.8875732421875,21239600,XLK
2018-08-21,33.980358966946184,34.15666566688874,33.90148677998586,33.94324493408203,16004600,XLK
2018-08-22,33.841167624343726,34.09634292812534,33.790131855642215,34.04530715942383,12742400,XLK
2018-08-23,33.984988850024926,34.30512161832092,33.984988850024926,34.119537353515625,18735000,XLK
2018-08-24,34.21232949724436,34.47214889738886,34.20769245668375,34.462867736816406,13115200,XLK
2018-08-27,34.64845813569541,34.79692487356691,34.55566775192306,34.77836608886719,16415000,XLK
2018-08-28,34.84796524546907,34.9175598123459,34.74125310429438,34.83868408203125,14770400,XLK
2018-08-29,34.88043688593081,35.17737035529833,34.87579630492396,35.154170989990234,22364600,XLK
2018-08-30,35.05673626997484,35.27479753748585,34.94074653531799,35.04745864868164,21040600,XLK
2018-08-31,35.014992532280765,35.16809987908241,34.954675586113936,35.0753059387207,20537800,XLK
2018-09-04,34.91291752726564,34.99178971400549,34.704137376548026,34.94075393676758,22147600,XLK
2018-09-05,34.89435874920239,34.922195158710856,34.328328157686684,34.504634857177734,32853200,XLK
2018-09-06,34.45359951488783,34.52783112108971,33.98499989046244,34.25409698486328,27957600,XLK
2018-09-07,34.031395162227646,34.411841436637786,33.994277589181145,34.13810729980469,28462000,XLK
2018-09-10,34.26336697937142,34.309762165383354,34.05922745297373,34.244808197021484,33309000,XLK
2018-09-11,34.147397057761104,34.61135626653429,34.063884258592815,34.53712463378906,27189800,XLK
2018-09-12,34.46287458852421,34.467515169733055,34.114905332113864,34.393280029296875,32536400,XLK
2018-09-13,34.606695910387984,34.885074108379584,34.59741828899365,34.79692077636719,25454800,XLK
2018-09-14,34.829405962394674,34.922196357091416,34.611344641158,34.76909255981445,18878400,XLK
2018-09-17,34.71805266869126,34.77836606412775,34.29584828145705,34.33296585083008,29584200,XLK
2018-09-18,34.29121706969128,34.71805857086679,34.29121706969128,34.55103302001953,19302000,XLK
2018-09-19,34.54638048334042,34.662370212416796,34.268005841502244,34.462867736816406,20870600,XLK
2018-09-20,34.66701172378677,34.908268809266026,34.56029961269117,34.87115478515625,27401800,XLK
2018-09-21,35.00337368322915,35.059235284382176,34.71939870493635,34.73336410522461,46041000,XLK
2018-09-24,34.56577280838326,34.91026571124853,34.43076801699819,34.90561294555664,34513600,XLK
2018-09-25,34.863712310791016,34.93354286342879,34.71939843994121,34.863712310791016,21101000,XLK
2018-09-26,34.900956012142636,35.054582518772406,34.672846186732336,34.73336410522461,26641200,XLK
2018-09-27,34.85904348665784,35.03594796343383,34.85904348665784,34.93818664550781,28466400,XLK
2018-09-28,34.84042913870585,35.10112959333075,34.821810975695215,35.06854248046875,23421200,XLK
2018-10-01,35.29200280817298,35.38045508243253,35.129067212218224,35.236141204833984,20668200,XLK
2018-10-02,35.19423499461735,35.44096650205011,35.08250825670475,35.240787506103516,28014000,XLK
2018-10-03,35.36182764222737,35.50614149647469,35.28268801581619,35.347862243652344,26584800,XLK
2018-10-04,35.17560365465785,35.20353799528911,34.481961833645336,34.7100715637207,46584800,XLK
2018-10-05,34.69611630529666,34.80319028025282,33.93730005401271,34.272483825683594,44577000,XLK
2018-10-08,34.10954663223594,34.21662061324232,33.49970051704307,33.88609313964844,39946000,XLK
2018-10-09,33.87213629951921,34.20732017482771,33.80230573354159,34.00714111328125,30277800,XLK
2018-10-10,33.802295312629184,33.8069516293869,32.33586808610453,32.35914611816406,88286000,XLK
2018-10-11,32.26603445374554,32.815362571526016,31.688775541549866,31.949472427368164,136539000,XLK
2018-10-12,32.85261250001927,33.080722320252676,32.33121507347067,32.97365188598633,71818800,XLK
2018-10-15,32.852603915888416,32.88053470853295,32.41500255523895,32.433624267578125,38305000,XLK
2018-10-16,32.8432971550444,33.51831740430063,32.76415398408153,33.4112434387207,41998600,XLK
2018-10-17,33.453152112501776,33.47643014871574,32.95968899998673,33.25762939453125,48329800,XLK
2018-10-18,33.10865644317469,33.13193092572295,32.410358035598364,32.60588073730469,45920600,XLK
2018-10-19,32.7967392363519,33.150544672274535,32.470868145191915,32.5919075012207,44283400,XLK
2018-10-22,32.745536342062195,33.07606736086355,32.550013651973714,32.86191940307617,31962000,XLK
2018-10-23,32.17759539157703,32.9084809954184,31.851720634973955,32.73623275756836,48132200,XLK
2018-10-24,32.65242953667484,32.73156916144178,31.23255484889628,31.269798278808594,68330800,XLK
2018-10-25,31.716716648356222,32.51277651357876,31.66550780745917,32.34518814086914,46754400,XLK
2018-10-26,31.539814133081567,32.27535603834198,31.241873737586403,31.69809341430664,85487200,XLK
2018-10-29,32.13568993948722,32.363799742465105,30.53425789830247,31.162729263305664,68110600,XLK
2018-10-30,31.134791662615648,31.623601883969528,30.86943845575379,31.51187515258789,61121600,XLK
2018-10-31,31.982060893734182,32.517423636999744,31.96809549593463,32.261383056640625,42288200,XLK
2018-11-01,32.30794219068132,32.661747731636126,32.033276287969294,32.63846969604492,31106200,XLK
2018-11-02,32.38708313553834,32.57795309024382,31.730684415793736,32.00069046020508,40426200,XLK
2018-11-05,31.982061177342338,32.03327000421404,31.50721988930254,31.968095779418945,28416400,XLK
2018-11-06,31.940171720280834,32.32190806819324,31.912240918542977,32.16828155517578,18267600,XLK
2018-11-07,32.54070152061903,33.113304138183594,32.49880177568106,33.113304138183594,32629600,XLK
2018-11-08,32.98761919700707,33.1272803082699,32.875892439034565,33.08538055419922,20819400,XLK
2018-11-09,32.80141058581458,32.82934139164983,32.23811684051287,32.512779235839844,25883600,XLK
2018-11-12,32.214831841703386,32.270696993035315,31.33032336518875,31.367563247680664,32862200,XLK
2018-11-13,31.442047661049553,31.944823328590825,31.311699203182357,31.404804229736328,31407000,XLK
2018-11-14,31.75395049028714,31.819124713234444,30.869438612351004,31.027721405029297,38993400,XLK
2018-11-15,31.078927682054797,31.879643557440726,30.897370425627578,31.805156707763672,52602200,XLK
2018-11-16,31.432739324944386,31.94482769619292,31.367565087099948,31.753957748413086,35945800,XLK
2018-11-19,31.604986416749146,31.637573534498234,30.459777426486166,30.5435733795166,38397200,XLK
2018-11-20,29.691644297770445,30.292181285238513,29.505432476076546,29.88716697692871,56129600,XLK
2018-11-21,30.292187835210388,30.413227232554597,29.980282034101972,30.105974197387695,33006600,XLK
2018-11-23,29.78475788163834,30.16183970345581,29.770792480192654,29.83131217956543,10676200,XLK
2018-11-26,30.222357397786162,30.506332397460938,30.06407811362894,30.506332397460938,25069200,XLK
2018-11-27,30.296837311251306,30.613399358544935,30.119932796989943,30.56684684753418,23076400,XLK
2018-11-28,30.874102450386985,31.637575149536133,30.757719373666326,31.637575149536133,33219200,XLK
2018-11-29,31.539800759731218,31.58635326083906,31.16272088351106,31.330312728881836,28230800,XLK
2018-11-30,31.348935599382045,31.65153222965261,31.195312677810946,31.628257751464844,33019600,XLK
2018-12-03,32.419662178890334,32.452249290876495,31.977408008831187,32.32655715942383,32463400,XLK
2018-12-04,32.09844390454839,32.168274445188366,31.027721971074424,31.102205276489258,41982200,XLK
2018-12-06,30.371328568815976,31.17204475402832,30.217705597439537,31.17204475402832,43155800,XLK
2018-12-07,31.023067601767032,31.16272869181297,29.933723885633317,30.073381423950195,39875000,XLK
2018-12-10,29.90579180494682,30.604090204684464,29.73354536358697,30.487707138061523,40895600,XLK
2018-12-11,30.962547617333787,31.023065524713072,30.278214715038395,30.524946212768555,31626200,XLK
2018-12-12,31.018409739236713,31.246523078392823,30.748403757920943,30.76236915588379,33857600,XLK
2018-12-13,30.91133707499642,31.139446845853957,30.636671245339347,30.813575744628906,25638600,XLK
2018-12-14,30.445812282614416,30.61340419008636,30.03148883128918,30.059419631958008,31032400,XLK
2018-12-17,29.94769236877592,30.152524156416614,29.184217939278195,29.421640396118164,46527000,XLK
2018-12-18,29.64974546264614,29.910444136454053,29.416979360416924,29.654401779174805,39253200,XLK
2018-12-19,29.612502714602698,30.138552807563833,28.75126710268636,29.067829132080078,67212200,XLK
2018-12-20,28.942139930257333,29.23542575310799,28.132114787346495,28.546438217163086,79003600,XLK
2018-12-21,28.553449995774184,28.90411460366423,27.55756200996618,27.679126739501953,83227400,XLK
2018-12-24,27.417295605314898,27.753934188358436,26.917014257498735,26.940391540527344,42234000,XLK
2018-12-26,27.12741815277105,28.567480087280273,26.973124847159696,28.567480087280273,58120200,XLK
2018-12-27,28.170059289903474,28.782554167172567,27.62302331001521,28.773202896118164,46877600,XLK
2018-12-28,28.98359506358337,29.184641100385146,28.459934711944584,28.707738876342773,39685800,XLK
2018-12-31,28.95554270151801,29.08645690417184,28.73579233257287,28.978919982910156,33720200,XLK
2019-01-02,28.385128663646753,29.17061747169348,28.347725368944303,28.997623443603516,30885800,XLK
2019-01-03,28.25888996957401,28.277592509220824,27.496780206475982,27.534183502197266,49893400,XLK
2019-01-04,28.039144166555005,28.87606238810347,27.950307986162397,28.754499435424805,41535600,XLK
2019-01-07,28.75450208056235,29.208028944283587,28.689044962823758,29.011655807495117,23817200,XLK
2019-01-08,29.29218871697735,29.395049137999163,28.9087954971267,29.254783630371094,26005200,XLK
2019-01-09,29.41374684937851,29.78778873613211,29.381018295760846,29.63349723815918,28044800,XLK
2019-01-10,29.3997156518919,29.778432215137286,29.264124934486272,29.764406204223633,21868200,XLK
2019-01-11,29.591419058656747,29.72700980750533,29.52596194778433,29.70830726623535,15451200,XLK
2019-01-14,29.446479170699103,29.535313572803148,29.329590954659377,29.432453155517578,14483800,XLK
2019-01-15,29.525960456016303,29.93740564173295,29.47452936190862,29.876625061035156,28654000,XLK
2019-01-16,29.90935296414366,30.08702174264925,29.848570601195764,29.90467643737793,18937000,XLK
2019-01-17,29.79714489172734,30.269372516759425,29.71766175807323,30.09638023376465,20256800,XLK
2019-01-18,30.395606828195074,30.615357202657872,30.19923195213911,30.55457305908203,27303200,XLK
2019-01-22,30.306774826749123,30.358205924318163,29.801818688995642,30.04026985168457,29985000,XLK
2019-01-23,30.16650675711121,30.390933683083926,29.806492650716926,30.143131256103516,19152200,XLK
2019-01-24,30.25067269954321,30.50315170608998,30.236646682592674,30.39561653137207,28341800,XLK
2019-01-25,30.62470822744506,30.919265205613257,30.512496554877853,30.825756072998047,20061600,XLK
2019-01-28,30.367552322546604,30.423659941590575,30.161831520341444,30.414310455322266,19324800,XLK
2019-01-29,30.475090540046242,30.47976706667696,30.040266309150187,30.087020874023438,17147800,XLK
2019-01-30,30.5873123136921,31.110972887839893,30.451721533765998,31.022136688232422,33990600,XLK
2019-01-31,30.863161270074553,31.157718249361043,30.76497561031239,30.989398956298828,36501800,XLK
2019-02-01,31.003431692775784,31.340070351901954,30.956677116151713,31.171751022338867,19475600,XLK
2019-02-04,31.213831573301803,31.6767079302344,31.19045250221468,31.67203140258789,15208600,XLK
2019-02-05,31.7795637317675,32.01801665365353,31.74215865242367,31.93852996826172,24121400,XLK
2019-02-06,31.975944076484712,32.13491392501111,31.854379317864016,32.046077728271484,20379200,XLK
2019-02-07,31.751513087137873,31.887100263154558,31.39149542529468,31.606569290161133,29264000,XLK
2019-02-08,31.32136656684558,31.78891944885254,31.30266402350785,31.78891944885254,16977600,XLK
2019-02-11,31.887096841339233,31.985286060137827,31.700078590842512,31.774885177612305,14869400,XLK
2019-02-12,31.994630910351752,32.23775674105956,31.947876354501478,32.1956787109375,19418200,XLK
2019-02-13,32.35465447360202,32.47154268133489,32.21906729171949,32.23776626586914,18241800,XLK
2019-02-14,32.11621542861335,32.41077252267468,32.0928363526887,32.29388427734375,19484000,XLK
2019-02-15,32.53698818490569,32.583746305034154,32.36867250758943,32.55101776123047,14712000,XLK
2019-02-19,32.42010035666911,32.65855321666259,32.38737181252442,32.560367584228516,16638200,XLK
2019-02-20,32.588432894911506,32.73337670708029,32.42479010744214,32.59778594970703,19704200,XLK
2019-02-21,32.5182996409124,32.74272299403371,32.41076092414748,32.61180877685547,19508200,XLK
2019-02-22,32.76143381412514,33.046641388117536,32.75208432502598,33.02793884277344,24493200,XLK
2019-02-25,33.2757222289081,33.41598945491562,33.163510588388334,33.1868896484375,40341000,XLK
2019-02-26,33.0700046280587,33.35053553961375,33.04194903990234,33.257022857666016,28268000,XLK
2019-02-27,33.13079505658425,33.26638581040587,32.882992618172196,33.22430419921875,19555000,XLK
2019-02-28,33.102746307702475,33.257036051624986,33.046638676274426,33.13079833984375,18876600,XLK
2019-03-01,33.39261442432074,33.44404550892005,33.08870444272776,33.35520935058594,24668000,XLK
2019-03-04,33.49547446489651,33.57963409187943,32.85960252039093,33.22896957397461,31653000,XLK
2019-03-05,33.210281475674364,33.25236309103177,33.02793613246508,33.13079833984375,17907600,XLK
2019-03-06,33.10742243116765,33.14482752235979,32.915727581313135,32.95780563354492,26244200,XLK
2019-03-07,32.86428544276596,32.8923374681723,32.53699635539857,32.644535064697266,36996600,XLK
2019-03-08,32.25179592101574,32.66791765612559,32.1863352427621,32.639862060546875,25781400,XLK
2019-03-11,32.75673432382699,33.37390361896902,32.75673432382699,33.3411750793457,29153800,XLK
2019-03-12,33.43469733604239,33.64977116774079,33.33183516280744,33.537559509277344,36101200,XLK
2019-03-13,33.68249856456176,33.95835295866983,33.663796027600235,33.75730514526367,35667200,XLK
2019-03-14,33.81341234372817,33.93030052295388,33.73392923796928,33.82743835449219,21313200,XLK
2019-03-15,33.94612144266512,34.39173026609043,33.92266683988697,34.2369384765625,42049000,XLK
2019-03-18,34.26039722871702,34.47147436460476,34.17127402177001,34.382354736328125,29675200,XLK
2019-03-19,34.52307325418332,34.61688810239086,34.31668774546783,34.45271301269531,32306200,XLK
2019-03-20,34.41518706590082,34.64033552079657,34.15250909696222,34.3588981628418,27408600,XLK
2019-03-21,34.36358256553216,35.29701764474107,34.35889092993067,35.22196578979492,54548200,XLK
2019-03-22,35.039025861307564,35.18443791275098,34.37764849219109,34.391719818115234,53494800,XLK
2019-03-25,34.27914884990425,34.471462953368466,34.021162588181205,34.24162292480469,43893800,XLK
2019-03-26,34.541838314595985,34.76229874788969,34.22756660608702,34.429264068603516,27930200,XLK
2019-03-27,34.48084172823099,34.612178870286044,33.932034986545624,34.23223876953125,31662400,XLK
2019-03-28,34.33542940236456,34.51367573256028,34.16187828549233,34.372955322265625,21079400,XLK
2019-03-29,34.659103714519595,34.724772321988475,34.490240558550845,34.71070098876953,28694400,XLK
2019-04-01,35.04842322048648,35.22666605162719,34.851417421014595,35.184452056884766,25181000,XLK
2019-04-02,35.2125928557507,35.35331332144904,35.10470668822595,35.30640411376953,23574200,XLK
2019-04-03,35.5174772075655,35.77077184438681,35.45180862527879,35.592525482177734,27738000,XLK
2019-04-04,35.57845740135244,35.67227222651623,35.23135149492057,35.44242858886719,23006200,XLK
2019-04-05,35.55969653051326,35.648819725000116,35.498719574567964,35.61129379272461,13419600,XLK
2019-04-08,35.526865498182524,35.766088865078245,35.37676533396113,35.7473258972168,14619800,XLK
2019-04-09,35.59253583997451,35.72387662143879,35.49872457474182,35.57846450805664,26880200,XLK
2019-04-10,35.611288176216675,35.83644015568954,35.592525213038165,35.827056884765625,17234800,XLK
2019-04-11,35.902105011157815,35.911484702438884,35.705099286234834,35.780147552490234,15394600,XLK
2019-04-12,35.9818495681758,36.02875518798828,35.780152182179656,36.02875518798828,17110000,XLK
2019-04-15,36.02876172980169,36.11788492869626,35.82237624941906,36.01469039916992,19821400,XLK
2019-04-16,36.12726778325635,36.23515395865436,36.02407682337306,36.197628021240234,19218600,XLK
2019-04-17,36.42746111458487,36.4462204991683,36.221072097474014,36.399314880371094,24495800,XLK
2019-04-18,36.47905547162939,36.51188976326771,36.230452466557885,36.50251007080078,22983800,XLK
2019-04-22,36.33364991892953,36.601015909252546,36.300815624632655,36.586944580078125,16168800,XLK
2019-04-23,36.64323104475995,37.03255091454932,36.605705117004284,36.98564529418945,33385600,XLK
2019-04-24,37.01379643587583,37.16858464571511,36.94343620667439,36.99972152709961,21876600,XLK
2019-04-25,37.16857632971238,37.271770832296696,36.793327822378366,36.990333557128906,22775200,XLK
2019-04-26,36.76518164914371,36.858996460130506,36.45560171956012,36.849613189697266,22100400,XLK
2019-04-29,36.85430189542975,36.976259350683826,36.81677597401791,36.85899353027344,21226400,XLK
2019-04-30,36.84024298428631,36.97158017481799,36.63385392563937,36.91998291015625,37685800,XLK
2019-05-01,37.29053595547644,37.384347193079094,36.82147261012454,36.82616424560547,30893600,XLK
2019-05-02,36.81678836748058,37.084154384871674,36.43684812662745,36.633853912353516,49977600,XLK
2019-05-03,36.7651845025407,37.013791086948544,36.71358724716071,36.980953216552734,26576600,XLK
2019-05-06,36.09911556534129,36.755804981603944,35.958398705286776,36.694828033447266,26045000,XLK
2019-05-07,36.28206710574334,36.42278761085681,35.57847173751817,35.90681838989258,41251200,XLK
2019-05-08,35.78953378929089,36.17416557974065,35.72855326556752,35.86458206176758,27334600,XLK
2019-05-09,35.41897294416132,35.73793615075202,35.02026983059025,35.620670318603516,38601800,XLK
2019-05-10,35.39082803233646,35.892725669524616,34.87955070284066,35.733245849609375,39192400,XLK
2019-05-13,34.72475772514728,34.93114673538968,34.288528685378964,34.38703155517578,50922400,XLK
2019-05-14,34.560596237621844,35.15630526344103,34.532453574901794,34.94053649902344,36808600,XLK
2019-05-15,34.696625079336265,35.42836293957653,34.64033617521385,35.32048034667969,30097200,XLK
2019-05-16,35.343926601304396,35.90211319448503,35.29702097686975,35.644126892089844,30889400,XLK
2019-05-17,35.2782579749635,35.83644456756823,35.273566338923956,35.35799789428711,27087800,XLK
2019-05-20,34.762289424485125,35.03434705978135,34.57466334570601,34.743526458740234,29349200,XLK
2019-05-21,35.10939529072895,35.28295003960306,35.0296553704367,35.17037582397461,29682200,XLK
2019-05-22,34.9405249572471,35.19851120919533,34.921761995408225,34.987430572509766,23042200,XLK
2019-05-23,34.51367573256028,34.532438692510816,34.11966073093646,34.372955322265625,32171400,XLK
2019-05-24,34.56059757155177,34.73884040677541,34.34482879880619,34.382354736328125,23500000,XLK
2019-05-28,34.49023304618649,34.7106934283864,34.26508460638184,34.283843994140625,51545600,XLK
2019-05-29,34.03054462574564,34.24631331924633,33.85229827731577,34.0821418762207,29509600,XLK
2019-05-30,34.16189475978998,34.36359220318931,34.05870021963165,34.29323196411133,22841000,XLK
2019-05-31,33.88045358308026,34.03993343368192,33.70689882330492,33.720970153808594,24079600,XLK
2019-06-03,33.77257749431144,33.96020364056961,32.90481059387238,33.12995910644531,39407400,XLK
2019-06-04,33.55210630374585,34.2369384765625,33.38324318401901,34.2369384765625,30192400,XLK
2019-06-05,34.69193203195035,34.7622922645747,34.288537182152204,34.682552337646484,28791600,XLK
2019-06-06,34.776369117550786,35.156309423915346,34.616889238370334,35.08595275878906,23845000,XLK
2019-06-07,35.26886704607735,35.949007329682516,35.198506842577494,35.73793029785156,23984200,XLK
2019-06-10,35.99591940010523,36.44153171647574,35.99591940010523,36.10380554199219,26927600,XLK
2019-06-11,36.46967437145962,36.50720029721763,35.8974165289924,36.10380554199219,23100200,XLK
2019-06-12,35.930257528402855,36.02876041790853,35.81768330877778,35.90211486816406,15193800,XLK
2019-06-13,36.02875747168411,36.136643624893686,35.87865733156837,36.00999450683594,19734800,XLK
2019-06-14,35.68165315770931,35.81299033882584,35.540932704416015,35.69572448730469,16883400,XLK
2019-06-17,35.719181502022415,35.90211595645964,35.644129634217386,35.723873138427734,18702200,XLK
2019-06-18,36.10380788295205,36.549416649546444,35.991233677048,36.37117385864258,32362400,XLK
2019-06-19,36.4649841435943,36.596321310147594,36.216381138522806,36.50251007080078,24742400,XLK
2019-06-20,37.03725814819336,37.1592156754262,36.727678060505006,37.03725814819336,27783800,XLK
2019-06-21,36.89978772151936,37.182219364594836,36.848008167968985,36.86212921142578,41430400,XLK
2019-06-24,36.92803867448664,37.05513527873881,36.87625910850451,36.93274688720703,16431800,XLK
2019-06-25,36.91391926420437,36.946869572079834,36.21254637296135,36.25490951538086,26245400,XLK
2019-06-26,36.607948475462,36.904504824758774,36.59853564132731,36.645606994628906,18138400,XLK
2019-06-27,36.76799581719368,36.86684673767981,36.65972847114844,36.73975372314453,13675000,XLK
2019-06-28,36.8527265698164,36.89508971190074,36.62207441651298,36.73504638671875,35566800,XLK
2019-07-01,37.57763101392191,37.624702361489085,37.1633945361781,37.31873321533203,28553200,XLK
2019-07-02,37.29991471116742,37.44113238589394,37.21518482459443,37.41759490966797,15568400,XLK
2019-07-03,37.51172975907891,37.7047233581543,37.436412731225595,37.7047233581543,10683600,XLK
2019-07-05,37.39876057607338,37.70002155608182,37.26225472467838,37.63412094116211,11847800,XLK
2019-07-08,37.34227642702335,37.39405599470365,37.17281667667222,37.346981048583984,14919800,XLK
2019-07-09,37.15398422828766,37.50702474600559,37.097496452579804,37.478782653808594,18499600,XLK
2019-07-10,37.68588771754904,38.00127322911945,37.65764563254478,37.775325775146484,20217200,XLK
2019-07-11,37.869478554665825,38.062475763846265,37.789456898265406,37.91655349731445,22704400,XLK
2019-07-12,38.03423539697877,38.21781618943326,37.968334783857365,38.194278717041016,15506800,XLK
2019-07-15,38.297846951945104,38.36845579458979,38.21311705903445,38.32138442993164,12572000,XLK
2019-07-16,38.27430451581992,38.2790127290703,37.89773005602204,37.96363067626953,16011400,XLK
2019-07-17,38.03423252939926,38.11896239578346,37.86006458424457,37.86477279663086,13416000,XLK
2019-07-18,37.780043787227775,38.2036931287586,37.751798103583134,38.1472053527832,16044000,XLK
2019-07-19,38.52848650777307,38.542607553404544,37.93537745205489,37.982452392578125,23359400,XLK
2019-07-22,38.12838269273498,38.514373583749595,38.12367447942707,38.420230865478516,13849400,XLK
2019-07-23,38.64145857919404,38.66970426185483,38.34490584610883,38.63204574584961,11010800,XLK
2019-07-24,38.58025966178636,38.96625040729989,38.58025966178636,38.95212936401367,18514200,XLK
2019-07-25,38.867408629956344,38.867408629956344,38.58497692404371,38.79209518432617,19846800,XLK
2019-07-26,38.81092661852999,38.95214428812453,38.77327168577737,38.876827239990234,22240400,XLK
2019-07-29,38.895653700900134,38.91919117457565,38.55202956964892,38.85329055786133,16946400,XLK
2019-07-30,38.584987721578806,38.76856856136056,38.500257826962994,38.603816986083984,14728000,XLK
2019-07-31,38.81091425143552,38.85328097533954,37.61999163998694,38.020103454589844,33738600,XLK
2019-08-01,38.08601575637211,38.89094776881629,37.638828910804804,37.827117919921875,57666000,XLK
2019-08-02,37.521149742448145,37.53527079003335,36.87155641432892,37.21047592163086,44743800,XLK
2019-08-05,36.217255705303636,36.269035275181814,35.369956917582826,35.65709686279297,55653200,XLK
2019-08-06,36.137219019385,36.381995743452165,35.83595812154325,36.25019454956055,38301600,XLK
2019-08-07,35.83596249935275,36.57499379079536,35.63826068436359,36.47614288330078,41164800,XLK
2019-08-08,36.767995782800625,37.3799341562632,36.673853075182116,37.37051773071289,31983200,XLK
2019-08-09,37.14927511736937,37.25283424133896,36.66443339270609,36.94686508178711,31145200,XLK
2019-08-12,36.69267682424037,36.82918625706618,36.29256495082065,36.4620246887207,21786800,XLK
2019-08-13,36.42908287136403,37.51644678347586,36.349061196298386,37.3752326965332,52085600,XLK
2019-08-14,36.687969510628434,36.85272102390911,36.13251898634385,36.226661682128906,47138600,XLK
2019-08-15,36.25960604925768,36.34904410953244,35.8547860592845,36.1607551574707,31324600,XLK
2019-08-16,36.53263283293041,36.92333186535042,36.48085327001625,36.84801483154297,21694000,XLK
2019-08-19,37.42700186537478,37.52114456382552,37.215175406889976,37.408172607421875,15756200,XLK
2019-08-20,37.361108259937495,37.549393692125044,37.20106133300079,37.21989059448242,16675400,XLK
2019-08-21,37.577624542983536,37.75178885812202,37.488186484087784,37.65764617919922,16802600,XLK
2019-08-22,37.7565072310348,37.84123710139424,37.23400696237061,37.56821823120117,15188200,XLK
2019-08-23,37.36110737072363,37.704731508470445,36.174889064813975,36.32551956176758,40797800,XLK
2019-08-26,36.77269749308517,36.843302715656925,36.5232125385156,36.82918167114258,20717000,XLK
2019-08-27,37.06925400257536,37.135154611274835,36.5608748000533,36.772701263427734,20066000,XLK
2019-08-28,36.57499309927097,36.86684119538958,36.31139068426935,36.80564880371094,14279000,XLK
2019-08-29,37.304613659176404,37.55880325576125,37.17281244420213,37.445831298828125,16241200,XLK
2019-08-30,37.690613915653515,37.73768527689515,37.16811354584765,37.436424255371094,20150800,XLK
2019-09-03,37.125749952970516,37.45525306902573,36.848022819740024,36.97982406616211,23675000,XLK
2019-09-04,37.37993970659432,37.629421151010106,37.342281181429584,37.610591888427734,15458800,XLK
2019-09-05,38.104842218875596,38.5520290737584,38.086016549754454,38.396690368652344,20086600,XLK
2019-09-06,38.48141154189783,38.500240798074714,38.26017227096117,38.363731384277344,18300200,XLK
2019-09-09,38.54260391005549,38.561433166222145,37.874181477049376,38.07659149169922,25221400,XLK
2019-09-10,37.90242399270209,37.90242399270209,37.455240825473915,37.88359832763672,19717000,XLK
2019-09-11,38.00128347045163,38.288419791775006,37.92125822251786,38.27900695800781,18818600,XLK
2019-09-12,38.51436040420442,38.79679205368455,38.32607144077991,38.48611831665039,25542000,XLK
2019-09-13,38.424932936973555,38.424932936973555,38.16133047025985,38.203697204589844,33067200,XLK
2019-09-16,37.888311154844565,38.194280352474635,37.85065622524433,38.10955047607422,15451800,XLK
2019-09-17,38.13778455050462,38.2648811340332,38.048350071284155,38.2648811340332,15402600,XLK
2019-09-18,38.20368961813635,38.28841588734296,37.742381801679194,38.26017379760742,17261400,XLK
2019-09-19,38.37785997492906,38.68382916316859,38.2931301011291,38.34490966796875,16387000,XLK
2019-09-20,38.46909701219193,38.4879849350708,37.79859196125533,37.89775085449219,30027200,XLK
2019-09-23,37.90246532378693,38.12911676706998,37.82219436361474,38.01579284667969,15648400,XLK
2019-09-24,38.26606336154954,38.4124402875745,37.48695351181313,37.647499084472656,35448200,XLK
2019-09-25,37.59554821469838,38.19994728731555,37.25084995476688,38.096065521240234,23913200,XLK
2019-09-26,38.08189727735466,38.27077287228467,37.84108080375636,38.13855743408203,18178600,XLK
2019-09-27,38.13855667239475,38.21883123032586,37.345282071533575,37.628597259521484,25564200,XLK
2019-09-30,37.78915199803933,38.11496241332156,37.73721110277685,38.025245666503906,22002800,XLK
2019-10-01,38.195224917606005,38.45020645524858,37.656931761194784,37.67109680175781,22044600,XLK
2019-10-02,37.420832640534655,37.43027479868684,36.684221819591066,36.96281051635742,39509600,XLK
2019-10-03,36.94865046174495,37.43027984751893,36.4906282757868,37.416114807128906,34944400,XLK
2019-10-04,37.68053902204253,38.08189741111456,37.64276318242338,38.0346794128418,21876800,XLK
2019-10-07,37.90719084093487,38.19050246286582,37.84580779697569,37.87413787841797,21238800,XLK
2019-10-08,37.62861482618042,37.74193879277874,37.1753153572832,37.18003463745117,28733600,XLK
2019-10-09,37.56721070127859,37.87413308725355,37.51055054556167,37.732479095458984,20503000,XLK
2019-10-10,37.69471460015666,38.143291112916785,37.66638091126944,37.992191314697266,18796200,XLK
2019-10-11,38.4596478818329,38.85628702255207,38.398264839728704,38.51631164550781,31941200,XLK
2019-10-14,38.47853744323399,38.65324802013518,38.47381816460355,38.49270248413086,11325600,XLK
2019-10-15,38.648517046029006,39.012103164593576,38.61074120987907,38.91766357421875,16205800,XLK
2019-10-16,38.70518518398245,38.724073104196655,38.506867425486966,38.648521423339844,20066000,XLK
2019-10-17,38.78073508581167,38.88933973152433,38.36993450996977,38.572975158691406,13731800,XLK
2019-10-18,38.51629626309744,38.572960004142324,37.96383829728922,38.204654693603516,17452600,XLK
2019-10-21,38.43131815571674,38.63435880762965,38.294383427449645,38.61547088623047,12678600,XLK
2019-10-22,38.691022434442665,38.827957162223534,38.06773544049338,38.096065521240234,18916000,XLK
2019-10-23,37.978020099383826,38.13384275417775,37.897749132672814,38.129119873046875,17617000,XLK
2019-10-24,38.53519860682804,38.71935133105603,38.393541002420726,38.68629837036133,14508200,XLK
2019-10-25,38.686306023757744,39.200988456753514,38.662695217518035,39.153770446777344,16305400,XLK
2019-10-28,39.49846306407388,39.668450757458636,39.479575142308605,39.64956283569336,14459800,XLK
2019-10-29,39.616501654209564,39.687330445509204,39.27652633797289,39.29069137573242,15520800,XLK
2019-10-30,39.408739729772435,39.57872739466019,39.144316074392414,39.53150939941406,25558600,XLK
2019-10-31,39.59290554271537,39.63540427426026,39.25293010036952,39.507911682128906,22461800,XLK
2019-11-01,39.64011571981168,39.9800910949707,39.578732678047864,39.9800910949707,19841200,XLK
2019-11-04,40.2870098270909,40.31062062695913,40.102857116126,40.18785095214844,20363200,XLK
2019-11-05,40.301189859005675,40.315354903195434,40.00371312350991,40.140647888183594,15799600,XLK
2019-11-06,40.13590728647123,40.15951808469938,39.91870163227998,40.121742248535156,17077200,XLK
2019-11-07,40.39089997391308,40.664769458272225,40.324794043550945,40.43811798095703,28085000,XLK
2019-11-08,40.3342349747536,40.66476821899414,40.17369303519615,40.66476821899414,12573000,XLK
2019-11-11,40.433396310270794,40.74031876900173,40.38145542021618,40.683658599853516,8488000,XLK
2019-11-12,40.74031238146256,40.97168310838253,40.641153498496855,40.82058334350586,16562400,XLK
2019-11-13,40.6600425536725,40.9480770513947,40.650596791696515,40.910301208496094,15372200,XLK
2019-11-14,40.74976656867378,40.89614348295938,40.63643901970754,40.86309051513672,12182600,XLK
2019-11-15,41.15111602536889,41.19361114501953,41.02362346141196,41.19361114501953,14124800,XLK
2019-11-18,41.17944863037406,41.37776640591012,41.023625977094554,41.316383361816406,13022200,XLK
2019-11-19,41.481646064371446,41.5194219061239,41.2455524571724,41.39665222167969,14087400,XLK
2019-11-20,41.30221929391271,41.424988987494636,40.83475492556608,41.14639663696289,24759800,XLK
2019-11-21,41.06612171288631,41.11333971279111,40.85363530956099,40.938629150390625,18755400,XLK
2019-11-22,41.05668357503994,41.12278950768208,40.72615391182925,40.886695861816406,11780000,XLK
2019-11-25,41.0708393525585,41.48163986206055,41.0566707121429,41.48163986206055,14739800,XLK
2019-11-26,41.50525558418526,41.62330238413885,41.43914966441144,41.5194206237793,19454400,XLK
2019-11-27,41.64692310702897,41.75080490112305,41.52415698901198,41.75080490112305,18697000,XLK
2019-11-29,41.64219009445425,41.70829601389474,41.55719625481614,41.62802505493164,11360200,XLK
2019-12-02,41.64691857072463,41.64691857072463,40.85364375973448,41.033077239990234,23167600,XLK
2019-12-03,40.38617536685024,40.69782068452987,40.21146838800214,40.66948699951172,22494400,XLK
2019-12-04,40.93390618607474,40.966959143281954,40.773360677852494,40.834747314453125,13829000,XLK
2019-12-05,40.98112840703892,41.01890424845689,40.79225280245159,40.9858512878418,15620600,XLK
2019-12-06,41.29749415579367,41.476924003913034,41.26444119423214,41.439151763916016,18407000,XLK
2019-12-09,41.36832360514972,41.500535453458184,41.221946716308594,41.221946716308594,11370200,XLK
2019-12-10,41.288057849059335,41.47221060422071,41.15112310246441,41.2550048828125,12350800,XLK
2019-12-11,41.363608316220606,41.57137188884082,41.27861445492173,41.53359603881836,9879000,XLK
2019-12-12,41.41553599865874,42.03882291520015,41.316377125856945,41.977439880371094,24189400,XLK
2019-12-13,41.93494738565723,42.35047446002199,41.85467641992867,42.25603485107422,26256200,XLK
2019-12-16,42.577117673915374,42.780158307885294,42.567675515301524,42.63378143310547,19744600,XLK
2019-12-17,42.709340635108674,42.728228559758925,42.477969862523864,42.53463363647461,14919400,XLK
2019-12-18,42.58655571669386,42.695156732330894,42.51572693116875,42.52989196777344,12970200,XLK
2019-12-19,42.55824535354896,42.84156065084391,42.54408030918495,42.83683776855469,13724000,XLK
2019-12-20,43.09027906134495,43.137651117182216,42.9765854044843,43.085540771484375,23400800,XLK
2019-12-23,43.21817866516702,43.31766104616346,43.15659175246296,43.208702087402344,15530400,XLK
2019-12-24,43.28450256540903,43.28450256540903,43.123433263101774,43.22291564941406,4890800,XLK
2019-12-26,43.312918412936654,43.55452052212666,43.28449591100433,43.5450439453125,8269200,XLK
2019-12-27,43.72033660270061,43.72033660270061,43.431362372037924,43.540321350097656,19332200,XLK
2019-12-30,43.53083629052626,43.53557457932478,42.95762623058801,43.28923416137695,16491200,XLK
2019-12-31,43.14238077628366,43.473988715061516,43.08553215209797,43.42661666870117,11601800,XLK
2020-01-02,43.81981102318849,44.24142837524414,43.73453989500558,44.24142837524414,26567000,XLK
2020-01-03,43.597156505456105,44.04719995652094,43.592418216806614,43.74401092529297,30023600,XLK
2020-01-06,43.30818677876201,43.895611746824216,43.22765393474329,43.848236083984375,15630000,XLK
2020-01-07,43.92403237534227,44.047202587800115,43.76296307993503,43.82928466796875,15363600,XLK
2020-01-08,43.87666521770305,44.492509120101175,43.796128753897975,44.298282623291016,23254400,XLK
2020-01-09,44.70568619963415,44.828852804465654,44.47829530395442,44.80043029785156,15554800,XLK
2020-01-10,44.994648205363966,45.05623149109227,44.620402974581154,44.696197509765625,15330600,XLK
2020-01-13,44.89991506791194,45.30732121752641,44.8762308492286,45.255210876464844,15524400,XLK
2020-01-14,45.31205497741,45.35468873533171,44.9709704570143,45.042030334472656,16134600,XLK
2020-01-15,45.07044364398833,45.31204573235023,44.94253878206424,45.09413146972656,14417000,XLK
2020-01-16,45.38311523985614,45.709984896128624,45.32152832555055,45.70051193237305,11543200,XLK
2020-01-17,45.91368278279147,46.05106423444019,45.66734599607125,46.00843048095703,21661000,XLK
2020-01-21,45.866312673959754,46.254769217173006,45.856839710871505,45.98948287963867,17975000,XLK
2020-01-22,46.278458906920086,46.477423668070294,46.11738961390176,46.15528869628906,15491600,XLK
2020-01-23,46.202661020074565,46.411102360203174,46.003696257727505,46.37320327758789,14956400,XLK
2020-01-24,46.7142875116078,46.818508181045175,45.99421940327074,46.15528869628906,23617400,XLK
2020-01-27,45.07993172826979,45.411539687731434,44.86675208496814,45.056243896484375,35574600,XLK
2020-01-28,45.44943332275954,46.04159290382841,45.35468562123536,45.91842269897461,31184400,XLK
2020-01-29,46.2974169558481,46.3637385550856,45.85211169160539,46.036865234375,21126600,XLK
2020-01-30,46.01791623460151,46.47743275922828,45.738418579399074,46.43479537963867,19933600,XLK
2020-01-31,46.16476181258144,46.188449642715774,44.99939213222972,45.16046142578125,26964600,XLK
2020-02-03,45.21257833595908,45.871059629795994,45.16046799348946,45.757362365722656,25075600,XLK
2020-02-04,46.553230567377945,47.05538450657335,46.43953690431288,46.955902099609375,19097800,XLK
2020-02-05,47.728059693394755,47.75174752107861,46.88956336151007,47.23064422607422,32697000,XLK
2020-02-06,47.424883114881325,47.67595823231155,47.211707083093025,47.661746978759766,13505600,XLK
2020-02-07,47.4390900136843,47.62384352140927,47.13116629605754,47.225914001464844,16598000,XLK
2020-02-10,46.95116834535522,47.87493622373303,46.941691764201394,47.86546325683594,16347600,XLK
2020-02-11,48.23021809459074,48.272855468872606,47.5622638877241,47.70438003540039,15105800,XLK
2020-02-12,48.0312570753913,48.239698445390374,47.76123239800885,48.22074890136719,12152800,XLK
2020-02-13,47.84175937015155,48.34391318941647,47.77069949236113,48.09283447265625,14802800,XLK
2020-02-14,48.187587327288604,48.38181382545214,48.03599459179904,48.3012809753418,12392400,XLK
2020-02-18,47.91282024794548,48.225482271046786,47.86070991076193,48.12126159667969,20633200,XLK
2020-02-19,48.433910189398155,48.76552168738156,48.4007494010253,48.694461822509766,16615600,XLK
2020-02-20,48.59024791312937,48.70867983293462,47.52909892366579,48.18758010864258,26324600,XLK
2020-02-21,47.94123328246635,47.983870647309075,46.81376285777755,47.10747528076172,29899000,XLK
2020-02-24,44.84779941643411,45.814204334976964,44.435658640437964,45.16046142578125,42365200,XLK
2020-02-25,45.56787641893609,45.73368041946391,43.554533349333326,43.715599060058594,62934400,XLK
2020-02-26,43.88139761465441,44.866752144440404,43.582950450743326,43.91455841064453,55759600,XLK
2020-02-27,42.47441917617819,43.37449874226415,41.51748738160103,41.5459098815918,67825800,XLK
2020-02-28,39.89261400655619,42.26125279293945,39.8215541201135,41.86332321166992,111854400,XLK
2020-03-02,42.61654545516149,44.29354202545074,41.86805478666834,44.2840690612793,70008600,XLK
2020-03-03,44.53513501590492,44.84305869485147,42.15228564163082,42.602325439453125,94989200,XLK
2020-03-04,43.52135963025621,44.44512708345254,42.91972350288828,44.43091583251953,44727600,XLK
2020-03-05,43.24661232701516,44.07089770668018,42.74919667945075,43.0286979675293,49019000,XLK
2020-03-06,41.58855665216038,42.37020810699057,40.972709175201885,42.11913299560547,57631800,XLK
2020-03-09,38.6467077010779,40.74058332550212,38.60880861660957,38.921470642089844,59119800,XLK
2020-03-10,40.58899209818797,41.522236305654545,39.139386399263465,41.51749801635742,71164600,XLK
2020-03-11,40.40423209063603,40.655307169268916,38.99252208979232,39.55625915527344,63304200,XLK
2020-03-12,36.68547392843172,38.79829901851419,35.52957719383067,35.69538116455078,65490600,XLK
2020-03-13,37.940839375295866,39.973131085851115,36.14541506417519,39.88312530517578,65849600,XLK
2020-03-16,33.975743047933506,37.52396165526316,33.724668005621446,34.37367248535156,81244800,XLK
2020-03-17,35.183748292579736,37.15919518929215,34.079965699073526,36.713890075683594,100814600,XLK
2020-03-18,34.274197837814256,35.91803350946775,33.2888433697546,35.33061218261719,107412400,XLK
2020-03-19,35.00373704043282,36.661783875640644,34.165240659757174,35.45851516723633,123454200,XLK
2020-03-20,36.12646935641272,36.49597632217401,33.71993217651239,33.83362579345703,90444000,XLK
2020-03-23,33.66266544031319,34.39125272639016,32.42930238997136,33.524566650390625,84958400,XLK
2020-03-24,35.55319247640381,36.986555841061225,35.41033062642419,36.957984924316406,75329000,XLK
2020-03-25,37.23894250510229,38.61516405639121,36.200823461705426,36.91036605834961,57480800,XLK
2020-03-26,37.37704725322155,39.29137893546615,37.28657145681811,39.196136474609375,56425800,XLK
2020-03-27,37.98182190211093,38.69612394984479,37.26275682344965,37.42466354370117,58485400,XLK
2020-03-30,37.924676533699575,39.091368428259194,37.80562619208622,39.000892639160156,47480200,XLK
2020-03-31,38.91041261213994,39.610429191246446,38.07229720293308,38.27230453491211,39988800,XLK
2020-04-01,36.94846510366828,37.73896117631028,36.177021156244294,36.448455810546875,54984800,XLK
2020-04-02,36.3198764484818,37.34847313904181,36.172255188182724,37.30085372924805,44223600,XLK
2020-04-03,37.13894034985983,37.538951352413555,36.26273165504429,36.724647521972656,31572000,XLK
2020-04-06,38.33898248121935,40.119975013504124,38.09611870718492,39.858062744140625,35987200,XLK
2020-04-07,41.262851416655906,41.27713687714073,39.458047701797476,39.50090408325195,44298800,XLK
2020-04-08,40.019958856760525,40.729497797206925,39.64375938279829,40.562828063964844,27428600,XLK
2020-04-09,41.04379917204539,41.25332531416643,40.28663706893056,40.572357177734375,39259800,XLK
2020-04-13,40.410455607987195,40.71998727918364,39.83425228560797,40.662841796875,25301600,XLK
2020-04-14,41.56762290803643,42.44383178790138,41.40095313557608,42.36764144897461,31779000,XLK
2020-04-15,41.52475141327288,41.78190054819226,41.13426649723847,41.44379806518555,25858200,XLK
2020-04-16,41.986674863265144,42.05334276591114,41.26285036319658,41.948577880859375,23667600,XLK
2020-04-17,42.69145938844568,42.700981818572224,41.89144083205687,42.505741119384766,28284800,XLK
2020-04-20,41.92953295127935,42.486687693782784,41.76762259289505,41.82476806640625,20407000,XLK
2020-04-21,41.23428244845538,41.334287951653245,39.829489602510066,40.07235336303711,32765000,XLK
2020-04-22,41.043782939304045,41.84380110742598,40.896158095523596,41.6152229309082,24032000,XLK
2020-04-23,41.710468581147595,42.18191046657121,41.29617579066482,41.32950973510742,21169600,XLK
2020-04-24,41.50094312000357,42.21524505448512,41.234267927270416,42.205718994140625,16885000,XLK
2020-04-27,42.58668688719724,42.71050025550613,42.31048923217277,42.5676383972168,15598600,XLK
2020-04-28,43.0962220439339,43.124792962246055,41.94381565238936,42.00095748901367,25267600,XLK
2020-04-29,42.89622589372272,43.87719968166387,42.7438415807112,43.724815368652344,22925800,XLK
2020-04-30,43.815295485101366,43.815295485101366,43.20575822357164,43.52957534790039,30861200,XLK
2020-05-01,42.5724093436019,43.16766114193769,42.17239824589335,42.33430862426758,23990200,XLK
2020-05-04,42.139066572568765,42.93908517818253,41.94382586136819,42.8962287902832,21458000,XLK
2020-05-05,43.3867115474744,44.039108799005625,43.310517576582356,43.48671340942383,17374600,XLK
2020-05-06,43.90577485153822,44.24864049725803,43.62958075526743,43.82482147216797,16941000,XLK
2020-05-07,44.42005942799759,44.73435404932322,44.35339153252752,44.48196792602539,21088800,XLK
2020-05-08,44.9057942550568,45.196277404764345,44.64388202724559,45.134368896484375,15221600,XLK
2020-05-11,44.82483117645292,45.701043538124544,44.73435539167308,45.43437194824219,20768800,XLK
2020-05-12,45.620093321153014,45.748666094229364,44.46292383095313,44.49625778198242,27042000,XLK
2020-05-13,44.520060790539254,44.86292632532806,43.153365315030484,43.72956848144531,33942200,XLK
2020-05-14,43.42480083808093,44.315295008033694,42.94859950377366,44.28672409057617,30475200,XLK
2020-05-15,43.58670077161728,44.52005480577987,43.46288742667029,44.51053237915039,28032800,XLK
2020-05-18,45.38675090717897,45.85819287408651,45.229607218004546,45.601043701171875,20033400,XLK
2020-05-19,45.620090181642816,46.13914790239639,45.41532345851803,45.43437194824219,20092800,XLK
2020-05-20,46.06295306467188,46.51534284364241,46.03914154656709,46.42962646484375,18192000,XLK
2020-05-21,46.38201626602163,46.52011510555375,45.75818997253126,45.78200149536133,20581600,XLK
2020-05-22,45.71533557357685,46.00581872568423,45.52961731345947,45.948673248291016,18489600,XLK
2020-05-26,46.86773099428684,46.901064939905005,45.862945962346636,45.90104293823242,26001400,XLK
2020-05-27,45.896281033182106,46.18200472620287,44.92007052578675,46.16295623779297,38856800,XLK
2020-05-28,45.99152970088956,46.915357898493916,45.9581957499419,46.07248306274414,21147400,XLK
2020-05-29,46.21057880279122,46.7629704719479,45.82485687721078,46.653446197509766,35555000,XLK
2020-06-01,46.434397233753764,46.739165824023885,46.229630496560254,46.639163970947266,26719400,XLK
2020-06-02,46.734401132958034,47.077266693115234,46.29153372327632,47.077266693115234,22415200,XLK
2020-06-03,47.26775083515599,47.59632732266158,47.062984092795915,47.44394302368164,22035800,XLK
2020-06-04,47.25822974608658,47.586809901298786,46.79155437084322,47.053462982177734,15138800,XLK
2020-06-05,47.38680814662563,48.42968687008132,47.30585113751297,48.29159164428711,20756400,XLK
2020-06-08,48.205870214741154,48.55349520863732,47.76300275920133,48.534446716308594,16130200,XLK
2020-06-09,48.29158879242355,49.00112790632098,48.24872877446809,48.76302719116211,14707800,XLK
2020-06-10,49.115404233607826,49.94875655004618,49.024924819507916,49.57732009887695,24389600,XLK
2020-06-11,48.71539715016063,48.78682444262747,46.720112429690225,46.734397888183594,39742000,XLK
2020-06-12,47.98680664729393,48.22490731339431,46.51534627469496,47.339176177978516,43287000,XLK
2020-06-15,46.47724234152973,48.010610983070464,46.32485808335267,47.796321868896484,29924000,XLK
2020-06-16,48.93921272377139,49.23445887824665,48.05824092440359,48.81540298461914,27935800,XLK
2020-06-17,49.091597782627886,49.26779359850645,48.724924324114085,48.805877685546875,17324200,XLK
2020-06-18,48.715408647277904,49.07731912494883,48.61064374943103,49.02493667602539,13717200,XLK
2020-06-19,49.61541960699095,49.67256144354476,48.45348715535736,48.686824798583984,31280000,XLK
2020-06-22,48.74937594518378,49.64710410757565,48.67297564125254,49.6041259765625,14738000,XLK
2020-06-23,50.048213818696645,50.53527987263458,49.890637053613865,49.96226119995117,19028000,XLK
2020-06-24,49.756940445278886,50.03389934557785,48.567932009146276,48.8353385925293,25425600,XLK
2020-06-25,48.9069587508439,49.51340327024514,48.37691818225955,49.46087646484375,20534400,XLK
2020-06-26,49.365371313459605,49.436999106256366,48.33871964155589,48.48674774169922,44275600,XLK
2020-06-29,48.481979302921786,49.02157227051165,47.89941183869633,49.01679611206055,18547200,XLK
2020-06-30,49.02156876898631,50.095974825830524,48.954713484870545,49.895416259765625,16500000,XLK
2020-07-01,49.928834914916976,50.26786922924462,49.69963036250932,49.97658920288086,21709200,XLK
2020-07-02,50.449325588431556,50.721508264950025,50.16281808311853,50.26786804199219,19144600,XLK
2020-07-06,50.91729901893134,51.38526418117319,50.88864935457785,51.146507263183594,16046200,XLK
2020-07-07,51.08920050715267,51.604916286165036,50.55915989702461,50.61168670654297,15863600,XLK
2020-07-08,51.01279912014559,51.442562260280056,50.740616405250606,51.43778610229492,13327000,XLK
2020-07-09,51.85800037566148,51.8675526922671,50.88387174094538,51.624019622802734,17767800,XLK
2020-07-10,51.50463419558208,51.633561307175626,50.998470778238826,51.60968780517578,14724600,XLK
2020-07-13,52.04900347157646,52.39281398566744,50.41113101477277,50.54005813598633,28910400,XLK
2020-07-14,50.138946235642685,51.194251238282625,49.604129497598414,51.122623443603516,30053200,XLK
2020-07-15,51.5905919746729,51.843673708642505,50.79791730896916,51.39958572387695,23779200,XLK
2020-07-16,50.85044848769488,50.99370409888455,50.37293464125131,50.764495849609375,17180600,XLK
2020-07-17,51.06532129827927,51.156046432923816,50.54482941932768,51.012794494628906,12710400,XLK
2020-07-20,51.15606632079661,52.44057996612196,50.869558689680844,52.31642532348633,17018400,XLK
2020-07-21,52.68886605926379,52.70796704667015,51.60013527908698,51.791141510009766,18794800,XLK
2020-07-22,51.838897262133436,52.36893787465153,51.79592276859255,52.20658493041992,15028000,XLK
2020-07-23,51.9296231326915,52.27343363426567,50.62123640671512,50.850440979003906,23349600,XLK
2020-07-24,50.00047054740805,50.56393698825174,49.40835444380423,50.23445129394531,22911600,XLK
2020-07-27,50.54005640489889,51.07964930447564,50.43977894891389,51.027122497558594,16908000,XLK
2020-07-28,50.86954482590104,51.027125255168144,50.39203102313371,50.430233001708984,17825400,XLK
2020-07-29,50.62123458615417,51.29930324923859,50.62123458615417,51.160823822021484,13187000,XLK
2020-07-30,50.697637791169136,51.48076010884903,50.425455078843086,51.44733428955078,21556800,XLK
2020-07-31,52.259115803692985,52.75095447588012,51.40914175158612,52.73185348510742,25185800,XLK
2020-08-03,53.44812557216094,54.20259833228073,53.424248422316786,54.03069305419922,24327000,XLK
2020-08-04,53.91608483418442,54.17393907987334,53.68210044943751,54.169166564941406,17971600,XLK
2020-08-05,54.341066984682286,54.493871241142735,54.09753394861878,54.36971664428711,12960200,XLK
2020-08-06,54.32674003397312,55.18626627761008,54.20736159142026,55.13373947143555,16399400,XLK
2020-08-07,54.914080599919686,54.91885675744256,53.88264916342233,54.31241226196289,27476200,XLK
2020-08-10,54.417472453314275,54.50820124152375,53.429019028635246,54.15961456298828,16481200,XLK
2020-08-11,53.98293278434704,54.21213735221116,53.07565589896103,53.185482025146484,18844400,XLK
2020-08-12,53.615254373223145,54.53685624735389,53.548402725826435,54.39360427856445,14196800,XLK
2020-08-13,54.4699920126546,54.87110544748436,54.22168647158148,54.41746520996094,11453600,XLK
2020-08-14,54.441347770039755,54.53684906999754,54.07843627254626,54.379268646240234,8334200,XLK
2020-08-17,54.708761676208894,54.86634212114189,54.6419100286267,54.7421875,8174600,XLK
2020-08-18,54.84723611811214,55.09554169456465,54.48432460501273,54.947513580322266,8930000,XLK
2020-08-19,55.08599208983559,55.329525147165256,54.789932223216375,54.88066101074219,14239400,XLK
2020-08-20,54.675332803350486,55.72108924286172,54.618029832986394,55.61125946044922,12803000,XLK
2020-08-21,55.66377892702802,56.380049567923024,55.6351292671973,56.31797409057617,15288600,XLK
2020-08-24,57.129747966104915,57.14884895435424,56.33230083318595,56.80503845214844,16440600,XLK
2020-08-25,56.67611424414214,57.115426067000065,56.5901616141794,57.091548919677734,18628200,XLK
2020-08-26,57.68843336421357,58.40470396925478,57.55950625828806,58.25189971923828,16463000,XLK
2020-08-27,58.495442141204734,58.76284871090217,57.774395262894814,58.299659729003906,18174200,XLK
2020-08-28,58.52886524948268,59.00160288275436,58.45246493731384,58.81060028076172,13092600,XLK
2020-08-31,59.04459209011617,59.37885034942266,58.67690436173723,58.99684143066406,19040000,XLK
2020-09-01,59.52687556757874,60.200168170855854,59.15441172137239,60.1237678527832,25612600,XLK
2020-09-02,60.98328649256441,60.98806265060726,59.59849575456926,60.65857696533203,40395000,XLK
2020-09-03,59.68922828092145,59.736978934917914,56.728644015444296,57.20138168334961,54162000,XLK
2020-09-04,56.881448305099326,57.693220352620024,53.982939524943845,56.403934478759766,62544200,XLK
2020-09-08,54.259897580387076,55.54918716403826,53.758510222696245,53.85401153564453,47860400,XLK
2020-09-09,55.16717145876622,56.155624927913365,54.56550302093798,55.61125946044922,36783800,XLK
2020-09-10,56.375277587588116,56.46123021659015,54.02591058572062,54.35539627075195,32109800,XLK
2020-09-11,54.866338453073524,55.07644205579623,53.25233941555686,53.93996047973633,37166400,XLK
2020-09-14,54.83768233548775,55.36772293809767,54.579828092780176,55.0716667175293,24730200,XLK
2020-09-15,55.912084029608536,56.0123651244908,55.24356768466573,55.61602783203125,18260400,XLK
2020-09-16,55.86433587827319,55.94073983147473,54.703977251797085,54.75650405883789,19637000,XLK
2020-09-17,53.47677495662643,54.68011189687766,53.39082231803705,54.30287551879883,30403600,XLK
2020-09-18,54.39360264707317,54.48910395673498,52.7079757507249,53.366947174072266,41837600,XLK
2020-09-21,52.403572383845116,53.834499959019446,52.21692981539674,53.81057357788086,38381800,XLK
2020-09-22,54.4183611534044,54.80121978804427,53.49471807470545,54.66243362426758,25537400,XLK
2020-09-23,54.69113968414376,54.74378283089157,52.7959973548527,52.95871353149414,23707800,XLK
2020-09-24,52.46578848011081,53.91586308847104,52.398788766997065,53.25543212890625,31838600,XLK
2020-09-25,53.28415345905704,54.69115495367251,52.94915484186816,54.5284423828125,19326600,XLK
2020-09-28,55.43293395956387,55.57650320909467,54.97350578888636,55.571720123291016,17473200,XLK
2020-09-29,55.49992691666605,55.734425884867115,55.265427948464975,55.38507080078125,20851000,XLK
2020-09-30,55.356360911830386,56.41879015660702,55.332434529120164,55.84928894042969,22318400,XLK
2020-10-01,56.62457746089912,56.701150650406454,56.07900626489657,56.43793487548828,27076400,XLK
2020-10-02,55.05006964453421,55.96414280576388,54.78685755528291,55.00699996948242,37251600,XLK
2020-10-05,55.39943501817041,56.24650492314968,55.3659351609387,56.21300506591797,12270600,XLK
2020-10-06,56.0790033488899,56.61021795704028,55.1457904703611,55.342002868652344,26862200,XLK
2020-10-07,55.921069454614646,56.46664057895546,55.87799977958203,56.356571197509766,12992400,XLK
2020-10-08,56.849501477236906,56.849501477236906,56.45707304468396,56.648502349853516,10109600,XLK
2020-10-09,56.9164990135423,57.52906984573136,56.90214245516446,57.514713287353516,14425400,XLK
2020-10-12,58.361786783771905,59.47207240013984,58.06985790759146,59.08443069458008,19163800,XLK
2020-10-13,59.27586106655969,59.38114737148954,58.481430693878494,58.70635986328125,17613800,XLK
2020-10-14,58.84993547141753,59.16100766361538,57.95979222664737,58.39529037475586,14534000,XLK
2020-10-15,57.428583164858985,58.24694003681291,57.2754404224678,58.132083892822266,13185000,XLK
2020-10-16,58.45271800530353,58.687216999058634,57.91193356833877,57.964576721191406,11544200,XLK
2020-10-19,58.256499542200544,58.47664195339738,56.72506883431242,56.90214157104492,16616400,XLK
2020-10-20,57.117501450315785,57.70135919965633,56.74900304278024,57.098358154296875,14566600,XLK
2020-10-21,56.95957913219476,57.55779351568837,56.88300958973721,57.01222229003906,12171800,XLK
2020-10-22,57.03614963109164,57.22279221782653,56.093363223055555,56.74422073364258,13486400,XLK
2020-10-23,56.825576088138064,56.83514956234447,56.20821844540701,56.6820068359375,10312800,XLK
2020-10-26,56.05507336434382,56.504931701672106,54.76293189276358,55.45207595825195,18189200,XLK
2020-10-27,55.72008258085593,55.9641550799772,55.4137970981673,55.729652404785156,19064800,XLK
2020-10-28,54.671999368470026,54.70549922266108,53.274571663342755,53.365501403808594,32756600,XLK
2020-10-29,53.57128844311341,54.88257317325574,53.537788588186025,54.255645751953125,19409000,XLK
2020-10-30,53.49472062495864,53.82972285904172,52.43707806907792,53.05443572998047,25848600,XLK
2020-11-02,53.461216367226655,53.89671814033302,52.681146216325764,53.18843078613281,24039800,XLK
2020-11-03,53.60478938117788,54.605001963656015,53.38464695131969,54.12643051147461,20970200,XLK
2020-11-04,55.77271904789426,56.65328879215497,55.2127913093452,56.232147216796875,30763800,XLK
2020-11-05,57.71092513729067,58.146426877182115,57.47163942997717,57.97892761230469,22189800,XLK
2020-11-06,57.840143257585574,58.37135783639175,57.050499668721514,58.184715270996094,19455200,XLK
2020-11-09,59.41943705095239,59.993721369769396,57.71093335236889,57.76357650756836,39768200,XLK
2020-11-10,57.26107072757158,57.66306896494271,56.22735471511413,56.68678283691406,23538400,XLK
2020-11-11,57.26107769734204,58.18950387574887,57.1462215657144,58.031578063964844,14488600,XLK
2020-11-12,58.03157129621684,58.31871341740419,57.246714461073346,57.514713287353516,14352800,XLK
2020-11-13,57.95021786886246,58.12250389110812,57.404646682154734,58.00286102294922,11851600,XLK
2020-11-16,58.00764150135319,58.66806874789853,57.88799864610301,58.56278610229492,14864200,XLK
2020-11-17,58.2708655808711,58.55322100708049,57.98850650345101,58.23736572265625,9939400,XLK
2020-11-18,58.13686776759809,58.41443646430628,57.5912928952835,57.6152229309082,9542800,XLK
2020-11-19,57.50036618175885,58.18472356955234,57.246723872158945,58.079437255859375,12155200,XLK
2020-11-20,58.13208160237966,58.14643816341145,57.46208076161258,57.481224060058594,9915800,XLK
2020-11-23,57.658291038868306,58.036359278754155,56.96914696889925,57.466861724853516,9807000,XLK
2020-11-24,57.687000330237076,58.38092743988351,57.27064187372308,58.26607131958008,13634000,XLK
2020-11-25,58.46707246213077,58.634571737360154,58.170360503498834,58.3905029296875,12186400,XLK
2020-11-27,58.70158004760742,58.95043561304125,58.591506999627995,58.70158004760742,7025800,XLK
2020-11-30,58.682430048212645,59.180144773449115,58.017216052754826,59.09400177001953,32229200,XLK
2020-12-01,59.58214839081144,60.180362732084646,59.33329283137444,59.85014724731445,22681200,XLK
2020-12-02,59.596500122321146,59.826216017291216,59.14664180574367,59.75921630859375,16038800,XLK
2020-12-03,59.82621831059938,60.12293027443043,59.56300255119078,59.72093200683594,13775400,XLK
2020-12-04,59.80708146854733,60.328722655583206,59.677865117725595,60.31915283203125,10358800,XLK
2020-12-07,60.35264603088387,60.66850129019276,60.247359727377436,60.491432189941406,8905400,XLK
2020-12-08,60.43400647063494,60.87907809721069,60.17557743089315,60.68764877319336,7886800,XLK
2020-12-09,60.64935736125706,60.83121318551623,59.31892575326259,59.52471160888672,17271800,XLK
2020-12-10,59.16101180681363,59.89322563819454,59.022225629768556,59.61086654663086,9997400,XLK
2020-12-11,59.25193608797677,59.4864387512207,58.816437922772344,59.4864387512207,13023200,XLK
2020-12-14,59.66829381223823,60.23779505652208,59.63000721655966,59.7017936706543,11055800,XLK
2020-12-15,60.3478686577496,60.697227478027344,59.96022689033796,60.697227478027344,9099200,XLK
2020-12-16,60.7785569026511,61.324127908735626,60.57755782697983,61.10877227783203,10309200,XLK
2020-12-17,61.55385742024898,61.72614343394843,61.30021513652768,61.59214401245117,11505000,XLK
2020-12-18,61.68307069833364,61.69264417151479,60.98435685572761,61.37678527832031,17693400,XLK
2020-12-21,60.59873610605935,61.46696663575188,60.05668855837001,61.43818664550781,15232200,XLK
2020-12-22,61.77876708070349,62.2488647095339,61.495754049900434,61.970645904541016,14334200,XLK
2020-12-23,62.04259725140277,62.08576724292853,61.409415417404915,61.50055694580078,11300800,XLK
2020-12-24,61.6060824623735,62.06179011404625,61.56291246992946,61.908287048339844,4384600,XLK
2020-12-28,62.52229144975054,62.73335452826166,62.229682603529184,62.608638763427734,8171000,XLK
2020-12-29,62.949205474035956,63.03075123350825,62.20089632176868,62.311222076416016,8841400,XLK
2020-12-30,62.52707243406341,62.6565823828459,62.186492156749196,62.27763366699219,8141400,XLK
2020-12-31,62.306428136732976,62.546271190199406,61.86511779668623,62.36878967285156,11058400,XLK
2021-01-04,62.68537551874792,62.69977283550412,60.55557174088294,61.35185241699219,21017200,XLK
2021-01-05,61.21273869373232,61.85072203482739,61.174362930422646,61.74998474121094,12361400,XLK
2021-01-06,60.86736085824527,61.869902917530496,60.49800422053861,60.685081481933594,27258000,XLK
2021-01-07,61.27030223937046,62.440733740704474,61.24631647241224,62.3208122253418,19652000,XLK
2021-01-08,62.62781531312199,62.89164412892511,62.01381769785052,62.723751068115234,12387600,XLK
2021-01-11,62.11454664980196,62.64699843579428,61.946653611557515,62.20568084716797,17853200,XLK
2021-01-12,62.12894587543554,62.21049163430619,61.31827519331754,61.908287048339844,17089200,XLK
2021-01-13,61.98982018943387,62.49349195704775,61.869898688546165,62.30162048339844,13605200,XLK
2021-01-14,62.45512115222499,62.58463843289643,61.6636421113589,61.754783630371094,15624800,XLK
2021-01-15,61.66363718657695,61.93705440234888,60.99687393478353,61.12158966064453,12641200,XLK
2021-01-19,61.54373024116014,62.023416357896494,61.3278692928,61.917884826660156,11569600,XLK
2021-01-20,62.39275562210134,63.36651752429085,62.30640834417977,63.14585876464844,11770000,XLK
2021-01-21,63.486453524093214,64.17240108256762,63.14587319796563,63.96133804321289,8945200,XLK
2021-01-22,63.6927119269398,64.03808646195176,63.56319464645328,63.716697692871094,11243600,XLK
2021-01-25,64.43623806261222,64.65688958127637,62.694975086292686,64.24916076660156,18205200,XLK
2021-01-26,64.47461859347281,64.5753485883033,64.04769820337849,64.2923355102539,8593400,XLK
2021-01-27,63.98530715180626,64.19157591181146,62.50787358039976,63.07870101928711,24484600,XLK
2021-01-28,63.40010719802215,64.39306087944995,63.18424992971176,63.337745666503906,16181600,XLK
2021-01-29,63.02116115931959,63.27059265736925,61.51014557666003,61.845924377441406,19023200,XLK
2021-02-01,62.579844635828756,63.70230822418942,62.11934281219383,63.39530944824219,11232600,XLK
2021-02-02,64.00930714851002,64.44102166213308,63.91816562866269,64.25394439697266,8595000,XLK
2021-02-03,64.38344810927876,64.51775958829505,63.84140064933157,64.03327941894531,11574800,XLK
2021-02-04,64.37867138991689,65.05502319335938,64.19159411331728,65.05502319335938,8134200,XLK
2021-02-05,65.25170587739717,65.26130164976081,64.72404818884276,64.9111328125,9413800,XLK
2021-02-08,65.17495323890702,65.62106515342616,65.08381170156282,65.59228515625,11713200,XLK
2021-02-09,65.41958244733922,65.82731117702987,65.40039090745503,65.51551818847656,10552200,XLK
2021-02-10,65.77935072101273,65.86089647160568,64.86314860408231,65.41958618164062,9464400,XLK
2021-02-11,65.86089559480754,66.18228436736996,65.60666257592342,66.13911437988281,7565800,XLK
2021-02-12,65.96643783447792,66.5228681756575,65.78415476510581,66.47969818115234,6755600,XLK
2021-02-16,66.74351046807136,66.79148199636047,66.09113720824845,66.26382446289062,9722200,XLK
2021-02-17,65.65461836286372,65.8225113852264,65.01663512508364,65.67860412597656,15274800,XLK
2021-02-18,64.99745139025767,65.46754160917561,64.5321553962271,65.35721588134766,10954800,XLK
2021-02-19,65.69300604056714,65.75057334636956,64.9686827074583,65.26129150390625,11685600,XLK
2021-02-22,64.46021462631612,64.67127766232272,63.78385552986629,63.82223129272461,14262600,XLK
2021-02-23,62.76210920514733,64.03807561450326,61.69241156454684,63.64472961425781,24198400,XLK
2021-02-24,63.169861004565675,64.67607500199321,62.68537337965145,64.61851501464844,16472200,XLK
2021-02-25,64.04287960530134,64.469799881724,62.08096548777629,62.35918426513672,34313800,XLK
2021-02-26,62.977969858530564,63.65432885520759,62.133725158470845,62.690162658691406,35511600,XLK
2021-03-01,63.7550700174072,64.74801626246528,63.35213552142502,64.70964050292969,24773800,XLK
2021-03-02,64.80079016141963,64.84396015153763,63.59198652154395,63.68312072753906,24802800,XLK
2021-03-03,63.37611391037446,63.5583969381498,62.01380738549488,62.080963134765625,29889600,XLK
2021-03-04,61.8890992598401,62.340005340092816,59.94157131259057,60.709068298339844,76955600,XLK
2021-03-05,61.466962416492855,62.02819414601116,59.82163932572475,61.855506896972656,46085800,XLK
2021-03-08,61.79796025694479,62.09536329247139,60.296540443214234,60.35890197753906,35242400,XLK
2021-03-09,61.76917919012995,62.79570711884131,61.68763343404409,62.411956787109375,22987200,XLK
2021-03-10,63.08352555944258,63.093121332279615,62.114564766374194,62.16252899169922,18459000,XLK
2021-03-11,63.097902990237344,63.884587859279335,62.963591474993244,63.491249084472656,13362800,XLK
2021-03-12,62.73334079654527,63.054729570500214,62.330406272729654,63.035545349121094,12442200,XLK
2021-03-15,63.083506617133416,63.745475674945624,62.834075153708774,63.70709991455078,16585000,XLK
2021-03-16,64.1963862369409,64.80078803706472,63.91337321842939,64.1867904663086,13106800,XLK
2021-03-17,63.66872950405885,64.51777589049644,63.18424921229177,64.13402557373047,19366400,XLK
2021-03-18,63.256193942862645,63.366526998894315,62.27763766980689,62.35438919067383,17584800,XLK
2021-03-19,62.36877987700752,62.642197108912306,61.86990230527237,62.16731262207031,27224800,XLK
2021-03-22,62.50041411745444,63.697348555871606,62.399464216263546,63.38970184326172,15984200,XLK
2021-03-23,63.562780579927505,63.8415866777455,62.827312230549424,62.99555969238281,12929200,XLK
2021-03-24,63.37530856785792,63.384924594671496,62.22163473612587,62.23125076293945,14209400,XLK
2021-03-25,61.861100168715325,62.47158940659667,61.3948219688605,62.19278335571289,22573000,XLK
2021-03-26,62.159144159400036,63.84158951293366,62.1351077588022,63.7742919921875,14883200,XLK
2021-03-29,63.582029892617854,63.759886094638375,62.961924356853295,63.442623138427734,17317800,XLK
2021-03-30,62.99556676089244,63.06286428620115,62.46199090491618,62.841739654541016,13235400,XLK
2021-03-31,63.32242028909538,64.23094028893648,63.269543153236775,63.841575622558594,15430400,XLK
2021-04-01,64.53860044474177,65.12986508675866,64.4761146056977,65.12505340576172,14351600,XLK
2021-04-05,65.50479914265645,66.58637097394731,65.41826958201642,66.47100067138672,12866800,XLK
2021-04-06,66.36524932810099,66.58156223694559,65.96626859918024,66.18739318847656,11315600,XLK
2021-04-07,66.13452966172137,66.65848949730791,65.89418030577743,66.53831481933594,10085200,XLK
2021-04-08,67.16321487106869,67.51412282608811,67.04784455639088,67.49970245361328,14144600,XLK
2021-04-09,67.25454379221468,68.16786821056472,67.13436914059606,68.14864349365234,9401000,XLK
2021-04-12,67.86982724295561,68.03806732906274,67.49007129326252,67.8217544555664,15907000,XLK
2021-04-13,68.0813490285246,68.51397485975855,67.95636269092624,68.46109771728516,11315800,XLK
2021-04-14,68.45150413537894,68.48515657111395,67.60547691328158,67.73526763916016,11216200,XLK
2021-04-15,68.35533730464552,68.95140619046761,68.34572127918176,68.89852905273438,11028800,XLK
2021-04-16,68.95140700635636,69.01390017029283,68.59568740877104,68.88410949707031,11695600,XLK
2021-04-19,68.57647374710923,68.89373662840595,67.90349121088475,68.31208801269531,10254000,XLK
2021-04-20,68.16786454008987,68.46589531289551,67.32664202405486,67.7063980102539,9873400,XLK
2021-04-21,67.58623406250258,68.41303633877449,67.39876187979438,68.38899993896484,9254200,XLK
2021-04-22,68.26883397506501,68.5620604864013,67.28820448294218,67.58624267578125,11652200,XLK
2021-04-23,67.71121174503641,68.81200841989214,67.69679137240925,68.59569549560547,8886000,XLK
2021-04-26,68.61971512936194,69.01869578928363,68.57164234243066,68.94658660888672,7735000,XLK
2021-04-27,69.0571721956465,69.1100493423612,68.53321240948793,68.77836608886719,10822000,XLK
2021-04-28,68.37938742662864,68.47072134967203,67.97560229463868,68.1390380859375,10691200,XLK
2021-04-29,68.69663822153855,68.7831604482114,67.3891374515954,68.08134460449219,13416600,XLK
2021-04-30,67.38913993233652,67.7544682387568,66.99496354775151,67.15359497070312,10583400,XLK
2021-05-03,67.51411394548593,67.64870896079955,66.79787775718381,66.96611785888672,10805800,XLK
2021-05-04,66.46620466798129,66.485429386715,65.03371740386129,65.7643814086914,19919600,XLK
2021-05-05,66.30274720644934,66.33159528062733,65.48075679688166,65.6057357788086,11245800,XLK
2021-05-06,65.57690230083749,66.30275454815208,65.10581972538928,66.2643051147461,14338600,XLK
2021-05-07,66.92765832540462,67.22569641974435,66.54309801117387,66.8315200805664,19196600,XLK
2021-05-10,66.5094773882669,66.54312248563983,65.12025833499995,65.14429473876953,20281000,XLK
2021-05-11,63.89926254969035,65.08178435473397,63.745442809004885,64.94718933105469,27046800,XLK
2021-05-12,63.990604030224624,64.34151933729562,62.95230048683078,63.120540618896484,29414600,XLK
2021-05-13,63.81273628615648,64.53378415379666,63.529125885255446,63.956947326660156,22610400,XLK
2021-05-14,64.6731949725243,65.59133118035899,64.54821596054661,65.36540222167969,16823000,XLK
2021-05-17,64.98081993501876,65.00005198261671,64.29342459837154,64.88468170166016,16267200,XLK
2021-05-18,65.07216707896478,65.20676210005894,64.32227843718924,64.36553955078125,11737200,XLK
2021-05-19,63.36569324369651,64.63954160519214,63.21186617029704,64.59146881103516,30581200,XLK
2021-05-20,64.85104108178128,66.04797573895556,64.84142505732082,65.82685852050781,16828200,XLK
2021-05-21,66.16337369941715,66.2258668822304,65.40868049837987,65.46636199951172,14148400,XLK
2021-05-24,66.00954821305393,66.8603796207358,65.97589578371512,66.62964630126953,13229000,XLK
2021-05-25,66.89882243931724,67.05264951012171,66.49984172615643,66.64885711669922,11245800,XLK
2021-05-26,66.74500816787918,66.93728468724821,66.42774530952916,66.64405822753906,13311400,XLK
2021-05-27,66.58639364843233,66.8603881248585,66.27874673838701,66.29316711425781,11354600,XLK
2021-05-28,66.62964410263739,66.91325456250615,66.4950490594834,66.52869415283203,9222600,XLK
2021-06-01,66.82672240022873,66.8988242573287,66.08163809238825,66.20181274414062,12907400,XLK
2021-06-02,66.33642576808643,66.92768316138323,66.21144673690648,66.65849304199219,10098200,XLK
2021-06-03,66.12009373610795,66.38447943244041,65.63458345696691,66.03837585449219,12721200,XLK
2021-06-04,66.44216742304148,67.38433266147244,66.44216742304148,67.30742645263672,11182600,XLK
2021-06-07,67.24973844380818,67.369913106742,66.96612799965544,67.29300689697266,11784000,XLK
2021-06-08,67.6150839616478,67.89869444710868,67.1103488368348,67.29782104492188,8902600,XLK
2021-06-09,67.62468500284098,67.74005532356296,67.30742945689475,67.34588623046875,9763400,XLK
2021-06-10,67.48529136267582,68.00925119433477,67.24494200853354,67.84101104736328,11275400,XLK
2021-06-11,67.92753384252919,68.24479675292969,67.86504066278599,68.24479675292969,12100600,XLK
2021-06-14,68.31207917593811,68.94179317606897,68.03327310433846,68.9369888305664,11426600,XLK
2021-06-15,68.88412473054335,68.88412473054335,68.38900565954259,68.51398468017578,15079600,XLK
2021-06-16,68.64378304196613,68.77357375837455,67.47568126405201,68.14385223388672,19202800,XLK
2021-06-17,67.94675596405575,69.21580008523063,67.94675596405575,68.93218231201172,15864200,XLK
2021-06-18,68.60051315055385,68.86970324287591,68.22075707862244,68.30247497558594,20816600,XLK
2021-06-21,68.3313673911358,69.07299715692112,67.88831479298376,69.03447723388672,12276000,XLK
2021-06-22,68.99112676243102,69.69904973079062,68.91407957105015,69.6605224609375,9253200,XLK
2021-06-23,69.6701616878193,69.82908393305226,69.42937174322257,69.58348083496094,8271000,XLK
2021-06-24,70.031331651305,70.2335942797791,69.88204309326395,70.02169799804688,12279000,XLK
2021-06-25,70.08430236398436,70.13727643187941,69.82425252506938,69.93982696533203,14385800,XLK
2021-06-28,70.22878431128433,70.753704538622,70.21433750490438,70.67183685302734,12557400,XLK
2021-06-29,70.71038226995874,71.22085582194867,70.54664685674057,71.18714904785156,9829200,XLK
2021-06-30,71.0763627902132,71.28344593079557,70.88854695720002,71.11007690429688,11013600,XLK
2021-07-01,71.01377452577808,71.23048400878906,70.74890411395307,71.23048400878906,11636600,XLK
2021-07-02,71.57240914506463,72.24180497534212,71.55314918050941,72.16957092285156,12780000,XLK
2021-07-06,72.32363583668898,72.78595558206544,71.75056216613864,72.44403076171875,11870600,XLK
2021-07-07,72.90636435833814,72.98823204111339,72.256228700331,72.83894348144531,14883800,XLK
2021-07-08,71.69279232077231,72.35256173424528,71.3701346922577,72.15029907226562,17086200,XLK
2021-07-09,72.06360934223467,72.88229362759154,71.95766118607168,72.81487274169922,9775800,XLK
2021-07-12,73.10382932608981,73.13753609751595,72.63669624138096,72.87267303466797,9619600,XLK
2021-07-13,72.74744156615013,73.70096748842154,72.68483384227507,73.17123413085938,15202800,XLK
2021-07-14,73.75876272518273,74.08623345663074,73.38794422771704,73.71060180664062,12886800,XLK
2021-07-15,73.62393559074532,73.68172282581108,72.71374989683011,73.10382843017578,12506200,XLK
2021-07-16,73.24829968591888,73.59503777317705,72.3092130797381,72.38145446777344,15080400,XLK
2021-07-19,71.5194395837216,71.71688913746182,70.97043870506567,71.38459777832031,24254000,XLK
2021-07-20,71.7409285146058,72.84374279461636,71.32676967857047,72.44403076171875,14715600,XLK
2021-07-21,72.41515142041465,73.15678841975311,72.28030966568484,73.14234161376953,12234000,XLK
2021-07-22,73.29642880145914,73.73948124324404,73.29642880145914,73.68169403076172,9577800,XLK
2021-07-23,74.00917893767927,74.45223881302627,73.74431593063035,74.41371154785156,12576200,XLK
2021-07-26,74.22589454798245,74.51002485728375,73.94657739113012,74.37518310546875,8993400,XLK
2021-07-27,74.2836971334761,74.30777759734985,72.74264297379202,73.67208862304688,18089800,XLK
2021-07-28,73.69617111521319,73.97067518394243,72.87748675925444,73.5805892944336,13941200,XLK
2021-07-29,73.50353611454199,74.17293182356171,73.49390245984605,73.9225082397461,12030600,XLK
2021-07-30,73.45055861342924,73.95139840939602,73.43129130493524,73.87434387207031,10148800,XLK
2021-08-02,74.20665918672094,74.30779421828193,73.50836966814605,73.60950469970703,12205200,XLK
2021-08-03,73.7443165109117,74.11994816391538,73.14715491849132,74.0814208984375,10824800,XLK
2021-08-04,74.02364470408621,74.41372322122619,73.78766792349477,74.23072052001953,11322800,XLK
2021-08-05,74.36555639477454,74.66413353762134,74.14403378825112,74.64006042480469,6674600,XLK
2021-08-06,74.38001172633972,74.66414209473012,74.36075176421404,74.57746124267578,7602800,XLK
2021-08-09,74.6641330472164,74.79898215905912,74.26442825785489,74.33666229248047,7198200,XLK
2021-08-10,74.47149673416271,74.53891760929295,73.59020485675197,73.8021011352539,10421400,XLK
2021-08-11,74.05734776479309,74.19218953314208,73.4361129997799,73.8117446899414,10831600,XLK
2021-08-12,73.73468725414651,74.27887480752442,73.43128961311989,74.23552703857422,6947800,XLK
2021-08-13,74.28368870555283,74.65932038472302,74.20182101633114,74.64006042480469,5630800,XLK
2021-08-16,74.46187127471575,74.9867988763393,73.83100287050793,74.97716522216797,9493800,XLK
2021-08-17,74.51965395635789,74.64004889514386,73.89359880500609,74.35591125488281,19052600,XLK
2021-08-18,74.18256848439574,74.5148598086945,73.24830960160011,73.3301773071289,13481200,XLK
2021-08-19,72.92562480030654,74.32221061423921,72.81968400590772,74.0477066040039,19291000,XLK
2021-08-20,74.32701987548846,75.06865683572421,74.14883771220252,75.00123596191406,14769400,XLK
2021-08-23,75.19868475402869,76.07516353964222,75.19387160130243,75.9692153930664,10802400,XLK
2021-08-24,76.06552553375197,76.15221371613809,75.81510198814406,75.88253021240234,9537000,XLK
2021-08-25,76.06073287480152,76.26299555710017,75.71399474848201,75.83920288085938,9430400,XLK
2021-08-26,75.74767705694403,75.90178610701362,75.2998114082867,75.36241912841797,12056600,XLK
2021-08-27,75.42985283754342,76.14258894460022,75.29982422295917,76.08961486816406,14088800,XLK
2021-08-30,76.31595356518828,76.99979601794978,76.31595356518828,76.90829467773438,10026800,XLK
2021-08-31,76.95645511809174,76.98053557825995,76.35929350821392,76.50376892089844,21971000,XLK
2021-09-01,76.76864356183056,77.11538163225555,76.46043276015557,76.52303314208984,20289800,XLK
2021-09-02,76.80717513825927,76.90830279461524,76.13295891980876,76.44116973876953,21769600,XLK
2021-09-03,76.34966126296483,76.94682288385896,76.32558815067726,76.74456024169922,21204800,XLK
2021-09-07,76.83605821216412,76.92755954948223,76.4026319851296,76.7638168334961,19721800,XLK
2021-09-08,76.7541999562022,76.77827307039061,75.9258820143385,76.47006225585938,11466400,XLK
2021-09-09,76.52303942336567,76.7879098250603,76.11851409077339,76.18112182617188,11161000,XLK
2021-09-10,76.60489587689503,76.79271168918186,75.3527855627668,75.42984008789062,17080200,XLK
2021-09-13,76.00292647556634,76.2003686060142,74.95789185799553,75.45391845703125,22637800,XLK
2021-09-14,75.77658440296251,75.93068611769876,75.15534234644484,75.35760498046875,18431600,XLK
2021-09-15,75.61284711532467,76.0799801423213,75.1890618581291,76.01737976074219,16339200,XLK
2021-09-16,75.74768344295677,76.13776925321066,75.28055779782105,76.06071472167969,16148600,XLK
2021-09-17,75.86328555015957,75.86809870404711,74.76528390102514,74.87604522705078,22663000,XLK
2021-09-20,73.7775435712752,74.15384333219322,72.5328886254519,73.51221466064453,35669400,XLK
2021-09-21,73.96087731963951,74.14420192316263,73.25653806834256,73.54116821289062,18455000,XLK
2021-09-22,73.94157558218907,74.83888994168204,73.61352145098975,74.54943084716797,27990600,XLK
2021-09-23,74.93536574768024,75.72654551102657,74.7038029138654,75.54804992675781,19534000,XLK
2021-09-24,75.08974131621991,75.7265483345165,75.05597526229512,75.60111999511719,11652400,XLK
2021-09-27,74.96431991171028,75.13799389992579,74.39023069062983,74.86783599853516,15015000,XLK
2021-09-28,73.90779314580207,74.07664549053901,72.59076988510287,72.6486587524414,38190600,XLK
2021-09-29,72.94777883004073,73.32889286320841,72.43157848503753,72.5570068359375,25012000,XLK
2021-09-30,72.9815327210799,73.29510722668248,71.99738519355454,72.03598022460938,33415600,XLK
2021-10-01,72.29651414001106,73.28066203041378,71.5632230020871,73.12146759033203,45483800,XLK
2021-10-04,72.70173792255116,72.78857859904835,70.85887085134294,71.42813110351562,50773000,XLK
2021-10-05,71.57286850685705,72.86094768637504,71.50532902272975,72.44606018066406,32967000,XLK
2021-10-06,71.61145046097512,72.97189049582069,71.37505862910908,72.9188232421875,40004800,XLK
2021-10-07,73.55080578443578,74.15383938788493,73.4494929001063,73.5845718383789,19895600,XLK
2021-10-08,73.86919510904748,73.92226235569906,73.18897886173994,73.30958557128906,18426400,XLK
2021-10-11,72.98154798841368,73.88368402413789,72.85129065151065,72.90435791015625,14970600,XLK
2021-10-12,73.18897539698735,73.2806303084563,72.40743895045725,72.52804565429688,17853400,XLK
2021-10-13,72.84164334217343,73.13109507758726,72.36885966020478,72.97189331054688,19521600,XLK
2021-10-14,73.71483785535185,74.65074729613116,73.60870333972217,74.61697387695312,15197200,XLK
2021-10-15,74.87748968210732,75.22965929226369,74.65074842811941,75.2151870727539,12779200,XLK
2021-10-18,74.79547351354658,75.89058478669494,74.58803345172292,75.85198974609375,11630200,XLK
2021-10-19,76.0545945046232,76.60456085205078,75.9002217312444,76.60456085205078,13201400,XLK
2021-10-20,76.6769259166564,76.7878820327428,76.0594201278935,76.39229583740234,12025400,XLK
2021-10-21,76.16071839465354,76.72515688089761,76.00151666346947,76.68656921386719,10023200,XLK
2021-10-22,76.65761856086594,76.9760220279656,76.10283066375972,76.42123413085938,12490000,XLK
2021-10-25,76.71071418375577,76.94710606246224,76.37301675792635,76.672119140625,10336800,XLK
2021-10-26,77.1883082715693,77.51153342910641,76.85061089513133,76.88920593261719,13189600,XLK
2021-10-27,77.01946763715098,77.4102396907631,76.74448807488893,76.8216781616211,17448000,XLK
2021-10-28,77.28962765206495,77.6514478774556,77.14489808965843,77.59355163574219,12756800,XLK
2021-10-29,76.8312883504483,77.97464485472342,76.73963344329005,77.92639923095703,20131800,XLK
2021-11-01,77.92641590340233,77.96501093842315,77.41504457156428,77.81063079833984,24421200,XLK
2021-11-02,77.91677118433948,78.6886572205061,77.91677118433948,78.49568939208984,26814600,XLK
2021-11-03,78.63076198643168,79.1180104985986,78.1724505488116,78.95398712158203,25978600,XLK
2021-11-04,79.25308605058078,80.38196316588949,79.11318549646128,80.18899536132812,28691400,XLK
2021-11-05,80.77756344837142,81.05737194111549,80.10216135377354,80.60388946533203,24223600,XLK
2021-11-08,80.86440430885169,81.1779862481647,80.67625808976435,81.03807830810547,12781000,XLK
2021-11-09,81.15866735578996,81.24550801711206,80.29512652854277,80.70518493652344,16823000,XLK
2021-11-10,80.08284039582892,80.48325548115783,79.13245911066532,79.37367248535156,25788800,XLK
2021-11-11,79.94295974697104,79.97672579997057,79.61490564801223,79.74516296386719,10103800,XLK
2021-11-12,80.01050459578003,80.8499226935833,79.87542565219674,80.71484375,12244200,XLK
2021-11-15,81.03805690018442,81.15384198951692,80.17451611281673,80.63282012939453,12490200,XLK
2021-11-16,80.53634290331702,81.59285892704298,80.4880972717885,81.48189544677734,13538800,XLK
2021-11-17,81.32270339893529,81.74723405136007,80.98017707222036,81.2358627319336,15417800,XLK
2021-11-18,81.70382222482897,82.16212631961866,81.11526080246729,82.04634857177734,19964000,XLK
2021-11-19,82.34062282426767,82.95813605160892,82.06564330887991,82.6445541381836,17714600,XLK
2021-11-22,82.9677763005171,84.06288742598271,81.67487574036412,81.72311401367188,28451600,XLK
2021-11-23,81.40952193926115,81.79546484885259,80.5025572059086,81.53495025634766,29239800,XLK
2021-11-24,81.04773310098578,82.14766603274188,80.65213944173497,82.12837219238281,18241000,XLK
2021-11-26,80.95607731629815,81.58323391662394,79.75966036388958,80.07806396484375,24767800,XLK
2021-11-29,81.26964257584675,82.30203589519797,81.01394953465753,82.08011627197266,24979800,XLK
2021-11-30,81.77136535683336,82.51912857718436,80.70037697387919,81.39507293701172,54066800,XLK
2021-12-01,82.25378679930012,82.87611426399278,80.20829408456359,80.2806625366211,39084200,XLK
2021-12-02,79.53771431211466,81.39023905510882,79.364040347498,81.01876831054688,46872400,XLK
2021-12-03,81.2503358292233,81.50119987286081,78.65970578875091,79.66315460205078,48470000,XLK
2021-12-06,79.89471161042124,80.66176854182166,79.0649368323813,80.4205551147461,37800400,XLK
2021-12-07,82.02222707150062,83.32959990354712,82.01257647194198,83.2282943725586,28691000,XLK
2021-12-08,83.25722834170459,83.66728675575557,82.68313920078353,83.6093978881836,23261600,XLK
2021-12-09,83.40195597187228,83.94709330533868,82.63972066745738,82.70726013183594,17201000,XLK
2021-12-10,83.57563388470653,84.47294816031827,83.32959146899452,84.36681365966797,24776600,XLK
2021-12-13,84.54048986846699,84.70451324245553,82.99189633066328,83.11250305175781,20974000,XLK
2021-12-14,82.10906600365607,82.63490961620808,80.7630980425021,81.74724578857422,27094800,XLK
2021-12-15,81.81477027081945,83.9953417618272,81.03806272369886,83.913330078125,28270800,XLK
2021-12-16,84.22689266515575,84.36197157932543,81.05252345967055,81.53495025634766,31275600,XLK
2021-12-17,80.63763788890225,81.78099442775618,80.21792892218626,80.98981475830078,44821600,XLK
2021-12-20,79.75102794301911,80.27786629696398,79.4416909175199,80.02653503417969,32649600,XLK
2021-12-21,80.88203883509239,82.1193869077781,80.13286105470301,82.05171966552734,16810800,XLK
2021-12-22,81.94055255973525,83.182738731772,81.72305123929247,83.1247329711914,13376200,XLK
2021-12-23,83.23590930161862,83.92225059533438,83.2262404453194,83.5887451171875,9792600,XLK
2021-12-27,83.92223987864269,85.4012575709689,83.90290216851363,85.38191986083984,13266600,XLK
2021-12-28,85.54145333935146,85.57045253972902,84.724608111219,84.9372787475586,11422200,XLK
2021-12-29,84.96625183323279,85.3529249281704,84.56991725792425,85.00975799560547,9687800,XLK
2021-12-30,85.04360233092854,85.32877092886284,84.3475921171941,84.4490966796875,10526400,XLK
2021-12-31,84.36693620608347,84.56993797123138,83.9995933570921,84.03826141357422,10243000,XLK
2022-01-03,84.14942073061056,84.91309074874509,83.78207794321901,84.83576202392578,20302800,XLK
2022-01-04,84.98078301939573,85.0677806185793,83.30359380014019,83.936767578125,16648000,XLK
2022-01-05,83.44858220796525,83.51141871844504,81.3267215771468,81.35572814941406,23628400,XLK
2022-01-06,80.70804618942402,81.78106071598707,80.4615456428482,80.94488525390625,23767200,XLK
2022-01-07,80.89171042342993,81.27838355299879,79.67369264659975,80.20053100585938,30488600,XLK
2022-01-10,79.00670064599969,80.31654693775572,77.9578471390809,80.21504974365234,32501400,XLK
2022-01-11,80.00719900012906,81.29288403549967,79.41269338985757,81.1768798828125,19207600,XLK
2022-01-12,81.78106317677901,82.34173891251962,81.15272018846127,81.55873107910156,18144000,XLK
2022-01-13,81.97921979265246,82.21605882265746,79.24351622226426,79.44651794433594,20942600,XLK
2022-01-14,78.90518279203262,80.16669933259682,78.90518279203262,80.11836242675781,22351400,XLK
2022-01-18,78.95354137301918,79.42238146269834,77.97719313340936,78.19469451904297,24694200,XLK
2022-01-19,78.44119393994671,79.40787330632818,77.02501220828341,77.10234832763672,24961400,XLK
2022-01-20,77.78867872876495,78.66352225088158,76.00515437143551,76.10665893554688,37609000,XLK
2022-01-21,75.92298734233941,76.79783086238584,74.57446569113044,74.59380340576172,48016600,XLK
2022-01-24,73.35161687162164,75.03364403172856,70.68358752316128,74.98047637939453,67413400,XLK
2022-01-25,73.51112330843382,74.63730554287226,72.40427878949254,73.24528503417969,48886200,XLK
2022-01-26,75.23664543590795,76.11631969070325,72.80060967227436,73.67545318603516,53596200,XLK
2022-01-27,74.86929582402514,75.26563780823355,72.90210762547864,73.1679458618164,39446800,XLK
2022-01-28,74.07662065121083,76.38698323099959,72.9746070096035,76.3676528930664,44236000,XLK
2022-01-31,76.38697840688117,78.38800382713043,76.01481226755212,78.28650665283203,29121000,XLK
2022-02-01,78.39285076711829,78.6200209687357,77.35366620382698,78.48951721191406,23389800,XLK
2022-02-02,78.65869293446717,79.25802934712041,78.12701639887734,79.12753295898438,25504800,XLK
2022-02-03,78.00616896533047,78.53784541553337,76.54648147264487,76.83165740966797,27865400,XLK
2022-02-04,76.420835337465,77.81768668544505,76.09699864435437,77.1410140991211,29721400,XLK
2022-02-07,77.19900671095054,77.65817788689732,76.33382463847401,76.628662109375,14622600,XLK
2022-02-08,76.38698539439721,77.78383651148887,76.20815210653805,77.57600402832031,21139800,XLK
2022-02-09,78.576520626097,79.32086034904808,78.25267661088984,79.29669189453125,17795600,XLK
2022-02-10,77.72099124390124,79.04050598276388,76.81714138507692,77.22315216064453,31692200,XLK
2022-02-11,77.30049980982457,77.63884343487676,74.57930283745053,74.86447143554688,34878800,XLK
2022-02-14,74.66630657520527,75.44448370158737,73.97029630376068,74.8403091430664,41030400,XLK
2022-02-15,75.96648158537582,76.86066276647175,75.70064333895459,76.8074951171875,24437400,XLK
2022-02-16,76.28549960039952,76.99600949226769,75.45415479325008,76.73017120361328,20318200,XLK
2022-02-17,76.01481036164923,76.09213908173616,74.29412280551729,74.43428802490234,24906400,XLK
2022-02-18,74.6904682218583,74.79680352447592,73.11478377197993,73.68029022216797,25310800,XLK
2022-02-22,72.90694359272227,74.16846024543828,72.20127190586544,72.998779296875,26893600,XLK
2022-02-23,73.75761471798008,73.95577831877591,71.09440920598558,71.17174530029297,37879400,XLK
2022-02-24,68.72605643131432,73.65611869889884,68.49888623747358,73.60295104980469,50967800,XLK
2022-02-25,73.71412692225127,74.62763856023955,72.8102841422545,74.60347747802734,28301600,XLK
2022-02-28,73.81078990063496,74.78229979339189,73.19210845815392,74.46813201904297,34822200,XLK
2022-03-01,74.18782639347096,74.56966157925599,72.40913214625068,72.97947692871094,29925000,XLK
2022-03-02,73.51595906814227,74.86930410245539,72.94561448210119,74.55996704101562,25592400,XLK
2022-03-03,75.18830210007084,75.1931402158691,73.2936118764652,73.67061614990234,23450600,XLK
2022-03-04,73.09544459766225,73.39995090136435,71.80492876913829,72.3801040649414,26731200,XLK
2022-03-07,72.31726172550195,72.6507671978643,69.69273148678306,69.73139953613281,32864200,XLK
2022-03-08,69.54288520291588,71.54874105044019,68.36836645742629,69.39305114746094,36898400,XLK
2022-03-09,71.27808392661899,72.46709508782055,70.70773942334269,72.138427734375,35327400,XLK
2022-03-10,70.86240775295873,71.07507832307962,69.80389301769621,70.87690734863281,27448400,XLK
2022-03-11,71.50525014953556,71.68408341283144,69.52355515691433,69.62989044189453,21457800,XLK
2022-03-14,69.31090366849205,70.09874966723974,68.14122258686818,68.33939361572266,27852400,XLK
2022-03-15,68.88072867257499,70.7754191552075,68.65355845429617,70.63525390625,22993800,XLK
2022-03-16,71.5294322636474,72.9601133936428,70.39358121856893,72.93111419677734,27176000,XLK
2022-03-17,72.5395920968988,73.49660222934115,72.14808828704399,73.44827270507812,18518800,XLK
2022-03-18,73.18727559493469,75.08680390873614,72.8296016639818,74.95146942138672,27897800,XLK
2022-03-21,74.54763795832041,75.20619486077796,73.82613581635567,74.80912780761719,22341400,XLK
2022-03-22,74.86237820682058,76.27633680097769,74.7606860889757,75.88410949707031,17485800,XLK
2022-03-23,75.17712160700856,75.86957077470156,74.64446271739538,74.71710205078125,12360600,XLK
2022-03-24,75.13353704520289,76.67824032535763,74.88173400739367,76.65886688232422,14263400,XLK
2022-03-25,76.77993274845032,76.8864645294181,75.65651677025062,76.61529541015625,14874600,XLK
2022-03-28,76.2618175255944,77.55955773311017,76.06811999467804,77.52566528320312,18593000,XLK
2022-03-29,78.43116744050317,79.24467479285218,77.86945576075499,79.17204284667969,18829800,XLK
2022-03-30,78.76530231336774,78.98804524466668,77.7048313894724,78.1164321899414,18680200,XLK
2022-03-31,78.10675081596771,78.25202213130774,76.84290293347983,76.95911407470703,19424000,XLK
2022-04-01,77.03656788234368,77.21573898110685,75.87441251758366,76.73150634765625,28209600,XLK
2022-04-04,76.93003337991264,78.22778063365206,76.90098060514592,78.18904113769531,23048200,XLK
2022-04-05,77.85009809729443,78.0292618430374,76.2763417242622,76.54267120361328,23588200,XLK
2022-04-06,75.26911928986165,75.44344332781442,74.06822446663331,74.73162078857422,34225400,XLK
2022-04-07,74.33456172763525,75.35145338887,73.82612328582276,74.84785461425781,23200200,XLK
2022-04-08,74.51372538471439,74.68804944090671,73.6421051037528,73.8019027709961,26354600,XLK
2022-04-11,72.87701698545419,72.96902237515279,71.8455990318075,71.94245147705078,21595400,XLK
2022-04-12,72.83343781762343,73.38546276700521,71.35168702658837,71.62285614013672,22172200,XLK
2022-04-13,71.66643995246413,72.9980798840133,71.40011048839337,72.77532958984375,14446800,XLK
2022-04-14,72.85280652600677,72.983551420801,70.97398871852528,71.00788116455078,17407000,XLK
2022-04-18,70.65924048847644,71.70034531208672,70.63987442996327,71.24031829833984,14060600,XLK
2022-04-19,71.06114681076251,72.70269532399047,70.79966441088034,72.57679748535156,13562200,XLK
2022-04-20,73.27893085774387,73.47262097027505,72.2959391284801,72.50900268554688,15652600,XLK
2022-04-21,73.21596788192687,73.90357728952154,71.0611342826332,71.27903747558594,18509200,XLK
2022-04-22,71.20157693152575,71.61801737232439,69.18717440256971,69.28401947021484,22094800,XLK
2022-04-25,68.97893013747839,70.3735223443094,68.5479634331178,70.3250961303711,28707600,XLK
2022-04-26,69.68593146971762,69.79246325763395,67.67152161123288,67.7054214477539,25953200,XLK
2022-04-27,68.46081530654602,70.02972438399595,68.31070436531387,68.70777130126953,40048600,XLK
2022-04-28,69.78759784602344,71.86495977519623,69.41474407518967,71.45820617675781,27762400,XLK
2022-04-29,70.67860702330306,71.50180112250015,68.34944156660846,68.48018646240234,29589800,XLK
2022-05-02,68.40268735482975,69.61326872986157,67.62791970809077,69.52127075195312,37004400,XLK
2022-05-03,69.51159673251311,70.06846131125124,68.9983113179259,69.64234161376953,27469800,XLK
2022-05-04,69.91351519155832,72.2184600385648,68.75619940692717,72.08771514892578,28650400,XLK
2022-05-05,71.0272426065626,71.11440832703065,67.80225872532444,68.62061309814453,36442200,XLK
2022-05-06,67.99594130362723,69.15810398542558,67.0468495384019,68.0685806274414,34862200,XLK
2022-05-09,66.83862054705484,67.26958723558563,65.13411984451396,65.4343490600586,41124600,XLK
2022-05-10,66.99361185426928,67.37131285290835,65.44406095966092,66.43190002441406,36370400,XLK
2022-05-11,65.8314210155503,67.08074202013785,64.13660690207779,64.33514404296875,34781800,XLK
2022-05-12,63.38121038817595,64.59663166293161,62.18999483454312,63.6717529296875,36506600,XLK
2022-05-13,64.53853576240444,66.11229208855168,64.12209533131791,65.78785705566406,24495400,XLK
2022-05-16,65.2406642946503,66.08323178407508,64.64989985760603,65.20677185058594,17423400,XLK
2022-05-17,66.61105079546512,67.1969756290704,65.85564894565026,67.09528350830078,18602200,XLK
2022-05-18,66.2091402872568,66.40283781600142,63.78313692657158,64.02525329589844,23670200,XLK
2022-05-19,63.545843908559256,64.41262442592479,63.022871798435524,63.32310104370117,20874800,XLK
2022-05-20,64.20440687583361,64.37873092969102,61.51691781860225,63.463531494140625,20252600,XLK
2022-05-23,63.66206608780534,65.00339257612625,63.46352893110728,64.92107391357422,17219600,XLK
2022-05-24,64.01556405803241,64.3399990935315,62.838882095944875,63.95745849609375,17122000,XLK
2022-05-25,63.5361531136958,65.18254074984422,63.48772690547886,64.7031478881836,13656600,XLK
2022-05-26,64.32546220460418,66.54324858522976,64.18987765633919,66.25755310058594,15556600,XLK
2022-05-27,66.99844070845204,68.51409151528348,66.87254285882838,68.49956512451172,16281800,XLK
2022-05-31,68.23322543185677,68.67871858938354,67.34707878340102,68.0104751586914,19420800,XLK
2022-06-01,68.74169446278377,69.20655383282363,67.3035223945112,67.80712127685547,13304800,XLK
2022-06-02,67.3276977541108,69.45347858206816,67.01294951822405,69.44863891601562,13868400,XLK
2022-06-03,68.13154371573152,68.60125005550464,67.47298690658195,67.7877426147461,11263800,XLK
2022-06-06,68.63998689651488,69.06611404730938,67.45845789753366,67.7925796508789,12589600,XLK
2022-06-07,67.0710725009034,68.73199460026053,66.9354879281565,68.60124969482422,11016600,XLK
2022-06-08,68.39784500254258,68.72711957699178,67.63759638226102,67.82645416259766,8814200,XLK
2022-06-09,67.3325553701175,67.99111210791064,66.00091550529204,66.01544189453125,9765200,XLK
2022-06-10,64.87748216077053,65.08085896762398,63.45868417886319,63.478050231933594,20886400,XLK
2022-06-13,61.47818008003555,62.06410117446147,60.44192244931174,60.664669036865234,36332600,XLK
2022-06-14,61.119850149755955,61.453971884931455,60.48066315272599,61.04721450805664,18250400,XLK
2022-06-15,61.80745808770837,63.25531643998397,60.96973763226267,62.335269927978516,25069600,XLK
2022-06-16,60.7518325093179,60.805098400476574,59.303977808628474,59.79789352416992,32690800,XLK
2022-06-17,59.78820163844098,60.91646451943037,59.36691793288998,60.345069885253906,27684200,XLK
2022-06-21,61.22527932260214,62.317634233466734,61.22527932260214,61.88069152832031,17245000,XLK
2022-06-22,61.20584462846372,62.472972614983384,61.03592353479266,61.61851119995117,15163400,XLK
2022-06-23,62.147704445227205,62.66233116274762,61.57968082578093,62.540958404541016,16042200,XLK
2022-06-24,63.25949379212047,64.80335198261234,63.25949379212047,64.78878784179688,25492200,XLK
2022-06-27,64.99753340760529,65.19172683232424,64.06053198372588,64.3518295288086,13917200,XLK
2022-06-28,64.41009504156618,65.0509467667635,62.395310199599955,62.4244384765625,15260800,XLK
2022-06-29,62.346761451484646,62.924497002013425,61.84185030124147,62.55066680908203,13607200,XLK
2022-06-30,61.72047800672677,62.49241072924395,60.739787681267885,61.71562576293945,15720400,XLK
2022-07-01,61.32722385650963,62.0117679543056,60.798040436797095,61.85641098022461,13930600,XLK
2022-07-05,61.01650053569146,62.6477466609673,60.66694647170312,62.633182525634766,14341000,XLK
2022-07-06,62.769126400495,63.676999582916295,62.458412465378785,63.17208480834961,16167000,XLK
2022-07-07,63.448826830088535,64.62371428805903,63.448826830088535,64.47806549072266,13082200,XLK
2022-07-08,63.78865473847176,64.71594421801727,63.58960167381466,64.5071792602539,12627000,XLK
2022-07-11,63.9440294188452,64.22075546502576,63.181804914933785,63.618743896484375,11416600,XLK
2022-07-12,63.851776697971935,64.21103528730492,62.380739599691495,62.74971008300781,16553400,XLK
2022-07-13,61.56996248550376,62.987598882711346,61.298088737218315,62.58464050292969,15162600,XLK
2022-07-14,62.08459691432584,63.380860890781406,61.28353960923904,63.15753173828125,13728800,XLK
2022-07-15,63.76436486017575,64.29840774496877,63.49734341777925,64.26927947998047,13529200,XLK
2022-07-18,64.90042540349947,65.13346638882183,63.405119825035605,63.647865295410156,9897600,XLK
2022-07-19,64.35668484984451,65.6578045633085,63.9682905738252,65.58983612060547,12330600,XLK
2022-07-20,65.59954541504574,66.89095332906612,65.4247683484264,66.61422729492188,12537200,XLK
2022-07-21,66.69676218193355,67.56578789360314,66.00250613490783,67.55122375488281,12957600,XLK
2022-07-22,67.52209320007445,67.7988192344327,66.23553752846337,66.61907958984375,10583600,XLK
2022-07-25,66.58995525064701,66.66277594609822,65.69665348241924,66.19670867919922,13951200,XLK
2022-07-26,66.14330587508402,66.16272225831197,64.88102613309923,65.12377166748047,10167800,XLK
2022-07-27,66.19670202184889,68.27945519035457,66.09959789367211,67.925048828125,17076200,XLK
2022-07-28,68.00273405149652,69.11450528212225,67.39587024683051,68.95914459228516,12408000,XLK
2022-07-29,69.1727524915985,70.23597891901277,68.88146234951525,70.01750946044922,10177400,XLK
2022-08-01,69.38638841786334,70.56613566504195,69.21647097449627,69.86702728271484,12515800,XLK
2022-08-02,69.26500991467634,70.17287584300564,68.77466660194342,69.37181854248047,15921800,XLK
2022-08-03,69.711657234386,71.41573554005575,69.69709309570553,71.21668243408203,14243200,XLK
2022-08-04,71.19239992796413,71.57593455835736,70.7360372027841,71.54195404052734,11679800,XLK
2022-08-05,70.3962132008345,71.57595308001217,70.33795663633387,71.37690734863281,7921000,XLK
2022-08-08,71.31378241358912,71.86724193270423,70.38649269928047,70.77003479003906,11102200,XLK
2022-08-09,70.19713988636651,70.33793642078614,69.68252062649789,70.06120300292969,8565600,XLK
2022-08-10,71.72644704275467,72.03230135252112,71.15356377835745,71.97404479980469,19273200,XLK
2022-08-11,72.42554789072524,72.8479301218845,71.5613744548438,71.69245910644531,11025800,XLK
2022-08-12,72.16338645982903,73.12465662574617,71.94005732633048,73.11980438232422,8093600,XLK
2022-08-15,72.82851154223626,73.68783279620013,72.74597895065864,73.58102416992188,7162600,XLK
2022-08-16,73.24601351200663,73.72665219482047,72.69741380399074,73.38195037841797,10990600,XLK
2022-08-17,72.7120019495847,73.41596254195858,72.33331949553515,72.85765075683594,12632800,XLK
2022-08-18,72.93046639181355,73.5276183112678,72.64888069281747,73.236328125,9976800,XLK
2022-08-19,72.63431875304687,72.72170358917128,71.74586921241978,71.90608215332031,10146200,XLK
2022-08-22,70.92537967168079,70.94965570371288,69.72621628774382,69.90099334716797,10744200,XLK
2022-08-23,69.7650516106946,70.45444790608383,69.62426248749722,69.71650695800781,14777200,XLK
2022-08-24,69.66795602847996,70.05635029630234,69.37665847561203,69.76020050048828,8983200,XLK
2022-08-25,69.93983866948285,70.9448086872119,69.84759418576796,70.93994903564453,7126600,XLK
2022-08-26,70.91080720980199,71.08073200607411,67.8619246262057,67.91047668457031,14321800,XLK
2022-08-29,67.17738663260832,67.66773727886394,66.7550118373625,67.01232147216797,13231600,XLK
2022-08-30,67.39100007516973,67.50752057435807,65.71120547456229,66.3132095336914,13268800,XLK
2022-08-31,66.71132109691843,66.92493832543012,65.63353046797666,65.66751098632812,14171400,XLK
2022-09-01,65.02667342832054,65.42963189501543,63.978010966175155,65.34709930419922,15988600,XLK
2022-09-02,66.02192374316785,66.39574647932677,64.15763267347147,64.49748229980469,16606600,XLK
2022-09-06,64.58487845917095,64.86161193352496,63.64788422075695,64.07025909423828,14990000,XLK
2022-09-07,64.19647368496248,65.35679689362979,63.978004213741535,65.09463500976562,11657000,XLK
2022-09-08,64.61399455799591,65.65780463900144,64.32270440664911,65.31795501708984,11210600,XLK
2022-09-09,65.86172199289243,66.78901173786824,65.73548957038945,66.609375,11418600,XLK
2022-09-12,67.02204358874589,67.706587774281,67.01233169311966,67.67745208740234,10181000,XLK
2022-09-13,65.74518658607056,66.11415705817159,63.910031303244814,64.08480834960938,20148800,XLK
2022-09-14,64.38580901453663,64.78876740198628,63.70127238815029,64.31784057617188,13229200,XLK
2022-09-15,63.80323468067801,64.19162901310636,62.458422360447216,62.83710479736328,14885200,XLK
2022-09-16,62.28850334861243,62.61863370757544,61.59910324088789,62.48755645751953,20762200,XLK
2022-09-19,61.863135686384375,63.05552411304284,61.82419961443149,62.99712371826172,15683000,XLK
2022-09-20,62.40821890083307,63.021452683023895,62.082137689073996,62.627227783203125,12109400,XLK
2022-09-21,62.95331135538351,63.8780187515547,61.63924702746304,61.64897918701172,16808800,XLK
2022-09-22,61.30342957766646,61.69278279378124,60.67559946608381,61.021148681640625,16033800,XLK
2022-09-23,60.466325341432395,60.55879756966226,59.42967765054342,60.22298049926758,19396200,XLK
2022-09-26,60.03803695726191,61.045484408335845,59.63408364694331,59.80442428588867,17193600,XLK
2022-09-27,60.59773578602354,61.16716184574126,59.32747536779307,59.882301330566406,18714800,XLK
2022-09-28,59.4832157863553,60.80701236575533,59.02572627970001,60.51499557495117,18933400,XLK
2022-09-29,59.64868831048858,59.784960832080394,58.242155377683744,58.9381217956543,31096600,XLK
2022-09-30,58.699641090534534,59.570816040882434,57.701925786963294,57.808998107910156,19513000,XLK
2022-10-03,58.26648513965774,59.95529880904592,58.04260834758962,59.600013732910156,17332200,XLK
2022-10-04,60.80701222084103,61.66845135484667,60.7632082170657,61.60031509399414,17779000,XLK
2022-10-05,60.76807039303894,62.252475320495236,60.41278531243309,61.804718017578125,14600400,XLK
2022-10-06,61.644121694225554,62.32062010771818,61.22556823813182,61.29856872558594,14348200,XLK
2022-10-07,60.04777197099831,60.05263990752741,58.461166272093024,58.77751159667969,15749000,XLK
2022-10-10,58.77751504644006,58.86025511970043,57.21037728852536,57.78953552246094,16706200,XLK
2022-10-11,57.458588817181244,57.857674250600255,56.48034512514864,56.90376281738281,21044800,XLK
2022-10-12,56.94755871963316,57.336908223596325,56.6312096948742,56.728546142578125,14111600,XLK
2022-10-13,55.19548027701067,58.79698106154741,54.98133562228662,58.4903678894043,38114600,XLK
2022-10-14,58.96731932776212,59.09385596233349,56.752879951847824,56.84535217285156,22484000,XLK
2022-10-17,58.23729110839754,58.86998548859776,58.08154684024616,58.577972412109375,14599600,XLK
2022-10-18,60.096445562730935,60.310586504981416,58.329759581991205,59.07439422607422,13998000,XLK
2022-10-19,58.55850729150488,59.48808644424855,58.310294493226266,58.904056549072266,10984000,XLK
2022-10-20,58.92352169879056,60.218118080208285,58.64610871893644,58.9381217956543,12429600,XLK
2022-10-21,58.79211730283397,60.641535936756455,58.59257274332764,60.51499557495117,17126000,XLK
2022-10-24,60.77294217333748,61.57597718136025,60.0331717743493,61.35210037231445,13385200,XLK
2022-10-25,61.50298057072943,62.56882852076279,61.50298057072943,62.525028228759766,10265000,XLK
2022-10-26,60.948154034478094,62.422819548947466,60.85081386456163,61.133094787597656,15169400,XLK
2022-10-27,61.36183731799383,61.736586747412105,60.295985703273445,60.43712615966797,11694800,XLK
2022-10-28,60.7729534495952,63.19667015923576,60.7729534495952,63.06526184082031,14935400,XLK
2022-10-31,62.43741056791674,62.607754912215995,61.86312035807501,62.23300552368164,13292200,XLK
2022-11-01,63.00685770498371,63.1187942670591,61.44458035473074,61.71226119995117,9413200,XLK
2022-11-02,61.668454318132255,62.461757229405066,59.56108692767233,59.5805549621582,18092400,XLK
2022-11-03,58.74831928268684,58.855391621801054,57.78467565695524,57.82847595214844,16010600,XLK
2022-11-04,59.03059090674715,59.19119939005513,57.536453758580905,58.88458251953125,17896200,XLK
2022-11-07,58.98679158089221,59.96503894122512,58.568238131720825,59.86770248413086,10427600,XLK
2022-11-08,60.364121580765854,61.172028247461824,59.55135069064231,60.441993713378906,12722000,XLK
2022-11-09,59.88230686656229,59.90663912600316,58.782386999577305,58.869991302490234,11962600,XLK
2022-11-10,61.77553582559307,63.77582746687256,61.46405465385645,63.70769119262695,27932200,XLK
2022-11-11,63.649256341603014,65.01198851519298,63.3377753384647,64.79784393310547,15977800,XLK
2022-11-14,64.28684228396212,65.04607704657158,63.93642509717381,64.2430419921875,14526600,XLK
2022-11-15,65.70312176992809,65.97080264017605,64.36958906942712,65.02175903320312,12716200,XLK
2022-11-16,64.52045675886397,64.71026544382735,63.863422696754746,64.131103515625,10095800,XLK
2022-11-17,63.1090490324003,64.51071766762432,63.0847130634814,64.21383666992188,8149600,XLK
2022-11-18,64.93899707188339,64.95846881679944,63.746608902945866,64.28683471679688,11912400,XLK
2022-11-21,63.92183781204567,64.18465446796222,63.46921985372973,63.59575653076172,8363800,XLK
2022-11-22,63.87315689091206,64.8611363567095,63.41566739910531,64.82706451416016,9019200,XLK
2022-11-23,64.68591761052737,65.5960248014804,64.64211732809835,65.40135192871094,9480600,XLK
2022-11-25,64.95848698397265,65.22129620348174,64.83195031180854,65.02175903320312,3263000,XLK
2022-11-28,64.28682537182043,64.70051448876089,63.371854003729325,63.629798889160156,13030200,XLK
2022-11-29,63.547073207506294,63.7368818800549,62.74889502661015,63.0068473815918,11570200,XLK
2022-11-30,62.977650502578584,66.1800699397386,62.91438588513773,66.17034149169922,23334400,XLK
2022-12-01,66.23360192915567,66.57915489644762,65.44516696254308,66.26280212402344,15165800,XLK
2022-12-02,65.15314090706381,66.097320013923,64.90006763662534,65.87831115722656,8934400,XLK
2022-12-05,65.37216194560126,65.737179208747,64.35497486165077,64.78326416015625,11526200,XLK
2022-12-06,64.7151150640187,64.8124514962901,62.98736554259992,63.396183013916016,11799200,XLK
2022-12-07,63.16745030527071,63.56167518419385,62.622360240036485,63.07498550415039,10413800,XLK
2022-12-08,63.42539561193326,64.29170255193205,63.04577087154033,64.10675811767578,8965800,XLK
2022-12-09,63.81961962512815,64.60805452426405,63.47406668740969,63.712547302246094,10402800,XLK
2022-12-12,63.814752371381935,65.10448455810547,63.795288050560366,65.10448455810547,14806200,XLK
2022-12-13,67.47465701434855,67.81047408213503,65.20668132067645,65.87345123291016,18607600,XLK
2022-12-14,65.81018800285764,66.5791586921631,64.55452756788769,65.31863403320312,19541000,XLK
2022-12-15,64.24790747277174,64.48638810981414,62.63696568253768,62.87544631958008,19223800,XLK
2022-12-16,62.661295700434124,63.0311771802287,61.72685241493063,62.0432014465332,23999200,XLK
2022-12-19,62.05051755011878,62.14813721363542,60.810775752027844,61.21588897705078,14276600,XLK
2022-12-20,60.89374337698057,61.62099206241709,60.60089188223777,61.308616638183594,12622000,XLK
2022-12-21,61.59171800700977,62.61669654273614,61.44040845989925,62.323848724365234,14670600,XLK
2022-12-22,61.54291138102754,61.611247012845574,59.72234826596172,60.75221252441406,15323600,XLK
2022-12-23,60.31781509480986,60.874234186687,59.873653969923716,60.8156623840332,8231600,XLK
2022-12-27,60.60578477908367,60.71316455543615,59.88341783167375,60.23971939086914,9530200,XLK
2022-12-28,60.09329349373008,60.65459075815328,59.200093082144754,59.26842498779297,10362600,XLK
2022-12-29,59.8492489748836,61.025537095578926,59.844367060610814,60.82054138183594,10954200,XLK
2022-12-30,60.19091271752708,60.77173767099433,59.81508721598401,60.737571716308594,8905800,XLK
2023-01-03,61.38672100957853,61.79183424962251,59.73210582066684,60.161624908447266,15196200,XLK
2023-01-04,60.47400544463686,60.703407026797855,59.65401879127938,60.31781768798828,11813000,XLK
2023-01-05,60.015198845733394,60.17138659344358,59.04390640602977,59.14640426635742,11341000,XLK
2023-01-06,59.66866194320728,61.152447521412945,58.96581516305463,60.879119873046875,13825400,XLK
2023-01-09,61.425775722081006,62.7094437665535,61.406251786477895,61.58684539794922,21427200,XLK
2023-01-10,61.435531345827734,62.06516422064054,61.10851012291836,61.96754455566406,17209000,XLK
2023-01-11,62.16277772822361,63.04133605957031,61.972424043733376,63.04133605957031,13758000,XLK
2023-01-12,63.138955577408446,63.79787622518929,62.36777696769528,63.5098991394043,15358600,XLK
2023-01-13,62.90955589048753,63.78322865959932,62.763128247992015,63.69049835205078,10153200,XLK
2023-01-17,63.60262924960665,64.3542875594754,63.524533525637764,63.978458404541016,10425800,XLK
2023-01-18,64.33965059787184,64.68131010755997,63.114547105650374,63.153594970703125,13936000,XLK
2023-01-19,62.66063131610064,63.01205466336413,62.18718618013786,62.41658401489258,14645000,XLK
2023-01-20,62.72896756868297,64.15418126578236,62.50444418495838,64.1053695678711,14127800,XLK
2023-01-23,64.36404546231725,65.94057220581988,64.21762528593351,65.56474304199219,23472600,XLK
2023-01-24,65.19380192224388,65.78438318244021,65.0961785375601,65.53546142578125,12575600,XLK
2023-01-25,64.42750754483828,65.56475156415466,63.827162400776594,65.3988037109375,14342200,XLK
2023-01-26,66.0382003247761,66.47259763931311,65.35487376921719,66.44331359863281,11161800,XLK
2023-01-27,66.02355079195833,67.19007878124832,65.99426675461011,66.72151184082031,13549400,XLK
2023-01-30,65.955223791585,66.24319344373988,65.3939190594183,65.4476089477539,9705600,XLK
2023-01-31,65.44760068780381,66.38961271014554,65.40367463406012,66.3603286743164,8871600,XLK
2023-02-01,66.31150668552134,68.46397235613358,65.99425308314657,67.92219543457031,18852800,XLK
2023-02-02,69.08384911348283,70.16740313805285,68.76659545798326,69.77693939208984,18824000,XLK
2023-02-03,68.576255976323,70.32848734871622,68.47375438082902,69.19612884521484,16145400,XLK
2023-02-06,68.42982608854848,68.9667250043716,68.09304471840669,68.35173034667969,12977400,XLK
2023-02-07,68.45422458740197,70.32359931476866,68.424940549251,70.06002807617188,15708200,XLK
2023-02-08,70.19670487768107,70.57252666045942,69.07410282497752,69.21564483642578,12577000,XLK
2023-02-09,70.28455764658685,70.40170125714091,68.56161040564328,68.8349380493164,12624000,XLK
2023-02-10,68.32244558391314,68.751964712036,67.8685280533813,68.51768493652344,9861600,XLK
2023-02-13,68.7861289861017,69.85504119956508,68.74220292331772,69.7037353515625,8411800,XLK
2023-02-14,69.37670626659832,70.39680660889974,68.94230900686688,70.00145721435547,12622000,XLK
2023-02-15,69.57680991922894,70.33334633029601,69.41086211096363,70.32846069335938,10491000,XLK
2023-02-16,69.30837863696193,70.09419928420128,69.0545712214087,69.10826110839844,13001200,XLK
2023-02-17,68.61529015917525,68.693385888007,67.6488797196428,68.24434661865234,10606600,XLK
2023-02-21,67.33161859200405,67.73673180661474,66.5653256649977,66.62389373779297,12277800,XLK
2023-02-22,66.7605630222004,67.06317468665318,66.20902213268684,66.52628326416016,14338400,XLK
2023-02-23,67.7660278394665,67.88317145341331,66.67759542416644,67.62936401367188,13120000,XLK
2023-02-24,66.42866798689519,66.71175199657985,66.03819675448905,66.42378234863281,14347400,XLK
2023-02-27,67.0924811538292,67.43414076217941,66.6580837701509,66.78010559082031,9389000,XLK
2023-02-28,66.56532746014949,67.27793052377164,66.44818386378118,66.63365936279297,10485800,XLK
2023-03-01,66.66294769433975,66.77032746935663,65.94058075591474,66.14557647705078,15069400,XLK
2023-03-02,65.9649911639081,67.17056730935224,65.85273317781842,66.960693359375,10969400,XLK
2023-03-03,67.39019901616601,68.40541377404446,67.32674530094143,68.4005355834961,14439600,XLK
2023-03-06,68.83980464500472,69.65979488552644,68.67385681038645,68.72754669189453,15999200,XLK
2023-03-07,68.67388361264794,68.93745493296177,67.7025946239492,67.87342071533203,14120000,XLK
2023-03-08,68.1125531243774,68.51766629223648,67.71231814614875,68.4346923828125,13247000,XLK
2023-03-09,68.54207607668602,69.3132546806434,67.32185818073175,67.45364379882812,15624600,XLK
2023-03-10,67.35603338029988,67.5268668787905,66.00402975537631,66.2676010131836,30556800,XLK
2023-03-13,65.85273482250577,67.55127646895704,65.44274329536594,66.62879180908203,34439400,XLK
2023-03-14,67.487811305789,68.40541006967509,67.20959805959576,68.16625213623047,21202200,XLK
2023-03-15,67.41948632847914,68.28828093590224,67.09246880299915,68.20530700683594,23060000,XLK
2023-03-16,67.96614030077,70.21622251455663,67.74161691941276,70.11860656738281,26086800,XLK
2023-03-17,70.2552758748047,70.8604992631643,69.61099716737934,70.02099609375,23078600,XLK
2023-03-20,69.8967432421528,70.29786187636391,69.37334089777643,70.20980834960938,11981600,XLK
2023-03-21,70.59134436696046,70.90440942186751,69.85759744476647,70.77722930908203,13066400,XLK
2023-03-22,70.77722843101226,72.18602489264615,70.03369613580998,70.07283020019531,14224400,XLK
2023-03-23,70.96801834843808,72.17625580183741,70.54244743128638,71.21260070800781,17595800,XLK
2023-03-24,70.98756408251938,71.4327056581317,70.5179702482514,71.39846801757812,11872600,XLK
2023-03-27,71.506086194305,71.75066852354652,70.6794041912793,70.84571838378906,10810600,XLK
2023-03-28,70.72343675383259,70.74789648286638,69.8771838705052,70.51309204101562,9968000,XLK
2023-03-29,71.39846386654563,72.15177401958105,71.29573602273857,71.99034881591797,14256600,XLK
2023-03-30,72.65562501884321,72.92955602916464,72.33767098130444,72.82683563232422,11202400,XLK
2023-03-31,72.73878237225826,73.93723427870258,72.64583989398464,73.8687515258789,15069800,XLK
2023-04-03,73.4187221814202,73.85407843116737,73.06652302835951,73.75135803222656,21142200,XLK
2023-04-04,73.85896888885448,74.11332911791663,73.071413549661,73.34534454345703,15824800,XLK
2023-04-05,72.99803762913591,73.06652038063496,71.9854706988243,72.50887298583984,15737600,XLK
2023-04-06,71.98057423354854,73.01271192886564,71.66750916058345,72.9197769165039,15696000,XLK
2023-04-10,72.19580318832246,72.8953124637724,71.79958104743037,72.8806381225586,9517200,XLK
2023-04-11,72.7534711859353,72.76325657087371,72.07353248191951,72.1958236694336,12791600,XLK
2023-04-12,72.68496554545912,72.88063586234104,71.66750228985131,71.78490447998047,13235800,XLK
2023-04-13,72.06373330536587,73.23283641460321,71.9463311129187,73.12032318115234,13641800,XLK
2023-04-14,72.70942073378792,73.31109105955238,72.07840172833626,72.71430969238281,13003600,XLK
2023-04-17,72.80728208284991,73.13991800551173,72.41105981608047,72.9784927368164,8306000,XLK
2023-04-18,73.53611174577247,73.73177459092136,72.88552196276672,73.20347595214844,9212800,XLK
2023-04-19,72.54311064438353,73.13010666324992,72.44527921858236,72.9931411743164,8623200,XLK
2023-04-20,72.32300474979318,73.23285140129005,72.19092818926883,72.51377868652344,11416200,XLK
2023-04-21,72.19580409236787,72.41103771827841,71.80936732879917,72.27896118164062,12237600,XLK
2023-04-24,71.99037011194973,72.34256930339072,71.42293725195468,71.96102142333984,9079800,XLK
2023-04-25,71.60880334063282,71.7457688273866,70.40056621786555,70.4250259399414,11022600,XLK
2023-04-26,71.66263674923358,72.21049888741737,71.30065214275541,71.47186279296875,13603400,XLK
2023-04-27,71.80936980188034,73.04206677014717,71.63327023498506,72.9882583618164,12084800,XLK
2023-04-28,72.98826393349702,73.79538265601141,72.90999579466663,73.78070831298828,11792000,XLK
2023-05-01,73.72200952025112,74.18181803288283,73.60460731426791,73.8247299194336,8194400,XLK
2023-05-02,73.91276416010214,73.9959212352931,72.75343913759657,73.1349868774414,12058800,XLK
2023-05-03,73.2230752170287,73.69756563847122,72.4844316413491,72.5186767578125,11630200,XLK
2023-05-04,72.23005340484615,72.66051321767651,71.87295783921644,72.17134857177734,10861000,XLK
2023-05-05,72.87086390868755,74.23074113935449,72.76813604038705,73.98126983642578,12230000,XLK
2023-05-08,73.8393879431521,74.00570210015978,73.48718886710131,73.9421157836914,6795600,XLK
2023-05-09,73.53612004851922,73.67308554839964,73.29642669169853,73.37469482421875,12473200,XLK
2023-05-10,74.01549924488154,74.44107008605683,73.55079433747427,74.26986694335938,10551800,XLK
2023-05-11,74.14758530056827,74.14758530056827,73.42362364252257,73.93724060058594,8956800,XLK
2023-05-12,74.06442791735348,74.17204474687856,73.26708707970701,73.83940887451172,7908000,XLK
2023-05-15,73.91277485298784,74.46552578146523,73.64862178622916,74.45085144042969,6796600,XLK
2023-05-16,74.34813287900316,74.93512892701845,74.32367315532342,74.52912139892578,9398200,XLK
2023-05-17,74.84217916144954,75.64929771580236,74.49486903278888,75.5221176147461,11916600,XLK
2023-05-18,75.61505936769493,77.18038448317932,75.61505936769493,77.06787872314453,15491200,XLK
2023-05-19,77.08745403899373,77.21953058209509,76.76950000774018,77.03364562988281,9805000,XLK
2023-05-22,76.80373816738413,77.38095632936698,76.67655804684017,77.1803970336914,10794200,XLK
2023-05-23,76.79396721501463,77.11192127724793,76.01130072697153,76.0406494140625,11691000,XLK
2023-05-24,75.43897867849849,75.78628142663491,75.07210516299446,75.48300170898438,10925600,XLK
2023-05-25,77.48858457047422,78.68703663367987,77.08257695989101,78.37886047363281,18078000,XLK
2023-05-26,78.57941923776222,80.74642279876726,78.56963385356012,80.60456085205078,15160000,XLK
2023-05-30,81.7883292089651,82.19922572972874,80.86380830521675,81.03501892089844,18123600,XLK
2023-05-31,80.57030712942343,81.32850631244753,80.3159394393439,80.3599624633789,19301000,XLK
2023-06-01,80.10560047462936,81.51928601593802,79.84634380700273,81.17687225341797,17419400,XLK
2023-06-02,81.65624538620882,82.0182298874261,81.06436038347611,81.64157104492188,14270600,XLK
2023-06-05,81.59266370181089,82.13563675248355,81.03011988560297,81.17198181152344,10909000,XLK
2023-06-06,80.97632806774165,81.32852727893804,80.57032790045017,81.15242767333984,9975600,XLK
2023-06-07,80.99587497117976,81.62689401793568,79.77296347710602,79.93927764892578,13703800,XLK
2023-06-08,80.05668582350773,80.93228723452798,79.9979809918437,80.80510711669922,10665200,XLK
2023-06-09,81.19644461510138,82.03780842757791,80.93229151877995,81.20622253417969,14413600,XLK
2023-06-12,81.76386211244548,83.00634440987255,81.59754793532836,82.97209930419922,13787200,XLK
2023-06-13,83.71075657597095,83.87218182087736,82.80090994544628,83.4759521484375,16595800,XLK
2023-06-14,83.37810241085732,84.36621696712076,83.08949709573014,84.33686828613281,16769000,XLK
2023-06-15,83.99446123238737,85.80436885615768,83.97489046746972,85.42282104492188,17732600,XLK
2023-06-16,86.2348433151622,86.23973973925413,84.63528008993359,84.71843719482422,17366600,XLK
2023-06-20,84.23412739524004,84.75372685573852,83.69492365383572,84.1458969116211,14137800,XLK
2023-06-21,83.82236078519969,83.98412413340111,82.65570799012575,82.90080261230469,12058000,XLK
2023-06-22,82.52827330317712,83.61159497948194,82.51356822211511,83.57727813720703,15224200,XLK
2023-06-23,82.54787046756341,83.160607057969,82.32238759092319,82.67041778564453,14729000,XLK
2023-06-26,82.74396649185479,83.4694446593524,82.01848832435718,82.07730865478516,10890200,XLK
2023-06-27,82.40572315413449,83.88609692783724,82.32729107135796,83.6949234008789,13833000,XLK
2023-06-28,83.22922680994235,84.19490019999574,83.16550729566829,83.74392700195312,11371600,XLK
2023-06-29,83.83216326810518,84.04294104438657,83.3860892786847,83.89098358154297,9128200,XLK
2023-06-30,84.72430906465334,85.43998866823497,84.66058954767632,85.22430419921875,11398400,XLK
2023-07-03,85.20960843165295,85.24882447391367,84.61157687664391,85.0429458618164,6182200,XLK
2023-07-05,84.44981404211492,85.15078864746026,84.37628863721993,84.51844024658203,9395600,XLK
2023-07-06,83.68511607970137,84.37137809294204,83.43021555491414,84.29295349121094,12116400,XLK
2023-07-07,84.15569030317424,84.9399961272369,83.87628630864964,83.92530822753906,11622200,XLK
2023-07-10,83.62139077112482,84.15079611192378,83.30277071846295,84.1458969116211,16877200,XLK
2023-07-11,84.32234842031035,84.42038476453672,83.50373335249506,84.3272476196289,9996000,XLK
2023-07-12,85.17039301293384,85.68509328679279,84.70471466218348,85.28313446044922,16104400,XLK
2023-07-13,85.86645345593149,86.58213308059366,85.69489169939295,86.39585876464844,9349200,XLK
2023-07-14,86.61154071175937,87.28800427754476,86.01840842180786,86.2684097290039,11543800,XLK
2023-07-17,86.4301602984568,87.6262156215036,86.33211647814564,87.37132263183594,11858800,XLK
2023-07-18,87.17036247356798,88.78798862901783,86.71448254371899,88.36151885986328,16406000,XLK
2023-07-19,88.58210500026047,88.94974694747918,87.80269838758889,88.14093017578125,20990000,XLK
2023-07-20,87.57723545080978,87.94977668277109,86.1115665282384,86.38117218017578,24356000,XLK
2023-07-21,86.93016094449341,87.36642908355002,86.23409309789152,86.3370361328125,14871400,XLK
2023-07-24,86.71936502564816,86.93014277160677,86.15564301075594,86.48897552490234,11308200,XLK
2023-07-25,86.76839896546127,87.76838925308255,86.75369388591048,87.47917938232422,10802200,XLK
2023-07-26,86.56252647558071,86.77331176349549,85.69489680212914,86.30272674560547,15501600,XLK
2023-07-27,87.46937341862808,87.73407232998241,85.66057383867405,86.05272674560547,13857000,XLK
2023-07-28,86.85173267280616,87.48408102996075,86.6703650334756,87.22428131103516,11287400,XLK
2023-07-31,87.30271512924968,87.533104692839,86.92526728341473,87.42526245117188,10138400,XLK
2023-08-01,87.14096510714562,87.75860101149708,86.91057550828599,87.57232666015625,8845800,XLK
2023-08-02,86.80271250784422,86.85663362404763,85.09685602748176,85.40567016601562,15818600,XLK
2023-08-03,84.70958722354152,85.5576123728309,84.65566611695705,85.05762481689453,11321000,XLK
2023-08-04,84.76842458200301,85.27822559766682,83.76844178926933,83.90079498291016,14431800,XLK
2023-08-07,84.25373362705412,84.54294349953153,83.52824812632807,84.1360855102539,9536000,XLK
2023-08-08,83.5478492417232,83.59686367437459,82.65080209960294,83.48902893066406,11461800,XLK
2023-08-09,83.60177777623589,83.60177777623589,82.12630335215327,82.41061401367188,14301800,XLK
2023-08-10,83.03805352989343,83.75863230469756,82.0135598224787,82.42041778564453,12731400,XLK
2023-08-11,81.7635618606796,82.29296710592823,81.52827313380035,81.81257629394531,10772000,XLK
2023-08-14,81.7292491613231,83.12629147472997,81.53317645895103,83.11648559570312,10328000,XLK
2023-08-15,82.87138730398048,83.16550382419375,82.1066933270586,82.29786682128906,9366400,XLK
2023-08-16,82.12140241104429,82.59198737040222,81.50866586378842,81.51356506347656,9779400,XLK
2023-08-17,81.87630214141589,82.02825959789686,80.61651977664319,80.73906707763672,12614800,XLK
2023-08-18,79.92044814559267,81.19004392597061,79.87143371079091,80.86161804199219,13658600,XLK
2023-08-21,81.27828668515986,82.57238613875082,81.19985460198583,82.40572357177734,13132800,XLK
2023-08-22,83.14589650611488,83.19491842199895,82.13120866862386,82.31257629394531,11361800,XLK
2023-08-23,82.51355810918672,84.04294618975486,82.50865890933161,83.7978515625,10113200,XLK
2023-08-24,84.85176686628932,84.85666606637069,81.80278896404985,81.86650848388672,13929000,XLK
2023-08-25,82.19493489117008,83.15570917116466,81.46455765087681,82.69983673095703,15686600,XLK
2023-08-28,83.327274929534,83.55275780031414,82.73414263437064,83.37628936767578,8963800,XLK
2023-08-29,83.13610864637194,85.13117521691743,83.047870682533,85.04784393310547,13713800,XLK
2023-08-30,85.06253035302369,85.77820986830967,84.76841384434319,85.68997192382812,12266600,XLK
2023-08-31,85.88605240488968,86.43506191143616,85.79291526080907,86.10663604736328,11963400,XLK
2023-09-01,86.64585030697407,86.75859922137606,85.9301781809418,86.37134552001953,9244600,XLK
2023-09-05,86.15565446770161,86.94976608894031,85.87625050221855,86.68016052246094,10060400,XLK
2023-09-06,86.3419313634873,86.55761582316318,85.23410638751791,85.76351165771484,18143200,XLK
2023-09-07,84.17040130185674,84.70960500116873,83.86157967390805,84.52333068847656,12513600,XLK
2023-09-08,84.51843095205824,85.24390895945727,84.47921491386174,84.69979858398438,8584800,XLK
2023-09-11,85.44489090764922,85.52332298638964,84.39588616350376,85.14097595214844,8272800,XLK
2023-09-12,84.43018271043917,84.72919839403717,83.44489772234608,83.59685516357422,12243000,XLK
2023-09-13,83.56256071338096,84.25862853971809,83.32727197144732,83.80765533447266,10008800,XLK
2023-09-14,84.32236728981653,84.6262822688359,83.79296193689243,84.4155044555664,9473200,XLK
2023-09-15,84.11156364556706,84.13607460168433,82.57236984554287,82.79295349121094,13116800,XLK
2023-09-18,82.55227106034262,83.46597098161459,82.52770774342746,83.19087982177734,9943800,XLK
2023-09-19,82.837178454269,83.3578877253346,82.3852419643692,83.14665222167969,8236600,XLK
2023-09-20,83.37262058859332,83.48069316796396,81.80557568338973,81.8399658203125,10760400,XLK
2023-09-21,80.98029731962863,81.55504282206505,80.55291669294243,80.59221649169922,14741200,XLK
2023-09-22,80.94591518475164,81.50592425495893,80.58239763207744,80.76416015625,12537800,XLK
2023-09-25,80.55784027763565,81.14732231466243,80.35152193945981,81.0245132446289,10577400,XLK
2023-09-26,80.49397271737782,80.53818218118747,79.29044539664737,79.56553649902344,14926000,XLK
2023-09-27,79.9486938271605,80.10589301355935,78.8974486290449,79.68833923339844,11665200,XLK
2023-09-28,79.31010020106683,80.76416296669139,78.9367633064942,80.2532730102539,12829400,XLK
2023-09-29,81.0441580441327,81.79574894053111,80.25326734649947,80.52835845947266,15883800,XLK
2023-10-02,80.56766344821,81.62873566285772,80.44485437232034,81.3929443359375,13656200,XLK
2023-10-03,80.93119046795992,81.48628995445839,79.59993663166593,80.01258087158203,14838800,XLK
2023-10-04,80.07642740657208,81.22592605736922,80.07642740657208,81.00978088378906,15194200,XLK
2023-10-05,81.0048615133358,81.25047965921695,80.14519800275177,81.11785125732422,12023000,XLK
2023-10-06,80.56276231429258,82.98947111014037,80.32697096240476,82.63578033447266,16625600,XLK
2023-10-09,82.1298024781436,83.19087474042365,81.75154840863543,83.06314849853516,13139200,XLK
2023-10-10,83.12210703181803,83.85896156524149,82.89122534502492,83.19087982177734,20402800,XLK
2023-10-11,83.44631278233594,84.00141223254602,83.18104846285495,83.96211242675781,10389200,XLK
2023-10-12,84.03580078446488,84.90037400844275,83.40210173466093,84.04071044921875,15405800,XLK
2023-10-13,84.20773484939173,84.35019758953696,82.54735357531767,82.83718872070312,15183200,XLK
2023-10-16,82.97472550150242,84.01123439769634,82.95998901210824,83.63298034667969,14544200,XLK
2023-10-17,82.58173158613297,83.67718639513447,81.98733238739878,83.24490356445312,15317800,XLK
2023-10-18,82.66034109327282,83.33333248096824,82.05120533276907,82.3901596069336,12862800,XLK
2023-10-19,82.71928912562883,83.2743886027566,81.77611622799041,81.91857147216797,19991800,XLK
2023-10-20,81.87926207030564,81.93821552277461,80.44977014825785,80.53327941894531,15350400,XLK
2023-10-23,80.03221820233247,81.44698116449514,79.5851913641948,80.62661743164062,15159000,XLK
2023-10-24,80.94592556852403,81.30452600707521,80.30731681111419,81.18171691894531,11180400,XLK
2023-10-25,81.5697986056359,81.66804437793361,79.98310727079561,80.22380828857422,15529600,XLK
2023-10-26,80.366264491178,80.71995523921126,78.35219259241478,78.69114685058594,20646400,XLK
2023-10-27,79.17254304719717,79.94869719750434,78.79920620726602,79.14797973632812,16231600,XLK
2023-10-30,79.56553532766303,80.28273604891767,79.32482686879248,79.9978256225586,14180800,XLK
2023-10-31,80.03712898189616,80.63643788417907,79.41326426046874,80.56766510009766,10893600,XLK
2023-11-01,80.71010754032952,82.23293523238439,80.71010754032952,82.12486267089844,20945800,XLK
2023-11-02,82.86666284433267,83.58878089385415,82.75368058021635,83.51509094238281,16192600,XLK
2023-11-03,83.43157538829563,84.71370249251922,83.24982034720675,84.37474822998047,15661800,XLK
2023-11-06,84.48772284479993,84.95930543331983,84.22245108004616,84.9298324584961,11099200,XLK
2023-11-07,85.15581208513132,86.10880417139558,85.02808585517872,85.8582763671875,13029800,XLK
2023-11-08,86.15303786451254,86.4870750016612,85.76004726529418,86.34461975097656,10722400,XLK
2023-11-09,86.47232381415633,87.10602282792142,85.82880547144191,85.94178771972656,14374600,XLK
2023-11-10,86.46248547986497,88.24567537968527,86.36423973375346,88.18672943115234,13346400,XLK
2023-11-13,87.8183089627206,87.8919914040093,87.30250938668807,87.67093658447266,11725000,XLK
2023-11-14,89.01202300377942,89.65063174272494,88.73693185362976,89.4246597290039,16508400,XLK
2023-11-15,89.82256138906608,89.96010695484539,89.19377951816892,89.53764343261719,13147800,XLK
2023-11-16,89.36080019151535,90.08291817689307,89.19869130748451,89.98466491699219,11553600,XLK
2023-11-17,89.78327528803621,90.14187574671445,89.4099308419367,89.79801177978516,13277800,XLK
2023-11-20,89.91096359579683,91.33554561728965,89.90113677273509,91.0997543334961,11116200,XLK
2023-11-21,90.68713279298527,90.82958802055502,90.03378762062732,90.3629150390625,13350800,XLK
2023-11-22,90.93275035191581,91.5418860527051,90.52011366541548,90.76573181152344,11213400,XLK
2023-11-24,90.61345339041264,90.69204550360583,90.24502615649072,90.5888900756836,4193800,XLK
2023-11-27,90.4611752814896,91.10961089314716,90.29907387424743,90.583984375,8420000,XLK
2023-11-28,90.2794129367381,90.99662128306046,90.2794129367381,90.75591278076172,11012400,XLK
2023-11-29,91.41907571713962,91.81205874894843,90.77064022244754,90.82467651367188,10765400,XLK
2023-11-30,91.2029393333565,91.32574841653866,90.19590335212851,90.95732116699219,13744000,XLK
2023-12-01,90.72149530058951,91.32572120670454,90.28429539454844,91.16361236572266,13992200,XLK
2023-12-04,90.25483745253793,90.25483745253793,89.07096374295196,90.05343627929688,18221800,XLK
2023-12-05,89.57202339285152,90.69695869544671,89.57202339285152,90.59379577636719,10841400,XLK
2023-12-06,91.15872252470334,91.29135092698081,89.75869609085092,89.82746887207031,14731400,XLK
2023-12-07,90.25483495502277,91.0702889365849,90.06325311556375,90.91800689697266,13928800,XLK
2023-12-08,90.72152238395445,91.76785817189901,90.60854012614823,91.69417572021484,12808800,XLK
2023-12-11,91.42398912806541,92.51453432606789,91.21275361892454,92.49488067626953,37795400,XLK
2023-12-12,92.15593274150069,93.13840534004261,92.07733313465629,93.10892486572266,15055400,XLK
2023-12-13,93.32998950131727,94.15526290654698,93.1089271646503,93.9292984008789,29395000,XLK
2023-12-14,94.00297412685245,94.35666484542051,93.00576508567804,93.69841003417969,15427400,XLK
2023-12-15,93.60016225618678,94.71036110271136,93.60016225618678,94.16999816894531,18131200,XLK
2023-12-18,94.15129121265402,94.66330077095428,93.75250565280881,94.45160675048828,10138000,XLK
2023-12-19,94.43191606273481,94.82085314397385,94.37776055188667,94.81100463867188,9003600,XLK
2023-12-20,94.70269153031681,95.03746558112289,93.36358030267591,93.37834930419922,13734800,XLK
2023-12-21,94.32852418719261,94.63868070908369,93.63435111668939,94.42698669433594,11336000,XLK
2023-12-22,94.69776159964114,94.82576210416056,94.08236155678463,94.55006408691406,10215000,XLK
2023-12-26,94.60915001479816,95.14085660908495,94.60915001479816,94.94393157958984,6207600,XLK
2023-12-27,94.9931585003341,95.1359355312226,94.53530442906228,94.93900299072266,11764600,XLK
2023-12-28,95.27378863812835,95.37225115649554,95.00793157510743,95.05224609375,9615400,XLK
2023-12-29,95.10147423177389,95.29347877314486,94.28914905956027,94.76177215576172,12190600,XLK
2024-01-02,93.47189315471219,93.61959068504953,91.69461731854626,92.28047943115234,23545400,XLK
2024-01-03,91.43860380720157,91.94077237822782,91.17767477304858,91.34014129638672,18190000,XLK
2024-01-04,90.77890428630353,91.40907342268295,90.58197924826321,90.67059326171875,12127200,XLK
2024-01-05,90.7739812376817,91.4287678634602,90.30135064257995,90.6459732055664,16350600,XLK
2024-01-08,91.1038317926812,92.98449058132734,91.01028977605539,92.92049407958984,16434600,XLK
2024-01-09,92.20662376558089,93.3340409469088,92.00969873998532,93.06818389892578,10633800,XLK
2024-01-10,93.11250343756669,94.06267763001969,92.91557088914035,93.86082458496094,9785400,XLK
2024-01-11,94.3236099036399,94.79624052378975,93.01403658267921,94.33837890625,13296600,XLK
2024-01-12,94.49099780333933,94.86023789637794,94.17099272758944,94.64362335205078,8834600,XLK
2024-01-16,94.52545752218232,95.27870666083554,93.97898192039388,94.87992858886719,11775600,XLK
2024-01-17,94.17591237909859,94.52546296940946,93.38820469501216,94.4122314453125,14109000,XLK
2024-01-18,95.67256778402883,96.41596844500535,95.3131762074994,96.32735443115234,18918800,XLK
2024-01-19,96.95751489594859,98.56740361345928,96.74581336144759,98.5477066040039,18333200,XLK
2024-01-22,99.0301845336383,99.58650864730654,98.60678894961464,98.98095703125,14969000,XLK
2024-01-23,99.07448657733026,99.44372660369034,98.49847303767346,99.37972259521484,13263800,XLK
2024-01-24,100.0640640258789,101.06839376165237,99.7785174558529,100.0640640258789,17651200,XLK
2024-01-25,100.98469741363073,101.49178652020115,100.0197542158148,100.48253631591797,17071400,XLK
2024-01-26,99.77849502891968,100.22158754303996,99.09909101459284,99.3255615234375,10553000,XLK
2024-01-29,99.44865117854657,100.25605576881476,99.25172616129397,100.23636627197266,7639600,XLK
2024-01-30,100.20189919195816,100.35451720552994,99.10402758369626,99.40926361083984,12251600,XLK
2024-01-31,98.46401695201509,98.86772302737835,97.27260324836071,97.32183074951172,16295200,XLK
2024-02-01,97.71076399514364,98.68555562135934,97.64675998272575,98.5477066040039,14303400,XLK
2024-02-02,97.87815641324526,99.8819027960977,97.84861840964099,99.56681823730469,12872200,XLK
2024-02-05,99.9705170895109,100.07882811117173,98.8578763814234,99.79328155517578,10086200,XLK
2024-02-06,99.90159142728993,100.07390646309712,98.69540871326478,99.3354263305664,12677200,XLK
2024-02-07,100.03451750715297,100.67453510879615,99.6357394472961,100.64991760253906,11365800,XLK
2024-02-08,100.8222269357504,101.23578151656807,100.69914691445892,100.96500396728516,9948200,XLK
2024-02-09,101.3883940272388,102.45672765248489,101.27023450882983,102.32379913330078,11612200,XLK
2024-02-12,102.31889040026493,102.63397497337151,101.3982541891366,101.54594421386719,10753200,XLK
2024-02-13,99.34526387132115,100.49237053878888,99.0449483273729,99.82281494140625,19459400,XLK
2024-02-14,100.5662234563235,100.94530450389892,99.85728134895979,100.86653900146484,11791600,XLK
2024-02-15,100.99946111457186,101.09793114005325,100.09359397292569,100.65483856201172,10796400,XLK
2024-02-16,100.92560498832898,101.12745800123542,99.59634242507052,99.7292709350586,11090400,XLK
2024-02-20,99.14342675600943,99.4978978383324,97.72554242671751,98.71510314941406,17447600,XLK
2024-02-21,97.76000590597418,98.09477996826172,97.0215257556485,98.09477996826172,15954400,XLK
2024-02-22,100.63023431277297,101.580416095947,100.39884324438283,101.30471801757812,18551600,XLK
2024-02-23,102.10717789490894,102.23518591889345,100.74837722763831,101.0683822631836,12324000,XLK
2024-02-26,101.51148506364397,101.76256561629069,101.06347195893329,101.16686248779297,18248800,XLK
2024-02-27,101.44255431078372,101.44255431078372,100.50222115204721,101.2554702758789,9984400,XLK
2024-02-28,100.92070062069449,101.05362163971736,100.41361151556947,100.77792358398438,8329000,XLK
2024-02-29,101.31454379911871,102.14164542224394,100.74837872406529,101.90040588378906,11986800,XLK
2024-03-01,102.16133519699446,103.9090729509417,102.11210769723466,103.7613754272461,13136800,XLK
2024-03-04,103.61368541575858,104.35708601834212,103.382294381484,103.7613754272461,20443800,XLK
2024-03-05,102.73734642985265,102.78658144069504,100.55637217171875,101.2111587524414,18042800,XLK
2024-03-06,102.26965002440613,102.78166712400235,101.32932436332806,102.0136489868164,14303200,XLK
2024-03-07,102.88504741261463,103.93861207510989,102.37303783877925,103.62352752685547,12120800,XLK
2024-03-08,103.81062149471393,104.54418118279213,102.01857654647337,102.08258056640625,14912200,XLK
2024-03-11,101.61486450753254,102.02841909622198,101.06838890210825,101.80194854736328,15648400,XLK
2024-03-12,102.78166881913512,103.89923003124204,101.80686961766827,103.88938903808594,17382800,XLK
2024-03-13,103.57430376242428,103.63337976978775,102.3385755188761,102.76689910888672,12815400,XLK
2024-03-14,103.20013766005475,103.56445724092791,102.16134194150058,102.78659057617188,16023200,XLK
2024-03-15,101.30963144946969,101.77241355397639,100.82223183706628,101.23578643798828,19633400,XLK
2024-03-18,102.12292447106591,102.77879234948126,101.65444956494449,101.73335266113281,14176600,XLK
2024-03-19,101.2352914585625,102.27580260743744,100.72736496416806,102.2610092163086,13390200,XLK
2024-03-20,102.3399058317982,103.4395904754837,101.97992079612435,103.40507507324219,13357400,XLK
2024-03-21,104.50968836810068,104.50968836810068,103.39028171205086,103.47904205322266,12312000,XLK
2024-03-22,103.48397065584827,103.89326445423261,103.11412087870029,103.51355743408203,11507000,XLK
2024-03-25,102.53221928227549,103.26699021004723,102.23634397734752,102.8281021118164,8777800,XLK
2024-03-26,103.19795143839559,103.36561486292149,102.32017524574486,102.40400695800781,8538400,XLK
2024-03-27,103.050010553226,103.10425548786434,102.13771143193026,102.92672729492188,12495000,XLK
2024-03-28,102.68509681844317,103.00070168151863,102.49771136901971,102.70482635498047,8854400,XLK
2024-04-01,102.92181402199567,103.59247534816919,102.61606637906904,102.99085235595703,11654800,XLK
2024-04-02,101.84676375419549,102.14757520250612,101.17117391315888,101.9996337890625,11418200,XLK
2024-04-03,101.48678662395766,102.79852238718574,101.46212846570187,102.27086639404297,10670000,XLK
2024-04-04,103.24726615862215,103.60725870942653,100.59914403957433,100.65338897705078,16464800,XLK
2024-04-05,101.09227820265136,102.32511086365929,100.81118874412711,101.80731964111328,12808800,XLK
2024-04-08,101.87142165592714,102.20674850258922,101.31417892734787,101.68896484375,8125800,XLK
2024-04-09,102.21169277114863,102.42373637786861,100.92461516696676,102.20182800292969,9400800,XLK
2024-04-10,101.03803249486366,101.32405057299219,100.51531265451658,100.94927215576172,13836800,XLK
2024-04-11,101.3980044216013,103.13383467769887,100.909807570389,102.96617126464844,10563600,XLK
2024-04-12,101.73828082442157,102.2166204965642,100.92461428190983,101.29939270019531,16186800,XLK
2024-04-15,101.92073576100188,101.98484546575476,99.22330488429776,99.37617492675781,17189000,XLK
2024-04-16,99.5931547250472,100.11093841116434,99.10002167189698,99.49452209472656,14914000,XLK
2024-04-17,99.85944965612669,100.02711309902475,97.98554242926181,98.05951690673828,13090400,XLK
2024-04-18,98.02992151491219,98.28142420108661,96.83654036606093,96.94010162353516,15280600,XLK
2024-04-19,96.57023435418519,96.88583916686453,94.70125610792431,94.9428939819336,21880000,XLK
2024-04-22,95.6727525217811,96.36807201685507,94.7210092257296,95.79110717773438,13293400,XLK
2024-04-23,96.19053751033258,97.35433188168356,96.04753222777009,97.2113265991211,12151600,XLK
2024-04-24,97.93129706008952,98.33566979960497,97.11763048370761,97.65514373779297,9160200,XLK
2024-04-25,96.437104274909,97.62555680797942,96.00808090161031,97.44309997558594,11568000,XLK
2024-04-26,98.21238737930766,99.26275573752183,97.82774417354804,98.54278564453125,10104200,XLK
2024-04-29,99.05070488462769,99.19864630479026,98.38990840246315,98.96687316894531,7494800,XLK
2024-04-30,98.62661572162907,99.02605231136349,96.75764466453418,96.7872314453125,14929000,XLK
2024-05-01,96.26943919853748,97.88691507744507,95.77630612509947,95.79602813720703,20453600,XLK
2024-05-02,97.01899729898264,97.30994398757674,95.79602193827301,97.17679595947266,13340000,XLK
2024-05-03,99.80519877291133,100.21942873350483,99.45014237108454,99.88410186767578,13316400,XLK
2024-05-06,100.26380994305399,101.05774688720703,100.11093238510459,101.05774688720703,8021000,XLK
2024-05-07,101.35363704906781,101.40295336483005,100.71749871356946,100.72735595703125,10020800,XLK
2024-05-08,100.36737122315763,101.12186420391565,100.34271306520466,101.01337432861328,7176000,XLK
2024-05-09,100.85064712271706,101.06269826757135,100.48079729936524,100.98379516601562,9589600,XLK
2024-05-10,101.51144385412248,101.96512536834999,101.03803280362533,101.35856628417969,8753800,XLK
2024-05-13,102.10320250169825,102.18703421970311,101.51637295105078,101.83690643310547,6582000,XLK
2024-05-14,101.80239947489198,102.88236217957325,101.74322591012502,102.73934936523438,9825200,XLK
2024-05-15,103.38534706630166,105.08666220959242,103.31138011425146,105.05213928222656,14308600,XLK
2024-05-16,105.11624094590626,105.4417105592463,104.64282991517409,104.68721008300781,12066600,XLK
2024-05-17,104.92884017744952,104.99294987596056,103.88340061496943,104.45543670654297,7616000,XLK
2024-05-20,104.55899923605183,105.88059971332689,104.46530275328892,105.68334197998047,6276800,XLK
2024-05-21,105.27898459770364,106.02854146613589,105.09159161828873,105.85594940185547,6140400,XLK
2024-05-22,106.15674580795998,106.48220787781158,105.46635507504081,106.09263610839844,11783000,XLK
2024-05-23,107.30575346174895,107.31561070491463,104.89433317583178,105.22966003417969,9400400,XLK
2024-05-24,105.4959570686002,106.34414657521246,105.14583679267652,106.1173095703125,5906400,XLK
2024-05-28,106.71892533967598,106.80275705536636,105.90032266936302,106.56605529785156,8786400,XLK
2024-05-29,105.44171179892616,106.39838359013494,105.44171179892616,105.89045715332031,8569000,XLK
2024-05-30,104.71186704631825,104.86967322963436,103.15356484682992,103.47410583496094,10450600,XLK
2024-05-31,103.7798690099218,103.79959854953444,101.35365483597826,103.6368637084961,12081000,XLK
2024-06-03,104.43079324131023,104.52448972935633,102.65551116415637,103.89820861816406,9628000,XLK
2024-06-04,103.84395629276852,104.28284439665121,103.31137170750421,104.11518096923828,6405400,XLK
2024-06-05,104.93872964226468,106.42799377441406,104.77106618705041,106.42799377441406,8788800,XLK
2024-06-06,106.48716702618127,106.56113398425876,105.79184752179573,106.07293701171875,7057600,XLK
2024-06-07,106.18634049507965,106.773170028162,105.79676117203243,106.31948852539062,6398600,XLK
2024-06-10,105.95950375303194,106.87673159373487,105.89046542199468,106.59071350097656,6734800,XLK
2024-06-11,106.31950563028654,108.60270690099144,106.27018930753707,108.5731201171875,12719200,XLK
2024-06-12,109.65306976475242,112.09407695674305,109.45088340011094,110.97466278076172,17821200,XLK
2024-06-13,112.00532519866198,112.31599393988326,111.1719290424214,111.85245513916016,12693600,XLK
2024-06-14,111.69463405949139,112.33570851928084,111.62066711300582,112.27159881591797,7864600,XLK
2024-06-17,112.54776134159984,114.37235224240563,112.16311813911807,113.97291564941406,11602600,XLK
2024-06-18,114.0863418688328,114.4907070844727,113.66224711607073,114.11592864990234,8677800,XLK
2024-06-20,114.628790235178,114.69782856978652,112.45407140808823,112.83378601074219,13243000,XLK
2024-06-21,112.85842110619375,113.30223780588594,112.12365021154382,112.63651275634766,13560200,XLK
2024-06-24,111.46574332572021,111.96962355410531,109.84542998131877,109.87506866455078,13748600,XLK
2024-06-25,110.68028528263966,111.94985658860463,110.05784279918176,111.89057922363281,9126200,XLK
2024-06-26,111.72263286560691,112.29072777104636,110.89271198372663,111.76215362548828,9459600,XLK
2024-06-27,111.54478966892697,112.36976571846138,111.41140805079446,111.81649017333984,7923600,XLK
2024-06-28,112.20675760538053,113.81225185208918,111.60407916205241,111.75721740722656,12488200,XLK
2024-07-01,111.92517647310417,112.78967332836378,110.29991816404006,112.6019515991211,9281600,XLK
2024-07-02,111.62383576650319,113.17498980156601,111.62383576650319,113.16510772705078,7076600,XLK
2024-07-03,113.00208593306836,114.74589894028904,112.90822507094254,114.69155883789062,6249200,XLK
2024-07-05,114.8199997690145,115.55112254345514,114.34576571091648,115.04230499267578,6671800,XLK
2024-07-08,115.41280210930667,116.16367394758457,115.2151983062222,115.8277587890625,7671000,XLK
2024-07-09,116.42054385012659,116.6971816098447,115.07193100259401,115.73388671875,8678600,XLK
2024-07-10,116.5292216770892,117.49746135422592,115.87714804784486,117.4134750366211,8749400,XLK
2024-07-11,117.59131689425504,117.6407197246262,114.14321190069215,114.47418975830078,14106000,XLK
2024-07-12,114.79035905150835,116.72189381803402,114.39022171650117,115.49678039550781,9767600,XLK
2024-07-15,116.08463485901233,116.84538873844171,115.04723566743097,115.70425415039062,8628000,XLK
2024-07-16,115.97596538210017,116.03524275699345,114.49397070725016,115.3189468383789,7652200,XLK
2024-07-17,112.68099101695408,112.79460849093611,110.77909495576509,110.83343505859375,12440400,XLK
2024-07-18,112.04867190154995,112.06842851230499,109.4452993569019,110.84331512451172,10837200,XLK
2024-07-19,110.2554620989344,110.93223723700739,108.86732832981109,109.10938262939453,8472800,XLK
2024-07-22,110.5518585710782,111.82143761731552,110.08256176864813,111.69300079345703,10601600,XLK
2024-07-23,111.22863358691338,112.25120591427492,111.10018923410051,111.2483901977539,5530800,XLK
2024-07-24,109.79602053844027,110.14182525615793,106.38743649138988,106.64431762695312,14300800,XLK
2024-07-25,106.53071401861764,108.12138890334305,103.96686956714467,105.50320434570312,21158000,XLK
2024-07-26,106.92590536140392,107.6916040537526,105.93790899393831,106.84192657470703,11697800,XLK
2024-07-29,107.69161025998334,108.15596978550332,106.05647738364584,106.3676986694336,7343800,XLK
2024-07-30,106.76287653774958,106.86661946469414,102.89981496885149,103.69515228271484,10694600,XLK
2024-07-31,106.89626223913018,108.47705485389312,106.14538292043763,108.08679962158203,14614000,XLK
2024-08-01,107.79039571282253,109.04021043962135,102.94921229527,104.05577087402344,16991400,XLK
2024-08-02,101.2893773682336,102.12423544785689,99.41712769620759,101.13130187988281,18621600,XLK
2024-08-05,94.80319325237181,99.64931422890058,94.23015355014743,97.76223754882812,31430000,XLK
2024-08-06,99.0120458280404,101.09671862915422,97.95983489168515,99.0910873413086,24575800,XLK
2024-08-07,101.49192110762704,101.98591927075768,97.35222162630565,97.485595703125,17653600,XLK
2024-08-08,99.24918613995222,101.37831730394852,97.81164948242288,101.12638092041016,14477200,XLK
2024-08-09,101.06709395360717,102.16377060430406,100.45454098541533,101.58085632324219,9535600,XLK
2024-08-12,101.89699660311503,103.2011513675853,101.42275508066525,102.41075134277344,8580200,XLK
2024-08-13,103.68034610762408,105.59211675680454,103.55190174958999,105.55753326416016,9999600,XLK
2024-08-14,106.20961001845828,106.67396951947296,104.7078588492541,106.13551330566406,8922400,XLK
2024-08-15,107.50882475500494,109.29709572838127,107.2766450107715,109.18841552734375,9518800,XLK
2024-08-16,108.61044663557807,109.58362371125905,108.3140446947703,109.37120056152344,6706400,XLK
2024-08-19,109.1143219823295,111.17923078632448,108.66971909123642,111.1742935180664,13004200,XLK
2024-08-20,110.8828327640469,111.54972577211683,110.13195343364228,110.78402709960938,7221600,XLK
2024-08-21,110.85318208288614,111.82142177560301,110.50244761680868,111.43610382080078,7538800,XLK
2024-08-22,112.0585400200782,112.32035844001842,108.64501094932311,108.87225341796875,9083600,XLK
2024-08-23,109.95412143425125,111.11995750020863,109.22300620103492,110.6358413696289,10681000,XLK
2024-08-26,110.53703149105243,110.9519956964265,108.68948309785337,109.24769592285156,6268800,XLK
2024-08-27,108.5709068508339,110.14182480136066,108.03738797355008,109.9096450805664,7656000,XLK
2024-08-28,109.76638830060644,109.97881142646895,107.48411924144784,108.39307403564453,9002200,XLK
2024-08-29,108.42273111576148,109.94919139921842,107.13834022024143,107.41497802734375,13314800,XLK
2024-08-30,108.58573968318956,109.26251478356917,107.41496639851786,108.84262084960938,10048400,XLK
2024-09-03,107.69161132473447,107.77065284854372,103.25056463951863,103.84336853027344,14765800,XLK
2024-09-04,102.79114381164597,104.7572544883047,102.46510319865529,103.57659912109375,12330000,XLK
2024-09-05,102.83065904850497,104.70290876288843,102.73679819182308,103.41851806640625,8874800,XLK
2024-09-06,103.33452673147804,103.58152580010226,100.27173978810039,100.73609924316406,12441000,XLK
2024-09-09,101.9859252923592,102.49968763352508,101.04238693599461,102.38606262207031,10922000,XLK
2024-09-10,103.0924739546117,104.13974760857565,102.10941493370268,103.91744995117188,10123000,XLK
2024-09-11,104.27313160426965,107.62737576466016,102.62317957339275,107.46435546875,12768800,XLK
2024-09-12,107.38533672943372,108.81299130038913,106.62952004703467,108.35356903076172,10604200,XLK
2024-09-13,108.48693801334213,109.16865789751725,108.0472799451833,108.89695739746094,8047400,XLK
2024-09-16,108.11150362700579,108.82779947328,107.47918656595411,108.48200225830078,6897800,XLK
2024-09-17,109.56879461371183,109.73675218090384,107.72123876115839,108.26957702636719,6990000,XLK
2024-09-18,108.54129030059171,109.30204424835455,107.17785791696632,107.2815933227539,12741600,XLK
2024-09-19,110.29497015870193,111.15452212405519,109.69229180667922,110.46786499023438,13934000,XLK
2024-09-20,110.03314813817715,110.4234033511496,108.94634620268248,109.92940521240234,14492800,XLK
2024-09-23,110.02790152822145,110.17141501028723,109.57260774373357,109.90912628173828,7490600,XLK
2024-09-24,110.36937341351204,110.88405104397476,109.18164360641092,110.6613540649414,7025800,XLK
2024-09-25,110.44361106048409,111.4630741200959,110.39412703460607,110.97808837890625,6111600,XLK
2024-09-26,113.14567397136965,113.2693953460306,111.26510756625244,112.44788360595703,9244800,XLK
2024-09-27,112.6062571001193,112.64090271400026,110.9830330659816,111.39874267578125,6093800,XLK
2024-09-30,110.9137374962303,111.79463309524776,110.35946814440454,111.72534942626953,5500400,XLK
2024-10-01,111.3937847044916,111.45812224130869,108.35518778226545,109.00348663330078,11295400,XLK
2024-10-02,109.02822252645203,110.30997415007107,108.40961565582275,109.81014251708984,4532400,XLK
2024-10-03,109.48848312771155,111.07211539663756,109.47363716513992,110.26544952392578,5784800,XLK
2024-10-04,111.69071845090618,111.76990194943271,110.31988339416252,111.49275970458984,5009200,XLK
2024-10-07,110.99291996855663,111.730302086247,110.44854289491228,110.7256851196289,4430400,XLK
2024-10-08,111.52245206725206,112.98236280321075,111.27005562571561,112.79430389404297,7864800,XLK
2024-10-09,112.88339051473018,114.21462622490017,112.53201847174489,114.05626678466797,7579800,XLK
2024-10-10,113.29413718289187,114.32349995896952,112.97741075574135,114.02657318115234,5692200,XLK
2024-10-11,113.7543781208082,114.4818603893799,113.58611886788292,114.22451782226562,8849000,XLK
2024-10-14,114.9519987187675,115.95166950299402,114.89756101389989,115.71412658691406,9810200,XLK
2024-10-15,115.80321239290221,116.0853007656886,112.74976962186722,113.17041778564453,14179400,XLK
2024-10-16,113.52673568751219,113.69500250396365,112.29942170775013,113.52178955078125,5758800,XLK
2024-10-17,115.1054236644484,115.16976119981187,113.86820983886719,113.86820983886719,6051200,XLK
2024-10-18,114.46207633877543,114.69467315301324,114.03152832369256,114.2740249633789,4537000,XLK
2024-10-21,113.91771426149585,114.82335579013333,113.70986322151664,114.80850982666016,6322400,XLK
2024-10-22,114.19977316990024,115.08066873965802,113.87315448491101,114.68971252441406,6169200,XLK
2024-10-23,114.26412126680565,114.43733422519256,112.08167423762993,113.04669952392578,6083600,XLK
2024-10-24,113.50695580007347,113.6603691201284,112.7052435848938,113.37828826904297,4832800,XLK
2024-10-25,114.0216313177973,115.24895295771992,113.80388801202503,113.96719360351562,8314800,XLK
2024-10-28,114.78375224763961,114.78375224763961,113.90780273591731,113.93254852294922,5899200,XLK
2024-10-29,114.15030034556641,115.79827009815087,113.72469847957143,115.4666976928711,7451600,XLK
2024-10-30,114.41258869604951,114.71941531306256,113.55643883000583,113.63066864013672,8341200,XLK
2024-10-31,112.3835505231438,112.3835505231438,109.94376854290627,109.98336029052734,12110200,XLK
2024-11-01,110.10213183994578,111.63628002076429,109.95366466900302,110.80982208251953,11565800,XLK
2024-11-04,110.91373647578045,111.52245108122465,110.25553785086628,110.7256851196289,6311800,XLK
2024-11-05,111.06715470245317,112.3736597371806,111.06715470245317,112.28457641601562,7273000,XLK
2024-11-06,114.45218165889239,115.69434165349665,114.11070942596126,115.4815444946289,10967800,XLK
2024-11-07,116.28325188915453,117.62934111519468,116.22881417959579,117.49571990966797,10463000,XLK
2024-11-08,117.34725052160428,117.75306026724421,116.94144832731801,117.36705017089844,7236400,XLK
2024-11-11,117.35221051648541,117.42644032694369,116.02096720567044,116.71875762939453,7267200,XLK
2024-11-12,116.63955966737535,117.01566991264977,115.94671546647639,116.86720275878906,7530800,XLK
2024-11-13,116.61976996242173,117.32251404718787,116.10014620663603,116.46141052246094,6329600,XLK
2024-11-14,116.6494748498241,116.85237218374971,115.877447058371,116.06550598144531,6602000,XLK
2024-11-15,114.63033704965355,114.77879666668886,112.80915438336378,113.18527221679688,11229800,XLK
2024-11-18,113.18526509079956,114.0315150600375,112.69532573136738,113.55147552490234,6166800,XLK
2024-11-19,112.83885646557447,114.57590965481197,112.83885646557447,114.48188018798828,6906800,XLK
2024-11-20,114.58083997472353,114.62043172114988,112.85864053762178,114.38288879394531,8874400,XLK
2024-11-21,115.49143783702151,116.08530653527649,113.72470035864005,115.5458755493164,10591800,XLK
2024-11-22,115.33801272979855,115.8724899727543,114.92231072461743,115.60525512695312,7090800,XLK
2024-11-25,116.47626079798343,116.67916568136266,115.07573381600739,115.60031127929688,11137200,XLK
2024-11-26,116.12488358012119,116.54059315356108,115.68443577190648,116.1793212890625,6229400,XLK
2024-11-27,115.39245699297548,115.46174066444227,113.591073983485,114.6055908203125,6369400,XLK
2024-11-29,114.87282779880294,115.91209044131591,114.75900624029947,115.66959381103516,4168400,XLK
2024-12-02,115.75371744995051,117.2037359169645,115.72402552764879,116.76823425292969,9398200,XLK
2024-12-03,116.2733624888463,117.21859573440533,116.04571935672125,117.18890380859375,5576000,XLK
2024-12-04,118.65375065878445,119.3911328089207,118.30733230183762,119.33174896240234,10840000,XLK
2024-12-05,119.14368357313246,119.28225090838235,118.56466844697685,118.72798156738281,5638000,XLK
2024-12-06,118.93582828683192,119.7029022909237,118.80716078054905,119.18821716308594,6654200,XLK
2024-12-09,118.74284256087992,119.16844444484329,118.1093896477281,118.41127014160156,8032400,XLK
2024-12-10,118.01040171247804,118.33207427255148,116.39707012145098,116.76823425292969,11234400,XLK
2024-12-11,117.69368781558303,118.83687225399427,117.28787803065808,118.46075439453125,8689600,XLK
2024-12-12,117.70357795871172,118.23310912437678,117.41654343218595,117.797607421875,7218200,XLK
2024-12-13,118.86159891776256,119.32679250831684,117.36209641710147,118.30238342285156,8677000,XLK
2024-12-16,118.45579047904445,119.58907492176196,118.20340159914315,119.48515319824219,9442600,XLK
2024-12-17,118.63889764476006,119.227812592239,118.18360389535826,118.76261901855469,8145000,XLK
2024-12-18,119.16348578235707,119.49011205088567,114.66497803878678,114.93222045898438,16927200,XLK
2024-12-19,116.10015518182063,116.47626548823744,114.90747917210136,115.05594635009766,13383400,XLK
2024-12-20,114.27401244840408,117.71346515804916,113.91769428482252,116.77318572998047,14924800,XLK
2024-12-23,117.10826599862224,118.06000210988452,116.48369130290438,118.01043701171875,7973400,XLK
2024-12-24,118.43177928737958,119.23480500994684,118.25332828639502,119.22985076904297,4653400,XLK
2024-12-26,118.84816437629726,119.74538120050512,118.46648359984809,119.30916595458984,7150800,XLK
2024-12-27,118.50614742261872,118.65981210348161,116.56301078927378,117.72294616699219,8726400,XLK
2024-12-30,116.00782926086893,117.15288674823441,115.2890709851015,116.22593688964844,7950400,XLK
2024-12-31,116.54318262919412,116.6224958696609,114.88259663915798,115.25933074951172,9381200,XLK
2025-01-02,116.17140842756314,116.4985698663535,113.90111801141377,114.9866943359375,12766600,XLK
2025-01-03,115.69058403431528,116.98435195809584,115.46256035923848,116.86042785644531,9117600,XLK
2025-01-06,118.19384662316459,119.4925687245888,117.88155548187724,118.3475112915039,8975400,XLK
2025-01-07,118.96713210232988,118.96713210232988,115.56665460718924,115.97312927246094,10006800,XLK
2025-01-08,116.24080101464291,116.26062554178698,114.81815482560243,115.9334716796875,10023800,XLK
2025-01-10,114.71407198518514,114.73390407894759,112.73624041926334,113.40543365478516,11665800,XLK
2025-01-13,111.5812531875429,112.68169970716679,111.25904601667577,112.60238647460938,10656000,XLK
2025-01-14,113.47482043769483,113.78711159409812,112.00260150568919,112.89981079101562,7220200,XLK
2025-01-15,114.44142907497331,115.48239457345875,114.06470252197414,115.14531707763672,10465400,XLK
2025-01-16,116.08217758782119,116.15653658494679,114.23323216127714,114.25801849365234,5368400,XLK
2025-01-17,116.32011988629307,116.45891427420558,115.53691866094289,116.0474853515625,6742600,XLK
2025-01-21,116.43412760877956,117.30159631261891,115.6261400528109,117.01409149169922,6744200,XLK
2025-01-22,118.59536084991309,119.93373958500378,118.42682589325777,119.6561508178711,10243800,XLK
2025-01-23,118.73415946680025,119.89408724098621,118.62015141131879,119.86930847167969,7604400,XLK
2025-01-24,120.24603899404337,120.24603899404337,118.2384669715696,118.62015533447266,6607600,XLK
2025-01-27,113.30628418671844,114.4959525229819,111.76466807789625,112.80563354492188,20705600,XLK
2025-01-28,113.56900244507533,116.0722707764657,112.36941806537187,115.81450653076172,11260600,XLK
2025-01-29,115.58648476732583,115.6410116747457,113.75737137564543,114.87268829345703,9050000,XLK
2025-01-30,114.66944753353044,115.4823893157367,113.8812920837267,115.08583068847656,8840200,XLK
2025-01-31,116.15653553288826,116.85050745074817,114.10435278867209,114.41168212890625,10741800,XLK
2025-02-03,111.87867858791034,113.55908912072336,111.28384440672227,112.87007141113281,13752800,XLK
2025-02-04,113.25672292370044,114.6744150750714,113.21706630000217,114.49596405029297,8371200,XLK
2025-02-05,114.60005372104537,116.1119292774695,114.23819746122153,116.08714294433594,5398000,XLK
2025-02-06,116.08715063768477,116.64232823078014,115.57162210375843,116.4043960571289,6808000,XLK
2025-02-07,116.87529233323257,117.43543166523891,115.02138514176376,115.40803527832031,8552800,XLK
2025-02-10,116.32012148716915,117.38586574410625,116.28541910784999,117.0934066772461,6054200,XLK
2025-02-11,116.44404596254202,117.61884403863304,116.3647327213246,117.14793395996094,6456200,XLK
2025-02-12,115.49726643027688,117.03392836535511,115.36838808338229,116.89513397216797,8555600,XLK
2025-02-13,117.10332571403698,118.62510979978924,116.93974498676958,118.5507583618164,7829600,XLK
2025-02-14,118.45161224929032,119.05140064331012,118.23350462829163,118.95226287841797,4557000,XLK
2025-02-18,119.56693173057138,120.05271208374683,119.01174662035837,120.037841796875,6024000,XLK
2025-02-19,119.90400375018491,120.52362425977985,119.06627561101627,120.0477523803711,5604200,XLK
2025-02-20,119.93374940359725,120.09237589136025,118.40204925430614,119.66607666015625,5987400,XLK
2025-02-21,119.70076306038686,119.75033572525896,116.36472844786141,116.42420959472656,9057600,XLK
2025-02-24,116.87529266704186,117.20245409536369,114.61491836904845,114.7586669921875,7447600,XLK
2025-02-25,114.51579409615832,114.61988611324321,112.49830594755451,113.27159118652344,10433600,XLK
2025-02-26,114.38193528476732,115.58647381124042,113.62847469830926,114.505859375,7630600,XLK
2025-02-27,115.13045022570833,115.2494200919709,110.28750154557667,110.33706665039062,10100000,XLK
2025-02-28,109.8413656406101,111.9084187619855,108.90449972856621,111.7944107055664,14172200,XLK
2025-03-03,112.36942359660623,112.59743971601958,107.59091037052595,108.39393615722656,12516200,XLK
2025-03-04,107.59090360816465,110.22305024467042,106.20790643607494,108.30966186523438,17721000,XLK
2025-03-05,108.64673734436474,110.18835350799652,107.18939622793307,109.83145904541016,11931000,XLK
2025-03-06,107.57603044102346,109.2762653928166,106.26739230115618,106.78291320800781,16432000,XLK
2025-03-07,106.65900368360475,108.60213284984185,105.39993803519936,108.32949829101562,11263400,XLK
2025-03-10,106.18808376721219,106.38635930238267,102.64881176195857,103.72447204589844,21561800,XLK
2025-03-11,103.40722304287537,105.04302262399266,102.25720380058269,103.3031234741211,14832800,XLK
2025-03-12,105.14710846101035,105.84108789663412,103.67488968073893,104.92900085449219,10981600,XLK
2025-03-13,104.62664400292216,104.85961435501972,102.53480456534547,102.93631744384766,12383000,XLK
2025-03-14,104.28461546951722,106.15834733578369,104.24991308945849,106.0492935180664,10040800,XLK
2025-03-17,105.96502203508638,107.54629476858344,105.65768512233318,106.78787231445312,10148800,XLK
2025-03-18,106.029463689346,106.13851750939166,104.77535232254826,105.16199493408203,11486600,XLK
2025-03-19,105.70230115477462,107.77926267982882,105.26113166927111,106.53011322021484,8838600,XLK
2025-03-20,105.32062006522395,106.93658768840166,105.1619935785741,105.7717056274414,7145200,XLK
2025-03-21,104.45314505731683,106.20295272820735,104.06650247395288,106.0592041015625,10425400,XLK
2025-03-24,107.82449726748891,108.32602692691886,107.54145817715931,108.06781768798828,8200200,XLK
2025-03-25,107.9983062914517,108.56935502899805,107.9436836453119,108.42535400390625,7481800,XLK
2025-03-26,108.09264359788135,108.35086042250342,105.58995057902827,106.00706481933594,7873000,XLK
2025-03-27,105.28207772813865,105.87795627465547,104.47267155272428,105.02882385253906,6577800,XLK
2025-03-28,104.48260865070452,104.90468582973857,102.13384253599222,102.4814453125,10667600,XLK
2025-03-31,100.69379451370204,102.7644767371658,99.67583126639563,102.53108978271484,14219000,XLK
2025-04-01,102.12392048948303,103.37030031482958,101.28968440236498,103.28092193603516,9480200,XLK
2025-04-02,101.80611807481436,104.90468977195583,101.726665575655,104.0456314086914,9292000,XLK
2025-04-03,99.06009645715955,99.66093793769419,96.86527249154892,96.94471740722656,19451400,XLK
2025-04-04,93.92063506648746,94.66548519366496,90.52412030503984,90.55887603759766,33804600,XLK
2025-04-07,86.86442189160664,95.24647143751054,85.63293841715407,91.10014343261719,44557800,XLK
2025-04-08,94.49166758803332,95.75791410238816,87.61422380658684,89.2479248046875,25811400,XLK
2025-04-09,89.43167201268471,101.78624722827783,89.31745620817892,101.23009490966797,36988800,XLK
2025-04-10,97.74916058265133,98.41952109966799,93.22046700319576,96.51766967773438,19747600,XLK
2025-04-11,96.03599962508042,98.91608808672852,95.31597940392008,98.49401092529297,14423200,XLK
2025-04-14,101.54789718628727,101.61245328640247,98.32021341264,99.3927993774414,11904400,XLK
2025-04-15,99.54673005914788,100.51007069950705,99.28851324553455,99.75528717041016,7200000,XLK
2025-04-16,97.07880018281274,98.1116599379884,94.61582575477733,96.28926086425781,13222400,XLK
2025-04-17,96.97948445322544,96.97948445322544,95.36067205464597,95.76786041259766,7480800,XLK
2025-04-21,94.25333017765804,94.4916800874284,91.9591943007266,93.29496002197266,8973400,XLK
2025-04-22,94.53636949467638,96.12041845861738,93.98518016203556,95.56922912597656,9312800,XLK
2025-04-23,99.2338942681134,100.28165037955395,97.93785478976284,98.34007263183594,13413800,XLK
2025-04-24,99.30838781402547,102.1487502517459,99.14948281585579,102.00970458984375,9317000,XLK
2025-04-25,101.70183571179624,103.71293258163682,101.6025238763612,103.51927185058594,6518400,XLK
2025-04-28,103.38518907979477,103.89665219271708,101.80611055492939,103.35043334960938,5574400,XLK
2025-04-29,102.85387802523377,104.2641258408256,102.85387802523377,103.83211517333984,9144400,XLK
2025-04-30,101.79121424591708,104.65143581374467,101.20029863920284,104.26411437988281,10203800,XLK
2025-05-01,106.54334628877928,107.53151671564018,105.6991844431073,105.79353332519531,11532800,XLK
2025-05-02,107.00516514249539,108.06284710295948,106.71715553586458,107.56131744384766,8125400,XLK
2025-05-05,106.63769920045392,107.75497427938767,106.58307656018135,106.99026489257812,6757000,XLK
2025-05-06,105.40124902001841,106.88102329770146,105.07848368355444,106.10140991210938,7958200,XLK
2025-05-07,106.10141757731857,107.63084409117687,105.37146384168149,107.16407012939453,8169400,XLK
2025-05-08,108.22671507739577,109.21488557763332,107.26337442855241,108.1869888305664,8704400,XLK
2025-05-09,108.66866301507338,108.86729425627591,107.49676521150329,108.05292510986328,7330000,XLK
2025-05-12,112.63622669562967,113.10796355036048,111.49908469713485,113.0682373046875,13478200,XLK
2025-05-13,113.47543345294287,115.88874811043637,113.34632125136459,115.5113525390625,12757200,XLK
2025-05-14,116.05261231890019,116.71800991011398,115.58086786982402,116.26116943359375,10248000,XLK
2025-05-15,115.6305275614478,117.07553854561635,115.4914894849993,116.4200668334961,9536400,XLK
2025-05-16,116.79747006242785,116.79747006242785,115.6305351545275,116.63856506347656,8111600,XLK
2025-05-19,114.91547029263324,116.73290631990783,114.87574404549531,116.4697265625,11863000,XLK
2025-05-20,115.74472814202402,116.0526046426895,115.15381256764113,116.0327377319336,10273200,XLK
2025-05-21,114.94526666086409,116.54918268381932,113.39101791963557,113.85282135009766,18643600,XLK
2025-05-22,113.90744398810058,114.90554040604816,113.62936782650368,113.88261413574219,11372000,XLK
2025-05-23,111.90131382612198,113.36121362401992,111.77717214563017,112.62629699707031,12004000,XLK
2025-05-27,114.37918097149657,115.4617004037785,113.9968300374814,115.30279541015625,14208400,XLK
2025-05-28,115.441833488811,115.90364449663537,114.65725713108257,114.82609558105469,10789200,XLK
2025-05-29,116.5640753144452,116.68324647871115,114.42883688959972,115.0197525024414,14011800,XLK
2025-05-30,114.96512982000053,115.01975246260581,112.9292032250841,114.66222381591797,13494000,XLK
2025-06-02,114.35931788889121,115.74473571298489,114.2202798125308,115.67521667480469,12878800,XLK
2025-06-03,115.82914379001807,117.50257869358187,115.74472836166123,117.41319274902344,14312400,XLK
2025-06-04,117.56217576281863,117.95446015376179,117.00602343834008,117.58700561523438,10899200,XLK
2025-06-05,117.93459696584482,118.96249372162623,116.74780279840564,117.25430297851562,15885200,XLK
2025-06-06,118.38647841199483,118.90787500488122,118.02397923601252,118.36164855957031,9026000,XLK
2025-06-09,118.82344058973264,119.67753590753435,118.73406222198909,118.94261932373047,11100600,XLK
2025-06-10,118.92276766919846,119.78678892120499,118.47585307060245,119.60802459716797,9831600,XLK
2025-06-11,119.89603801803032,120.3826713023195,118.72911072367316,119.3448486328125,9599600,XLK
2025-06-12,119.32001510914054,120.7302703677623,119.30015577400815,120.45219421386719,11210400,XLK
2025-06-13,119.05683515888705,119.96555317411926,118.32688146758588,118.76386260986328,13193800,XLK
2025-06-16,119.47891629585997,121.04309840024393,119.47891629585997,120.6855697631836,13866200,XLK
2025-06-17,120.17908476625176,121.02820965015205,119.5484428836834,119.83148956298828,10525400,XLK
2025-06-18,120.12445828830357,120.73027029909056,119.36471180505555,119.9754867553711,11066000,XLK
2025-06-20,120.40253052030876,120.80971128158752,118.8830376033054,119.44415283203125,11490600,XLK
2025-06-23,119.56254074148899,120.91046260343762,118.75179308672833,120.80601501464844,12277000,XLK
2025-06-24,122.03457360405172,123.12385074030851,121.89032633182568,122.97463989257812,11329400,XLK
2025-06-25,123.61129738970725,124.20816354569396,123.50187104232711,124.02413177490234,9228600,XLK
2025-06-26,124.58120941992243,125.0785991624575,124.08879084256927,124.87964630126953,11288400,XLK
2025-06-27,125.21786277714094,125.69536025067482,124.16339899294155,124.73042297363281,12196600,XLK
2025-06-30,125.82468377955206,126.29720251705969,125.21786768647819,125.9540023803711,13365200,XLK
2025-07-01,125.55111624820029,125.81473220111053,123.97439169585537,124.82990264892578,15144800,XLK
2025-07-02,124.5165420440644,126.2325350789044,124.42701553647713,126.14797973632812,11950200,XLK
2025-07-03,126.83437791157195,128.19225730428835,126.784635904016,127.80925750732422,7112800,XLK
2025-07-07,127.31684690419429,127.65010469454396,126.22756220589903,126.79458618164062,11560800,XLK
2025-07-08,127.46109209944049,127.71972928447356,126.94877371510786,127.47601318359375,15715200,XLK
2025-07-09,127.92863113058141,128.72444247131563,127.29196536095286,128.24197387695312,12933600,XLK
2025-07-10,128.56031968198073,128.6747247804179,127.14773471904296,127.8192138671875,9988600,XLK
2025-07-11,127.2123931582073,128.00324858793527,127.0532323930007,127.25716400146484,9239000,XLK
2025-07-14,126.94379956873902,127.46605268096664,125.93907025181714,127.15270233154297,8125200,XLK
2025-07-15,128.63492650742464,128.93834212870988,128.23702080446947,128.2817840576172,15657000,XLK
2025-07-16,128.32654505639636,128.75429292060227,126.73987066869428,128.6796875,17782600,XLK
2025-07-17,128.83387725968367,130.05248812121349,128.5802188293129,129.8485565185547,11955000,XLK
2025-07-18,130.345945023547,130.39070827555148,129.41582870281883,129.76400756835938,10281000,XLK
2025-07-21,129.90824213430875,130.81847381316658,129.75903129144493,129.93312072753906,9246600,XLK
2025-07-22,129.83363692876057,129.92316343462772,127.80429356679076,128.72943115234375,13448800,XLK
2025-07-23,129.06269170770605,129.63468685740384,128.29670727867443,129.465576171875,10091800,XLK
2025-07-24,129.78388513148198,130.2663537266563,129.28153187814567,130.0126953125,12159600,XLK
2025-07-25,129.9729205646141,130.63942103994503,129.70432583663165,130.31114196777344,8002000,XLK
2025-07-28,130.8085092925947,131.38548315262355,130.53992978983626,131.3506622314453,11517600,XLK
2025-07-29,132.20619940043377,132.9373629949729,131.1318508174387,131.3556671142578,13739000,XLK
2025-07-30,131.49491928616243,132.09675660378963,130.6145449366187,131.64910888671875,13934600,XLK
2025-07-31,133.30541162654617,133.30541162654617,130.0475001484919,130.6841583251953,16414400,XLK
2025-08-01,129.2616470989767,129.30641035374833,127.2223461443101,127.86398315429688,19438000,XLK
2025-08-04,129.0676573024302,130.4852210810798,129.0676573024302,130.46035766601562,12377000,XLK
2025-08-05,130.942822974805,131.05721289613794,129.082575094084,129.38101196289062,11176000,XLK
2025-08-06,129.50534769806197,131.00747423638848,129.420799953332,130.83834838867188,10167000,XLK
2025-08-07,132.2957126084089,132.50958652791107,129.86844854029297,130.95773315429688,10318000,XLK
2025-08-08,131.45014278711423,132.4150799715705,131.1069426968113,132.265869140625,11015800,XLK
2025-08-11,132.1813226514105,132.77819640765972,131.06717449748413,131.37057495117188,9425400,XLK
2025-08-12,132.02712791388393,133.4397128910123,131.29596442151552,133.40489196777344,11153800,XLK
2025-08-13,134.1758567915043,134.3200888824779,132.9671882261543,133.4546356201172,13990200,XLK
2025-08-14,132.77818958621015,133.62374298847124,132.46979521454264,133.16615295410156,15484400,XLK
2025-08-15,132.98708065667674,132.98708065667674,131.6292165005672,132.1564483642578,13373200,XLK
2025-08-18,131.99230894818325,132.5593405208958,131.8629827623092,132.43995666503906,12233800,XLK
2025-08-19,132.39022268907902,132.4200648566498,129.88337435923052,130.12709045410156,17367000,XLK
2025-08-20,129.79881465324274,129.79881465324274,127.25218176313658,129.24671936035156,23064200,XLK
2025-08-21,128.93336440424918,129.45065396552718,128.22210074444797,128.7791748046875,15148600,XLK
2025-08-22,128.6398979796324,131.3755412751911,128.2817767955941,130.52500915527344,13756000,XLK
2025-08-25,130.52004668057785,131.0472786035159,129.87343089531734,130.23155212402344,10691800,XLK
2025-08-26,130.34096753632238,131.00250435145492,130.15197219684245,130.8284149169922,11081000,XLK
2025-08-27,130.9577550568616,131.68393986127515,130.35590251416818,131.53472900390625,11538600,XLK
2025-08-28,131.69385982126028,132.85774984842087,131.03731698123292,132.57424926757812,12380600,XLK
2025-08-29,131.99231709670443,132.0171956919783,130.0624424151196,130.53994750976562,17481200,XLK
2025-09-02,128.23203167347145,129.34121611992035,127.47102607328104,129.22183227539062,18226000,XLK
2025-09-03,129.8833867591022,130.2514503136999,129.02289703431705,129.99281311035156,15636600,XLK
2025-09-04,129.46058241983823,130.68913550924057,128.9333505851112,130.63442993164062,24397400,XLK
2025-09-05,131.87293505418955,131.92267706056776,129.4158286945716,130.7438507080078,38561800,XLK
2025-09-08,131.43026622631777,132.20122946708292,131.40042405484363,131.72372436523438,20556000,XLK
2025-09-09,132.01718615251934,132.11665498903503,131.04229137241023,131.97738647460938,19355000,XLK
2025-09-10,134.64836429408805,135.2750801867083,133.72819029373613,134.3698272705078,25957200,XLK
2025-09-11,135.21539083739597,135.40440134906044,134.60359605160767,134.82244873046875,23429200,XLK
2025-09-12,135.09104660899612,135.22035761019652,134.4444308864777,134.73292541503906,15612200,XLK
2025-09-15,134.9468206594657,135.97642115210806,134.78268871007836,135.9465789794922,16268000,XLK
2025-09-16,136.25991376373517,136.35441902063346,135.30989761958273,135.47402954101562,16081400,XLK
2025-09-17,135.38450602127347,135.5486379463226,133.60882111827732,135.00648498535156,18948600,XLK
2025-09-18,136.75729598422765,137.74211781723758,136.0957592221093,137.3392333984375,20882600,XLK
2025-09-19,137.89137416882843,138.86127513231398,137.4437112235397,138.73196411132812,15670800,XLK
2025-09-22,138.52674235227067,140.8874097901948,138.4719664659045,140.77285766601562,15771200,XLK
2025-09-23,140.5786161586602,140.8077204022412,138.94011197373962,139.5576629638672,16456400,XLK
2025-09-24,139.93119268930818,139.93119268930818,137.76974890103972,138.69607543945312,13471000,XLK
2025-09-25,137.4360583598655,138.79568280129888,136.584433150806,138.45204162597656,21349600,XLK
2025-09-26,138.6014519546609,138.99489908432523,137.6452448732802,138.87039184570312,16534000,XLK
2025-09-29,139.6672483664823,140.40433672838887,139.2887414781197,139.61245727539062,16107400,XLK
2025-09-30,139.6124517236541,140.51389812435107,139.31861646097641,140.3744354248047,18215200,XLK
2025-10-01,139.65729554761626,141.84862005579865,139.61744471732575,141.74900817871094,17411200,XLK
2025-10-02,143.06876551132504,143.09864603128875,141.87349911686573,142.51596069335938,17607800,XLK
2025-10-03,142.64546821807096,143.37258627875266,141.31073899060902,141.79881286621094,17458000,XLK
2025-10-06,143.71122729805265,144.14949518967745,143.15842247927827,143.23312377929688,17945600,XLK
2025-10-07,143.9701965694177,144.1793754076684,141.5248878949896,142.2769012451172,15588400,XLK
2025-10-08,142.60560476407178,144.77701884436692,142.53090346284725,144.77203369140625,14037800,XLK
2025-10-09,144.7072829952907,144.8367753791425,143.7759713388467,144.5279998779297,11989400,XLK
2025-10-10,144.83181296792512,145.09576773124405,138.59151017597654,138.64630126953125,44574600,XLK
2025-10-13,141.80378475292457,142.49603707230452,140.9969651078484,142.02291870117188,22030400,XLK
2025-10-14,140.16028345019228,141.62947492899593,138.571569887209,140.20013427734375,26956800,XLK
2025-10-15,142.16734555613417,142.72513557089158,139.84652873151722,141.58963012695312,20937600,XLK
2025-10-16,142.61058526245296,143.24307652369345,140.72803653985224,141.6942138671875,23166200,XLK
2025-10-17,140.8525526775265,142.3665497574576,139.95609143949193,141.9432373046875,25511600,XLK
2025-10-20,142.75502349817936,144.13954335159264,142.67035189048008,143.52696228027344,13805200,XLK
2025-10-21,143.43732644119822,144.11463853526766,142.90941695651532,143.60166931152344,12503800,XLK
2025-10-22,143.53692085963615,143.8506815330566,140.39435936959308,142.18228149414062,20723200,XLK
2025-10-23,141.62447691673037,144.20426299028463,141.62447691673037,143.9751739501953,11923400,XLK
2025-10-24,145.67346964338674,146.7043932300745,145.45932083996007,146.21133422851562,14359600,XLK
2025-10-27,148.263213025786,149.04013691179728,148.0241536767686,148.91064453125,15167000,XLK
2025-10-28,149.6327980523693,150.97249708955212,149.11982886257104,150.3848114013672,15055200,XLK
2025-10-29,151.74942580095654,152.3918721977498,150.33999537369786,151.46554565429688,21506200,XLK
2025-10-30,150.60394836622066,151.3808722964715,149.5531145985157,149.60292053222656,19218600,XLK
2025-10-31,151.1119546646113,151.22152164443403,148.880779438511,149.74734497070312,16303800,XLK
2025-11-03,151.18166905619162,151.5103699918333,149.53817957662088,150.35992431640625,13983600,XLK
2025-11-04,147.64069786780368,148.61184526401036,146.1466109210503,146.39064025878906,16722600,XLK
2025-11-05,146.13166379739448,148.15366015449294,145.90754468645042,146.96336364746094,14447000,XLK
2025-11-06,146.7292738543527,146.8886467519458,143.26798207682455,144.01004028320312,24797400,XLK
2025-11-07,142.7799207619992,143.54688959992262,140.24495523263298,143.51202392578125,25547000,XLK
2025-11-10,146.07687023925317,147.46139011354595,145.31987170608562,147.1824951171875,18286400,XLK
2025-11-11,146.21132465218625,146.4752793736569,144.95629723666033,145.92745971679688,14871600,XLK
2025-11-12,147.1476299126462,147.1476299126462,145.49915529730131,146.38067626953125,13179200,XLK
2025-11-13,145.56390379565195,145.76311233988991,141.9531938362771,142.73011779785156,22385800,XLK
2025-11-14,140.09553306390734,144.80689772287403,139.59253417560754,143.5070343017578,27429600,XLK
2025-11-17,142.16237174735357,143.7162196602338,140.1204499854737,141.2609405517578,24675400,XLK
2025-11-18,140.04077128519353,140.76291939174976,137.69007387178866,138.96502685546875,36747600,XLK
2025-11-19,138.9749758252732,141.49998631135145,138.6163943645364,139.9311981201172,27668800,XLK
2025-11-20,143.1534410364927,143.68633565483097,135.22481355190342,135.53857421875,56551800,XLK
2025-11-21,135.76268778444646,137.87432555961206,133.21278212417783,136.06150817871094,44959000,XLK
2025-11-24,136.9778786125708,139.7967241277261,136.89320700864704,139.3036651611328,20124800,XLK
2025-11-25,138.07853158334396,140.0357817828216,136.11629623061478,139.6772003173828,21303400,XLK
2025-11-26,141.3256728058098,141.933268746237,140.23498816521803,141.33065795898438,13358800,XLK
2025-11-28,141.6294811784993,142.57074803022297,141.24598914377208,142.5458526611328,6792200,XLK
2025-12-01,141.1613296060198,143.038893313281,140.72804684270088,142.610595703125,12846600,XLK
2025-12-02,143.49708757361336,144.94136852691435,143.07874506843473,144.07977294921875,15719000,XLK
2025-12-03,143.38253741429702,144.52302801114428,142.66537448165087,144.4234161376953,11623200,XLK
2025-12-04,144.6176472647211,145.22025803165195,143.92537973685995,144.96128845214844,9995200,XLK
2025-12-05,145.6336479703551,146.72930265946968,145.1156935508135,146.02210998535156,6628000,XLK
2025-12-08,146.84881092631207,147.7950781032685,146.3408268618178,147.04803466796875,8272800,XLK
2025-12-09,146.75916565241133,147.6655819786717,146.3806739898327,147.43649291992188,6978200,XLK
2025-12-10,147.10781360649366,148.63178118400293,146.24124797969333,148.14370727539062,8961100,XLK
2025-12-11,146.48027189849466,147.54606114361206,144.53796203910585,147.38668823242188,9769300,XLK
2025-12-12,146.3607539300509,146.5002014316042,142.69525286279008,143.12356567382812,14873200,XLK
2025-12-15,143.85068210338324,144.05986095270538,141.46014918944869,141.73904418945312,10790300,XLK
2025-12-16,141.35056959184453,142.40638845455095,140.7429737106559,141.9980010986328,10790900,XLK
2025-12-17,142.15738988852524,142.2769119773204,138.77079898446758,138.84051513671875,18178700,XLK
2025-12-18,141.30077096229675,141.85856094133138,140.23498173914078,140.98202514648438,12319500,XLK
2025-12-19,142.0278973434728,144.04989373619406,142.00798712778658,144.0299835205078,14265900,XLK
2025-12-22,145.6550074327677,145.6550074327677,144.2983133264608,144.8070831298828,8864500,XLK
2025-12-23,144.3880890312723,145.6250643909789,144.0090080808129,145.5951385498047,7546100,XLK
2025-12-24,145.43553563558234,146.14381611772401,145.32580246853757,145.94430541992188,3676300,XLK
2025-12-26,146.2535438927823,146.6226394311932,145.88444835437141,146.17373657226562,5052900,XLK
2025-12-29,144.99662554553183,146.02412015194898,144.68736644330406,145.51535034179688,9822300,XLK
2025-12-30,145.49540545528077,145.9043970663659,145.0265469341358,145.0564727783203,6387400,XLK
2025-12-31,145.35573958892994,145.4455171172508,143.55012748534418,143.61996459960938,9528400,XLK
2026-01-02,145.27592583189536,146.16376131212516,143.06132223461395,143.94915771484375,15299500,XLK
2026-01-05,145.65499138022793,146.0340723336753,143.89927605684684,144.26837158203125,17476300,XLK
2026-01-06,144.856955650259,146.41316036557873,144.27836398554192,146.29344177246094,14985700,XLK
2026-01-07,146.17373657226562,147.02167603377654,145.68492244223475,146.17373657226562,13957100,XLK
2026-01-08,145.57519103721043,145.57519103721043,143.15110643671426,143.88931274414062,16870100,XLK
2026-01-09,144.21851729160065,146.22362494086602,143.6798216581504,145.79466247558594,15652600,XLK
2026-01-12,144.8370046524077,146.93188982792398,144.6973456407066,146.43310546875,12867200,XLK
2026-01-13,146.49296635217556,147.16133553937286,145.49539767486198,146.1238555908203,16552200,XLK
2026-01-14,145.14624832556666,145.57519556747127,142.9715558288872,144.3481903076172,22104200,XLK
2026-01-15,146.57276578483157,147.21122438307907,144.95670931766733,145.10635375976562,17370900,XLK
2026-01-16,146.36327706462842,146.59271359757147,144.66741336319407,145.2659454345703,14156700,XLK
2026-01-20,142.7420932480683,143.7496473177872,141.26569592083473,141.49513244628906,20029200,XLK
2026-01-21,142.43286308440085,144.68736295073882,141.61486463514902,143.46035766601562,27892800,XLK
2026-01-22,145.25597661419093,145.34575414250082,143.8095050674451,144.5277557373047,12971600,XLK
2026-01-23,144.17860759797276,145.47544999372877,143.40050520485732,144.73724365234375,14654500,XLK
2026-01-26,144.91681004123515,146.35331141194342,144.53772906238424,145.72483825683594,10195600,XLK
2026-01-27,147.06159026335632,148.25866977571278,146.6725390412982,147.6900634765625,12436200,XLK
2026-01-28,148.63773570320546,149.53554144092453,148.24868452063515,148.86717224121094,19497400,XLK
2026-01-29,147.48056714416987,147.57034468260184,142.9216856618305,146.51292419433594,25581000,XLK
2026-01-30,145.68493408291513,146.39321459553818,142.6423615616896,143.5301971435547,18342600,XLK
2026-02-02,143.1810250971117,145.7946500523043,143.04136609694925,144.9068145751953,16337600,XLK
2026-02-03,145.52533775321245,145.6151152897474,139.8292133509947,141.7345733642578,30464500,XLK
2026-02-04,140.48761303613495,140.66716811002345,135.7790871794094,137.78419494628906,45649500,XLK
2026-02-05,136.8863777667897,138.1433088447119,134.75158136490833,135.3002471923828,42950900,XLK
2026-02-06,137.6744556880719,141.12605020998274,137.0858937874117,140.78688049316406,37131900,XLK
2026-02-09,140.25816616087096,143.6798195162492,139.5698413182183,143.00148010253906,24629500,XLK
2026-02-10,143.47034676656006,143.7995310631825,142.0438155205337,142.20343017578125,22564300,XLK
2026-02-11,144.15865518978487,144.40804737833514,140.97642365010412,142.62240600585938,18905700,XLK
2026-02-12,142.9615742299937,143.4204625496584,138.58224805384012,138.87155151367188,32154700,XLK
2026-02-13,139.22068786621094,140.56741172435744,137.59464598472434,139.22068786621094,26637100,XLK
2026-02-17,138.30291513926875,140.10851193565165,136.68685881926893,139.140869140625,25743800,XLK
2026-02-18,139.71947382130853,141.77446296865227,138.93140122253052,140.56741333007812,13705800,XLK
2026-02-19,139.74939151611082,140.3678944430965,138.9413633277883,139.86911010742188,13484000,XLK
2026-02-20,138.86155234697074,141.40535543619254,138.63211582068172,140.5374755859375,14942400,XLK
2026-02-23,139.83916465425418,140.30802313280765,137.55473916610825,138.18321228027344,22021900,XLK
2026-02-24,138.9014752647546,140.5973390592157,137.85402505527574,139.97885131835938,13030600,XLK
2026-02-25,141.0163102352209,142.99149197385634,140.866681020813,142.66229248046875,13296000,XLK
2026-02-26,142.59247558325785,142.66229747853097,138.9214147703723,140.6671600341797,19364900,XLK
2026-02-27,137.97373503439198,139.43019214554337,137.6046394580493,138.42263793945312,15328600,XLK
2026-03-02,136.69683741886774,139.6197216182104,136.22797891324518,139.2007293701172,20156700,XLK
2026-03-03,136.0284674900821,137.99367903163656,134.66180325258014,137.1656951904297,34153000,XLK
2026-03-04,138.1931874698976,140.2880877781941,137.70437333884442,139.5,15201400,XLK
2026-03-05,138.82166325396486,140.9165483805195,137.75425744386845,139.83917236328125,19422500,XLK
2026-03-06,137.4849174002521,139.49002488872586,136.4574076961334,136.95619201660156,19677200,XLK
2026-03-09,135.6394178441605,139.8691146271686,135.13066328514083,139.42019653320312,22760900,XLK
2026-03-10,139.50000385609275,141.0462383909873,138.68200543443226,139.42019653320312,24338500,XLK
2026-03-11,140.23820644629026,141.24574533030233,139.18078608408766,140.08856201171875,14009200,XLK
2026-03-12,138.93139872657775,139.4102274460723,137.3153270630365,137.50486755371094,32372800,XLK
2026-03-13,138.11338956552257,139.37033592487268,136.1880891959716,136.4674072265625,15701800,XLK
2026-03-16,138.38272949100278,139.73942351431418,138.18321879792262,138.4425811767578,16626400,XLK
2026-03-17,139.05110015414843,139.92896547900608,138.59221185569365,139.2007293701172,12034600,XLK
2026-03-18,138.97129665856934,139.72945863152938,137.59464694698676,137.6245880126953,12634500,XLK
2026-03-19,135.66934490045796,138.83163589249077,135.11070885692658,138.0934295654297,18087900,XLK
2026-03-20,137.64453730823163,137.64453730823163,133.99344710727743,134.96107482910156,27251800,XLK
2026-03-23,137.33624377517714,139.03421610463784,136.05776941601027,136.78689575195312,21818500,XLK
2026-03-24,135.88796698986025,136.756925939613,134.70936444914835,135.9878387451172,16843900,XLK
2026-03-25,137.12648977738814,137.83565091914792,136.11769810873238,136.5971221923828,13872400,XLK
2026-03-26,135.01899443034011,135.35860107603992,132.26228705397543,132.34219360351562,15434600,XLK
2026-03-27,131.37335727879343,131.8927422685792,129.4256826178681,129.76527404785156,15895200,XLK
2026-03-30,131.11366649582598,131.3933318068118,126.52912905548251,127.34815216064453,18830000,XLK
2026-03-31,128.9961806013036,133.061340683807,128.82638489445486,132.74171447753906,19405300,XLK
2026-04-01,133.9602609523419,135.88797028702558,133.6006890953376,134.74932861328125,17050100,XLK
2026-04-02,131.7529059378816,135.87797696624884,131.19357530628037,135.8280487060547,12266200,XLK
2026-04-06,136.31745019443446,137.0865374038907,135.54837822559426,136.61709594726562,10147600,XLK
2026-04-07,136.0078178096317,137.3262529867915,133.950273736745,137.2663116455078,8585500,XLK
2026-04-08,142.95954295106222,143.38902352330368,140.57238995210017,141.52125549316406,13359000,XLK
2026-04-09,141.59115901873233,142.0206548158708,140.18284990498256,141.9008026123047,8235100,XLK
2026-04-10,142.33028207469894,143.3890171730368,141.75097102755612,142.45013427734375,9310100,XLK
2026-04-13,142.16049205087307,145.49651057637163,141.96073329161632,145.43658447265625,10407700,XLK
2026-04-14,146.72503928611852,147.76380920410156,145.9060238129167,147.76380920410156,10183300,XLK
2026-04-15,148.09342105941076,150.19091090514866,147.7837926946078,150.12100219726562,10622500,XLK
2026-04-16,150.81018661974522,151.9987566081987,149.5716578891661,151.83895874023438,11778000,XLK
2026-04-17,153.87652031148002,154.62562710144812,153.32717228404675,154.1661834716797,10630400,XLK
2026-04-20,154.11623067577236,154.56569167452182,152.85772159053502,154.37591552734375,8131600,XLK
2026-04-21,154.81539617611932,155.884129129734,153.96640242342323,154.50576782226562,12657300,XLK
2026-04-22,156.03395010399387,157.9716420882383,155.33478682117797,157.90171813964844,13830400,XLK
2026-04-23,156.5833040579365,157.61207619318276,153.76665513110274,155.65440368652344,12151400,XLK
2026-04-24,158.24131329735445,160.20896838018592,157.4123151828165,160.02919006347656,11059800,XLK
2026-04-27,159.82942092114686,160.42869717855376,158.6208553216934,160.37876892089844,8963900,XLK
2026-04-28,156.9228936237192,158.4510702818269,155.974028055183,157.66201782226562,9253000,XLK
2026-04-29,158.6408364062814,158.96044736339226,157.56212084987743,158.92050170898438,7506900,XLK
2026-04-30,159.4598585960826,159.60968909782088,156.6931685032586,159.31004333496094,9276400,XLK
2026-05-01,160.19898245384482,162.09671354707754,159.94928019207123,161.67721557617188,10161800,XLK
2026-05-04,162.5162275196125,163.04559509780208,160.68840512599667,161.8570098876953,10740000,XLK
2026-05-05,163.67482566689128,165.82227415750694,163.32525166187185,165.4327392578125,9813500,XLK
2026-05-06,167.68006605574075,169.87744288963577,166.64129612222325,169.82749938964844,11304700,XLK
2026-05-07,170.05722828892144,171.7452180707813,168.49908856431756,169.4879150390625,11031500,XLK
2026-05-08,171.3856465086146,175.39088067642803,171.09599858106782,175.31097412109375,11222200,XLK
2026-05-11,175.94020129220524,178.08764981145518,175.6605359882143,177.66815185546875,10461800,XLK
2026-05-12,175.9402138471824,176.77922505964256,170.99611193521514,174.99134826660156,15950700,XLK
2026-05-13,177.05888701602882,177.52832849528758,174.05246197984613,176.63938903808594,9817900,XLK
2026-05-14,177.14877360916768,180.00536810004343,176.65935168834534,179.28622436523438,11424900,XLK
2026-05-15,176.00015108522015,178.48717588944902,174.42203094229262,176.05007934570312,14519000,XLK
2026-05-18,177.40845571369712,177.63819276472415,171.7052646652148,174.15234375,19162600,XLK
2026-05-19,172.4743303069572,174.9713527997539,170.62654280665714,173.03367614746094,15751400,XLK
2026-05-20,174.45198923933788,177.03890097524803,173.7428281205334,176.9290313720703,12630300,XLK
2026-05-21,175.62059330770344,178.76683565119026,175.62059330770344,178.38729858398438,10873200,XLK
2026-05-22,179.81558378854845,181.5135560473922,179.346142337373,180.17515563964844,10739900,XLK
2026-05-26,182.98181786096717,185.77848629416397,182.3725437210229,184.9195098876953,12500300,XLK
2026-05-27,185.95825821276128,186.04816260848574,182.32259394687375,184.21034240722656,12297400,XLK
2026-05-28,184.60987343129256,187.3565982427769,183.5711035132952,186.62747192382812,11167600,XLK
2026-05-29,189.10452123574152,191.4017851228011,188.97467118089125,190.79251098632812,15031700,XLK
2026-06-01,192.09096511554273,196.26597965738966,190.9223451073667,195.52685546875,18968800,XLK
2026-06-02,196.21603952298054,198.14374896076225,195.51687621936165,197.9739532470703,10175200,XLK
2026-06-03,198.13374283346508,198.49331469466892,194.29831980770152,195.9962921142578,11582100,XLK
2026-06-04,191.29191257814006,194.5080789224973,189.4640901967979,192.93994140625,13142600,XLK
2026-06-05,188.6650317829306,188.99464058247287,179.58586161226862,180.08526611328125,26816100,XLK
2026-06-08,184.99941755273238,186.4876485567764,182.9518559068137,183.9606475830078,14685000,XLK
2026-06-09,185.6885959756143,186.85720074677207,172.67411514493736,180.55471801757812,29884400,XLK
2026-06-10,177.94782384264687,182.1927623012561,175.94020789999234,176.41964721679688,20059800,XLK
2026-06-11,177.57824776651307,183.4412670381296,176.28979084524326,182.99180603027344,18238400,XLK
2026-06-12,183.02177064279778,185.61866495512996,181.42367011165783,184.5799102783203,15014300,XLK
2026-06-15,190.14327742477178,191.85124763716223,189.52402067952255,191.56158447265625,13097800,XLK
2026-06-16,191.00224505357698,192.02103452362363,186.2079586987521,186.21795654296875,10077200,XLK
2026-06-17,188.78488853172763,189.76373235052438,185.07931557973617,185.57872009277344,14396100,XLK
2026-06-18,190.19321612408265,191.77133624077132,189.1544614253164,191.21200561523438,12101600,XLK
2026-06-22,192.9499969482422,194.3000030517578,190.86000061035156,192.14999389648438,11313000,XLK
2026-06-23,184.67999267578125,187.25,183.6999969482422,184.19000244140625,14633600,XLK
2026-06-24,184.07000732421875,185.66000366210938,180.7899932861328,183.0500030517578,12323700,XLK
2026-06-25,188.14999389648438,188.41000366210938,180.3800048828125,184.57000732421875,13218200,XLK
2026-06-26,181.0,183.11000061035156,179.75999450683594,181.11000061035156,13433900,XLK
2026-06-29,183.1199951171875,185.66000366210938,178.6699981689453,185.41000366210938,11857000,XLK
2026-06-30,185.75999450683594,190.94000244140625,185.60000610351562,190.52000427246094,10729900,XLK
2026-07-01,186.8300018310547,187.97999572753906,185.3800048828125,185.6199951171875,9960300,XLK
2026-07-02,185.49000549316406,187.3800048828125,178.72000122070312,180.58999633789062,14173100,XLK
