fecha,SPY,NEM,FCX,EPU,MCHI,EEM,USD_PEN,ret_SPY,ret_NEM,ret_FCX,ret_EPU,ret_MCHI,ret_EEM,ret_USD_PEN
2024-12-31,586.0800170898438,37.220001220703125,38.08000183105469,39.61000061035156,46.86000061035156,41.81999969482422,,,,,,,,
2025-01-02,584.6400146484375,38.369998931884766,37.880001068115234,39.959999084472656,46.02000045776367,41.7599983215332,3.754,-0.0024570065510107,0.0308973044993339,-0.0052521206229656,0.0088361138280221,-0.0179257392583629,-0.0014347530781652,
2025-01-03,591.9500122070312,38.11000061035156,37.709999084472656,39.869998931884766,46.38999938964844,42.150001525878906,3.769,0.0125034164194004,-0.0067760836270742,-0.0044879086285367,-0.0022522561223696,0.0080399593264746,0.0093391575675567,0.0039957378795951
2025-01-06,595.3599853515625,37.790000915527344,38.56999969482422,40.27000045776367,45.619998931884766,42.29999923706055,3.764,0.0057605761875356,-0.0083967381185845,0.022805638590049,0.0100326445095291,-0.0165984149147346,0.0035586644306417,-0.0013266118333776
2025-01-07,588.6300048828125,38.15999984741211,38.7400016784668,39.959999084472656,45.2400016784668,42.0,3.778,-0.011304052395755,0.0097909214850731,0.0044076221153144,-0.0076980722564469,-0.0083296199542955,-0.0070921806730839,0.0037194473963868
2025-01-08,589.489990234375,39.130001068115234,39.7400016784668,40.31999969482422,44.93000030517578,41.79999923706055,3.775,0.0014609947580461,0.0254193193024581,0.0258131119430446,0.0090090244894787,-0.0068523731606882,-0.0047619229271298,-0.0007940709370037
2025-01-09,,,,,,,3.764,,,,,,,-0.0029139072847682
2025-01-10,580.489990234375,39.09999847412109,38.97999954223633,40.060001373291016,43.709999084472656,41.09000015258789,3.773,-0.0152674348150029,-0.0007667414560483,-0.019124360949443,-0.0064483711185786,-0.0271533766395853,-0.0169856243404703,0.0023910733262486
2025-01-13,581.3900146484375,39.16999816894531,39.40999984741211,39.93000030517578,43.869998931884766,40.810001373291016,3.782,0.001550456388919,0.0017902735947816,0.0110313060601721,-0.0032451588531874,0.0036604861762385,-0.0068142803177683,0.0023853697323084
2025-01-14,582.1900024414062,40.15999984741211,39.5,40.470001220703125,44.83000183105469,41.27000045776367,3.775,0.0013759916283606,0.025274488760423,0.0022836882247234,0.013523689241178,0.0218829022690536,0.0112717243076034,-0.0018508725542041
2025-01-15,592.780029296875,41.369998931884766,40.02999877929688,40.869998931884766,45.310001373291016,41.810001373291016,3.764,0.01818998404483,0.0301294593891943,0.0134176906151106,0.0098838077370013,0.0107071051222626,0.0130845870980784,-0.0029139072847682
2025-01-16,591.6400146484375,41.650001525878906,40.02999877929688,40.75,45.27999877929688,41.7599983215332,3.76,-0.0019231664227786,0.0067682523863528,0.0,-0.0029361129195222,-0.0006621627253321,-0.001195959103454,-0.0010626992561104
2025-01-17,597.5800170898438,41.66999816894531,40.220001220703125,40.43999862670898,46.209999084472656,42.09000015258789,3.744,0.0100398929996914,0.0004801114605956,0.0047465013040299,-0.0076073956635832,0.0205388765514058,0.00790234301529,-0.004255319148936
2025-01-20,,,,,,,3.736,,,,,,,-0.0021367521367521
2025-01-21,603.0499877929688,42.34999847412109,40.29999923706055,40.84000015258789,46.5099983215332,42.540000915527344,3.731,0.0091535368430879,0.0163187025451456,0.0019890107888969,0.0098912349026323,0.0064920848951357,0.0106913937112871,-0.001338329764454
2025-01-22,606.4400024414062,41.68000030517578,39.09000015258789,40.43000030517578,46.310001373291016,42.56999969482422,3.72,0.0056214488302108,-0.0158205004270479,-0.0300247917463959,-0.0100391735034341,-0.0043000850453609,0.0007051899071757,-0.002948271240954
2025-01-23,609.75,41.95000076293945,38.5,40.38999938964844,46.25,42.66999816894531,3.718,0.0054580791921186,0.0064779379987227,-0.0150933781091027,-0.0009893869707001,-0.0012956461134034,0.0023490362893578,-0.0005376344086022
2025-01-24,607.969970703125,42.040000915527344,37.810001373291016,40.380001068115234,47.38999938964844,42.95000076293945,3.722,-0.0029192772396473,0.0021454148021708,-0.0179220422521814,-0.0002475444833942,0.024648635451858,0.0065620484183175,0.0010758472296934
2025-01-27,599.3699951171875,41.56999969482422,36.66999816894531,39.83000183105469,47.7400016784668,42.16999816894531,3.744,-0.0141453953325877,-0.0111798575277749,-0.0301508374223704,-0.0136205850052548,0.0073855727648481,-0.0181607119939142,0.0059108006448147
2025-01-28,604.52001953125,41.34999847412109,35.84000015258789,39.880001068115234,48.400001525878906,42.47999954223633,3.737,0.0085923961092773,-0.0052923074890115,-0.0226342530079622,0.0012553159618879,0.0138248811103374,0.0073512304185801,-0.0018696581196581
2025-01-29,601.8099975585938,41.59000015258789,36.27999877929688,40.25,48.25,42.4900016784668,3.718,-0.0044829317228528,0.0058041520513476,0.012276747344746,0.0092778064687812,-0.0030992049824358,0.0002354551868704,-0.0050842922130051
2025-01-30,605.0399780273438,43.09000015258789,36.63999938964844,40.90999984741211,49.43000030517578,43.209999084472656,3.721,0.0053671100211916,0.0360663619739531,0.0099228396489636,0.0163975117369468,0.0244559648741093,0.0169451018490014,0.00080688542227
2025-01-31,601.8200073242188,42.720001220703125,35.849998474121094,40.27999877929688,48.40999984741211,42.720001220703125,3.728,-0.0053219139562038,-0.0085866542254477,-0.0215611607174462,-0.0153996839517243,-0.0206352508894657,-0.0113399184020258,0.0018812147272238
2025-02-03,597.77001953125,43.119998931884766,35.86000061035156,40.18000030517578,48.08000183105469,42.40999984741211,3.706,-0.0067295665542519,0.0093632420353908,0.0002789996277876,-0.0024825838418964,-0.0068167324395284,-0.0072565862460879,-0.0059012875536481
2025-02-04,601.780029296875,43.34999847412109,36.47999954223633,41.09999847412109,49.290000915527344,43.16999816894531,3.713,0.0067082818385062,0.0053339412786084,0.0172894289272764,0.0228969179183107,0.0251663693509081,0.0179202623029384,0.0018888289260658
2025-02-05,604.219970703125,44.959999084472656,36.68000030517578,41.45000076293945,48.459999084472656,43.060001373291016,3.717,0.0040545403427576,0.0371395770939344,0.0054824771230572,0.0085158710903296,-0.0168391522750656,-0.0025479916682837,0.0010772959870724
2025-02-06,606.3200073242188,44.880001068115234,37.150001525878906,42.060001373291016,49.119998931884766,43.2400016784668,3.717,0.003475616038725,-0.0017793153466733,0.0128135555287005,0.0147165403889923,0.0136194770920576,0.0041802206092689,0.0
2025-02-07,600.77001953125,44.84000015258789,38.220001220703125,41.86000061035156,49.72999954223633,43.20000076293945,3.719,-0.009153562023232,-0.0008912859753865,0.0288021440343373,-0.0047551297291791,0.0124185794710105,-0.0009250905174517,0.0005380683346785
2025-02-10,604.8499755859375,46.459999084472656,38.459999084472656,42.40999984741211,51.0099983215332,43.720001220703125,3.711,0.006791211149103,0.0361284327915254,0.0062793787573069,0.0131390164606097,0.0257389662392768,0.0120370474208364,-0.0021511158913686
2025-02-11,605.3099975585938,45.4900016784668,37.59000015258789,41.29999923706055,50.540000915527344,43.54999923706055,3.714,0.0007605554951219,-0.0208781193525688,-0.0226208776025688,-0.026173086874446,-0.0092138290819636,-0.0038884258667878,0.0008084074373484
2025-02-12,603.3599853515625,46.810001373291016,37.959999084472656,41.790000915527344,51.869998931884766,43.790000915527344,3.716,-0.0032215099947072,0.0290173586748636,0.0098430149077637,0.0118644476396767,0.0263157497480142,0.0055109456411324,0.0005385029617663
2025-02-13,609.72998046875,47.75,40.220001220703125,42.18000030517578,51.84999847412109,44.06999969482422,3.716,0.0105575365815415,0.0200811493085177,0.0595364117686427,0.0093323613568894,-0.0003855881660984,0.006394125906437,0.0
2025-02-14,609.7000122070312,46.540000915527344,39.470001220703125,42.27999877929688,53.459999084472656,44.40999984741211,3.7,-4.915005441541442e-05,-0.0253402949627781,-0.0186474385190704,0.0023707556519108,0.0310511216534583,0.0077150023812644,-0.0043057050592034
2025-02-17,,,,,,,3.695,,,,,,,-0.0013513513513514
2025-02-18,611.489990234375,47.5099983215332,39.29999923706055,42.02000045776367,53.9900016784668,44.68999862670898,3.686,0.002935834002798,0.0208422300585351,-0.0043071187835029,-0.0061494401381231,0.0099140030503306,0.0063048588214122,-0.0024357239512854
2025-02-19,612.9299926757812,47.40999984741211,38.56999969482422,41.68999862670898,53.72999954223633,44.619998931884766,3.693,0.0023549076262954,-0.0021047879952412,-0.0185750523259025,-0.007853446631596,-0.0048157460297721,-0.0015663391580947,0.0018990775908844
2025-02-20,610.3800048828125,48.09000015258789,38.959999084472656,42.130001068115234,54.72999954223633,45.02999877929688,3.674,-0.0041603247082698,0.0143429721021797,0.0101114698660671,0.0105541486183777,0.0186115765590861,0.0091887014170035,-0.0051448686704576
2025-02-21,599.9400024414062,45.33000183105469,36.97999954223633,41.09000015258789,55.77000045776367,44.900001525878906,3.688,-0.0171041029488026,-0.0573923541853986,-0.0508213446808177,-0.024685518375513,0.0190023921839201,-0.0028869033298249,0.0038105606967882
2025-02-24,597.2100219726562,44.040000915527344,37.11000061035156,41.0099983215332,53.59000015258789,44.209999084472656,3.685,-0.0045504224716481,-0.0284579938985043,0.0035154426642638,-0.0019469902837089,-0.0390891211633889,-0.0153675371482683,-0.0008134490238611
2025-02-25,594.239990234375,42.93000030517578,36.7599983215332,41.0,54.060001373291016,44.2400016784668,3.68,-0.0049731779926781,-0.0252043730080896,-0.0094314816238706,-0.0002438020468767,0.0087703157186953,0.000678638195328,-0.0013568521031207
2025-02-26,594.5399780273438,43.58000183105469,37.95000076293945,41.459999084472656,55.400001525878906,44.68000030517578,3.664,0.0005048259926943,0.0151409625263976,0.032372211527256,0.0112194898651867,0.024787275592818,0.0099457190328984,-0.0043478260869564
2025-02-27,585.0499877929688,42.119998931884766,37.41999816894531,40.66999816894531,54.90999984741211,43.810001373291016,3.675,-0.0159619043043368,-0.03350167135903,-0.0139658124727027,-0.0190545328743919,-0.0088447953965832,-0.0194717754239581,0.0030021834061133
2025-02-28,594.1799926757812,42.84000015258789,36.90999984741211,40.93999862670898,53.58000183105469,43.209999084472656,3.693,0.0156055124746765,0.0170940465090583,-0.0136290311728676,0.0066388116528079,-0.0242214172291626,-0.0136955551246377,0.0048979591836735
2025-03-03,583.77001953125,42.36000061035156,35.529998779296875,40.52000045776367,52.810001373291016,42.83000183105469,3.692,-0.0175198984699095,-0.0112044710673824,-0.0373882707618594,-0.0102588711048785,-0.0143710420203342,-0.0087941972105831,-0.0002707825616029
2025-03-04,576.8599853515625,42.5099983215332,34.900001525878906,40.43999862670898,53.59999847412109,43.18999862670898,3.672,-0.011836911709231,0.0035410224036915,-0.0177314178176967,-0.0019743788289953,0.0149592327265044,0.0084052481966805,-0.0054171180931744
2025-03-05,583.0599975585938,43.84999847412109,38.15999984741211,41.470001220703125,56.220001220703125,44.47999954223633,3.651,0.0107478631981254,0.0315219996588218,0.0934096899427314,0.0254698968588458,0.0488806496486564,0.0298680471531573,-0.0057189542483661
2025-03-06,572.7100219726562,43.91999816894531,37.68000030517578,41.459999084472656,56.52999877929688,44.20000076293945,3.654,-0.0177511330382382,0.0015963442932735,-0.0125786044065951,-0.0002411896777441,0.0055140083931479,-0.0062949366496958,0.0008216926869351
2025-03-07,575.9199829101562,43.869998931884766,36.93999862670898,41.58000183105469,56.5,44.41999816894531,3.657,0.0056048625209028,-0.0011384161918271,-0.0196391102036469,0.0028944223162554,-0.0005306700857007,0.0049773167920468,0.0008210180623973
2025-03-10,560.5800170898438,42.369998931884766,34.5,40.68999862670898,54.790000915527344,43.36000061035156,3.673,-0.0266355852818281,-0.0341919315368343,-0.0660530242939634,-0.0214045975265203,-0.0302654705216399,-0.0238630707403948,0.0043751709051134
2025-03-11,555.9199829101562,43.41999816894531,35.880001068115234,41.09999847412109,55.83000183105469,43.720001220703125,3.665,-0.0083128795847544,0.0247816677727217,0.0400000309598618,0.0100761823850981,0.0189815823717682,0.0083025969853334,-0.0021780560849441
2025-03-12,558.8699951171875,43.630001068115234,36.77999877929688,41.75,55.630001068115234,43.959999084472656,3.663,0.005306541044969,0.0048365478587264,0.025083547502495,0.0158151228713105,-0.0035823169690136,0.0054894294846423,-0.0005457025920874
2025-03-13,551.4199829101562,45.650001525878906,37.58000183105469,42.25,55.77000045776367,43.77999877929688,3.669,-0.0133304923723255,0.0462984278778733,0.0217510352993304,0.0119760479041917,0.0025166166989105,-0.0040946385105672,0.0016380016380017
2025-03-14,562.8099975585938,46.2400016784668,38.84999847412109,43.369998931884766,57.369998931884766,44.58000183105469,3.657,0.0206557886936304,0.0129244278831714,0.0337944806063561,0.0265088504588111,0.0286892318627973,0.0182732543185022,-0.0032706459525756
2025-03-17,567.1500244140625,47.52000045776367,39.5099983215332,44.119998931884766,58.650001525878906,45.34000015258789,3.643,0.0077113535194741,0.0276816334955487,0.0169884137280404,0.0172930601445926,0.0223113581632428,0.017047965238166,-0.0038282745419743
2025-03-18,561.02001953125,47.810001373291016,39.84000015258789,44.27999877929688,58.36000061035156,45.11000061035156,3.626,-0.0108084362495541,0.0061027128100534,0.0083523625683079,0.0036264698840797,-0.0049446020116364,-0.0050727733008885,-0.0046664836673071
2025-03-19,567.1300048828125,47.9900016784668,40.41999816894531,44.47999954223633,58.310001373291016,45.220001220703125,3.623,0.0108908508410583,0.0037649090149647,0.0145581830857435,0.0045167291881895,-0.0008567381175057,0.0024384972037956,-0.000827357970215
2025-03-20,565.489990234375,47.7599983215332,40.70000076293945,44.59000015258789,56.68999862670898,44.79999923706055,3.627,-0.0028917790177164,-0.0047927349216325,0.0069273282206445,0.0024730353301174,-0.0277825880368453,-0.0092879693123557,0.0011040574109852
2025-03-21,563.97998046875,47.36000061035156,40.25,44.65999984741211,55.650001525878906,44.58000183105469,3.639,-0.0026702678945725,-0.0083751617512368,-0.0110565295946926,0.0015698518633029,-0.0183453364971523,-0.0049106564676872,0.0033085194375517
2025-03-24,574.0800170898438,46.81999969482422,41.61000061035156,44.59999847412109,55.61000061035156,44.77999877929688,3.651,0.0179085020228895,-0.0114020462113193,0.0337888350397903,-0.0013435148566058,-0.0007187945090844,0.0044862480939349,0.0032976092333059
2025-03-25,575.4600219726562,47.54999923706055,43.0099983215332,45.22999954223633,55.0,44.650001525878906,3.633,0.002403854587742,0.0155916178341417,0.0336457027312169,0.0141255849701606,-0.010969260990046,-0.0029030204770365,-0.0049301561216104
2025-03-26,568.5900268554688,47.38999938964844,41.4900016784668,44.4900016784668,55.0,44.380001068115234,3.638,-0.0119382665256874,-0.0033648759196489,-0.035340541789917,-0.0163607753981627,0.0,-0.0060470425204169,0.0013762730525737
2025-03-27,567.0800170898438,48.38999938964844,39.97999954223633,44.86000061035156,55.810001373291016,44.59999847412109,3.641,-0.0026557092004866,0.0211014984781459,-0.0363943618978969,0.0083164512907591,0.0147272976962002,0.0049571293535617,0.0008246289169873
2025-03-28,555.6599731445312,48.08000183105469,38.41999816894531,44.20000076293945,54.56999969482422,43.77000045776367,3.661,-0.0201383289855956,-0.0064062319178301,-0.0390195445510942,-0.0147124350965749,-0.0222182699866447,-0.0186098216312501,0.0054929964295522
2025-03-31,559.3900146484375,48.27999877929688,37.86000061035156,43.88999938964844,54.400001525878906,43.70000076293945,3.678,0.0067128130226792,0.0041596701461232,-0.0145756789506146,-0.0070136056095035,-0.0031152312606927,-0.0015992619166582,0.0046435400163888
2025-04-01,560.969970703125,48.290000915527344,38.130001068115234,44.56999969482422,54.54999923706055,43.84000015258789,3.676,0.0028244266313557,0.0002071693554963,0.0071315492184607,0.0154932858198253,0.0027573107899689,0.003203647304445,-0.0005437737901032
2025-04-02,564.52001953125,48.72999954223633,38.20000076293945,44.84999847412109,54.15999984741211,43.900001525878906,3.674,0.006328411525621,0.0091115887009127,0.0018358167548742,0.0062822252908696,-0.0071493931274608,0.0013686444589913,-0.0005440696409141
2025-04-03,536.7000122070312,48.33000183105469,33.5099983215332,43.41999816894531,53.66999816894531,42.970001220703125,3.67,-0.0492808162008481,-0.0082084489008653,-0.122774930569016,-0.0318840658601339,-0.0090472983723652,-0.021184516465849,-0.0010887316276537
2025-04-04,505.2799987792969,44.18000030517578,29.149999618530277,40.04999923706055,50.0,40.58000183105469,3.684,-0.0585429713305356,-0.0858680192147707,-0.1301103826138133,-0.0776139814371306,-0.0683808141262217,-0.0556201843554271,0.0038147138964579
2025-04-07,504.3800048828125,44.86000061035156,30.3700008392334,39.06999969482422,46.0,39.06999969482422,3.721,-0.0017811785518102,0.0153915867016443,0.0418525295598146,-0.0244694022697877,-0.0799999999999999,-0.0372104994602269,0.0100434310532029
2025-04-08,496.4800109863281,44.959999084472656,29.209999084472656,38.52999877929688,45.220001220703125,38.52000045776367,3.749,-0.0156627816725603,0.0022291233339399,-0.0381956444749977,-0.0138213698424697,-0.0169564952021059,-0.0140772777414024,0.0075248589088954
2025-04-09,548.6199951171875,48.75,33.7400016784668,41.459999084472656,48.060001373291016,41.18999862670898,3.7,0.105019301839113,0.0842971751046199,0.1550839690509331,0.0760446508695489,0.0628040706749837,0.0693145933856596,-0.0130701520405441
2025-04-10,524.5800170898438,50.93999862670898,31.350000381469727,40.810001373291016,47.97999954223633,40.47999954223633,3.736,-0.0438189971953332,0.0449230487530047,-0.0708358381180044,-0.0156777068387604,-0.0016646239860315,-0.0172371718413282,0.0097297297297296
2025-04-11,533.9400024414062,54.970001220703125,33.349998474121094,42.09000015258789,49.68000030517578,41.75,3.733,0.0178428171997246,0.0791127346415183,0.0637957916527975,0.0313648305862248,0.0354314460016398,0.0313735294497365,-0.0008029978586724
2025-04-14,539.1199951171875,54.790000915527344,33.75,43.13999938964844,50.560001373291016,42.130001068115234,3.741,0.0097014508223696,-0.003274518849892,0.0119940493007608,0.0249465249050608,0.0177133869305463,0.0091018219907841,0.0021430484864719
2025-04-15,537.6099853515625,54.58000183105469,33.369998931884766,43.150001525878906,50.16999816894531,42.09000015258789,3.743,-0.0028008788011967,-0.0038327994335394,-0.011259290907118,0.0002318529525262,-0.0077136707625116,-0.0009494639096417,0.0005346164127237
2025-04-16,525.6599731445312,55.95000076293945,33.31999969482422,43.34999847412109,49.15999984741211,41.59999847412109,3.729,-0.022228032463379,0.0251007491008412,-0.0014983289979303,0.0046349233179572,-0.0201315199999027,-0.0116417599593824,-0.0037403152551428
2025-04-17,526.4099731445312,55.08000183105469,32.900001525878906,43.20000076293945,49.290000915527344,41.91999816894531,,0.0014267778379879,-0.0155495785526609,-0.0126049871786328,-0.0034601549356728,0.0026444480984284,0.0076923006385032,
2025-04-21,513.8800048828125,55.209999084472656,32.95000076293945,43.47999954223633,49.38999938964844,41.90999984741211,3.71,-0.0238026802320451,0.0023601533968118,0.0015197335787726,0.0064814531099981,0.0020287780942116,-0.0002385095889773,-0.0050951997854653
2025-04-22,527.25,54.540000915527344,34.060001373291016,43.84000015258789,50.900001525878906,42.540000915527344,3.7,0.0260177375849377,-0.0121354497383743,0.033687422902886,0.0082796829379416,0.0305730341140062,0.0150322374232634,-0.0026954177897573
2025-04-23,535.4199829101562,53.150001525878906,35.189998626708984,43.97999954223633,51.65999984741211,43.02999877929688,3.692,0.0154954630823258,-0.0254858703028131,0.0331766649400102,0.0031934167235665,0.0149312042976423,0.0115185202920546,-0.0021621621621621
2025-04-24,546.6900024414062,55.70000076293945,37.630001068115234,44.54999923706055,51.970001220703125,43.52999877929688,3.675,0.0210489333438663,0.0479774066576261,0.0693379521633259,0.0129604297580043,0.0060008008944378,0.0116198004690757,-0.0046045503791983
2025-04-25,550.6400146484375,53.93999862670898,37.34999847412109,44.43000030517578,51.90999984741211,43.45000076293945,3.672,0.0072253236558037,-0.0315978835210627,-0.0074409403679606,-0.0026935787640808,-0.0011545386161567,-0.0018377674845115,-0.0008163265306121
2025-04-28,550.8499755859375,54.06999969482422,37.2400016784668,44.59999847412109,51.84999847412109,43.52999877929688,3.67,0.000381303450375,0.0024101051432148,-0.0029450281164137,0.0038262022907415,-0.0011558731163049,0.0018411510921227,-0.0005446623093682
2025-04-29,554.3200073242188,52.959999084472656,37.16999816894531,44.79999923706055,51.68000030517578,43.650001525878906,3.667,0.006299413437552,-0.0205289553655724,-0.0018797934040363,0.0044843221924211,-0.0032786533066179,0.0027567826774004,-0.0008174386920981
2025-04-30,554.5399780273438,52.68000030517578,36.02999877929688,44.33000183105469,51.65999984741211,43.7599983215332,3.665,0.0003968298098906,-0.0052869861053107,-0.0306698801669804,-0.0104910137055773,-0.0003870057593956,0.0025199723209421,-0.0005454049631851
2025-05-01,558.469970703125,51.4900016784668,36.40999984741211,43.7400016784668,51.59000015258789,43.75,,0.0070869420267252,-0.0225891917201084,0.0105467965858934,-0.0133092742661375,-0.0013550076467475,-0.0002284808481878,
2025-05-02,566.760009765625,51.52999877929688,37.59999847412109,44.43999862670898,53.41999816894531,45.0,3.651,0.014844198430334,0.0007767935429452,0.0326832911753929,0.0160035875944375,0.0354719521408186,0.0285714285714284,-0.0038199181446112
2025-05-05,563.510009765625,53.040000915527344,37.34999847412109,44.70000076293945,53.400001525878906,45.34000015258789,3.666,-0.0057343495377241,0.0293033606054953,-0.0066489364400391,0.0058506333092955,-0.0003743287860693,0.0075555589463975,0.0041084634346755
2025-05-06,558.7999877929688,54.61000061035156,37.91999816894531,45.45000076293945,53.95000076293945,45.15999984741211,3.656,-0.008358364343191,0.0296002953945011,0.0152610366294703,0.0167785232035571,0.0102996108866026,-0.0039700111285841,-0.0027277686852154
2025-05-07,561.1500244140625,53.9900016784668,37.02000045776367,44.790000915527344,52.68999862670898,44.63999938964844,3.647,0.0042055058561747,-0.0113532123229319,-0.0237341180021125,-0.0145214485441831,-0.0233549975609271,-0.0115146248786683,-0.0024617067833698
2025-05-08,565.0599975585938,52.83000183105469,37.47999954223633,45.02000045776367,53.45000076293945,44.61000061035156,3.635,0.0069677857514378,-0.0214854567762452,0.0124256909450195,0.0051350644682972,0.0144240302911151,-0.0006720156744408,-0.0032903756512201
2025-05-09,564.3400268554688,53.97999954223633,37.86000061035156,45.33000183105469,53.25,44.90999984741211,3.654,-0.0012741491279434,0.0217678908068037,0.0101387692837886,0.0068858589546627,-0.0037418290006485,0.006724932368437,0.0052269601100412
2025-05-12,582.989990234375,50.77999877929688,39.11000061035156,44.7400016784668,55.060001373291016,45.880001068115234,3.66,0.0330473871981484,-0.0592812299013754,0.0330163755902905,-0.0130156657567944,0.0339906361181412,0.0215987803161621,0.0016420361247948
2025-05-13,586.8400268554688,50.06999969482422,39.470001220703125,45.11000061035156,54.70000076293945,45.959999084472656,3.667,0.0066039497857346,-0.0139818649377778,0.0092048224171155,0.008269980286184,-0.006538332752861,0.0017436358869882,0.0019125683060108
2025-05-14,587.5900268554688,48.65999984741211,39.060001373291016,44.95000076293945,55.59999847412109,46.310001373291016,3.674,0.0012780314322096,-0.0281605723188742,-0.0103876319921939,-0.0035468819607019,0.0164533400114943,0.0076153676194612,0.0019089173711481
2025-05-15,590.4600219726562,49.84000015258789,38.470001220703125,45.060001373291016,54.56999969482422,46.290000915527344,3.689,0.0048843496077468,0.0242499035938352,-0.0151049700933019,0.0024471770519358,-0.0185251584094249,-0.0004318820378012,0.0040827436037016
2025-05-16,594.2000122070312,50.09999847412109,38.02000045776367,44.56999969482422,54.41999816894531,46.2599983215332,3.688,0.0063340278684409,0.0052166597258669,-0.011697446027043,-0.0108744266207955,-0.0027487910338606,-0.0006481441650625,-0.0002710761724044
2025-05-19,594.8499755859375,50.93000030517578,38.79999923706055,45.15999984741211,54.70000076293945,46.36000061035156,3.692,0.0010938461217664,0.0165669033200355,0.0205154857944669,0.0132376072835469,0.0051452150572457,0.0021617443244006,0.0010845986984815
2025-05-20,592.8499755859375,52.29999923706055,38.400001525878906,45.56999969482422,55.20000076293945,46.310001373291016,3.688,-0.0033621922872737,0.0268996450751157,-0.0103092195630657,0.0090788274755853,0.0091407676970045,-0.0010784994909897,-0.0010834236186348
2025-05-21,582.8599853515625,52.63999938964844,38.0099983215332,45.65999984741211,54.9900016784668,46.18999862670898,3.678,-0.0168507896529834,0.0065009590353293,-0.0101563330429262,0.0019749869034586,-0.0038043311878656,-0.0025912922268069,-0.0027114967462039
2025-05-22,583.0900268554688,52.650001525878906,37.70000076293945,45.7599983215332,54.75,46.040000915527344,3.661,0.0003946771260467,0.0001900101889522,-0.0081556846167534,0.0021900673336678,-0.0043644602862555,-0.003247406703643,-0.0046220772158781
2025-05-23,579.1099853515625,53.650001525878906,39.02000045776367,46.7599983215332,54.77999877929688,46.22999954223633,3.662,-0.0068257753015775,0.0189933517762288,0.0350132537960536,0.0218531476547154,0.0005479229095319,0.0041268163103991,0.0002731494127288
2025-05-26,,,,,,,3.658,,,,,,,-0.0010922992900054
2025-05-27,591.1500244140625,52.709999084472656,39.63999938964844,46.83000183105469,54.040000915527344,46.119998931884766,3.643,0.0207905913678743,-0.01752101425296,0.0158892599849114,0.0014970810956862,-0.0135085410781206,-0.0023794205373302,-0.0041006014215418
2025-05-28,587.72998046875,52.84999847412109,38.88999938964844,46.540000915527344,53.33000183105469,45.90999984741211,3.643,-0.0057854077714069,0.0026560309633865,-0.0189202828342084,-0.0061926308816634,-0.0131383988239098,-0.0045533193698206,0.0
2025-05-29,590.0499877929688,52.52000045776367,39.02999877929688,46.61000061035156,53.86000061035156,46.08000183105469,3.624,0.0039474034017601,-0.0062440496856213,0.0035998815079874,0.0015040759228017,0.0099380979017378,0.0037029401918449,-0.0052154817458137
2025-05-30,589.3900146484375,52.720001220703125,38.47999954223633,46.63999938964844,52.81999969482422,45.52000045776367,3.621,-0.0011185037847383,0.0038080876084587,-0.0140917052078487,0.0006436125059867,-0.0193093372399156,-0.012152807097191,-0.0008278145695364
2025-06-02,592.7100219726562,55.58000183105469,40.150001525878906,47.720001220703125,53.2599983215332,45.84999847412109,3.623,0.0056329548205853,0.0542488722331144,0.0433992204654147,0.0231561287561763,0.0083301520115703,0.0072495169824002,0.0005523336095001
2025-06-03,596.0900268554688,55.34000015258789,40.2400016784668,47.95000076293945,53.7599983215332,45.959999084472656,3.625,0.005702628195088,-0.0043181300928403,0.0022415977376708,0.0048197723460354,0.0093879086698702,0.0023991409817309,0.0005520287054925
2025-06-04,595.9299926757812,55.27999877929688,40.86000061035156,48.06999969482422,54.790000915527344,46.52999877929688,3.617,-0.00026847317096,-0.0010842315346146,0.0154075274856795,0.0025025845667454,0.0191592750400362,0.0124020823798665,-0.0022068965517241
2025-06-05,593.0499877929688,54.5099983215332,41.68999862670898,48.79999923706055,54.9900016784668,46.77000045776367,3.629,-0.0048327906267664,-0.0139290968662619,0.020313215955928,0.0151861773844557,0.0036503150136428,0.0051579988128773,0.0033176665745091
2025-06-06,599.1400146484375,52.36000061035156,41.47999954223633,48.59000015258789,54.91999816894531,46.91999816894531,3.652,0.0102689941502784,-0.0394422633899131,-0.0050371573852275,-0.0043032599949955,-0.001273022501996,0.0032071351232314,0.0063378341140809
2025-06-09,599.6799926757812,53.27999877929688,42.34000015258789,48.52999877929688,55.52000045776367,47.31999969482422,3.635,0.0009012551559597,0.0175706294541835,0.0207328982604226,-0.0012348502387855,0.0109250238314397,0.0085251820436695,-0.0046549835706463
2025-06-10,603.0800170898438,52.560001373291016,42.18999862670898,48.22999954223633,55.68999862670898,47.59000015258789,3.635,0.0056697312826654,-0.0135134651370455,-0.0035427851992989,-0.0061817276861034,0.0030619266488414,0.0057058423394962,0.0
2025-06-11,601.3599853515625,53.310001373291016,41.0099983215332,48.43999862670898,55.86000061035156,47.790000915527344,3.626,-0.0028520788113346,0.014269406019862,-0.0279687211089114,0.0043541174884058,0.0030526483719652,0.0042025795818068,-0.0024759284731774
2025-06-12,603.75,55.91999816894531,41.18000030517578,48.58000183105469,55.790000915527344,47.869998931884766,3.611,0.003974349319302,0.0489588581583104,0.0041453789466094,0.0028902396431635,-0.0012531273551623,0.0016739488350048,-0.0041367898510754
2025-06-13,597.0,57.900001525878906,40.93999862670898,48.290000915527344,54.77000045776367,47.11000061035156,3.6215,-0.0111801242236024,0.0354077865122888,-0.0058281125956337,-0.0059695534087436,-0.018282854293336,-0.015876297022998,0.0029077817779008
2025-06-16,602.6799926757812,58.119998931884766,41.90999984741211,47.709999084472656,55.0099983215332,47.22999954223633,3.607,0.0095142255875733,0.0037996096754424,0.0236932401866349,-0.0120108059651784,0.0043819218872311,0.0025472071817038,-0.0040038658014635
2025-06-17,597.530029296875,58.52000045776367,41.369998931884766,47.619998931884766,54.43999862670898,46.61000061035156,3.614,-0.008545104270081,0.0068823388374059,-0.0128847749342257,-0.0018864002162007,-0.0103617471771689,-0.0131272271415188,0.0019406709176599
2025-06-18,597.4400024414062,58.2599983215332,41.18000030517578,47.40999984741211,53.93000030517578,46.59999847412109,3.581,-0.0001506649892971,-0.0044429619650827,-0.0045926669474131,-0.004409892674988,-0.0093680810874046,-0.0002145920639239,-0.0091311566131709
2025-06-19,,,,,,,3.592,,,,,,,0.0030717676626641
2025-06-20,594.280029296875,58.22999954223633,40.220001220703125,47.08000183105469,53.5,46.33000183105469,3.602,-0.0052891890928263,-0.0005149121208571,-0.0233122651131209,-0.0069605150267773,-0.0079733043341836,-0.0057939195688245,0.002783964365256
2025-06-23,600.1500244140625,59.459999084472656,40.93999862670898,46.970001220703125,54.130001068115234,46.709999084472656,3.593,0.0098774901188125,0.0211231247107286,0.0179014764831793,-0.0023364614713971,0.01177572089935,0.0082019693157719,-0.0024986118822876
2025-06-24,606.780029296875,58.09000015258789,42.0099983215332,47.310001373291016,55.56999969482422,47.91999816894531,3.58,0.011047245877038,-0.0230406820211762,0.0261358019227231,0.0072386660368666,0.0266025974190715,0.0259044981414886,-0.0036181463957695
2025-06-25,607.1199951171875,58.060001373291016,41.61000061035156,47.31999969482422,55.52999877929688,47.959999084472656,3.575,0.0005602785258216,-0.0005164189915316,-0.0095214883876015,0.0002113363188116,-0.0007198293278211,0.0008347436781261,-0.0013966480446927
2025-06-26,611.8699951171875,59.18999862670898,44.459999084472656,49.11000061035156,55.540000915527344,48.27999877929688,3.551,0.0078238240186492,0.0194625771045502,0.0684931130092818,0.0378275766498605,0.0001801213119096,0.0066722206199503,-0.0067132867132867
2025-06-27,614.9099731445312,56.7599983215332,43.869998931884766,48.4900016784668,55.18000030517578,48.09000015258789,3.55,0.0049683397643343,-0.0410542382421895,-0.0132703590809102,-0.0126246981099421,-0.0064818257907323,-0.0039353486228848,-0.0002816108138553
2025-06-30,617.8499755859375,58.2599983215332,43.34999847412109,48.59000015258789,55.09999847412109,48.2400016784668,3.544,0.0047811916700124,0.0264270620922646,-0.0118532133673187,0.002062249343363,-0.0014498338276953,0.003119183310521,-0.0016901408450703
2025-07-01,617.6500244140625,58.83000183105469,44.04999923706055,48.86000061035156,55.27000045776367,48.33000183105469,3.5625,-0.0003236241478934,0.0097837886361697,0.0161476536927063,0.0055567083127348,0.0030853355417499,0.0018656747399754,0.0052200902934536
2025-07-02,620.4500122070312,60.060001373291016,45.77000045776367,49.75,55.0,48.540000915527344,3.552,0.0045332918032747,0.020907691721115,0.0390465664130146,0.0182152963268666,-0.004885117704495,0.0043451081422827,-0.0029473684210525
2025-07-03,625.3400268554688,59.900001525878906,45.79999923706055,50.060001373291016,54.720001220703125,48.7599983215332,3.548,0.0078813998746538,-0.0026640000624985,0.0006554244919563,0.0062311833827339,-0.0050908868963067,0.004532290932353,-0.0011261261261261
2025-07-04,,,,,,,3.55,,,,,,,0.0005636978579481
2025-07-07,620.6799926757812,60.15999984741211,45.130001068115234,49.619998931884766,54.619998931884766,48.06999969482422,3.565,-0.0074520004790362,0.0043405394809694,-0.0146287812250258,-0.0087895011852917,-0.001827527167169,-0.0141509157190489,0.004225352112676
2025-07-08,620.3400268554688,57.61000061035156,46.27000045776367,49.29999923706055,55.130001068115234,48.369998931884766,3.548,-0.0005477312372305,-0.0423869555107759,0.0252603448408481,-0.0064490064835247,0.0093372783999223,0.0062408828576059,-0.0047685834502103
2025-07-09,624.0599975585938,58.75,45.59000015258789,48.810001373291016,54.58000183105469,48.290000915527344,3.55,0.0059966639940707,0.0197882204056702,-0.0146963539755419,-0.0099391048955875,-0.0099764053401886,-0.0016538767443446,0.0005636978579481
2025-07-10,625.8200073242188,59.77999877929688,47.209999084472656,49.119998931884766,55.0099983215332,48.41999816894531,3.547,0.0028202573030002,0.0175318941156914,0.0355340848094472,0.0063511073524242,0.007878279150842,0.0026920118234283,-0.0008450704225351
2025-07-11,623.6199951171875,60.130001068115234,46.36000061035156,48.83000183105469,54.95000076293945,48.2599983215332,3.556,-0.003515407275708,0.0058548393436832,-0.018004628057717,-0.0059038499009785,-0.0010906664320013,-0.0033044166349168,0.0025373555117
2025-07-14,624.8099975585938,60.81999969482422,45.630001068115234,48.68999862670898,55.54999923706055,48.33000183105469,3.567,0.0019082172648787,0.0114751141601903,-0.0157463229643126,-0.0028671554187136,0.0109189893683452,0.001450549356738,0.0030933633295837
2025-07-15,622.1400146484375,57.34999847412109,44.119998931884766,48.119998931884766,56.68000030517578,48.68000030517578,3.56,-0.0042732717475537,-0.0570536211462431,-0.033092309903223,-0.0117067100205573,0.020342053710801,0.0072418469038046,-0.0019624334174376
2025-07-16,624.219970703125,58.45000076293945,43.97999954223633,48.0,56.5099983215332,48.90999984741211,3.55,0.0033432282214846,0.0191805112133478,-0.0031731503408369,-0.0024937434444798,-0.0029993292647716,0.0047247235167309,-0.002808988764045
2025-07-17,628.0399780273438,57.9900016784668,44.459999084472656,48.20000076293945,56.91999816894531,49.18999862670898,3.561,0.0061196493279698,-0.0078699585708871,0.0109140415468935,0.0041666825612385,0.0072553505501675,0.0057247757139726,0.0030985915492958
2025-07-18,627.5800170898438,58.18999862670898,44.79999923706055,48.31999969482422,57.45000076293945,49.08000183105469,3.566,-0.0007323752525193,0.0034488177695026,0.0076473270262984,0.0024896043565425,0.0093113599972549,-0.0022361617955926,0.001404099971918
2025-07-21,628.77001953125,59.86000061035156,45.18999862670898,48.93000030517578,57.810001373291016,49.400001525878906,3.561,0.0018961764380651,0.0286991239569482,0.0087053436671895,0.0126241848966093,0.0062663290786899,0.0065199609389936,-0.0014021312394839
2025-07-22,628.8599853515625,61.70000076293945,45.79999923706055,49.54999923706055,58.66999816894531,49.43000030517578,3.555,0.0001430822359811,0.0307383918113375,0.0134985755452319,0.0126711409772704,0.0148762631936492,0.0006072627200459,-0.0016849199663014
2025-07-23,634.2100219726562,61.41999816894531,44.84000015258789,50.29999923706055,59.25,49.93000030517578,,0.0085075163720311,-0.0045381295061883,-0.0209606790494407,0.0151362262673668,0.0098858334609883,0.0101153145238326,
2025-07-24,634.4199829101562,61.5099983215332,44.58000183105469,49.97999954223633,59.18000030517578,49.65999984741211,3.544,0.0003310590028946,0.0014653232704489,-0.0057983568387253,-0.0063618230552267,-0.00118142944851,-0.0054075797338956,-0.0030942334739803
2025-07-25,637.0999755859375,65.75,44.88999938964844,49.61000061035156,58.93000030517578,49.5099983215332,3.546,0.0042243194539488,0.0689319101636598,0.0069537358874176,-0.0074029398814238,-0.0042244001133966,-0.0030205704055539,0.0005643340857788
2025-07-28,636.9400024414062,63.65999984741211,43.790000915527344,49.150001525878906,58.70000076293945,49.18000030517578,,-0.0002510958258695,-0.0317870745640743,-0.0245043102935472,-0.0092723055596308,-0.0039029278982734,-0.0066652802978161,
2025-07-29,635.260009765625,63.9900016784668,43.22999954223633,49.43999862670898,58.560001373291016,49.20000076293945,,-0.0026375995687848,0.0051838176538749,-0.012788338926306,0.005900246018861,-0.0023849980890771,0.0004066786831957,
2025-07-30,634.4600219726562,62.310001373291016,39.13999938964844,47.9900016784668,57.88999938964844,48.84000015258789,3.57,-0.0012593076546151,-0.026254106283937,-0.0946102289127229,-0.0293284180525614,-0.0114412904359691,-0.0073170854627859,0.0067681895093063
2025-07-31,632.0800170898438,62.09999847412109,40.2400016784668,48.650001525878906,57.43000030517578,48.560001373291016,3.594,-0.0037512290773067,-0.0033702920003455,0.0281043001014784,0.013752861519658,-0.007946088950122,-0.005732980721173,0.0067226890756302
2025-08-01,621.719970703125,62.59000015258789,40.02999877929688,48.34999847412109,56.52000045776367,48.20000076293945,3.583,-0.0163904032821942,0.0078905264171784,-0.0052187597020478,-0.0061665579105527,-0.0158453742395348,-0.0074135214203179,-0.0030606566499721
2025-08-04,631.1699829101562,65.41999816894531,40.41999816894531,49.27000045776367,57.470001220703125,48.70000076293945,3.565,0.0151997887350214,0.045214858754724,0.0097426780300113,0.0190279630336493,0.0168082228458112,0.0103734438192051,-0.005023723137036
2025-08-05,627.969970703125,67.23999786376953,40.02999877929688,49.70000076293945,57.86000061035156,48.84000015258789,3.556,-0.0050699689365404,0.0278202345729836,-0.0096486741047918,0.0087274264497805,0.0067861385307912,0.0028747307485665,-0.002524544179523
2025-08-06,632.780029296875,67.91999816894531,39.86000061035156,50.18000030517578,58.36000061035156,49.06999969482422,,0.0076596952372807,0.010113032819446,-0.0042467692762767,0.009657938327322,0.0086415484743451,0.0047092453218213,
2025-08-07,632.25,69.06999969482422,40.79999923706055,50.709999084472656,58.20000076293945,49.47999954223633,3.541,-0.0008376201402309,0.0169317072567989,0.0235825040721366,0.0105619524924993,-0.0027416011949754,0.0083554075802319,-0.0042182227221597
2025-08-08,637.1799926757812,68.9800033569336,41.869998931884766,51.720001220703125,58.18999862670898,49.43999862670898,3.525,0.0077975368537466,-0.0013029729012343,0.0262254832066832,0.0199172185853919,-0.0001718580085798,-0.0008084259478053,-0.0045184975995481
2025-08-11,635.9199829101562,68.87000274658203,41.459999084472656,51.130001068115234,57.81999969482422,49.29999923706055,3.535,-0.0019774785462639,-0.0015946738909589,-0.0097922106011778,-0.0114075819540336,-0.0063584626330431,-0.0028317029437133,0.0028368794326241
2025-08-12,642.6900024414062,68.93000030517578,42.150001525878906,51.75,58.72999954223633,49.900001525878906,3.529,0.0106460242061718,0.0008711711369393,0.0166426062866138,0.0121259323084856,0.0157384962333988,0.0121704320102162,-0.0016973125884017
2025-08-13,644.8900146484375,68.55999755859375,42.7400016784668,52.15999984741211,60.560001373291016,50.5,3.543,0.0034231312120525,-0.0053678042208603,0.0139976306341447,0.0079227023654513,0.0311595750948137,0.0120240171497776,0.0039671294984415
2025-08-14,644.9500122070312,68.4800033569336,42.27999877929688,51.95000076293945,59.29999923706055,49.880001068115234,3.575,9.303533506632712e-05,-0.0011667766118542,-0.0107628189308583,-0.0040260560791216,-0.0208058472202441,-0.0122772065719755,0.0090318938752469
2025-08-15,643.4400024414062,69.33000183105469,42.36000061035156,52.18999862670898,59.68000030517578,49.93999862670898,3.559,-0.0023412818622294,0.0124123602869981,0.0018921909499642,0.0046197855677558,0.0064081125295822,0.001202837957277,-0.0044755244755244
2025-08-18,643.2999877929688,69.0,41.75,52.380001068115234,60.040000915527344,50.22999954223633,3.545,-0.0002176032697784,-0.0047598705082807,-0.0144003919160118,0.003640591040541,0.006032181777994,0.0058069868542656,-0.0039336892385501
2025-08-19,639.8099975585938,67.37999725341797,41.459999084472656,51.68000030517578,59.59000015258789,49.81999969482422,3.53,-0.005425136484688,-0.0234783006751019,-0.0069461297132298,-0.0133638936362213,-0.00749501592401,-0.0081624497541027,-0.004231311706629
2025-08-20,638.1099853515625,69.0,41.310001373291016,51.75,59.91999816894531,49.75,3.523,-0.0026570578976855,0.0240427843962229,-0.0036178898816671,0.0013544832509841,0.005537808617426,-0.0014050520925934,-0.0019830028328611
2025-08-21,635.5499877929688,70.08999633789062,41.720001220703125,52.0099983215332,60.0,49.63999938964844,3.539,-0.0040118437532102,0.0157970483752265,0.0099249536137075,0.0050241221552309,0.0013351440837685,-0.0022110675447549,0.0045415838773772
2025-08-22,645.3099975585938,70.7699966430664,43.27999877929688,53.22999954223633,61.56999969482422,50.630001068115234,3.52,0.0153567932547964,0.0097018168170195,0.0373920784503625,0.0234570517222652,0.0261666615804037,0.0199436279339126,-0.0053687482339643
2025-08-25,642.469970703125,71.0999984741211,43.68999862670898,52.93000030517578,61.540000915527344,50.34000015258789,3.536,-0.0044010272058598,0.0046630188880618,0.0094731945234765,-0.0056359053097962,-0.0004872304603794,-0.005727847312055,0.0045454545454546
2025-08-26,645.1599731445312,72.43000030517578,44.34999847412109,53.38999938964844,61.619998931884766,50.209999084472656,3.55,0.004186969919329,0.0187060739746538,0.015106428660051,0.0086907062501504,0.0012999352480873,-0.0025824606221926,0.0039592760180995
2025-08-27,646.6300048828125,72.38999938964844,43.869998931884766,52.970001220703125,60.02000045776367,49.90999984741211,3.554,0.0022785538462906,-0.0005522699897667,-0.0108229889233573,-0.0078666074872955,-0.0259655712732118,-0.0059748903113069,0.0011267605633802
2025-08-28,648.9199829101562,72.97000122070312,44.369998931884766,53.41999816894531,60.45000076293945,50.09999847412109,3.54,0.00354140390958,0.0080121817370484,0.0113973105122782,0.0084953169316959,0.0071642836037359,0.0038068248304921,-0.0039392234102418
2025-08-29,645.0499877929688,74.4000015258789,44.400001525878906,53.79999923706055,61.310001373291016,49.86000061035156,3.533,-0.0059637477949624,0.0195970985508229,0.0006761910010455,0.0071134608974237,0.0142266434987179,-0.0047903766682447,-0.0019774011299434
2025-09-01,,,,,,,3.536,,,,,,,0.0008491367110106
2025-09-02,640.27001953125,75.86000061035156,44.93999862670898,54.90999984741211,61.63999938964844,49.81999969482422,3.538,-0.007410229210411,0.0196236432060397,0.0121620964475719,0.0206319818976303,0.005382449991286,-0.0008022646417504,0.0005656108597285
2025-09-03,643.739990234375,75.41999816894531,46.209999084472656,56.0099983215332,61.33000183105469,50.0099983215332,3.532,0.0054195426886696,-0.0058001903225164,0.0282599131413607,0.0200327531811663,-0.0050291622593009,0.0038137018842399,-0.0016958733747879
2025-09-04,649.1199951171875,74.87999725341797,46.06999969482422,55.72999954223633,60.29999923706055,49.84999847412109,3.526,0.0083574190891166,-0.0071599168474879,-0.0030296341143075,-0.0049990856576981,-0.0167944327937814,-0.0031993571842056,-0.0016987542468857
2025-09-05,647.239990234375,76.16999816894531,46.34000015258789,56.5,61.34999847412109,50.45000076293945,3.523,-0.0028962362844378,0.0172275769610616,0.0058606568168482,0.0138166241537487,0.0174129228913026,0.012036154607504,-0.0008508224617128
2025-09-08,648.8300170898438,75.75,46.65999984741211,56.650001525878906,62.29999923706055,50.90999984741211,3.511,0.0024566264128595,-0.0055139579761279,0.0069054746174046,0.0026548942633435,0.0154849353963746,0.0091179202679134,-0.0034061879080329
2025-09-09,650.3300170898438,75.91999816894531,43.88999938964844,56.0,62.970001220703125,51.18999862670898,3.498,0.0023118535833588,0.002244200250103,-0.0593656336652839,-0.0114739895564163,0.0107544460970716,0.0054998778262833,-0.0037026488180005
2025-09-10,652.2100219726562,78.43000030517578,44.880001068115234,56.45000076293945,62.540000915527344,51.540000915527344,3.48,0.0028908474672986,0.0330611459005167,0.0225564295337012,0.008035727909633,-0.0068286532767988,0.0068373178005076,-0.0051457975986278
2025-09-11,657.6300048828125,79.6500015258789,45.91999816894531,57.54999923706055,64.20999908447266,52.290000915527344,3.491,0.0083101803522784,0.0155552877209743,0.0231728403760875,0.0194862437423253,0.0267028804684696,0.0145518041652585,0.00316091954023
2025-09-12,657.4099731445312,79.25,44.720001220703125,57.77000045776367,63.95000076293945,52.2599983215332,3.493,-0.0003345828758535,-0.0050219901847577,-0.0261323387650681,0.0038227840767972,-0.0040491874356073,-0.0005737730630873,0.0005729017473503
2025-09-15,660.9099731445312,79.36000061035156,45.63999938964844,58.43999862670898,64.43000030517578,52.63999938964844,3.491,0.0053239228837049,0.0013880203198934,0.0205724092985801,0.0115976832895328,0.0075058567085193,0.0072713563015684,-0.0005725737188662
2025-09-16,660.0,79.0199966430664,45.29999923706055,57.91999816894531,64.86000061035156,53.02999877929688,3.479,-0.0013768488621856,-0.0042843241515904,-0.0074496090520326,-0.0088980231003293,0.0066739143743452,0.0074088030807448,-0.0034374104841019
2025-09-17,659.1799926757812,78.69000244140625,45.09000015258789,57.869998931884766,65.80000305175781,53.2599983215332,3.478,-0.0012424353397253,-0.0041760847339786,-0.0046357414571621,-0.0008632465235013,0.0144927911279764,0.0043371591086311,-0.0002874389192296
2025-09-18,662.260009765625,78.31999969482422,44.93000030517578,57.13999938964844,64.75,53.130001068115234,3.485,0.0046724978368064,-0.004702029928866,-0.0035484552421969,-0.012614473055297,-0.0159574924477113,-0.0024408046848437,0.0020126509488209
2025-09-19,663.7000122070312,81.72000122070312,44.93999862670898,57.810001373291016,64.44000244140625,53.0099983215332,3.499,0.0021743762573189,0.0434116641870159,0.00022253108091,0.0117256211200442,-0.004787607082529,-0.0022586626043575,0.0040172166427547
2025-09-22,666.8400268554688,83.72000122070312,45.15999984741211,58.59000015258789,64.43000030517578,53.27000045776367,3.503,0.0047310751705365,0.0244738126544876,0.0048954434229193,0.0134924539139908,-0.0001552162608864,0.0049047754096014,0.0011431837667905
2025-09-23,663.2100219726562,84.66999816894531,45.36000061035156,58.880001068115234,63.65999984741211,53.29999923706055,3.502,-0.005443591771073,0.0113473116864606,0.0044287148719048,0.0049496657240499,-0.0119509615725055,0.0005631458426711,-0.0002854695974879
2025-09-24,661.0999755859375,83.47000122070312,37.66999816894531,59.88999938964844,64.58000183105469,53.119998931884766,3.503,-0.0031815658943793,-0.014172634630838,-0.1695326794076657,0.0171535037909524,0.0144518062495719,-0.0033771164681485,0.0002855511136494
2025-09-25,658.0499877929688,83.66999816894531,35.34000015258789,59.77999877929688,64.76000213623047,52.810001373291016,3.505,-0.0046135046219983,0.0023960338482968,-0.0618528837168419,-0.0018367108277275,0.0027872452782933,-0.0058357975306297,0.0005709391949757
2025-09-26,661.8200073242188,85.25,35.75,59.29999923706055,64.31999969482422,52.709999084472656,3.494,0.0057290777314567,0.0188837321098582,0.0116015802388751,-0.0080294337911991,-0.0067943549550948,-0.001893624052601,-0.003138373751783
2025-09-29,663.6799926757812,84.54000091552734,37.119998931884766,60.79999923706055,65.52999877929688,53.18999862670898,3.48,0.0028104096748033,-0.0083284350084769,0.0383216484443291,0.0252951099375824,0.0188121749100385,0.0091064228907893,-0.0040068689181455
2025-09-30,666.1799926757812,84.30999755859375,39.220001220703125,61.5,65.8499984741211,53.400001525878906,3.473,0.0037668756442703,-0.0027206453092355,0.0565733391499247,0.0115131705875544,0.0048832550096935,0.0039481651549519,-0.0020114942528736
2025-10-01,668.4500122070312,85.94999694824219,39.09000015258789,61.04999923706055,66.25,53.81999969482422,3.485,0.0034075168215907,0.0194520156225679,-0.0033146625208826,-0.0073170855762513,0.0060744348541801,0.0078651340251698,0.0034552260293694
2025-10-02,669.219970703125,86.43000030517578,38.869998931884766,61.33000183105469,66.98999786376953,54.06999969482422,3.476,0.0011518565068935,0.0055846814889666,-0.0056280690673918,0.0045864471333878,0.0111697790757665,0.0046451133671048,-0.0025824964131994
2025-10-03,669.2100219726562,86.86000061035156,39.66999816894531,62.310001373291016,66.55000305175781,54.22999954223633,3.464,-1.4866158967619114e-05,0.0049751278914438,0.0205814062012827,0.0159791213594926,-0.0065680672644069,0.002959124252176,-0.003452243958573
2025-10-06,671.6099853515625,88.51000213623047,40.31999969482422,62.709999084472656,66.63999938964844,54.47999954223633,3.463,0.0035862633554586,0.0189961030887013,0.0163852169367566,0.0064194784523483,0.0013523115516709,0.0046099945069202,-0.0002886836027713
2025-10-07,669.1199951171875,86.94999694824219,40.68999862670898,61.869998931884766,65.80999755859375,54.060001373291016,3.446,-0.0037074943623293,-0.0176251852936032,0.00917656088009,-0.0133949954529002,-0.0124550095836828,-0.00770921755643,-0.0049090384060063
2025-10-08,673.1099853515625,88.4000015258789,42.84999847412109,63.52999877929688,66.12999725341797,54.4900016784668,,0.0059630414028746,0.016676303950877,0.0530842939373874,0.026830448942462,0.0048624784484956,0.0079541304893164,
2025-10-09,671.1599731445312,85.20999908447266,43.310001373291016,62.650001525878906,65.12000274658203,53.93000030517578,3.4265,-0.0028970186885769,-0.0360859998455134,0.0107351905612724,-0.0138516806284709,-0.0152728647933481,-0.0102771399530404,-0.0056587347649449
2025-10-10,653.02001953125,85.13999938964844,40.880001068115234,60.90999984741211,61.38999938964844,51.93999862670898,3.437,-0.0270277643767872,-0.0008214962513357,-0.0561071398781886,-0.0277733700891938,-0.0572789189129659,-0.0368997156908195,0.0030643513789581
2025-10-13,663.0399780273438,89.4000015258789,42.77999877929688,63.40999984741211,63.29999923706055,53.45000076293945,3.426,0.0153440295801134,0.0500352615312376,0.0464774379045591,0.0410441636227687,0.0311125568724826,0.0290720480584298,-0.0032004655222577
2025-10-14,662.22998046875,90.54000091552734,41.970001220703125,63.29999923706055,62.58000183105469,52.970001220703125,3.426,-0.0012216421112398,0.0127516708075048,-0.0189340248178254,-0.0017347517838868,-0.0113743667406605,-0.0089803467798852,0.0
2025-10-15,665.1699829101562,93.58000183105467,41.709999084472656,64.0999984741211,63.25,53.84000015258789,3.406,0.0044395489907074,0.0335763296309619,-0.0061949518386531,0.0126382187472786,0.0107062663685131,0.0164243706217761,-0.0058377116170461
2025-10-16,660.6400146484375,98.2699966430664,41.70000076293945,64.55000305175781,63.400001525878906,54.18999862670898,3.3875,-0.006810241559458,0.0501174900645848,-0.0002397104232237,0.0070203523923388,0.0023715656265439,0.0065007145826367,-0.0054315913094539
2025-10-17,664.3900146484375,90.7699966430664,41.18000030517578,62.970001220703125,63.310001373291016,54.18000030517578,3.381,0.0056763137515907,-0.0763203445222583,-0.0124700347302108,-0.0244771767057516,-0.0014195607322052,-0.00018450492317,-0.001918819188192
2025-10-20,671.2999877929688,94.88999938964844,42.18999862670898,64.0,64.12000274658203,54.91999816894531,3.374,0.0104004771176273,0.0453894777894843,0.0245264282187549,0.0163569756920733,0.0127942087461829,0.0136581369435473,-0.0020703933747411
2025-10-21,671.2899780273438,86.31999969482422,41.310001373291016,61.34999847412109,63.43999862670898,54.310001373291016,3.392,-1.4911017141350236e-05,-0.0903150990615258,-0.020857958806874,-0.0414062738418579,-0.0106051792068785,-0.0111070068461732,0.0053349140486069
2025-10-22,667.7999877929688,87.01000213623047,40.77999877929688,60.709999084472656,63.02999877929688,54.2599983215332,3.408,-0.0051989309368668,0.00799354082305,-0.0128298856541992,-0.0104319381510401,-0.0064627972302555,-0.0009206969341452,0.0047169811320755
2025-10-23,671.760009765625,88.91000366210938,41.22999954223633,61.61000061035156,64.11000061035156,54.7400016784668,3.391,0.0059299521489117,0.0218365875098369,0.0110348400296644,0.0148246012098705,0.017134727145345,0.0088463577549191,-0.0049882629107981
2025-10-24,677.25,83.37000274658203,41.369998931884766,61.619998931884766,64.51000213623047,55.09999847412109,3.385,0.0081725469729738,-0.0623102090579298,0.0033955709726607,0.0001622840680759,0.0062392999855052,0.0065764849217371,-0.0017693895606016
2025-10-27,685.239990234375,78.62999725341797,41.09999847412109,61.54999923706055,65.58999633789062,55.709999084472656,3.386,0.0117976969130675,-0.0568550478230419,-0.0065264796890187,-0.0011359898740277,0.0167415000138964,0.0110707917830172,0.0002954209748893
2025-10-28,687.0599975585938,79.33999633789062,41.16999816894531,62.52999877929688,65.12000274658203,55.68999862670898,3.392,0.0026560144623144,0.009029621127728,0.0017031556550615,0.0159220073823533,-0.0071656291744154,-0.0003590101973138,0.0017720023626697
2025-10-29,687.3900146484375,79.66999816894531,42.18999862670898,63.119998931884766,65.48999786376953,56.0099983215332,3.392,0.0004803322723145,0.0041593376138975,0.024775334057048,0.0094354735983657,0.0056817429604134,0.0057460891132208,0.0
2025-10-30,679.8300170898438,82.30999755859375,41.72999954223633,63.11000061035156,64.37999725341797,55.43000030517578,3.384,-0.0109981195500203,0.0331366819420548,-0.0109030362513794,-0.0001584018013687,-0.0169491624150081,-0.0103552585920082,-0.0023584905660377
2025-10-31,682.0599975585938,80.97000122070312,41.70000076293945,62.77999877929688,63.56999969482422,55.29999923706055,3.369,0.0032802030105936,-0.0162798733767027,-0.0007188780164378,-0.0052289942618153,-0.0125815096792466,-0.0023453196355673,-0.0044326241134751
2025-11-03,683.3400268554688,81.62000274658203,41.18000030517578,62.15999984741211,63.54999923706055,55.650001525878906,3.378,0.0018767107020742,0.008027683291089,-0.0124700347302108,-0.0098757397887879,-0.0003146210139953,0.0063291554004905,0.0026714158504006
2025-11-04,675.239990234375,78.9000015258789,39.41999816894531,60.310001373291016,62.72999954223633,54.630001068115234,3.386,-0.0118535960177362,-0.0333251792351481,-0.0427392453420953,-0.0297618802873615,-0.0129032211592226,-0.0183288486935502,0.0023682652457075
2025-11-05,677.5800170898438,81.62999725341797,40.209999084472656,61.38999938964844,63.36000061035156,55.119998931884766,3.3705,0.0034654743340312,0.034600705636788,0.0200406126895686,0.0179074447316414,0.0100430587073583,0.0089693914367414,-0.0045776727702304
2025-11-06,670.3099975585938,82.52999877929688,38.650001525878906,61.75,63.970001220703125,54.709999084472656,3.376,-0.0107293889251253,0.0110253773877375,-0.0387962594904945,0.0058641572557542,0.0096275347928564,-0.0074383137764347,0.0016318053701231
2025-11-07,670.969970703125,83.38999938964844,39.810001373291016,61.77000045776367,63.61000061035156,54.54999923706055,3.377,0.0009845789961884,0.0104204607181854,0.030012931477775,0.0003238940528529,-0.0056276473891179,-0.0029245083182156,0.0002962085308055
2025-11-10,681.4400024414062,88.26000213623047,40.95000076293945,63.130001068115234,64.69999694824219,55.5099983215332,3.369,0.0156043223921176,0.0584003211683266,0.0286360047807805,0.0220171701517386,0.0171356127563571,0.0175985169184098,-0.0023689665383475
2025-11-11,683.0,89.94999694824219,41.06999969482422,63.040000915527344,64.52999877929688,55.56999969482422,3.366,0.0022892661907207,0.0191479126570062,0.0029303767924069,-0.0014256320460185,-0.0026274834152049,0.0010809110989964,-0.0008904719501335
2025-11-12,683.3800048828125,93.06999969482422,41.810001373291016,64.37999725341797,64.58000183105469,55.58000183105469,3.37,0.000556376109535,0.0346859683428038,0.0180180590203427,0.0212562867771242,0.0007748807175531,0.0001799916553066,0.0011883541295305
2025-11-13,672.0399780273438,89.72000122070312,40.540000915527344,62.52000045776367,64.45999908447266,54.93000030517578,3.374,-0.0165940278826468,-0.0359943965306297,-0.0303755182025651,-0.0288909113856097,-0.0018582028984137,-0.0116948813325825,0.0011869436201781
2025-11-14,671.9299926757812,87.80000305175781,40.15999984741211,62.34000015258789,63.5,54.959999084472656,3.365,-0.0001636589416679,-0.0213998901339991,-0.009373484448287,-0.0028790835549878,-0.0148929428809735,0.0005461274190825,-0.0026674570243034
2025-11-17,665.6699829101562,87.08999633789062,39.0,61.15999984741211,62.77999877929688,54.310001373291016,3.362,-0.0093164612889151,-0.0080866365511245,-0.0288844584616416,-0.0189284616985486,-0.0113386019008365,-0.0118267416668367,-0.000891530460624
2025-11-18,660.0800170898438,86.5999984741211,40.0,60.31999969482422,62.41999816894531,54.040000915527344,3.373,-0.0083975032130402,-0.005626339239566,0.0256410256410255,-0.0137344695010399,-0.0057343201234703,-0.0049714684392634,0.0032718619869125
2025-11-19,662.6300048828125,87.51000213623047,41.25,61.25,61.90999984741211,53.84999847412109,3.381,0.0038631495075569,0.0105081256136663,0.03125,0.0154177770205721,-0.0081704315362657,-0.0035159592558714,0.0023717758671804
2025-11-20,652.530029296875,82.0,39.630001068115234,59.5,60.880001068115234,53.11000061035156,3.381,-0.0152422551220325,-0.0629642555333597,-0.0392727013790246,-0.0285714285714285,-0.0166370341113791,-0.0137418362996826,0.0
2025-11-21,659.030029296875,83.48999786376953,39.869998931884766,59.63999938964844,60.91999816894531,53.09999847412109,3.389,0.0099612273890352,0.018170705655726,0.0060559641004558,0.0023529309184611,0.0006569825908071,-0.0001883286785072,0.002366163856847
2025-11-24,668.72998046875,86.52999877929688,40.790000915527344,61.02000045776367,61.959999084472656,53.65999984741211,3.384,0.0147185268359075,0.0364115581903321,0.0230750441005613,0.0231388511441661,0.0170715848126452,0.0105461655251071,-0.0014753614635585
2025-11-25,675.02001953125,86.2699966430664,41.06999969482422,61.560001373291016,62.20000076293945,53.84999847412109,3.373,0.0094059474619201,-0.0030047629712052,0.0068643974751736,0.0088495724594612,0.003873493899501,0.0035407869409107,-0.0032505910165483
2025-11-26,679.6799926757812,90.5199966430664,42.150001525878906,63.09999847412109,61.90999984741211,54.2400016784668,3.369,0.0069034591711327,0.0492639407137565,0.0262966116162595,0.0250161966613964,-0.0046623940831225,0.0072423995431147,-0.0011858879335903
2025-11-27,,,,,,,3.366,,,,,,,-0.0008904719501335
2025-11-28,683.3900146484375,90.7300033569336,42.97999954223633,64.47000122070312,62.20000076293945,54.31999969482422,3.365,0.005458483422545,0.0023200035534167,0.0196915299243305,0.0217116129906707,0.0046842338272024,0.0014748896364651,-0.0002970885323826
2025-12-01,680.27001953125,91.83000183105467,43.06999969482422,64.56999969482422,62.65999984741211,54.27999877929688,3.374,-0.0045654678153185,0.0121238667852097,0.002094000780513,0.0015510853455511,0.0073954835824814,-0.0007363938835065,0.0026745913818722
2025-12-02,681.530029296875,90.4800033569336,42.970001220703125,64.66999816894531,62.2400016784668,54.29999923706055,3.369,0.0018522200441719,-0.0147010611695812,-0.0023217663067016,0.0015486832057258,-0.006702811521993,0.0003684682795406,-0.0014819205690574
2025-12-03,683.8900146484375,89.6500015258789,44.52999877929688,66.02999877929688,61.880001068115234,54.34000015258789,3.363,0.0034627752998606,-0.0091733178631793,0.0363043405696283,0.0210298538558586,-0.005784071347095,0.0007366651213511,-0.0017809439002671
2025-12-04,684.3900146484375,90.72000122070312,44.61000061035156,67.0,61.97999954223633,54.33000183105469,3.362,0.0007311117128343,0.0119353003526201,0.0017965828261348,0.0146903110500626,0.0016160063412251,-0.0001839956110623,-0.0002973535533749
2025-12-05,685.6900024414062,89.76000213623047,45.20000076293945,67.02999877929688,62.65999984741211,54.7400016784668,3.365,0.0018994838690575,-0.0105820003478304,0.0132257373798596,0.0004477429745801,0.0109712860632145,0.007546472181007,0.0008923259964306
2025-12-08,683.6300048828125,89.0,45.0,66.52999877929688,62.220001220703125,54.619998931884766,,-0.0030042694967975,-0.0084670467707542,-0.0044247955655664,-0.0074593466970855,-0.0070220017200839,-0.002192231328141,
2025-12-09,683.0399780273438,94.08999633789062,44.79999923706055,67.4800033569336,61.34999847412109,54.52999877929688,,-0.0008630792259767,0.0571909700886588,-0.0044444613986545,0.0142793415762445,-0.0139826861059678,-0.0016477509034763,
2025-12-10,687.5700073242188,94.4000015258789,46.45000076293945,68.29000091552734,61.810001373291016,55.13999938964844,3.375,0.0066321583547099,0.00329477309017,0.036830391829872,0.0120035198325241,0.0074980099529091,0.0111865142858422,0.0029717682020802
2025-12-11,689.1699829101562,99.41999816894533,48.11000061035156,69.68000030517578,61.68999862670898,54.880001068115234,3.37,0.0023270002601829,0.0531779296813912,0.0357373481194118,0.0203543618540555,-0.0019414778177611,-0.0047152398333543,-0.0014814814814814
2025-12-12,681.760009765625,98.13999938964844,47.380001068115234,69.30000305175781,61.52000045776367,54.2400016784668,3.37,-0.0107520253758603,-0.0128746610628754,-0.0151735508828751,-0.0054534622811954,-0.0027556844339385,-0.0116617962316379,0.0
2025-12-15,680.72998046875,99.69000244140624,47.52000045776367,69.25,60.869998931884766,54.08000183105469,3.372,-0.0015108385386657,0.0157937952047848,0.0029548203143172,-0.0007215447266354,-0.0105656944252652,-0.0029498496028924,0.000593471810089
2025-12-16,678.8699951171875,98.02999877929688,47.540000915527344,69.30000305175781,59.70000076293945,52.97999954223633,3.37,-0.0027323394075896,-0.0166516563492418,0.000420885049895,0.0007220657293547,-0.0192212615323777,-0.0203402783205287,-0.0005931198102016
2025-12-17,671.4000244140625,99.4499969482422,47.81999969482422,69.18000030517578,59.470001220703125,52.59999847412109,3.369,-0.0110035364014512,0.0144853431258555,0.0058897512390543,-0.0017316412885639,-0.0038525885979403,-0.0071725381539932,-0.0002967359050445
2025-12-18,676.469970703125,99.33999633789062,47.91999816894531,69.9800033569336,59.9900016784668,53.20000076293945,3.368,0.0075513048923212,-0.001106089630237,0.0020911433450283,0.0115640799107941,0.008743912007566,0.0114068879510245,-0.0002968239833779
2025-12-19,680.5900268554688,101.29000091552734,49.150001525878906,71.19999694824219,60.630001068115234,53.720001220703125,3.368,0.0060905233502994,0.0196296018675505,0.0256678506663778,0.017433460028374,0.0106684342680751,0.0097744445546308,0.0
2025-12-22,684.8300170898438,104.87999725341795,50.63999938964844,72.08000183105469,60.88999938964844,54.0099983215332,3.368,0.0062298741783874,0.0354427515593032,0.0303153167347309,0.0123596196703801,0.0042882783597695,0.0053983077855612,0.0
2025-12-23,687.9600219726562,105.25,51.900001525878906,72.77999877929688,60.66999816894531,54.310001373291016,3.366,0.0045704843606495,0.003527867622727,0.0248815590722148,0.0097113891573266,-0.0036130928380421,0.0055545836156452,-0.0005938242280284
2025-12-24,690.3800048828125,104.7300033569336,51.91999816894531,72.73999786376953,60.61000061035156,54.41999816894531,3.365,0.003517621421107,-0.0049405856823411,0.0003852917625914,-0.0005496141274836,-0.0009889164398303,0.0020253506329019,-0.0002970885323826
2025-12-26,690.3099975585938,105.77999877929688,53.040000915527344,73.7699966430664,61.27000045776367,54.79999923706055,,-0.0001014040437492,0.0100257365483391,0.0215717023513288,0.0141600056302708,0.0108892895688139,0.0069827468008274,
2025-12-29,687.8499755859375,99.80999755859376,51.47999954223633,71.94999694824219,60.369998931884766,54.65999984741211,3.368,-0.0035636481890115,-0.0564379021516076,-0.0294117900898136,-0.0246712725721031,-0.0146891059108008,-0.0025547334233128,0.000891530460624
2025-12-30,687.010009765625,101.86000061035156,51.40999984741211,72.91000366210938,60.58000183105469,54.880001068115234,3.364,-0.0012211468345215,0.0205390552239455,-0.0013597454437968,0.0133426929059883,0.0034785970330539,0.0040249034269534,-0.001187648456057
2025-12-31,681.9199829101562,99.8499984741211,50.790000915527344,72.3499984741211,60.06999969482422,54.709999084472656,3.364,-0.0074089558858178,-0.0197329876711801,-0.012059889782629,-0.0076807730059038,-0.0084186550151114,-0.0030977037232848,0.0
2026-01-02,683.1699829101562,101.22000122070312,51.93000030517578,72.70999908447266,62.2400016784668,56.2400016784668,,0.0018330596423725,0.0137206085880623,0.0224453508387301,0.0049758205659165,0.0361245545974182,0.0279656848765763,
2026-01-05,687.719970703125,103.52999877929688,54.40999984741211,74.87000274658203,62.66999816894531,56.86000061035156,3.364,0.0066601108169108,0.0228215523684589,0.0477565863212434,0.0297071061656861,0.0069086837866729,0.011024162755709,0.0
2026-01-06,691.8099975585938,109.1999969482422,56.150001525878906,76.70999908447266,62.709999084472656,57.27999877929688,3.363,0.0059472271123479,0.0547667172394399,0.0319794464867941,0.0245758818003332,0.0006382785494825,0.0073865312071215,-0.0002972651605231
2026-01-07,689.5800170898438,108.01000213623048,55.5,75.41999816894531,61.880001068115234,56.84999847412109,3.363,-0.0032234001772446,-0.0108973886929295,-0.0115761622122009,-0.0168165940675713,-0.0132354971850563,-0.0075069887279956,0.0
2026-01-08,689.510009765625,106.88999938964844,54.220001220703125,76.55000305175781,62.27999877929688,56.869998931884766,3.364,-0.000101521683465,-0.0103694354636656,-0.0230630410684121,0.0149828282981554,0.006464087011591,0.0003518110518996,0.000297353553375
2026-01-09,694.0700073242188,108.98999786376952,56.52999877929688,78.19000244140625,62.220001220703125,57.13999938964844,3.362,0.0066133884845902,0.0196463512593532,0.0426041591034067,0.0214238971164975,-0.0009633519551978,0.0047476782633153,-0.0005945303210462
2026-01-12,695.1599731445312,112.95999908447266,58.709999084472656,80.55000305175781,64.26000213623047,57.93999862670898,3.36,0.0015703975230316,0.0364253720388669,0.0385636007827787,0.0301828947008933,0.0327868993170086,0.0140006868324447,-0.0005948839976205
2026-01-13,693.77001953125,114.62999725341795,59.34000015258789,80.98999786376953,63.52000045776367,57.5099983215332,3.36,-0.001999473023445,0.0147839782443381,0.0107307286312299,0.0054623810719038,-0.0115157431351776,-0.0074214759297139,0.0
2026-01-14,690.3599853515625,114.1500015258789,60.34999847412109,82.26000213623047,63.54999923706055,57.75,3.361,-0.0049152227448391,-0.0041873483297562,0.0170205311583431,0.0156810014317714,0.0004722729704138,0.004173216579228,0.0002976190476191
2026-01-15,692.239990234375,114.20999908447266,59.959999084472656,83.01000213623047,63.59000015258789,58.09000015258789,3.361,0.002723224002989,0.0005256027839837,-0.0064622932810126,0.0091174322942264,0.0006294400630617,0.0058874485296604,0.0
2026-01-16,691.6599731445312,114.12000274658205,58.709999084472656,82.62999725341797,62.52000045776367,57.869998931884766,3.359,-0.0008378844014015,-0.0007879900062345,-0.0208472318059741,-0.0045778204196268,-0.0168265402147616,-0.0037872477212125,-0.0005950609937519
2026-01-19,,,,,,,3.358,,,,,,,-0.0002977076510866
2026-01-20,677.5800170898438,118.94000244140624,60.06999969482422,84.77999877929688,61.650001525878906,57.310001373291016,3.358,-0.0203567599707628,0.042236238861014,0.0231647186434933,0.0260196248014514,-0.0139155298386874,-0.0096768199227528,0.0
2026-01-21,685.4000244140625,118.91000366210938,60.58000183105469,85.04000091552734,62.4900016784668,58.2599983215332,3.357,0.0115410831591598,-0.0002522177457634,0.0084901304947802,0.0030667862700413,0.0136253062740847,0.016576460050216,-0.0002977963073257
2026-01-22,688.97998046875,121.69000244140624,58.84999847412109,86.19999694824219,62.77999877929688,58.70000076293945,3.354,0.0052231630101675,0.0233790151684498,-0.0285573341803161,0.0136405929001235,0.0046406960000131,0.0075523936505783,-0.000893655049151
2026-01-23,689.22998046875,124.30999755859376,60.40999984741211,88.37999725341797,62.7400016784668,59.06999969482422,3.353,0.0003628552455616,0.0215300769547526,0.02650809539064,0.0252900276375269,-0.0006370994203215,0.0063032185191786,-0.0002981514609421
2026-01-26,692.72998046875,125.91999816894533,61.16999816894531,90.43000030517578,62.65999984741211,59.16999816894531,3.351,0.0050781308114595,0.0129514974014273,0.012580670807033,0.0231953283035266,-0.0012751327528597,0.0016928808978791,-0.0005964807634954
2026-01-27,695.489990234375,127.0,62.869998931884766,91.61000061035156,63.290000915527344,60.34000015258789,3.347,0.0039842504921721,0.0085768888719777,0.027791414317918,0.0130487703327835,0.0100542781622947,0.0197735680217856,-0.0011936735302894
2026-01-28,695.4199829101562,131.9499969482422,63.630001068115234,92.06999969482422,63.90999984741211,60.75,3.346,-0.000100658996106,0.0389763539231668,0.0120884706400883,0.005021275858617,0.0097961593129423,0.0067948267546453,-0.000298775022408
2026-01-29,694.0399780273438,126.93000030517578,65.12999725341797,92.56999969482422,64.2300033569336,60.43999862670898,3.346,-0.0019844193677575,-0.0380446893457339,0.023573725603069,0.0054306506099413,0.0050070960770693,-0.0051029032640496,0.0
2026-01-30,691.969970703125,112.3499984741211,60.22999954223633,86.5999984741211,62.400001525878906,59.09999847412109,3.37,-0.0029825476770117,-0.1148664759788877,-0.0752341151208092,-0.0644917493830015,-0.0284913861966525,-0.0221707508774782,0.0071727435744173
2026-02-02,695.4099731445312,112.8499984741211,60.7599983215332,87.4000015258789,61.61000061035156,59.27999877929688,3.367,0.0049713175239538,0.0044503783425966,0.0087995813269965,0.0092379106911517,-0.012660270772585,0.0030456905215421,-0.0008902077151335
2026-02-03,689.530029296875,117.13999938964844,64.66999816894531,91.33000183105467,61.06999969482422,59.59999847412109,3.362,-0.0084553631307128,0.0380150728713668,0.0643515463368011,0.0449656777638856,-0.0087648256805342,0.0053981056243876,-0.0014850014850014
2026-02-04,686.1900024414062,116.8499984741211,61.86000061035156,88.37999725341797,60.310001373291016,58.79999923706055,3.362,-0.0048439179057576,-0.0024756779668634,-0.0434513319646747,-0.0323004983958473,-0.0124447081272478,-0.0134228063345993,0.0
2026-02-05,677.6199951171875,108.52999877929688,59.220001220703125,85.16999816894531,60.09999847412109,58.52999877929688,3.367,-0.0124892628772314,-0.0712023945525927,-0.0426770023213782,-0.0363204252571812,-0.0034820576088218,-0.0045918445793702,0.001487209994051
2026-02-06,690.6199951171875,115.31999969482422,60.66999816894531,88.1500015258789,61.66999816894531,60.06999969482422,3.359,0.0191847939754963,0.0625633556795228,0.0244849192562204,0.0349888860044635,0.0261231237052403,0.0263113095446034,-0.0023760023760023
2026-02-09,693.9500122070312,120.7300033569336,63.61000061035156,91.08000183105467,61.970001220703125,60.5099983215332,3.357,0.0048217791453875,0.0469129697921095,0.0484589175892067,0.0332388003908949,0.0048646515431369,0.0073247649233281,-0.0005954153021732
2026-02-10,692.1199951171875,121.52999877929688,63.2599983215332,89.43000030517578,61.9900016784668,60.59999847412109,3.358,-0.0026371021797716,0.0066263182317498,-0.0055023154450559,-0.0181159584179577,0.0003227441886348,0.001487360024531,0.0002978850163837
2026-02-11,691.9600219726562,124.5999984741211,65.45999908447266,90.05000305175781,61.93000030517578,61.560001373291016,3.355,-0.0002311349847712,0.0252612501082918,0.0347771233213989,0.0069328272891233,-0.0009679201752926,0.0158416323983883,-0.0008933889219774
2026-02-12,681.27001953125,118.12000274658205,62.040000915527344,87.02999877929688,60.58000183105469,60.86000061035156,3.354,-0.0154488729145521,-0.0520063868932143,-0.052245618954745,-0.0335369702400247,-0.021798780356348,-0.0113710322827114,-0.0002980625931445
2026-02-13,681.75,125.8000030517578,62.84000015258789,86.66999816894531,60.34999847412109,61.119998931884766,3.352,0.0007045377823615,0.0650186261987537,0.012894894024096,-0.0041365117247043,-0.0037966878504729,0.0042720722794238,-0.0005963029218843
2026-02-16,,,,,,,3.348,,,,,,,-0.0011933174224343
2026-02-17,682.8499755859375,122.30999755859376,61.09000015258789,84.91000366210938,60.61000061035156,60.869998931884766,3.346,0.0016134588719287,-0.027742491323535,-0.0278485040698703,-0.0203068483214363,0.0043082376603864,-0.0040903142076067,-0.0005973715651134
2026-02-18,686.2899780273438,124.69000244140624,62.54999923706055,86.56999969482422,60.95000076293945,61.18999862670898,3.353,0.0050377133549055,0.0194587926606109,0.0238991501199203,0.0195500643165749,0.0056096378347474,0.0052571003850732,0.0020920502092049
2026-02-19,684.47998046875,125.4000015258789,62.56999969482422,88.12999725341797,60.720001220703125,61.040000915527344,3.36,-0.0026373655692836,0.0056941139672066,0.0003197515269004,0.0180200712035698,-0.0037735773479461,-0.0024513435945097,0.0020876826722338
2026-02-20,689.4299926757812,122.12999725341795,64.33999633789062,89.66000366210938,61.0099983215332,62.34000015258789,3.363,0.0072317852213024,-0.0260765887772824,0.0282882635719881,0.0173607903820973,0.0047759732378134,0.0212974970111747,0.0008928571428572
2026-02-23,682.3900146484375,124.25,65.55000305175781,90.66000366210938,60.7599983215332,61.650001525878906,3.36,-0.0102113022382744,0.0173585752416178,0.0188064467320243,0.0111532451389202,-0.0040976890161913,-0.0110683128812976,-0.0008920606601249
2026-02-24,687.3499755859375,124.08999633789062,67.87999725341797,92.18000030517578,60.43000030517578,62.619998931884766,3.358,0.00726851335897,-0.0012877558318662,0.0355452950905343,0.0167659009669958,-0.0054311722428154,0.0157339396917723,-0.0005952380952379
2026-02-25,693.1500244140625,124.8499984741211,68.81999969482422,93.37000274658205,60.66999816894531,63.310001373291016,3.356,0.0084382760371537,0.0061246043892291,0.0138480035274148,0.0129095512851655,0.0039715019453503,0.0110188829954596,-0.0005955926146516
2026-02-26,689.2999877929688,127.47000122070312,68.37999725341797,93.45999908447266,59.22999954223633,62.709999084472656,3.356,-0.005554405951797,0.0209852044741922,-0.0063935257680528,0.0009638677866903,-0.0237349376985157,-0.0094772117485925,0.0
2026-02-27,685.989990234375,130.0,68.08000183105469,93.83999633789062,59.060001373291016,62.58000183105469,3.354,-0.0048019695592798,0.0198477975607485,-0.0043871809653851,0.0040658812020157,-0.0028701362528981,-0.0020729908358451,-0.0005959475566149
2026-03-02,686.3800048828125,128.72999572753906,68.29000091552734,93.37999725341795,58.5099983215332,61.5,3.364,0.00056854276883,-0.0097692636343148,0.0030845928146974,-0.0049019512193535,-0.0093126149503705,-0.0172579386298251,0.0029815146094214
2026-03-03,680.3300170898438,118.5199966430664,65.56999969482422,87.55000305175781,56.900001525878906,58.41999816894531,3.42,-0.0088143415453975,-0.0793132869054267,-0.0398301535252237,-0.0624330089220126,-0.0275166098417366,-0.050081330586255,0.0166468489892985
2026-03-04,685.1300048828125,119.37000274658205,65.93000030517578,88.66999816894531,57.130001068115234,59.04999923706055,3.413,0.0070553814654554,0.007171837053586,0.0054903250271018,0.0127926336738719,0.0040421711084088,0.0107839967110805,-0.002046783625731
2026-03-05,681.3099975585938,116.08999633789062,62.65999984741211,84.72000122070312,56.18000030517578,57.630001068115234,3.45,-0.005575594846225,-0.0274776437398157,-0.0495980652605421,-0.0445471639766604,-0.0166287545103802,-0.0240473867449959,0.0108409024318782
2026-03-06,672.3800048828125,116.29000091552734,59.36000061035156,83.19000244140625,56.720001220703125,57.31999969482422,3.481,-0.0131070917904932,0.0017228407610125,-0.0526651650988926,-0.0180594754160955,0.0096119777962619,-0.0053791665373147,0.0089855072463767
2026-03-09,678.27001953125,116.95999908447266,60.4900016784668,83.97000122070312,57.66999816894531,58.45000076293945,3.4905,0.0087599491443295,0.0057614426319594,0.0190364059382806,0.0093761119894937,0.0167488880077004,0.0197139056896622,0.0027291008330938
2026-03-10,677.1799926757812,118.9000015258789,62.400001525878906,86.87000274658203,58.70000076293945,58.68000030517578,3.429,-0.0016070691967515,0.0165868883087552,0.0315754636206602,0.0345361615305526,0.0178602848395577,0.0039349792854435,-0.0176192522561238
2026-03-11,676.3300170898438,116.20999908447266,61.540000915527344,84.66999816894531,58.310001373291016,58.83000183105469,3.422,-0.0012551693717042,-0.0226240740696774,-0.013782060726311,-0.0253252504671214,-0.0066439418156646,0.0025562632089093,-0.0020414114902302
2026-03-12,666.0599975585938,114.4800033569336,59.209999084472656,81.94999694824219,57.68000030517578,56.95000076293945,3.4485,-0.0151849234423167,-0.014886806136893,-0.0378615826517935,-0.0321247346111405,-0.0108043397921064,-0.0319565019480049,0.0077440093512566
2026-03-13,662.2899780273438,109.58000183105467,56.380001068115234,80.06999969482422,57.77999877929688,56.79999923706055,3.453,-0.0056601800814773,-0.04280224827214,-0.0477959476459368,-0.0229407849106489,0.00173367672663,-0.0026339161346687,0.0013049151805131
2026-03-16,669.030029296875,110.19000244140624,57.93000030517578,81.45999908447266,58.70000076293945,58.380001068115234,3.42,0.0101768885128032,0.0055667147304125,0.0274920043933295,0.0173598026095445,0.0159224991879407,0.0278169340189669,-0.0095569070373587
2026-03-17,670.7899780273438,111.04000091552734,58.09000015258789,81.80999755859375,58.43999862670898,58.75,3.418,0.0026305975119209,0.0077139346155572,0.0027619514339587,0.0042965685987566,-0.0044293378679923,0.0063377685014611,-0.0005847953216373
2026-03-18,661.4299926757812,106.54000091552734,55.45000076293945,78.25,57.22999954223633,57.560001373291016,3.4425,-0.0139536750073223,-0.0405259362652863,-0.0454467099795803,-0.0435154341135876,-0.0207049813981283,-0.0202552957737699,0.0071679344645991
2026-03-19,659.7999877929688,99.1999969482422,53.619998931884766,76.62999725341797,56.810001373291016,57.619998931884766,3.456,-0.0024643649378801,-0.0688943486409845,-0.0330027377074048,-0.0207029104994508,-0.0073387763813513,0.0010423481091434,0.0039215686274509
2026-03-20,648.5700073242188,95.8000030517578,52.09000015258789,74.2699966430664,55.209999084472656,55.63999938964844,3.485,-0.0170202798977221,-0.0342741330754106,-0.0285341068589068,-0.0307973469259951,-0.0281640952321925,-0.0343630610715035,0.0083912037037037
2026-03-23,655.3800048828125,98.13999938964844,54.93999862670898,76.94999694824219,55.59000015258789,57.310001373291016,3.461,0.0105000192449378,0.0244258482604264,0.0547129672830208,0.0360845620884511,0.0068828305454926,0.0300144141258433,-0.006886657101865
2026-03-24,653.1799926757812,99.0199966430664,56.47999954223633,77.04000091552734,55.63999938964844,56.52000045776367,3.459,-0.0033568497522664,0.008966754217351,0.0280305961780398,0.0011696422463238,0.0008994286188757,-0.013784695456237,-0.0005778676683039
2026-03-25,656.8200073242188,101.5199966430664,57.09000015258789,78.97000122070312,56.650001525878906,57.41999816894531,3.453,0.0055727589473859,0.0252474256186017,0.0108002941801619,0.0250519247435105,0.0181524469322402,0.0159235262542891,-0.0017346053772767
2026-03-26,645.0900268554688,99.36000061035156,55.83000183105469,76.70999908447266,55.040000915527344,55.470001220703125,3.485,-0.0178587441581387,-0.0212765573693738,-0.0220703856746458,-0.0286184893161427,-0.0284201335743314,-0.0339602405159394,0.0092673037938024
2026-03-27,634.0900268554688,102.0999984741211,56.2400016784668,76.68000030517578,54.81999969482422,55.20000076293945,3.486,-0.0170518835233279,0.0275764678637095,0.0073437190393221,-0.0003910673921901,-0.0039971151352408,-0.0048675040890913,0.0002869440459112
2026-03-30,631.969970703125,103.12000274658205,54.650001525878906,76.1500015258789,54.95000076293945,54.75,3.502,-0.0033434623831846,0.0099902476758555,-0.0282716946147721,-0.0069118254719294,0.0023714167974997,-0.0081521876217359,0.0045897877223177
2026-03-31,650.3400268554688,108.25,58.77999877929688,80.70999908447266,56.18000030517578,56.790000915527344,3.4775,0.0290679256989148,0.0497478386033887,0.0755717683093248,0.0598817789523493,0.0223839767999765,0.0372602906945633,-0.0069960022844088
2026-04-01,655.239990234375,113.79000091552734,61.20000076293945,82.66000366210938,56.0,57.22999954223633,3.4535,0.00753446378289,0.0511778375568345,0.0411705007468448,0.0241606318889411,-0.003203992598754,0.0077478186232724,-0.006901509705248
2026-04-02,655.8300170898438,114.0500030517578,61.380001068115234,81.55999755859375,55.84000015258789,56.59000015258789,,0.0009004744280911,0.0022849295556599,0.0029411814204549,-0.0133075980496218,-0.002857140132359,-0.0111829354318989,
2026-04-03,,,,,,,,,,,,,,
2026-04-06,658.9299926757812,112.83000183105467,61.04999923706055,81.9800033569336,55.83000183105469,57.11000061035156,3.428,0.004726797348638,-0.0106970731087965,-0.0053763738239182,0.0051496543760696,-0.0001790530355637,0.0091889106973237,-0.0073838135225133
2026-04-07,659.219970703125,114.6500015258789,60.7599983215332,81.7300033569336,55.61000061035156,57.310001373291016,3.4245,0.0004400741058487,0.0161304587901132,-0.0047502198059209,-0.0030495241493406,-0.0039405554986163,0.003502026979548,-0.0010210035005834
2026-04-08,676.010009765625,118.1500015258789,65.0999984741211,85.58000183105469,57.29999923706055,60.43999862670898,3.386,0.0254695546383276,0.030527692572337,0.0714285759130741,0.0471063051020232,0.0303901925581779,0.0546152011588798,-0.0112425171557891
2026-04-09,679.9099731445312,119.01000213623048,66.44999694824219,85.94000244140625,57.209999084472656,60.27999877929688,3.379,0.0057690911710883,0.0072788878480309,0.0207373042360017,0.0042065973667801,-0.0015706833121506,-0.0026472510100522,-0.0020673360897814
2026-04-10,679.4600219726562,120.9000015258789,67.80000305175781,85.69999694824219,57.18000030517578,60.560001373291016,3.395,-0.0006617805145495,0.015881012988177,0.0203161198723176,-0.0027927098713744,-0.0005243625201353,0.0046450331729321,0.0047351287363124
2026-04-13,686.0999755859375,116.5,68.02999877929688,87.58000183105469,57.34999847412109,61.06999969482422,3.3725,0.0097723977843517,-0.0363937259747434,0.0033922672151427,0.0219370472550648,0.0029730354676114,0.008421372357467,-0.0066273932253313
2026-04-14,694.4600219726562,119.3000030517578,68.2699966430664,87.08999633789062,58.02000045776367,62.2400016784668,3.394,0.0121848807523701,0.0240343609592945,0.0035278240199316,-0.0055949472815644,0.0116826852915246,0.0191583754624078,0.0063750926612304
2026-04-15,699.9400024414062,113.04000091552734,68.69999694824219,82.87000274658203,58.02999877929688,62.20000076293945,3.4435,0.0078909948670389,-0.0524727743176552,0.0062985253598875,-0.0484555490728914,0.0001723254300984,-0.0006426882141487,0.0145845609899821
2026-04-16,701.6599731445312,113.41000366210938,68.27999877929688,84.6500015258789,58.68999862670898,62.45000076293945,3.444,0.0024573116226043,0.0032732019071597,-0.0061135107365686,0.0214794101641355,0.0113734251472632,0.0040192925552013,0.0001452011035283
2026-04-17,710.1400146484375,116.5,70.20999908447266,85.16999816894531,59.290000915527344,63.63999938964844,3.437,0.012085685130224,0.0272462414082701,0.0282659686537805,0.0061429017565632,0.0102232459168145,0.0190552219723139,-0.0020325203252032
2026-04-20,708.719970703125,114.83999633789062,70.18000030517578,84.81999969482422,59.29999923706055,63.18000030517578,3.435,-0.0019996675529057,-0.0142489584730418,-0.0004272721790066,-0.0041094103750809,0.0001686341942792,-0.0072281440742357,-0.0005819028222285
2026-04-21,704.0800170898438,109.3000030517578,67.56999969482422,82.0199966430664,58.15999984741211,62.25,3.439,-0.0065469491549362,-0.0482409740752048,-0.0371900911798525,-0.0330111183899081,-0.019224273259956,-0.01471985281234,0.001164483260553
2026-04-22,711.2100219726562,111.8499984741211,70.36000061035156,83.37999725341797,58.29999923706055,63.380001068115234,3.45,0.0101266968380706,0.0233302410902565,0.0412905272773156,0.0165813297490122,0.0024071421942182,0.0181526276002448,0.0031986042454201
2026-04-23,708.4500122070312,111.05999755859376,61.47999954223633,81.41999816894531,57.27000045776367,62.34999847412109,3.47,-0.0038807239498251,-0.0070630391265505,-0.1262080868545186,-0.023506825965892,-0.0176672177148523,-0.0162512239923628,0.0057971014492754
2026-04-24,713.9400024414062,120.6999969482422,61.04999923706055,81.48999786376953,57.810001373291016,63.7400016784668,3.4885,0.0077492979600242,0.0867999243792752,-0.006994149453114,0.0008597358928819,0.0094290363403364,0.0222935563490451,0.0053314121037464
2026-04-27,715.1699829101562,116.08000183105467,60.56999969482422,80.5999984741211,57.119998931884766,63.63999938964844,3.507,0.001722806488702,-0.0382766796520186,-0.0078624004624875,-0.0109215782670197,-0.0119356932194268,-0.0015689094161436,0.0053031388849076
2026-04-28,711.6900024414062,109.9000015258789,58.209999084472656,78.76000213623047,56.7599983215332,62.9900016784668,3.515,-0.0048659487281461,-0.053239147206168,-0.0389631933670494,-0.0228287391156888,-0.006302531811684,-0.0102136662070327,0.0022811519817507
2026-04-29,711.5800170898438,107.61000061035156,56.93000030517578,77.55999755859375,56.83000183105469,62.68999862670898,3.524,-0.0001545410939948,-0.0208371327000218,-0.0219893282842932,-0.0152362181956404,0.0012333247285338,-0.0047627090611805,0.0025604551920341
2026-04-30,718.6599731445312,111.08999633789062,57.77999877929688,79.37000274658203,57.56999969482422,63.9900016784668,3.509,0.0099496274272041,0.0323389620648724,0.0149305896638791,0.0233368391563046,0.0130212535619727,0.0207370087770897,-0.0042565266742338
2026-05-01,720.6500244140625,108.62000274658205,56.54999923706055,78.69999694824219,57.720001220703125,64.12999725341797,,0.0027691138283709,-0.0222341675464267,-0.0212876353101801,-0.0084415493908837,0.0026055502288353,0.0021877726407104,
2026-05-04,718.010009765625,108.33000183105467,55.56999969482422,77.86000061035156,57.29999923706055,64.0999984741211,3.508,-0.0036633796697419,-0.0026698665825293,-0.0173297887790965,-0.0106733973375253,-0.0072765414892599,-0.0004677807669059,-0.000284981476204
2026-05-05,723.77001953125,109.01000213623048,57.68000030517578,78.55999755859375,57.220001220703125,65.4000015258789,3.489,0.0080221858849922,0.006277118929955,0.0379701389587749,0.0089904564956955,-0.0013961259585092,0.0202808593245544,-0.0054161915621436
2026-05-06,733.8300170898438,115.0999984741211,60.88999938964844,81.83999633789062,58.709999084472656,67.48999786376953,3.463,0.0138994394450175,0.0558663995830392,0.0556518562324732,0.0417515132539367,0.0260398083184665,0.0319571298031791,-0.0074519919747778
2026-05-07,731.5800170898438,113.48999786376952,60.61000061035156,81.83999633789062,58.33000183105469,66.58999633789062,3.46,-0.0030661051573263,-0.0139878421520009,-0.0045984362309663,0.0,-0.0064724452281327,-0.0133353319657171,-0.0008663008951775
2026-05-08,737.6199951171875,116.51000213623048,61.650001525878906,83.33000183105469,58.31999969482422,67.94000244140625,3.437,0.0082560730012422,0.0266103121799867,0.017158899604923,0.0182063240449366,-0.0001714749857104,0.0202734070845331,-0.0066473988439306
2026-05-11,739.2999877929688,120.66999816894533,64.37000274658203,83.77999877929688,58.70000076293945,67.88999938964844,3.4285,0.0022775855954315,0.0357050549861868,0.0441200511497368,0.0054001792674207,0.0065157933831223,-0.0007359883715184,-0.0024730869944717
2026-05-12,738.1799926757812,119.69000244140624,66.02999877929688,84.19999694824219,58.209999084472656,65.81999969482422,3.432,-0.0015149399914519,-0.0081212873324735,0.0257883480174776,0.0050131078427408,-0.0083475582980939,-0.0304904951161311,0.0010208546011374
2026-05-13,742.3099975585938,118.95999908447266,67.16000366210938,84.52999877929688,59.790000915527344,67.20999908447266,3.419,0.0055948480367802,-0.0060991172365542,0.0171135075526731,0.003919261793531,0.0271431344426209,0.021118191979538,-0.0037878787878787
2026-05-14,748.1699829101562,116.33000183105467,66.13999938964844,83.88999938964844,58.09999847412109,67.37999725341797,3.424,0.0078942562687227,-0.0221082487698274,-0.0151876744616142,-0.0075712693586975,-0.0282656366537595,0.0025293582987799,0.0014624159110849
2026-05-15,739.1699829101562,109.05999755859376,63.0099983215332,80.01000213623047,56.63999938964844,65.06999969482422,3.4365,-0.0120293518927245,-0.0624946630966198,-0.0473238750680289,-0.046251010628768,-0.0251290726818688,-0.0342831352442147,0.0036507009345794
2026-05-18,738.6500244140625,109.8499984741211,60.5,80.22000122070312,56.36000061035156,64.97000122070312,3.423,-0.0007034356211904,0.0072437276106016,-0.0398349212568607,0.0026246604032718,-0.0049434813261676,-0.0015367830734606,-0.0039284155390659
2026-05-19,733.72998046875,105.08999633789062,58.70000076293945,79.30999755859375,56.58000183105469,64.26000213623047,3.428,-0.0066608593822431,-0.0433318361615803,-0.0297520535051329,-0.0113438500157304,0.0039034992604793,-0.0109281063742139,0.0014607069821792
2026-05-20,741.25,107.38999938964844,60.869998931884766,82.02999877929688,56.619998931884766,65.45999908447266,3.415,0.0102490285683103,0.0218860322762095,0.0369676003533436,0.0342958177333645,0.0007069123283083,0.0186740882096176,-0.0037922987164527
2026-05-21,742.719970703125,108.33000183105467,62.310001373291016,83.51000213623047,55.959999084472656,66.02999877929688,3.4105,0.0019830970699832,0.0087531655344887,0.0236570144024095,0.0180422208820894,-0.0116566559495365,0.0087076031591242,-0.0013177159590044
2026-05-22,745.6400146484375,107.63999938964844,61.9900016784668,82.5999984741211,55.540000915527344,65.87999725341797,3.424,0.0039315543683955,-0.0063694491806834,-0.0051356072503857,-0.0108969421486169,-0.0075053283741358,-0.0022717178351052,0.0039583638762645
2026-05-25,,,,,,,3.417,,,,,,,-0.0020443925233645
2026-05-26,750.5900268554688,111.61000061035156,64.36000061035156,86.01000213623047,56.09999847412109,68.4000015258789,3.426,0.0066386085909901,0.0368822114754203,0.0382319546332263,0.0412833380763044,0.0100827790666671,0.0382514325671166,0.0026338893766462
2026-05-27,750.4600219726562,107.2300033569336,63.630001068115234,84.68000030517578,55.459999084472656,68.38999938964844,3.42,-0.0001732035840619,-0.0392437705354848,-0.0113424415058025,-0.0154633391236068,-0.0114081890740811,-0.0001462300585868,-0.0017513134851139
2026-05-28,754.5999755859375,108.2300033569336,65.87000274658203,85.08999633789062,54.9900016784668,68.61000061035156,3.415,0.0055165545026623,0.0093257480993573,0.0352035461396409,0.0048417103358204,-0.00847452963874,0.0032168624457749,-0.0014619883040934
2026-05-29,756.47998046875,109.80999755859376,65.70999908447266,85.7699966430664,55.09999847412109,68.5999984741211,3.415,0.0024913927161906,0.0145984861189505,-0.0024290823658372,0.0079915423015828,0.0020003053700099,-0.0001457824827502,0.0
2026-06-01,758.5399780273438,108.19000244140624,67.04000091552734,85.87999725341797,55.400001525878906,70.08000183105469,3.424,0.0027231355908681,-0.0147527106202063,0.0202404786118612,0.0012825068748612,0.0054447016345875,0.0215743934380976,0.002635431918008857
2026-06-02,759.5700073242188,109.5,71.72000122070312,86.18000030517578,57.18999862670898,70.80000305175781,3.414,0.0013579103629497,0.0121083051024351,0.0698090728112121,0.0034932820371726,0.0323104160925684,0.0102739897530093,-0.0029205607476634476
2026-06-03,754.239990234375,107.47000122070312,70.63999938964844,83.95999908447266,55.97999954223633,69.91999816894531,3.422,-0.007017150543661,-0.0185388016374143,-0.0150585863451285,-0.0257600512049406,-0.0211575295248837,-0.0124294469615937,0.0023432923257176164
2026-06-04,757.0900268554688,108.33000183105467,69.69000244140625,83.81999969482422,55.72999954223633,69.0999984741211,3.418,0.003778686701839,0.0080022387697329,-0.0134484280358219,-0.0016674534442,-0.0044658807081872,-0.011727684729666,-0.0011689070718877703
2026-06-05,737.5499877929688,99.70999908447266,63.369998931884766,78.55999755859375,54.43999862670898,64.58999633789062,3.443,-0.0258093996346227,-0.0795717031374678,-0.090687376784571,-0.0627535451608366,-0.0231473340413305,-0.0652677602868475,0.007314218841427689
2026-06-08,739.219970703125,98.98999786376952,63.90999984741211,78.18000030517578,53.93000030517578,65.75,3.498,0.002264230137341,-0.0072209530369482,0.0085213969485431,-0.0048370323985122,-0.0093680810874046,0.0179594941613099,0.015974440894568787
2026-06-09,737.0499877929688,98.54000091552734,64.25,82.5,54.29999923706055,65.81999969482422,3.375,-0.0029355036337724,-0.0045458829978103,0.0053199836238406,0.0552570948831043,0.0068607255663089,0.0010646341418132,-0.03516295025728999
2026-06-10,725.4299926757812,92.7699966430664,62.08000183105469,81.19000244140625,54.11000061035156,64.66000366210938,3.402,-0.0157655454984573,-0.0585549443764185,-0.0337742905672422,-0.0158787582859848,-0.0034990539480396,-0.0176237623532845,0.008000000000000007
2026-06-11,737.760009765625,97.58999633789062,66.33999633789062,85.73999786376953,54.34000015258789,67.5,3.394,0.016996839411566,0.0519564500295199,0.0686210435113894,0.0560413263399881,0.0042505921205318,0.0439219946960018,-0.0023515579071134995
2026-06-12,741.75,100.2300033569336,68.41000366210938,87.55999755859375,54.83000183105469,67.87999725341797,3.389,0.0054082495412601,0.0270520249831995,0.0312030063082238,0.0212269622133181,0.0090173293538988,0.0056295889395254,-0.0014731879787861502
2026-06-15,754.8300170898438,105.8000030517578,70.12999725341797,87.52999877929688,54.93000030517578,69.75,3.387,0.0176339967507161,0.055572179070858,0.025142427996408,-0.0003426082701384,0.0018237911869711,0.0275486567802987,-0.0005901445854233911
2026-06-16,750.3300170898438,108.44000244140624,70.1500015258789,88.11000061035156,54.130001068115234,68.63999938964844,3.382,-0.0059616071143397,0.0249527345321241,0.0002852455902522,0.0066263205660168,-0.014563976563189,-0.0159139872451836,-0.0014762326542663295
2026-06-17,740.9600219726562,105.66999816894533,69.05999755859375,88.87999725341797,53.0,68.55999755859375,3.384,-0.0124878318923306,-0.0255441184996068,-0.0155381887893907,0.0087390379949212,-0.020875689004574,-0.0011655278520698,0.0005913660555882938
2026-06-18,746.739990234375,103.79000091552734,68.68000030517578,87.83000183105469,52.77000045776367,70.79000091552734,3.388,0.0078006479301417,-0.0177912111857163,-0.0055024220511383,-0.0118136302296397,-0.004339614004459,0.0325263044974257,0.0011820330969267712
2026-06-19,,,,,,,3.386,,,,,,,-0.0005903187721368885
2026-06-22,744.3900146484375,101.8000030517578,69.20999908447266,87.61000061035156,52.86000061035156,71.20999908447266,3.387,-0.0031469796939627,-0.0191733100126779,0.0077169303573363,-0.0025048527395719,0.0017055173736435,0.0059330154472874,0.0002953337271116574
2026-06-23,733.5800170898438,97.83999633789062,64.4000015258789,84.37000274658203,51.810001373291016,67.16999816894531,3.41,-0.0145219540104916,-0.0388998683217506,-0.0694985930099929,-0.0369820550302189,-0.0198637764838566,-0.056733618416915,0.006790670209624983
2026-06-24,733.239990234375,94.04000091552734,61.84000015258789,82.93000030517578,51.43000030517578,67.25,3.425,-0.0004635170636431,-0.0388388753535925,-0.0397515731775609,-0.0170677064659048,-0.007334511832519,0.001191035182902,0.004398826979472137
2026-06-25,734.2999877929688,95.3499984741211,62.79999923706055,82.80999755859375,50.77999877929688,67.95999908447266,3.415,0.0014456352254532,0.0139302163530439,0.0155239178865442,-0.0014470366108818,-0.0126385674124426,0.0105576072040542,-0.0029197080291970545
2026-06-26,728.989990234375,96.12999725341795,62.45000076293945,83.4000015258789,50.47999954223633,67.19000244140625,3.415,-0.0072313736168696,0.0081803753726181,-0.005573224177916,0.0071247915068188,-0.0059078228490004,-0.011330144988809,0.0
2026-06-29,741.0,94.51000213623048,61.619998931884766,82.45999908447266,50.790000915527344,67.43000030517578,3.415,0.0164748623801593,-0.0168521290281208,-0.0132906616639666,-0.011271012280672,0.0061410732191398,0.0035719281894479,0.0
2026-06-30,746.77001953125,93.4000015258789,62.88999938964844,83.5,51.02999877929688,68.41000366210938,3.415,0.007786800986842,-0.0117447951038194,0.020610199282339,0.0126121868430044,0.0047252974885487,0.0145336401082349,0.0
2026-07-01,745.760009765625,93.3000030517578,60.52999877929688,82.76000213623047,51.52999877929688,66.4800033569336,3.416,-0.0013525044380584,-0.0010706474570386,-0.0375258488353557,-0.0088622498655033,0.0097981581806905,-0.0282122526218305,0.0002928257686676261
2026-07-02,744.780029296875,97.04000091552734,60.970001220703125,84.12999725341797,50.90999984741211,65.69999694824219,3.409,-0.0013140694806872,0.0400857207013678,0.0072691632294688,0.0165538313415261,-0.0120318056777029,-0.0117329477933917,-0.002049180327868938
2026-07-03,,,,,,,3.403,,,,,,,-0.001760046934584869
2026-07-06,751.280029296875,98.1999969482422,61.0,85.27999877929688,52.02000045776367,67.56999969482422,3.411,0.0087274090930398,0.0119537924749673,0.0004920252369404,0.013669339871899,0.0218031941402172,0.0284627524116203,0.0023508668821627943
2026-07-07,747.7100219726562,95.05999755859376,59.33000183105469,83.44999694824219,51.77999877929688,65.72000122070312,3.409,-0.0047518996712316,-0.0319755548597768,-0.0273770191630379,-0.02145874598088,-0.004613642375141,-0.0273789918969439,-0.0005863383172091119
2026-07-08,745.4000244140625,93.1999969482422,57.5,82.41999816894531,52.84999847412109,66.2300033569336,3.412,-0.0030894297130047,-0.0195665964456298,-0.0308444593726073,-0.0123427060151446,0.0206643437630213,0.0077602271265602,0.0008800234672925455
2026-07-09,751.7100219726562,94.80999755859376,60.52999877929688,85.62999725341797,53.18999862670898,66.77999877929688,3.406,0.0084652500025792,0.0172746852260698,0.0526956309442934,0.038946847316021,0.0064333048704698,0.0083043242410723,-0.0017584994138334364
2026-07-10,754.9500122070312,95.29000091552734,61.52000045776367,86.36000061035156,53.130001068115234,66.9000015258789,3.397,0.0043101596888019,0.00506279263046,0.0163555542447062,0.008525089108355,-0.0011279857142847,0.001796986354831,-0.00264239577216685
2026-07-13,749.1699829101562,93.0999984741211,59.970001220703125,85.20999908447266,52.52999877929688,64.5,3.406,-0.0076561748505409,-0.0229824999513604,-0.0251950459285951,-0.0133163677368137,-0.0112930976238665,-0.0358744614520003,0.00264939652634677
2026-07-14,751.8300170898438,94.75,61.95000076293945,86.76000213623047,53.22999954223633,65.66999816894531,3.397,0.0035506416973014,0.0177228953052834,0.0330164999488575,0.0181903892549186,0.0133257334705161,0.018139506495276,-0.00264239577216685
2026-07-15,754.8099975585938,95.20999908447266,60.970001220703125,86.69999694824219,54.150001525878906,65.56999969482422,3.391,0.003963635929681,0.0048548716039329,-0.0158192014554839,-0.0006916227122039,0.0172835241697228,-0.0015227421487638,-0.0017662643508977727
2026-07-16,750.719970703125,90.83000183105467,58.560001373291016,84.52999877929688,54.13999938964844,64.19000244140625,3.396,-0.005418617756386,-0.0460035426482036,-0.0395276332484927,-0.0250288148249964,-0.0001847116518673,-0.0210461683672525,0.0014744913005013682
2026-07-17,743.2899780273438,89.69999694824219,58.380001068115234,84.51000213623047,52.95000076293945,63.290000915527344,3.408,-0.0098971560178722,-0.0124408770233686,-0.0030737756310551,-0.0002365626801748,-0.0219800266000097,-0.014020898763798,0.0035335689045936647
2026-07-20,742.0900268554688,89.19999694824219,58.790000915527344,84.5199966430664,54.08000183105469,63.560001373291016,3.408,-0.001614378247181,-0.0055741361985609,0.0070229503239258,0.0001182641886556,0.0213409074944932,0.0042660839604669,0.0
2026-07-21,748.280029296875,92.48999786376952,62.560001373291016,87.12999725341797,54.0,65.33999633789062,3.403,0.0083413092985977,0.0368834195973835,0.0641265589225048,0.0308802734739066,-0.0014793237490008,0.0280049547850953,-0.001467136150234749
2026-07-22,747.4099731445312,95.75,65.0,88.16000366210938,53.56999969482422,64.98999786376953,3.404,-0.0011627413779321,0.035247077646517,0.0390025347370068,0.0118214902003912,-0.0079629686143662,-0.0053565732130004,0.00029385836027029377
2026-07-23,738.1799926757812,94.72000122070312,63.5,85.68000030517578,53.34999847412109,64.5999984741211,3.404,-0.0123492872725757,-0.0107571674078003,-0.0230769230769231,-0.028130708415561,-0.0041067989911596,-0.0060009140247387,0.0
2026-07-24,738.9299926757812,93.19000244140624,62.59999847412109,85.5,53.33000183105469,63.33000183105469,3.411,0.001016012364791,-0.016152858525961,-0.0141732523760457,-0.0021008438904605,-0.0003748199369885,-0.0196593912239049,0.002056404230317277
2026-07-25,,,,,,,3.411,,,,,,,0.0
2026-07-27,739.0900268554688,93.47000122070312,62.720001220703125,85.47000122070312,54.2599983215332,63.619998931884766,3.411,0.0002165755636849,0.003004601051201,0.0019169768291869,-0.0003508629157529,0.017438523505487,0.0045791424671628,0.0
2026-07-28,740.8599853515625,91.5199966430664,61.63999938964844,84.83999633789062,54.40999984741211,62.36000061035156,3.411,0.002394780651586,-0.0208623574641058,-0.0172194166140766,-0.0073710643946954,0.0027644955864176,-0.0198050666879486,0.0
2026-07-29,729.4600219726562,91.33999633789062,59.9900016784668,83.3499984741211,55.06999969482422,61.06999969482422,3.411,-0.015387473482586,-0.00196678662345,-0.0267682953848104,-0.0175624461113287,0.0121301203687376,-0.0206863518746215,0.0
2026-07-30,741.6900024414062,95.76000213623048,63.43999862670898,86.83999633789062,55.5,63.59000015258789,3.399,0.0167657994960119,0.048390693842258,0.0575095324506476,0.0418716008117638,0.0078082496378912,0.0412641308393071,-0.0035180299032542273
2026-07-31,747.030029296875,93.70999908447266,62.630001068115234,85.9800033569336,55.79999923706055,64.08999633789062,3.4,0.0071998096750542,-0.021407717272619,-0.0127679315278662,-0.0099031899726347,0.0054053916587486,0.0078628115128631,0.0002942041776992088
2026-08-01,,,,,,,3.4,,,,,,,0.0
2026-08-03,757.6699829101562,95.37000274658205,63.63999938964844,86.5999984741211,55.900001525878906,64.31999969482422,3.402,0.0142430065673475,0.0177142639881258,0.0161264298947521,0.0072109222258771,0.0017921557380944,0.0035887559693557,0.0005882352941177782
2026-08-04,771.3300170898438,97.7300033569336,67.30000305175781,88.4800033569336,56.09000015258789,66.0,3.394,0.0180290027159586,0.0247457328550422,0.0575110574671799,0.021709063694433,0.0033989019950388,0.0261194078536504,-0.0023515579071134995
2026-08-05,769.7899780273438,104.29000091552734,69.38999938964844,89.9000015258789,56.0099983215332,65.72000122070312,3.394,-0.0019966020100066,0.0671236808888162,0.0310549218888338,0.0160488032896761,-0.0014263118352121,-0.0042424057469223,0.0
2026-08-06,768.5599975585938,105.43000030517578,68.18000030517578,89.44000244140625,55.90999984741211,65.0199966430664,3.394,-0.001597813044932,0.010931051679363,-0.0174376580936123,-0.0051167861698004,-0.0017853682756253,-0.0106513171733813,0.0
2026-08-07,773.260009765625,112.9800033569336,69.62000274658203,90.73999786376952,56.56999969482422,65.63999938964844,3.391,0.0061153484724176,0.0716115245177246,0.021120598928729,0.0145348321430887,0.0118046834057119,0.0095355702644157,-0.0008839127872717345
2026-08-10,773.030029296875,117.26000213623048,70.51000213623047,90.6999969482422,56.93000030517578,65.16999816894531,3.387,-0.0002974167367322,0.0378827991868191,0.0127836735785267,-0.0004408300250061,0.0063638078892283,-0.0071602867927089,-0.0011795930404010502
2026-08-11,770.5599975585938,117.20999908447266,68.87000274658203,89.81999969482422,55.619998931884766,65.43000030517578,3.372,-0.0031952597501651,-0.000426428883224,-0.0232591028217505,-0.0097022853696471,-0.0230107389121498,0.0039895986425602,-0.004428697962798989
2026-08-12,772.489990234375,117.83999633789062,69.22000122070312,89.44999694824219,55.08000183105469,66.45999908447266,3.365,0.0025046624297864,0.0053749446151256,0.0050820162648892,-0.0041193804034643,-0.0097086859259272,0.0157419956364481,-0.0020759193357057226
2026-08-13,777.8800048828125,114.19000244140624,66.83000183105469,88.08000183105469,54.41999816894531,66.68000030517578,3.371,0.0069774556519524,-0.030974151475858,-0.0345275837547025,-0.0153157648287032,-0.0119826368948531,0.0033102802247031,0.0017830609212481363
2026-08-14,776.3400268554688,117.76000213623048,66.48999786376953,88.69000244140625,54.630001068115234,66.61000061035156,3.368,-0.0019797115463531,0.0312636799938426,-0.0050875947623745,0.0069255290380396,0.0038589288172699,-0.0010497854604656,-0.000889943636902979
2026-08-15,,,,,,,3.368,,,,,,,0.0
2026-08-17,772.6699829101562,120.33000183105467,68.37999725341797,89.19000244140625,55.060001373291016,67.31999969482422,3.37,-0.0047273666413644,0.0218240459256371,0.0284253188505259,0.0056376140064977,0.0078711385093994,0.0106590463589084,0.000593824228028561
2026-08-18,767.4500122070312,115.9800033569336,66.31999969482422,87.48999786376953,54.900001525878906,65.33999633789062,3.362,-0.0067557570742746,-0.0361505726579192,-0.0301257332748836,-0.0190604835867511,-0.0029059179698771,-0.029411814704536,-0.002373887240356032
2026-08-19,769.0599975585938,125.08000183105467,69.08999633789062,89.98999786376953,55.38999938964844,66.11000061035156,3.361,0.0020978374173614,0.0784617883318683,0.0417671389597817,0.0285746949484755,0.0089252796020151,0.0117845778331397,-0.0002974419988102106
2026-08-20,762.5999755859375,127.63999938964844,71.22000122070312,90.72000122070312,55.5099983215332,66.62000274658203,3.361,-0.0083998933674405,0.0204668813648687,0.03082942532513,0.0081120499418023,0.0021664367793292,0.0077144476103758,0.0
2026-08-21,765.719970703125,131.5800018310547,76.66000366210938,94.0,55.65999984741211,67.12000274658203,3.352,0.0040912604472485,0.0308680857117411,0.0763830714429261,0.0361551888796529,0.0027022433870389,0.0075052533681507,-0.002677774471883443
2026-08-24,763.469970703125,131.83999633789062,77.80000305175781,94.27999877929688,54.93000030517578,66.11000061035156,3.356,-0.0029384110198065,0.0019759424169165,0.0148708496633154,0.0029787104180518,-0.0131153349665391,-0.0150477070158031,0.0011933174224343368
2026-08-25,765.9099731445312,135.13999938964844,79.91000366210938,94.97000122070312,55.119998931884766,67.25,3.35,0.0031959376727799,0.0250303636485265,0.0271208294034108,0.0073186513612659,0.0034589227317205,0.0172439779023376,-0.0017878426698449967
2026-08-26,766.0800170898438,131.60000610351562,79.0,94.29000091552734,55.09999847412109,67.16999816894531,3.35,0.0002220155779071,-0.0261950074154282,-0.0113878565937404,-0.0071601589600437,-0.0003628530143549,-0.0011896183056459,0.0
2026-08-27,771.0999755859375,132.2899932861328,78.41999816894531,94.44000244140624,54.900001525878906,67.61000061035156,3.346,0.0065527861112515,0.0052430634545292,-0.0073417953298061,0.0015908529475281,-0.0036297087800487,0.0065505799225951,0.0005980861244019
2026-08-28,769.3499755859375,127.9800033569336,76.44999694824219,92.3000030517578,55.22999954223633,67.13999938964844,,-0.0022694852229377,-0.0325798635417348,-0.0251211587184562,-0.022659882828531,0.00601089266276,-0.0069516523659247,
